answer,lat,lng,submitted,pid,born,age,gender,uni,lid,location,county,area,region
1,57.66211662490695,-2.7556951121456823,1655113294,205,2008,14,Male,N,59,Banff,Aberdeenshire,AB45,"North East (Aberdeen)"
1,57.65818400136187,-2.81138750193722,1655291156,246,2008,14,Male,School,90,Buckie,Moray,AB56,"North East (Aberdeen)"
1,0,0,1655977864,65,1986,36,Female,Y,264,"Slateford, Edinburgh",Edinburgh,"Edinburgh Central","Lothian (Edinburgh)"
1,55.63251500498079,-4.56902839028924,1664880477,1236,1961,61,Female,Y,837,"Kilmarnock (north: Onthank, Townholm, Altonhill, Longpark, Beansburn, New Farm Loch, Knockinlaw, Hillhead, Crookedholm)","East Ayrshire",KA3,Ayrshire
1,57.62610343342335,-4.140537892799823,1664890749,1611,1980,42,Male,Y,700,Fortrose,Highland,IV10,"Highlands (Inverness)"
1,57.83880490633182,-6.926024054268809,1664977021,3059,2002,20,Female,Y,689,"Isle of Harris","Western Isles (excluding Leverburgh and Rodel areas)",HS3,"Western Isles"
1,55.647072080502156,-2.47412059594903,1664986885,2868,1977,45,Female,Y,1451,Kelso,"Scottish Borders",TD5,Borders
1,55.96769657707047,-3.223354510390574,1664993450,3670,1968,54,Male,Y,287,"Corstorphine, Edinburgh",Edinburgh,"Edinburgh North","Lothian (Edinburgh)"
1,55.940405788516635,-3.225758210830232,1665010372,4295,1967,55,Female,Y,270,"Meadows and Southside, Edinburgh",Edinburgh,"Edinburgh Central","Lothian (Edinburgh)"
1,56.46005281515476,-3.041350420169148,1665054381,4647,2004,18,Other,Y,260,"City centre, Dundee",Dundee,"Dundee West","Tayside and Angus (Dundee)"
1,56.06812784123749,-4.3987171518647665,1665075840,4761,1967,55,Female,N,499,Killearn,Stirlingshire,G63,"Stirling and Falkirk"
1,57.19870213260969,-2.0940091712739046,1665137186,5190,2007,15,Other,School,113,"Bridge of Don, Aberdeen",Aberdeen,"Aberdeen North","North East (Aberdeen)"
1,57.15622265858201,-2.1731652326065585,1665137399,5195,2006,16,Male,School,103,"Woodside, Aberdeen",Aberdeen,"Aberdeen Central","North East (Aberdeen)"
1,57.17333579450047,-2.088822884900818,1665138176,5194,2006,16,Male,N,104,"Tillydrone, Aberdeen",Aberdeen,"Aberdeen Central","North East (Aberdeen)"
1,55.83806176985298,-4.797748220825219,1667215703,6034,2007,15,Male,School,842,Largs,"North Ayrshire",KA30,Ayrshire
1,55.967979490378035,-3.212524936372157,1675696137,6214,2009,14,Female,School,292,"Craigleith, Edinburgh",Edinburgh,"Edinburgh North","Lothian (Edinburgh)"
1,55.85913146796562,-4.111353971359605,1678106966,6318,1939,84,Other,School,603,"Carntyne, Glasgow",Glasgow,"Glasgow Northeast",Glasgow
1,56.20218541759533,-3.105414362605102,1679057447,6377,2008,15,Male,School,1133,"Glenrothes (centre and east: Pitteuchar, Finglassie, Stenton, Auchmuty, Pitcoudie, Balfarg, Pircairn, Collydean)",Fife,KY7,Fife
1,56.453490279096336,-3.000665505095325,1679677252,6418,1998,25,Female,Y,261,"Westend, Dundee",Dundee,"Dundee West","Tayside and Angus (Dundee)"
1,55.783100271358045,-4.275385858928686,1680010104,6425,2007,16,Male,School,645,Clarkston,"East Renfrewshire","Glasgow South",Glasgow
1,55.81827119204291,-4.319831141718896,1680010195,6425,2007,16,Male,School,645,Clarkston,"East Renfrewshire","Glasgow South",Glasgow
1,55.80665226108263,-4.343109614729699,1686577291,6509,2007,16,Male,N,682,"Darnley, Glasgow",Glasgow,"Glasgow Southwest",Glasgow
1,55.832073945520996,-4.1163638171961825,1686594101,6537,2008,15,Female,School,615,"Bridgeton, Glasgow",Glasgow,"Glasgow Northeast",Glasgow
1,55.87442544631926,-4.228192833000018,1686921787,6559,2007,16,Female,School,623,"Shettleston, Glasgow",Glasgow,"Glasgow Northeast",Glasgow
1,55.78393173958412,-4.10799933151599,1695208702,6602,2010,13,Female,School,529,Cambuslang,"South Lanarkshire",G72,Glasgow
1,55.88686417534262,-3.627640853053892,1703979050,6704,1999,24,Female,Y,368,Bathgate,"West Lothian",EH48,"Lothian (Edinburgh)"
1,55.8351622544769,-3.3851568300234436,1708450415,6788,2005,19,Male,Y,314,"Morningside, Edinburgh",Edinburgh,"Edinburgh South","Lothian (Edinburgh)"
1,56.460761384096024,-2.9919462062372806,1733782881,7152,1949,75,Male,Y,245,"Law, Dundee",Dundee,"Dundee Central","Tayside and Angus (Dundee)"
1,57.77283661789381,-4.229025175487024,1739445225,7298,2012,13,Male,School,708,Invergordon,Highland,IV18,"Highlands (Inverness)"
1,57.83083630858021,-4.510032442718496,1739445236,7304,2011,14,Female,School,707,Alness,Highland,IV17,"Highlands (Inverness)"
1,57.71272625867916,-4.2329279739736485,1739451266,7285,2010,15,Female,School,708,Invergordon,Highland,IV18,"Highlands (Inverness)"
1,57.77383099345598,-4.195363522106913,1739452264,7317,2010,15,Male,School,708,Invergordon,Highland,IV18,"Highlands (Inverness)"
1,57.525456862934185,-6.5102058782960714,1740180246,7323,1956,69,Female,Y,768,"Dunvegan, Isle of Skye",Highland,IV55,"Highlands (Inverness)"
1,55.9493983136019,-3.279681597094469,1760962679,7412,2004,21,Female,Y,287,"Corstorphine, Edinburgh",Edinburgh,"Edinburgh North","Lothian (Edinburgh)"
1,55.80795792094753,-4.5027824094527675,1770197189,7501,2011,15,Other,School,1236,"Paisley (south: Blackhall, Castlehead, Dykebar, Foxbar, Hunterhill, Meikleriggs)",Renfrewshire,PA2,Glasgow
1,55.8514187536523,-4.394956562394922,1770211203,7497,2011,15,Female,School,1221,Ralston,Renfrewshire,PA1,Glasgow
2,56.269138688318556,-4.008877160541018,1653845526,19,1949,73,Female,Y,406,Kinbuck,Stirlingshire,FK15,"Stirling and Falkirk"
2,56.792520954410456,-3.049132096608443,1653847253,21,1952,70,Female,Y,181,Kirriemuir,Angus,DD8,"Tayside and Angus (Dundee)"
2,57.611441995596834,-3.25105946520308,1653928775,132,1958,64,Male,Y,737,Elgin,Moray,IV30,"North East (Aberdeen)"
2,0,0,1654514709,65,1986,36,Female,Y,264,"Slateford, Edinburgh",Edinburgh,"Edinburgh Central","Lothian (Edinburgh)"
2,0,0,1654767611,65,1986,36,Female,Y,264,"Slateford, Edinburgh",Edinburgh,"Edinburgh Central","Lothian (Edinburgh)"
2,0,0,1654768020,65,1986,36,Female,Y,264,"Slateford, Edinburgh",Edinburgh,"Edinburgh Central","Lothian (Edinburgh)"
2,57.61810683869168,-2.9115403157710036,1655291159,252,2007,15,Other,N,90,Buckie,Moray,AB56,"North East (Aberdeen)"
2,57.60598605417553,-2.8250380004959226,1655300346,296,2006,16,Female,School,90,Buckie,Moray,AB56,"North East (Aberdeen)"
2,60.51505592309892,-1.4420519854115692,1663161889,365,2008,14,Male,School,1607,Sullom,"Shetland Isles",ZE2,"Shetland Islands"
2,60.208951181101384,-1.4408071859161218,1663162555,356,2008,14,Male,School,1621,Vidlin,"Shetland Isles",ZE2,"Shetland Islands"
2,60.47967121789252,-1.355874853438026,1663162685,365,2008,14,Male,School,1607,Sullom,"Shetland Isles",ZE2,"Shetland Islands"
2,56.213336484843005,-3.231846246431929,1663172839,369,1967,55,Male,Y,1129,"Glenrothes (west: Caskieberran, Rimbleton, Macedonia, Tanshall)",Fife,KY6,Fife
2,55.95341562833809,-3.2711313425244346,1663177881,382,1993,29,Female,Y,287,"Corstorphine, Edinburgh",Edinburgh,"Edinburgh North","Lothian (Edinburgh)"
2,55.84454234339062,-4.256688032319619,1663181444,395,1993,29,Female,Y,678,"Cardonald, Glasgow",Glasgow,"Glasgow Southwest",Glasgow
2,56.684268485554185,-2.788867016760417,1663184586,404,1990,32,Female,Y,179,Forfar,Angus,DD8,"Tayside and Angus (Dundee)"
2,55.85168907814588,-4.321983609818841,1663225171,413,1991,31,Female,Y,675,"Penilee, Glasgow",Glasgow,"Glasgow Southwest",Glasgow
2,55.83908132193932,-3.3574646211231833,1663232456,415,1987,35,Male,Y,319,"Blackford, Edinburgh",Edinburgh,"Edinburgh South","Lothian (Edinburgh)"
2,55.839262152718874,-4.314024012823625,1663689003,432,1986,36,Male,N,651,"Cathcart, Glasgow",Glasgow,"Glasgow South",Glasgow
2,55.75690022406477,-4.4463616090691565,1663845317,436,1984,38,Male,Y,540,Barrhead,"East Renfrewshire",G78,Glasgow
2,55.79737908103636,-4.324190884593616,1664778698,454,1955,67,Male,Y,648,"Shawlands, Glasgow",Glasgow,"Glasgow South",Glasgow
2,55.89329843694711,-3.2540284379512197,1664789837,468,1975,47,Female,Y,311,"Currie, Edinburgh",Edinburgh,"Edinburgh South","Lothian (Edinburgh)"
2,55.824988139955074,-4.244907661845094,1664795737,512,1941,81,Female,N,656,"Croftfoot, Glasgow",Glasgow,"Glasgow South",Glasgow
2,55.906102221117635,-3.298462173692161,1664801772,514,1973,49,Female,Y,308,"Liberton, Edinburgh",Edinburgh,"Edinburgh South","Lothian (Edinburgh)"
2,56.62009574578672,-2.583655185787271,1664803332,560,1968,54,Female,N,141,Arbroath,Angus,DD11,"Tayside and Angus (Dundee)"
2,55.39952482044086,-4.764817955244174,1664806638,592,1959,63,Female,Y,856,"Ayr (Centre)","South Ayrshire",KA7,Ayrshire
2,55.93077609457984,-4.225022089290214,1664807316,569,1970,52,Female,Y,502,Bishopbriggs,"East Dunbartonshire",G64,Glasgow
2,56.479063560963084,-2.9816265121263283,1664810212,610,1956,66,Female,Y,234,"Baxter Park, Dundee",Dundee,"Dundee Bluebelt","Tayside and Angus (Dundee)"
2,55.948084460677734,-3.093616560189057,1664816471,650,1993,29,Male,Y,281,"Portobello, Edinburgh",Edinburgh,"Edinburgh Duddingston","Lothian (Edinburgh)"
2,56.06411015056294,-4.677749415318409,1664819162,676,1994,28,Female,Y,553,Arrochar,"Argyll and Bute",G83,"Argyll and Bute"
2,55.83737897564661,-4.375303258319252,1664819279,680,2004,18,Female,Y,1236,"Paisley (south: Blackhall, Castlehead, Dykebar, Foxbar, Hunterhill, Meikleriggs)",Renfrewshire,PA2,Glasgow
2,57.00868405696005,-2.8579510617766273,1664821420,693,2001,21,Female,School,33,Aboyne,Aberdeenshire,AB34,"North East (Aberdeen)"
2,55.84273671661732,-4.273101441965159,1664822203,708,1958,64,Female,Y,658,"Giffnock, Glasgow",Glasgow,"Glasgow South",Glasgow
2,56.48812924821318,-2.811606647155973,1664822298,709,1994,28,Female,Y,248,"Barnhill, Dundee",Dundee,"Dundee East","Tayside and Angus (Dundee)"
2,55.86497016614424,-4.05513694367511,1664822416,696,1987,35,Female,Y,1189,Coatbridge,"North Lanarkshire",ML5,Glasgow
2,57.47483629235564,-2.5500527170680503,1664822915,713,1971,51,Female,Y,78,Turriff,Aberdeenshire,AB53,"North East (Aberdeen)"
2,55.79405456797229,-4.307717281944141,1664823012,708,1958,64,Female,Y,658,"Giffnock, Glasgow",Glasgow,"Glasgow South",Glasgow
2,57.5711957170821,-4.555630367848455,1664823688,714,2004,18,Female,Y,704,Strathpeffer,Highland,IV14,"Highlands (Inverness)"
2,57.37999187496688,-3.6054259977510235,1664824283,719,1977,45,Female,Y,1371,Grantown-On-Spey,Highland,PH26,"Highlands (Inverness)"
2,57.36643459842107,-4.215917004612198,1664824774,723,2004,18,Female,Y,714,"Inverness (east: Culcabock, Crown, Culduthel, Drummond, Haugh, Hilton, Holm, Lochardil, Millburn, Raigmore)",Highland,IV2,"Highlands (Inverness)"
2,55.870395949347525,-3.3374913952279397,1664825945,730,1999,23,Female,Y,314,"Morningside, Edinburgh",Edinburgh,"Edinburgh South","Lothian (Edinburgh)"
2,56.061605447933765,-2.797226511923467,1664826670,733,2003,19,Female,Y,355,"North Berwick","East Lothian",EH39,"Lothian (Edinburgh)"
2,56.642859965255596,-2.545489866711592,1664829857,750,1997,25,Female,Y,141,Arbroath,Angus,DD11,"Tayside and Angus (Dundee)"
2,57.62876456997398,-5.68864783198967,1664832768,770,1976,46,Female,Y,719,Gairloch,Highland,IV21,"Highlands (Inverness)"
2,56.47098998117431,-2.94479077024004,1664865308,806,1956,66,Female,Y,234,"Baxter Park, Dundee",Dundee,"Dundee Bluebelt","Tayside and Angus (Dundee)"
2,55.86582880057948,-4.330778238065868,1664868356,816,1954,68,Male,N,672,"Govan, Glasgow",Glasgow,"Glasgow Southwest",Glasgow
2,57.17430001466146,-2.081197710384285,1664871057,827,1947,75,Female,Y,107,"Rosemount, Aberdeen",Aberdeen,"Aberdeen Central","North East (Aberdeen)"
2,56.463211908611946,-3.0157722128334172,1664871506,872,1986,36,Male,Y,261,"Westend, Dundee",Dundee,"Dundee West","Tayside and Angus (Dundee)"
2,55.92618199992335,-4.237951831243316,1664872067,862,1964,58,Female,Y,502,Bishopbriggs,"East Dunbartonshire",G64,Glasgow
2,56.14423740486967,-3.521356323458733,1664872233,891,1992,30,Female,Y,1096,"Dunfermline (centre, north, west: Abbey Parks, Lady's Mill, Garvock, Headwell, Kingseathill, Wellwood, Milesmark, Baldridge, Pittencrieff, Baldridgeburn)",Fife,KY12,Fife
2,55.873852711021875,-4.44932249498237,1664873040,890,1961,61,Male,N,1264,Renfrew,Renfrewshire,PA4,Glasgow
2,55.70180194467706,-4.002237049869693,1664873947,935,1973,49,Female,Y,1160,Strathaven,"North Lanarkshire",ML10,Glasgow
2,55.8864412608312,-4.413360363903131,1664874179,929,1989,33,Female,Y,1264,Renfrew,Renfrewshire,PA4,Glasgow
2,56.47105988945398,-2.853372851852739,1664875207,982,1989,33,Female,Y,247,"Broughty Ferry, Dundee",Dundee,"Dundee East","Tayside and Angus (Dundee)"
2,57.17677243448765,-2.2348819189656304,1664875373,973,1989,33,Female,Y,113,"Bridge of Don, Aberdeen",Aberdeen,"Aberdeen North","North East (Aberdeen)"
2,56.065617964946796,-3.750042341085162,1664875638,959,1999,23,Female,Y,420,Carron,Falkirk,FK2,"Stirling and Falkirk"
2,55.89258577456074,-3.305431137868633,1664875680,985,1972,50,Male,Y,311,"Currie, Edinburgh",Edinburgh,"Edinburgh South","Lothian (Edinburgh)"
2,58.09262328619675,-3.9939788912024876,1664875834,988,1998,24,Male,Y,1071,Brora,Highland,KW9,"Highlands (Inverness)"
2,57.460102180667995,-2.9051264787146702,1664876519,1050,1953,69,Male,Y,83,Huntly,Aberdeenshire,AB54,"North East (Aberdeen)"
2,55.86782139779705,-3.097527114494396,1664876550,1010,1997,25,Male,Y,328,Bonnyrigg,Midlothian,EH19,"Lothian (Edinburgh)"
2,57.36884060293033,-4.211767586513014,1664876635,936,1976,46,Male,Y,713,Culloden,Highland,IV2,"Highlands (Inverness)"
2,55.934393354311496,-4.237215819103946,1664877010,861,1990,32,Male,Y,503,Torrance,"East Dunbartonshire",G64,Glasgow
2,57.52032492286923,-4.014394204153648,1664877041,954,1996,26,Male,Y,714,"Inverness (east: Culcabock, Crown, Culduthel, Drummond, Haugh, Hilton, Holm, Lochardil, Millburn, Raigmore)",Highland,IV2,"Highlands (Inverness)"
2,56.59682137388923,-3.9315174636046244,1664877198,1092,1992,30,Female,Y,1327,Aberfeldy,"Perth and Kinross",PH15,Fife
2,55.76434110436112,-4.1551842319143155,1664878114,1146,1957,65,Female,Y,530,"East Kilbride (north: The Village, East Mains, West Mains, Lymekilns, St Leonards, Calderwood, Nerston, Stewartfield, Peel Park)","South Lanarkshire",G74,Glasgow
2,57.70579531908372,-3.977827378712914,1664878362,1137,1983,39,Female,Y,711,Tain,Highland,IV19,"Highlands (Inverness)"
2,55.767425147773096,-4.193773703387031,1664879624,1220,1968,54,Male,Y,530,"East Kilbride (north: The Village, East Mains, West Mains, Lymekilns, St Leonards, Calderwood, Nerston, Stewartfield, Peel Park)","South Lanarkshire",G74,Glasgow
2,57.20945371220922,-2.2297509892968685,1664879670,1214,1981,41,Female,Y,112,"Dyce, Aberdeen",Aberdeen,"Aberdeen North","North East (Aberdeen)"
2,57.778517738549915,-4.204687669399411,1664879733,1218,1970,52,Female,Y,708,Invergordon,Highland,IV18,"Highlands (Inverness)"
2,55.91149106405178,-3.1364617440160525,1664879944,1199,1971,51,Female,N,322,"Gilmerton, Edinburgh",Edinburgh,"Edinburgh Southeast","Lothian (Edinburgh)"
2,56.47104002394065,-2.911850212203531,1664880582,842,1968,54,Female,N,250,"Downfield, Dundee",Dundee,"Dundee North","Tayside and Angus (Dundee)"
2,57.14289024206297,-2.2585364209681735,1664880746,1265,1960,62,Female,Y,112,"Dyce, Aberdeen",Aberdeen,"Aberdeen North","North East (Aberdeen)"
2,55.80220653041541,-3.9500218288143327,1664880934,1278,1997,25,Female,Y,1151,Motherwell,"North Lanarkshire",ML1,Glasgow
2,57.49233571450097,-1.9896152567513987,1664881715,1306,1996,26,Female,Y,54,Peterhead,Aberdeenshire,AB42,"North East (Aberdeen)"
2,58.21731216201195,-6.372798803786837,1664882163,1316,1997,25,Male,Y,686,"Stornoway, Isle of Lewis","Western Isles",HS1,"Western Isles"
2,56.48478518087329,-2.971007027753001,1664882232,1255,1987,35,Female,Y,234,"Baxter Park, Dundee",Dundee,"Dundee Bluebelt","Tayside and Angus (Dundee)"
2,55.947120025056805,-3.231946535661088,1664885286,1428,1977,45,Female,Y,297,"Blackhall, Edinburgh",Edinburgh,"Edinburgh North","Lothian (Edinburgh)"
2,55.95683573821581,-3.16280466631877,1664885501,1439,1988,34,Other,Y,292,"Craigleith, Edinburgh",Edinburgh,"Edinburgh North","Lothian (Edinburgh)"
2,56.47244826047179,-2.9911276276164616,1664886821,1479,1968,54,Male,Y,237,"Blackness, Dundee",Dundee,"Dundee Central","Tayside and Angus (Dundee)"
2,55.840229617077945,-4.591029173947858,1664887277,1514,1969,53,Female,Y,1222,Kilbarchan,Renfrewshire,PA10,Glasgow
2,57.20763551881696,-7.318756368370249,1664887448,1023,1978,44,Female,Y,695,"Isle of South Uist","Western Isles",HS8,"Western Isles"
2,55.87858837148363,-4.333644322678348,1664887822,1525,1957,65,Female,Y,641,"Knightswood, Glasgow",Glasgow,"Glasgow Northwest",Glasgow
2,55.91040561540668,-3.347388060837817,1664888932,1569,1973,49,Female,Y,315,"Fairmilehead, Edinburgh",Edinburgh,"Edinburgh South","Lothian (Edinburgh)"
2,57.269469430405096,-4.284056973102438,1664889730,1405,1983,39,Male,N,714,"Inverness (east: Culcabock, Crown, Culduthel, Drummond, Haugh, Hilton, Holm, Lochardil, Millburn, Raigmore)",Highland,IV2,"Highlands (Inverness)"
2,55.78426469281237,-3.873455641557391,1664890688,1596,1962,60,Female,Y,1180,Wishaw,"North Lanarkshire",ML2,Glasgow
2,55.934967020386196,-3.2625074760336386,1664892156,1635,1958,64,Female,Y,272,"New Town, Edinburgh",Edinburgh,"Edinburgh Central","Lothian (Edinburgh)"
2,57.30441040526844,-5.637494026456768,1664892566,1670,1948,74,Male,N,765,Plockton,Highland,IV52,"Highlands (Inverness)"
2,56.459370876722105,-3.0392328174240713,1664893571,1687,1978,44,Female,Y,261,"Westend, Dundee",Dundee,"Dundee West","Tayside and Angus (Dundee)"
2,55.9284984372548,-4.368681724215625,1664893868,1690,1973,49,Female,Y,488,Bearsden,"East Dunbartonshire",G61,Glasgow
2,57.45929564054413,-6.704104028405117,1664893988,1701,1994,28,Female,Y,768,"Dunvegan, Isle of Skye",Highland,IV55,"Highlands (Inverness)"
2,56.06965215608449,-5.398018151133409,1664894709,1640,1991,31,Male,Y,1254,Lochgilphead,"Argyll and Bute",PA31,"Argyll and Bute"
2,56.36740078674791,-5.210035294443301,1664894818,1716,1985,37,Female,Y,1257,Oban,"Argyll and Bute",PA34,"Argyll and Bute"
2,56.382407576979496,-3.7053389536993793,1664894825,1686,1965,57,Female,N,1402,Crieff,"Perth and Kinross",PH7,Fife
2,55.823241386234685,-4.2185855713131994,1664895113,1721,1970,52,Female,Y,653,"Netherlee, Glasgow",Glasgow,"Glasgow South",Glasgow
2,56.70654446347808,-3.8449272138978126,1664895541,1723,1957,65,Male,Y,1329,Pitlochry,"Perth and Kinross",PH16,Fife
2,55.82203896990474,-4.146312933990656,1664896075,1745,1972,50,Female,Y,529,Cambuslang,"South Lanarkshire",G72,Glasgow
2,57.60361006531366,-4.488059472177918,1664897259,1778,1990,32,Male,Y,705,Dingwall,Highland,IV15,"Highlands (Inverness)"
2,55.92560466318784,-4.349627108683983,1664897818,1783,1992,30,Female,Y,488,Bearsden,"East Dunbartonshire",G61,Glasgow
2,57.31404768001797,-4.414136861408385,1664898220,1791,1985,37,Male,Y,714,"Inverness (east: Culcabock, Crown, Culduthel, Drummond, Haugh, Hilton, Holm, Lochardil, Millburn, Raigmore)",Highland,IV2,"Highlands (Inverness)"
2,55.804742030827,-4.344628312296724,1664898672,1821,1955,67,Male,Y,662,"Battlefield, Glasgow",Glasgow,"Glasgow Southwest",Glasgow
2,56.24554891425874,-3.5826104376299037,1664898765,1823,1988,34,Male,Y,1098,Kinross,"Perth and Kinross",KY13,Fife
2,55.943213080874926,-3.220479820232884,1664898875,1780,1968,54,Female,N,268,"Stenhouse, Edinburgh",Edinburgh,"Edinburgh Central","Lothian (Edinburgh)"
2,55.846546532172475,-4.408895325213633,1664901373,1875,1986,36,Male,N,1220,"Paisley (central, east and north east: Ferguslie, Oldhall, Seedhill, Williamsburgh, Whitehaugh)",Renfrewshire,PA1,Glasgow
2,58.55414842146198,-3.986258984507262,1664901704,1884,1983,39,Male,Y,961,Thurso,Highland,KW14,"Highlands (Inverness)"
2,55.635123513250896,-4.2488274757855535,1664902021,1811,1971,51,Female,Y,796,Darvel,"East Ayrshire",KA17,Ayrshire
2,55.80585166167453,-4.278667196201649,1664902480,536,1956,66,Female,Y,647,"Pollokshields, Glasgow",Glasgow,"Glasgow South",Glasgow
2,57.55265013800721,-3.987936217189671,1664903046,1915,1992,30,Male,Y,714,"Inverness (east: Culcabock, Crown, Culduthel, Drummond, Haugh, Hilton, Holm, Lochardil, Millburn, Raigmore)",Highland,IV2,"Highlands (Inverness)"
2,56.41511872544893,-5.4102439032503185,1664903369,1938,1990,32,Female,N,1257,Oban,"Argyll and Bute",PA34,"Argyll and Bute"
2,55.45971109849694,-4.602447383558999,1664903486,1940,1950,72,Female,Y,868,"Newton on Ayr","South Ayrshire",KA8,Ayrshire
2,56.462247536891994,-3.0513408732850893,1664903816,1941,1957,65,Female,N,260,"City centre, Dundee",Dundee,"Dundee West","Tayside and Angus (Dundee)"
2,55.931591199933216,-4.858803447925017,1664904700,1958,1966,56,Female,Y,1235,Gourock,Inverclyde,PA19,Glasgow
2,55.881385493494875,-4.592901441408513,1664905705,1910,1957,65,Male,Y,1227,Kilmacolm,Inverclyde,PA13,Glasgow
2,56.83698145663268,-2.536474255814794,1664906285,1988,1959,63,Male,Y,18,Laurencekirk,Aberdeenshire,AB30,"North East (Aberdeen)"
2,56.473734750578785,-2.744938040040647,1664906611,2003,1980,42,Female,Y,178,Carnoustie,Angus,DD7,"Tayside and Angus (Dundee)"
2,57.10400023597091,-2.3236719084520363,1664906784,1998,1991,31,Male,Y,134,"Cults, Aberdeen",Aberdeen,"Aberdeen Southwest","North East (Aberdeen)"
2,55.84128837683917,-2.9326978133293364,1664907554,1994,1980,42,Male,Y,353,Pathhead,Midlothian,EH37,"Lothian (Edinburgh)"
2,55.757661335457286,-4.231520004029438,1664908088,2030,1958,64,Female,N,530,"East Kilbride (north: The Village, East Mains, West Mains, Lymekilns, St Leonards, Calderwood, Nerston, Stewartfield, Peel Park)","South Lanarkshire",G74,Glasgow
2,57.72115276886088,-4.708568764990392,1664908106,2028,1955,67,Female,N,721,Garve,Highland,IV23,"Highlands (Inverness)"
2,55.861413097846146,-3.4700190108811064,1664908203,2051,1976,46,Female,Y,373,"Mid Calder","West Lothian",EH53,"Lothian (Edinburgh)"
2,56.28247566051818,-5.513462960049551,1664909030,2063,1968,54,Female,Y,1257,Oban,"Argyll and Bute",PA34,"Argyll and Bute"
2,55.82453064408468,-3.376868735722525,1664910683,2109,1972,50,Female,Y,312,"Juniper Green, Edinburgh",Edinburgh,"Edinburgh South","Lothian (Edinburgh)"
2,57.28069266826692,-2.013342152315139,1664910956,2101,1992,30,Female,Y,109,"Hazelhead, Aberdeen",Aberdeen,"Aberdeen North","North East (Aberdeen)"
2,58.07072906847121,-3.9070589908530597,1664911456,2127,1955,67,Female,Y,1071,Brora,Highland,KW9,"Highlands (Inverness)"
2,56.808436472607376,-3.004983693953303,1664912233,2133,1986,36,Male,Y,181,Kirriemuir,Angus,DD8,"Tayside and Angus (Dundee)"
2,56.72600793066261,-2.532658142713408,1664912745,2155,1985,37,Female,Y,140,Montrose,Angus,DD10,"Tayside and Angus (Dundee)"
2,57.3654787557085,-4.31413854708486,1664913071,1405,1983,39,Male,N,714,"Inverness (east: Culcabock, Crown, Culduthel, Drummond, Haugh, Hilton, Holm, Lochardil, Millburn, Raigmore)",Highland,IV2,"Highlands (Inverness)"
2,56.52617587136792,-2.673325322579604,1664913084,2166,1963,59,Female,Y,178,Carnoustie,Angus,DD7,"Tayside and Angus (Dundee)"
2,56.04722482924618,-3.482222892643549,1664913507,2158,1992,30,Female,Y,1088,Charlestown,Fife,KY11,Fife
2,57.4107781925776,-4.36952645629284,1664913784,2177,1991,31,Male,Y,736,"Inverness (west: Ballifeary, Balnafettack, Clachnaharry, Dalneigh, Kinmylies, Leachkin, Merkinch, Muirtown, South Kessock)",Highland,IV3,"Highlands (Inverness)"
2,56.00631417862447,-5.107140635310246,1664914022,2172,1951,71,Male,Y,1241,Dunoon,"Argyll and Bute",PA23,"Argyll and Bute"
2,57.843390007018755,-4.710906985776692,1664914359,2189,2003,19,Male,N,723,"Bonar Bridge",Highland,IV24,"Highlands (Inverness)"
2,55.759812867164214,-4.260737236712084,1664914704,2179,1974,48,Female,Y,530,"East Kilbride (north: The Village, East Mains, West Mains, Lymekilns, St Leonards, Calderwood, Nerston, Stewartfield, Peel Park)","South Lanarkshire",G74,Glasgow
2,55.42035165149144,-4.6501638820708555,1664915992,2237,1962,60,Female,Y,856,"Ayr (Centre)","South Ayrshire",KA7,Ayrshire
2,56.77171251509436,-5.657338458325288,1664916258,2221,1995,27,Male,Y,1383,Glenfinnan,Highland,PH37,"Highlands (Inverness)"
2,55.83012887250063,-4.393271179880449,1664917733,2258,1956,66,Male,Y,1236,"Paisley (south: Blackhall, Castlehead, Dykebar, Foxbar, Hunterhill, Meikleriggs)",Renfrewshire,PA2,Glasgow
2,58.5024420608954,-4.064148036948367,1664917953,2252,1955,67,Female,Y,924,Achina,Highland,KW14,"Highlands (Inverness)"
2,55.842153722683356,-4.304502008136743,1664918172,2292,1985,37,Female,N,645,Clarkston,"East Renfrewshire","Glasgow South",Glasgow
2,57.24023672829049,-4.507249232156528,1664918994,2299,1987,35,Male,Y,713,Culloden,Highland,IV2,"Highlands (Inverness)"
2,55.82888388600651,-4.513379351607717,1664920065,2311,1969,53,Female,Y,1276,Johnstone,Renfrewshire,PA5,Glasgow
2,55.917097604792644,-5.1700427414750205,1664920990,2350,1981,41,Female,Y,1237,"Isle of Bute","Argyll and Bute",PA20,"Argyll and Bute"
2,58.083784677569895,-3.9204109843031247,1664923254,2388,1968,54,Male,Y,1071,Brora,Highland,KW9,"Highlands (Inverness)"
2,55.92340324171246,-3.0644820426039407,1664923980,2402,2001,21,Female,Y,330,Musselburgh,"East Lothian",EH21,"Lothian (Edinburgh)"
2,55.003883479321615,-3.4537455478443295,1664928640,2424,1997,25,Male,Y,186,"Dumfries (centre and east: Dalscone, Georgetown, Heathhall, Kingholm Quay, Noblehill, The Crichton)","Dumfries and Galloway",DG1,"Dumfries and Galloway"
2,56.494283941155025,-2.9395736977872153,1664931586,2427,1947,75,Female,N,254,"Douglas, Dundee",Dundee,"Dundee North","Tayside and Angus (Dundee)"
2,56.81319330094197,-2.9549924282116162,1664947447,2447,1994,28,Female,Y,181,Kirriemuir,Angus,DD8,"Tayside and Angus (Dundee)"
2,56.98321776420914,-2.347554410651165,1664949811,2457,1976,46,Female,Y,48,Stonehaven,Aberdeenshire,AB39,"North East (Aberdeen)"
2,58.174261411030095,-4.642161632000492,1664950659,2456,1961,61,Female,N,731,Tongue,Highland,IV27,"Highlands (Inverness)"
2,56.47542177617056,-2.9927611014892177,1664954011,2481,1962,60,Male,Y,234,"Baxter Park, Dundee",Dundee,"Dundee Bluebelt","Tayside and Angus (Dundee)"
2,55.86960495995553,-4.445577892712594,1664959772,2534,1962,60,Male,Y,1249,"Paisley (north west: Ferguslie Park, Gallowhill, Gockston, Shortroods, )",Renfrewshire,PA3,Glasgow
2,57.423330400306966,-4.088834807241055,1664966312,2608,1976,46,Male,Y,713,Culloden,Highland,IV2,"Highlands (Inverness)"
2,57.478489495657875,-4.1193643209511785,1664968506,2581,1980,42,Female,Y,714,"Inverness (east: Culcabock, Crown, Culduthel, Drummond, Haugh, Hilton, Holm, Lochardil, Millburn, Raigmore)",Highland,IV2,"Highlands (Inverness)"
2,55.7727333073872,-4.237260198078077,1664968527,2465,1953,69,Female,N,530,"East Kilbride (north: The Village, East Mains, West Mains, Lymekilns, St Leonards, Calderwood, Nerston, Stewartfield, Peel Park)","South Lanarkshire",G74,Glasgow
2,55.68692052944975,-3.7695853390956033,1664969840,2670,1987,35,Female,Y,1167,Lanark,"South Lanarkshire",ML11,Glasgow
2,55.83065560777896,-3.361700068717902,1664970087,2699,1978,44,Male,Y,314,"Morningside, Edinburgh",Edinburgh,"Edinburgh South","Lothian (Edinburgh)"
2,55.82832578971523,-3.8943984446504873,1664970396,2695,1958,64,Female,N,1151,Motherwell,"North Lanarkshire",ML1,Glasgow
2,55.76353233826459,-4.225795592048481,1664971075,2749,1971,51,Female,Y,530,"East Kilbride (north: The Village, East Mains, West Mains, Lymekilns, St Leonards, Calderwood, Nerston, Stewartfield, Peel Park)","South Lanarkshire",G74,Glasgow
2,56.52162116565886,-5.486458603151261,1664971159,2756,1993,29,Other,Y,1257,Oban,"Argyll and Bute",PA34,"Argyll and Bute"
2,55.90780692218847,-4.322782800759733,1664971315,2764,1964,58,Male,Y,488,Bearsden,"East Dunbartonshire",G61,Glasgow
2,55.86238243451024,-3.3365002165407556,1664971428,2780,1972,50,Female,Y,315,"Fairmilehead, Edinburgh",Edinburgh,"Edinburgh South","Lothian (Edinburgh)"
2,55.01918534307409,-3.481206993841312,1664971747,2773,1957,65,Female,Y,186,"Dumfries (centre and east: Dalscone, Georgetown, Heathhall, Kingholm Quay, Noblehill, The Crichton)","Dumfries and Galloway",DG1,"Dumfries and Galloway"
2,55.533313024146146,-4.604240782115993,1664971751,2778,1992,30,Female,Y,873,Prestwick,"South Ayrshire",KA9,Ayrshire
2,55.89414320581449,-4.4288691882952556,1664971793,2811,1982,40,Female,Y,1306,Erskine,Renfrewshire,PA8,Glasgow
2,55.910555815319995,-4.241685312402635,1664972064,2817,1982,40,Male,Y,503,Torrance,"East Dunbartonshire",G64,Glasgow
2,55.842226152686145,-4.371301173899508,1664972448,2849,1968,54,Male,Y,1220,"Paisley (central, east and north east: Ferguslie, Oldhall, Seedhill, Williamsburgh, Whitehaugh)",Renfrewshire,PA1,Glasgow
2,56.521454587328634,-3.514364205889773,1664972689,2805,1999,23,Female,Y,1309,Bankfoot,"Perth and Kinross",PH1,Fife
2,57.18673089535174,-2.2170752473795927,1664973082,2851,1997,25,Male,Y,112,"Dyce, Aberdeen",Aberdeen,"Aberdeen North","North East (Aberdeen)"
2,55.89884041668547,-2.695914390642199,1664973302,2885,1988,34,Female,Y,357,Haddington,"East Lothian",EH41,"Lothian (Edinburgh)"
2,56.46672026470686,-2.978155902709883,1664973794,2744,1993,29,Male,N,237,"Blackness, Dundee",Dundee,"Dundee Central","Tayside and Angus (Dundee)"
2,55.94846499684844,-3.0939894855062304,1664974078,2920,1989,33,Female,Y,283,"Craigentinny, Edinburgh",Edinburgh,"Edinburgh Duddingston","Lothian (Edinburgh)"
2,55.99227946663551,-4.209027192811713,1664974168,2909,1989,33,Male,Y,509,Lenzie,"East Dunbartonshire",G66,Glasgow
2,55.889511796040765,-3.234446776573006,1664974539,2943,1981,41,Male,Y,314,"Morningside, Edinburgh",Edinburgh,"Edinburgh South","Lothian (Edinburgh)"
2,55.923572823576364,-3.5522883125467204,1664974686,2942,1962,60,Female,Y,371,Broxburn,"West Lothian",EH52,"Lothian (Edinburgh)"
2,55.961520232922425,-4.24267777316587,1664974909,2963,1961,61,Female,Y,507,Kirkintilloch,"East Dunbartonshire",G66,Glasgow
2,56.66892551980045,-5.545113305437086,1664975343,2986,1997,25,Male,Y,1377,"Fort William",Highland,PH33,"Highlands (Inverness)"
2,55.89020357486961,-3.342275298287985,1664976141,2938,1991,31,Female,Y,314,"Morningside, Edinburgh",Edinburgh,"Edinburgh South","Lothian (Edinburgh)"
2,55.89489140271491,-4.565851223532595,1664976967,3046,1974,48,Female,Y,1278,Houston,Renfrewshire,PA6,Glasgow
2,57.61657219032124,-3.3424366954762688,1664978106,2784,1994,28,Other,Y,737,Elgin,Moray,IV30,"North East (Aberdeen)"
2,57.25836794594241,-3.7837439547984744,1664978810,3108,1992,30,Female,Y,1366,"Boat of Garten",Highland,PH24,"Highlands (Inverness)"
2,56.83779429553315,-5.325738556425817,1664979804,3144,1963,59,Male,Y,1377,"Fort William",Highland,PH33,"Highlands (Inverness)"
2,55.94591624391108,-3.2082511965897105,1664980570,3215,1986,36,Female,Y,288,"Murrayfield, Edinburgh",Edinburgh,"Edinburgh North","Lothian (Edinburgh)"
2,55.86785042463375,-4.311131003616856,1664980642,3189,1983,39,Female,Y,639,"Scotstoun, Glasgow",Glasgow,"Glasgow Northwest",Glasgow
2,57.434995544457585,-4.256207151645121,1664980898,3194,1980,42,Female,N,714,"Inverness (east: Culcabock, Crown, Culduthel, Drummond, Haugh, Hilton, Holm, Lochardil, Millburn, Raigmore)",Highland,IV2,"Highlands (Inverness)"
2,56.163722092807234,-4.001572130791736,1664981125,3208,1987,35,Female,Y,477,"Bridge of Allan",Stirlingshire,FK9,"Stirling and Falkirk"
2,55.844415112300524,-4.3082272447216665,1664981320,3203,1988,34,Female,Y,653,"Netherlee, Glasgow",Glasgow,"Glasgow South",Glasgow
2,56.06784505011844,-3.5006494293666046,1664981436,3042,1969,53,Male,Y,1096,"Dunfermline (centre, north, west: Abbey Parks, Lady's Mill, Garvock, Headwell, Kingseathill, Wellwood, Milesmark, Baldridge, Pittencrieff, Baldridgeburn)",Fife,KY12,Fife
2,55.23194623129411,-3.2261172067616535,1664981966,3248,1991,31,Male,Y,196,Lockerbie,"Dumfries and Galloway",DG11,"Dumfries and Galloway"
2,55.8385614183049,-4.364670381254445,1664982154,3235,1954,68,Male,Y,665,"Pollockshaws, Glasgow",Glasgow,"Glasgow Southwest",Glasgow
2,55.62710791959828,-2.649203371118949,1664982654,3275,1981,41,Other,Y,1442,Earlston,"Scottish Borders",TD4,Borders
2,55.946776493975655,-3.158688661143329,1664982981,3288,1985,37,Female,Y,281,"Portobello, Edinburgh",Edinburgh,"Edinburgh Duddingston","Lothian (Edinburgh)"
2,55.80299226060155,-4.106027612000333,1664983192,3294,1958,64,Female,N,529,Cambuslang,"South Lanarkshire",G72,Glasgow
2,56.490356102215166,-2.8041951534922895,1664983413,3292,1958,64,Female,Y,247,"Broughty Ferry, Dundee",Dundee,"Dundee East","Tayside and Angus (Dundee)"
2,55.5519377549507,-4.4756556259338005,1664984379,3366,1991,31,Female,Y,779,"Kilmarnock (centre and south: Bonnyton, Grange, Bellfield, Shortlees, Caprington, Riccarton, Hurlford)","East Ayrshire",KA1,Ayrshire
2,56.532141290394144,-3.373476942979513,1664984681,3346,1992,30,Female,Y,1353,Scone,"Perth and Kinross",PH2,Fife
2,57.46127203337674,-4.044404168362186,1664984734,2611,1969,53,Male,Y,714,"Inverness (east: Culcabock, Crown, Culduthel, Drummond, Haugh, Hilton, Holm, Lochardil, Millburn, Raigmore)",Highland,IV2,"Highlands (Inverness)"
2,55.550118413662965,-4.630918291694635,1664985425,3384,1992,30,Male,Y,784,Troon,"South Ayrshire",KA10,Ayrshire
2,55.86639126464753,-4.7519756879208925,1664986141,3413,1969,53,Male,Y,1227,Kilmacolm,Inverclyde,PA13,Glasgow
2,55.96137358599397,-4.280180894715952,1664986219,3424,1984,38,Female,Y,489,Milngavie,"East Dunbartonshire",G62,Glasgow
2,56.41282297134393,-3.1621570677343382,1664986329,3356,1976,46,Female,Y,1354,"Perth (south and east: Barnhill, Bridgend, Craigie, Kincarrathie, Upper Craigie)","Perth and Kinross",PH2,Fife
2,55.85158945513226,-3.386694658115054,1664986388,3410,1966,56,Female,Y,314,"Morningside, Edinburgh",Edinburgh,"Edinburgh South","Lothian (Edinburgh)"
2,55.8184554561022,-4.38618446007009,1664986521,3405,1948,74,Female,N,672,"Govan, Glasgow",Glasgow,"Glasgow Southwest",Glasgow
2,57.393997941761555,-4.210012185622148,1664986781,3447,1985,37,Female,Y,714,"Inverness (east: Culcabock, Crown, Culduthel, Drummond, Haugh, Hilton, Holm, Lochardil, Millburn, Raigmore)",Highland,IV2,"Highlands (Inverness)"
2,56.06789125148571,-5.526383707737599,1664986828,3458,1966,56,Female,Y,1254,Lochgilphead,"Argyll and Bute",PA31,"Argyll and Bute"
2,55.84800983679057,-4.491427421775289,1664986837,3446,1992,30,Female,Y,1248,Linwood,Renfrewshire,PA3,Glasgow
2,56.983494719800255,-2.733895178001701,1664987299,3461,1980,42,Male,Y,24,Lumphanan,Aberdeenshire,AB31,"North East (Aberdeen)"
2,55.96966999295148,-3.4577014529533665,1664987559,3467,1963,59,Female,Y,371,Broxburn,"West Lothian",EH52,"Lothian (Edinburgh)"
2,55.845224791826716,-4.2007135082520435,1664987839,3470,1983,39,Female,Y,598,Rutherglen,"South Lanarkshire","Glasgow Northeast",Glasgow
2,56.14995873809941,-3.6549638358532612,1664989047,3513,1957,65,Female,Y,397,Dollar,Clackmannanshire,FK14,"Stirling and Falkirk"
2,56.42444692460402,-5.4634681204834905,1664989082,3512,1973,49,Female,Y,1257,Oban,"Argyll and Bute",PA34,"Argyll and Bute"
2,58.478866320855865,-3.1364272303302867,1664989407,3527,1960,62,Female,Y,899,Wick,Highland,KW1,"Highlands (Inverness)"
2,55.90993677323814,-3.760166870308191,1664989595,3531,1991,31,Female,N,382,Shieldhill, Falkirk,FK1,"Stirling and Falkirk"
2,56.35192478672349,-2.933662612102199,1664990668,3478,1974,48,Male,N,1114,"St Andrews",Fife,KY16,Fife
2,55.56054655426345,-3.396353363092694,1664990738,3558,1970,52,Female,Y,1170,Biggar,"South Lanarkshire",ML12,Glasgow
2,56.37248205764322,-3.4139990616145726,1664991237,3566,1967,55,Female,N,1354,"Perth (south and east: Barnhill, Bridgend, Craigie, Kincarrathie, Upper Craigie)","Perth and Kinross",PH2,Fife
2,56.97169850753392,-5.624323874289987,1664992498,1374,1983,39,Male,Y,1392,Mallaig,Highland,PH41,"Highlands (Inverness)"
2,58.50919215230102,-4.25416286573659,1664993265,3660,1974,48,Female,Y,953,Reay,Highland,KW14,"Highlands (Inverness)"
2,55.76931474933268,-4.901796564031186,1664993551,3638,1992,30,Female,Y,832,Millport,"North Ayrshire",KA28,Ayrshire
2,56.00797409181,-3.592096147036776,1664994385,3694,1968,54,Male,Y,370,Bo'ness,Falkirk,EH51,"Lothian (Edinburgh)"
2,55.97515550232573,-3.481556618221262,1664994730,3709,1971,51,Female,Y,371,Broxburn,"West Lothian",EH52,"Lothian (Edinburgh)"
2,55.849362470616974,-4.378327846236793,1664995025,3727,1988,34,Female,Y,1220,"Paisley (central, east and north east: Ferguslie, Oldhall, Seedhill, Williamsburgh, Whitehaugh)",Renfrewshire,PA1,Glasgow
2,56.506361664571784,-2.745999201999663,1664995520,3744,1967,55,Female,Y,178,Carnoustie,Angus,DD7,"Tayside and Angus (Dundee)"
2,56.29515531604478,-4.8198643289722645,1664996263,3758,1987,35,Female,Y,559,Bonhill,"West Dunbartonshire",G83,"Argyll and Bute"
2,55.78984253458364,-4.287706999354641,1664996528,3795,1979,43,Female,Y,645,Clarkston,"East Renfrewshire","Glasgow South",Glasgow
2,55.89539777157,-4.326414780621247,1664996828,3400,1960,62,Female,Y,588,"Broomhill, Glasgow",Glasgow,"Glasgow Kelvin",Glasgow
2,56.07879183264769,-3.311653791330932,1664996993,3809,2004,18,Female,Y,1118,Aberdour,Fife,KY3,Fife
2,55.88051511275192,-4.309540894369167,1664997740,3825,1997,25,Female,Y,587,"Jordanhill, Glasgow",Glasgow,"Glasgow Kelvin",Glasgow
2,57.60302711020726,-4.424409555165685,1664998162,3831,1981,41,Female,Y,705,Dingwall,Highland,IV15,"Highlands (Inverness)"
2,55.926561922973924,-4.196151667191135,1664998808,3701,1969,53,Female,Y,502,Bishopbriggs,"East Dunbartonshire",G64,Glasgow
2,55.851056796683125,-3.8963783037609803,1664998853,3881,1961,61,Female,Y,1151,Motherwell,"North Lanarkshire",ML1,Glasgow
2,55.80438779841833,-4.102669870215763,1664999280,3891,1981,41,Female,Y,528,Blantyre,"South Lanarkshire",G72,Glasgow
2,55.944259888419445,-4.0640879742199605,1664999577,3818,1972,50,Female,N,517,"Cumbernauld (north: Balloch, Eastfield, Carrickstone, Smithstone, Blackwood, Westfield)","North Lanarkshire",G68,Glasgow
2,57.17657570949551,-2.1503599443014583,1664999788,3930,1976,46,Female,Y,112,"Dyce, Aberdeen",Aberdeen,"Aberdeen North","North East (Aberdeen)"
2,55.877661477207575,-4.384300599901628,1664999804,3932,1986,36,Female,Y,1264,Renfrew,Renfrewshire,PA4,Glasgow
2,57.50245365175368,-3.8445562259474118,1665000130,3917,2000,22,Other,Y,702,Auldearn,Highland,IV12,"Highlands (Inverness)"
2,55.9712310537473,-3.318465854481276,1665000429,3950,1971,51,Female,Y,306,"Queensferry, Edinburgh",Edinburgh,"Edinburgh Queensferry","Lothian (Edinburgh)"
2,57.53748473537911,-4.231682723166304,1665000592,3945,1997,25,Female,Y,698,"North Kessock",Highland,IV1,"Highlands (Inverness)"
2,56.49864458251451,-3.660772002215138,1665001111,3974,1986,36,Female,Y,1313,"Perth (north and west: Burghmuir, Cherrybank, Hillyland, Inveralmond, Lethom, Muirton, North Muirton, Tulloch)","Perth and Kinross",PH1,Fife
2,60.154773725946164,-1.1723209168768867,1665001160,3984,1977,45,Female,N,1501,Scalloway,"Shetland Isles",ZE1,"Shetland Islands"
2,55.868247152759,-3.2893596952304742,1665001263,3933,1996,26,Male,Y,314,"Morningside, Edinburgh",Edinburgh,"Edinburgh South","Lothian (Edinburgh)"
2,56.18032947514995,-3.1910729126001627,1665001373,3623,1949,73,Female,N,1130,Leslie,Fife,KY6,Fife
2,56.57392889604117,-4.553223565305775,1665001578,3993,1981,41,Female,Y,1327,Aberfeldy,"Perth and Kinross",PH15,Fife
2,56.154331715687114,-3.5989290477571663,1665001739,3997,1976,46,Female,Y,397,Dollar,Clackmannanshire,FK14,"Stirling and Falkirk"
2,55.90609236916187,-3.274471598136612,1665001955,3949,1994,28,Male,Y,319,"Blackford, Edinburgh",Edinburgh,"Edinburgh South","Lothian (Edinburgh)"
2,55.92712534974075,-4.221629467968969,1665002291,3999,1968,54,Female,Y,502,Bishopbriggs,"East Dunbartonshire",G64,Glasgow
2,55.80172409466397,-4.40642163921044,1665002754,4042,1975,47,Female,Y,540,Barrhead,"East Renfrewshire",G78,Glasgow
2,55.814015849102404,-4.255055639308042,1665002785,4035,1978,44,Female,Y,652,"King's Park, Glasgow",Glasgow,"Glasgow South",Glasgow
2,57.39936546469986,-4.427137902577092,1665002835,4022,1968,54,Female,Y,736,"Inverness (west: Ballifeary, Balnafettack, Clachnaharry, Dalneigh, Kinmylies, Leachkin, Merkinch, Muirtown, South Kessock)",Highland,IV3,"Highlands (Inverness)"
2,55.70593634557439,-4.18766187656682,1665004115,4083,1982,40,Female,Y,534,"East Kilbride (south: Hairmyres, Westwood, The Murray, Murray East, Whitehills, Greenhill, Newlandsmuir, Gardenhall, Crosshouse, Newlands, Lindsayfield, Mossneuk)","South Lanarkshire",G75,Glasgow
2,55.8865733538302,-4.445294659882426,1665004201,4090,1972,50,Female,Y,1264,Renfrew,Renfrewshire,PA4,Glasgow
2,55.886510066080845,-3.95220655903928,1665004411,4051,1966,56,Female,N,1194,Caldercruix,"North Lanarkshire",ML6,Glasgow
2,55.86803936710433,-3.3063274658081485,1665004458,4029,1961,61,Female,Y,308,"Liberton, Edinburgh",Edinburgh,"Edinburgh South","Lothian (Edinburgh)"
2,55.98035367496147,-4.242973618541662,1665004459,4087,1996,26,Male,Y,507,Kirkintilloch,"East Dunbartonshire",G66,Glasgow
2,55.8141579607056,-3.8812373734807966,1665004475,4039,1989,33,Male,Y,1151,Motherwell,"North Lanarkshire",ML1,Glasgow
2,56.247188414831214,-3.2035316786625363,1665004511,4096,1960,62,Female,Y,1104,Ceres,Fife,KY15,Fife
2,55.87452070233078,-3.3604607839846725,1665004552,4109,1985,37,Female,Y,314,"Morningside, Edinburgh",Edinburgh,"Edinburgh South","Lothian (Edinburgh)"
2,55.605890068422234,-5.476416142191615,1665004652,4106,1960,62,Female,N,1246,Campbeltown,"Argyll and Bute",PA28,"Argyll and Bute"
2,56.42644365635518,-4.294725186349774,1665004806,4119,1980,42,Female,Y,438,Killin,Stirlingshire,FK21,"Stirling and Falkirk"
2,56.140758347558744,-3.1740095581799257,1665005017,4101,1990,32,Female,Y,1117,"Kirkcaldy (west: Hayfield, Templehall, Newliston, Chapel, Dunnikier, Bennochy)",Fife,KY2,Fife
2,55.575536420305845,-2.6833868426852434,1665005077,4155,1971,51,Female,Y,1468,Melrose,"Scottish Borders",TD6,Borders
2,56.00837249652326,-3.7322080989654287,1665005095,4120,1954,68,Male,Y,439,Grangemouth,Falkirk,FK3,"Stirling and Falkirk"
2,55.82290213329234,-4.326363249436207,1665005241,4136,1972,50,Female,Y,645,Clarkston,"East Renfrewshire","Glasgow South",Glasgow
2,55.97863947904919,-3.166985938475665,1665005710,4177,1988,34,Female,Y,285,"Leith, Edinburgh",Edinburgh,"Edinburgh Leith","Lothian (Edinburgh)"
2,55.71098815648964,-2.844294090712765,1665005895,4163,1981,41,Female,Y,1415,Stow,"Scottish Borders",TD1,Borders
2,55.90432260568603,-3.7798784564414283,1665005966,4143,1981,41,Male,Y,368,Bathgate,"West Lothian",EH48,"Lothian (Edinburgh)"
2,55.93435515136234,-4.869215648255698,1665006248,4170,1977,45,Female,Y,1235,Gourock,Inverclyde,PA19,Glasgow
2,55.9435493010519,-4.758031275308149,1665006451,4145,1976,46,Female,Y,1230,"Greenock (central and east: Bogston, Bridgend, Cartsdyke, Gibshill, Greenock Central, Ladyburn, Upper Ingleston)",Inverclyde,PA15,Glasgow
2,57.80942224882119,-4.28457949612232,1665006636,4201,1976,46,Female,Y,711,Tain,Highland,IV19,"Highlands (Inverness)"
2,56.1164106840252,-3.5591772817721536,1665006998,4214,1982,40,Female,Y,1096,"Dunfermline (centre, north, west: Abbey Parks, Lady's Mill, Garvock, Headwell, Kingseathill, Wellwood, Milesmark, Baldridge, Pittencrieff, Baldridgeburn)",Fife,KY12,Fife
2,55.90329327810339,-4.351168628713286,1665007139,4221,1963,59,Male,Y,641,"Knightswood, Glasgow",Glasgow,"Glasgow Northwest",Glasgow
2,55.92779787251473,-3.2754768837739636,1665007626,4257,1976,46,Female,Y,267,"Sighthill, Edinburgh",Edinburgh,"Edinburgh Central","Lothian (Edinburgh)"
2,57.55117609342031,-3.59605439280517,1665007812,4250,1994,28,Female,Y,740,Forres,Moray,IV36,"North East (Aberdeen)"
2,55.9893422868581,-4.786096660694017,1665008209,4247,1982,40,Male,Y,566,Helensburgh,"Argyll and Bute",G84,"Argyll and Bute"
2,55.86810808767881,-3.3064931428327977,1665008340,4275,1965,57,Female,Y,314,"Morningside, Edinburgh",Edinburgh,"Edinburgh South","Lothian (Edinburgh)"
2,55.538407701522296,-4.635450092784257,1665008371,4270,1971,51,Female,Y,784,Troon,"South Ayrshire",KA10,Ayrshire
2,55.760252600610514,-4.544154456846729,1665008998,4287,1981,41,Female,Y,540,Barrhead,"East Renfrewshire",G78,Glasgow
2,55.93071515949205,-4.418450942406129,1665009282,4283,1963,59,Female,Y,546,Clydebank,"West Dunbartonshire",G81,Glasgow
2,55.90760681540164,-3.229196443678904,1665010577,4328,1980,42,Female,Y,305,"Oxgangs, Edinburgh",Edinburgh,"Edinburgh Oxgangs","Lothian (Edinburgh)"
2,56.04805305922157,-4.192508227698202,1665010944,4327,1990,32,Female,Y,499,Killearn,Stirlingshire,G63,"Stirling and Falkirk"
2,57.55962429721846,-3.9484758379453626,1665011159,4331,1968,54,Male,Y,714,"Inverness (east: Culcabock, Crown, Culduthel, Drummond, Haugh, Hilton, Holm, Lochardil, Millburn, Raigmore)",Highland,IV2,"Highlands (Inverness)"
2,56.72118437048011,-5.146685458656491,1665011470,4326,1947,75,Male,Y,1377,"Fort William",Highland,PH33,"Highlands (Inverness)"
2,55.707240482737824,-3.9779443715408913,1665013142,4251,1994,28,Female,Y,1183,Hamilton,"South Lanarkshire",ML3,Glasgow
2,57.69118906656397,-3.279664610973714,1665013461,4361,1968,54,Female,Y,738,Lossiemouth,Moray,IV31,"North East (Aberdeen)"
2,56.88804628378464,-5.206325547584824,1665015414,4381,1983,39,Male,Y,1377,"Fort William",Highland,PH33,"Highlands (Inverness)"
2,55.7764585494131,-4.225706899489774,1665016073,4387,1949,73,Female,Y,535,Busby,"East Renfrewshire",G76,Glasgow
2,55.95841207521095,-3.160529456589711,1665020563,4392,1996,26,Male,Y,298,"Inverleith, Edinburgh",Edinburgh,"Edinburgh North","Lothian (Edinburgh)"
2,55.98651828551498,-3.603163479744576,1665024704,4414,1986,36,Male,Y,369,Linlithgow,"West Lothian",EH49,"Lothian (Edinburgh)"
2,55.7617353575488,-4.057317228685857,1665035302,4446,1956,66,Female,Y,1183,Hamilton,"South Lanarkshire",ML3,Glasgow
2,55.876039444780716,-4.318324192863926,1665037202,4459,1979,43,Female,Y,592,"Dowanhill, Glasgow",Glasgow,"Glasgow Kelvin",Glasgow
2,57.64376964235998,-4.417364071198102,1665037327,4460,1991,31,Male,N,705,Dingwall,Highland,IV15,"Highlands (Inverness)"
2,57.79441117554441,-4.634265606351652,1665039975,4483,1968,54,Male,N,707,Alness,Highland,IV17,"Highlands (Inverness)"
2,56.347791932342524,-2.889648934269429,1665040246,4485,1998,24,Female,Y,1114,"St Andrews",Fife,KY16,Fife
2,56.12007099642465,-4.976500696533646,1665040546,4490,1988,34,Male,Y,1241,Dunoon,"Argyll and Bute",PA23,"Argyll and Bute"
2,55.6351055193429,-4.640804401066021,1665040808,4493,1990,32,Female,Y,785,"Irvine (east, south: Perceton, Lawthorn, Girdle Toll, Stanecastle, Bourtreehill, Broomlands, Dreghorn, Springside)","North Ayrshire",KA11,Ayrshire
2,55.94099268020453,-3.949055290395925,1665043279,4516,1973,49,Male,Y,514,"Cumbernauld (south: Condorrat, Lenziemill, Carbrain, Kildrum, Cumbernauld Village, Abronhill, Seafar)","North Lanarkshire",G67,Glasgow
2,55.94691910725724,-4.319038973350202,1665044450,4526,1995,27,Female,Y,489,Milngavie,"East Dunbartonshire",G62,Glasgow
2,56.310845236194446,-3.599856170097972,1665045842,4531,1989,33,Female,Y,1354,"Perth (south and east: Barnhill, Bridgend, Craigie, Kincarrathie, Upper Craigie)","Perth and Kinross",PH2,Fife
2,55.32886573218231,-3.4334847285929384,1665045956,4540,1971,51,Female,Y,189,Moffat,"Dumfries and Galloway",DG10,"Dumfries and Galloway"
2,56.65813569436945,-5.563333422512464,1665045992,4024,1971,51,Female,N,1377,"Fort William",Highland,PH33,"Highlands (Inverness)"
2,55.85574511250171,-3.088740937131519,1665047163,4564,1975,47,Female,Y,328,Bonnyrigg,Midlothian,EH19,"Lothian (Edinburgh)"
2,55.80922460788575,-4.2711220080867385,1665047518,4563,1976,46,Female,Y,651,"Cathcart, Glasgow",Glasgow,"Glasgow South",Glasgow
2,55.25077203107385,-4.815746165184913,1665049494,4573,1984,38,Female,Y,824,Girvan,"South Ayrshire",KA26,Ayrshire
2,55.97450798161578,-2.8577540634591143,1665051052,4594,2000,22,Female,Y,348,Prestonpans,"East Lothian",EH32,"Lothian (Edinburgh)"
2,55.8967950384417,-4.249095942431514,1665051082,4522,1990,32,Male,Y,598,Rutherglen,"South Lanarkshire","Glasgow Northeast",Glasgow
2,56.4886483854165,-2.8473643385863805,1665051332,4595,1957,65,Female,Y,247,"Broughty Ferry, Dundee",Dundee,"Dundee East","Tayside and Angus (Dundee)"
2,55.863714439131506,-5.115067243092988,1665051905,4596,1956,66,Female,Y,1237,"Isle of Bute","Argyll and Bute",PA20,"Argyll and Bute"
2,55.81338424331998,-5.047345406338336,1665051918,4284,1975,47,Female,Y,1237,"Isle of Bute","Argyll and Bute",PA20,"Argyll and Bute"
2,55.73452703540904,-4.1486676236272695,1665052042,4604,1974,48,Female,N,534,"East Kilbride (south: Hairmyres, Westwood, The Murray, Murray East, Whitehills, Greenhill, Newlandsmuir, Gardenhall, Crosshouse, Newlands, Lindsayfield, Mossneuk)","South Lanarkshire",G75,Glasgow
2,56.47724196337562,-3.4489517971451957,1665056739,4666,1979,43,Male,Y,1313,"Perth (north and west: Burghmuir, Cherrybank, Hillyland, Inveralmond, Lethom, Muirton, North Muirton, Tulloch)","Perth and Kinross",PH1,Fife
2,55.894540365276974,-4.322101005876058,1665057740,4669,1992,30,Male,Y,592,"Dowanhill, Glasgow",Glasgow,"Glasgow Kelvin",Glasgow
2,56.224187625384126,-2.983699733696845,1665061864,4702,1975,47,Female,N,1140,Leven,Fife,KY8,Fife
2,56.48979627747247,-2.930759684471667,1665064532,4711,1963,59,Female,N,250,"Downfield, Dundee",Dundee,"Dundee North","Tayside and Angus (Dundee)"
2,57.04692073218396,-2.454074759100749,1665068751,3466,2003,19,Other,School,22,Banchory,Aberdeenshire,AB31,"North East (Aberdeen)"
2,56.4963209951465,-2.824134224205854,1665069465,4729,1997,25,Female,Y,247,"Broughty Ferry, Dundee",Dundee,"Dundee East","Tayside and Angus (Dundee)"
2,58.57581886382035,-3.4883943730284455,1665073748,4755,1992,30,Male,Y,961,Thurso,Highland,KW14,"Highlands (Inverness)"
2,57.33342280659155,-5.661700907291131,1665081645,4794,1996,26,Female,Y,765,Plockton,Highland,IV52,"Highlands (Inverness)"
2,55.844576033245936,-4.399615161910453,1665082447,4802,1992,30,Female,Y,1220,"Paisley (central, east and north east: Ferguslie, Oldhall, Seedhill, Williamsburgh, Whitehaugh)",Renfrewshire,PA1,Glasgow
2,56.51528845482251,-3.405397013295185,1665082955,4785,1993,29,Male,Y,1313,"Perth (north and west: Burghmuir, Cherrybank, Hillyland, Inveralmond, Lethom, Muirton, North Muirton, Tulloch)","Perth and Kinross",PH1,Fife
2,57.63342511718572,-4.547730460020227,1665082957,4809,1981,41,Female,Y,704,Strathpeffer,Highland,IV14,"Highlands (Inverness)"
2,55.965423025630905,-4.122581074978591,1665083319,4824,1969,53,Female,Y,507,Kirkintilloch,"East Dunbartonshire",G66,Glasgow
2,55.912927273255214,-4.857896995182825,1665083445,4820,1996,26,Male,Y,1231,"Greenock (west: Bow Farm, Braeside, Branchton, Fort Matilda, Gateside, Greenock West, Overton, Pennyfern, Smithston)",Inverclyde,PA16,Glasgow
2,56.52006584791437,-2.7761727012349544,1665083488,4849,1991,31,Female,Y,178,Carnoustie,Angus,DD7,"Tayside and Angus (Dundee)"
2,55.885460093265706,-3.2668723210112898,1665088445,4923,1977,45,Male,Y,317,"Marchmont, Edinburgh",Edinburgh,"Edinburgh South","Lothian (Edinburgh)"
2,55.80943290810028,-4.276696353453328,1665088539,4876,1984,38,Female,Y,659,"Deaconsbank, Glasgow",Glasgow,"Glasgow South",Glasgow
2,56.00256479971179,-4.955710527577373,1665088548,4943,1999,23,Female,Y,1241,Dunoon,"Argyll and Bute",PA23,"Argyll and Bute"
2,56.393811052695575,-3.229267784013456,1665088925,4947,2005,17,Female,School,1354,"Perth (south and east: Barnhill, Bridgend, Craigie, Kincarrathie, Upper Craigie)","Perth and Kinross",PH2,Fife
2,55.80195632370086,-4.305091357043721,1665088928,4939,1961,61,Female,N,655,"Simshill, Glasgow",Glasgow,"Glasgow South",Glasgow
2,56.528296768464195,-2.7827176622495653,1665090896,4978,1964,58,Female,Y,178,Carnoustie,Angus,DD7,"Tayside and Angus (Dundee)"
2,56.28712312174342,-3.153409929884514,1665091483,4995,1985,37,Female,Y,1105,Cupar,Fife,KY15,Fife
2,55.86516799929996,-4.29061087310387,1665091541,4800,1985,37,Female,Y,590,"Hyndland, Glasgow",Glasgow,"Glasgow Kelvin",Glasgow
2,57.64413143265441,-3.4701818748638695,1665092662,4447,1966,56,Male,Y,737,Elgin,Moray,IV30,"North East (Aberdeen)"
2,55.8545046740765,-4.385988678209008,1665095800,4916,1953,69,Female,Y,1220,"Paisley (central, east and north east: Ferguslie, Oldhall, Seedhill, Williamsburgh, Whitehaugh)",Renfrewshire,PA1,Glasgow
2,56.474317980726894,-2.9531957770081303,1665096061,5055,1988,34,Female,Y,250,"Downfield, Dundee",Dundee,"Dundee North","Tayside and Angus (Dundee)"
2,55.857316876846525,-4.23641498768271,1665098636,5084,1968,54,Female,Y,580,"Anderston, Glasgow",Glasgow,"Glasgow City Centre",Glasgow
2,57.05347586315254,-4.839413127650505,1665102756,5089,1991,31,Male,Y,1381,Invergarry,Highland,PH35,"Highlands (Inverness)"
2,58.21886825751918,-6.394416345493385,1665117009,5096,1989,33,Male,Y,686,"Stornoway, Isle of Lewis","Western Isles",HS1,"Western Isles"
2,57.43328775241745,-1.8407510881679836,1665130037,5138,1972,50,Female,Y,54,Peterhead,Aberdeenshire,AB42,"North East (Aberdeen)"
2,57.39662627911597,-4.236488917708493,1665131448,5145,1992,30,Female,Y,713,Culloden,Highland,IV2,"Highlands (Inverness)"
2,55.9590772275979,-4.432336155457478,1665134982,4606,1946,76,Female,N,545,Hardgate,"West Dunbartonshire",G81,Glasgow
2,57.09386590411444,-2.295430455125918,1665136993,5174,1971,51,Male,Y,134,"Cults, Aberdeen",Aberdeen,"Aberdeen Southwest","North East (Aberdeen)"
2,57.77184362501546,-3.9110994513550907,1665137879,5180,1964,58,Female,Y,717,"Hill of Fearn",Highland,IV20,"Highlands (Inverness)"
2,55.936922450055306,-3.2505400520003467,1665140752,5178,1995,27,Female,Y,277,"Canongate, Edinburgh",Edinburgh,"Edinburgh Central","Lothian (Edinburgh)"
2,55.92694246928138,-3.2893571916766144,1665147502,5253,1966,56,Female,Y,264,"Slateford, Edinburgh",Edinburgh,"Edinburgh Central","Lothian (Edinburgh)"
2,56.091250227480515,-4.876677981217644,1665153437,5270,1989,33,Female,Y,1242,Lochgoilhead,"Argyll and Bute",PA24,"Argyll and Bute"
2,55.85807498681302,-4.077281888465361,1665155497,5276,1950,72,Female,N,634,"Maryhill, Glasgow",Glasgow,"Glasgow Northeast",Glasgow
2,55.914772735758916,-3.19700215166797,1665158332,5300,1995,27,Female,Y,318,"The Grange, Edinburgh",Edinburgh,"Edinburgh South","Lothian (Edinburgh)"
2,57.17125266594156,-2.188268926958155,1665159645,5304,1959,63,Female,Y,107,"Rosemount, Aberdeen",Aberdeen,"Aberdeen Central","North East (Aberdeen)"
2,55.903600593065896,-3.2792407968390984,1665166606,5316,1954,68,Male,Y,316,"Bruntsfield, Edinburgh",Edinburgh,"Edinburgh South","Lothian (Edinburgh)"
2,58.221096729214246,-6.391696795995812,1665171723,5345,1957,65,Female,N,686,"Stornoway, Isle of Lewis","Western Isles",HS1,"Western Isles"
2,55.774983303216516,-5.002561694085425,1665174527,5354,1982,40,Female,Y,1237,"Isle of Bute","Argyll and Bute",PA20,"Argyll and Bute"
2,54.831409056207406,-3.9550718679775705,1665176074,5359,1978,44,Female,Y,216,Borgue,"Dumfries and Galloway",DG6,"Dumfries and Galloway"
2,55.81667639106296,-4.233220947762205,1665180001,5374,1977,45,Female,Y,647,"Pollokshields, Glasgow",Glasgow,"Glasgow South",Glasgow
2,56.240354755992215,-3.428977966049543,1665181866,5376,1996,26,Male,Y,1100,Scotlandwell,"Perth and Kinross",KY13,Fife
2,55.893071116147716,-3.2132551125264577,1665184005,5387,1994,28,Other,Y,309,"Cameron Toll, Edinburgh",Edinburgh,"Edinburgh South","Lothian (Edinburgh)"
2,58.27684453704875,-6.618807567818468,1665209272,5398,1998,24,Female,Y,688,"Isle of Lewis","Western Isles (outside of Stornoway)",HS2,"Western Isles"
2,55.90283114630088,-4.395948913414015,1665217389,5406,1974,48,Male,Y,544,Faifley,"West Dunbartonshire",G81,Glasgow
2,55.91250735456467,-3.193401831949195,1665225588,5424,1968,54,Other,N,311,"Currie, Edinburgh",Edinburgh,"Edinburgh South","Lothian (Edinburgh)"
2,57.633915765178344,-6.346053848084511,1665231897,5430,2005,17,Male,Y,763,Portree,Highland,IV51,"Highlands (Inverness)"
2,55.871874715811195,-3.327234012057402,1665241412,5447,1984,38,Male,Y,314,"Morningside, Edinburgh",Edinburgh,"Edinburgh South","Lothian (Edinburgh)"
2,55.948095937407686,-4.368494973285069,1665261306,4928,1985,37,Female,Y,489,Milngavie,"East Dunbartonshire",G62,Glasgow
2,58.04454858608738,-7.000594592273267,1665263217,5478,1990,32,Female,Y,688,"Isle of Lewis","Western Isles (outside of Stornoway)",HS2,"Western Isles"
2,55.84642798884581,-4.083727561227304,1665299475,5496,1957,65,Female,N,632,"Springburn, Glasgow",Glasgow,"Glasgow Northeast",Glasgow
2,55.9796582140073,-3.199710402683361,1665304719,5503,1975,47,Female,Y,297,"Blackhall, Edinburgh",Edinburgh,"Edinburgh North","Lothian (Edinburgh)"
2,57.12690822032258,-2.151601210907687,1665307206,5508,1995,27,Female,Y,128,"Mannofield, Aberdeen",Aberdeen,"Aberdeen Southwest","North East (Aberdeen)"
2,57.09765691443658,-2.2964822400255325,1665307413,5508,1995,27,Female,Y,128,"Mannofield, Aberdeen",Aberdeen,"Aberdeen Southwest","North East (Aberdeen)"
2,57.766349859049555,-4.345032905531852,1665325135,5537,1981,41,Male,Y,707,Alness,Highland,IV17,"Highlands (Inverness)"
2,55.9484986076161,-3.1899992551852834,1665328242,5541,1964,58,Female,Y,272,"New Town, Edinburgh",Edinburgh,"Edinburgh Central","Lothian (Edinburgh)"
2,56.90432931155203,-5.288756827023735,1665343887,5554,1995,27,Male,Y,1377,"Fort William",Highland,PH33,"Highlands (Inverness)"
2,57.42035547822813,-4.3328690713569005,1665415049,5605,1992,30,Male,Y,736,"Inverness (west: Ballifeary, Balnafettack, Clachnaharry, Dalneigh, Kinmylies, Leachkin, Merkinch, Muirtown, South Kessock)",Highland,IV3,"Highlands (Inverness)"
2,55.87711264198643,-4.148782912388243,1665435028,5620,1959,63,Other,Y,634,"Maryhill, Glasgow",Glasgow,"Glasgow Northeast",Glasgow
2,55.91447169457772,-3.2578406305605743,1665435998,5602,1963,59,Female,Y,316,"Bruntsfield, Edinburgh",Edinburgh,"Edinburgh South","Lothian (Edinburgh)"
2,57.39524824641203,-1.974942468209702,1665477913,5641,1976,46,Female,Y,51,Tarves,Aberdeenshire,AB41,"North East (Aberdeen)"
2,55.83583081570419,-3.387466068640212,1665479552,5646,1962,60,Male,Y,313,"Colinton, Edinburgh",Edinburgh,"Edinburgh South","Lothian (Edinburgh)"
2,56.258863318962725,-4.853633030688678,1665563963,5681,1961,61,Female,Y,557,Alexandria,"West Dunbartonshire",G83,"Argyll and Bute"
2,56.863724012771726,-3.211922966284792,1665582959,5688,2003,19,Other,School,181,Kirriemuir,Angus,DD8,"Tayside and Angus (Dundee)"
2,56.1392049284969,-4.746650096347091,1665586480,5693,1952,70,Female,Y,557,Alexandria,"West Dunbartonshire",G83,"Argyll and Bute"
2,56.13594345232891,-3.3285293994522642,1665660267,5709,1962,60,Female,Y,1124,Kelty,Fife,KY4,Fife
2,55.875304041554834,-6.2873677050359635,1665674946,5721,1966,56,Female,Y,1268,"Bridgend, Isle of Islay","Argyll and Bute",PA44,"Argyll and Bute"
2,57.52661988086058,-6.285213411978435,1665759382,5743,1996,26,Female,Y,763,Portree,Highland,IV51,"Highlands (Inverness)"
2,55.851728876050466,-4.257440910358188,1665827623,5762,1964,58,Female,Y,679,"Pollock, Glasgow",Glasgow,"Glasgow Southwest",Glasgow
2,57.603931007964896,-4.569465451920248,1665831246,5763,1994,28,Male,Y,704,Strathpeffer,Highland,IV14,"Highlands (Inverness)"
2,57.162278815102255,-2.2913851236260894,1665835595,5777,1999,23,Male,Y,28,Westhill,Aberdeenshire,AB32,"North East (Aberdeen)"
2,55.988566461123526,-3.866417848904941,1665835884,5780,1995,27,Female,Y,443,Banknock, Falkirk,FK4,"Stirling and Falkirk"
2,56.26045036487321,-3.730765019238487,1665837590,5813,1996,26,Male,N,1373,Auchterarder,"Perth and Kinross",PH3,Fife
2,55.73385336807189,-3.1203885209413293,1665838127,5778,1970,52,Male,Y,338,Gorebridge,Midlothian,EH23,"Lothian (Edinburgh)"
2,55.878247099323644,-4.249361496421229,1665849662,5876,1993,29,Female,Y,624,"Springboig, Glasgow",Glasgow,"Glasgow Northeast",Glasgow
2,55.74952862765314,-4.253515902502057,1665915615,5894,1985,37,Female,Y,530,"East Kilbride (north: The Village, East Mains, West Mains, Lymekilns, St Leonards, Calderwood, Nerston, Stewartfield, Peel Park)","South Lanarkshire",G74,Glasgow
2,55.79999390256032,-4.166037416257049,1665920038,5911,1957,65,Female,N,529,Cambuslang,"South Lanarkshire",G72,Glasgow
2,55.692204580510726,-4.206443100318393,1666004486,5919,1979,43,Male,Y,534,"East Kilbride (south: Hairmyres, Westwood, The Murray, Murray East, Whitehills, Greenhill, Newlandsmuir, Gardenhall, Crosshouse, Newlands, Lindsayfield, Mossneuk)","South Lanarkshire",G75,Glasgow
2,55.756934534273256,-4.512290340911068,1666022910,5928,1975,47,Female,Y,540,Barrhead,"East Renfrewshire",G78,Glasgow
2,55.823370956834616,-4.252121818336069,1666199914,5952,1994,28,Female,Y,659,"Deaconsbank, Glasgow",Glasgow,"Glasgow South",Glasgow
2,56.4873024059205,-2.9572622692340764,1666219378,5954,1972,50,Female,Y,251,"Kirkton, Dundee",Dundee,"Dundee North","Tayside and Angus (Dundee)"
2,55.92616562891569,-4.344557749237666,1666261999,5957,1984,38,Male,Y,488,Bearsden,"East Dunbartonshire",G61,Glasgow
2,55.78375830778265,-4.349313206158924,1666395728,5977,1999,23,Male,Y,539,"Newton Mearns","East Renfrewshire",G77,Glasgow
2,55.65735992810789,-5.280691081828997,1666434442,5980,1944,78,Male,Y,825,Brodick,"North Ayrshire",KA27,Ayrshire
2,55.64145832845591,-5.181399290395126,1666435432,5979,1985,37,Male,Y,827,"Isle of Arran","North Ayrshire",KA27,Ayrshire
2,55.72668605390517,-4.408069774382705,1666566401,5992,1984,38,Female,Y,539,"Newton Mearns","East Renfrewshire",G77,Glasgow
2,55.619715339730824,-3.3085237002486827,1666821789,6014,2002,20,Female,Y,362,Peebles,"Scottish Borders",EH45,Borders
2,58.26002918685293,-4.725263805371882,1666944986,6022,1957,65,Male,Y,729,Lairg,Highland,IV27,"Highlands (Inverness)"
2,55.95683774128588,-4.378243970122485,1667138667,6031,1989,33,Male,Y,489,Milngavie,"East Dunbartonshire",G62,Glasgow
2,55.85341025143054,-4.836169154496157,1667215661,6041,2005,17,Male,School,1233,Skelmorlie,"North Ayrshire",PA17,Ayrshire
2,55.82907934587143,-4.336967929442016,1667319046,6057,1996,26,Female,Y,654,"Muirend, Glasgow",Glasgow,"Glasgow South",Glasgow
2,55.831942956532004,-4.545823314920462,1667321229,6058,1988,34,Female,Y,1222,Kilbarchan,Renfrewshire,PA10,Glasgow
2,55.8419177566531,-4.589673727513456,1667404412,6058,1988,34,Female,Y,1222,Kilbarchan,Renfrewshire,PA10,Glasgow
2,57.33877431618457,-2.282037628905433,1667586176,6071,1959,63,Female,Y,64,Inverurie,Aberdeenshire,AB51,"North East (Aberdeen)"
2,57.59649073223422,-3.661448724025295,1669054025,6096,1994,28,Female,Y,740,Forres,Moray,IV36,"North East (Aberdeen)"
2,55.960537852918826,-3.2590587529976878,1669412907,6124,1987,35,Female,Y,287,"Corstorphine, Edinburgh",Edinburgh,"Edinburgh North","Lothian (Edinburgh)"
2,55.96920845935967,-3.1855955786055636,1671084914,6142,1995,27,Female,Y,292,"Craigleith, Edinburgh",Edinburgh,"Edinburgh North","Lothian (Edinburgh)"
2,57.6291336749756,-4.44103973578792,1671731934,6153,1981,41,Male,Y,705,Dingwall,Highland,IV15,"Highlands (Inverness)"
2,56.782961163852654,-2.4385050486298665,1672108917,6156,2000,22,Male,Y,136,Gourdon,Aberdeenshire,DD10,"Tayside and Angus (Dundee)"
2,55.762264605739404,-4.241675680705224,1675165039,6194,2002,21,Female,Y,530,"East Kilbride (north: The Village, East Mains, West Mains, Lymekilns, St Leonards, Calderwood, Nerston, Stewartfield, Peel Park)","South Lanarkshire",G74,Glasgow
2,55.96509142150025,-3.1864011861517927,1675695928,6213,2009,14,Female,N,293,"Comely Bank, Edinburgh",Edinburgh,"Edinburgh North","Lothian (Edinburgh)"
2,55.933689524166056,-3.272363553454647,1675695958,6219,2009,14,Male,N,291,"Deans Village, Edinburgh",Edinburgh,"Edinburgh North","Lothian (Edinburgh)"
2,55.95404562393142,-3.228136030069881,1675696027,6215,2009,14,Female,School,294,"Stockbridge, Edinburgh",Edinburgh,"Edinburgh North","Lothian (Edinburgh)"
2,55.95782461161334,-3.1869122735669193,1675696540,6221,2010,13,Male,N,299,"Broughton, Edinburgh",Edinburgh,"Edinburgh North","Lothian (Edinburgh)"
2,57.522791984625215,-4.263372412149865,1677608727,6281,1984,39,Female,Y,699,"Inverness (centre, north: Longman)",Highland,IV1,"Highlands (Inverness)"
2,58.50474753323947,-3.2811046511450077,1677615153,6284,2003,20,Male,Y,899,Wick,Highland,KW1,"Highlands (Inverness)"
2,55.86040515789929,-4.2746051196755745,1677626975,6287,2002,21,Male,Y,590,"Hyndland, Glasgow",Glasgow,"Glasgow Kelvin",Glasgow
2,55.95821966758398,-3.1974295493950065,1677669279,6292,1992,31,Male,Y,287,"Corstorphine, Edinburgh",Edinburgh,"Edinburgh North","Lothian (Edinburgh)"
2,55.79743518108809,-4.285765029330051,1678117202,6319,2005,18,Female,Y,658,"Giffnock, Glasgow",Glasgow,"Glasgow South",Glasgow
2,55.85635002488765,-4.225508087154727,1678117223,6320,2004,19,Female,Y,623,"Shettleston, Glasgow",Glasgow,"Glasgow Northeast",Glasgow
2,55.90908238917661,-3.3406421251557257,1678137954,6321,1965,58,Female,Y,320,"Newington, Edinburgh",Edinburgh,"Edinburgh South","Lothian (Edinburgh)"
2,56.03541791985411,-2.7981482365636188,1678218027,6328,2003,20,Female,Y,355,"North Berwick","East Lothian",EH39,"Lothian (Edinburgh)"
2,57.5538711717644,-6.372577078193842,1678461789,6336,2001,22,Other,Y,763,Portree,Highland,IV51,"Highlands (Inverness)"
2,56.20808331193447,-3.1304976697276548,1679056893,6370,2008,15,Female,N,1133,"Glenrothes (centre and east: Pitteuchar, Finglassie, Stenton, Auchmuty, Pitcoudie, Balfarg, Pircairn, Collydean)",Fife,KY7,Fife
2,56.20055091978581,-3.1116764150497587,1679056994,6362,2008,15,Female,School,1133,"Glenrothes (centre and east: Pitteuchar, Finglassie, Stenton, Auchmuty, Pitcoudie, Balfarg, Pircairn, Collydean)",Fife,KY7,Fife
2,56.2035188619009,-3.120539024833503,1679057128,6364,2009,14,Male,School,1133,"Glenrothes (centre and east: Pitteuchar, Finglassie, Stenton, Auchmuty, Pitcoudie, Balfarg, Pircairn, Collydean)",Fife,KY7,Fife
2,56.233464789457045,-3.0830923850494396,1679057146,6387,2008,15,Male,School,1133,"Glenrothes (centre and east: Pitteuchar, Finglassie, Stenton, Auchmuty, Pitcoudie, Balfarg, Pircairn, Collydean)",Fife,KY7,Fife
2,56.19986602916202,-3.151043485439659,1679057186,6375,2008,15,Female,School,1133,"Glenrothes (centre and east: Pitteuchar, Finglassie, Stenton, Auchmuty, Pitcoudie, Balfarg, Pircairn, Collydean)",Fife,KY7,Fife
2,56.18890877672284,-3.1332365145843246,1679057490,6390,2009,14,Male,School,1133,"Glenrothes (centre and east: Pitteuchar, Finglassie, Stenton, Auchmuty, Pitcoudie, Balfarg, Pircairn, Collydean)",Fife,KY7,Fife
2,56.20552043123029,-3.1315810300185416,1679057588,6359,2008,15,Female,School,1133,"Glenrothes (centre and east: Pitteuchar, Finglassie, Stenton, Auchmuty, Pitcoudie, Balfarg, Pircairn, Collydean)",Fife,KY7,Fife
2,55.728066287873396,-4.377462446651237,1680010140,6423,2007,16,Male,N,539,"Newton Mearns","East Renfrewshire",G77,Glasgow
2,55.42462870950083,-4.6576406525663305,1683889451,6477,1965,58,Male,N,856,"Ayr (Centre)","South Ayrshire",KA7,Ayrshire
2,55.838453944203934,-4.138093307093462,1686914784,6551,2008,15,Male,School,619,"Tollcross, Glasgow",Glasgow,"Glasgow Northeast",Glasgow
2,55.843430093609456,-4.165503783764578,1686921521,6561,2007,16,Other,School,617,"Dalmarnock, Glasgow",Glasgow,"Glasgow Northeast",Glasgow
2,57.71167449914361,-3.3977200176516233,1692739869,6575,1993,30,Female,Y,737,Elgin,Moray,IV30,"North East (Aberdeen)"
2,57.7019218405267,-4.1520796394059145,1692968387,6580,1999,24,Female,Y,708,Invergordon,Highland,IV18,"Highlands (Inverness)"
2,57.54408318848502,-4.234023650554803,1694775035,6589,1999,24,Female,Y,699,"Inverness (centre, north: Longman)",Highland,IV1,"Highlands (Inverness)"
2,55.88458598848067,-4.32107016254542,1695550298,6617,1978,45,Male,Y,590,"Hyndland, Glasgow",Glasgow,"Glasgow Kelvin",Glasgow
2,55.935861972909024,-4.878834646420404,1697299816,6630,1966,57,Female,Y,1235,Gourock,Inverclyde,PA19,Glasgow
2,55.76855061387956,-4.641325149561143,1699515156,6640,1974,49,Female,Y,791,Beith,"East Ayrshire",KA15,Ayrshire
2,58.17152601257584,-6.7996015846167905,1707252895,6744,1999,25,Female,Y,688,"Isle of Lewis","Western Isles (outside of Stornoway)",HS2,"Western Isles"
2,55.9697516670622,-4.1449008253169115,1707657938,6753,1979,45,Female,Y,507,Kirkintilloch,"East Dunbartonshire",G66,Glasgow
2,55.88320760994608,-4.317892354872701,1708080102,6757,1964,60,Female,N,591,"Hillhead, Glasgow",Glasgow,"Glasgow Kelvin",Glasgow
2,58.150114202459385,-6.64194798126341,1708445812,6779,2005,19,Female,Y,688,"Isle of Lewis","Western Isles (outside of Stornoway)",HS2,"Western Isles"
2,56.95833841393483,-2.327682546246246,1708446239,6778,2005,19,Female,Y,48,Stonehaven,Aberdeenshire,AB39,"North East (Aberdeen)"
2,56.44060471012687,-3.4898797265841095,1708449179,6785,2004,20,Male,Y,1313,"Perth (north and west: Burghmuir, Cherrybank, Hillyland, Inveralmond, Lethom, Muirton, North Muirton, Tulloch)","Perth and Kinross",PH1,Fife
2,55.405030138708455,-4.727242124104656,1708461995,6766,2005,19,Female,Y,856,"Ayr (Centre)","South Ayrshire",KA7,Ayrshire
2,55.93964496442465,-3.2804783932020536,1708467283,6771,2004,20,Female,Y,287,"Corstorphine, Edinburgh",Edinburgh,"Edinburgh North","Lothian (Edinburgh)"
2,55.79671925829792,-4.333542728577599,1708536386,6814,2004,20,Female,Y,653,"Netherlee, Glasgow",Glasgow,"Glasgow South",Glasgow
2,55.96872378553649,-3.245900246278682,1708619071,6825,2002,22,Female,Y,278,"Granton, Edinburgh",Edinburgh,"Edinburgh Clermiston Granton","Lothian (Edinburgh)"
2,55.949981332366384,-3.230023972355295,1708626546,6826,2004,20,Female,Y,296,"Davidson's Mains, Edinburgh",Edinburgh,"Edinburgh North","Lothian (Edinburgh)"
2,55.957607152093956,-3.244798152913491,1708709247,6832,1974,50,Female,Y,278,"Granton, Edinburgh",Edinburgh,"Edinburgh Clermiston Granton","Lothian (Edinburgh)"
2,55.973835070884164,-4.522658420347951,1708810040,6790,2004,20,Female,Y,549,Dumbarton,"West Dunbartonshire",G82,Glasgow
2,55.81074983264637,-4.300916735274418,1708955841,6838,2004,20,Female,Y,658,"Giffnock, Glasgow",Glasgow,"Glasgow South",Glasgow
2,57.10428235873616,-2.204425388278159,1708965442,6842,1997,27,Female,Y,132,"Peterculter, Aberdeen",Aberdeen,"Aberdeen Southwest","North East (Aberdeen)"
2,55.824116394755855,-4.441167380577931,1708978152,6844,2006,18,Female,Y,1236,"Paisley (south: Blackhall, Castlehead, Dykebar, Foxbar, Hunterhill, Meikleriggs)",Renfrewshire,PA2,Glasgow
2,55.95010067201366,-2.6802153818081376,1709030449,6852,2005,19,Female,Y,357,Haddington,"East Lothian",EH41,"Lothian (Edinburgh)"
2,55.94094064086984,-3.262751202082173,1709040442,6856,2005,19,Male,Y,294,"Stockbridge, Edinburgh",Edinburgh,"Edinburgh North","Lothian (Edinburgh)"
2,55.97069592592797,-3.1610872189477734,1709041562,6861,2005,19,Female,Y,285,"Leith, Edinburgh",Edinburgh,"Edinburgh Leith","Lothian (Edinburgh)"
2,56.02860332811072,-4.752388194648728,1709056609,6871,2006,18,Female,Y,566,Helensburgh,"Argyll and Bute",G84,"Argyll and Bute"
2,56.031386304092116,-3.3644133182180407,1711119648,6908,2005,19,Female,Y,1090,"Dunfermline (south and east: Halbeath, Touch, Duloch, Masterton, Pitcorthie, Abbeyview, Brucefield, Hospital Hill, Camdean, Pitreavie)",Fife,KY11,Fife
2,56.46125622500301,-2.9778030010649306,1711393731,6909,1955,69,Female,Y,244,"Stobswell, Dundee",Dundee,"Dundee Central","Tayside and Angus (Dundee)"
2,55.91666484116775,-4.3616862322273136,1713380889,6921,1943,81,Male,Y,639,"Scotstoun, Glasgow",Glasgow,"Glasgow Northwest",Glasgow
2,55.873189999691824,-4.205106833002001,1713706146,6928,2004,20,Other,Y,598,Rutherglen,"South Lanarkshire","Glasgow Northeast",Glasgow
2,58.5755338728528,-4.025900098543271,1716641056,6943,1992,32,Male,Y,961,Thurso,Highland,KW14,"Highlands (Inverness)"
2,56.74412079981356,-4.164477232681334,1719430886,6955,1976,48,Female,Y,1329,Pitlochry,"Perth and Kinross",PH16,Fife
2,55.43323605843343,-4.6421476947901095,1721822461,6960,2003,21,Female,Y,856,"Ayr (Centre)","South Ayrshire",KA7,Ayrshire
2,56.46502563198187,-2.9979794363040413,1723132166,6970,1955,69,Female,Y,244,"Stobswell, Dundee",Dundee,"Dundee Central","Tayside and Angus (Dundee)"
2,56.374373851568436,-2.891073484215776,1725034019,6976,1962,62,Female,Y,1114,"St Andrews",Fife,KY16,Fife
2,55.88815728294632,-4.310665014099227,1725219318,6978,1955,69,Female,Y,591,"Hillhead, Glasgow",Glasgow,"Glasgow Kelvin",Glasgow
2,55.94300675753528,-4.850485024130997,1725820809,6980,1966,58,Female,Y,1235,Gourock,Inverclyde,PA19,Glasgow
2,55.413493212209126,-4.63546191141565,1726269956,6983,2003,21,Female,Y,856,"Ayr (Centre)","South Ayrshire",KA7,Ayrshire
2,56.434870032817614,-2.9170012804969243,1726270072,6984,2003,21,Female,Y,177,Wormit,Fife,DD6,"Tayside and Angus (Dundee)"
2,57.65718280138397,-4.517275697934613,1730451442,7027,1960,64,Female,Y,705,Dingwall,Highland,IV15,"Highlands (Inverness)"
2,55.47054300513442,-4.598565498516925,1730469456,7039,1954,70,Female,Y,868,"Newton on Ayr","South Ayrshire",KA8,Ayrshire
2,56.085314904763194,-4.754539309013314,1730492964,7051,1980,44,Female,Y,568,Rhu,"Argyll and Bute",G84,"Argyll and Bute"
2,57.172011001233386,-2.0931140253044354,1730535162,7053,1972,52,Female,Y,107,"Rosemount, Aberdeen",Aberdeen,"Aberdeen Central","North East (Aberdeen)"
2,57.375778618499034,-4.611815566333906,1730743486,7077,1964,60,Female,Y,741,Beauly,Highland,IV4,"Highlands (Inverness)"
2,57.46869764150945,-2.9952273578803745,1731073356,7086,1957,67,Female,Y,88,Keith, Moray,AB55,"North East (Aberdeen)"
2,56.45770045354755,-3.006598285853432,1731189042,7091,1953,71,Female,Y,261,"Westend, Dundee",Dundee,"Dundee West","Tayside and Angus (Dundee)"
2,57.12042357555859,-2.27398133544724,1731344857,7093,1955,69,Male,Y,133,"Bieldside, Aberdeen",Aberdeen,"Aberdeen Southwest","North East (Aberdeen)"
2,56.46245094427188,-3.6115685223468645,1733690223,7129,1964,60,Female,N,1313,"Perth (north and west: Burghmuir, Cherrybank, Hillyland, Inveralmond, Lethom, Muirton, North Muirton, Tulloch)","Perth and Kinross",PH1,Fife
2,55.95906530540829,-3.1890392004639034,1733690276,7130,1956,68,Female,N,287,"Corstorphine, Edinburgh",Edinburgh,"Edinburgh North","Lothian (Edinburgh)"
2,55.97891999717053,-4.541948965407485,1733691759,7131,1962,62,Female,Y,549,Dumbarton,"West Dunbartonshire",G82,Glasgow
2,56.38439522348796,-3.743872630720688,1733702951,7136,1983,41,Female,Y,1402,Crieff,"Perth and Kinross",PH7,Fife
2,56.494388064692544,-2.8013204826994262,1734027575,7185,2000,24,Male,Y,247,"Broughty Ferry, Dundee",Dundee,"Dundee East","Tayside and Angus (Dundee)"
2,55.834934694269336,-3.346621118272833,1734130689,7193,1964,60,Female,Y,317,"Marchmont, Edinburgh",Edinburgh,"Edinburgh South","Lothian (Edinburgh)"
2,56.089685022558236,-3.495631929829494,1735996038,7210,1948,77,Male,Y,1096,"Dunfermline (centre, north, west: Abbey Parks, Lady's Mill, Garvock, Headwell, Kingseathill, Wellwood, Milesmark, Baldridge, Pittencrieff, Baldridgeburn)",Fife,KY12,Fife
2,56.14081508277255,-3.646938332190578,1736198707,7221,1978,47,Female,Y,397,Dollar,Clackmannanshire,FK14,"Stirling and Falkirk"
2,56.272978349766454,-3.94933325105603,1737380463,7261,1977,48,Male,Y,405,Dunblane,Stirlingshire,FK15,"Stirling and Falkirk"
2,57.75065027635136,-4.246962107148295,1739445060,7296,2011,14,Male,N,708,Invergordon,Highland,IV18,"Highlands (Inverness)"
2,57.735727508711946,-4.187456420647067,1739445153,7308,2012,13,Male,N,708,Invergordon,Highland,IV18,"Highlands (Inverness)"
2,57.80723493027526,-4.587590849200911,1739450863,7316,2010,15,Male,School,707,Alness,Highland,IV17,"Highlands (Inverness)"
2,57.79481353955915,-4.038398337299487,1739524272,7302,2011,14,Female,School,711,Tain,Highland,IV19,"Highlands (Inverness)"
2,57.515754786251264,-4.276417723808981,1741205864,7345,2003,22,Male,Y,699,"Inverness (centre, north: Longman)",Highland,IV1,"Highlands (Inverness)"
2,55.91188447045069,-3.286492409726171,1749586082,7377,1965,60,Female,Y,270,"Meadows and Southside, Edinburgh",Edinburgh,"Edinburgh Central","Lothian (Edinburgh)"
2,55.85863960039594,-4.282967292914252,1759669043,7405,1997,28,Female,Y,587,"Jordanhill, Glasgow",Glasgow,"Glasgow Kelvin",Glasgow
2,56.142062547536526,-3.791904736703277,1763650902,7425,1945,80,Male,Y,391,Alloa,Clackmannanshire,FK10,"Stirling and Falkirk"
2,56.47497077192145,-2.984299279333276,1763661489,7427,1962,63,Female,Y,244,"Stobswell, Dundee",Dundee,"Dundee Central","Tayside and Angus (Dundee)"
2,55.932163978779236,-3.171267966457139,1763760392,7430,1970,55,Male,Y,317,"Marchmont, Edinburgh",Edinburgh,"Edinburgh South","Lothian (Edinburgh)"
2,55.823543220882854,-3.016420118542429,1767284877,7449,1951,74,Female,N,338,Gorebridge,Midlothian,EH23,"Lothian (Edinburgh)"
2,55.918633966556676,-3.1606681193728905,1768847278,7471,2003,23,Female,Y,322,"Gilmerton, Edinburgh",Edinburgh,"Edinburgh Southeast","Lothian (Edinburgh)"
2,55.951290333315576,-3.223164063885261,1769026560,7475,1958,68,Male,N,294,"Stockbridge, Edinburgh",Edinburgh,"Edinburgh North","Lothian (Edinburgh)"
2,55.809373509515105,-4.357954545074046,1769176731,7480,1985,41,Female,Y,677,"Hillington, Glasgow",Glasgow,"Glasgow Southwest",Glasgow
2,55.846171855485785,-4.3864712552291145,1770196902,7498,2011,15,Male,School,1221,Ralston,Renfrewshire,PA1,Glasgow
3,55.81630901697516,-4.489555854506094,1653843576,13,1961,61,Female,Y,1236,"Paisley (south: Blackhall, Castlehead, Dykebar, Foxbar, Hunterhill, Meikleriggs)",Renfrewshire,PA2,Glasgow
3,56.49745696856993,-3.0247505417506733,1653843730,14,1987,35,Male,N,236,"Lochee, Dundee",Dundee,"Dundee Central","Tayside and Angus (Dundee)"
3,55.816047575752904,-4.069578814659962,1653845564,17,1965,57,Female,Y,526,Viewpark,"North Lanarkshire",G71,Glasgow
3,57.184917817723985,-2.2682624203409967,1653857761,43,1955,67,Female,Y,115,"Grandholm, Aberdeen",Aberdeen,"Aberdeen North","North East (Aberdeen)"
3,56.48341131635302,-2.829885448850695,1653860855,52,1958,64,Female,N,247,"Broughty Ferry, Dundee",Dundee,"Dundee East","Tayside and Angus (Dundee)"
3,55.95110966143187,-3.1235497522061735,1653886177,75,1986,36,Female,Y,280,"Duddingston, Edinburgh",Edinburgh,"Edinburgh Duddingston","Lothian (Edinburgh)"
3,57.69712881607929,-3.2285239240053474,1653910295,110,1984,38,Female,Y,737,Elgin,Moray,IV30,"North East (Aberdeen)"
3,55.94590925295818,-3.2376945196072433,1653914721,112,1988,34,Female,Y,293,"Comely Bank, Edinburgh",Edinburgh,"Edinburgh North","Lothian (Edinburgh)"
3,55.973818828876745,-3.190612518204806,1653915020,112,1988,34,Female,Y,293,"Comely Bank, Edinburgh",Edinburgh,"Edinburgh North","Lothian (Edinburgh)"
3,55.96055663669687,-3.1761132553727385,1653915770,118,1988,34,Female,N,299,"Broughton, Edinburgh",Edinburgh,"Edinburgh North","Lothian (Edinburgh)"
3,57.61281689088427,-2.8317292828925735,1655213775,227,2007,15,Male,School,91,Cullen,Moray,AB56,"North East (Aberdeen)"
3,57.65610493255165,-2.9952756232046163,1655213812,218,2006,16,Male,School,90,Buckie,Moray,AB56,"North East (Aberdeen)"
3,57.638135287509186,-3.0280703553083885,1655213871,223,2006,16,Male,N,94,Portgordon,Moray,AB56,"North East (Aberdeen)"
3,57.700527297506895,-2.889834754141352,1655213883,224,2006,16,Male,School,94,Portgordon,Moray,AB56,"North East (Aberdeen)"
3,57.63793098683814,-2.9671496477597947,1655214075,226,2006,16,Male,School,90,Buckie,Moray,AB56,"North East (Aberdeen)"
3,57.66961466845387,-2.949245118997137,1655291121,250,2009,13,Female,School,90,Buckie,Moray,AB56,"North East (Aberdeen)"
3,55.423701451643,-2.658963144228971,1655291158,256,2008,14,Female,School,1493,Hawick,"Scottish Borders",TD9,Borders
3,57.64963337937485,-2.943923297052345,1655291170,243,2008,14,Male,School,90,Buckie,Moray,AB56,"North East (Aberdeen)"
3,57.69476203151356,-2.892745835202988,1655291171,247,2008,14,Female,School,95,Portknockie,Moray,AB56,"North East (Aberdeen)"
3,55.421413102427955,-2.949475635180714,1655291572,256,2008,14,Female,School,1493,Hawick,"Scottish Borders",TD9,Borders
3,57.65835866017633,-2.9759717195975313,1655293504,261,2005,17,Male,School,90,Buckie,Moray,AB56,"North East (Aberdeen)"
3,57.67048431309944,-2.829863904546895,1655299872,288,2006,16,Female,School,93,Portessie,Moray,AB56,"North East (Aberdeen)"
3,57.66211601522192,-2.887096957909461,1655300249,291,2006,16,Male,School,90,Buckie,Moray,AB56,"North East (Aberdeen)"
3,55.93127858207182,-4.344977029530485,1655566713,302,1991,31,Female,Y,488,Bearsden,"East Dunbartonshire",G61,Glasgow
3,60.210605415324984,-1.347380071843987,1663161990,359,2008,14,Female,School,1512,Brae,"Shetland Isles",ZE2,"Shetland Islands"
3,60.17404181950853,-1.157963487843869,1663162691,351,2008,14,Male,School,1500,Lerwick,"Shetland Isles",ZE1,"Shetland Islands"
3,55.86544127423354,-4.2873612887519865,1663178540,388,1994,28,Female,Y,587,"Jordanhill, Glasgow",Glasgow,"Glasgow Kelvin",Glasgow
3,55.83679846839269,-4.245478589803088,1663178853,385,1958,64,Female,Y,678,"Cardonald, Glasgow",Glasgow,"Glasgow Southwest",Glasgow
3,57.521471212667976,-7.614824437021348,1663178879,386,1988,34,Female,Y,693,"Isle of North Uist","Western Isles",HS6,"Western Isles"
3,55.946365415774544,-4.764819076505003,1663178977,387,1991,31,Female,Y,1230,"Greenock (central and east: Bogston, Bridgend, Cartsdyke, Gibshill, Greenock Central, Ladyburn, Upper Ingleston)",Inverclyde,PA15,Glasgow
3,55.51052019764064,-2.4950368034000903,1663179297,391,1972,50,Female,N,1451,Kelso,"Scottish Borders",TD5,Borders
3,56.01974315988336,-3.791026026854444,1663240074,421,1992,30,Female,Y,425,Polmont, Falkirk,FK2,"Stirling and Falkirk"
3,55.804171283320144,-4.264000320124491,1663250250,425,1982,40,Female,Y,645,Clarkston,"East Renfrewshire","Glasgow South",Glasgow
3,55.793117626899075,-4.310795488523153,1663271854,428,1963,59,Male,Y,646,"Burnside, Glasgow",Glasgow,"Glasgow South",Glasgow
3,56.24115346029106,-4.754428541397969,1664388179,444,1989,33,Female,Y,557,Alexandria,"West Dunbartonshire",G83,"Argyll and Bute"
3,55.84381556735885,-4.284723491816139,1664778990,454,1955,67,Male,Y,648,"Shawlands, Glasgow",Glasgow,"Glasgow South",Glasgow
3,55.80804720085074,-4.302084261157424,1664779324,454,1955,67,Male,Y,648,"Shawlands, Glasgow",Glasgow,"Glasgow South",Glasgow
3,55.98653826620578,-4.530947226223365,1664795850,505,1992,30,Other,Y,548,Cardross,"Argyll and Bute",G82,Glasgow
3,56.13181261175272,-4.168861860309475,1664795861,509,1992,30,Female,Y,473,"Stirling (centre and west: Kings Park, Raploch, Riverside)",Stirlingshire,FK8,"Stirling and Falkirk"
3,55.89140530374077,-4.336965114817392,1664798292,528,1965,57,Female,N,641,"Knightswood, Glasgow",Glasgow,"Glasgow Northwest",Glasgow
3,56.480570216626255,-2.894468521735386,1664799286,517,1976,46,Male,Y,251,"Kirkton, Dundee",Dundee,"Dundee North","Tayside and Angus (Dundee)"
3,55.90978018221557,-4.604306042982652,1664799572,534,1952,70,Male,Y,1229,"Port Glasgow",Inverclyde,PA14,Glasgow
3,55.815399205272044,-3.994608825073451,1664800780,538,1964,58,Female,Y,1186,Bellshill,"North Lanarkshire",ML4,Glasgow
3,56.092782423169346,-3.9419629412096095,1664801465,547,1996,26,Male,Y,464,"Stirling (south and east: Braehead, Borestone, Broomridge, Torbrex)",Stirlingshire,FK7,"Stirling and Falkirk"
3,56.1083947420345,-3.7345202404109528,1664801788,545,1971,51,Female,Y,390,Kincardine,Fife,FK10,"Stirling and Falkirk"
3,56.472621586699105,-3.0287617681317567,1664802456,558,1960,62,Female,Y,242,"St Marys, Dundee",Dundee,"Dundee Central","Tayside and Angus (Dundee)"
3,56.233312718619544,-3.259397150560795,1664802468,556,1975,47,Female,Y,1130,Leslie,Fife,KY6,Fife
3,57.76828753323137,-3.924738197600778,1664803328,557,1958,64,Male,Y,717,"Hill of Fearn",Highland,IV20,"Highlands (Inverness)"
3,56.459701779772296,-2.9717869850187744,1664803678,562,1952,70,Female,N,236,"Lochee, Dundee",Dundee,"Dundee Central","Tayside and Angus (Dundee)"
3,55.108339256056595,-3.5600949608751686,1664806120,587,1959,63,Female,Y,186,"Dumfries (centre and east: Dalscone, Georgetown, Heathhall, Kingholm Quay, Noblehill, The Crichton)","Dumfries and Galloway",DG1,"Dumfries and Galloway"
3,56.39254687771395,-3.612157450905244,1664806410,589,1963,59,Female,Y,1313,"Perth (north and west: Burghmuir, Cherrybank, Hillyland, Inveralmond, Lethom, Muirton, North Muirton, Tulloch)","Perth and Kinross",PH1,Fife
3,55.59907725096974,-2.8743153809862796,1664807115,591,1961,61,Female,Y,1415,Stow,"Scottish Borders",TD1,Borders
3,55.97076170944435,-4.409056363308617,1664809622,605,1975,47,Female,Y,546,Clydebank,"West Dunbartonshire",G81,Glasgow
3,55.691414663881865,-4.06980007292963,1664809657,609,1968,54,Male,Y,1160,Strathaven,"North Lanarkshire",ML10,Glasgow
3,56.606461794868125,-3.099041394971042,1664809820,608,1975,47,Male,Y,181,Kirriemuir,Angus,DD8,"Tayside and Angus (Dundee)"
3,55.944347648821996,-3.061915392320454,1664810873,616,1952,70,Female,Y,333,"Newcraighall, Edinburgh",Edinburgh,EH21,"Lothian (Edinburgh)"
3,56.32754287284294,-2.885060732933027,1664813573,629,1993,29,Male,Y,1114,"St Andrews",Fife,KY16,Fife
3,55.821167316492435,-4.694283805213389,1664814393,643,1975,47,Male,Y,1226,Lochwinnoch,Renfrewshire,PA12,Glasgow
3,55.74629722805347,-4.233506252325835,1664816531,655,1986,36,Female,Y,534,"East Kilbride (south: Hairmyres, Westwood, The Murray, Murray East, Whitehills, Greenhill, Newlandsmuir, Gardenhall, Crosshouse, Newlands, Lindsayfield, Mossneuk)","South Lanarkshire",G75,Glasgow
3,55.70471133186744,-4.180965049683121,1664816993,661,1983,39,Female,Y,534,"East Kilbride (south: Hairmyres, Westwood, The Murray, Murray East, Whitehills, Greenhill, Newlandsmuir, Gardenhall, Crosshouse, Newlands, Lindsayfield, Mossneuk)","South Lanarkshire",G75,Glasgow
3,55.89107159981781,-4.3759631420743315,1664817159,639,1984,38,Female,Y,644,"Partick, Glasgow",Glasgow,"Glasgow Northwest",Glasgow
3,55.96604468275492,-3.2167626487563408,1664817574,663,1982,40,Female,Y,287,"Corstorphine, Edinburgh",Edinburgh,"Edinburgh North","Lothian (Edinburgh)"
3,55.89963029253013,-4.343627562373423,1664819273,677,1978,44,Female,N,638,"Drumchapel, Glasgow",Glasgow,"Glasgow Northwest",Glasgow
3,55.86138599097489,-4.460109394022596,1664821157,695,2004,18,Male,School,1249,"Paisley (north west: Ferguslie Park, Gallowhill, Gockston, Shortroods, )",Renfrewshire,PA3,Glasgow
3,56.49116253683641,-3.0473260919229563,1664823770,712,1956,66,Female,Y,239,"Charleston, Dundee",Dundee,"Dundee Central","Tayside and Angus (Dundee)"
3,55.808126673235385,-4.3427876106271075,1664826047,710,1999,23,Male,Y,672,"Govan, Glasgow",Glasgow,"Glasgow Southwest",Glasgow
3,55.8453343822013,-4.658465172967723,1664826744,731,1996,26,Female,Y,1222,Kilbarchan,Renfrewshire,PA10,Glasgow
3,60.117816061599704,-1.298589221370767,1664827399,735,1982,40,Female,Y,1500,Lerwick,"Shetland Isles",ZE1,"Shetland Islands"
3,58.55414376385974,-3.458774922478587,1664828420,741,1944,78,Male,N,931,Borgie,Highland,KW14,"Highlands (Inverness)"
3,56.57043350049561,-3.0436971928234082,1664831089,753,1955,67,Male,N,181,Kirriemuir,Angus,DD8,"Tayside and Angus (Dundee)"
3,55.7386211141647,-4.411084044306076,1664831216,761,1985,37,Female,Y,539,"Newton Mearns","East Renfrewshire",G77,Glasgow
3,56.10067994684999,-3.8116121099938924,1664833142,765,1984,38,Female,Y,464,"Stirling (south and east: Braehead, Borestone, Broomridge, Torbrex)",Stirlingshire,FK7,"Stirling and Falkirk"
3,55.69994852303757,-4.16628031643308,1664834264,691,1984,38,Female,Y,534,"East Kilbride (south: Hairmyres, Westwood, The Murray, Murray East, Whitehills, Greenhill, Newlandsmuir, Gardenhall, Crosshouse, Newlands, Lindsayfield, Mossneuk)","South Lanarkshire",G75,Glasgow
3,55.73164392304774,-4.050243591895904,1664834820,779,2003,19,Female,Y,1183,Hamilton,"South Lanarkshire",ML3,Glasgow
3,55.82832762632974,-4.34690690423879,1664840292,789,1971,51,Male,Y,672,"Govan, Glasgow",Glasgow,"Glasgow Southwest",Glasgow
3,56.16269580031845,-3.9176609604871375,1664849374,798,2004,18,Female,School,479,"Stirling (north: Causewayhead, Cornton)",Stirlingshire,FK9,"Stirling and Falkirk"
3,55.882348678288004,-4.312240330368742,1664865188,805,1962,60,Female,Y,586,"Kelvinside, Glasgow",Glasgow,"Glasgow Kelvin",Glasgow
3,55.642860126214806,-4.817898808185743,1664868075,784,1959,63,Female,Y,813,Ardrossan,"North Ayrshire",KA22,Ayrshire
3,55.671906284658895,-4.837568283128262,1664868352,784,1959,63,Female,Y,813,Ardrossan,"North Ayrshire",KA22,Ayrshire
3,55.89120521174781,-3.292811968752894,1664870659,836,1998,24,Male,Y,319,"Blackford, Edinburgh",Edinburgh,"Edinburgh South","Lothian (Edinburgh)"
3,56.471146695291495,-3.0410617571936243,1664871188,843,1979,43,Female,N,244,"Stobswell, Dundee",Dundee,"Dundee Central","Tayside and Angus (Dundee)"
3,55.83252359636881,-4.294034943415183,1664871242,847,1977,45,Female,Y,648,"Shawlands, Glasgow",Glasgow,"Glasgow South",Glasgow
3,56.377138576997105,-3.0028036357523065,1664871699,868,1992,30,Female,Y,1105,Cupar,Fife,KY15,Fife
3,55.93937526743236,-4.392900041360797,1664872561,898,1991,31,Female,Y,546,Clydebank,"West Dunbartonshire",G81,Glasgow
3,56.24713699868648,-4.224528818100703,1664872689,897,1994,28,Female,Y,410,Callander,Stirlingshire,FK17,"Stirling and Falkirk"
3,55.82256267343363,-4.356995153473729,1664872702,894,1975,47,Female,N,678,"Cardonald, Glasgow",Glasgow,"Glasgow Southwest",Glasgow
3,56.62804112333485,-3.0510673319937576,1664873238,920,1959,63,Male,Y,181,Kirriemuir,Angus,DD8,"Tayside and Angus (Dundee)"
3,56.421395147332866,-2.8120530992655586,1664873467,916,1991,31,Other,Y,175,Newport-on-Tay,Fife,DD6,"Tayside and Angus (Dundee)"
3,55.5593585699914,-4.622832500306536,1664873685,879,1978,44,Female,Y,784,Troon,"South Ayrshire",KA10,Ayrshire
3,55.66386986273783,-4.240265609600027,1664873968,877,1974,48,Male,Y,796,Darvel,"East Ayrshire",KA17,Ayrshire
3,58.3951399561096,-6.374045741986655,1664874103,923,1997,25,Male,Y,688,"Isle of Lewis","Western Isles (outside of Stornoway)",HS2,"Western Isles"
3,55.67408201213974,-3.4629584477668036,1664874269,937,2000,22,Other,Y,1170,Biggar,"South Lanarkshire",ML12,Glasgow
3,56.35441106544171,-2.906716273263236,1664875925,1006,1961,61,Female,Y,1114,"St Andrews",Fife,KY16,Fife
3,55.82589350499721,-4.361707272757809,1664876163,1007,1961,61,Male,Y,678,"Cardonald, Glasgow",Glasgow,"Glasgow Southwest",Glasgow
3,55.933740626459965,-4.422665238954679,1664876793,1049,1994,28,Male,Y,546,Clydebank,"West Dunbartonshire",G81,Glasgow
3,56.035039293952735,-4.791567131905987,1664876941,1045,1976,46,Male,Y,567,Kilcreggan,"Argyll and Bute",G84,"Argyll and Bute"
3,57.22233486485337,-4.335047962000614,1664877277,1068,1984,38,Male,N,714,"Inverness (east: Culcabock, Crown, Culduthel, Drummond, Haugh, Hilton, Holm, Lochardil, Millburn, Raigmore)",Highland,IV2,"Highlands (Inverness)"
3,55.8083337455607,-4.3520145029935575,1664877337,1080,1988,34,Male,Y,661,"Govanhill, Glasgow",Glasgow,"Glasgow Southwest",Glasgow
3,55.945798398611856,-3.2493680231164115,1664877444,1084,1978,44,Female,Y,294,"Stockbridge, Edinburgh",Edinburgh,"Edinburgh North","Lothian (Edinburgh)"
3,55.88755888942695,-4.339974588072749,1664878104,1118,1955,67,Male,Y,586,"Kelvinside, Glasgow",Glasgow,"Glasgow Kelvin",Glasgow
3,55.41755537733659,-4.662509313583712,1664878255,1159,1996,26,Male,Y,856,"Ayr (Centre)","South Ayrshire",KA7,Ayrshire
3,56.014112448573535,-3.3934667202911335,1664878530,1165,2000,22,Female,Y,1091,Inverkeithing,Fife,KY11,Fife
3,55.8397053434478,-4.277473129826294,1664878541,1134,1965,57,Female,Y,660,"Arden, Glasgow",Glasgow,"Glasgow South",Glasgow
3,55.716506018020574,-2.8631124715309713,1664878795,1172,1990,32,Male,Y,1413,Galashiels,"Scottish Borders",TD1,Borders
3,55.761892187245145,-4.1324368163018415,1664878804,1148,1956,66,Male,Y,529,Cambuslang,"South Lanarkshire",G72,Glasgow
3,55.500218587408014,-4.605773119174856,1664878913,1188,1995,27,Male,Y,873,Prestwick,"South Ayrshire",KA9,Ayrshire
3,55.77478754684429,-4.445680459222179,1664878961,1164,1968,54,Female,Y,540,Barrhead,"East Renfrewshire",G78,Glasgow
3,57.17193574426503,-2.179522604453009,1664879066,1182,1983,39,Female,Y,104,"Tillydrone, Aberdeen",Aberdeen,"Aberdeen Central","North East (Aberdeen)"
3,55.94934851612499,-4.032717267094669,1664879389,1224,1970,52,Male,Y,517,"Cumbernauld (north: Balloch, Eastfield, Carrickstone, Smithstone, Blackwood, Westfield)","North Lanarkshire",G68,Glasgow
3,55.97247281771744,-4.0233901361774,1664880167,1268,1992,30,Female,N,506,Kilsyth,"North Lanarkshire",G65,Glasgow
3,57.132893479312884,-2.2014935077361235,1664880279,1225,1958,64,Female,N,133,"Bieldside, Aberdeen",Aberdeen,"Aberdeen Southwest","North East (Aberdeen)"
3,55.786548237011914,-4.074236167321804,1664880472,1246,2003,19,Female,Y,1183,Hamilton,"South Lanarkshire",ML3,Glasgow
3,56.47845003789982,-2.896431800238399,1664880724,1270,1968,54,Female,Y,255,"Fintry, Dundee",Dundee,"Dundee North","Tayside and Angus (Dundee)"
3,55.81319922327211,-4.063046384412613,1664880931,1263,1975,47,Female,Y,523,Bothwell,"South Lanarkshire",G71,Glasgow
3,58.06102868856119,-3.9420475434118134,1664881268,1272,1981,41,Male,Y,1071,Brora,Highland,KW9,"Highlands (Inverness)"
3,55.40516126244853,-4.667903786111699,1664881417,1288,1956,66,Female,Y,856,"Ayr (Centre)","South Ayrshire",KA7,Ayrshire
3,55.92418536326338,-3.2994012234868544,1664881642,1287,1964,58,Female,N,267,"Sighthill, Edinburgh",Edinburgh,"Edinburgh Central","Lothian (Edinburgh)"
3,57.046097064736635,-2.3510877779958244,1664881820,1290,1989,33,Female,Y,22,Banchory,Aberdeenshire,AB31,"North East (Aberdeen)"
3,56.11612633416887,-3.3571983031268653,1664882207,1125,1978,44,Female,Y,1121,Cowdenbeath,Fife,KY4,Fife
3,55.858801451886954,-4.085496009992427,1664882423,1321,1993,29,Male,Y,600,"Garrowhill, Glasgow",Glasgow,"Glasgow Northeast",Glasgow
3,55.09235575570395,-3.550299170447938,1664882571,1282,1981,41,Male,Y,186,"Dumfries (centre and east: Dalscone, Georgetown, Heathhall, Kingholm Quay, Noblehill, The Crichton)","Dumfries and Galloway",DG1,"Dumfries and Galloway"
3,57.142239808602305,-2.2767068363140437,1664882916,1340,1990,32,Female,Y,26,Echt,Aberdeenshire,AB32,"North East (Aberdeen)"
3,55.621276821339904,-4.29720322054552,1664883044,1345,1985,37,Female,Y,795,Newmilns,"East Ayrshire",KA16,Ayrshire
3,55.92848600852461,-4.217175186975876,1664883651,1371,1980,42,Female,Y,502,Bishopbriggs,"East Dunbartonshire",G64,Glasgow
3,57.38325457417468,-4.2911636592306195,1664883702,1357,1980,42,Female,Y,715,Balloch,Highland,IV2,"Highlands (Inverness)"
3,55.44106891691154,-4.627887629316979,1664884206,1237,1969,53,Female,Y,856,"Ayr (Centre)","South Ayrshire",KA7,Ayrshire
3,55.87760684079919,-3.294748825510528,1664884564,1376,1990,32,Female,Y,308,"Liberton, Edinburgh",Edinburgh,"Edinburgh South","Lothian (Edinburgh)"
3,56.15760895707596,-3.9251479906493274,1664884679,1383,1957,65,Female,Y,477,"Bridge of Allan",Stirlingshire,FK9,"Stirling and Falkirk"
3,56.018709973483496,-2.7430184339918635,1664884765,1266,1993,29,Male,Y,355,"North Berwick","East Lothian",EH39,"Lothian (Edinburgh)"
3,56.12734595423082,-3.6265677472923636,1664884824,1408,1960,62,Female,Y,1096,"Dunfermline (centre, north, west: Abbey Parks, Lady's Mill, Garvock, Headwell, Kingseathill, Wellwood, Milesmark, Baldridge, Pittencrieff, Baldridgeburn)",Fife,KY12,Fife
3,56.63490458792812,-2.6990797864041207,1664884938,1400,1990,32,Male,Y,179,Forfar,Angus,DD8,"Tayside and Angus (Dundee)"
3,56.281130055462384,-4.1742432739596635,1664885019,1420,1988,34,Male,Y,410,Callander,Stirlingshire,FK17,"Stirling and Falkirk"
3,56.066185939815256,-3.750117008145229,1664885196,1421,1984,38,Female,Y,430,Brightons,Falkirk,FK2,"Stirling and Falkirk"
3,56.00796306364716,-3.8413556684481827,1664885672,1404,1992,30,Female,Y,450,Stenhousemuir,Falkirk,FK5,"Stirling and Falkirk"
3,57.61653223519592,-3.494705120557051,1664885947,949,1992,30,Female,Y,740,Forres,Moray,IV36,"North East (Aberdeen)"
3,56.196794938265946,-3.502756594362834,1664886051,1469,1996,26,Female,Y,1098,Kinross,"Perth and Kinross",KY13,Fife
3,55.76352281302538,-4.27697888237354,1664886230,1470,1982,40,Male,Y,530,"East Kilbride (north: The Village, East Mains, West Mains, Lymekilns, St Leonards, Calderwood, Nerston, Stewartfield, Peel Park)","South Lanarkshire",G74,Glasgow
3,55.94882331270491,-3.265772782281228,1664886523,1467,1995,27,Male,Y,288,"Murrayfield, Edinburgh",Edinburgh,"Edinburgh North","Lothian (Edinburgh)"
3,57.79327012766078,-3.925301692742758,1664887076,557,1958,64,Male,Y,717,"Hill of Fearn",Highland,IV20,"Highlands (Inverness)"
3,56.56971590864126,-3.00072296825993,1664887542,1502,1995,27,Female,Y,181,Kirriemuir,Angus,DD8,"Tayside and Angus (Dundee)"
3,56.06043401040433,-4.092479801462543,1664887813,1509,2004,18,Female,Y,464,"Stirling (south and east: Braehead, Borestone, Broomridge, Torbrex)",Stirlingshire,FK7,"Stirling and Falkirk"
3,56.016782118297265,-3.614005753791726,1664888018,1539,1969,53,Female,Y,370,Bo'ness,Falkirk,EH51,"Lothian (Edinburgh)"
3,55.734207491512365,-4.174790763072195,1664888076,1524,1999,23,Female,Y,534,"East Kilbride (south: Hairmyres, Westwood, The Murray, Murray East, Whitehills, Greenhill, Newlandsmuir, Gardenhall, Crosshouse, Newlands, Lindsayfield, Mossneuk)","South Lanarkshire",G75,Glasgow
3,57.073410704185214,-2.1930781082830717,1664888273,1543,1979,43,Female,N,11,Kincorth, Aberdeen,AB12,"North East (Aberdeen)"
3,55.948429177476626,-4.208996170952591,1664888633,1553,1988,34,Male,Y,502,Bishopbriggs,"East Dunbartonshire",G64,Glasgow
3,55.81605294294558,-4.316954324792605,1664889505,1576,1955,67,Female,N,672,"Govan, Glasgow",Glasgow,"Glasgow Southwest",Glasgow
3,55.97156855450574,-3.229906366931963,1664889561,1472,1976,46,Male,N,279,"Clermiston and Drumbrae, Edinburgh",Edinburgh,"Edinburgh Clermiston Granton","Lothian (Edinburgh)"
3,55.41226520240481,-4.661572718404897,1664890363,1605,1985,37,Female,Y,859,Doonfoot,"South Ayrshire",KA7,Ayrshire
3,56.96321351190834,-2.4146567458913286,1664890591,1508,1995,27,Female,Y,48,Stonehaven,Aberdeenshire,AB39,"North East (Aberdeen)"
3,56.13961888918013,-3.9889013128149675,1664892174,1577,2003,19,Male,Y,479,"Stirling (north: Causewayhead, Cornton)",Stirlingshire,FK9,"Stirling and Falkirk"
3,55.39541530461836,-4.764391586744931,1664892620,1653,1988,34,Female,Y,856,"Ayr (Centre)","South Ayrshire",KA7,Ayrshire
3,55.83611619760145,-4.249516258128105,1664893153,1675,1974,48,Female,N,672,"Govan, Glasgow",Glasgow,"Glasgow Southwest",Glasgow
3,55.97323536172272,-3.665110881064701,1664893180,1631,1996,26,Male,Y,369,Linlithgow,"West Lothian",EH49,"Lothian (Edinburgh)"
3,56.103234617200265,-3.9077331008605407,1664893305,1676,1995,27,Female,Y,464,"Stirling (south and east: Braehead, Borestone, Broomridge, Torbrex)",Stirlingshire,FK7,"Stirling and Falkirk"
3,55.897641470385516,-3.190462104700029,1664893714,1672,1949,73,Female,N,322,"Gilmerton, Edinburgh",Edinburgh,"Edinburgh Southeast","Lothian (Edinburgh)"
3,58.477813429749354,-4.120258654356819,1664893759,1694,1996,26,Other,Y,953,Reay,Highland,KW14,"Highlands (Inverness)"
3,56.284768383503376,-2.8292723754713904,1664894552,1706,1989,33,Female,Y,1114,"St Andrews",Fife,KY16,Fife
3,56.158158611929345,-3.342890712640626,1664894679,1713,1980,42,Male,Y,1125,Ballingry,Fife,KY5,Fife
3,55.88607999260194,-3.1883710814918236,1664895417,1725,1963,59,Male,Y,316,"Bruntsfield, Edinburgh",Edinburgh,"Edinburgh South","Lothian (Edinburgh)"
3,55.8613512301054,-3.9305490834121493,1664895952,1744,1987,35,Female,Y,1192,Airdrie,"North Lanarkshire",ML6,Glasgow
3,55.85056681631522,-3.9567501850045166,1664896143,1715,1962,60,Female,N,1192,Airdrie,"North Lanarkshire",ML6,Glasgow
3,56.76586572964503,-2.8084166921520772,1664896338,1742,1964,58,Female,N,182,Brechin,Angus,DD9,"Tayside and Angus (Dundee)"
3,55.90909841255046,-2.907399314087893,1664897126,1784,1988,34,Female,Y,350,Pencaitland,"East Lothian",EH34,"Lothian (Edinburgh)"
3,57.208850958154024,-2.0683810577376,1664897232,1749,1994,28,Male,Y,113,"Bridge of Don, Aberdeen",Aberdeen,"Aberdeen North","North East (Aberdeen)"
3,55.58786061800874,-2.48275151885281,1664897577,1798,1997,25,Other,Y,1451,Kelso,"Scottish Borders",TD5,Borders
3,55.58916489843891,-4.2253874919196575,1664897929,1800,1966,56,Female,Y,796,Darvel,"East Ayrshire",KA17,Ayrshire
3,55.938644328702,-4.87304032881423,1664898402,1817,1989,33,Female,Y,1235,Gourock,Inverclyde,PA19,Glasgow
3,55.97022835384741,-4.4388634172450026,1664898963,1815,1964,58,Male,Y,546,Clydebank,"West Dunbartonshire",G81,Glasgow
3,55.870859189634245,-4.333586093356166,1664899542,1827,1996,26,Female,Y,639,"Scotstoun, Glasgow",Glasgow,"Glasgow Northwest",Glasgow
3,55.888773407529214,-4.042211292670935,1664899891,1850,1967,55,Female,Y,1189,Coatbridge,"North Lanarkshire",ML5,Glasgow
3,56.4933147340359,-3.0158992177416475,1664900035,1855,1976,46,Male,Y,245,"Law, Dundee",Dundee,"Dundee Central","Tayside and Angus (Dundee)"
3,55.52587044504366,-4.561289301360669,1664900728,1869,1995,27,Female,Y,873,Prestwick,"South Ayrshire",KA9,Ayrshire
3,55.33541250642791,-5.704281270246195,1664901708,1887,1993,29,Female,Y,1246,Campbeltown,"Argyll and Bute",PA28,"Argyll and Bute"
3,57.58841596204215,-4.482106401819563,1664902390,1912,1973,49,Male,Y,705,Dingwall,Highland,IV15,"Highlands (Inverness)"
3,55.88842971554001,-4.47520936608806,1664902548,1924,2004,18,Male,Y,1264,Renfrew,Renfrewshire,PA4,Glasgow
3,55.94836052749405,-2.8978243679921514,1664902755,1923,1993,29,Female,Y,349,Tranent,"East Lothian",EH33,"Lothian (Edinburgh)"
3,55.86462395378503,-4.181142022776723,1664903073,1928,1980,42,Female,Y,615,"Bridgeton, Glasgow",Glasgow,"Glasgow Northeast",Glasgow
3,55.9736659628113,-3.166237471185024,1664904034,1950,1959,63,Female,Y,285,"Leith, Edinburgh",Edinburgh,"Edinburgh Leith","Lothian (Edinburgh)"
3,55.86203904558693,-4.348437788336266,1664905104,1481,1990,32,Female,Y,661,"Govanhill, Glasgow",Glasgow,"Glasgow Southwest",Glasgow
3,55.55561036277963,-4.654692534732053,1664905546,1983,1970,52,Female,Y,784,Troon,"South Ayrshire",KA10,Ayrshire
3,55.98869328049058,-4.1398669553678635,1664906296,1999,1991,31,Female,Y,510,"Milton of Campsie","East Dunbartonshire",G66,Glasgow
3,57.60315926011818,-3.4706546581377475,1664906668,2007,1978,44,Male,Y,737,Elgin,Moray,IV30,"North East (Aberdeen)"
3,55.771292498692986,-4.2919920988631635,1664906987,2025,1968,54,Female,Y,539,"Newton Mearns","East Renfrewshire",G77,Glasgow
3,55.63966760343139,-4.678633331278475,1664907480,2020,1986,36,Female,Y,787,"Irvine (centre: Castlepark, Tarryholme)","North Ayrshire",KA12,Ayrshire
3,58.39322393678903,-6.215895944090906,1664907726,2046,1986,36,Male,Y,688,"Isle of Lewis","Western Isles (outside of Stornoway)",HS2,"Western Isles"
3,56.00687824597177,-2.8145369653341894,1664908115,2048,1993,29,Male,Y,355,"North Berwick","East Lothian",EH39,"Lothian (Edinburgh)"
3,55.871687475554495,-3.2255066578783698,1664908255,2049,1993,29,Female,Y,343,Penicuik,Midlothian,EH26,"Lothian (Edinburgh)"
3,55.62450743031287,-4.5778976581747175,1664908289,2053,1977,45,Female,Y,808,Crosshouse,"East Ayrshire",KA2,Ayrshire
3,55.68460432766641,-4.325857485769476,1664908355,2043,1992,30,Female,Y,835,Fenwick,"East Ayrshire",KA3,Ayrshire
3,55.74774510096682,-4.0948644686894875,1664909234,90,1947,75,Female,Y,1183,Hamilton,"South Lanarkshire",ML3,Glasgow
3,55.82193717227451,-4.190304691036928,1664909641,1037,1973,49,Female,Y,651,"Cathcart, Glasgow",Glasgow,"Glasgow South",Glasgow
3,55.99683369926437,-4.19188785616415,1664909656,2084,1993,29,Female,Y,507,Kirkintilloch,"East Dunbartonshire",G66,Glasgow
3,57.23565864246202,-2.334196586589033,1664909769,2077,1973,49,Female,Y,67,Oldmeldrum,Aberdeenshire,AB51,"North East (Aberdeen)"
3,55.875305018410145,-4.447782607906346,1664910178,2086,1969,53,Male,Y,1264,Renfrew,Renfrewshire,PA4,Glasgow
3,56.467605155535544,-3.0037774653307037,1664910335,2102,1973,49,Female,N,238,"Menzieshill, Dundee",Dundee,"Dundee Central","Tayside and Angus (Dundee)"
3,55.71414539230498,-4.806043642811977,1664910764,2113,1975,47,Female,Y,814,"West Kilbride","North Ayrshire",KA23,Ayrshire
3,55.7664722976857,-3.9805107898429637,1664910933,2108,1956,66,Female,N,1183,Hamilton,"South Lanarkshire",ML3,Glasgow
3,56.04777255136327,-3.7590406659226874,1664912361,2137,1958,64,Female,Y,422,"Falkirk (north: Grahamston, Middlefield, Westfield)",Falkirk,FK2,"Stirling and Falkirk"
3,55.680257420833534,-4.795407111991666,1664912778,2037,1985,37,Female,Y,813,Ardrossan,"North Ayrshire",KA22,Ayrshire
3,56.42867185042456,-2.8132858824980147,1664913323,916,1991,31,Other,Y,175,Newport-on-Tay,Fife,DD6,"Tayside and Angus (Dundee)"
3,56.4627404244127,-3.0051596873911883,1664914943,2205,1983,39,Male,Y,236,"Lochee, Dundee",Dundee,"Dundee Central","Tayside and Angus (Dundee)"
3,56.239764481083334,-2.6588922337158345,1664915330,2222,1992,30,Female,Y,1086,Anstruther,Fife,KY10,Fife
3,57.14701540935361,-4.472816918301815,1664915544,2225,1993,29,Male,Y,714,"Inverness (east: Culcabock, Crown, Culduthel, Drummond, Haugh, Hilton, Holm, Lochardil, Millburn, Raigmore)",Highland,IV2,"Highlands (Inverness)"
3,56.24384071376847,-2.92284021283549,1664915756,2235,1989,33,Female,Y,1140,Leven,Fife,KY8,Fife
3,55.08630749136997,-3.4925818313222674,1664915969,2236,1969,53,Female,Y,186,"Dumfries (centre and east: Dalscone, Georgetown, Heathhall, Kingholm Quay, Noblehill, The Crichton)","Dumfries and Galloway",DG1,"Dumfries and Galloway"
3,56.74178815323152,-3.0836676801850293,1664915988,1572,1952,70,Female,Y,181,Kirriemuir,Angus,DD8,"Tayside and Angus (Dundee)"
3,56.19152398315881,-2.8500761628790388,1664916229,2220,1994,28,Female,Y,1145,Kilconquhar,Fife,KY9,Fife
3,56.094024518565185,-3.3649640100604374,1664917087,2218,1996,26,Female,Y,1124,Kelty,Fife,KY4,Fife
3,56.47389484106824,-2.9536190128094693,1664917337,2259,1983,39,Female,Y,255,"Fintry, Dundee",Dundee,"Dundee North","Tayside and Angus (Dundee)"
3,55.78844991815496,-3.9365629871313357,1664917680,2280,1976,46,Male,Y,1151,Motherwell,"North Lanarkshire",ML1,Glasgow
3,56.08890927501223,-5.043401665331064,1664917790,2272,1984,38,Male,N,1241,Dunoon,"Argyll and Bute",PA23,"Argyll and Bute"
3,56.47216132123579,-2.850757209925387,1664918125,2290,1956,66,Male,Y,246,"West Ferry, Dundee",Dundee,"Dundee East","Tayside and Angus (Dundee)"
3,55.91008156619951,-4.828377144749098,1664918258,2262,1955,67,Female,Y,1231,"Greenock (west: Bow Farm, Braeside, Branchton, Fort Matilda, Gateside, Greenock West, Overton, Pennyfern, Smithston)",Inverclyde,PA16,Glasgow
3,55.78934936490634,-4.1622787576932145,1664918493,2273,2004,18,Male,Y,530,"East Kilbride (north: The Village, East Mains, West Mains, Lymekilns, St Leonards, Calderwood, Nerston, Stewartfield, Peel Park)","South Lanarkshire",G74,Glasgow
3,55.821081147759905,-4.314992291767683,1664918582,2288,1988,34,Male,Y,658,"Giffnock, Glasgow",Glasgow,"Glasgow South",Glasgow
3,55.95320737897512,-3.7216572393509484,1664918631,2081,1983,39,Male,Y,377,"Falkirk (centre and south: Arnothill, Bantaskin, Callendar Park, Glen Village, Hallglen, Lionthorn, Tamfourhill, Woodlands)",Falkirk,FK1,"Stirling and Falkirk"
3,55.9586194762856,-3.2377490361838968,1664919243,2307,1982,40,Female,Y,279,"Clermiston and Drumbrae, Edinburgh",Edinburgh,"Edinburgh Clermiston Granton","Lothian (Edinburgh)"
3,55.86368748868986,-4.317073966822095,1664919407,2314,1967,55,Male,Y,683,"Priesthill, Glasgow",Glasgow,"Glasgow Southwest",Glasgow
3,55.99488863117075,-4.232803203871241,1664921448,2301,2006,16,Female,School,509,Lenzie,"East Dunbartonshire",G66,Glasgow
3,55.758353330767115,-4.215458289990025,1664921589,2370,2003,19,Other,N,534,"East Kilbride (south: Hairmyres, Westwood, The Murray, Murray East, Whitehills, Greenhill, Newlandsmuir, Gardenhall, Crosshouse, Newlands, Lindsayfield, Mossneuk)","South Lanarkshire",G75,Glasgow
3,55.929292799926884,-3.235946337461461,1664922253,2377,1993,29,Male,Y,317,"Marchmont, Edinburgh",Edinburgh,"Edinburgh South","Lothian (Edinburgh)"
3,56.895919054681436,-3.0871722440205263,1664923301,2383,2000,22,Female,N,182,Brechin,Angus,DD9,"Tayside and Angus (Dundee)"
3,55.945798462898935,-3.137473592336307,1664924516,2408,1992,30,Female,Y,281,"Portobello, Edinburgh",Edinburgh,"Edinburgh Duddingston","Lothian (Edinburgh)"
3,56.46653153815224,-3.0049037868049497,1664924715,2403,1990,32,Female,N,243,"Hilltown, Dundee",Dundee,"Dundee Central","Tayside and Angus (Dundee)"
3,55.52675268626637,-4.6063468824386975,1664926266,2413,1987,35,Female,Y,873,Prestwick,"South Ayrshire",KA9,Ayrshire
3,55.865009025649364,-4.660094334905771,1664927181,2419,1959,63,Female,N,1224,"Bridge of Weir",Renfrewshire,PA11,Glasgow
3,55.9427135509577,-3.238335298322956,1664950013,2463,1981,41,Female,Y,287,"Corstorphine, Edinburgh",Edinburgh,"Edinburgh North","Lothian (Edinburgh)"
3,56.21657930028665,-3.1171837667678526,1664952588,2472,1962,60,Female,Y,1134,Markinch,Fife,KY7,Fife
3,56.140286958967664,-3.2135539354205336,1664952725,2476,1960,62,Female,Y,1117,"Kirkcaldy (west: Hayfield, Templehall, Newliston, Chapel, Dunnikier, Bennochy)",Fife,KY2,Fife
3,55.96318392949324,-3.225621465156699,1664954154,2489,1972,50,Male,Y,299,"Broughton, Edinburgh",Edinburgh,"Edinburgh North","Lothian (Edinburgh)"
3,55.773478085750206,-4.151107353997104,1664956486,2502,1977,45,Female,Y,530,"East Kilbride (north: The Village, East Mains, West Mains, Lymekilns, St Leonards, Calderwood, Nerston, Stewartfield, Peel Park)","South Lanarkshire",G74,Glasgow
3,54.87126295942499,-4.89134478920232,1664956859,2508,1990,32,Female,Y,231,Stranraer,"Dumfries and Galloway",DG9,"Dumfries and Galloway"
3,55.80257191534625,-4.2811184863116996,1664956991,2509,1980,42,Female,Y,653,"Netherlee, Glasgow",Glasgow,"Glasgow South",Glasgow
3,55.914999923850544,-4.321834405857456,1664958828,2518,1993,29,Female,Y,488,Bearsden,"East Dunbartonshire",G61,Glasgow
3,55.94666235480262,-3.935981737241756,1664958897,2532,1962,60,Female,N,514,"Cumbernauld (south: Condorrat, Lenziemill, Carbrain, Kildrum, Cumbernauld Village, Abronhill, Seafar)","North Lanarkshire",G67,Glasgow
3,56.17176665594496,-4.3653301277061285,1664959323,2536,1999,23,Female,Y,465,Aberfoyle,Stirlingshire,FK8,"Stirling and Falkirk"
3,55.81949136918451,-4.254207118485794,1664959666,2535,2000,22,Female,Y,648,"Shawlands, Glasgow",Glasgow,"Glasgow South",Glasgow
3,55.76765031416921,-3.883867965641024,1664959999,2544,1956,66,Male,Y,1180,Wishaw,"North Lanarkshire",ML2,Glasgow
3,55.42543001126095,-4.64978757028629,1664960381,2545,1952,70,Female,N,856,"Ayr (Centre)","South Ayrshire",KA7,Ayrshire
3,55.92122456092992,-3.291176745868748,1664961058,2557,1979,43,Female,Y,267,"Sighthill, Edinburgh",Edinburgh,"Edinburgh Central","Lothian (Edinburgh)"
3,57.53909465327347,-3.3495206608047132,1664961404,2510,1994,28,Female,Y,737,Elgin,Moray,IV30,"North East (Aberdeen)"
3,57.2958475929453,-2.215980934663117,1664961911,2539,1990,32,Female,Y,117,Balmedie,Aberdeenshire,"Aberdeen North","North East (Aberdeen)"
3,55.90496745788354,-4.372709150271696,1664962000,2563,1994,28,Female,Y,641,"Knightswood, Glasgow",Glasgow,"Glasgow Northwest",Glasgow
3,56.48375096241245,-3.0127666786590677,1664962020,2564,1961,61,Female,N,236,"Lochee, Dundee",Dundee,"Dundee Central","Tayside and Angus (Dundee)"
3,56.46565046017,-3.0293125873946654,1664962286,2564,1961,61,Female,N,236,"Lochee, Dundee",Dundee,"Dundee Central","Tayside and Angus (Dundee)"
3,56.48258090016521,-3.0076403094002773,1664962586,2567,1962,60,Male,Y,245,"Law, Dundee",Dundee,"Dundee Central","Tayside and Angus (Dundee)"
3,57.51277781549602,-2.2286040103011406,1664963190,2575,1977,45,Female,Y,78,Turriff,Aberdeenshire,AB53,"North East (Aberdeen)"
3,55.94032024144674,-4.790438982712646,1664963856,2588,1988,34,Female,Y,1232,Inverkip,Inverclyde,PA16,Glasgow
3,57.196975037076776,-2.3863754566520385,1664963955,1178,1989,33,Female,N,65,Kemnay,Aberdeenshire,AB51,"North East (Aberdeen)"
3,55.90745235512919,-2.653322408077479,1664964317,2586,1967,55,Male,Y,357,Haddington,"East Lothian",EH41,"Lothian (Edinburgh)"
3,56.46235512076575,-3.0417752172644152,1664965656,2602,2001,21,Female,Y,261,"Westend, Dundee",Dundee,"Dundee West","Tayside and Angus (Dundee)"
3,56.6496564442272,-2.6679937294827942,1664968244,2621,1986,36,Female,Y,141,Arbroath,Angus,DD11,"Tayside and Angus (Dundee)"
3,55.87996715794212,-4.143504758566884,1664969713,2642,1996,26,Male,Y,637,"Woodside, Glasgow",Glasgow,"Glasgow Northeast",Glasgow
3,55.69733649648483,-4.1610829901892705,1664969831,2685,1980,42,Female,N,534,"East Kilbride (south: Hairmyres, Westwood, The Murray, Murray East, Whitehills, Greenhill, Newlandsmuir, Gardenhall, Crosshouse, Newlands, Lindsayfield, Mossneuk)","South Lanarkshire",G75,Glasgow
3,55.76562018033381,-4.077480443461728,1664970303,2683,1955,67,Female,Y,1183,Hamilton,"South Lanarkshire",ML3,Glasgow
3,55.8842994163843,-4.241693722425795,1664970509,2709,1965,57,Male,Y,636,"Ruchill, Glasgow",Glasgow,"Glasgow Northeast",Glasgow
3,55.81301171221769,-4.226604743353089,1664970551,2698,1976,46,Male,Y,652,"King's Park, Glasgow",Glasgow,"Glasgow South",Glasgow
3,56.04280792314739,-3.3251515798523354,1664970790,2729,1976,46,Male,Y,1120,Kinghorn,Fife,KY3,Fife
3,55.938489086639784,-4.795794222740786,1664971242,2768,1971,51,Female,Y,1231,"Greenock (west: Bow Farm, Braeside, Branchton, Fort Matilda, Gateside, Greenock West, Overton, Pennyfern, Smithston)",Inverclyde,PA16,Glasgow
3,55.06090303269858,-4.342174919137643,1664971311,2751,1976,46,Female,N,222,"New Galloway","Dumfries and Galloway",DG7,"Dumfries and Galloway"
3,56.15364141679582,-3.567522010072598,1664971346,2746,2000,22,Female,N,1096,"Dunfermline (centre, north, west: Abbey Parks, Lady's Mill, Garvock, Headwell, Kingseathill, Wellwood, Milesmark, Baldridge, Pittencrieff, Baldridgeburn)",Fife,KY12,Fife
3,55.96336267516686,-4.153062423392593,1664971473,2779,1991,31,Female,N,507,Kirkintilloch,"East Dunbartonshire",G66,Glasgow
3,58.51016983915329,-3.6140887722155077,1664971790,2606,1992,30,Female,Y,913,Halkirk,Highland,KW12,"Highlands (Inverness)"
3,55.76042113060431,-4.268523940732096,1664971910,2831,1995,27,Male,Y,530,"East Kilbride (north: The Village, East Mains, West Mains, Lymekilns, St Leonards, Calderwood, Nerston, Stewartfield, Peel Park)","South Lanarkshire",G74,Glasgow
3,56.048654832772755,-5.046842956846009,1664972025,2829,1997,25,Female,Y,1241,Dunoon,"Argyll and Bute",PA23,"Argyll and Bute"
3,55.549614252048755,-4.6532414550849515,1664972732,2858,1994,28,Male,Y,784,Troon,"South Ayrshire",KA10,Ayrshire
3,55.61059019677486,-2.401957413580425,1664973200,2868,1977,45,Female,Y,1451,Kelso,"Scottish Borders",TD5,Borders
3,55.93863941370528,-4.244995452383248,1664973484,2836,1979,43,Female,Y,503,Torrance,"East Dunbartonshire",G64,Glasgow
3,55.612933399284024,-4.453987329601159,1664973511,1005,1971,51,Male,Y,837,"Kilmarnock (north: Onthank, Townholm, Altonhill, Longpark, Beansburn, New Farm Loch, Knockinlaw, Hillhead, Crookedholm)","East Ayrshire",KA3,Ayrshire
3,55.71454069241467,-4.194444925546864,1664973706,2899,1994,28,Other,Y,534,"East Kilbride (south: Hairmyres, Westwood, The Murray, Murray East, Whitehills, Greenhill, Newlandsmuir, Gardenhall, Crosshouse, Newlands, Lindsayfield, Mossneuk)","South Lanarkshire",G75,Glasgow
3,55.973123720985825,-4.381093676014602,1664973880,2897,1982,40,Female,Y,489,Milngavie,"East Dunbartonshire",G62,Glasgow
3,56.03175441867843,-3.979046833649497,1664974120,2928,1977,45,Male,Y,453,Dunipace,Falkirk,FK6,"Stirling and Falkirk"
3,55.80384078124344,-4.064790304337117,1664974333,2877,1971,51,Female,N,525,Uddingston,"South Lanarkshire",G71,Glasgow
3,55.773833115515416,-3.33975310368166,1664974355,2929,1994,28,Male,Y,363,"West Linton","Scottish Borders",EH46,Borders
3,55.5408421103628,-4.592371685796659,1664974394,2930,1953,69,Female,Y,779,"Kilmarnock (centre and south: Bonnyton, Grange, Bellfield, Shortlees, Caprington, Riccarton, Hurlford)","East Ayrshire",KA1,Ayrshire
3,55.734108781979664,-4.098272658735872,1664974656,2950,1970,52,Male,Y,1160,Strathaven,"North Lanarkshire",ML10,Glasgow
3,55.634236208662344,-4.4757808069370775,1664974909,2956,1956,66,Male,Y,837,"Kilmarnock (north: Onthank, Townholm, Altonhill, Longpark, Beansburn, New Farm Loch, Knockinlaw, Hillhead, Crookedholm)","East Ayrshire",KA3,Ayrshire
3,55.94345061399459,-3.9261094099387273,1664975041,1441,1982,40,Male,Y,514,"Cumbernauld (south: Condorrat, Lenziemill, Carbrain, Kildrum, Cumbernauld Village, Abronhill, Seafar)","North Lanarkshire",G67,Glasgow
3,55.86472400611623,-4.462459833802084,1664975074,2887,1992,30,Female,Y,1248,Linwood,Renfrewshire,PA3,Glasgow
3,55.940655398870184,-3.2274213623601904,1664975246,2968,1974,48,Female,Y,269,"Gorgie, Edinburgh",Edinburgh,"Edinburgh Central","Lothian (Edinburgh)"
3,57.174476074211526,-2.0915741771082357,1664975663,2979,1999,23,Male,Y,97,"Mastrick, Aberdeen",Aberdeen,"Aberdeen Central","North East (Aberdeen)"
3,55.768068981832506,-4.064025787786117,1664975705,3000,1995,27,Female,Y,1183,Hamilton,"South Lanarkshire",ML3,Glasgow
3,55.876679330787965,-3.7646542909740432,1664976063,3012,1967,55,Male,Y,367,Armadale,"West Lothian",EH48,"Lothian (Edinburgh)"
3,55.91994692530621,-3.779594183899805,1664976502,3034,1997,25,Female,Y,377,"Falkirk (centre and south: Arnothill, Bantaskin, Callendar Park, Glen Village, Hallglen, Lionthorn, Tamfourhill, Woodlands)",Falkirk,FK1,"Stirling and Falkirk"
3,57.37715609604937,-3.4144959203423646,1664976650,3039,1955,67,Female,N,1371,Grantown-On-Spey,Highland,PH26,"Highlands (Inverness)"
3,55.82774550285305,-4.367544074739065,1664976765,3056,1989,33,Female,N,678,"Cardonald, Glasgow",Glasgow,"Glasgow Southwest",Glasgow
3,56.40164128966055,-3.587385171802431,1664977010,3019,1996,26,Female,Y,1313,"Perth (north and west: Burghmuir, Cherrybank, Hillyland, Inveralmond, Lethom, Muirton, North Muirton, Tulloch)","Perth and Kinross",PH1,Fife
3,55.73759667895667,-3.492837751358547,1664977021,3057,1982,40,Female,Y,1167,Lanark,"South Lanarkshire",ML11,Glasgow
3,55.901443323375666,-4.83921736826644,1664977051,3026,1964,58,Female,Y,1231,"Greenock (west: Bow Farm, Braeside, Branchton, Fort Matilda, Gateside, Greenock West, Overton, Pennyfern, Smithston)",Inverclyde,PA16,Glasgow
3,55.89037242161036,-2.1556383177398932,1664977253,3061,1964,58,Female,Y,1431,Eyemouth,"Scottish Borders",TD14,Borders
3,55.93052753027738,-3.9312092990117082,1664977293,3069,1986,36,Female,Y,514,"Cumbernauld (south: Condorrat, Lenziemill, Carbrain, Kildrum, Cumbernauld Village, Abronhill, Seafar)","North Lanarkshire",G67,Glasgow
3,55.90568461861844,-3.9126101606877555,1664977419,3063,1980,42,Male,Y,1192,Airdrie,"North Lanarkshire",ML6,Glasgow
3,57.157266128586464,-2.442870203673217,1664977926,3090,2001,21,Male,Y,28,Westhill,Aberdeenshire,AB32,"North East (Aberdeen)"
3,55.945653744190444,-3.1845296198287016,1664978106,3083,1962,60,Female,Y,313,"Colinton, Edinburgh",Edinburgh,"Edinburgh South","Lothian (Edinburgh)"
3,55.749080238102664,-4.362089225489169,1664978299,3104,1985,37,Female,Y,539,"Newton Mearns","East Renfrewshire",G77,Glasgow
3,56.743329360710206,-3.597064804310758,1664978834,2947,1991,31,Female,Y,1318,Blairgowrie,"Perth and Kinross",PH10,Fife
3,55.963750676699014,-3.553232307666173,1664978876,3074,1997,25,Male,Y,369,Linlithgow,"West Lothian",EH49,"Lothian (Edinburgh)"
3,55.714328615927776,-4.158759096280699,1664979140,3146,1986,36,Female,Y,534,"East Kilbride (south: Hairmyres, Westwood, The Murray, Murray East, Whitehills, Greenhill, Newlandsmuir, Gardenhall, Crosshouse, Newlands, Lindsayfield, Mossneuk)","South Lanarkshire",G75,Glasgow
3,55.94271624498452,-4.8559533040906615,1664979153,3140,2001,21,Female,Y,1235,Gourock,Inverclyde,PA19,Glasgow
3,57.10853708676803,-2.138470190884827,1664979181,3141,1974,48,Female,Y,6,"Kirkton of Maryculter",Aberdeenshire,AB12,"North East (Aberdeen)"
3,55.96290859689841,-3.19051671176144,1664979299,3136,1997,25,Female,N,289,"Newhaven, Edinburgh",Edinburgh,"Edinburgh North","Lothian (Edinburgh)"
3,55.7579959948018,-3.888400060550663,1664979586,3147,1996,26,Female,Y,1212,Carluke,"South Lanarkshire",ML8,Glasgow
3,56.040826543685846,-3.381608048881789,1664979678,3166,1972,50,Female,N,1089,"Dalgety Bay",Fife,KY11,Fife
3,55.88676887807933,-4.349610987215079,1664979724,3151,1950,72,Female,Y,641,"Knightswood, Glasgow",Glasgow,"Glasgow Northwest",Glasgow
3,58.73642662554311,-2.9415822505028526,1664979761,3161,1962,60,Female,N,1025,"Orkney Islands",Orkney,KW17,"Orkney Islands"
3,56.05323949960561,-4.711170376111022,1664981410,3210,1982,40,Female,Y,567,Kilcreggan,"Argyll and Bute",G84,"Argyll and Bute"
3,55.95448136781615,-3.1487530310874354,1664981565,3221,1974,48,Female,Y,281,"Portobello, Edinburgh",Edinburgh,"Edinburgh Duddingston","Lothian (Edinburgh)"
3,58.57716429698111,-3.144037170265907,1664982017,2961,1980,42,Female,Y,879,Keiss,Highland,KW1,"Highlands (Inverness)"
3,55.90431364017015,-4.045007728346524,1664982192,3262,1968,54,Female,Y,1189,Coatbridge,"North Lanarkshire",ML5,Glasgow
3,55.7276489083571,-4.372933634587226,1664982349,3245,1973,49,Female,Y,539,"Newton Mearns","East Renfrewshire",G77,Glasgow
3,55.7560889393406,-3.9499411880898494,1664982732,3281,1997,25,Other,Y,1180,Wishaw,"North Lanarkshire",ML2,Glasgow
3,56.293063470579334,-3.063502753205014,1664983235,3269,1977,45,Female,Y,1639,Auchtermuchty,Fife,KY15,Fife
3,56.776772803952525,-2.923918893713348,1664983296,3298,1986,36,Female,Y,179,Forfar,Angus,DD8,"Tayside and Angus (Dundee)"
3,55.86685577429153,-4.289613861690394,1664983415,3306,1975,47,Female,Y,591,"Hillhead, Glasgow",Glasgow,"Glasgow Kelvin",Glasgow
3,55.978851688447186,-3.607738170572522,1664983913,3326,1990,32,Female,Y,369,Linlithgow,"West Lothian",EH49,"Lothian (Edinburgh)"
3,56.475918771675694,-2.9998283797944905,1664983996,3319,1970,52,Female,Y,238,"Menzieshill, Dundee",Dundee,"Dundee Central","Tayside and Angus (Dundee)"
3,55.94086921519852,-3.2705667677608576,1664984187,3302,1993,29,Male,Y,298,"Inverleith, Edinburgh",Edinburgh,"Edinburgh North","Lothian (Edinburgh)"
3,55.668128161838005,-4.3719389747668576,1664984205,3347,1991,31,Male,Y,834,Dunlop,"East Ayrshire",KA3,Ayrshire
3,55.77215384178659,-4.011012223100502,1664984349,3312,1967,55,Female,Y,1183,Hamilton,"South Lanarkshire",ML3,Glasgow
3,55.96955517080075,-3.552752934681817,1664984621,3339,1997,25,Other,Y,369,Linlithgow,"West Lothian",EH49,"Lothian (Edinburgh)"
3,57.12773967310139,-2.155564694279464,1664985052,3374,2003,19,Female,Y,128,"Mannofield, Aberdeen",Aberdeen,"Aberdeen Southwest","North East (Aberdeen)"
3,57.1036790543181,-2.2257039901053446,1664985583,3387,1978,44,Female,Y,128,"Mannofield, Aberdeen",Aberdeen,"Aberdeen Southwest","North East (Aberdeen)"
3,55.82921037133796,-4.324453512922871,1664985670,3389,1993,29,Female,Y,653,"Netherlee, Glasgow",Glasgow,"Glasgow South",Glasgow
3,57.71066930077234,-4.227261032163372,1664985718,3399,1969,53,Female,Y,708,Invergordon,Highland,IV18,"Highlands (Inverness)"
3,57.13583430521038,-2.0723109813833127,1664985736,3369,1964,58,Female,Y,127,"Torry, Aberdeen",Aberdeen,"Aberdeen Southeast","North East (Aberdeen)"
3,57.147260709542905,-2.2476678915007695,1664986058,3415,1982,40,Female,Y,113,"Bridge of Don, Aberdeen",Aberdeen,"Aberdeen North","North East (Aberdeen)"
3,56.01352318599881,-4.149070354645984,1664986060,3408,1979,43,Female,Y,501,Strathblane,Stirlingshire,G63,"Stirling and Falkirk"
3,55.91618565122528,-3.446864424788213,1664986070,3411,1959,63,Female,Y,371,Broxburn,"West Lothian",EH52,"Lothian (Edinburgh)"
3,55.75337176832164,-4.127647866558077,1664986210,3423,1966,56,Male,Y,530,"East Kilbride (north: The Village, East Mains, West Mains, Lymekilns, St Leonards, Calderwood, Nerston, Stewartfield, Peel Park)","South Lanarkshire",G74,Glasgow
3,56.09242283769729,-3.243547276466933,1664986225,3417,1969,53,Male,Y,1117,"Kirkcaldy (west: Hayfield, Templehall, Newliston, Chapel, Dunnikier, Bennochy)",Fife,KY2,Fife
3,55.79478792010396,-4.134437661152681,1664986652,3414,1980,42,Female,Y,529,Cambuslang,"South Lanarkshire",G72,Glasgow
3,57.65082607547971,-1.909851015395869,1664987019,3441,1965,57,Female,Y,57,Fraserburgh,Aberdeenshire,AB43,"North East (Aberdeen)"
3,57.600468865201165,-3.403304475905058,1664987148,3322,1980,42,Female,N,737,Elgin,Moray,IV30,"North East (Aberdeen)"
3,55.8773444041117,-3.2984210285243427,1664987400,3432,1977,45,Female,Y,313,"Colinton, Edinburgh",Edinburgh,"Edinburgh South","Lothian (Edinburgh)"
3,55.13809806188733,-3.59638793986856,1664988299,3456,1980,42,Female,Y,186,"Dumfries (centre and east: Dalscone, Georgetown, Heathhall, Kingholm Quay, Noblehill, The Crichton)","Dumfries and Galloway",DG1,"Dumfries and Galloway"
3,56.5514938906152,-2.7518309010281374,1664989140,3503,1983,39,Female,N,141,Arbroath,Angus,DD11,"Tayside and Angus (Dundee)"
3,55.82055208371652,-3.219985563101076,1664989589,3528,1985,37,Other,Y,343,Penicuik,Midlothian,EH26,"Lothian (Edinburgh)"
3,56.99900297247251,-2.459473419316934,1664989730,3267,1976,46,Female,Y,22,Banchory,Aberdeenshire,AB31,"North East (Aberdeen)"
3,55.99424318470513,-2.8656633066900032,1664989870,3474,1944,78,Female,N,348,Prestonpans,"East Lothian",EH32,"Lothian (Edinburgh)"
3,55.930413011007886,-4.170986728902657,1664991115,3557,1994,28,Female,Y,509,Lenzie,"East Dunbartonshire",G66,Glasgow
3,54.889975004766136,-3.7355827720883426,1664991312,3522,1953,69,Female,N,215,Dalbeattie,"Dumfries and Galloway",DG5,"Dumfries and Galloway"
3,56.021577007743616,-3.8668184304568087,1664991349,3581,1971,51,Female,Y,450,Stenhousemuir,Falkirk,FK5,"Stirling and Falkirk"
3,55.922333923693365,-3.8691448424397024,1664991422,3590,1965,57,Female,Y,379,California, Falkirk,FK1,"Stirling and Falkirk"
3,55.988473634263634,-2.8738801383914194,1664991589,3597,1996,26,Male,Y,347,Longniddry,"East Lothian",EH32,"Lothian (Edinburgh)"
3,56.47832867744188,-3.4383662434792788,1664991929,3619,2003,19,Female,Y,1354,"Perth (south and east: Barnhill, Bridgend, Craigie, Kincarrathie, Upper Craigie)","Perth and Kinross",PH2,Fife
3,55.84983101429366,-3.0936760752132573,1664992457,3635,1999,23,Female,Y,328,Bonnyrigg,Midlothian,EH19,"Lothian (Edinburgh)"
3,56.87028638143363,-5.013295234166983,1664992667,3626,1973,49,Female,Y,1377,"Fort William",Highland,PH33,"Highlands (Inverness)"
3,55.690313535413644,-4.549146702173611,1664993009,3650,1989,33,Female,Y,837,"Kilmarnock (north: Onthank, Townholm, Altonhill, Longpark, Beansburn, New Farm Loch, Knockinlaw, Hillhead, Crookedholm)","East Ayrshire",KA3,Ayrshire
3,55.74171391427188,-4.092869937649546,1664993434,3559,1978,44,Male,Y,1183,Hamilton,"South Lanarkshire",ML3,Glasgow
3,55.90295322605282,-4.834604109791698,1664993523,3672,1996,26,Male,Y,1231,"Greenock (west: Bow Farm, Braeside, Branchton, Fort Matilda, Gateside, Greenock West, Overton, Pennyfern, Smithston)",Inverclyde,PA16,Glasgow
3,55.939290483897224,-3.9891564912009643,1664993610,3662,1984,38,Male,Y,514,"Cumbernauld (south: Condorrat, Lenziemill, Carbrain, Kildrum, Cumbernauld Village, Abronhill, Seafar)","North Lanarkshire",G67,Glasgow
3,56.48612611861901,-2.75576825814692,1664993663,3657,1973,49,Female,Y,178,Carnoustie,Angus,DD7,"Tayside and Angus (Dundee)"
3,56.03728092470337,-2.8347830880500218,1664994029,3669,1972,50,Female,Y,345,Gullane,"East Lothian",EH31,"Lothian (Edinburgh)"
3,55.81893683381447,-4.27259555499196,1664994078,3684,1965,57,Male,N,660,"Arden, Glasgow",Glasgow,"Glasgow South",Glasgow
3,55.90700911815099,-4.0510103567347615,1664994278,3664,1958,64,Female,N,1189,Coatbridge,"North Lanarkshire",ML5,Glasgow
3,55.80371944420003,-4.841597562897505,1664994513,3700,1989,33,Female,Y,842,Largs,"North Ayrshire",KA30,Ayrshire
3,55.813511932519496,-4.421098081034563,1664994663,3671,1997,25,Female,Y,1236,"Paisley (south: Blackhall, Castlehead, Dykebar, Foxbar, Hunterhill, Meikleriggs)",Renfrewshire,PA2,Glasgow
3,55.87841896931236,-3.095947889513585,1664994777,3707,1973,49,Female,Y,328,Bonnyrigg,Midlothian,EH19,"Lothian (Edinburgh)"
3,55.953881337344995,-3.1982276199717767,1664994812,3692,1989,33,Male,N,294,"Stockbridge, Edinburgh",Edinburgh,"Edinburgh North","Lothian (Edinburgh)"
3,55.88564612484085,-4.2983827231338925,1664994907,3687,1979,43,Female,Y,587,"Jordanhill, Glasgow",Glasgow,"Glasgow Kelvin",Glasgow
3,56.479504641259275,-3.004295857677677,1664995172,3711,1983,39,Male,Y,237,"Blackness, Dundee",Dundee,"Dundee Central","Tayside and Angus (Dundee)"
3,55.89989215996639,-3.511019175553342,1664995193,3724,1996,26,Male,Y,375,Livingston,"West Lothian",EH54,"Lothian (Edinburgh)"
3,60.05265707433048,-1.2633875827603427,1664995540,3730,1968,54,Female,N,1572,Leebotten,"Shetland Isles",ZE2,"Shetland Islands"
3,57.1604196231362,-2.245464290460104,1664995623,3740,1957,65,Female,Y,111,"Bucksburn, Aberdeen",Aberdeen,"Aberdeen North","North East (Aberdeen)"
3,57.716389498842275,-4.126447831743834,1664995731,3764,1987,35,Female,Y,708,Invergordon,Highland,IV18,"Highlands (Inverness)"
3,55.85330724277705,-4.052996543355487,1664995736,3749,1994,28,Female,Y,1189,Coatbridge,"North Lanarkshire",ML5,Glasgow
3,56.49176464118316,-2.846252251022692,1664995756,3751,1970,52,Female,Y,249,Monifieth,Angus,"Dundee East","Tayside and Angus (Dundee)"
3,57.61950584259802,-3.1410032919555535,1664995911,3768,1978,44,Female,Y,739,Fochabers,Moray,IV32,"North East (Aberdeen)"
3,57.464053778494346,-3.6711791127216653,1664995956,3762,1963,59,Female,N,740,Forres,Moray,IV36,"North East (Aberdeen)"
3,55.82276991324271,-4.473728463239772,1664996019,3777,1982,40,Female,Y,1236,"Paisley (south: Blackhall, Castlehead, Dykebar, Foxbar, Hunterhill, Meikleriggs)",Renfrewshire,PA2,Glasgow
3,55.871363508103734,-4.194916149818424,1664996105,3742,1981,41,Male,N,619,"Tollcross, Glasgow",Glasgow,"Glasgow Northeast",Glasgow
3,55.83622141358264,-4.273633343951055,1664996196,3731,1980,42,Female,Y,650,"Newlands, Glasgow",Glasgow,"Glasgow South",Glasgow
3,55.86232991429561,-4.11777474049973,1664996415,3778,1946,76,Female,Y,628,"Balornock, Glasgow",Glasgow,"Glasgow Northeast",Glasgow
3,55.57602090790027,-4.6405785183015205,1664997030,3796,1996,26,Female,Y,785,"Irvine (east, south: Perceton, Lawthorn, Girdle Toll, Stanecastle, Bourtreehill, Broomlands, Dreghorn, Springside)","North Ayrshire",KA11,Ayrshire
3,56.018115913536576,-3.8689944299116554,1664997229,3819,1988,34,Female,Y,449,Larbert,Falkirk,FK5,"Stirling and Falkirk"
3,55.90718957604735,-3.127544665843466,1664997671,3834,1985,37,Female,Y,322,"Gilmerton, Edinburgh",Edinburgh,"Edinburgh Southeast","Lothian (Edinburgh)"
3,55.71926356173762,-4.179737330740787,1664997917,3850,1977,45,Female,Y,534,"East Kilbride (south: Hairmyres, Westwood, The Murray, Murray East, Whitehills, Greenhill, Newlandsmuir, Gardenhall, Crosshouse, Newlands, Lindsayfield, Mossneuk)","South Lanarkshire",G75,Glasgow
3,55.92255048086463,-3.292689054641905,1664997971,3830,1970,52,Female,Y,262,"Wester Hailes, Edinburgh",Edinburgh,"Edinburgh Central","Lothian (Edinburgh)"
3,56.0944964052515,-3.186914022126131,1664998112,3863,1978,44,Female,Y,1117,"Kirkcaldy (west: Hayfield, Templehall, Newliston, Chapel, Dunnikier, Bennochy)",Fife,KY2,Fife
3,56.28581891781906,-3.54851512298303,1664998123,3861,1994,28,Female,Y,1354,"Perth (south and east: Barnhill, Bridgend, Craigie, Kincarrathie, Upper Craigie)","Perth and Kinross",PH2,Fife
3,57.10063396198394,-2.248169929109052,1664998195,3814,1993,29,Male,Y,128,"Mannofield, Aberdeen",Aberdeen,"Aberdeen Southwest","North East (Aberdeen)"
3,55.624028913078526,-4.710534023803329,1664998265,3845,1998,24,Female,Y,811,Stevenston,"North Ayrshire",KA20,Ayrshire
3,55.678444261797935,-3.894700372982131,1664998390,3808,1980,42,Male,Y,1167,Lanark,"South Lanarkshire",ML11,Glasgow
3,55.917007507130904,-4.000014525315173,1664998701,3883,1990,32,Male,Y,514,"Cumbernauld (south: Condorrat, Lenziemill, Carbrain, Kildrum, Cumbernauld Village, Abronhill, Seafar)","North Lanarkshire",G67,Glasgow
3,55.79638700439704,-4.3209293462089375,1664999070,3878,1967,55,Female,Y,652,"King's Park, Glasgow",Glasgow,"Glasgow South",Glasgow
3,56.32307183357863,-3.3405462046282874,1664999192,3880,1988,34,Female,Y,1352,Meikleour,"Perth and Kinross",PH2,Fife
3,56.09932417880208,-3.5484736045905794,1664999203,3907,1974,48,Female,N,1096,"Dunfermline (centre, north, west: Abbey Parks, Lady's Mill, Garvock, Headwell, Kingseathill, Wellwood, Milesmark, Baldridge, Pittencrieff, Baldridgeburn)",Fife,KY12,Fife
3,55.73818255013711,-4.351474001666452,1664999228,3920,1981,41,Female,Y,539,"Newton Mearns","East Renfrewshire",G77,Glasgow
3,55.890803990148086,-4.143242574102309,1664999425,3888,1996,26,Female,Y,483,Stepps,"North Lanarkshire",G33,Glasgow
3,56.03595438841376,-3.8489294066088062,1664999536,3927,1986,36,Other,Y,450,Stenhousemuir,Falkirk,FK5,"Stirling and Falkirk"
3,55.837342847497446,-4.482803281226481,1664999549,3905,1985,37,Female,N,1276,Johnstone,Renfrewshire,PA5,Glasgow
3,57.3488685665942,-4.18808404704832,1664999874,3922,1971,51,Male,Y,714,"Inverness (east: Culcabock, Crown, Culduthel, Drummond, Haugh, Hilton, Holm, Lochardil, Millburn, Raigmore)",Highland,IV2,"Highlands (Inverness)"
3,55.92371375486616,-3.7593895906090085,1665000050,3939,1981,41,Female,Y,377,"Falkirk (centre and south: Arnothill, Bantaskin, Callendar Park, Glen Village, Hallglen, Lionthorn, Tamfourhill, Woodlands)",Falkirk,FK1,"Stirling and Falkirk"
3,55.818816551409626,-4.318662076738179,1665000264,3936,1969,53,Female,Y,653,"Netherlee, Glasgow",Glasgow,"Glasgow South",Glasgow
3,55.78726611103045,-4.060595005918502,1665000378,3947,1958,64,Female,Y,1183,Hamilton,"South Lanarkshire",ML3,Glasgow
3,55.698242433004935,-4.103452104611834,1665000548,3935,1997,25,Female,Y,1160,Strathaven,"North Lanarkshire",ML10,Glasgow
3,56.173271230361024,-4.273583448278721,1665000707,3934,1975,47,Female,Y,473,"Stirling (centre and west: Kings Park, Raploch, Riverside)",Stirlingshire,FK8,"Stirling and Falkirk"
3,56.678691718394425,-3.4626708922473988,1665001167,3954,1987,35,Female,N,1319,"Bridge of Cally","Perth and Kinross",PH10,Fife
3,55.85605959973843,-4.217734794669791,1665001799,3989,1977,45,Female,Y,620,"Mount Vernon, Glasgow",Glasgow,"Glasgow Northeast",Glasgow
3,57.71609364731725,-3.335359748306255,1665002627,3779,1976,46,Male,Y,738,Lossiemouth,Moray,IV31,"North East (Aberdeen)"
3,56.10407858944964,-4.306359530509987,1665002767,4023,1985,37,Male,Y,473,"Stirling (centre and west: Kings Park, Raploch, Riverside)",Stirlingshire,FK8,"Stirling and Falkirk"
3,55.781611343026086,-3.9248956369128756,1665002907,4041,1989,33,Male,Y,1151,Motherwell,"North Lanarkshire",ML1,Glasgow
3,57.62288952780297,-3.2282316414729033,1665003347,4050,1996,26,Male,Y,737,Elgin,Moray,IV30,"North East (Aberdeen)"
3,55.90950140444288,-3.221514891529402,1665003364,4061,1994,28,Female,Y,305,"Oxgangs, Edinburgh",Edinburgh,"Edinburgh Oxgangs","Lothian (Edinburgh)"
3,55.85632039353364,-3.4108248034937954,1665003648,4081,1944,78,Female,N,308,"Liberton, Edinburgh",Edinburgh,"Edinburgh South","Lothian (Edinburgh)"
3,55.601871681449545,-2.8048174274992244,1665003670,4065,1976,46,Female,Y,1413,Galashiels,"Scottish Borders",TD1,Borders
3,55.98502767850143,-3.3836012105937687,1665003885,4043,1989,33,Male,Y,306,"Queensferry, Edinburgh",Edinburgh,"Edinburgh Queensferry","Lothian (Edinburgh)"
3,55.87843730030518,-3.4933599786635496,1665004220,4093,1995,27,Male,N,375,Livingston,"West Lothian",EH54,"Lothian (Edinburgh)"
3,57.773834348082524,-4.40545446639442,1665004366,4095,1974,48,Male,N,707,Alness,Highland,IV17,"Highlands (Inverness)"
3,55.91546768235943,-3.946467970694067,1665004432,2618,2002,20,Female,Y,1192,Airdrie,"North Lanarkshire",ML6,Glasgow
3,55.881071665086395,-3.5324798225195027,1665004699,4094,1967,55,Female,Y,375,Livingston,"West Lothian",EH54,"Lothian (Edinburgh)"
3,55.793783160936165,-4.297708702584721,1665004844,4034,1980,42,Female,Y,660,"Arden, Glasgow",Glasgow,"Glasgow South",Glasgow
3,55.779932011984926,-4.165714898290476,1665004923,4115,1989,33,Female,Y,530,"East Kilbride (north: The Village, East Mains, West Mains, Lymekilns, St Leonards, Calderwood, Nerston, Stewartfield, Peel Park)","South Lanarkshire",G74,Glasgow
3,56.382455783021896,-3.4061217075913475,1665004928,4130,1976,46,Male,Y,1353,Scone,"Perth and Kinross",PH2,Fife
3,55.72317993308478,-4.180398913573261,1665004953,4127,1980,42,Female,Y,534,"East Kilbride (south: Hairmyres, Westwood, The Murray, Murray East, Whitehills, Greenhill, Newlandsmuir, Gardenhall, Crosshouse, Newlands, Lindsayfield, Mossneuk)","South Lanarkshire",G75,Glasgow
3,55.95938293540815,-3.249958533325022,1665005212,4112,1995,27,Female,Y,279,"Clermiston and Drumbrae, Edinburgh",Edinburgh,"Edinburgh Clermiston Granton","Lothian (Edinburgh)"
3,55.58776158179952,-4.052648329080348,1665005237,4117,1962,60,Female,Y,1160,Strathaven,"North Lanarkshire",ML10,Glasgow
3,57.12702448817038,-2.164893772652047,1665005314,4149,1976,46,Female,Y,135,"Foresterhill, Aberdeen",Aberdeen,"Aberdeen Southwest","North East (Aberdeen)"
3,57.15778739884961,-4.682829843753572,1665005740,4140,1966,56,Female,Y,1376,"Fort Augustus",Highland,PH32,"Highlands (Inverness)"
3,55.635042639573825,-2.9450194254526805,1665006019,4146,1971,51,Male,Y,1413,Galashiels,"Scottish Borders",TD1,Borders
3,55.81425479271084,-4.243293154507794,1665006287,3389,1993,29,Female,Y,653,"Netherlee, Glasgow",Glasgow,"Glasgow South",Glasgow
3,57.31218893389503,-4.981246507085513,1665006368,4175,2005,17,Male,School,743,Kiltarlity,Highland,IV4,"Highlands (Inverness)"
3,55.950712398061576,-3.950654504809114,1665006956,4194,1977,45,Female,Y,514,"Cumbernauld (south: Condorrat, Lenziemill, Carbrain, Kildrum, Cumbernauld Village, Abronhill, Seafar)","North Lanarkshire",G67,Glasgow
3,56.43719641434595,-3.384425112847113,1665007292,4225,1971,51,Female,Y,1354,"Perth (south and east: Barnhill, Bridgend, Craigie, Kincarrathie, Upper Craigie)","Perth and Kinross",PH2,Fife
3,55.90794048017635,-3.3140127344017154,1665007359,4235,1975,47,Female,Y,320,"Newington, Edinburgh",Edinburgh,"Edinburgh South","Lothian (Edinburgh)"
3,55.87961771175977,-4.318089086516217,1665007496,4210,1986,36,Female,Y,593,"West End, Glasgow",Glasgow,"Glasgow Kelvin",Glasgow
3,58.41338489279972,-3.332541310241608,1665007504,4219,1993,29,Female,Y,900,"John O'Groats",Highland,KW1,"Highlands (Inverness)"
3,55.899400369099865,-4.329202212806068,1665007597,4248,1979,43,Male,Y,591,"Hillhead, Glasgow",Glasgow,"Glasgow Kelvin",Glasgow
3,55.906350458462,-3.7712189514985055,1665007845,4258,1977,45,Female,Y,368,Bathgate,"West Lothian",EH48,"Lothian (Edinburgh)"
3,55.93051454563653,-4.831241289073665,1665008202,4148,1975,47,Female,Y,1231,"Greenock (west: Bow Farm, Braeside, Branchton, Fort Matilda, Gateside, Greenock West, Overton, Pennyfern, Smithston)",Inverclyde,PA16,Glasgow
3,55.89152220432334,-4.347513481429289,1665008342,4253,1954,68,Female,N,638,"Drumchapel, Glasgow",Glasgow,"Glasgow Northwest",Glasgow
3,57.603556326973504,-2.3923228248501283,1665008381,3805,1996,26,Female,Y,78,Turriff,Aberdeenshire,AB53,"North East (Aberdeen)"
3,55.29192959660516,-4.449760467986141,1665008525,4267,1994,28,Female,Y,851,Coylton,"South Ayrshire",KA6,Ayrshire
3,55.772120304856124,-4.480426824580857,1665008926,4287,1981,41,Female,Y,540,Barrhead,"East Renfrewshire",G78,Glasgow
3,55.8519355186314,-3.8922650482790746,1665009256,4299,1979,43,Male,Y,1151,Motherwell,"North Lanarkshire",ML1,Glasgow
3,55.95747400127088,-4.608447210875114,1665009386,4292,1996,26,Female,Y,549,Dumbarton,"West Dunbartonshire",G82,Glasgow
3,55.76562012637093,-4.1184122621476575,1665009827,4306,1977,45,Female,Y,529,Cambuslang,"South Lanarkshire",G72,Glasgow
3,55.94151077494744,-3.9340040824406235,1665010241,4309,1962,60,Female,Y,514,"Cumbernauld (south: Condorrat, Lenziemill, Carbrain, Kildrum, Cumbernauld Village, Abronhill, Seafar)","North Lanarkshire",G67,Glasgow
3,55.57129349426928,-4.636151122901472,1665010584,4321,1981,41,Male,Y,784,Troon,"South Ayrshire",KA10,Ayrshire
3,56.45503911776354,-3.0093903891228657,1665010654,4329,1990,32,Female,Y,261,"Westend, Dundee",Dundee,"Dundee West","Tayside and Angus (Dundee)"
3,55.959144249170805,-3.704376345851293,1665011684,4347,1993,29,Female,Y,422,"Falkirk (north: Grahamston, Middlefield, Westfield)",Falkirk,FK2,"Stirling and Falkirk"
3,56.76137161539843,-2.4786550749252743,1665011696,4337,1999,23,Female,Y,137,Inverbervie,Aberdeenshire,DD10,"Tayside and Angus (Dundee)"
3,55.930587314975575,-2.5116566285381903,1665011846,4346,1996,26,Female,Y,359,Dunbar,"East Lothian",EH42,"Lothian (Edinburgh)"
3,56.477767368989625,-2.8296042478994226,1665011860,4342,1972,50,Female,Y,248,"Barnhill, Dundee",Dundee,"Dundee East","Tayside and Angus (Dundee)"
3,59.14398816543021,-2.7843664264342656,1665013145,4363,1999,23,Male,Y,1025,"Orkney Islands",Orkney,KW17,"Orkney Islands"
3,55.9611486484846,-3.2404697165519925,1665014631,4368,1965,57,Female,Y,278,"Granton, Edinburgh",Edinburgh,"Edinburgh Clermiston Granton","Lothian (Edinburgh)"
3,57.77514322505895,-4.467069515246559,1665015494,4382,1991,31,Female,Y,707,Alness,Highland,IV17,"Highlands (Inverness)"
3,55.933091103875675,-4.186344856733621,1665016295,4390,1999,23,Female,Y,507,Kirkintilloch,"East Dunbartonshire",G66,Glasgow
3,55.86482537474043,-4.202830435954525,1665021459,4338,1971,51,Female,Y,634,"Maryhill, Glasgow",Glasgow,"Glasgow Northeast",Glasgow
3,55.862053616109435,-4.424207610020416,1665022100,4411,1965,57,Female,Y,1248,Linwood,Renfrewshire,PA3,Glasgow
3,56.46426376550305,-2.9554348489541895,1665024922,4416,1984,38,Female,Y,254,"Douglas, Dundee",Dundee,"Dundee North","Tayside and Angus (Dundee)"
3,56.48423898531146,-2.8128744292940584,1665025558,4417,1974,48,Female,Y,247,"Broughty Ferry, Dundee",Dundee,"Dundee East","Tayside and Angus (Dundee)"
3,56.00337649566813,-4.1776176292716585,1665032968,4434,1967,55,Female,N,508,Lennoxtown,"East Dunbartonshire",G66,Glasgow
3,55.862638103995266,-4.2845470792662494,1665037025,4458,1990,32,Male,Y,585,"Kelvindale, Glasgow",Glasgow,"Glasgow Kelvin",Glasgow
3,55.8825117246162,-4.317781252453978,1665037043,4459,1979,43,Female,Y,592,"Dowanhill, Glasgow",Glasgow,"Glasgow Kelvin",Glasgow
3,55.9539856360008,-3.1531061649226726,1665037860,4462,1991,31,Female,Y,281,"Portobello, Edinburgh",Edinburgh,"Edinburgh Duddingston","Lothian (Edinburgh)"
3,56.258877146343664,-4.2748087533185,1665039394,4477,1962,60,Female,Y,410,Callander,Stirlingshire,FK17,"Stirling and Falkirk"
3,57.283146151643194,-2.4199806849684,1665040301,4110,1977,45,Female,Y,67,Oldmeldrum,Aberdeenshire,AB51,"North East (Aberdeen)"
3,55.71783919027079,-4.183651929020679,1665041969,4502,1988,34,Male,N,533,Auldhouse,"South Lanarkshire",G75,Glasgow
3,55.94905816591769,-4.302215804486335,1665042577,4506,1990,32,Female,Y,489,Milngavie,"East Dunbartonshire",G62,Glasgow
3,55.77219510009719,-2.936567427200099,1665043388,4518,1977,45,Male,Y,354,Heriot,"Scottish Borders",EH38,"Lothian (Edinburgh)"
3,55.87572767577411,-4.420098902875277,1665043576,4523,1977,45,Male,Y,1248,Linwood,Renfrewshire,PA3,Glasgow
3,56.031792259616104,-2.7626060998664532,1665044025,4505,1945,77,Female,N,355,"North Berwick","East Lothian",EH39,"Lothian (Edinburgh)"
3,55.80625984815972,-4.055353369562924,1665044289,4529,2000,22,Male,Y,523,Bothwell,"South Lanarkshire",G71,Glasgow
3,56.03233390838997,-5.531171835634967,1665044661,4311,1990,32,Male,Y,1251,Cairnbaan,"Argyll and Bute",PA31,"Argyll and Bute"
3,56.03490369034718,-3.8019181241766655,1665045169,4539,1998,24,Female,Y,449,Larbert,Falkirk,FK5,"Stirling and Falkirk"
3,55.90963712809545,-3.2778036607462897,1665046777,4557,1974,48,Male,Y,264,"Slateford, Edinburgh",Edinburgh,"Edinburgh Central","Lothian (Edinburgh)"
3,55.45144137634739,-4.624554746261221,1665046867,4550,1967,55,Male,Y,856,"Ayr (Centre)","South Ayrshire",KA7,Ayrshire
3,55.897686197925154,-3.315615091401576,1665049143,4571,1998,24,Other,Y,319,"Blackford, Edinburgh",Edinburgh,"Edinburgh South","Lothian (Edinburgh)"
3,55.76646094871273,-3.818085295699193,1665049921,4582,1983,39,Female,Y,1212,Carluke,"South Lanarkshire",ML8,Glasgow
3,58.21465998609378,-6.367053650078371,1665050726,4591,1968,54,Female,Y,686,"Stornoway, Isle of Lewis","Western Isles",HS1,"Western Isles"
3,55.90703425342258,-3.5212370700450855,1665051808,4597,2002,20,Female,Y,375,Livingston,"West Lothian",EH54,"Lothian (Edinburgh)"
3,55.54279348878908,-4.6395861828019145,1665052171,4602,1987,35,Female,Y,784,Troon,"South Ayrshire",KA10,Ayrshire
3,55.90684981887156,-4.360170379909926,1665052309,4601,1954,68,Male,Y,644,"Partick, Glasgow",Glasgow,"Glasgow Northwest",Glasgow
3,55.3079503732699,-3.3090642373357015,1665052897,4625,1992,30,Female,Y,196,Lockerbie,"Dumfries and Galloway",DG11,"Dumfries and Galloway"
3,55.91824035899746,-3.514940559492214,1665053113,4597,2002,20,Female,Y,375,Livingston,"West Lothian",EH54,"Lothian (Edinburgh)"
3,56.69765663446577,-3.1019912629260777,1665053153,4624,1990,32,Female,Y,179,Forfar,Angus,DD8,"Tayside and Angus (Dundee)"
3,55.903307936486804,-4.3144227972556966,1665055844,4588,1988,34,Male,Y,598,Rutherglen,"South Lanarkshire","Glasgow Northeast",Glasgow
3,55.92206748113003,-4.006176555429481,1665058180,4682,1997,25,Female,N,514,"Cumbernauld (south: Condorrat, Lenziemill, Carbrain, Kildrum, Cumbernauld Village, Abronhill, Seafar)","North Lanarkshire",G67,Glasgow
3,55.737699844661755,-4.017806694544266,1665058944,4446,1956,66,Female,Y,1183,Hamilton,"South Lanarkshire",ML3,Glasgow
3,60.27368524157221,-1.4337568197702457,1665059948,4695,1989,33,Female,Y,1587,Ollaberry,"Shetland Isles",ZE2,"Shetland Islands"
3,56.13025441419181,-3.5044543189072135,1665062538,4705,1989,33,Female,Y,1096,"Dunfermline (centre, north, west: Abbey Parks, Lady's Mill, Garvock, Headwell, Kingseathill, Wellwood, Milesmark, Baldridge, Pittencrieff, Baldridgeburn)",Fife,KY12,Fife
3,55.930501859243186,-3.9485774899373864,1665065413,4472,1974,48,Female,Y,514,"Cumbernauld (south: Condorrat, Lenziemill, Carbrain, Kildrum, Cumbernauld Village, Abronhill, Seafar)","North Lanarkshire",G67,Glasgow
3,56.244889586410615,-3.009035986189929,1665069724,4730,1961,61,Female,Y,1141,Largo,Fife,KY8,Fife
3,55.80399716338801,-4.112654671368341,1665072070,4740,2011,11,Female,School,529,Cambuslang,"South Lanarkshire",G72,Glasgow
3,55.930623259102866,-2.5717859049605765,1665072450,4746,1987,35,Female,Y,359,Dunbar,"East Lothian",EH42,"Lothian (Edinburgh)"
3,56.08163898470843,-3.511891302851321,1665074120,4754,1976,46,Female,Y,1095,Culross,Fife,KY12,Fife
3,56.48635172224072,-3.0112091195659194,1665074856,4758,1968,54,Female,Y,236,"Lochee, Dundee",Dundee,"Dundee Central","Tayside and Angus (Dundee)"
3,55.86236970210094,-3.65568428258758,1665075045,1157,1976,46,Male,N,364,Fauldhouse,"West Lothian",EH47,"Lothian (Edinburgh)"
3,55.66508486766062,-3.9582638531456067,1665077232,4765,2004,18,Female,Y,1167,Lanark,"South Lanarkshire",ML11,Glasgow
3,55.87317634001011,-4.873087691221252,1665078111,4769,1965,57,Female,Y,1233,Skelmorlie,"North Ayrshire",PA17,Ayrshire
3,55.94991018756412,-3.9156853202368596,1665079255,4472,1974,48,Female,Y,514,"Cumbernauld (south: Condorrat, Lenziemill, Carbrain, Kildrum, Cumbernauld Village, Abronhill, Seafar)","North Lanarkshire",G67,Glasgow
3,56.513485332215915,-3.5039704971568186,1665079332,4773,1990,32,Female,Y,1313,"Perth (north and west: Burghmuir, Cherrybank, Hillyland, Inveralmond, Lethom, Muirton, North Muirton, Tulloch)","Perth and Kinross",PH1,Fife
3,55.55293240465269,-3.7861596478318416,1665080396,4503,1967,55,Male,Y,1167,Lanark,"South Lanarkshire",ML11,Glasgow
3,55.840271112122444,-4.338364266730604,1665082616,4795,1964,58,Female,Y,669,"Kennishead, Glasgow",Glasgow,"Glasgow Southwest",Glasgow
3,54.993532582291195,-3.2409197556504385,1665083044,4805,1976,46,Female,Y,197,Annan,"Dumfries and Galloway",DG12,"Dumfries and Galloway"
3,55.95555992006476,-3.167073287946379,1665083588,4844,1972,50,Male,Y,277,"Canongate, Edinburgh",Edinburgh,"Edinburgh Central","Lothian (Edinburgh)"
3,58.347097680999646,-3.8169976410728452,1665084104,4699,1992,30,Male,Y,913,Halkirk,Highland,KW12,"Highlands (Inverness)"
3,56.11080051760639,-3.5194853269301056,1665084430,4857,1993,29,Other,Y,1096,"Dunfermline (centre, north, west: Abbey Parks, Lady's Mill, Garvock, Headwell, Kingseathill, Wellwood, Milesmark, Baldridge, Pittencrieff, Baldridgeburn)",Fife,KY12,Fife
3,57.208837099805,-2.4511915612899458,1665084487,4859,1990,32,Male,Y,64,Inverurie,Aberdeenshire,AB51,"North East (Aberdeen)"
3,55.87131119959469,-4.011433070465889,1665085684,3749,1994,28,Female,Y,1189,Coatbridge,"North Lanarkshire",ML5,Glasgow
3,55.60958071225472,-4.123138482668207,1665085946,4885,1958,64,Female,Y,1160,Strathaven,"North Lanarkshire",ML10,Glasgow
3,56.41001665355512,-3.3616912249590873,1665086035,4895,1988,34,Female,Y,1353,Scone,"Perth and Kinross",PH2,Fife
3,55.84617219794354,-4.330454091635645,1665086915,4909,1993,29,Female,Y,678,"Cardonald, Glasgow",Glasgow,"Glasgow Southwest",Glasgow
3,55.820289578624156,-4.255592442793878,1665087154,4886,2008,14,Other,School,648,"Shawlands, Glasgow",Glasgow,"Glasgow South",Glasgow
3,56.13098700328832,-3.132780466153042,1665087966,1969,1956,66,Female,Y,1080,Thornton,Fife,KY1,Fife
3,55.90237016005124,-4.340445130651298,1665088540,4945,2003,19,Female,Y,641,"Knightswood, Glasgow",Glasgow,"Glasgow Northwest",Glasgow
3,55.82026812524459,-3.3884158094395667,1665089148,4960,1967,55,Female,N,314,"Morningside, Edinburgh",Edinburgh,"Edinburgh South","Lothian (Edinburgh)"
3,56.50395512219794,-2.753606902890513,1665089813,4958,1963,59,Male,Y,178,Carnoustie,Angus,DD7,"Tayside and Angus (Dundee)"
3,55.9162067888553,-4.250126416869372,1665089825,4969,1976,46,Female,Y,502,Bishopbriggs,"East Dunbartonshire",G64,Glasgow
3,55.85941072921708,-4.282836455929417,1665090209,4976,1988,34,Female,Y,588,"Broomhill, Glasgow",Glasgow,"Glasgow Kelvin",Glasgow
3,55.795628238523385,-4.339525796442517,1665090420,4980,1984,38,Male,Y,678,"Cardonald, Glasgow",Glasgow,"Glasgow Southwest",Glasgow
3,55.89774098218792,-3.9811718595044705,1665091146,4990,1973,49,Female,Y,1192,Airdrie,"North Lanarkshire",ML6,Glasgow
3,55.95037998612217,-3.5941247879446134,1665091191,4991,1991,31,Female,Y,369,Linlithgow,"West Lothian",EH49,"Lothian (Edinburgh)"
3,55.94710154218326,-4.397850357281252,1665091629,5011,1989,33,Female,Y,546,Clydebank,"West Dunbartonshire",G81,Glasgow
3,55.523167100989795,-2.503546058015592,1665092702,5013,2000,22,Female,Y,1486,Jedburgh,"Scottish Borders",TD8,Borders
3,55.80460804726208,-4.276906187801186,1665092850,5001,1987,35,Female,Y,646,"Burnside, Glasgow",Glasgow,"Glasgow South",Glasgow
3,54.99821329499625,-3.4546658628211855,1665092994,5022,1973,49,Female,Y,186,"Dumfries (centre and east: Dalscone, Georgetown, Heathhall, Kingholm Quay, Noblehill, The Crichton)","Dumfries and Galloway",DG1,"Dumfries and Galloway"
3,55.88932939823544,-2.758978356649796,1665093126,5031,1981,41,Female,Y,357,Haddington,"East Lothian",EH41,"Lothian (Edinburgh)"
3,55.94061036786613,-4.870112779196833,1665093192,5021,1964,58,Male,Y,1235,Gourock,Inverclyde,PA19,Glasgow
3,56.47269108345624,-2.9603125168021793,1665093753,5028,1970,52,Female,Y,233,"Fairmuir, Dundee",Dundee,"Dundee Bluebelt","Tayside and Angus (Dundee)"
3,57.413054796057125,-2.0809642404554913,1665094723,5039,1980,42,Male,Y,49,Ellon,Aberdeenshire,AB41,"North East (Aberdeen)"
3,58.067319530005264,-7.012505451424613,1665097491,5069,1993,29,Female,Y,688,"Isle of Lewis","Western Isles (outside of Stornoway)",HS2,"Western Isles"
3,55.94783447612539,-3.213519114445765,1665097670,5071,1989,33,Male,Y,297,"Blackhall, Edinburgh",Edinburgh,"Edinburgh North","Lothian (Edinburgh)"
3,55.805014614604005,-4.306023249647421,1665098778,5080,1994,28,Male,Y,658,"Giffnock, Glasgow",Glasgow,"Glasgow South",Glasgow
3,55.96738664359181,-3.1461131635917994,1665105015,5090,1993,29,Female,Y,285,"Leith, Edinburgh",Edinburgh,"Edinburgh Leith","Lothian (Edinburgh)"
3,56.11371420574676,-3.488729304916169,1665123222,4717,1970,52,Male,Y,1096,"Dunfermline (centre, north, west: Abbey Parks, Lady's Mill, Garvock, Headwell, Kingseathill, Wellwood, Milesmark, Baldridge, Pittencrieff, Baldridgeburn)",Fife,KY12,Fife
3,55.890602820478236,-4.417449291380399,1665131399,3242,1980,42,Female,Y,1264,Renfrew,Renfrewshire,PA4,Glasgow
3,55.88323025816833,-3.1780608330205395,1665131487,4744,1981,41,Female,Y,329,Loanhead,Midlothian,EH20,"Lothian (Edinburgh)"
3,55.720477270435666,-3.160850554306853,1665131723,5146,1999,23,Female,N,362,Peebles,"Scottish Borders",EH45,Borders
3,55.83932170786772,-4.23183740465379,1665132308,5149,1985,37,Female,N,662,"Battlefield, Glasgow",Glasgow,"Glasgow Southwest",Glasgow
3,58.20621874243092,-6.382383940819405,1665133760,5144,1991,31,Female,Y,686,"Stornoway, Isle of Lewis","Western Isles",HS1,"Western Isles"
3,55.4075147538918,-4.6369176508198375,1665133918,5157,1963,59,Female,Y,856,"Ayr (Centre)","South Ayrshire",KA7,Ayrshire
3,56.2174928932822,-3.1846562035510146,1665134035,5158,1955,67,Male,N,1129,"Glenrothes (west: Caskieberran, Rimbleton, Macedonia, Tanshall)",Fife,KY6,Fife
3,56.4710765758102,-2.886753516283038,1665135076,5162,1966,56,Female,Y,249,Monifieth,Angus,"Dundee East","Tayside and Angus (Dundee)"
3,55.77546783065841,-4.259593278836636,1665135984,5165,1991,31,Female,Y,537,Eaglesham,"East Renfrewshire",G76,Glasgow
3,56.050835726232776,-3.475396406437595,1665136281,5154,1974,48,Male,Y,1089,"Dalgety Bay",Fife,KY11,Fife
3,56.02389149684735,-3.698404556438457,1665137860,5185,1999,23,Female,Y,439,Grangemouth,Falkirk,FK3,"Stirling and Falkirk"
3,55.87284528571963,-4.1513173750866486,1665138498,5203,1996,26,Female,Y,632,"Springburn, Glasgow",Glasgow,"Glasgow Northeast",Glasgow
3,55.81855546969037,-4.534061538570847,1665139166,5169,1977,45,Female,Y,1275,Elderslie,Renfrewshire,PA5,Glasgow
3,55.893989892305235,-4.2626102117847955,1665139733,5211,1951,71,Female,Y,627,"Dennistoun, Glasgow",Glasgow,"Glasgow Northeast",Glasgow
3,55.87944546969213,-4.213533542729014,1665139992,5211,1951,71,Female,Y,627,"Dennistoun, Glasgow",Glasgow,"Glasgow Northeast",Glasgow
3,55.80535837165896,-4.260754214763356,1665140140,5214,1984,38,Female,Y,645,Clarkston,"East Renfrewshire","Glasgow South",Glasgow
3,57.53259909116794,-3.60016617748824,1665140586,170,2000,22,Male,Y,740,Forres,Moray,IV36,"North East (Aberdeen)"
3,56.04669769901218,-3.5409894344237665,1665140849,3587,1971,51,Female,Y,1096,"Dunfermline (centre, north, west: Abbey Parks, Lady's Mill, Garvock, Headwell, Kingseathill, Wellwood, Milesmark, Baldridge, Pittencrieff, Baldridgeburn)",Fife,KY12,Fife
3,56.92333889245289,-2.3294468921938676,1665141934,5220,1986,36,Male,Y,48,Stonehaven,Aberdeenshire,AB39,"North East (Aberdeen)"
3,55.86976831310486,-4.297434785328917,1665141990,5221,1970,52,Female,N,642,"Yoker, Glasgow",Glasgow,"Glasgow Northwest",Glasgow
3,56.114761824092355,-4.791445583438478,1665144756,5239,2000,22,Male,Y,566,Helensburgh,"Argyll and Bute",G84,"Argyll and Bute"
3,56.454699180797256,-3.1141530495343974,1665145307,5245,1999,23,Other,Y,147,Lundie,Angus,DD2,"Tayside and Angus (Dundee)"
3,55.835826680603034,-4.283531510806846,1665145463,5241,1955,67,Female,Y,650,"Newlands, Glasgow",Glasgow,"Glasgow South",Glasgow
3,55.95264290139114,-4.837229071287827,1665153012,5269,1953,69,Female,N,1235,Gourock,Inverclyde,PA19,Glasgow
3,57.198739904014985,-3.5429532150523686,1665157618,5296,1990,32,Female,Y,1367,"Nethy Bridge",Highland,PH25,"Highlands (Inverness)"
3,55.900471010898016,-4.265808687172213,1665158100,5297,1998,24,Female,Y,480,"Summerston, Glasgow",Glasgow,G23,Glasgow
3,55.537185528091776,-4.649995044003059,1665161962,5310,1985,37,Female,Y,784,Troon,"South Ayrshire",KA10,Ayrshire
3,57.44492344456827,-1.879665355236877,1665163422,5317,1988,34,Female,Y,54,Peterhead,Aberdeenshire,AB42,"North East (Aberdeen)"
3,55.95588946834978,-4.429763109010534,1665164640,5318,2003,19,Male,Y,546,Clydebank,"West Dunbartonshire",G81,Glasgow
3,55.95162494268978,-3.1718966505573656,1665167246,5324,1975,47,Female,Y,270,"Meadows and Southside, Edinburgh",Edinburgh,"Edinburgh Central","Lothian (Edinburgh)"
3,56.16923995279132,-4.678350048546317,1665171038,5341,1983,39,Female,N,558,Balloch,"West Dunbartonshire",G83,"Argyll and Bute"
3,55.755625447179206,-4.06318015261318,1665171263,5340,1961,61,Male,Y,1183,Hamilton,"South Lanarkshire",ML3,Glasgow
3,57.58287024561588,-3.4109510882347682,1665173206,3837,1990,32,Female,Y,737,Elgin,Moray,IV30,"North East (Aberdeen)"
3,55.88231962749952,-3.819598192223595,1665174653,5351,1993,29,Male,Y,368,Bathgate,"West Lothian",EH48,"Lothian (Edinburgh)"
3,55.73850161154517,-3.984331082063235,1665177046,5352,1954,68,Female,Y,1217,Larkhall,"North Lanarkshire",ML9,Glasgow
3,55.956240638265974,-3.150304634382545,1665177800,5364,1980,42,Female,Y,281,"Portobello, Edinburgh",Edinburgh,"Edinburgh Duddingston","Lothian (Edinburgh)"
3,55.94178093577925,-3.217789630932177,1665178539,5367,1987,35,Male,N,262,"Wester Hailes, Edinburgh",Edinburgh,"Edinburgh Central","Lothian (Edinburgh)"
3,55.56560441062526,-4.396384852340823,1665179810,5375,1990,32,Female,Y,779,"Kilmarnock (centre and south: Bonnyton, Grange, Bellfield, Shortlees, Caprington, Riccarton, Hurlford)","East Ayrshire",KA1,Ayrshire
3,57.030923052820874,-2.9804205660921874,1665182982,5382,1981,41,Female,Y,33,Aboyne,Aberdeenshire,AB34,"North East (Aberdeen)"
3,58.901802319639444,-3.352018449836724,1665215572,5401,1992,30,Female,Y,982,Stromness,Orkney,KW16,"Orkney Islands"
3,55.86577946294524,-4.306493830540861,1665218377,5403,1964,58,Male,Y,591,"Hillhead, Glasgow",Glasgow,"Glasgow Kelvin",Glasgow
3,58.81256498914081,-3.2143247064405447,1665220933,5416,1992,30,Female,Y,982,Stromness,Orkney,KW16,"Orkney Islands"
3,56.05154684735609,-3.4162742015911083,1665225791,5425,1997,25,Female,Y,1090,"Dunfermline (south and east: Halbeath, Touch, Duloch, Masterton, Pitcorthie, Abbeyview, Brucefield, Hospital Hill, Camdean, Pitreavie)",Fife,KY11,Fife
3,55.83173353155577,-4.087314283805662,1665235289,5438,1984,38,Male,Y,525,Uddingston,"South Lanarkshire",G71,Glasgow
3,57.62738120083358,-1.8861851908016924,1665250044,5458,1992,30,Male,Y,57,Fraserburgh,Aberdeenshire,AB43,"North East (Aberdeen)"
3,56.309591899025826,-3.3710280630222966,1665258502,5471,2000,22,Female,Y,1354,"Perth (south and east: Barnhill, Bridgend, Craigie, Kincarrathie, Upper Craigie)","Perth and Kinross",PH2,Fife
3,56.835028545653316,-3.2242651079005302,1665258928,5472,1957,65,Female,Y,179,Forfar,Angus,DD8,"Tayside and Angus (Dundee)"
3,55.87044601825347,-3.508788383731005,1665261849,5474,1965,57,Female,Y,375,Livingston,"West Lothian",EH54,"Lothian (Edinburgh)"
3,55.84074994804544,-4.087120706235114,1665262350,5480,1993,29,Female,Y,525,Uddingston,"South Lanarkshire",G71,Glasgow
3,57.49850869549317,-2.170965634620542,1665263631,5482,1968,54,Female,N,54,Peterhead,Aberdeenshire,AB42,"North East (Aberdeen)"
3,55.95048178861034,-4.391885282519066,1665264933,5485,1994,28,Male,Y,546,Clydebank,"West Dunbartonshire",G81,Glasgow
3,57.241120525141426,-2.1613212122480454,1665309188,5517,1986,36,Female,Y,124,Newmachar,Aberdeenshire,"Aberdeen North","North East (Aberdeen)"
3,56.540664566670024,-3.276321955742151,1665317566,5525,1995,27,Other,Y,1324,"Coupar Angus","Perth and Kinross",PH13,Fife
3,55.77136299215212,-4.178493657316405,1665321301,5532,1995,27,Male,Y,530,"East Kilbride (north: The Village, East Mains, West Mains, Lymekilns, St Leonards, Calderwood, Nerston, Stewartfield, Peel Park)","South Lanarkshire",G74,Glasgow
3,55.85784233233034,-3.375816390893941,1665321368,5534,1978,44,Female,Y,310,"Balerno, Edinburgh",Edinburgh,"Edinburgh South","Lothian (Edinburgh)"
3,57.60684041135337,-2.071218214398528,1665321751,3318,1999,23,Other,Y,57,Fraserburgh,Aberdeenshire,AB43,"North East (Aberdeen)"
3,55.93743433387629,-2.8434172068621852,1665329546,5543,1981,41,Female,Y,357,Haddington,"East Lothian",EH41,"Lothian (Edinburgh)"
3,55.930210009542016,-4.355940686819483,1665330248,5545,1996,26,Female,Y,488,Bearsden,"East Dunbartonshire",G61,Glasgow
3,56.90940380377725,-4.856011732043832,1665354377,5121,2002,20,Female,Y,1379,"Spean Bridge",Highland,PH34,"Highlands (Inverness)"
3,55.87143056888304,-4.370471625983227,1665355659,5570,1963,59,Female,N,1264,Renfrew,Renfrewshire,PA4,Glasgow
3,55.906516265516075,-3.0269502895745806,1665391602,5583,1981,41,Female,N,334,Dalkeith,Midlothian,EH22,"Lothian (Edinburgh)"
3,55.947181208490456,-4.2222967210485045,1665405088,5598,1990,32,Male,Y,502,Bishopbriggs,"East Dunbartonshire",G64,Glasgow
3,55.96532755896387,-4.461983564295773,1665431468,5586,1980,42,Female,Y,549,Dumbarton,"West Dunbartonshire",G82,Glasgow
3,57.47512462980924,-2.842438210237771,1665503095,5668,1999,23,Male,Y,83,Huntly,Aberdeenshire,AB54,"North East (Aberdeen)"
3,55.78896947800483,-4.143694467812416,1665668388,5717,1969,53,Female,Y,528,Blantyre,"South Lanarkshire",G72,Glasgow
3,57.16972327604002,-2.2413033854381568,1665812612,5756,1964,58,Female,Y,111,"Bucksburn, Aberdeen",Aberdeen,"Aberdeen North","North East (Aberdeen)"
3,57.71869900807816,-3.291187554409669,1665825059,5761,1997,25,Male,Y,738,Lossiemouth,Moray,IV31,"North East (Aberdeen)"
3,55.836223042101416,-4.25490038124075,1665835565,5781,1992,30,Female,Y,678,"Cardonald, Glasgow",Glasgow,"Glasgow Southwest",Glasgow
3,55.89078989363279,-4.244278799260443,1665858279,5889,1970,52,Female,Y,632,"Springburn, Glasgow",Glasgow,"Glasgow Northeast",Glasgow
3,56.95717842250013,-2.411206005437492,1665858423,5890,1999,23,Female,Y,48,Stonehaven,Aberdeenshire,AB39,"North East (Aberdeen)"
3,59.13940452379496,-2.5784277418764043,1665870945,5897,1997,25,Female,Y,1025,"Orkney Islands",Orkney,KW17,"Orkney Islands"
3,55.85948980033096,-4.495817470804837,1665880830,5903,1986,36,Female,Y,1278,Houston,Renfrewshire,PA6,Glasgow
3,55.86621764964295,-4.205274402124195,1665907936,5882,1966,56,Female,Y,598,Rutherglen,"South Lanarkshire","Glasgow Northeast",Glasgow
3,57.14538414026471,-2.0978276519290393,1665910261,5907,1993,29,Male,Y,128,"Mannofield, Aberdeen",Aberdeen,"Aberdeen Southwest","North East (Aberdeen)"
3,56.89370591793789,-2.247594441303855,1666012286,5922,1964,58,Female,Y,140,Montrose,Angus,DD10,"Tayside and Angus (Dundee)"
3,55.990012490960126,-3.4025867072330143,1666043481,5692,1979,43,Male,Y,306,"Queensferry, Edinburgh",Edinburgh,"Edinburgh Queensferry","Lothian (Edinburgh)"
3,55.93453182838299,-4.331048415990472,1666054412,5934,1983,39,Female,Y,488,Bearsden,"East Dunbartonshire",G61,Glasgow
3,57.43219807975819,-4.4129145169383825,1666135332,5942,1991,31,Male,Y,761,Inchmore,Highland,IV5,"Highlands (Inverness)"
3,56.76150495655328,-2.9768228325625476,1666182740,5947,2003,19,Female,School,181,Kirriemuir,Angus,DD8,"Tayside and Angus (Dundee)"
3,55.922475316683425,-4.685088116937476,1666271388,5962,1973,49,Female,Y,1228,Langbank,Renfrewshire,PA14,Glasgow
3,55.76620562572592,-2.722281296971026,1666287203,5964,1995,27,Other,N,1437,Lauder,"Scottish Borders",TD2,Borders
3,56.66437273452798,-2.675008451935985,1666288132,5966,1993,29,Female,Y,179,Forfar,Angus,DD8,"Tayside and Angus (Dundee)"
3,55.81697119594865,-4.0909565764251,1666295040,5968,1970,52,Female,Y,525,Uddingston,"South Lanarkshire",G71,Glasgow
3,55.78581840083898,-4.036087961642356,1666295206,5967,2000,22,Other,Y,1183,Hamilton,"South Lanarkshire",ML3,Glasgow
3,56.13773963922509,-3.585635542580894,1666488800,5983,1973,49,Male,Y,1095,Culross,Fife,KY12,Fife
3,56.09616266417745,-3.920210898332061,1666725920,6009,1974,48,Female,N,464,"Stirling (south and east: Braehead, Borestone, Broomridge, Torbrex)",Stirlingshire,FK7,"Stirling and Falkirk"
3,55.99073886307477,-4.510546380196992,1667131803,6030,1994,28,Female,Y,549,Dumbarton,"West Dunbartonshire",G82,Glasgow
3,55.72485568019413,-4.960523999668063,1667215574,6039,2005,17,Female,School,832,Millport,"North Ayrshire",KA28,Ayrshire
3,55.8545816866487,-4.392598217012769,1667318201,6055,1997,25,Male,Y,1220,"Paisley (central, east and north east: Ferguslie, Oldhall, Seedhill, Williamsburgh, Whitehaugh)",Renfrewshire,PA1,Glasgow
3,58.48014561632494,-4.926369695058352,1667337947,6061,1968,54,Female,Y,728,Durness,Highland,IV27,"Highlands (Inverness)"
3,57.67723462433763,-3.2538774670463013,1667457187,6064,1986,36,Female,Y,737,Elgin,Moray,IV30,"North East (Aberdeen)"
3,56.45889885175305,-3.0082349175598573,1667472709,6067,1988,34,Female,Y,257,"Ninewells, Dundee",Dundee,"Dundee West","Tayside and Angus (Dundee)"
3,55.830478222464045,-4.2245548037341,1668111769,6084,1957,65,Female,Y,627,"Dennistoun, Glasgow",Glasgow,"Glasgow Northeast",Glasgow
3,55.91896317763089,-4.356976354888703,1668784219,6104,1957,65,Female,Y,638,"Drumchapel, Glasgow",Glasgow,"Glasgow Northwest",Glasgow
3,55.957864649188586,-3.218811044248692,1669034109,6111,1999,23,Female,Y,294,"Stockbridge, Edinburgh",Edinburgh,"Edinburgh North","Lothian (Edinburgh)"
3,55.1541207805767,-3.826315669326307,1669159301,6120,1992,30,Female,Y,207,"Dumfries (west: Broomlands, Cargenbridge, Lochside, Maxwelltown, Troqueer)","Dumfries and Galloway",DG2,"Dumfries and Galloway"
3,55.86898704590285,-4.069553248991116,1671108157,6144,1951,71,Male,Y,1189,Coatbridge,"North Lanarkshire",ML5,Glasgow
3,55.94871497268641,-4.594084427951844,1674568165,6187,1994,29,Female,Y,549,Dumbarton,"West Dunbartonshire",G82,Glasgow
3,55.946601000700994,-3.2532492736160585,1675695993,6212,2009,14,Female,School,296,"Davidson's Mains, Edinburgh",Edinburgh,"Edinburgh North","Lothian (Edinburgh)"
3,55.84565247644245,-3.8200415672707417,1677015767,6244,2004,19,Female,Y,1209,Shotts,"North Lanarkshire",ML7,Glasgow
3,55.855711495526826,-3.3721727227830107,1677203760,6253,1970,53,Female,Y,314,"Morningside, Edinburgh",Edinburgh,"Edinburgh South","Lothian (Edinburgh)"
3,56.085437226636394,-3.4399944036800303,1677598154,6265,2003,20,Female,Y,1096,"Dunfermline (centre, north, west: Abbey Parks, Lady's Mill, Garvock, Headwell, Kingseathill, Wellwood, Milesmark, Baldridge, Pittencrieff, Baldridgeburn)",Fife,KY12,Fife
3,55.899200881930234,-3.5861169167347424,1677608315,6280,2002,21,Female,School,375,Livingston,"West Lothian",EH54,"Lothian (Edinburgh)"
3,55.77216791424083,-4.202781277553386,1677613630,6282,2000,23,Female,Y,530,"East Kilbride (north: The Village, East Mains, West Mains, Lymekilns, St Leonards, Calderwood, Nerston, Stewartfield, Peel Park)","South Lanarkshire",G74,Glasgow
3,55.93568811842444,-4.281977907572665,1677613763,3156,1999,23,Female,Y,489,Milngavie,"East Dunbartonshire",G62,Glasgow
3,56.044189274526,-3.4784293917504083,1677763535,6303,2003,20,Other,Y,1090,"Dunfermline (south and east: Halbeath, Touch, Duloch, Masterton, Pitcorthie, Abbeyview, Brucefield, Hospital Hill, Camdean, Pitreavie)",Fife,KY11,Fife
3,55.81167220157953,-4.834066417681085,1677763594,6301,1993,30,Female,Y,842,Largs,"North Ayrshire",KA30,Ayrshire
3,56.224254019312916,-2.7940224283783937,1677968470,6310,2004,19,Female,Y,1083,Crail,Fife,KY10,Fife
3,55.79382951111724,-4.300279394789439,1678029059,6312,2004,19,Female,Y,653,"Netherlee, Glasgow",Glasgow,"Glasgow South",Glasgow
3,55.37382720491089,-4.319780299057934,1679044617,6350,2006,17,Female,School,798,Cumnock,"East Ayrshire",KA18,Ayrshire
3,55.4891348573317,-4.053527225744313,1679044689,6351,2006,17,Male,School,798,Cumnock,"East Ayrshire",KA18,Ayrshire
3,56.205390581850565,-3.175300747492143,1679056828,6361,2008,15,Female,School,1132,"Coaltown of Balgonie",Fife,KY7,Fife
3,56.179970853771636,-3.1465452508738823,1679056907,6374,2008,15,Female,School,1134,Markinch,Fife,KY7,Fife
3,56.183371939904625,-3.1567932742013634,1679056927,6369,2009,14,Female,School,1133,"Glenrothes (centre and east: Pitteuchar, Finglassie, Stenton, Auchmuty, Pitcoudie, Balfarg, Pircairn, Collydean)",Fife,KY7,Fife
3,56.196090371340816,-3.135192515324716,1679057001,6363,2008,15,Female,School,1133,"Glenrothes (centre and east: Pitteuchar, Finglassie, Stenton, Auchmuty, Pitcoudie, Balfarg, Pircairn, Collydean)",Fife,KY7,Fife
3,56.205734481786536,-3.1730750148182563,1679057071,6383,2008,15,Female,School,1133,"Glenrothes (centre and east: Pitteuchar, Finglassie, Stenton, Auchmuty, Pitcoudie, Balfarg, Pircairn, Collydean)",Fife,KY7,Fife
3,56.22267867451738,-3.175282303067278,1679057291,6375,2008,15,Female,School,1133,"Glenrothes (centre and east: Pitteuchar, Finglassie, Stenton, Auchmuty, Pitcoudie, Balfarg, Pircairn, Collydean)",Fife,KY7,Fife
3,57.386512162902726,-2.062429618694632,1679350449,6409,1985,38,Female,Y,49,Ellon,Aberdeenshire,AB41,"North East (Aberdeen)"
3,55.772364158761505,-4.300475628423755,1680010074,6426,2007,16,Female,School,539,"Newton Mearns","East Renfrewshire",G77,Glasgow
3,56.09190333420231,-3.8765458081892197,1680429601,6430,1990,33,Female,Y,464,"Stirling (south and east: Braehead, Borestone, Broomridge, Torbrex)",Stirlingshire,FK7,"Stirling and Falkirk"
3,56.356628271632054,-2.8836899666906755,1681480206,6435,1981,42,Male,Y,1114,"St Andrews",Fife,KY16,Fife
3,55.860907300491746,-3.1136755727424843,1681938279,6438,2000,23,Male,Y,328,Bonnyrigg,Midlothian,EH19,"Lothian (Edinburgh)"
3,55.85782031539565,-4.659373454421827,1682430142,6443,1995,28,Female,Y,1224,"Bridge of Weir",Renfrewshire,PA11,Glasgow
3,55.96287795986238,-3.1928281894506263,1683635330,6469,1994,29,Female,Y,289,"Newhaven, Edinburgh",Edinburgh,"Edinburgh North","Lothian (Edinburgh)"
3,55.89850279928308,-4.190668254217349,1684490259,6488,1983,40,Female,Y,602,"Baillieston, Glasgow",Glasgow,"Glasgow Northeast",Glasgow
3,55.89364659459547,-4.479972619321682,1685823764,6496,1999,24,Female,Y,1292,Bishopton,Renfrewshire,PA7,Glasgow
3,55.870060857685985,-4.141573634481903,1686921845,6557,2007,16,Female,School,626,"Haghill, Glasgow",Glasgow,"Glasgow Northeast",Glasgow
3,55.84210614112342,-4.003593939278633,1689061165,6565,1985,38,Male,Y,1192,Airdrie,"North Lanarkshire",ML6,Glasgow
3,56.476803163046405,-2.972905242212989,1691098197,6572,1993,30,Male,N,237,"Blackness, Dundee",Dundee,"Dundee Central","Tayside and Angus (Dundee)"
3,55.899127923516474,-4.17481252070511,1693935739,6583,1961,62,Female,N,603,"Carntyne, Glasgow",Glasgow,"Glasgow Northeast",Glasgow
3,55.03540675887015,-4.64424925559799,1695037777,6597,2005,18,Male,School,227,Wigtown,"Dumfries and Galloway",DG8,"Dumfries and Galloway"
3,55.812882565791625,-4.109918488017121,1695208438,6603,2010,13,Male,School,529,Cambuslang,"South Lanarkshire",G72,Glasgow
3,57.162732904875476,-2.1447852067974815,1697305312,6631,2001,22,Female,Y,107,"Rosemount, Aberdeen",Aberdeen,"Aberdeen Central","North East (Aberdeen)"
3,55.91185837578197,-4.2966665373533095,1697543473,6635,2005,18,Female,Y,488,Bearsden,"East Dunbartonshire",G61,Glasgow
3,54.992044049215906,-3.5130944405403692,1699908979,6642,2003,20,Other,Y,186,"Dumfries (centre and east: Dalscone, Georgetown, Heathhall, Kingholm Quay, Noblehill, The Crichton)","Dumfries and Galloway",DG1,"Dumfries and Galloway"
3,55.479703303733864,-4.61057986558667,1702462122,6663,1995,28,Male,Y,868,"Newton on Ayr","South Ayrshire",KA8,Ayrshire
3,55.82354350535584,-3.952959322315899,1702462884,6676,1991,32,Male,Y,1151,Motherwell,"North Lanarkshire",ML1,Glasgow
3,55.958683126916476,-4.319884231015168,1702472318,6675,1997,26,Male,Y,489,Milngavie,"East Dunbartonshire",G62,Glasgow
3,55.75103092306717,-3.8691290746807723,1702715997,6699,1986,37,Male,Y,1212,Carluke,"South Lanarkshire",ML8,Glasgow
3,56.46443059015163,-2.9736345319071416,1704307604,6706,2000,24,Female,Y,244,"Stobswell, Dundee",Dundee,"Dundee Central","Tayside and Angus (Dundee)"
3,55.43951565879414,-4.652526824393982,1705500633,6718,2003,21,Female,Y,856,"Ayr (Centre)","South Ayrshire",KA7,Ayrshire
3,55.417257845761576,-4.6837489917770965,1705503975,6718,2003,21,Female,Y,856,"Ayr (Centre)","South Ayrshire",KA7,Ayrshire
3,55.43625426868376,-4.654787755586143,1705686260,6722,2003,21,Female,Y,855,Alloway,"South Ayrshire",KA7,Ayrshire
3,56.40673250471321,-3.8798965530821636,1706885426,6735,1957,67,Female,Y,1402,Crieff,"Perth and Kinross",PH7,Fife
3,55.96163881664518,-4.188921671857519,1708096765,6758,1977,47,Female,Y,509,Lenzie,"East Dunbartonshire",G66,Glasgow
3,56.40164600917723,-3.017612183929345,1708447226,6767,1990,34,Male,Y,176,Tayport,Fife,DD6,"Tayside and Angus (Dundee)"
3,55.905525082877446,-3.2130752905382582,1708451504,6774,2004,20,Male,Y,315,"Fairmilehead, Edinburgh",Edinburgh,"Edinburgh South","Lothian (Edinburgh)"
3,55.7453087042602,-3.5821346535205216,1708456017,6783,2006,18,Female,Y,1168,Lesmahagow,"South Lanarkshire",ML11,Glasgow
3,55.760706416895985,-4.689469961647115,1708456638,6797,2004,20,Female,School,817,Kilbirnie,"North Ayrshire",KA25,Ayrshire
3,55.754579152248674,-4.252885868695373,1708458562,6801,2005,19,Female,Y,530,"East Kilbride (north: The Village, East Mains, West Mains, Lymekilns, St Leonards, Calderwood, Nerston, Stewartfield, Peel Park)","South Lanarkshire",G74,Glasgow
3,55.011531293307065,-4.15795091219,1708461109,6802,2004,20,Female,Y,220,"Castle Douglas","Dumfries and Galloway",DG7,"Dumfries and Galloway"
3,55.59512885352433,-3.911789483910856,1708548739,6816,2004,20,Male,Y,1162,Blackwood,"South Lanarkshire",ML11,Glasgow
3,55.870581215052844,-4.466283223446237,1708634881,6827,1950,74,Female,Y,1264,Renfrew,Renfrewshire,PA4,Glasgow
3,55.96774957059779,-4.395926188615492,1708810109,6835,2005,19,Male,Y,489,Milngavie,"East Dunbartonshire",G62,Glasgow
3,55.959177553166285,-4.3653230432227765,1709036514,6854,2008,16,Male,School,489,Milngavie,"East Dunbartonshire",G62,Glasgow
3,55.94880918644594,-3.210472867177002,1709133222,6874,2002,22,Male,Y,296,"Davidson's Mains, Edinburgh",Edinburgh,"Edinburgh North","Lothian (Edinburgh)"
3,55.013964293966986,-3.6689587251554068,1709213901,6877,2004,20,Female,Y,207,"Dumfries (west: Broomlands, Cargenbridge, Lochside, Maxwelltown, Troqueer)","Dumfries and Galloway",DG2,"Dumfries and Galloway"
3,55.9161947839714,-3.1448379637000143,1710071380,6895,1963,61,Female,Y,322,"Gilmerton, Edinburgh",Edinburgh,"Edinburgh Southeast","Lothian (Edinburgh)"
3,55.937432454816246,-3.104916222550169,1710360751,6899,1968,56,Female,N,281,"Portobello, Edinburgh",Edinburgh,"Edinburgh Duddingston","Lothian (Edinburgh)"
3,55.6489999400218,-4.734429766726934,1713395892,6922,1963,61,Female,Y,811,Stevenston,"North Ayrshire",KA20,Ayrshire
3,55.78830748920147,-4.286722868990032,1713452870,6925,1963,61,Female,Y,653,"Netherlee, Glasgow",Glasgow,"Glasgow South",Glasgow
3,56.00721424036693,-4.26772591725535,1713452955,6924,1963,61,Female,Y,507,Kirkintilloch,"East Dunbartonshire",G66,Glasgow
3,55.8003805759545,-4.289500823872697,1721858367,6961,1993,31,Female,Y,653,"Netherlee, Glasgow",Glasgow,"Glasgow South",Glasgow
3,55.82176222272785,-3.329745618322091,1727866702,6989,2004,20,Female,Y,343,Penicuik,Midlothian,EH26,"Lothian (Edinburgh)"
3,55.918253771200824,-3.772742178589245,1730405977,7004,1994,30,Female,Y,377,"Falkirk (centre and south: Arnothill, Bantaskin, Callendar Park, Glen Village, Hallglen, Lionthorn, Tamfourhill, Woodlands)",Falkirk,FK1,"Stirling and Falkirk"
3,55.952669042945075,-4.36660858125608,1730406701,7005,1970,54,Male,N,489,Milngavie,"East Dunbartonshire",G62,Glasgow
3,57.05857149896452,-2.4010033363690138,1730408385,7008,1987,37,Female,Y,22,Banchory,Aberdeenshire,AB31,"North East (Aberdeen)"
3,55.23705085731128,-2.8527211025244372,1730411138,7010,1955,69,Male,Y,1493,Hawick,"Scottish Borders",TD9,Borders
3,57.45078638802428,-4.313503484459491,1730424248,7017,2001,23,Other,N,736,"Inverness (west: Ballifeary, Balnafettack, Clachnaharry, Dalneigh, Kinmylies, Leachkin, Merkinch, Muirtown, South Kessock)",Highland,IV3,"Highlands (Inverness)"
3,55.95320776823012,-4.225987839105746,1730459361,7030,1987,37,Female,Y,502,Bishopbriggs,"East Dunbartonshire",G64,Glasgow
3,55.715957387496246,-4.878394712493905,1730463504,7035,1972,52,Female,Y,814,"West Kilbride","North Ayrshire",KA23,Ayrshire
3,56.46688684108811,-3.037819569473202,1730466257,7036,1986,38,Female,Y,243,"Hilltown, Dundee",Dundee,"Dundee Central","Tayside and Angus (Dundee)"
3,55.090896985378556,-3.5413321496499024,1730466946,7038,1971,53,Female,Y,186,"Dumfries (centre and east: Dalscone, Georgetown, Heathhall, Kingholm Quay, Noblehill, The Crichton)","Dumfries and Galloway",DG1,"Dumfries and Galloway"
3,55.629354919095974,-2.737156642439756,1730559817,7057,1989,35,Female,Y,1413,Galashiels,"Scottish Borders",TD1,Borders
3,55.47598595686835,-4.562607449062242,1730593286,7021,1985,39,Other,Y,852,Dalmellington,"East Ayrshire",KA6,Ayrshire
3,56.136300620738105,-3.1404614833726288,1730828793,7080,1999,25,Male,Y,1079,"Kirkcaldy (east: Linktown, Port Brae, Pathhead, Sinclairtown, Smeaton, Gallatown)",Fife,KY1,Fife
3,56.36575351778049,-3.719736036567663,1730848618,7081,1977,47,Female,Y,1402,Crieff,"Perth and Kinross",PH7,Fife
3,55.957207036857,-4.635600326666431,1732046412,7108,1991,33,Male,Y,548,Cardross,"Argyll and Bute",G82,Glasgow
3,55.915772800705646,-4.393654403687662,1732046552,7104,1992,32,Female,Y,546,Clydebank,"West Dunbartonshire",G81,Glasgow
3,56.50457881367281,-3.2567549301321543,1733693563,7133,1996,28,Female,Y,1324,"Coupar Angus","Perth and Kinross",PH13,Fife
3,56.508889946902336,-3.1932468556068017,1733693711,7134,1996,28,Female,Y,1324,"Coupar Angus","Perth and Kinross",PH13,Fife
3,56.524025552238264,-2.836711753908555,1733727782,7139,2000,24,Male,Y,162,Kellas,Angus,DD5,"Tayside and Angus (Dundee)"
3,56.47275107384664,-2.9851449925890754,1733752562,7146,1960,64,Male,Y,245,"Law, Dundee",Dundee,"Dundee Central","Tayside and Angus (Dundee)"
3,55.798883751916065,-4.834687021908059,1733773047,7149,1967,57,Female,Y,842,Largs,"North Ayrshire",KA30,Ayrshire
3,57.266412518080976,-4.313746888543168,1733781735,7151,1980,44,Male,Y,714,"Inverness (east: Culcabock, Crown, Culduthel, Drummond, Haugh, Hilton, Holm, Lochardil, Millburn, Raigmore)",Highland,IV2,"Highlands (Inverness)"
3,56.07586681368027,-3.26318681806015,1733819655,7153,1966,58,Female,Y,1117,"Kirkcaldy (west: Hayfield, Templehall, Newliston, Chapel, Dunnikier, Bennochy)",Fife,KY2,Fife
3,56.07429815284053,-3.5508035896405534,1733933641,7167,1962,62,Female,Y,1096,"Dunfermline (centre, north, west: Abbey Parks, Lady's Mill, Garvock, Headwell, Kingseathill, Wellwood, Milesmark, Baldridge, Pittencrieff, Baldridgeburn)",Fife,KY12,Fife
3,56.4326595421315,-3.4615603739166287,1733962714,7172,1973,51,Female,Y,1354,"Perth (south and east: Barnhill, Bridgend, Craigie, Kincarrathie, Upper Craigie)","Perth and Kinross",PH2,Fife
3,56.45480408262802,-3.3995191758691363,1733983999,7174,1964,60,Female,Y,1351,Kintillo,"Perth and Kinross",PH2,Fife
3,56.28449070371481,-3.624912775005741,1734296917,7202,1985,39,Female,Y,1346,Glenfarg,"Perth and Kinross",PH2,Fife
3,55.9558666316381,-3.991269183205981,1734298584,7203,1970,54,Female,Y,514,"Cumbernauld (south: Condorrat, Lenziemill, Carbrain, Kildrum, Cumbernauld Village, Abronhill, Seafar)","North Lanarkshire",G67,Glasgow
3,56.22355887886323,-3.5782288192096723,1734479891,7206,1958,66,Other,Y,1100,Scotlandwell,"Perth and Kinross",KY13,Fife
3,55.89289149407674,-3.277625197211583,1736154650,7212,1987,38,Male,Y,319,"Blackford, Edinburgh",Edinburgh,"Edinburgh South","Lothian (Edinburgh)"
3,57.63212849922797,-4.115187694999361,1736255617,7228,1995,30,Female,Y,700,Fortrose,Highland,IV10,"Highlands (Inverness)"
3,56.49145107141231,-2.8358092672951223,1736771695,7235,2003,22,Female,Y,247,"Broughty Ferry, Dundee",Dundee,"Dundee East","Tayside and Angus (Dundee)"
3,56.1196172232682,-4.806058416263645,1737125056,7252,1956,69,Female,Y,566,Helensburgh,"Argyll and Bute",G84,"Argyll and Bute"
3,57.46318519220588,-2.155650910966605,1737370080,7257,1997,28,Male,Y,49,Ellon,Aberdeenshire,AB41,"North East (Aberdeen)"
3,57.109697029648956,-2.3163182683991512,1737378092,7259,1980,45,Female,Y,134,"Cults, Aberdeen",Aberdeen,"Aberdeen Southwest","North East (Aberdeen)"
3,55.78714681422205,-4.123544837106934,1737378873,7260,1992,33,Male,Y,528,Blantyre,"South Lanarkshire",G72,Glasgow
3,56.46207664955011,-3.0052082984994857,1737404608,7262,2000,25,Other,Y,261,"Westend, Dundee",Dundee,"Dundee West","Tayside and Angus (Dundee)"
3,56.10998100252662,-3.876052123099976,1738097059,7274,2004,21,Female,Y,464,"Stirling (south and east: Braehead, Borestone, Broomridge, Torbrex)",Stirlingshire,FK7,"Stirling and Falkirk"
3,57.23200823217342,-2.1191027030891916,1739451238,7289,2010,15,Male,N,109,"Hazelhead, Aberdeen",Aberdeen,"Aberdeen North","North East (Aberdeen)"
3,55.95077597973194,-4.754843312212876,1739803349,7320,1997,28,Female,Y,1230,"Greenock (central and east: Bogston, Bridgend, Cartsdyke, Gibshill, Greenock Central, Ladyburn, Upper Ingleston)",Inverclyde,PA15,Glasgow
3,55.79131969363624,-4.224009344039739,1741010851,7325,2005,20,Female,Y,571,"Castlemilk, Glasgow",Glasgow,"Glasgow Castlemilk",Glasgow
3,56.687218217021744,-2.8402916118460055,1747997180,7371,1990,35,Female,Y,181,Kirriemuir,Angus,DD8,"Tayside and Angus (Dundee)"
3,55.86621428928319,-4.280997960817423,1752511626,7386,2004,21,Female,Y,591,"Hillhead, Glasgow",Glasgow,"Glasgow Kelvin",Glasgow
3,56.25430379737654,-3.462646216419299,1756034101,7393,2002,23,Female,Y,1098,Kinross,"Perth and Kinross",KY13,Fife
3,56.0375314395754,-4.998207043403461,1759493439,7404,1987,38,Male,Y,1241,Dunoon,"Argyll and Bute",PA23,"Argyll and Bute"
3,57.565729122769646,-3.298044466590391,1760240392,7409,1993,32,Female,Y,737,Elgin,Moray,IV30,"North East (Aberdeen)"
3,57.10359145811145,-2.296702777288618,1760907911,7411,1958,67,Female,Y,132,"Peterculter, Aberdeen",Aberdeen,"Aberdeen Southwest","North East (Aberdeen)"
3,55.88592827056475,-3.192808857245636,1763982829,7432,1980,45,Other,Y,309,"Cameron Toll, Edinburgh",Edinburgh,"Edinburgh South","Lothian (Edinburgh)"
3,55.80432661938475,-3.2272290449894694,1764704085,7436,1948,77,Female,Y,343,Penicuik,Midlothian,EH26,"Lothian (Edinburgh)"
3,56.64011620226672,-2.5397256805165727,1768314220,7460,1994,32,Male,N,141,Arbroath,Angus,DD11,"Tayside and Angus (Dundee)"
3,56.08272938438661,-4.3963127948924186,1769531097,7485,1993,33,Male,Y,492,Balfron,Stirlingshire,G63,"Stirling and Falkirk"
3,55.85169131101888,-4.432415996494267,1770196933,7504,2011,15,Female,School,1249,"Paisley (north west: Ferguslie Park, Gallowhill, Gockston, Shortroods, )",Renfrewshire,PA3,Glasgow
3,55.851852980840675,-4.400264183504769,1770197105,7497,2011,15,Female,School,1221,Ralston,Renfrewshire,PA1,Glasgow
4,57.44103375217696,-1.91279108602374,1653838248,5,1973,49,Female,Y,54,Peterhead,Aberdeenshire,AB42,"North East (Aberdeen)"
4,57.299222805102566,-2.2206017785669023,1653839517,8,1986,36,Female,Y,117,Balmedie,Aberdeenshire,"Aberdeen North","North East (Aberdeen)"
4,55.04913692658935,-3.566176894949135,1653851957,26,1978,44,Female,N,186,"Dumfries (centre and east: Dalscone, Georgetown, Heathhall, Kingholm Quay, Noblehill, The Crichton)","Dumfries and Galloway",DG1,"Dumfries and Galloway"
4,55.768240264660584,-4.280456089090383,1653855162,31,1962,60,Female,Y,530,"East Kilbride (north: The Village, East Mains, West Mains, Lymekilns, St Leonards, Calderwood, Nerston, Stewartfield, Peel Park)","South Lanarkshire",G74,Glasgow
4,56.70734383988973,-3.0320011688492694,1653855467,36,1982,40,Male,Y,179,Forfar,Angus,DD8,"Tayside and Angus (Dundee)"
4,57.442495411803634,-5.761496128413399,1653860685,55,1975,47,Female,Y,767,Applecross,Highland,IV54,"Highlands (Inverness)"
4,57.31873803589171,-3.0005521639927766,1653864263,64,1982,40,Female,Y,87,Glass,Aberdeenshire,AB54,"North East (Aberdeen)"
4,57.21290578286834,-2.1029953893541666,1653864429,61,1957,65,Female,Y,111,"Bucksburn, Aberdeen",Aberdeen,"Aberdeen North","North East (Aberdeen)"
4,57.17385322953214,-2.2257550879393335,1653895011,85,1996,26,Male,Y,109,"Hazelhead, Aberdeen",Aberdeen,"Aberdeen North","North East (Aberdeen)"
4,57.52381142751839,-2.3506217307795803,1653897942,87,1960,62,Female,Y,78,Turriff,Aberdeenshire,AB53,"North East (Aberdeen)"
4,57.514874910677285,-2.2241452243087036,1653898023,87,1960,62,Female,Y,78,Turriff,Aberdeenshire,AB53,"North East (Aberdeen)"
4,57.52865464687996,-2.904467911765926,1653899064,92,1961,61,Female,Y,89,Dufftown,Moray,AB55,"North East (Aberdeen)"
4,57.159010223351885,-2.1356670246873373,1653899154,56,1963,59,Male,N,104,"Tillydrone, Aberdeen",Aberdeen,"Aberdeen Central","North East (Aberdeen)"
4,55.37837230733303,-4.423399331904677,1653899233,91,2003,19,Female,Y,852,Dalmellington,"East Ayrshire",KA6,Ayrshire
4,57.16110423417495,-2.177920029036728,1653899287,56,1963,59,Male,N,104,"Tillydrone, Aberdeen",Aberdeen,"Aberdeen Central","North East (Aberdeen)"
4,56.46537192707765,-3.0261556011300184,1653903929,102,1969,53,Female,N,236,"Lochee, Dundee",Dundee,"Dundee Central","Tayside and Angus (Dundee)"
4,57.13997541997181,-4.319120949217733,1653910086,53,1991,31,Male,Y,1376,"Fort Augustus",Highland,PH32,"Highlands (Inverness)"
4,55.57282704548908,-4.312695979479205,1653911676,119,1998,24,Female,Y,795,Newmilns,"East Ayrshire",KA16,Ayrshire
4,56.79646434196627,-2.8668955720949105,1653939750,146,1971,51,Female,N,182,Brechin,Angus,DD9,"Tayside and Angus (Dundee)"
4,57.61980675723239,-3.3660067873034,1653973615,159,1983,39,Male,Y,737,Elgin,Moray,IV30,"North East (Aberdeen)"
4,55.90561211875988,-2.819367569485577,1653996331,158,1998,24,Other,Y,350,Pencaitland,"East Lothian",EH34,"Lothian (Edinburgh)"
4,58.48188389050281,-3.166473619793062,1654046575,165,1964,58,Female,Y,899,Wick,Highland,KW1,"Highlands (Inverness)"
4,55.90311916729132,-4.310329005730288,1654107730,169,1961,61,Female,Y,609,"Garthamlock, Glasgow",Glasgow,"Glasgow Northeast",Glasgow
4,57.28960765524127,-3.0001418559497472,1654295339,180,1985,37,Male,Y,83,Huntly,Aberdeenshire,AB54,"North East (Aberdeen)"
4,57.59848809804437,-2.6223342595822374,1655112800,187,2005,17,Male,School,62,Portsoy,Aberdeenshire,AB45,"North East (Aberdeen)"
4,57.638103075761244,-2.6138476186043316,1655113125,194,2005,17,Female,School,59,Banff,Aberdeenshire,AB45,"North East (Aberdeen)"
4,57.662076522433615,-2.346293470095909,1655113144,188,2005,17,Female,School,63,Whitehills,Aberdeenshire,AB45,"North East (Aberdeen)"
4,57.59437442593909,-2.5490020897580616,1655113149,195,2005,17,Female,School,59,Banff,Aberdeenshire,AB45,"North East (Aberdeen)"
4,57.623099755703876,-2.7651635009010267,1655113156,198,2006,16,Female,School,60,Cornhill,Aberdeenshire,AB45,"North East (Aberdeen)"
4,57.646904032406574,-2.5524909441791293,1655113158,200,2007,15,Male,School,59,Banff,Aberdeenshire,AB45,"North East (Aberdeen)"
4,57.68206707082258,-2.674510663648334,1655113159,196,2005,17,Female,School,60,Cornhill,Aberdeenshire,AB45,"North East (Aberdeen)"
4,57.66751093097603,-2.4867326875166023,1655113180,204,2007,15,Male,School,58,Macduff,Aberdeenshire,AB44,"North East (Aberdeen)"
4,57.39318619282502,-2.9555415857864364,1655113180,199,2007,15,Male,School,79,Aberchirder,Aberdeenshire,AB54,"North East (Aberdeen)"
4,57.27839860043343,-3.108061619592287,1655113314,193,2006,16,Female,School,79,Aberchirder,Aberdeenshire,AB54,"North East (Aberdeen)"
4,57.68532717262823,-2.788218046386283,1655213788,225,2006,16,Male,School,90,Buckie,Moray,AB56,"North East (Aberdeen)"
4,57.67408049782685,-2.8202448522944814,1655213795,221,2006,16,Female,School,90,Buckie,Moray,AB56,"North East (Aberdeen)"
4,57.63211286259352,-3.0217286162697765,1655213806,220,2007,15,Male,N,90,Buckie,Moray,AB56,"North East (Aberdeen)"
4,57.607045350220794,-3.001105089288497,1655213809,219,2006,16,Male,N,90,Buckie,Moray,AB56,"North East (Aberdeen)"
4,57.6259770544634,-3.0026315550250318,1655213829,215,2006,16,Male,School,94,Portgordon,Moray,AB56,"North East (Aberdeen)"
4,57.618247557927276,-2.095994867229499,1655213829,222,2006,16,Female,School,56,Crimond,Aberdeenshire,AB43,"North East (Aberdeen)"
4,57.59903376096417,-2.967316364157383,1655213846,228,2006,16,Male,School,95,Portknockie,Moray,AB56,"North East (Aberdeen)"
4,57.62611982911207,-3.025275688979317,1655213923,230,2006,16,Male,N,90,Buckie,Moray,AB56,"North East (Aberdeen)"
4,57.650616340812164,-2.952081363617541,1655213980,229,2006,16,Female,N,90,Buckie,Moray,AB56,"North East (Aberdeen)"
4,55.88683783338366,-4.203664436820404,1655217177,214,1999,23,Female,Y,634,"Maryhill, Glasgow",Glasgow,"Glasgow Northeast",Glasgow
4,55.871807712222434,-4.138593940891525,1655220737,214,1999,23,Female,Y,634,"Maryhill, Glasgow",Glasgow,"Glasgow Northeast",Glasgow
4,57.676619153016624,-2.826808416782222,1655291131,236,2008,14,Male,School,90,Buckie,Moray,AB56,"North East (Aberdeen)"
4,57.670083977231954,-2.9197078857578123,1655291143,254,2008,14,Female,School,92,Findochty,Moray,AB56,"North East (Aberdeen)"
4,57.65212423166035,-2.8572737829808443,1655291154,255,2008,14,Male,School,90,Buckie,Moray,AB56,"North East (Aberdeen)"
4,57.673646523881686,-2.820663431293275,1655291166,242,2008,14,Male,School,90,Buckie,Moray,AB56,"North East (Aberdeen)"
4,57.68632198623007,-2.914080313308367,1655291167,244,2008,14,Male,School,90,Buckie,Moray,AB56,"North East (Aberdeen)"
4,57.62830397463765,-2.821938050286619,1655291171,245,2008,14,Female,School,95,Portknockie,Moray,AB56,"North East (Aberdeen)"
4,57.65441488459765,-2.8529291884943953,1655291172,241,2008,14,Female,N,90,Buckie,Moray,AB56,"North East (Aberdeen)"
4,57.66438425299802,-2.842724974968388,1655291177,237,2009,13,Female,School,90,Buckie,Moray,AB56,"North East (Aberdeen)"
4,57.614698067209126,-2.9108738354665404,1655291194,238,2008,14,Female,N,90,Buckie,Moray,AB56,"North East (Aberdeen)"
4,57.65108051893295,-2.8205612070248547,1655291218,253,2008,14,Other,N,90,Buckie,Moray,AB56,"North East (Aberdeen)"
4,57.65012554741992,-2.844158458369683,1655291223,248,2008,14,Male,School,90,Buckie,Moray,AB56,"North East (Aberdeen)"
4,57.63760650317023,-3.023582209313729,1655291310,251,2009,13,Male,School,95,Portknockie,Moray,AB56,"North East (Aberdeen)"
4,57.69190531922009,-2.8242400994208405,1655291594,239,2008,14,Female,School,90,Buckie,Moray,AB56,"North East (Aberdeen)"
4,57.66136339013478,-3.0162902299046657,1655293614,268,2006,16,Female,School,90,Buckie,Moray,AB56,"North East (Aberdeen)"
4,57.64258312429405,-2.990479419164596,1655293645,276,2006,16,Male,School,90,Buckie,Moray,AB56,"North East (Aberdeen)"
4,57.61672390191474,-2.9133639481903844,1655293661,271,2006,16,Female,School,90,Buckie,Moray,AB56,"North East (Aberdeen)"
4,57.62347624661054,-2.922851476474385,1655293813,270,2006,16,Male,N,90,Buckie,Moray,AB56,"North East (Aberdeen)"
4,57.609705918274656,-2.8723892618753073,1655293825,263,2006,16,Other,N,90,Buckie,Moray,AB56,"North East (Aberdeen)"
4,57.668591671670924,-2.9912722615588434,1655293928,272,2005,17,Female,School,90,Buckie,Moray,AB56,"North East (Aberdeen)"
4,57.659946124033944,-2.9775889395394546,1655300018,283,2006,16,Male,School,90,Buckie,Moray,AB56,"North East (Aberdeen)"
4,57.675353964862985,-2.9759644426051475,1655300055,286,2006,16,Male,School,90,Buckie,Moray,AB56,"North East (Aberdeen)"
4,57.66988401600967,-2.807285196190522,1655300137,282,2005,17,Male,School,90,Buckie,Moray,AB56,"North East (Aberdeen)"
4,57.63125282299765,-2.2856952242020725,1655300171,289,2006,16,Female,School,57,Fraserburgh,Aberdeenshire,AB43,"North East (Aberdeen)"
4,57.6234535075508,-2.9748940166937783,1655300214,294,2005,17,Male,School,95,Portknockie,Moray,AB56,"North East (Aberdeen)"
4,57.65801185904003,-3.007790975533801,1655300582,279,2006,16,Female,School,90,Buckie,Moray,AB56,"North East (Aberdeen)"
4,57.637402000573815,-2.788652197974274,1655300641,290,2006,16,Female,School,94,Portgordon,Moray,AB56,"North East (Aberdeen)"
4,57.646669208156986,-2.819725566031042,1655300734,292,2006,16,Male,School,90,Buckie,Moray,AB56,"North East (Aberdeen)"
4,57.682891058257965,-2.900298228364997,1655300738,295,2006,16,Female,School,90,Buckie,Moray,AB56,"North East (Aberdeen)"
4,57.65489630254566,-2.973847487061704,1655300743,293,2006,16,Male,School,90,Buckie,Moray,AB56,"North East (Aberdeen)"
4,57.66302369834694,-2.9735910138357937,1655300999,284,2006,16,Male,School,90,Buckie,Moray,AB56,"North East (Aberdeen)"
4,57.650373216499496,-2.4595608641266473,1655301455,298,2006,16,Male,School,62,Portsoy,Aberdeenshire,AB45,"North East (Aberdeen)"
4,57.68628121164271,-2.8697470612299996,1655301605,280,2006,16,Female,School,90,Buckie,Moray,AB56,"North East (Aberdeen)"
4,57.67486114784928,-3.3652733786181432,1655301622,281,2006,16,Female,School,737,Elgin,Moray,IV30,"North East (Aberdeen)"
4,0,0,1655822691,65,1986,36,Female,Y,264,"Slateford, Edinburgh",Edinburgh,"Edinburgh Central","Lothian (Edinburgh)"
4,0,0,1659429213,43,1955,67,Female,Y,115,"Grandholm, Aberdeen",Aberdeen,"Aberdeen North","North East (Aberdeen)"
4,60.14734016503469,-1.241382190047025,1663088822,331,1985,37,Male,Y,1501,Scalloway,"Shetland Isles",ZE1,"Shetland Islands"
4,60.789357841839454,-0.8375684715340217,1663158716,333,2008,14,Female,School,1582,Mossbank,"Shetland Isles",ZE2,"Shetland Islands"
4,60.22445279108761,-1.3186490469467915,1663158780,334,2008,14,Male,School,1621,Vidlin,"Shetland Isles",ZE2,"Shetland Islands"
4,60.42389749553277,-0.7699649298207896,1663158906,342,2007,15,Male,School,1622,Voe,"Shetland Isles",ZE2,"Shetland Islands"
4,60.408930050373094,-1.2264474392768379,1663159141,338,2008,14,Female,School,1512,Brae,"Shetland Isles",ZE2,"Shetland Islands"
4,60.26087951624514,-1.3708525911800304,1663159830,343,2008,14,Female,School,1622,Voe,"Shetland Isles",ZE2,"Shetland Islands"
4,60.789068804258946,-0.7828783401564132,1663162021,364,2008,14,Other,School,1582,Mossbank,"Shetland Isles",ZE2,"Shetland Islands"
4,60.604081878906854,-0.8987741361575148,1663162245,350,2008,14,Male,Y,1622,Voe,"Shetland Isles",ZE2,"Shetland Islands"
4,60.40487374569067,-1.2874483026397536,1663162398,361,2008,14,Female,N,1607,Sullom,"Shetland Isles",ZE2,"Shetland Islands"
4,60.61155431064854,-1.1925214140654763,1663162502,354,2008,14,Female,School,1582,Mossbank,"Shetland Isles",ZE2,"Shetland Islands"
4,60.04216959950692,-1.333698999399405,1663162508,355,2008,14,Female,N,1584,"North Roe","Shetland Isles",ZE2,"Shetland Islands"
4,59.93997449636942,-1.2729248109769804,1663162590,352,2008,14,Male,N,1584,"North Roe","Shetland Isles",ZE2,"Shetland Islands"
4,60.605115052185724,-0.9894573302805867,1663162699,358,2008,14,Female,School,1561,Hillswick,"Shetland Isles",ZE2,"Shetland Islands"
4,60.2559579041308,-1.529482251739628,1663163017,366,2008,14,Male,School,1512,Brae,"Shetland Isles",ZE2,"Shetland Islands"
4,55.87848643473397,-4.345677542017474,1663166021,367,1988,34,Female,N,641,"Knightswood, Glasgow",Glasgow,"Glasgow Northwest",Glasgow
4,55.71027310312504,-4.1478639451537065,1663172509,371,1984,38,Male,Y,534,"East Kilbride (south: Hairmyres, Westwood, The Murray, Murray East, Whitehills, Greenhill, Newlandsmuir, Gardenhall, Crosshouse, Newlands, Lindsayfield, Mossneuk)","South Lanarkshire",G75,Glasgow
4,55.83529199097436,-4.250495531746854,1663173806,370,1971,51,Female,Y,675,"Penilee, Glasgow",Glasgow,"Glasgow Southwest",Glasgow
4,55.84276432048078,-4.33382819145754,1663178677,384,1971,51,Female,N,673,"Drumoyne, Glasgow",Glasgow,"Glasgow Southwest",Glasgow
4,55.83411768051085,-4.2529036108668565,1663191914,408,1984,38,Male,N,675,"Penilee, Glasgow",Glasgow,"Glasgow Southwest",Glasgow
4,59.900214764772684,-1.3008987621565224,1663232011,414,1992,30,Other,Y,1638,Virkie,"Shetland Isles",ZE3,"Shetland Islands"
4,57.559347986472766,-4.441882810559497,1663233665,416,1986,36,Male,Y,774,"Conon Bridge",Highland,IV7,"Highlands (Inverness)"
4,56.23887588904689,-3.1231177505687735,1663259451,427,1990,32,Male,Y,1133,"Glenrothes (centre and east: Pitteuchar, Finglassie, Stenton, Auchmuty, Pitcoudie, Balfarg, Pircairn, Collydean)",Fife,KY7,Fife
4,55.80577091800231,-4.184633831199813,1663346363,430,1960,62,Female,N,571,"Castlemilk, Glasgow",Glasgow,"Glasgow Castlemilk",Glasgow
4,59.90007198466533,-1.2982529001541605,1663752005,433,1992,30,Other,Y,1638,Virkie,"Shetland Isles",ZE3,"Shetland Islands"
4,57.66023468986544,-2.8614575586563458,1663770889,435,1964,58,Female,Y,90,Buckie,Moray,AB56,"North East (Aberdeen)"
4,56.18991181550069,-3.1863497544280337,1663861507,369,1967,55,Male,Y,1129,"Glenrothes (west: Caskieberran, Rimbleton, Macedonia, Tanshall)",Fife,KY6,Fife
4,55.470432879240136,-4.261702984811508,1663961427,437,1977,45,Female,N,798,Cumnock,"East Ayrshire",KA18,Ayrshire
4,55.38781836266542,-4.257025219448296,1664215304,437,1977,45,Female,N,798,Cumnock,"East Ayrshire",KA18,Ayrshire
4,56.45805442174085,-2.994527568700227,1664364630,443,1993,29,Male,Y,261,"Westend, Dundee",Dundee,"Dundee West","Tayside and Angus (Dundee)"
4,56.45214892202021,-3.009591197784413,1664364942,443,1993,29,Male,Y,261,"Westend, Dundee",Dundee,"Dundee West","Tayside and Angus (Dundee)"
4,54.874064302845404,-4.735708280795818,1664647233,447,1952,70,Female,Y,225,"Newton Stewart","Dumfries and Galloway",DG8,"Dumfries and Galloway"
4,56.476605980059944,-3.0404499191711554,1664714837,448,1953,69,Female,Y,239,"Charleston, Dundee",Dundee,"Dundee Central","Tayside and Angus (Dundee)"
4,55.83635328977306,-4.340014527072651,1664775921,449,1957,65,Male,N,678,"Cardonald, Glasgow",Glasgow,"Glasgow Southwest",Glasgow
4,55.94232015815738,-3.265538589532314,1664789090,459,1965,57,Female,N,288,"Murrayfield, Edinburgh",Edinburgh,"Edinburgh North","Lothian (Edinburgh)"
4,55.83840418197478,-4.329407537356961,1664789179,457,1953,69,Male,Y,677,"Hillington, Glasgow",Glasgow,"Glasgow Southwest",Glasgow
4,56.133461990983506,-3.3965768926777513,1664790425,469,1965,57,Male,Y,1121,Cowdenbeath,Fife,KY4,Fife
4,56.16049047759479,-4.331425137154195,1664791322,470,1995,27,Female,Y,470,Kippen,Stirlingshire,FK8,"Stirling and Falkirk"
4,55.880457884865514,-4.171116398540176,1664791939,472,1999,23,Female,Y,601,Bargeddie,"North Lanarkshire","Glasgow Northeast",Glasgow
4,60.15925822653063,-1.2917028588002448,1664793974,465,1990,32,Male,Y,1501,Scalloway,"Shetland Isles",ZE1,"Shetland Islands"
4,55.83845425967296,-4.38069126848051,1664794147,486,1955,67,Female,N,1236,"Paisley (south: Blackhall, Castlehead, Dykebar, Foxbar, Hunterhill, Meikleriggs)",Renfrewshire,PA2,Glasgow
4,55.77946485508282,-4.52674829047726,1664794440,486,1955,67,Female,N,1236,"Paisley (south: Blackhall, Castlehead, Dykebar, Foxbar, Hunterhill, Meikleriggs)",Renfrewshire,PA2,Glasgow
4,56.477690731954795,-3.04388328580008,1664795311,504,1964,58,Female,N,236,"Lochee, Dundee",Dundee,"Dundee Central","Tayside and Angus (Dundee)"
4,56.47939214575391,-3.0013400387151536,1664795418,479,1957,65,Male,N,238,"Menzieshill, Dundee",Dundee,"Dundee Central","Tayside and Angus (Dundee)"
4,55.653633326796744,-4.78749150573439,1664795573,506,1981,41,Female,Y,812,Saltcoats,"East Ayrshire",KA21,Ayrshire
4,55.97478968148075,-4.45908805586069,1664796111,511,1987,35,Female,Y,549,Dumbarton,"West Dunbartonshire",G82,Glasgow
4,55.94974491968467,-3.678984144941783,1664796916,515,1989,33,Female,Y,419,Airth,Falkirk,FK2,"Stirling and Falkirk"
4,54.659565848015575,-4.898387500041493,1664796988,516,1988,34,Male,Y,230,Sandhead,"Dumfries and Galloway",DG9,"Dumfries and Galloway"
4,57.35966970542028,-2.2283869029022636,1664797512,519,1999,23,Male,Y,49,Ellon,Aberdeenshire,AB41,"North East (Aberdeen)"
4,55.662863232185565,-2.634102076954001,1664797835,522,1977,45,Female,Y,1442,Earlston,"Scottish Borders",TD4,Borders
4,55.589932500655394,-4.59793939976668,1664797943,526,1996,26,Male,Y,809,Dundonald,"South Ayrshire",KA2,Ayrshire
4,59.38456313339849,-2.396271653914435,1664798128,527,1947,75,Female,Y,1025,"Orkney Islands",Orkney,KW17,"Orkney Islands"
4,55.9665223231764,-3.221033014268522,1664798879,529,1995,27,Female,Y,287,"Corstorphine, Edinburgh",Edinburgh,"Edinburgh North","Lothian (Edinburgh)"
4,60.813460233775984,-0.8107478792504403,1664799156,531,1966,56,Female,Y,1581,"Mid Yell","Shetland Isles",ZE2,"Shetland Islands"
4,58.856754752455174,-2.9108554230773995,1664800113,539,1949,73,Female,Y,1025,"Orkney Islands",Orkney,KW17,"Orkney Islands"
4,56.74585924568969,-2.8151087372174812,1664801874,550,1980,42,Female,Y,182,Brechin,Angus,DD9,"Tayside and Angus (Dundee)"
4,55.84378755728673,-4.468150370883372,1664803400,561,1971,51,Female,N,1220,"Paisley (central, east and north east: Ferguslie, Oldhall, Seedhill, Williamsburgh, Whitehaugh)",Renfrewshire,PA1,Glasgow
4,59.050144191690755,-2.9187556502029377,1664804137,564,1956,66,Female,N,1025,"Orkney Islands",Orkney,KW17,"Orkney Islands"
4,55.952760597511,-3.244523394836904,1664804351,109,1954,68,Female,N,299,"Broughton, Edinburgh",Edinburgh,"Edinburgh North","Lothian (Edinburgh)"
4,55.957855613998056,-3.184877174306984,1664805190,109,1954,68,Female,N,299,"Broughton, Edinburgh",Edinburgh,"Edinburgh North","Lothian (Edinburgh)"
4,56.23464527042354,-2.952317071092029,1664805569,579,1959,63,Female,Y,1140,Leven,Fife,KY8,Fife
4,56.012023994501334,-5.470503084160555,1664806117,585,1994,28,Female,Y,1250,Ardrishaig,"Argyll and Bute",PA30,"Argyll and Bute"
4,58.92523193426807,-2.8840890442942713,1664806412,564,1956,66,Female,N,1025,"Orkney Islands",Orkney,KW17,"Orkney Islands"
4,59.082514080259116,-2.6791663485744994,1664806843,593,1957,65,Female,N,1025,"Orkney Islands",Orkney,KW17,"Orkney Islands"
4,56.081273038002735,-3.41047307019133,1664807011,581,1996,26,Male,Y,1094,Rosyth,Fife,KY11,Fife
4,55.93594049199742,-4.8611457121290185,1664807166,590,1995,27,Female,Y,1235,Gourock,Inverclyde,PA19,Glasgow
4,56.07697444386519,-3.228102715266538,1664807413,596,1956,66,Female,Y,1117,"Kirkcaldy (west: Hayfield, Templehall, Newliston, Chapel, Dunnikier, Bennochy)",Fife,KY2,Fife
4,58.97571602341638,-3.0487207347195344,1664807443,595,1984,38,Female,N,967,Kirkwall,Orkney,KW15,"Orkney Islands"
4,57.10736358351068,-2.31441508840869,1664807721,600,1963,59,Male,Y,128,"Mannofield, Aberdeen",Aberdeen,"Aberdeen Southwest","North East (Aberdeen)"
4,56.22305676485122,-5.127095793275439,1664807758,597,1970,52,Male,Y,1255,Inveraray,"Argyll and Bute",PA32,"Argyll and Bute"
4,56.63993214698352,-2.706029110356855,1664808145,598,1962,60,Female,N,181,Kirriemuir,Angus,DD8,"Tayside and Angus (Dundee)"
4,55.86121178447767,-4.21689258983114,1664810431,613,1983,39,Female,Y,623,"Shettleston, Glasgow",Glasgow,"Glasgow Northeast",Glasgow
4,56.68036283186309,-2.7614999097649604,1664810447,614,1954,68,Male,Y,181,Kirriemuir,Angus,DD8,"Tayside and Angus (Dundee)"
4,55.841328814246026,-4.183150442458084,1664811460,619,1957,65,Male,Y,600,"Garrowhill, Glasgow",Glasgow,"Glasgow Northeast",Glasgow
4,58.52597738158495,-3.309625611906248,1664811575,622,1982,40,Female,Y,899,Wick,Highland,KW1,"Highlands (Inverness)"
4,55.94792163093272,-2.683445421277389,1664811859,625,1955,67,Female,Y,357,Haddington,"East Lothian",EH41,"Lothian (Edinburgh)"
4,56.01134752625474,-3.566650595420143,1664811961,624,1981,41,Other,Y,370,Bo'ness,Falkirk,EH51,"Lothian (Edinburgh)"
4,55.86488909399889,-4.115183118522728,1664813216,630,1987,35,Female,N,623,"Shettleston, Glasgow",Glasgow,"Glasgow Northeast",Glasgow
4,55.86566741895349,-4.197241291339783,1664813381,632,1959,63,Female,Y,623,"Shettleston, Glasgow",Glasgow,"Glasgow Northeast",Glasgow
4,55.8331379374192,-4.194487440918711,1664813670,637,1989,33,Male,N,623,"Shettleston, Glasgow",Glasgow,"Glasgow Northeast",Glasgow
4,55.90969222223825,-4.038877707405578,1664814320,641,1956,66,Male,Y,1189,Coatbridge,"North Lanarkshire",ML5,Glasgow
4,55.79743012391832,-4.229099007612414,1664814696,647,1998,24,Male,Y,571,"Castlemilk, Glasgow",Glasgow,"Glasgow Castlemilk",Glasgow
4,57.51132110777047,-2.1915357042707857,1664814832,586,1968,54,Male,Y,78,Turriff,Aberdeenshire,AB53,"North East (Aberdeen)"
4,54.829931538054495,-5.047890766115203,1664815587,651,1980,42,Female,N,231,Stranraer,"Dumfries and Galloway",DG9,"Dumfries and Galloway"
4,59.17772898295226,-2.9615699668301545,1664815929,649,1960,62,Male,N,1025,"Orkney Islands",Orkney,KW17,"Orkney Islands"
4,55.76502432858387,-4.163830428038686,1664816257,656,1994,28,Male,Y,530,"East Kilbride (north: The Village, East Mains, West Mains, Lymekilns, St Leonards, Calderwood, Nerston, Stewartfield, Peel Park)","South Lanarkshire",G74,Glasgow
4,55.49138241302132,-4.35148589285383,1664816603,657,1970,52,Male,Y,845,Catrine,"East Ayrshire",KA5,Ayrshire
4,60.70840978893089,-0.9002734883060668,1664817288,660,1982,40,Female,N,1543,Girlsta,"Shetland Isles",ZE2,"Shetland Islands"
4,55.908663368307636,-3.533177659231164,1664817432,665,1969,53,Male,N,375,Livingston,"West Lothian",EH54,"Lothian (Edinburgh)"
4,55.864569706375605,-4.049207222771592,1664817450,664,1980,42,Female,N,1189,Coatbridge,"North Lanarkshire",ML5,Glasgow
4,57.374066146401255,-2.719047469326545,1664817472,662,2003,19,Female,Y,68,Auchleven,Aberdeenshire,AB52,"North East (Aberdeen)"
4,55.80613171324045,-4.254697081012199,1664818085,670,1981,41,Male,N,651,"Cathcart, Glasgow",Glasgow,"Glasgow South",Glasgow
4,55.98899669603692,-4.25340100135461,1664818680,631,1953,69,Female,N,508,Lennoxtown,"East Dunbartonshire",G66,Glasgow
4,57.361106310811444,-2.49362462573733,1664819451,682,1958,64,Female,Y,64,Inverurie,Aberdeenshire,AB51,"North East (Aberdeen)"
4,55.82279260799572,-4.270611765005642,1664820114,681,2002,20,Other,Y,645,Clarkston,"East Renfrewshire","Glasgow South",Glasgow
4,60.53570769774741,-1.0552734702249549,1664820311,684,1981,41,Female,N,1596,Scousburgh,"Shetland Isles",ZE2,"Shetland Islands"
4,56.16545775022811,-3.872562402274698,1664820994,694,2000,22,Male,Y,479,"Stirling (north: Causewayhead, Cornton)",Stirlingshire,FK9,"Stirling and Falkirk"
4,58.95167468990855,-2.902218035302007,1664821012,689,1963,59,Female,N,1025,"Orkney Islands",Orkney,KW17,"Orkney Islands"
4,55.062861482066765,-3.5113354447035188,1664821135,688,1969,53,Female,Y,186,"Dumfries (centre and east: Dalscone, Georgetown, Heathhall, Kingholm Quay, Noblehill, The Crichton)","Dumfries and Galloway",DG1,"Dumfries and Galloway"
4,55.84093974569744,-4.078601683954562,1664821177,690,1965,57,Male,Y,523,Bothwell,"South Lanarkshire",G71,Glasgow
4,56.25488012251229,-3.1092800102612905,1664821506,666,1986,36,Male,Y,1105,Cupar,Fife,KY15,Fife
4,56.21486570462379,-4.717841980482015,1664821595,698,1953,69,Female,Y,557,Alexandria,"West Dunbartonshire",G83,"Argyll and Bute"
4,55.84015724757582,-4.013506541102175,1664821965,702,1996,26,Male,Y,1189,Coatbridge,"North Lanarkshire",ML5,Glasgow
4,56.40583557789757,-2.869431268467549,1664822931,711,1960,62,Female,Y,1113,Kingsbarns,Fife,KY16,Fife
4,54.98852731435268,-3.4392986197976474,1664823856,683,1986,36,Male,Y,186,"Dumfries (centre and east: Dalscone, Georgetown, Heathhall, Kingholm Quay, Noblehill, The Crichton)","Dumfries and Galloway",DG1,"Dumfries and Galloway"
4,54.94470128526875,-3.7829089575815726,1664825597,727,1986,36,Male,Y,215,Dalbeattie,"Dumfries and Galloway",DG5,"Dumfries and Galloway"
4,55.976569342738216,-3.5542887227229416,1664827171,473,1992,30,Female,School,369,Linlithgow,"West Lothian",EH49,"Lothian (Edinburgh)"
4,55.92845207215484,-3.999876229851726,1664827421,736,2001,21,Female,Y,514,"Cumbernauld (south: Condorrat, Lenziemill, Carbrain, Kildrum, Cumbernauld Village, Abronhill, Seafar)","North Lanarkshire",G67,Glasgow
4,55.78435458484643,-4.002409591860201,1664827861,738,1978,44,Female,Y,1151,Motherwell,"North Lanarkshire",ML1,Glasgow
4,55.740345748600454,-4.075723699971775,1664828439,737,1994,28,Male,Y,1183,Hamilton,"South Lanarkshire",ML3,Glasgow
4,58.93002865560448,-3.283868383695694,1664829155,742,1977,45,Female,Y,982,Stromness,Orkney,KW16,"Orkney Islands"
4,55.82390567861206,-4.528705821896681,1664829198,725,1989,33,Male,Y,1276,Johnstone,Renfrewshire,PA5,Glasgow
4,55.68506089378978,-4.831560856289927,1664829545,743,1952,70,Female,Y,813,Ardrossan,"North Ayrshire",KA22,Ayrshire
4,55.89308987508995,-4.05591877775593,1664830326,749,1975,47,Female,Y,1189,Coatbridge,"North Lanarkshire",ML5,Glasgow
4,59.05397043418931,-2.898976993147164,1664830631,755,1958,64,Female,Y,1025,"Orkney Islands",Orkney,KW17,"Orkney Islands"
4,55.895196174337315,-4.3406009064186435,1664830872,756,1998,24,Male,Y,638,"Drumchapel, Glasgow",Glasgow,"Glasgow Northwest",Glasgow
4,56.78037511723349,-3.0351931491877395,1664830964,751,1998,24,Female,Y,179,Forfar,Angus,DD8,"Tayside and Angus (Dundee)"
4,55.83479835846066,-4.409819059661295,1664831507,760,1989,33,Female,N,1236,"Paisley (south: Blackhall, Castlehead, Dykebar, Foxbar, Hunterhill, Meikleriggs)",Renfrewshire,PA2,Glasgow
4,57.192046681857605,-2.179241935626796,1664832112,763,1986,36,Female,Y,117,Balmedie,Aberdeenshire,"Aberdeen North","North East (Aberdeen)"
4,55.94596051298531,-3.8676279403989393,1664832271,764,1991,31,Female,Y,383,Slamannan, Falkirk,FK1,"Stirling and Falkirk"
4,55.711276717261654,-4.193209892348965,1664832812,768,1984,38,Female,Y,534,"East Kilbride (south: Hairmyres, Westwood, The Murray, Murray East, Whitehills, Greenhill, Newlandsmuir, Gardenhall, Crosshouse, Newlands, Lindsayfield, Mossneuk)","South Lanarkshire",G75,Glasgow
4,57.31655748929036,-3.042422645682168,1664833465,772,1973,49,Male,Y,86,Rhynie,Aberdeenshire,AB54,"North East (Aberdeen)"
4,56.72117726762626,-2.8631878766872414,1664833582,771,1981,41,Male,Y,179,Forfar,Angus,DD8,"Tayside and Angus (Dundee)"
4,55.81885522771255,-4.06350077692915,1664833955,775,1977,45,Male,Y,526,Viewpark,"North Lanarkshire",G71,Glasgow
4,55.842172909508946,-4.512611742006732,1664834423,778,1952,70,Female,Y,1276,Johnstone,Renfrewshire,PA5,Glasgow
4,55.75984809168628,-4.124541569846877,1664835464,781,1975,47,Female,Y,529,Cambuslang,"South Lanarkshire",G72,Glasgow
4,55.564027564672664,-4.470321140682359,1664835697,782,1988,34,Male,Y,779,"Kilmarnock (centre and south: Bonnyton, Grange, Bellfield, Shortlees, Caprington, Riccarton, Hurlford)","East Ayrshire",KA1,Ayrshire
4,60.140691530745,-1.1811877439874725,1664837489,783,1952,70,Female,Y,1500,Lerwick,"Shetland Isles",ZE1,"Shetland Islands"
4,55.762567376236724,-4.682117035180764,1664840062,790,2004,18,Male,Y,817,Kilbirnie,"North Ayrshire",KA25,Ayrshire
4,56.123580877679615,-3.868521059338499,1664845303,796,1957,65,Female,N,391,Alloa,Clackmannanshire,FK10,"Stirling and Falkirk"
4,55.84312229555629,-3.1685840535672227,1664848290,797,1980,42,Male,Y,341,Bilston,Midlothian,EH25,"Lothian (Edinburgh)"
4,60.822139761726916,-0.7925555327828702,1664865631,801,1992,30,Female,Y,1595,Sandwick,"Shetland Isles",ZE2,"Shetland Islands"
4,57.63609123878728,-4.115922585238694,1664866870,808,1983,39,Female,Y,700,Fortrose,Highland,IV10,"Highlands (Inverness)"
4,55.931867043262734,-3.2645573589926045,1664868008,815,1958,64,Male,N,272,"New Town, Edinburgh",Edinburgh,"Edinburgh Central","Lothian (Edinburgh)"
4,55.90215092803264,-4.261994300907847,1664868707,817,1962,60,Male,N,481,"Lambhill, Glasgow",Glasgow,G23,Glasgow
4,57.61030660278966,-2.046554154487726,1664868772,818,1952,70,Female,N,57,Fraserburgh,Aberdeenshire,AB43,"North East (Aberdeen)"
4,55.91083196434018,-4.380315414052342,1664871021,838,1960,62,Male,Y,641,"Knightswood, Glasgow",Glasgow,"Glasgow Northwest",Glasgow
4,57.501333653480245,-3.2420057488852914,1664871269,837,1968,54,Female,Y,44,Aberlour,Moray,AB38,"North East (Aberdeen)"
4,56.07340812514688,-4.8535940747798065,1664871324,829,1972,50,Male,N,566,Helensburgh,"Argyll and Bute",G84,"Argyll and Bute"
4,57.66792103248369,-1.9532643970177188,1664871384,856,1997,25,Male,Y,57,Fraserburgh,Aberdeenshire,AB43,"North East (Aberdeen)"
4,55.98619059500996,-3.576043597057028,1664871385,865,1998,24,Male,Y,369,Linlithgow,"West Lothian",EH49,"Lothian (Edinburgh)"
4,56.00598512918439,-3.698685230455563,1664871535,844,1971,51,Male,N,439,Grangemouth,Falkirk,FK3,"Stirling and Falkirk"
4,55.91043181888946,-3.59558375115006,1664871736,858,1984,38,Female,Y,368,Bathgate,"West Lothian",EH48,"Lothian (Edinburgh)"
4,56.460377074373866,-2.998730385561678,1664871750,871,1994,28,Male,Y,261,"Westend, Dundee",Dundee,"Dundee West","Tayside and Angus (Dundee)"
4,56.48403663170578,-2.954441162143421,1664871763,866,1956,66,Male,Y,255,"Fintry, Dundee",Dundee,"Dundee North","Tayside and Angus (Dundee)"
4,55.85049487486871,-2.986048350976479,1664871840,852,1971,51,Female,Y,353,Pathhead,Midlothian,EH37,"Lothian (Edinburgh)"
4,57.14782136693982,-2.100508553606903,1664871851,821,1947,75,Female,Y,126,"Bridge of Dee, Aberdeen",Aberdeen,"Aberdeen Southeast","North East (Aberdeen)"
4,55.74638581600497,-3.8353913319024064,1664872232,876,1997,25,Male,Y,1212,Carluke,"South Lanarkshire",ML8,Glasgow
4,57.28520511985429,-2.0189561761370145,1664872442,878,1975,47,Other,Y,113,"Bridge of Don, Aberdeen",Aberdeen,"Aberdeen North","North East (Aberdeen)"
4,55.91224107365086,-4.466599152449266,1664872614,899,1971,51,Male,Y,1306,Erskine,Renfrewshire,PA8,Glasgow
4,56.850395614524366,-3.214645598745312,1664872616,886,1974,48,Male,Y,181,Kirriemuir,Angus,DD8,"Tayside and Angus (Dundee)"
4,55.760799397619024,-4.117171963025739,1664872756,902,1995,27,Male,Y,529,Cambuslang,"South Lanarkshire",G72,Glasgow
4,55.95191825537575,-3.1403469111344644,1664872808,895,1985,37,Male,Y,281,"Portobello, Edinburgh",Edinburgh,"Edinburgh Duddingston","Lothian (Edinburgh)"
4,55.848653619074824,-4.328778029927646,1664873080,908,1949,73,Male,Y,663,"Mount Florida, Glasgow",Glasgow,"Glasgow Southwest",Glasgow
4,55.823313579179064,-4.471426719050174,1664873131,918,1980,42,Male,N,1236,"Paisley (south: Blackhall, Castlehead, Dykebar, Foxbar, Hunterhill, Meikleriggs)",Renfrewshire,PA2,Glasgow
4,56.11079511207481,-3.2118975409795416,1664873294,910,1959,63,Male,Y,1117,"Kirkcaldy (west: Hayfield, Templehall, Newliston, Chapel, Dunnikier, Bennochy)",Fife,KY2,Fife
4,56.40548648957954,-3.7633763848835233,1664873295,44,1958,64,Male,N,1402,Crieff,"Perth and Kinross",PH7,Fife
4,55.254346541969824,-3.630396558238626,1664873490,921,1965,57,Male,Y,209,Moniaive,"Dumfries and Galloway",DG3,"Dumfries and Galloway"
4,57.66271483118423,-2.4897165376584027,1664873669,927,1968,54,Female,N,58,Macduff,Aberdeenshire,AB44,"North East (Aberdeen)"
4,57.469394467743285,-1.8040356360432876,1664874135,932,1991,31,Female,Y,54,Peterhead,Aberdeenshire,AB42,"North East (Aberdeen)"
4,57.63145172864212,-3.3240737512996583,1664874228,905,1942,80,Male,Y,737,Elgin,Moray,IV30,"North East (Aberdeen)"
4,60.7583785688666,-0.929188276788051,1664874245,940,1995,27,Male,Y,1555,Hamnavoe,"Shetland Isles",ZE2,"Shetland Islands"
4,57.674224882512775,-1.960382633197469,1664874668,946,1960,62,Female,N,57,Fraserburgh,Aberdeenshire,AB43,"North East (Aberdeen)"
4,55.644372053718165,-2.2884536435563345,1664874950,960,1972,50,Female,N,1424,Coldstream,"Scottish Borders",TD12,Borders
4,56.04346229958797,-2.801121649185106,1664874992,917,1958,64,Male,Y,355,"North Berwick","East Lothian",EH39,"Lothian (Edinburgh)"
4,55.604420354821805,-4.5452936371505555,1664875035,964,1995,27,Male,N,808,Crosshouse,"East Ayrshire",KA2,Ayrshire
4,56.198196501670786,-3.15710034704553,1664875102,867,1953,69,Male,N,1134,Markinch,Fife,KY7,Fife
4,55.58449221570969,-4.438839155041479,1664875162,969,1960,62,Male,N,779,"Kilmarnock (centre and south: Bonnyton, Grange, Bellfield, Shortlees, Caprington, Riccarton, Hurlford)","East Ayrshire",KA1,Ayrshire
4,55.78237218384241,-4.114200438471926,1664875252,975,1985,37,Male,Y,528,Blantyre,"South Lanarkshire",G72,Glasgow
4,56.49850332112245,-2.960502878532353,1664875258,978,1956,66,Female,N,255,"Fintry, Dundee",Dundee,"Dundee North","Tayside and Angus (Dundee)"
4,57.59377864023214,-3.3851654529580864,1664875329,965,1976,46,Male,N,737,Elgin,Moray,IV30,"North East (Aberdeen)"
4,55.77811461451297,-4.089825168670494,1664875347,979,1961,61,Female,Y,1183,Hamilton,"South Lanarkshire",ML3,Glasgow
4,55.99836900426633,-3.861330067827774,1664875457,974,2001,21,Female,N,441,Bonnybridge,Falkirk,FK4,"Stirling and Falkirk"
4,56.03191115983768,-4.472256159281074,1664875494,962,1966,56,Male,Y,494,Blanefield,Stirlingshire,G63,"Stirling and Falkirk"
4,55.949809663940734,-3.938095180680887,1664875504,984,1980,42,Male,Y,514,"Cumbernauld (south: Condorrat, Lenziemill, Carbrain, Kildrum, Cumbernauld Village, Abronhill, Seafar)","North Lanarkshire",G67,Glasgow
4,55.90334711742034,-4.366738232409243,1664875685,991,1944,78,Male,N,638,"Drumchapel, Glasgow",Glasgow,"Glasgow Northwest",Glasgow
4,55.07349047436382,-4.23744448511649,1664875685,994,1979,43,Male,N,220,"Castle Douglas","Dumfries and Galloway",DG7,"Dumfries and Galloway"
4,57.14638340158858,-2.105260587787479,1664875716,981,1961,61,Female,Y,127,"Torry, Aberdeen",Aberdeen,"Aberdeen Southeast","North East (Aberdeen)"
4,59.889063042678785,-1.28114671923376,1664875984,1003,1991,31,Male,Y,1636,Sumburgh,"Shetland Isles",ZE3,"Shetland Islands"
4,56.13482852732849,-3.214237931703617,1664876019,1004,1970,52,Female,N,1117,"Kirkcaldy (west: Hayfield, Templehall, Newliston, Chapel, Dunnikier, Bennochy)",Fife,KY2,Fife
4,56.098527739570756,-3.9376474357182847,1664876035,1008,1991,31,Female,Y,457,Bannockburn,Stirlingshire,FK7,"Stirling and Falkirk"
4,55.78936519958835,-4.5185882673659945,1664876074,992,1967,55,Male,N,1236,"Paisley (south: Blackhall, Castlehead, Dykebar, Foxbar, Hunterhill, Meikleriggs)",Renfrewshire,PA2,Glasgow
4,55.84300571226452,-4.427147553876059,1664876109,956,1994,28,Male,Y,1220,"Paisley (central, east and north east: Ferguslie, Oldhall, Seedhill, Williamsburgh, Whitehaugh)",Renfrewshire,PA1,Glasgow
4,55.99097215552612,-3.6616069192972374,1664876229,1016,1991,31,Other,Y,369,Linlithgow,"West Lothian",EH49,"Lothian (Edinburgh)"
4,55.916580224176265,-4.010505262879669,1664876253,1028,1992,30,Male,Y,514,"Cumbernauld (south: Condorrat, Lenziemill, Carbrain, Kildrum, Cumbernauld Village, Abronhill, Seafar)","North Lanarkshire",G67,Glasgow
4,57.45857365613376,-1.8496258766764204,1664876320,1015,1981,41,Male,Y,54,Peterhead,Aberdeenshire,AB42,"North East (Aberdeen)"
4,57.58640652916853,-2.1085873766093037,1664876385,1021,1968,54,Female,Y,57,Fraserburgh,Aberdeenshire,AB43,"North East (Aberdeen)"
4,55.797309641180625,-4.304093339676326,1664876436,1039,1992,30,Male,Y,645,Clarkston,"East Renfrewshire","Glasgow South",Glasgow
4,55.855436099878766,-4.149802493490512,1664876507,1030,1960,62,Male,Y,634,"Maryhill, Glasgow",Glasgow,"Glasgow Northeast",Glasgow
4,55.73634053811004,-3.1644075860460377,1664876525,1048,1960,62,Male,N,362,Peebles,"Scottish Borders",EH45,Borders
4,55.69244070812795,-2.779226654093265,1664876657,1052,1968,54,Male,Y,1413,Galashiels,"Scottish Borders",TD1,Borders
4,55.86060930080051,-4.202063005448238,1664876722,1040,1961,61,Female,Y,628,"Balornock, Glasgow",Glasgow,"Glasgow Northeast",Glasgow
4,55.82659492371225,-4.336762363983065,1664876744,1055,1991,31,Male,Y,655,"Simshill, Glasgow",Glasgow,"Glasgow South",Glasgow
4,56.11325981885358,-3.858885889772396,1664876782,1038,1968,54,Male,Y,391,Alloa,Clackmannanshire,FK10,"Stirling and Falkirk"
4,55.635095404590075,-3.8127591214959753,1664876820,1070,1968,54,Male,N,1167,Lanark,"South Lanarkshire",ML11,Glasgow
4,56.0698846240961,-3.4060520103466034,1664876857,1076,1989,33,Male,Y,1090,"Dunfermline (south and east: Halbeath, Touch, Duloch, Masterton, Pitcorthie, Abbeyview, Brucefield, Hospital Hill, Camdean, Pitreavie)",Fife,KY11,Fife
4,55.783766428169415,-3.9469341392774715,1664876971,1081,1995,27,Female,Y,1151,Motherwell,"North Lanarkshire",ML1,Glasgow
4,56.22843099764794,-3.6537645443612172,1664877041,885,1996,26,Male,Y,401,Powmill,"Perth and Kinross",FK14,"Stirling and Falkirk"
4,58.579583527051064,-3.5082831135390666,1664877137,1077,1985,37,Female,Y,954,Scarfskerry,Highland,KW14,"Highlands (Inverness)"
4,57.107172115181896,-2.210912404518416,1664877144,1059,1954,68,Male,N,129,"Ruthrieston, Aberdeen",Aberdeen,"Aberdeen Southwest","North East (Aberdeen)"
4,56.496153022455644,-2.9575219452774517,1664877310,1098,1983,39,Female,Y,254,"Douglas, Dundee",Dundee,"Dundee North","Tayside and Angus (Dundee)"
4,55.92636706211861,-3.3057846740034824,1664877312,1091,1976,46,Female,Y,262,"Wester Hailes, Edinburgh",Edinburgh,"Edinburgh Central","Lothian (Edinburgh)"
4,55.958514497113846,-4.455228874637215,1664877414,1063,1958,64,Female,Y,546,Clydebank,"West Dunbartonshire",G81,Glasgow
4,55.802261494172214,-3.9059936950251637,1664877459,1062,1994,28,Male,N,1150,Holytown,"North Lanarkshire",ML1,Glasgow
4,56.49254263142143,-2.9317502802341564,1664877481,1096,1970,52,Male,Y,256,"Whitfield, Dundee",Dundee,"Dundee North","Tayside and Angus (Dundee)"
4,55.85593746275291,-4.092658134827662,1664877495,1083,1961,61,Female,Y,598,Rutherglen,"South Lanarkshire","Glasgow Northeast",Glasgow
4,55.96319204701058,-3.165917408088709,1664877586,933,1997,25,Male,Y,285,"Leith, Edinburgh",Edinburgh,"Edinburgh Leith","Lothian (Edinburgh)"
4,57.285085246769654,-2.016903834425663,1664877593,77,1976,46,Female,N,113,"Bridge of Don, Aberdeen",Aberdeen,"Aberdeen North","North East (Aberdeen)"
4,56.10367026657263,-4.291641591047242,1664877675,1147,1976,46,Male,Y,473,"Stirling (centre and west: Kings Park, Raploch, Riverside)",Stirlingshire,FK8,"Stirling and Falkirk"
4,55.83206447067195,-4.369873804278534,1664877698,1123,1989,33,Female,Y,664,"Toryglen, Glasgow",Glasgow,"Glasgow Southwest",Glasgow
4,57.47128630363057,-4.335999159312175,1664877721,939,1982,40,Male,Y,736,"Inverness (west: Ballifeary, Balnafettack, Clachnaharry, Dalneigh, Kinmylies, Leachkin, Merkinch, Muirtown, South Kessock)",Highland,IV3,"Highlands (Inverness)"
4,56.01442634553721,-3.7407446741423818,1664877747,1116,1974,48,Male,Y,439,Grangemouth,Falkirk,FK3,"Stirling and Falkirk"
4,55.96708585801374,-3.732557041558301,1664877884,1108,1994,28,Male,Y,377,"Falkirk (centre and south: Arnothill, Bantaskin, Callendar Park, Glen Village, Hallglen, Lionthorn, Tamfourhill, Woodlands)",Falkirk,FK1,"Stirling and Falkirk"
4,56.022819991391344,-3.7205649236113043,1664877894,1031,1962,60,Female,Y,439,Grangemouth,Falkirk,FK3,"Stirling and Falkirk"
4,56.128140578070855,-3.7754363586469153,1664877910,1126,1987,35,Male,N,386,Clackmannan,Clackmannanshire,FK10,"Stirling and Falkirk"
4,55.864232553706316,-3.1050181495101423,1664877956,1114,1954,68,Male,N,328,Bonnyrigg,Midlothian,EH19,"Lothian (Edinburgh)"
4,54.932381364478694,-5.086261593768152,1664878101,1046,1976,46,Male,N,231,Stranraer,"Dumfries and Galloway",DG9,"Dumfries and Galloway"
4,56.02016945953099,-4.488418449201929,1664878212,1144,1943,79,Female,Y,557,Alexandria,"West Dunbartonshire",G83,"Argyll and Bute"
4,55.748887785926335,-3.9100556816829566,1664878267,1107,1957,65,Female,Y,1180,Wishaw,"North Lanarkshire",ML2,Glasgow
4,56.19577894149677,-3.1269652468072104,1664878376,1152,1984,38,Female,Y,1133,"Glenrothes (centre and east: Pitteuchar, Finglassie, Stenton, Auchmuty, Pitcoudie, Balfarg, Pircairn, Collydean)",Fife,KY7,Fife
4,55.76297660659365,-3.8218655749265342,1664878386,1075,1988,34,Female,Y,1215,Rosebank,"South Lanarkshire",ML8,Glasgow
4,55.80279103572573,-3.9946925430299323,1664878401,1155,1972,50,Male,Y,1151,Motherwell,"North Lanarkshire",ML1,Glasgow
4,56.293388245728984,-3.0921718722116873,1664878835,1141,1997,25,Male,Y,1105,Cupar,Fife,KY15,Fife
4,56.279990858579765,-2.8830415203985176,1664878849,1139,1997,25,Female,Y,1109,Ladybank,Fife,KY15,Fife
4,55.78517157227945,-3.868390461895833,1664879001,1175,1997,25,Male,Y,1180,Wishaw,"North Lanarkshire",ML2,Glasgow
4,55.791298198906,-4.02210138993411,1664879020,1181,1980,42,Female,Y,1151,Motherwell,"North Lanarkshire",ML1,Glasgow
4,57.2696888838028,-2.168926678594149,1664879120,1179,1981,41,Male,Y,113,"Bridge of Don, Aberdeen",Aberdeen,"Aberdeen North","North East (Aberdeen)"
4,55.888138933186504,-3.0513846769046764,1664879143,1162,1991,31,Male,Y,334,Dalkeith,Midlothian,EH22,"Lothian (Edinburgh)"
4,55.84606646329173,-4.028437056723454,1664879179,1184,1982,40,Male,Y,1189,Coatbridge,"North Lanarkshire",ML5,Glasgow
4,55.81330669578351,-3.980121292468262,1664879260,1195,1992,30,Male,Y,1151,Motherwell,"North Lanarkshire",ML1,Glasgow
4,55.946900799998694,-3.1462649045089415,1664879321,1191,1958,64,Male,N,281,"Portobello, Edinburgh",Edinburgh,"Edinburgh Duddingston","Lothian (Edinburgh)"
4,59.173044679096066,-2.787020375004767,1664879386,1183,1985,37,Female,Y,986,Backaland,Orkney,KW17,"Orkney Islands"
4,55.94705197122094,-4.193615233405609,1664879538,1208,1971,51,Male,Y,502,Bishopbriggs,"East Dunbartonshire",G64,Glasgow
4,55.80204129478131,-4.061007908566081,1664879590,1210,1991,31,Male,Y,525,Uddingston,"South Lanarkshire",G71,Glasgow
4,60.152728529760545,-1.2403251244866127,1664879625,1189,1987,35,Female,Y,1500,Lerwick,"Shetland Isles",ZE1,"Shetland Islands"
4,55.8383445013648,-4.366083756322086,1664879667,1206,1964,58,Female,Y,679,"Pollock, Glasgow",Glasgow,"Glasgow Southwest",Glasgow
4,57.6883814290459,-3.183777492860076,1664879736,1160,1982,40,Other,Y,737,Elgin,Moray,IV30,"North East (Aberdeen)"
4,55.827243054661636,-4.160490565794506,1664879850,1221,1995,27,Male,Y,615,"Bridgeton, Glasgow",Glasgow,"Glasgow Northeast",Glasgow
4,55.85904139680289,-4.247303241323237,1664879854,1213,1970,52,Male,Y,577,"City centre, Glasgow",Glasgow,"Glasgow City Centre",Glasgow
4,55.73621107313992,-3.916763844185257,1664880014,1094,1990,32,Male,Y,1180,Wishaw,"North Lanarkshire",ML2,Glasgow
4,56.05605256272708,-3.7486874082472075,1664880048,1194,1993,29,Male,Y,422,"Falkirk (north: Grahamston, Middlefield, Westfield)",Falkirk,FK2,"Stirling and Falkirk"
4,55.90287734746436,-3.506068428127501,1664880132,1223,1986,36,Male,Y,375,Livingston,"West Lothian",EH54,"Lothian (Edinburgh)"
4,57.02196702543499,-2.249007394269224,1664880416,1245,1997,25,Female,Y,48,Stonehaven,Aberdeenshire,AB39,"North East (Aberdeen)"
4,55.871578625928784,-4.1415686846912525,1664880473,1228,1984,38,Female,Y,629,"Barmulloch, Glasgow",Glasgow,"Glasgow Northeast",Glasgow
4,55.77138262033337,-4.257717748239713,1664880501,1251,1984,38,Male,N,530,"East Kilbride (north: The Village, East Mains, West Mains, Lymekilns, St Leonards, Calderwood, Nerston, Stewartfield, Peel Park)","South Lanarkshire",G74,Glasgow
4,56.13357669336375,-3.286570414888324,1664880659,1252,1991,31,Male,Y,1126,Cardenden,Fife,KY5,Fife
4,55.80028228763402,-4.052861198347145,1664880681,1244,1995,27,Female,Y,525,Uddingston,"South Lanarkshire",G71,Glasgow
4,55.73176749797075,-4.66394904825342,1664880720,1258,1964,58,Female,Y,791,Beith,"East Ayrshire",KA15,Ayrshire
4,57.61673390991087,-2.866412557068451,1664880729,1262,1989,33,Male,N,90,Buckie,Moray,AB56,"North East (Aberdeen)"
4,55.106364068775676,-4.553021334681616,1664880812,1242,1981,41,Female,Y,226,"Port William","Dumfries and Galloway",DG8,"Dumfries and Galloway"
4,56.98031017955632,-2.4099303757717987,1664880852,1230,1996,26,Female,Y,48,Stonehaven,Aberdeenshire,AB39,"North East (Aberdeen)"
4,56.225517172737646,-3.0677731406649302,1664881027,1248,1986,36,Female,Y,1140,Leven,Fife,KY8,Fife
4,55.015748176502385,-3.2015108058245065,1664881055,1275,1957,65,Male,Y,197,Annan,"Dumfries and Galloway",DG12,"Dumfries and Galloway"
4,55.89276227937451,-4.354996750204466,1664881282,1281,1982,40,Male,N,644,"Partick, Glasgow",Glasgow,"Glasgow Northwest",Glasgow
4,55.8643421339483,-3.1004506950429267,1664881375,1285,1992,30,Female,Y,328,Bonnyrigg,Midlothian,EH19,"Lothian (Edinburgh)"
4,56.09373389281832,-3.605384792487727,1664881473,1260,1985,37,Male,Y,1096,"Dunfermline (centre, north, west: Abbey Parks, Lady's Mill, Garvock, Headwell, Kingseathill, Wellwood, Milesmark, Baldridge, Pittencrieff, Baldridgeburn)",Fife,KY12,Fife
4,56.032761557151346,-4.031407381149785,1664881717,1305,1985,37,Male,Y,456,"Head of Muir",Falkirk,FK6,"Stirling and Falkirk"
4,56.46835728787066,-3.021361566987344,1664881792,1301,1964,58,Male,Y,243,"Hilltown, Dundee",Dundee,"Dundee Central","Tayside and Angus (Dundee)"
4,56.79944981289572,-2.4013318014390626,1664881804,1298,1996,26,Male,Y,140,Montrose,Angus,DD10,"Tayside and Angus (Dundee)"
4,59.279955834030574,-2.488685199086479,1664881822,1300,1952,70,Female,Y,1025,"Orkney Islands",Orkney,KW17,"Orkney Islands"
4,56.031339108089405,-3.6973332662533065,1664881869,1322,1963,59,Female,Y,439,Grangemouth,Falkirk,FK3,"Stirling and Falkirk"
4,56.46513752874494,-3.034923140481684,1664881974,1313,1964,58,Male,Y,242,"St Marys, Dundee",Dundee,"Dundee Central","Tayside and Angus (Dundee)"
4,57.696005894995274,-3.290085035273577,1664882044,1324,1961,61,Female,N,738,Lossiemouth,Moray,IV31,"North East (Aberdeen)"
4,56.4872495632375,-2.9535253860116684,1664882052,1339,1961,61,Female,N,252,"Linlathen and Midcraigie, Dundee",Dundee,"Dundee North","Tayside and Angus (Dundee)"
4,55.799215457405815,-3.5627760280654606,1664882087,1302,1954,68,Male,Y,376,"West Calder","West Lothian",EH55,"Lothian (Edinburgh)"
4,55.764608632511774,-3.940233551316439,1664882183,1253,1995,27,Other,Y,1180,Wishaw,"North Lanarkshire",ML2,Glasgow
4,55.90980818749024,-3.137082977559273,1664882220,1326,1976,46,Male,N,322,"Gilmerton, Edinburgh",Edinburgh,"Edinburgh Southeast","Lothian (Edinburgh)"
4,56.9184311956819,-2.365327352172519,1664882344,1310,1976,46,Male,Y,48,Stonehaven,Aberdeenshire,AB39,"North East (Aberdeen)"
4,56.10572307646159,-3.816611199215589,1664882390,1325,1969,53,Male,Y,391,Alloa,Clackmannanshire,FK10,"Stirling and Falkirk"
4,56.11674985564721,-4.064014941844061,1664882903,1333,1961,61,Female,Y,473,"Stirling (centre and west: Kings Park, Raploch, Riverside)",Stirlingshire,FK8,"Stirling and Falkirk"
4,55.47922283996997,-4.621197023916205,1664882970,1347,1956,66,Male,Y,868,"Newton on Ayr","South Ayrshire",KA8,Ayrshire
4,55.76535027910931,-3.079959459628577,1664883017,1364,1995,27,Male,Y,338,Gorebridge,Midlothian,EH23,"Lothian (Edinburgh)"
4,56.04547398133245,-3.3761304103346443,1664883071,1363,1975,47,Male,N,1094,Rosyth,Fife,KY11,Fife
4,55.80463762202872,-2.614344470244944,1664883077,1360,1970,52,Female,N,1423,Duns,"Scottish Borders",TD11,Borders
4,56.4245070290715,-2.844925644836035,1664883136,1359,1981,41,Male,Y,177,Wormit,Fife,DD6,"Tayside and Angus (Dundee)"
4,57.12781070197241,-2.0985609555400777,1664883422,1348,1977,45,Male,Y,5,"Cove Bay",Aberdeenshire,AB12,"North East (Aberdeen)"
4,56.10010042863664,-3.6678023186580258,1664884000,1377,1998,24,Female,Y,388,Sauchie,Clackmannanshire,FK10,"Stirling and Falkirk"
4,55.819700676256055,-3.3229954741885495,1664884170,1373,1972,50,Female,Y,343,Penicuik,Midlothian,EH26,"Lothian (Edinburgh)"
4,56.50515568101794,-3.154033442936917,1664884205,1331,1997,25,Male,Y,146,Longforgan,"Perth and Kinross",DD2,"Tayside and Angus (Dundee)"
4,56.04131960468152,-3.465765160840496,1664884266,1386,1973,49,Female,Y,1090,"Dunfermline (south and east: Halbeath, Touch, Duloch, Masterton, Pitcorthie, Abbeyview, Brucefield, Hospital Hill, Camdean, Pitreavie)",Fife,KY11,Fife
4,55.7747546343023,-3.630571717849383,1664884325,1394,1991,31,Male,Y,1167,Lanark,"South Lanarkshire",ML11,Glasgow
4,56.95833141670021,-2.866263984442721,1664884344,1399,1993,29,Male,N,182,Brechin,Angus,DD9,"Tayside and Angus (Dundee)"
4,55.96160586499912,-3.9378396807060985,1664884564,822,1992,30,Male,Y,514,"Cumbernauld (south: Condorrat, Lenziemill, Carbrain, Kildrum, Cumbernauld Village, Abronhill, Seafar)","North Lanarkshire",G67,Glasgow
4,57.55269715682022,-2.2463308852650075,1664884634,1403,2002,20,Female,School,76,Fyvie,Aberdeenshire,AB53,"North East (Aberdeen)"
4,56.08501173198714,-3.3388799536610603,1664884768,1407,1982,40,Female,Y,1121,Cowdenbeath,Fife,KY4,Fife
4,57.37618265227263,-2.7862182587779065,1664884771,1375,1998,24,Female,Y,83,Huntly,Aberdeenshire,AB54,"North East (Aberdeen)"
4,56.0519249192514,-3.780450762139906,1664884851,1406,1991,31,Male,Y,430,Brightons,Falkirk,FK2,"Stirling and Falkirk"
4,55.59878847575145,-4.229557277163967,1664885097,1423,1992,30,Male,Y,796,Darvel,"East Ayrshire",KA17,Ayrshire
4,55.923769196310275,-4.413751456336233,1664885396,1435,1985,37,Female,Y,546,Clydebank,"West Dunbartonshire",G81,Glasgow
4,56.3822347177392,-3.0791039855074396,1664885425,1425,1995,27,Female,Y,1109,Ladybank,Fife,KY15,Fife
4,55.88900864412174,-4.3822264170578675,1664885489,1419,2000,22,Other,N,639,"Scotstoun, Glasgow",Glasgow,"Glasgow Northwest",Glasgow
4,54.9232523312675,-4.22892360270988,1664885493,1427,1997,25,Male,Y,220,"Castle Douglas","Dumfries and Galloway",DG7,"Dumfries and Galloway"
4,57.46234333260348,-1.941991320926823,1664885663,1426,1995,27,Other,Y,54,Peterhead,Aberdeenshire,AB42,"North East (Aberdeen)"
4,56.197801993715984,-3.1908239900447515,1664885762,1442,1970,52,Male,N,1129,"Glenrothes (west: Caskieberran, Rimbleton, Macedonia, Tanshall)",Fife,KY6,Fife
4,55.80739651688769,-3.9374064883937083,1664885788,1445,2001,21,Male,Y,1151,Motherwell,"North Lanarkshire",ML1,Glasgow
4,55.87256596623821,-4.238610658658278,1664885931,1457,1991,31,Male,Y,634,"Maryhill, Glasgow",Glasgow,"Glasgow Northeast",Glasgow
4,56.52900100319939,-3.1647597012160684,1664886575,1462,1981,41,Male,N,1324,"Coupar Angus","Perth and Kinross",PH13,Fife
4,55.95849676363488,-3.712697776682016,1664886619,1455,1989,33,Female,Y,377,"Falkirk (centre and south: Arnothill, Bantaskin, Callendar Park, Glen Village, Hallglen, Lionthorn, Tamfourhill, Woodlands)",Falkirk,FK1,"Stirling and Falkirk"
4,56.25656850202373,-4.281653230009954,1664886619,1471,1967,55,Male,N,410,Callander,Stirlingshire,FK17,"Stirling and Falkirk"
4,56.48682942492788,-2.820534440477485,1664886794,1484,1962,60,Female,Y,247,"Broughty Ferry, Dundee",Dundee,"Dundee East","Tayside and Angus (Dundee)"
4,57.116384293795974,-2.2873312585818275,1664886820,1490,1995,27,Female,Y,131,"Milltimber, Aberdeen",Aberdeen,"Aberdeen Southwest","North East (Aberdeen)"
4,57.74596164894746,-3.987029077286409,1664886844,1449,1958,64,Female,N,711,Tain,Highland,IV19,"Highlands (Inverness)"
4,55.82650648332817,-4.372758932111818,1664886887,1476,1994,28,Female,Y,678,"Cardonald, Glasgow",Glasgow,"Glasgow Southwest",Glasgow
4,55.888801870750065,-3.8174501953668023,1664887048,1500,1979,43,Male,Y,367,Armadale,"West Lothian",EH48,"Lothian (Edinburgh)"
4,55.6726507299664,-4.64987771226101,1664887229,1232,1970,52,Female,Y,788,Kilwinning,"North Ayrshire",KA13,Ayrshire
4,56.33577454876868,-3.117340335642175,1664887304,1247,1980,42,Male,Y,1104,Ceres,Fife,KY15,Fife
4,55.00540943938809,-3.0926066538216177,1664887425,1518,2003,19,Other,Y,205,Gretna,"Dumfries and Galloway",DG16,"Dumfries and Galloway"
4,56.847231229567754,-2.636863881367724,1664887585,1519,1991,31,Female,N,182,Brechin,Angus,DD9,"Tayside and Angus (Dundee)"
4,55.9667860003304,-3.1424692664110747,1664887593,1489,1956,66,Male,Y,285,"Leith, Edinburgh",Edinburgh,"Edinburgh Leith","Lothian (Edinburgh)"
4,56.47785960543798,-2.9090973351648586,1664887613,1523,1980,42,Female,Y,255,"Fintry, Dundee",Dundee,"Dundee North","Tayside and Angus (Dundee)"
4,57.61548146223935,-2.179206817276006,1664887626,1501,1988,34,Female,Y,57,Fraserburgh,Aberdeenshire,AB43,"North East (Aberdeen)"
4,55.941031656443755,-4.294680960509334,1664887723,1516,1991,31,Male,Y,489,Milngavie,"East Dunbartonshire",G62,Glasgow
4,56.469130177277314,-2.9434764415587744,1664887850,1517,1949,73,Female,Y,234,"Baxter Park, Dundee",Dundee,"Dundee Bluebelt","Tayside and Angus (Dundee)"
4,55.854837278860565,-4.032938644247289,1664887948,1521,1988,34,Male,Y,1189,Coatbridge,"North Lanarkshire",ML5,Glasgow
4,56.484030228820885,-2.9993185163834206,1664887977,1526,1981,41,Male,Y,233,"Fairmuir, Dundee",Dundee,"Dundee Bluebelt","Tayside and Angus (Dundee)"
4,55.26826126621845,-4.804131851854537,1664888479,1548,1986,36,Female,Y,824,Girvan,"South Ayrshire",KA26,Ayrshire
4,55.63239499942097,-4.70690050419755,1664888521,1542,1984,38,Female,N,787,"Irvine (centre: Castlepark, Tarryholme)","North Ayrshire",KA12,Ayrshire
4,55.93889744567822,-3.808001822846151,1664888538,1557,1965,57,Female,Y,377,"Falkirk (centre and south: Arnothill, Bantaskin, Callendar Park, Glen Village, Hallglen, Lionthorn, Tamfourhill, Woodlands)",Falkirk,FK1,"Stirling and Falkirk"
4,55.91648617971846,-2.9967198339290593,1664888590,1561,1995,27,Female,Y,330,Musselburgh,"East Lothian",EH21,"Lothian (Edinburgh)"
4,55.4300087724449,-4.677793675097668,1664888722,1530,1997,25,Male,Y,856,"Ayr (Centre)","South Ayrshire",KA7,Ayrshire
4,55.825847203795746,-4.3199671136818685,1664888742,1532,1966,56,Female,N,660,"Arden, Glasgow",Glasgow,"Glasgow South",Glasgow
4,57.616917164966495,-2.800483967414319,1664888949,1580,1997,25,Female,Y,90,Buckie,Moray,AB56,"North East (Aberdeen)"
4,55.96998256861857,-3.2614284601537924,1664889004,1573,1986,36,Female,Y,278,"Granton, Edinburgh",Edinburgh,"Edinburgh Clermiston Granton","Lothian (Edinburgh)"
4,55.511250599279535,-2.870602546622912,1664889088,1574,1988,34,Female,Y,1475,Ettrick,"Scottish Borders",TD7,Borders
4,56.885509151372766,-3.6221612955849425,1664889416,1410,1988,34,Female,Y,1318,Blairgowrie,"Perth and Kinross",PH10,Fife
4,55.852416227759385,-4.069052400717652,1664889568,1379,1968,54,Male,N,1189,Coatbridge,"North Lanarkshire",ML5,Glasgow
4,57.33152543267647,-2.278531933466295,1664889581,1594,1995,27,Female,Y,65,Kemnay,Aberdeenshire,AB51,"North East (Aberdeen)"
4,55.88128165434396,-3.773321694091661,1664889874,1600,1994,28,Male,Y,368,Bathgate,"West Lothian",EH48,"Lothian (Edinburgh)"
4,55.85535176790045,-4.140947494963658,1664890017,1598,1981,41,Male,Y,623,"Shettleston, Glasgow",Glasgow,"Glasgow Northeast",Glasgow
4,56.64823718812808,-2.5286940870686703,1664890036,1578,1953,69,Female,N,141,Arbroath,Angus,DD11,"Tayside and Angus (Dundee)"
4,55.75273969897489,-3.807101609472472,1664890571,1612,1990,32,Female,Y,1212,Carluke,"South Lanarkshire",ML8,Glasgow
4,55.821302493535164,-3.914923131960175,1664890888,1601,1996,26,Female,Y,1151,Motherwell,"North Lanarkshire",ML1,Glasgow
4,55.67296599825277,-4.139123995723614,1664890915,1593,1960,62,Male,N,1160,Strathaven,"North Lanarkshire",ML10,Glasgow
4,55.89466595721705,-3.7339577302709417,1664891079,1604,1956,66,Female,Y,368,Bathgate,"West Lothian",EH48,"Lothian (Edinburgh)"
4,56.57632805149982,-3.262381777715016,1664891216,1628,1963,59,Female,Y,1324,"Coupar Angus","Perth and Kinross",PH13,Fife
4,57.12519721568139,-2.2829008603036804,1664891246,1622,1976,46,Female,N,128,"Mannofield, Aberdeen",Aberdeen,"Aberdeen Southwest","North East (Aberdeen)"
4,55.94802957041782,-4.800800133158415,1664891252,1621,1984,38,Male,Y,1235,Gourock,Inverclyde,PA19,Glasgow
4,57.12434876608795,-2.2981194561983656,1664891533,1620,1991,31,Male,Y,128,"Mannofield, Aberdeen",Aberdeen,"Aberdeen Southwest","North East (Aberdeen)"
4,55.90777724142426,-4.466062844671437,1664891638,1639,1982,40,Female,Y,1306,Erskine,Renfrewshire,PA8,Glasgow
4,57.16342758306225,-2.1005909597431933,1664891683,1615,1971,51,Female,Y,107,"Rosemount, Aberdeen",Aberdeen,"Aberdeen Central","North East (Aberdeen)"
4,55.00712333965143,-4.115964358305518,1664892168,1638,1970,52,Male,Y,221,"Gatehouse of Fleet","Dumfries and Galloway",DG7,"Dumfries and Galloway"
4,55.38313743208066,-4.753851544922503,1664892439,1654,1992,30,Male,Y,856,"Ayr (Centre)","South Ayrshire",KA7,Ayrshire
4,56.117513630453445,-3.1485946860087175,1664892526,1657,1958,64,Female,Y,1079,"Kirkcaldy (east: Linktown, Port Brae, Pathhead, Sinclairtown, Smeaton, Gallatown)",Fife,KY1,Fife
4,55.95543065424559,-3.9693664140545253,1664892648,1599,1987,35,Male,Y,514,"Cumbernauld (south: Condorrat, Lenziemill, Carbrain, Kildrum, Cumbernauld Village, Abronhill, Seafar)","North Lanarkshire",G67,Glasgow
4,57.678099254226574,-2.1275430600719822,1664892694,1655,1969,53,Female,Y,57,Fraserburgh,Aberdeenshire,AB43,"North East (Aberdeen)"
4,55.57257361174634,-4.405727004960596,1664892764,1647,1947,75,Male,Y,779,"Kilmarnock (centre and south: Bonnyton, Grange, Bellfield, Shortlees, Caprington, Riccarton, Hurlford)","East Ayrshire",KA1,Ayrshire
4,55.91691795152877,-3.9928074411054233,1664892984,1661,1959,63,Male,Y,1192,Airdrie,"North Lanarkshire",ML6,Glasgow
4,56.3738020349994,-5.403441155678111,1664892993,1650,1950,72,Female,N,1257,Oban,"Argyll and Bute",PA34,"Argyll and Bute"
4,55.8674561859283,-3.494331250234353,1664893115,1666,1974,48,Female,N,375,Livingston,"West Lothian",EH54,"Lothian (Edinburgh)"
4,55.874462631115335,-4.4309666857467,1664893264,1669,1994,28,Male,N,1249,"Paisley (north west: Ferguslie Park, Gallowhill, Gockston, Shortroods, )",Renfrewshire,PA3,Glasgow
4,56.11458241913796,-3.249434753011234,1664893288,1674,1979,43,Male,Y,1117,"Kirkcaldy (west: Hayfield, Templehall, Newliston, Chapel, Dunnikier, Bennochy)",Fife,KY2,Fife
4,56.787221671009824,-2.8135751239763342,1664893316,1664,1982,40,Female,Y,182,Brechin,Angus,DD9,"Tayside and Angus (Dundee)"
4,55.143334609140126,-3.0528206975714522,1664893458,1671,2004,18,Male,Y,203,Langholm,"Dumfries and Galloway",DG13,"Dumfries and Galloway"
4,55.79757163153941,-3.9437547514984574,1664893803,1328,1978,44,Female,Y,1151,Motherwell,"North Lanarkshire",ML1,Glasgow
4,57.17029415893512,-2.117934699940659,1664894193,1699,1988,34,Female,Y,105,"Seaton, Aberdeen",Aberdeen,"Aberdeen Central","North East (Aberdeen)"
4,55.57003248508367,-3.1861327044093666,1664894287,1697,1983,39,Female,Y,1479,Selkirk,"Scottish Borders",TD7,Borders
4,56.06057865257519,-3.3977532661342726,1664894388,1703,1994,28,Male,Y,1090,"Dunfermline (south and east: Halbeath, Touch, Duloch, Masterton, Pitcorthie, Abbeyview, Brucefield, Hospital Hill, Camdean, Pitreavie)",Fife,KY11,Fife
4,55.887588027419284,-4.2397329557852865,1664894616,1660,1964,58,Female,Y,634,"Maryhill, Glasgow",Glasgow,"Glasgow Northeast",Glasgow
4,56.05742759978011,-3.691918863942921,1664894680,1696,1965,57,Female,N,391,Alloa,Clackmannanshire,FK10,"Stirling and Falkirk"
4,55.985786092645945,-3.1897529521914287,1664894905,1702,1948,74,Female,Y,285,"Leith, Edinburgh",Edinburgh,"Edinburgh Leith","Lothian (Edinburgh)"
4,57.489580675319544,-1.8613509365381595,1664894993,1536,1950,72,Male,Y,54,Peterhead,Aberdeenshire,AB42,"North East (Aberdeen)"
4,55.46079221131973,-4.277885351633747,1664895210,1720,1968,54,Female,Y,798,Cumnock,"East Ayrshire",KA18,Ayrshire
4,55.92366622331506,-4.259751073947889,1664895453,1734,1972,50,Male,Y,502,Bishopbriggs,"East Dunbartonshire",G64,Glasgow
4,56.47857343562396,-2.998886548479466,1664895455,1695,1956,66,Male,N,238,"Menzieshill, Dundee",Dundee,"Dundee Central","Tayside and Angus (Dundee)"
4,56.25790874143995,-3.3382417244625997,1664895472,1737,1987,35,Male,Y,1103,Strathmiglo,Fife,KY14,Fife
4,57.55232818340596,-3.1652519464367095,1664895626,1727,1995,27,Male,Y,739,Fochabers,Moray,IV32,"North East (Aberdeen)"
4,55.01186581276352,-4.079454314218877,1664895645,1629,1968,54,Female,N,220,"Castle Douglas","Dumfries and Galloway",DG7,"Dumfries and Galloway"
4,55.077342853206545,-4.617418743478936,1664895700,1733,1989,33,Female,Y,225,"Newton Stewart","Dumfries and Galloway",DG8,"Dumfries and Galloway"
4,60.48751981066312,-1.521567627708443,1664895800,1712,1994,28,Male,Y,1512,Brae,"Shetland Isles",ZE2,"Shetland Islands"
4,55.559357162323245,-3.7812035086255147,1664896014,1738,1986,36,Male,Y,1167,Lanark,"South Lanarkshire",ML11,Glasgow
4,56.81588667959902,-3.0881600498004325,1664896194,1641,1977,45,Male,N,179,Forfar,Angus,DD8,"Tayside and Angus (Dundee)"
4,55.50379967082793,-4.452456304746291,1664896334,1452,1988,34,Male,Y,846,Mauchline,"East Ayrshire",KA5,Ayrshire
4,57.11008402344793,-2.4294710616216126,1664896532,1753,1996,26,Male,Y,28,Westhill,Aberdeenshire,AB32,"North East (Aberdeen)"
4,55.84613844762789,-3.388047573345243,1664896547,1730,1992,30,Male,Y,314,"Morningside, Edinburgh",Edinburgh,"Edinburgh South","Lothian (Edinburgh)"
4,56.098827744267346,-3.183817202974265,1664897117,1773,1991,31,Female,N,1117,"Kirkcaldy (west: Hayfield, Templehall, Newliston, Chapel, Dunnikier, Bennochy)",Fife,KY2,Fife
4,56.16179739454318,-4.098908268683613,1664897198,1752,1975,47,Female,Y,479,"Stirling (north: Causewayhead, Cornton)",Stirlingshire,FK9,"Stirling and Falkirk"
4,56.18991676086015,-3.313155841818705,1664897337,1776,1963,59,Female,Y,1100,Scotlandwell,"Perth and Kinross",KY13,Fife
4,55.41188702702245,-4.714393808503074,1664897417,1741,1976,46,Male,N,856,"Ayr (Centre)","South Ayrshire",KA7,Ayrshire
4,55.821927127126116,-3.3753133725851785,1664897481,1775,1982,40,Female,Y,316,"Bruntsfield, Edinburgh",Edinburgh,"Edinburgh South","Lothian (Edinburgh)"
4,55.813072617480884,-4.334825693845773,1664897747,1787,1964,58,Male,N,646,"Burnside, Glasgow",Glasgow,"Glasgow South",Glasgow
4,56.48622804058671,-3.0015966867497816,1664897764,1790,1983,39,Male,Y,232,"Craigiebank, Dundee",Dundee,"Dundee Bluebelt","Tayside and Angus (Dundee)"
4,56.486050398716166,-3.038676663811462,1664897773,1793,1957,65,Female,N,236,"Lochee, Dundee",Dundee,"Dundee Central","Tayside and Angus (Dundee)"
4,56.492857207554515,-3.016789664452325,1664897847,1793,1957,65,Female,N,236,"Lochee, Dundee",Dundee,"Dundee Central","Tayside and Angus (Dundee)"
4,55.88233112438457,-4.366041873964278,1664897866,1796,2001,21,Female,Y,644,"Partick, Glasgow",Glasgow,"Glasgow Northwest",Glasgow
4,56.06237230636565,-3.902553392390256,1664897881,1803,1978,44,Male,N,457,Bannockburn,Stirlingshire,FK7,"Stirling and Falkirk"
4,56.84246391354239,-2.8521196958564383,1664897914,1781,1985,37,Female,N,182,Brechin,Angus,DD9,"Tayside and Angus (Dundee)"
4,55.90173565240511,-3.232742737404388,1664897969,1801,1964,58,Male,N,305,"Oxgangs, Edinburgh",Edinburgh,"Edinburgh Oxgangs","Lothian (Edinburgh)"
4,56.2045047822412,-4.815175856132035,1664898041,1805,1983,39,Male,Y,557,Alexandria,"West Dunbartonshire",G83,"Argyll and Bute"
4,55.86571268265304,-3.64714707792262,1664898087,1794,1989,33,Male,N,366,Whitburn,"West Lothian",EH47,"Lothian (Edinburgh)"
4,55.810594341403394,-4.052352029570785,1664898399,1824,1977,45,Female,Y,525,Uddingston,"South Lanarkshire",G71,Glasgow
4,56.4344388573046,-2.9422851654502633,1664898447,1808,1958,64,Male,N,176,Tayport,Fife,DD6,"Tayside and Angus (Dundee)"
4,55.819673735657375,-4.542773040559041,1664898513,1820,1966,56,Male,N,1222,Kilbarchan,Renfrewshire,PA10,Glasgow
4,55.96887324574058,-4.493416458950866,1664899102,1838,1993,29,Male,Y,549,Dumbarton,"West Dunbartonshire",G82,Glasgow
4,56.00044251140232,-3.94727019610663,1664899488,1831,1988,34,Male,Y,452,Denny,Falkirk,FK6,"Stirling and Falkirk"
4,55.8282318163505,-4.4641960519159944,1664899741,1841,1989,33,Female,Y,1236,"Paisley (south: Blackhall, Castlehead, Dykebar, Foxbar, Hunterhill, Meikleriggs)",Renfrewshire,PA2,Glasgow
4,55.93430170774397,-3.634265107127949,1664899816,1837,1973,49,Female,N,368,Bathgate,"West Lothian",EH48,"Lothian (Edinburgh)"
4,56.6964355087925,-3.1887596905727795,1664899908,1854,1994,28,Female,Y,179,Forfar,Angus,DD8,"Tayside and Angus (Dundee)"
4,57.17325611066833,-2.1093693655978116,1664899987,1839,1953,69,Female,Y,99,"Middlefield, Aberdeen",Aberdeen,"Aberdeen Central","North East (Aberdeen)"
4,56.79348439304822,-2.392732596788413,1664900022,1848,1962,60,Male,Y,140,Montrose,Angus,DD10,"Tayside and Angus (Dundee)"
4,55.83654559463282,-4.5016183188009125,1664900123,1859,1960,62,Other,Y,1276,Johnstone,Renfrewshire,PA5,Glasgow
4,56.089641955315315,-3.2504225563505766,1664900275,1852,1967,55,Male,Y,1117,"Kirkcaldy (west: Hayfield, Templehall, Newliston, Chapel, Dunnikier, Bennochy)",Fife,KY2,Fife
4,55.83379786743324,-4.3130675343439435,1664900286,1849,1993,29,Female,Y,657,"Thornliebank, Glasgow",Glasgow,"Glasgow South",Glasgow
4,56.78687595172953,-2.4599266729942326,1664900358,1856,1987,35,Male,Y,140,Montrose,Angus,DD10,"Tayside and Angus (Dundee)"
4,55.316870948093765,-4.483516503482454,1664900410,1833,1948,74,Male,Y,804,Crosshill,"South Ayrshire",KA19,Ayrshire
4,57.12805555900172,-2.6653134174809607,1664900970,1860,1957,65,Female,N,22,Banchory,Aberdeenshire,AB31,"North East (Aberdeen)"
4,56.43973905382829,-3.1376607507480396,1664900982,1864,1965,57,Female,N,145,Liff,Angus,DD2,"Tayside and Angus (Dundee)"
4,55.62633517513359,-4.391294919462141,1664901002,1876,1992,30,Female,N,843,Galston,"East Ayrshire",KA4,Ayrshire
4,57.151374218414134,-2.083071280208592,1664901468,1872,1970,52,Female,Y,126,"Bridge of Dee, Aberdeen",Aberdeen,"Aberdeen Southeast","North East (Aberdeen)"
4,55.844760258114455,-4.11497179118896,1664901552,1822,1985,37,Male,N,603,"Carntyne, Glasgow",Glasgow,"Glasgow Northeast",Glasgow
4,57.14976712217929,-2.17862914714177,1664901585,1892,1954,68,Male,Y,107,"Rosemount, Aberdeen",Aberdeen,"Aberdeen Central","North East (Aberdeen)"
4,55.83417560109866,-4.094277735596063,1664901596,1881,1962,60,Male,Y,525,Uddingston,"South Lanarkshire",G71,Glasgow
4,57.62836850833171,-2.9672169992660105,1664901667,1889,1964,58,Female,N,90,Buckie,Moray,AB56,"North East (Aberdeen)"
4,55.845206986757375,-4.231476300915338,1664901774,1874,1997,25,Male,Y,612,"Easterhouse, Glasgow",Glasgow,"Glasgow Northeast",Glasgow
4,57.048126018855854,-2.1978143345701566,1664902156,1902,1970,52,Female,N,48,Stonehaven,Aberdeenshire,AB39,"North East (Aberdeen)"
4,57.6191101305813,-3.0925524444780117,1664902190,1904,1977,45,Male,Y,739,Fochabers,Moray,IV32,"North East (Aberdeen)"
4,55.87853005932199,-3.747990625930772,1664902205,1891,1954,68,Male,Y,368,Bathgate,"West Lothian",EH48,"Lothian (Edinburgh)"
4,56.92224009075132,-2.899533863631224,1664902334,1907,1987,35,Female,Y,182,Brechin,Angus,DD9,"Tayside and Angus (Dundee)"
4,56.13518259889895,-3.835554806892123,1664902586,1908,1996,26,Male,Y,391,Alloa,Clackmannanshire,FK10,"Stirling and Falkirk"
4,56.42599777865857,-3.618426845113314,1664902870,1873,2000,22,Female,Y,1313,"Perth (north and west: Burghmuir, Cherrybank, Hillyland, Inveralmond, Lethom, Muirton, North Muirton, Tulloch)","Perth and Kinross",PH1,Fife
4,57.607275149923865,-1.9305788744259649,1664903266,1935,1990,32,Male,Y,57,Fraserburgh,Aberdeenshire,AB43,"North East (Aberdeen)"
4,55.80171110292928,-4.0308116045512765,1664903376,1932,1975,47,Female,Y,525,Uddingston,"South Lanarkshire",G71,Glasgow
4,57.33321326266519,-2.4891621894483857,1664903459,1914,1967,55,Female,Y,64,Inverurie,Aberdeenshire,AB51,"North East (Aberdeen)"
4,56.08352144596857,-3.244595705469961,1664903788,1943,1973,49,Male,N,1119,Burntisland,Fife,KY3,Fife
4,56.00179820876744,-3.911888234975958,1664903828,1947,1980,42,Female,N,447,"High Bonnybridge",Falkirk,FK4,"Stirling and Falkirk"
4,55.70333986391521,-3.932236143816005,1664903910,1944,1965,57,Male,Y,1217,Larkhall,"North Lanarkshire",ML9,Glasgow
4,58.525936408798316,-4.10981091684287,1664903925,1939,1979,43,Male,Y,961,Thurso,Highland,KW14,"Highlands (Inverness)"
4,57.54992304475929,-1.9082325314850823,1664904050,1949,1984,38,Male,N,54,Peterhead,Aberdeenshire,AB42,"North East (Aberdeen)"
4,55.88764943307668,-3.5462892709212945,1664904113,1952,2000,22,Other,Y,375,Livingston,"West Lothian",EH54,"Lothian (Edinburgh)"
4,55.73099590598838,-3.9584903602257113,1664904168,1956,1994,28,Female,Y,1217,Larkhall,"North Lanarkshire",ML9,Glasgow
4,55.611292608192265,-4.5899182070759315,1664904334,1961,1987,35,Female,Y,785,"Irvine (east, south: Perceton, Lawthorn, Girdle Toll, Stanecastle, Bourtreehill, Broomlands, Dreghorn, Springside)","North Ayrshire",KA11,Ayrshire
4,56.00061442873688,-2.831637187482809,1664904650,1963,1976,46,Female,Y,348,Prestonpans,"East Lothian",EH32,"Lothian (Edinburgh)"
4,57.670968903726255,-3.2214751015229606,1664904913,1968,1983,39,Female,Y,737,Elgin,Moray,IV30,"North East (Aberdeen)"
4,56.038090421465,-3.3754685271170857,1664904947,544,1966,56,Female,Y,1094,Rosyth,Fife,KY11,Fife
4,55.65770593771806,-4.362586634653263,1664905325,1974,1956,66,Male,N,837,"Kilmarnock (north: Onthank, Townholm, Altonhill, Longpark, Beansburn, New Farm Loch, Knockinlaw, Hillhead, Crookedholm)","East Ayrshire",KA3,Ayrshire
4,59.02370010362231,-3.1303265421298105,1664905479,1979,1961,61,Female,Y,1025,"Orkney Islands",Orkney,KW17,"Orkney Islands"
4,56.47799563533166,-3.0144599025016667,1664905625,1993,1952,70,Male,Y,236,"Lochee, Dundee",Dundee,"Dundee Central","Tayside and Angus (Dundee)"
4,56.10723217104607,-3.9763687519158486,1664905626,1078,1985,37,Female,Y,457,Bannockburn,Stirlingshire,FK7,"Stirling and Falkirk"
4,56.00628390560257,-3.752205614639879,1664905683,1986,2001,21,Other,Y,420,Carron,Falkirk,FK2,"Stirling and Falkirk"
4,56.90099636858131,-2.7843910584183855,1664905749,1982,1996,26,Female,N,182,Brechin,Angus,DD9,"Tayside and Angus (Dundee)"
4,57.322448825330355,-4.239485005366738,1664906052,1946,1973,49,Male,Y,714,"Inverness (east: Culcabock, Crown, Culduthel, Drummond, Haugh, Hilton, Holm, Lochardil, Millburn, Raigmore)",Highland,IV2,"Highlands (Inverness)"
4,59.34191770099616,-2.9733295620667755,1664906229,1976,1968,54,Female,Y,1025,"Orkney Islands",Orkney,KW17,"Orkney Islands"
4,56.04797874296612,-3.8719296643308008,1664906381,2009,1994,28,Male,Y,449,Larbert,Falkirk,FK5,"Stirling and Falkirk"
4,56.08619511606692,-3.624223545433293,1664906642,2011,2000,22,Male,Y,1096,"Dunfermline (centre, north, west: Abbey Parks, Lady's Mill, Garvock, Headwell, Kingseathill, Wellwood, Milesmark, Baldridge, Pittencrieff, Baldridgeburn)",Fife,KY12,Fife
4,55.969489515638905,-3.1460200535656178,1664906734,1489,1956,66,Male,Y,285,"Leith, Edinburgh",Edinburgh,"Edinburgh Leith","Lothian (Edinburgh)"
4,55.71772364330124,-4.064557509909034,1664906978,2017,1970,52,Female,Y,1160,Strathaven,"North Lanarkshire",ML10,Glasgow
4,56.48487734432167,-2.9505117523777846,1664907100,2014,1980,42,Male,Y,254,"Douglas, Dundee",Dundee,"Dundee North","Tayside and Angus (Dundee)"
4,56.49302400604446,-2.9478780149465424,1664907133,2024,1968,54,Male,Y,256,"Whitfield, Dundee",Dundee,"Dundee North","Tayside and Angus (Dundee)"
4,56.11696922313051,-4.18042580910125,1664907171,2027,1959,63,Female,N,473,"Stirling (centre and west: Kings Park, Raploch, Riverside)",Stirlingshire,FK8,"Stirling and Falkirk"
4,55.856792510040684,-3.831371167341997,1664907228,1898,1993,29,Female,N,1210,Greenrigg,"West Lothian",ML7,Glasgow
4,55.878907698403935,-4.370583553921868,1664907275,2029,1982,40,Male,Y,1264,Renfrew,Renfrewshire,PA4,Glasgow
4,56.05421141213176,-3.367183329507641,1664907355,2019,1979,43,Female,Y,1091,Inverkeithing,Fife,KY11,Fife
4,55.607400090008696,-4.374310919107431,1664907428,2015,1978,44,Female,Y,843,Galston,"East Ayrshire",KA4,Ayrshire
4,57.65340869933621,-3.46259568039293,1664907694,2032,1983,39,Female,Y,737,Elgin,Moray,IV30,"North East (Aberdeen)"
4,55.958817572418674,-3.248167175075693,1664907841,2036,1967,55,Male,N,278,"Granton, Edinburgh",Edinburgh,"Edinburgh Clermiston Granton","Lothian (Edinburgh)"
4,56.551813383216526,-3.4666690095414885,1664907952,2041,1962,60,Male,Y,1313,"Perth (north and west: Burghmuir, Cherrybank, Hillyland, Inveralmond, Lethom, Muirton, North Muirton, Tulloch)","Perth and Kinross",PH1,Fife
4,56.139187386184474,-3.7207811770637513,1664908287,2052,1984,38,Female,Y,396,Tillicoultry,Clackmannanshire,FK13,"Stirling and Falkirk"
4,57.61343286730381,-2.744538026527256,1664908732,2057,1989,33,Female,Y,59,Banff,Aberdeenshire,AB45,"North East (Aberdeen)"
4,55.78038717990675,-3.7828053421787557,1664908875,2065,1965,57,Female,Y,1180,Wishaw,"North Lanarkshire",ML2,Glasgow
4,57.690247082944886,-3.280724166225708,1664909376,2026,1976,46,Male,Y,738,Lossiemouth,Moray,IV31,"North East (Aberdeen)"
4,57.322831329770615,-2.224896449214521,1664909580,2071,1973,49,Male,N,113,"Bridge of Don, Aberdeen",Aberdeen,"Aberdeen North","North East (Aberdeen)"
4,56.40900337080532,-3.4853486876528805,1664909749,2088,1966,56,Male,Y,1313,"Perth (north and west: Burghmuir, Cherrybank, Hillyland, Inveralmond, Lethom, Muirton, North Muirton, Tulloch)","Perth and Kinross",PH1,Fife
4,57.62412731897807,-3.281903137428017,1664909776,2072,1998,24,Female,Y,737,Elgin,Moray,IV30,"North East (Aberdeen)"
4,55.56366712567864,-4.363835081613654,1664909842,2087,1972,50,Male,Y,843,Galston,"East Ayrshire",KA4,Ayrshire
4,57.61216596086544,-2.8839358472437153,1664910180,2094,1992,30,Female,Y,90,Buckie,Moray,AB56,"North East (Aberdeen)"
4,56.48745989440295,-3.008348520538151,1664910301,2107,1973,49,Male,N,238,"Menzieshill, Dundee",Dundee,"Dundee Central","Tayside and Angus (Dundee)"
4,55.89423384790105,-3.5125403150957584,1664910312,2083,1965,57,Male,N,375,Livingston,"West Lothian",EH54,"Lothian (Edinburgh)"
4,57.654170201843776,-3.344752463511483,1664910346,2098,1989,33,Female,Y,737,Elgin,Moray,IV30,"North East (Aberdeen)"
4,56.6604968016144,-2.9406215431596663,1664910354,2103,1996,26,Female,Y,181,Kirriemuir,Angus,DD8,"Tayside and Angus (Dundee)"
4,55.89089490219218,-3.8031320069662615,1664910378,2093,1969,53,Male,N,367,Armadale,"West Lothian",EH48,"Lothian (Edinburgh)"
4,57.68663397208647,-2.7827872508646103,1664910904,2110,1992,30,Female,N,90,Buckie,Moray,AB56,"North East (Aberdeen)"
4,55.984693658178266,-3.1842619863759696,1664911109,2121,1968,54,Female,Y,285,"Leith, Edinburgh",Edinburgh,"Edinburgh Leith","Lothian (Edinburgh)"
4,58.56553806025918,-3.196304050864717,1664911110,2116,1971,51,Female,Y,899,Wick,Highland,KW1,"Highlands (Inverness)"
4,57.6730177733014,-2.9206354959012484,1664911487,2130,1992,30,Female,Y,90,Buckie,Moray,AB56,"North East (Aberdeen)"
4,55.84867709884619,-4.250633167217133,1664911513,2129,1962,60,Male,Y,663,"Mount Florida, Glasgow",Glasgow,"Glasgow Southwest",Glasgow
4,57.35384881016088,-2.491717235811225,1664911714,2132,1967,55,Female,Y,64,Inverurie,Aberdeenshire,AB51,"North East (Aberdeen)"
4,55.43734906021673,-3.406835136982144,1664911853,2135,1976,46,Male,N,1170,Biggar,"South Lanarkshire",ML12,Glasgow
4,55.753707349335926,-4.068897394147237,1664912455,2150,1980,42,Male,N,1183,Hamilton,"South Lanarkshire",ML3,Glasgow
4,55.41324543589035,-3.6394499119930597,1664912495,2142,1967,55,Male,N,1170,Biggar,"South Lanarkshire",ML12,Glasgow
4,59.08785678200252,-3.0646042419193593,1664912512,2144,1980,42,Male,Y,1025,"Orkney Islands",Orkney,KW17,"Orkney Islands"
4,55.942259618640314,-3.0201972478259878,1664912713,2141,1955,67,Male,N,330,Musselburgh,"East Lothian",EH21,"Lothian (Edinburgh)"
4,57.42165307939875,-1.9522179725235191,1664912768,2146,1980,42,Male,Y,54,Peterhead,Aberdeenshire,AB42,"North East (Aberdeen)"
4,57.17373430336751,-2.558077699233065,1664912845,2157,1962,60,Female,Y,64,Inverurie,Aberdeenshire,AB51,"North East (Aberdeen)"
4,56.058588175939704,-3.43513482626704,1664912891,2156,1970,52,Male,Y,1090,"Dunfermline (south and east: Halbeath, Touch, Duloch, Masterton, Pitcorthie, Abbeyview, Brucefield, Hospital Hill, Camdean, Pitreavie)",Fife,KY11,Fife
4,55.866259517727634,-4.321014146960228,1664913212,2097,1951,71,Female,N,679,"Pollock, Glasgow",Glasgow,"Glasgow Southwest",Glasgow
4,55.75794429605897,-4.092199284548862,1664913320,2152,2000,22,Female,Y,1183,Hamilton,"South Lanarkshire",ML3,Glasgow
4,55.45468480717744,-4.265686329490593,1664913321,2165,1985,37,Female,Y,798,Cumnock,"East Ayrshire",KA18,Ayrshire
4,55.80747419452051,-3.9420023599678164,1664913471,2096,1969,53,Female,Y,1151,Motherwell,"North Lanarkshire",ML1,Glasgow
4,56.496970448063635,-3.0240760922244445,1664913728,2181,1955,67,Female,N,240,"Ardler, Dundee",Dundee,"Dundee Central","Tayside and Angus (Dundee)"
4,57.65505809552938,-2.001403064382338,1664914026,2194,1983,39,Male,Y,57,Fraserburgh,Aberdeenshire,AB43,"North East (Aberdeen)"
4,55.71424961807741,-4.165295135351714,1664914174,2192,1994,28,Male,Y,534,"East Kilbride (south: Hairmyres, Westwood, The Murray, Murray East, Whitehills, Greenhill, Newlandsmuir, Gardenhall, Crosshouse, Newlands, Lindsayfield, Mossneuk)","South Lanarkshire",G75,Glasgow
4,55.52887237197282,-4.249411965628376,1664914183,2182,1956,66,Female,N,846,Mauchline,"East Ayrshire",KA5,Ayrshire
4,55.84345712624906,-3.8879775099802414,1664914188,2171,1995,27,Female,Y,1151,Motherwell,"North Lanarkshire",ML1,Glasgow
4,57.125321102546266,-2.28638778420667,1664914201,1966,1999,23,Female,Y,128,"Mannofield, Aberdeen",Aberdeen,"Aberdeen Southwest","North East (Aberdeen)"
4,55.82584548421906,-4.844849733063057,1664914406,2195,1966,56,Male,Y,842,Largs,"North Ayrshire",KA30,Ayrshire
4,58.50350875120964,-3.691426787076013,1664914464,2196,1975,47,Female,Y,954,Scarfskerry,Highland,KW14,"Highlands (Inverness)"
4,56.59508612601581,-3.210715530093356,1664914466,2176,1981,41,Male,Y,1321,Alyth,"Perth and Kinross",PH11,Fife
4,55.818242376485,-4.089258075595621,1664914494,2208,1994,28,Male,Y,525,Uddingston,"South Lanarkshire",G71,Glasgow
4,56.247405564880665,-2.9821630430742774,1664914543,2209,1994,28,Male,Y,1140,Leven,Fife,KY8,Fife
4,55.850889452457174,-4.073450771449872,1664914574,2212,1961,61,Female,Y,609,"Garthamlock, Glasgow",Glasgow,"Glasgow Northeast",Glasgow
4,55.956117389530085,-3.2779552430525434,1664914653,2203,2003,19,Female,Y,288,"Murrayfield, Edinburgh",Edinburgh,"Edinburgh North","Lothian (Edinburgh)"
4,58.93745947682523,-3.13995670072235,1664914693,2197,1974,48,Female,Y,1025,"Orkney Islands",Orkney,KW17,"Orkney Islands"
4,55.8299271234569,-4.289433032550952,1664914728,2206,1990,32,Male,Y,653,"Netherlee, Glasgow",Glasgow,"Glasgow South",Glasgow
4,57.31969945027432,-2.2330523858644606,1664914933,2214,1948,74,Female,Y,111,"Bucksburn, Aberdeen",Aberdeen,"Aberdeen North","North East (Aberdeen)"
4,57.59953654302218,-3.3873555061887117,1664914940,2215,1986,36,Female,Y,737,Elgin,Moray,IV30,"North East (Aberdeen)"
4,55.80319812255352,-3.893536748648836,1664915640,2224,1989,33,Female,Y,1151,Motherwell,"North Lanarkshire",ML1,Glasgow
4,55.877409952151694,-4.15455499897352,1664915731,2231,1984,38,Male,Y,602,"Baillieston, Glasgow",Glasgow,"Glasgow Northeast",Glasgow
4,55.175001916909906,-3.773186478966338,1664915834,2223,1993,29,Other,N,208,"New Abbey","Dumfries and Galloway",DG2,"Dumfries and Galloway"
4,55.9152785420965,-3.4555722216315834,1664916018,2227,1954,68,Female,N,371,Broxburn,"West Lothian",EH52,"Lothian (Edinburgh)"
4,56.1259710414481,-3.555798430158597,1664916057,2226,1973,49,Male,Y,1096,"Dunfermline (centre, north, west: Abbey Parks, Lady's Mill, Garvock, Headwell, Kingseathill, Wellwood, Milesmark, Baldridge, Pittencrieff, Baldridgeburn)",Fife,KY12,Fife
4,56.08598166327334,-3.5047282397492516,1664916556,2241,1991,31,Male,Y,1096,"Dunfermline (centre, north, west: Abbey Parks, Lady's Mill, Garvock, Headwell, Kingseathill, Wellwood, Milesmark, Baldridge, Pittencrieff, Baldridgeburn)",Fife,KY12,Fife
4,55.898263641036216,-3.0074921890326185,1664918250,2271,1987,35,Female,Y,334,Dalkeith,Midlothian,EH22,"Lothian (Edinburgh)"
4,55.96792675702287,-4.094841942018225,1664918776,957,1971,51,Female,N,507,Kirkintilloch,"East Dunbartonshire",G66,Glasgow
4,55.91599398226303,-3.4420059204500983,1664919085,2303,1985,37,Female,Y,371,Broxburn,"West Lothian",EH52,"Lothian (Edinburgh)"
4,56.49540135963235,-3.0401865947891475,1664919142,2313,1960,62,Male,Y,238,"Menzieshill, Dundee",Dundee,"Dundee Central","Tayside and Angus (Dundee)"
4,56.01178592401043,-3.6918145621844487,1664919336,2312,1975,47,Female,Y,439,Grangemouth,Falkirk,FK3,"Stirling and Falkirk"
4,56.16764844569041,-3.2949782002787344,1664919337,2115,1953,69,Male,Y,1128,Lochgelly,Fife,KY5,Fife
4,56.25039230966543,-3.682513141537984,1664919868,2324,1975,47,Female,N,401,Powmill,"Perth and Kinross",FK14,"Stirling and Falkirk"
4,55.44284930274642,-4.497723523701906,1664919960,2326,1957,65,Male,Y,852,Dalmellington,"East Ayrshire",KA6,Ayrshire
4,55.44561243532218,-4.131299744958271,1664919976,2336,1986,36,Female,Y,798,Cumnock,"East Ayrshire",KA18,Ayrshire
4,56.479045740923276,-2.9545531993823526,1664920079,2323,1966,56,Female,Y,250,"Downfield, Dundee",Dundee,"Dundee North","Tayside and Angus (Dundee)"
4,55.64681952810939,-4.549394407655756,1664920167,2328,1972,50,Male,Y,841,Stewarton,"East Ayrshire",KA3,Ayrshire
4,55.63189787752776,-4.6972341065224725,1664920355,1689,2002,20,Female,Y,787,"Irvine (centre: Castlepark, Tarryholme)","North Ayrshire",KA12,Ayrshire
4,55.847604660599075,-4.464013982654574,1664920435,2343,1994,28,Male,Y,1220,"Paisley (central, east and north east: Ferguslie, Oldhall, Seedhill, Williamsburgh, Whitehaugh)",Renfrewshire,PA1,Glasgow
4,55.377963251299605,-5.657686045065372,1664920590,2348,1997,25,Female,Y,1246,Campbeltown,"Argyll and Bute",PA28,"Argyll and Bute"
4,55.93698967082499,-4.806781142599565,1664920782,2359,1971,51,Male,N,1231,"Greenock (west: Bow Farm, Braeside, Branchton, Fort Matilda, Gateside, Greenock West, Overton, Pennyfern, Smithston)",Inverclyde,PA16,Glasgow
4,55.64983585848415,-4.338703406683608,1664920888,2351,1979,43,Female,Y,844,Moscow,"East Ayrshire",KA4,Ayrshire
4,56.46523355478125,-2.9531645783234115,1664920947,2354,1947,75,Female,N,250,"Downfield, Dundee",Dundee,"Dundee North","Tayside and Angus (Dundee)"
4,55.88056954698933,-2.7822992510072537,1664921165,2244,1973,49,Male,N,357,Haddington,"East Lothian",EH41,"Lothian (Edinburgh)"
4,55.83495181890617,-4.25300082776181,1664921431,2338,1978,44,Male,N,681,"Nitshill, Glasgow",Glasgow,"Glasgow Southwest",Glasgow
4,57.64553625037507,-1.9770536345030298,1664921444,2368,1994,28,Male,Y,57,Fraserburgh,Aberdeenshire,AB43,"North East (Aberdeen)"
4,55.74206450747664,-4.09170009553831,1664921464,2367,1993,29,Female,Y,1183,Hamilton,"South Lanarkshire",ML3,Glasgow
4,55.94479974545014,-4.765708046294179,1664921479,2369,2000,22,Other,Y,1230,"Greenock (central and east: Bogston, Bridgend, Cartsdyke, Gibshill, Greenock Central, Ladyburn, Upper Ingleston)",Inverclyde,PA15,Glasgow
4,57.12501671837075,-2.1259340227182886,1664921792,2372,1960,62,Female,N,127,"Torry, Aberdeen",Aberdeen,"Aberdeen Southeast","North East (Aberdeen)"
4,55.582805699700465,-3.0907924708297627,1664921956,2186,1976,46,Male,N,361,Innerleithen,"Scottish Borders",EH44,Borders
4,57.162255550116086,-2.1148203508841483,1664922480,2373,1968,54,Female,N,103,"Woodside, Aberdeen",Aberdeen,"Aberdeen Central","North East (Aberdeen)"
4,55.707509585694304,-3.8115382030797123,1664923074,2380,1995,27,Male,Y,1214,Law,"North Lanarkshire",ML8,Glasgow
4,56.478383064082756,-2.9128888845440146,1664923203,2298,1966,56,Female,N,256,"Whitfield, Dundee",Dundee,"Dundee North","Tayside and Angus (Dundee)"
4,57.64985903526581,-3.407173949559358,1664923368,2384,1973,49,Female,Y,737,Elgin,Moray,IV30,"North East (Aberdeen)"
4,57.6343770105927,-2.917188458484327,1664923782,2393,1993,29,Female,Y,90,Buckie,Moray,AB56,"North East (Aberdeen)"
4,56.178610879173945,-3.215583568499019,1664924248,2395,1956,66,Female,Y,1125,Ballingry,Fife,KY5,Fife
4,55.532301816252804,-4.580455754640999,1664924417,2401,1967,55,Male,Y,873,Prestwick,"South Ayrshire",KA9,Ayrshire
4,54.72364751647056,-4.487844308299899,1664924435,2392,1974,48,Female,Y,227,Wigtown,"Dumfries and Galloway",DG8,"Dumfries and Galloway"
4,56.20452446938654,-3.009065458839835,1664924911,2406,1983,39,Male,Y,1138,Buckhaven,Fife,KY8,Fife
4,56.99588991583386,-2.1847626161044444,1664924990,2404,1974,48,Female,Y,47,Newtonhill,Aberdeenshire,AB39,"North East (Aberdeen)"
4,55.90700126903348,-3.7100738132402538,1664925089,2399,1958,64,Male,N,368,Bathgate,"West Lothian",EH48,"Lothian (Edinburgh)"
4,55.89669336960899,-3.5964914839914446,1664925262,2399,1958,64,Male,N,368,Bathgate,"West Lothian",EH48,"Lothian (Edinburgh)"
4,55.04228919307705,-3.47972975057818,1664925381,2410,1972,50,Female,Y,186,"Dumfries (centre and east: Dalscone, Georgetown, Heathhall, Kingholm Quay, Noblehill, The Crichton)","Dumfries and Galloway",DG1,"Dumfries and Galloway"
4,55.01469745666275,-3.3711841311906223,1664925793,2411,1969,53,Female,Y,187,Locharbriggs,"Dumfries and Galloway",DG1,"Dumfries and Galloway"
4,55.98793862106988,-4.65150638126901,1664927966,2421,1981,41,Female,Y,549,Dumbarton,"West Dunbartonshire",G82,Glasgow
4,55.07953467648483,-3.7207339018530656,1664931436,2426,1965,57,Female,Y,207,"Dumfries (west: Broomlands, Cargenbridge, Lochside, Maxwelltown, Troqueer)","Dumfries and Galloway",DG2,"Dumfries and Galloway"
4,55.82739516091796,-3.383623818793442,1664936298,2430,1953,69,Female,Y,313,"Colinton, Edinburgh",Edinburgh,"Edinburgh South","Lothian (Edinburgh)"
4,57.60901269566045,-1.938242473627118,1664940295,2436,1967,55,Female,Y,57,Fraserburgh,Aberdeenshire,AB43,"North East (Aberdeen)"
4,57.684565088380154,-3.315526193021402,1664945879,2445,1962,60,Female,Y,738,Lossiemouth,Moray,IV31,"North East (Aberdeen)"
4,57.705510127839055,-3.2756933040913387,1664946004,2445,1962,60,Female,Y,738,Lossiemouth,Moray,IV31,"North East (Aberdeen)"
4,55.902813818493904,-3.2234645548274496,1664946059,2446,1983,39,Female,N,305,"Oxgangs, Edinburgh",Edinburgh,"Edinburgh Oxgangs","Lothian (Edinburgh)"
4,55.1256222937017,-3.613055962933902,1664946722,2448,1986,36,Female,Y,186,"Dumfries (centre and east: Dalscone, Georgetown, Heathhall, Kingholm Quay, Noblehill, The Crichton)","Dumfries and Galloway",DG1,"Dumfries and Galloway"
4,54.99488751022135,-3.774695896540147,1664947119,2451,1987,35,Male,Y,207,"Dumfries (west: Broomlands, Cargenbridge, Lochside, Maxwelltown, Troqueer)","Dumfries and Galloway",DG2,"Dumfries and Galloway"
4,56.84216248299873,-2.781797009010167,1664948384,2450,1992,30,Male,Y,182,Brechin,Angus,DD9,"Tayside and Angus (Dundee)"
4,57.56569283541452,-2.1798774057955668,1664949512,2453,1995,27,Female,N,57,Fraserburgh,Aberdeenshire,AB43,"North East (Aberdeen)"
4,57.615417414109466,-3.022045988439639,1664949974,2460,1992,30,Female,Y,91,Cullen,Moray,AB56,"North East (Aberdeen)"
4,55.93973127171881,-3.5607571759573515,1664950343,2462,1977,45,Male,Y,371,Broxburn,"West Lothian",EH52,"Lothian (Edinburgh)"
4,55.957146161174336,-3.150257044689689,1664950513,2464,1973,49,Female,N,285,"Leith, Edinburgh",Edinburgh,"Edinburgh Leith","Lothian (Edinburgh)"
4,56.47013422755245,-3.014799600980052,1664950796,2461,1965,57,Female,N,239,"Charleston, Dundee",Dundee,"Dundee Central","Tayside and Angus (Dundee)"
4,60.33657006130389,-1.318901610644803,1664951228,2467,1978,44,Female,N,1514,"Bridge of Walls","Shetland Isles",ZE2,"Shetland Islands"
4,56.466572269996284,-2.8596687446787903,1664952093,2468,1956,66,Female,Y,247,"Broughty Ferry, Dundee",Dundee,"Dundee East","Tayside and Angus (Dundee)"
4,57.0923200278896,-2.2776462645943862,1664953331,2479,1993,29,Male,Y,132,"Peterculter, Aberdeen",Aberdeen,"Aberdeen Southwest","North East (Aberdeen)"
4,55.69017565764023,-4.758592122494504,1664953395,2474,1979,43,Female,Y,812,Saltcoats,"East Ayrshire",KA21,Ayrshire
4,56.48048630081206,-2.941635188067657,1664953838,2482,1948,74,Female,N,250,"Downfield, Dundee",Dundee,"Dundee North","Tayside and Angus (Dundee)"
4,60.69948810944533,-1.1022476564500803,1664954695,2329,1975,47,Female,Y,1623,Walls,"Shetland Isles",ZE2,"Shetland Islands"
4,55.86606238393194,-4.02783957591675,1664955012,2187,1985,37,Female,Y,1189,Coatbridge,"North Lanarkshire",ML5,Glasgow
4,55.9221915358555,-4.016528821493239,1664956594,2505,1970,52,Female,Y,514,"Cumbernauld (south: Condorrat, Lenziemill, Carbrain, Kildrum, Cumbernauld Village, Abronhill, Seafar)","North Lanarkshire",G67,Glasgow
4,57.65801711471473,-2.4798845951648874,1664956762,139,1955,67,Male,N,58,Macduff,Aberdeenshire,AB44,"North East (Aberdeen)"
4,55.927453808558205,-3.708124965960175,1664956860,2507,1958,64,Female,Y,368,Bathgate,"West Lothian",EH48,"Lothian (Edinburgh)"
4,56.21048654898796,-3.228690256456947,1664957316,2511,1978,44,Female,Y,1129,"Glenrothes (west: Caskieberran, Rimbleton, Macedonia, Tanshall)",Fife,KY6,Fife
4,56.352972047677625,-3.342431188005463,1664957401,2506,1989,33,Male,N,1354,"Perth (south and east: Barnhill, Bridgend, Craigie, Kincarrathie, Upper Craigie)","Perth and Kinross",PH2,Fife
4,55.82721750328229,-4.24218344863414,1664957657,2503,1953,69,Female,Y,672,"Govan, Glasgow",Glasgow,"Glasgow Southwest",Glasgow
4,55.738807873806955,-3.9763579213377493,1664958198,2515,1993,29,Female,Y,1217,Larkhall,"North Lanarkshire",ML9,Glasgow
4,57.1695051475104,-2.377970786526168,1664958433,2513,1992,30,Female,Y,28,Westhill,Aberdeenshire,AB32,"North East (Aberdeen)"
4,56.472063257328756,-2.966026086416503,1664958434,2520,1964,58,Female,Y,237,"Blackness, Dundee",Dundee,"Dundee Central","Tayside and Angus (Dundee)"
4,56.06144860778579,-3.555736196650093,1664958475,2519,1982,40,Female,Y,1096,"Dunfermline (centre, north, west: Abbey Parks, Lady's Mill, Garvock, Headwell, Kingseathill, Wellwood, Milesmark, Baldridge, Pittencrieff, Baldridgeburn)",Fife,KY12,Fife
4,57.20483476786751,-2.267072991472972,1664958665,2526,1966,56,Male,N,121,Blackburn,Aberdeenshire,"Aberdeen North","North East (Aberdeen)"
4,56.039931076979954,-3.731944667477691,1664958703,2529,1982,40,Male,N,424,Maddiston, Falkirk,FK2,"Stirling and Falkirk"
4,55.83637907863063,-4.455989999004818,1664958801,2524,1972,50,Female,Y,1236,"Paisley (south: Blackhall, Castlehead, Dykebar, Foxbar, Hunterhill, Meikleriggs)",Renfrewshire,PA2,Glasgow
4,56.077024492235424,-3.6314199267391287,1664959000,2519,1982,40,Female,Y,1096,"Dunfermline (centre, north, west: Abbey Parks, Lady's Mill, Garvock, Headwell, Kingseathill, Wellwood, Milesmark, Baldridge, Pittencrieff, Baldridgeburn)",Fife,KY12,Fife
4,55.82886343556859,-4.247509055114473,1664959152,2541,1979,43,Female,Y,672,"Govan, Glasgow",Glasgow,"Glasgow Southwest",Glasgow
4,55.906085801629985,-4.263371187990861,1664960167,2549,1985,37,Male,N,481,"Lambhill, Glasgow",Glasgow,G23,Glasgow
4,55.819626974679075,-3.788707184150832,1664961572,2558,1971,51,Female,N,1209,Shotts,"North Lanarkshire",ML7,Glasgow
4,55.81422285301008,-4.228086747676703,1664962766,2571,1982,40,Male,Y,647,"Pollokshields, Glasgow",Glasgow,"Glasgow South",Glasgow
4,57.46384079975069,-2.296133272436041,1664962821,2565,1961,61,Female,N,78,Turriff,Aberdeenshire,AB53,"North East (Aberdeen)"
4,55.68175273017965,-3.967378818717827,1664963466,2573,1978,44,Male,Y,1217,Larkhall,"North Lanarkshire",ML9,Glasgow
4,55.459774378071565,-4.284700889649116,1664964350,2591,1989,33,Female,Y,797,Auchinleck,"East Ayrshire",KA18,Ayrshire
4,55.99962195301201,-3.9359629192959606,1664964395,2592,1982,40,Male,Y,452,Denny,Falkirk,FK6,"Stirling and Falkirk"
4,56.064108663206326,-3.5188769390268173,1664964533,2587,1965,57,Male,N,1094,Rosyth,Fife,KY11,Fife
4,55.365427018824654,-5.618574939078087,1664964562,2597,2000,22,Female,Y,1246,Campbeltown,"Argyll and Bute",PA28,"Argyll and Bute"
4,55.83755221043986,-4.086517865419709,1664964597,2593,1986,36,Male,Y,525,Uddingston,"South Lanarkshire",G71,Glasgow
4,56.492298904107365,-2.9360266042394474,1664968210,1380,1963,59,Male,Y,252,"Linlathen and Midcraigie, Dundee",Dundee,"Dundee North","Tayside and Angus (Dundee)"
4,55.889056765355775,-4.372778827307628,1664968218,2622,1986,36,Female,Y,639,"Scotstoun, Glasgow",Glasgow,"Glasgow Northwest",Glasgow
4,57.32649915975954,-2.6806340037745966,1664968581,2617,1942,80,Female,Y,70,Insch,Aberdeenshire,AB52,"North East (Aberdeen)"
4,56.24716790936544,-3.9809206648329125,1664968681,2619,1999,23,Female,Y,405,Dunblane,Stirlingshire,FK15,"Stirling and Falkirk"
4,55.84941563615878,-3.094085193111178,1664969264,2624,1979,43,Female,N,328,Bonnyrigg,Midlothian,EH19,"Lothian (Edinburgh)"
4,55.7864306440424,-4.1404802168974175,1664969758,2634,1974,48,Male,Y,529,Cambuslang,"South Lanarkshire",G72,Glasgow
4,56.10693433769736,-3.5574496239808524,1664969832,2679,1986,36,Male,N,1096,"Dunfermline (centre, north, west: Abbey Parks, Lady's Mill, Garvock, Headwell, Kingseathill, Wellwood, Milesmark, Baldridge, Pittencrieff, Baldridgeburn)",Fife,KY12,Fife
4,56.02338365652439,-3.854765279001751,1664970010,2668,1998,24,Male,N,450,Stenhousemuir,Falkirk,FK5,"Stirling and Falkirk"
4,56.48142335494573,-2.903806204233102,1664970012,2651,1969,53,Male,Y,254,"Douglas, Dundee",Dundee,"Dundee North","Tayside and Angus (Dundee)"
4,54.82779890058572,-4.100772747480705,1664970118,2678,1959,63,Male,Y,218,Kirkcudbright,"Dumfries and Galloway",DG6,"Dumfries and Galloway"
4,55.8572373226561,-4.458755855251515,1664970149,2662,1985,37,Male,Y,1249,"Paisley (north west: Ferguslie Park, Gallowhill, Gockston, Shortroods, )",Renfrewshire,PA3,Glasgow
4,55.82040373804012,-4.185245309430232,1664970214,2693,1982,40,Female,Y,528,Blantyre,"South Lanarkshire",G72,Glasgow
4,56.62018025863334,-2.4971521795812865,1664970239,2684,1967,55,Female,Y,141,Arbroath,Angus,DD11,"Tayside and Angus (Dundee)"
4,57.174439537719174,-2.11617608285863,1664970265,2655,1997,25,Male,N,98,"Northfield, Aberdeen",Aberdeen,"Aberdeen Central","North East (Aberdeen)"
4,55.902564705685236,-4.039740308496943,1664970268,2669,1985,37,Male,Y,1189,Coatbridge,"North Lanarkshire",ML5,Glasgow
4,55.908981512347864,-3.9593892199718845,1664970276,2681,1982,40,Female,Y,1192,Airdrie,"North Lanarkshire",ML6,Glasgow
4,56.02636816721632,-3.386735289523698,1664970278,2674,1990,32,Female,Y,1089,"Dalgety Bay",Fife,KY11,Fife
4,57.56899674459421,-2.8405352193337268,1664970318,2692,1959,63,Female,Y,89,Dufftown,Moray,AB55,"North East (Aberdeen)"
4,55.76597814801913,-3.9127832009395602,1664970319,2643,1963,59,Male,Y,1180,Wishaw,"North Lanarkshire",ML2,Glasgow
4,55.54355827157469,-4.481429078272353,1664970339,2656,1989,33,Male,Y,779,"Kilmarnock (centre and south: Bonnyton, Grange, Bellfield, Shortlees, Caprington, Riccarton, Hurlford)","East Ayrshire",KA1,Ayrshire
4,57.18180081228201,-2.5322067347102717,1664970349,2686,1977,45,Male,Y,64,Inverurie,Aberdeenshire,AB51,"North East (Aberdeen)"
4,55.945088825433466,-4.571569321819261,1664970411,2720,1988,34,Male,N,549,Dumbarton,"West Dunbartonshire",G82,Glasgow
4,57.57269663175927,-3.326607767446091,1664970474,2705,1954,68,Female,N,737,Elgin,Moray,IV30,"North East (Aberdeen)"
4,56.002788382403,-3.5847212906471313,1664970489,2706,1985,37,Male,Y,370,Bo'ness,Falkirk,EH51,"Lothian (Edinburgh)"
4,56.46461626748999,-2.9666302712461974,1664970541,2707,1966,56,Female,N,243,"Hilltown, Dundee",Dundee,"Dundee Central","Tayside and Angus (Dundee)"
4,56.21674094158221,-3.1345563581209035,1664970576,2719,1981,41,Male,N,1133,"Glenrothes (centre and east: Pitteuchar, Finglassie, Stenton, Auchmuty, Pitcoudie, Balfarg, Pircairn, Collydean)",Fife,KY7,Fife
4,55.9418122971563,-3.9983699305675238,1664970708,2721,1980,42,Female,Y,514,"Cumbernauld (south: Condorrat, Lenziemill, Carbrain, Kildrum, Cumbernauld Village, Abronhill, Seafar)","North Lanarkshire",G67,Glasgow
4,55.88753320873328,-4.347294410377979,1664970831,2701,1996,26,Female,Y,640,"Whiteinch, Glasgow",Glasgow,"Glasgow Northwest",Glasgow
4,55.98694559248309,-4.5219603565993784,1664970970,2710,1974,48,Female,Y,549,Dumbarton,"West Dunbartonshire",G82,Glasgow
4,56.06211947915696,-3.9652554786024337,1664971073,2759,1963,59,Male,N,457,Bannockburn,Stirlingshire,FK7,"Stirling and Falkirk"
4,55.313102388419935,-3.8716609785459886,1664971106,2737,2001,21,Male,Y,212,Kirkconnel,"Dumfries and Galloway",DG4,"Dumfries and Galloway"
4,55.827530729944414,-4.11795093999339,1664971119,2752,1974,48,Male,N,529,Cambuslang,"South Lanarkshire",G72,Glasgow
4,57.33731153462445,-2.5892810197079643,1664971139,2743,1978,44,Male,N,70,Insch,Aberdeenshire,AB52,"North East (Aberdeen)"
4,57.683450804172296,-2.7937416271304865,1664971307,2786,1997,25,Female,Y,95,Portknockie,Moray,AB56,"North East (Aberdeen)"
4,55.99008689995178,-4.228174569717713,1664971314,2637,1977,45,Male,N,507,Kirkintilloch,"East Dunbartonshire",G66,Glasgow
4,55.8206588584105,-3.9451796030089827,1664971379,2750,1968,54,Male,Y,1150,Holytown,"North Lanarkshire",ML1,Glasgow
4,55.8636537881441,-4.151165230576967,1664971422,2785,1992,30,Male,N,634,"Maryhill, Glasgow",Glasgow,"Glasgow Northeast",Glasgow
4,56.10416824741821,-3.336093359371025,1664971456,2775,1993,29,Female,Y,1121,Cowdenbeath,Fife,KY4,Fife
4,55.67555712410555,-4.688598198902725,1664971482,2797,1971,51,Female,Y,815,Dalry,"North Ayrshire",KA24,Ayrshire
4,55.87305460918823,-4.325227650766443,1664971514,2763,1996,26,Male,N,588,"Broomhill, Glasgow",Glasgow,"Glasgow Kelvin",Glasgow
4,56.051037831926116,-3.439963733402321,1664971544,2783,1962,60,Male,N,1094,Rosyth,Fife,KY11,Fife
4,57.25843919048042,-4.414882533128423,1664971599,2762,1982,40,Male,Y,713,Culloden,Highland,IV2,"Highlands (Inverness)"
4,55.9150993091625,-4.37403077684266,1664971766,2676,1993,29,Male,Y,640,"Whiteinch, Glasgow",Glasgow,"Glasgow Northwest",Glasgow
4,55.90127784236103,-3.1575491855720106,1664971837,2800,1994,28,Other,Y,323,"Moredun, Edinburgh",Edinburgh,"Edinburgh Southeast","Lothian (Edinburgh)"
4,56.038037863567105,-3.351175755762835,1664971879,2788,1992,30,Male,Y,1090,"Dunfermline (south and east: Halbeath, Touch, Duloch, Masterton, Pitcorthie, Abbeyview, Brucefield, Hospital Hill, Camdean, Pitreavie)",Fife,KY11,Fife
4,55.97172820720432,-3.2114105709795715,1664972032,2824,1991,31,Female,Y,287,"Corstorphine, Edinburgh",Edinburgh,"Edinburgh North","Lothian (Edinburgh)"
4,55.64578006257006,-2.8248950024546335,1664972229,2806,1961,61,Female,Y,1413,Galashiels,"Scottish Borders",TD1,Borders
4,55.8786127908208,-3.0915581680823125,1664972272,2799,1991,31,Female,N,328,Bonnyrigg,Midlothian,EH19,"Lothian (Edinburgh)"
4,55.84065491292915,-3.3394548340423866,1664972305,2807,1978,44,Male,Y,320,"Newington, Edinburgh",Edinburgh,"Edinburgh South","Lothian (Edinburgh)"
4,55.68039534279192,-3.962402547745203,1664972325,2830,1990,32,Female,N,1217,Larkhall,"North Lanarkshire",ML9,Glasgow
4,57.65334124172334,-3.4788814743725873,1664972353,2760,1980,42,Male,N,737,Elgin,Moray,IV30,"North East (Aberdeen)"
4,57.674852493923154,-2.1420942456234235,1664972480,2834,1988,34,Female,Y,57,Fraserburgh,Aberdeenshire,AB43,"North East (Aberdeen)"
4,55.31605039381966,-3.4854389477715553,1664972534,2838,1961,61,Female,Y,189,Moffat,"Dumfries and Galloway",DG10,"Dumfries and Galloway"
4,55.819640213527755,-3.892635836120243,1664972836,2860,1994,28,Male,Y,1151,Motherwell,"North Lanarkshire",ML1,Glasgow
4,55.47371132929107,-4.612205844727695,1664972863,2862,1997,25,Male,N,868,"Newton on Ayr","South Ayrshire",KA8,Ayrshire
4,57.15417672414663,-2.1828818477366956,1664972888,2839,1959,63,Male,Y,97,"Mastrick, Aberdeen",Aberdeen,"Aberdeen Central","North East (Aberdeen)"
4,55.72298813407902,-6.165073738256728,1664972914,2861,1959,63,Male,Y,1267,"Bowmore, Isle of Islay","Argyll and Bute",PA43,"Argyll and Bute"
4,55.04043744377197,-3.069124055565412,1664973007,2867,1975,47,Female,Y,205,Gretna,"Dumfries and Galloway",DG16,"Dumfries and Galloway"
4,56.87137009211402,-3.319717867773099,1664973018,2870,1994,28,Male,Y,1321,Alyth,"Perth and Kinross",PH11,Fife
4,55.852343910580295,-4.033704991310301,1664973050,2835,1982,40,Male,Y,1189,Coatbridge,"North Lanarkshire",ML5,Glasgow
4,55.721701869417075,-4.45205613144124,1664973272,2880,1975,47,Female,N,837,"Kilmarnock (north: Onthank, Townholm, Altonhill, Longpark, Beansburn, New Farm Loch, Knockinlaw, Hillhead, Crookedholm)","East Ayrshire",KA3,Ayrshire
4,55.91718935184514,-4.4168423730891675,1664973388,2772,1973,49,Female,Y,546,Clydebank,"West Dunbartonshire",G81,Glasgow
4,55.96744733655459,-3.1458573107907104,1664973516,2856,1983,39,Male,Y,285,"Leith, Edinburgh",Edinburgh,"Edinburgh Leith","Lothian (Edinburgh)"
4,55.8340232091294,-4.412108859512063,1664973609,2820,1982,40,Male,Y,1236,"Paisley (south: Blackhall, Castlehead, Dykebar, Foxbar, Hunterhill, Meikleriggs)",Renfrewshire,PA2,Glasgow
4,55.99545630348908,-3.78272421919711,1664973624,2852,1996,26,Female,Y,377,"Falkirk (centre and south: Arnothill, Bantaskin, Callendar Park, Glen Village, Hallglen, Lionthorn, Tamfourhill, Woodlands)",Falkirk,FK1,"Stirling and Falkirk"
4,55.83596657504122,-4.0902990114217666,1664973847,2890,1980,42,Male,Y,525,Uddingston,"South Lanarkshire",G71,Glasgow
4,55.86586515097118,-3.1711217635425455,1664973861,2924,1970,52,Female,Y,342,Roslin,Midlothian,EH25,"Lothian (Edinburgh)"
4,56.50629125207142,-2.7328733435203874,1664973869,2886,1982,40,Male,Y,178,Carnoustie,Angus,DD7,"Tayside and Angus (Dundee)"
4,56.286166803180016,-2.613870207975223,1664973888,2908,1978,44,Male,N,1086,Anstruther,Fife,KY10,Fife
4,55.940594144049754,-3.2823773606504023,1664973916,2892,1955,67,Male,Y,298,"Inverleith, Edinburgh",Edinburgh,"Edinburgh North","Lothian (Edinburgh)"
4,55.886228408051124,-4.362371047795484,1664973944,2911,1989,33,Female,Y,641,"Knightswood, Glasgow",Glasgow,"Glasgow Northwest",Glasgow
4,55.43491152005237,-4.071270236947001,1664974007,2914,1982,40,Female,N,798,Cumnock,"East Ayrshire",KA18,Ayrshire
4,55.979380847281604,-3.408309844081696,1664974078,2912,2000,22,Male,Y,306,"Queensferry, Edinburgh",Edinburgh,"Edinburgh Queensferry","Lothian (Edinburgh)"
4,56.0498818153047,-4.101840727203857,1664974080,2913,1975,47,Female,Y,464,"Stirling (south and east: Braehead, Borestone, Broomridge, Torbrex)",Stirlingshire,FK7,"Stirling and Falkirk"
4,55.87706336212856,-3.149583111053964,1664974092,2921,1980,42,Female,Y,329,Loanhead,Midlothian,EH20,"Lothian (Edinburgh)"
4,57.1419177524767,-2.0862322092791303,1664974157,2917,1969,53,Male,Y,127,"Torry, Aberdeen",Aberdeen,"Aberdeen Southeast","North East (Aberdeen)"
4,55.86627571571873,-4.364048200812422,1664974308,2915,1991,31,Female,N,676,"Mosspark, Glasgow",Glasgow,"Glasgow Southwest",Glasgow
4,55.78129994920305,-4.087708922554799,1664974410,2926,1982,40,Female,Y,529,Cambuslang,"South Lanarkshire",G72,Glasgow
4,55.61423229849083,-4.0853099824082175,1664974433,2902,1972,50,Female,Y,1160,Strathaven,"North Lanarkshire",ML10,Glasgow
4,56.24166020004408,-4.812438814009477,1664974613,2935,1991,31,Male,Y,557,Alexandria,"West Dunbartonshire",G83,"Argyll and Bute"
4,57.58067996422394,-2.228307016443398,1664974636,2939,1996,26,Female,Y,57,Fraserburgh,Aberdeenshire,AB43,"North East (Aberdeen)"
4,55.93903052229479,-3.403816372151281,1664974653,2953,1992,30,Male,Y,301,"Kirkliston, Edinburgh",Edinburgh,"Edinburgh Northwest","Lothian (Edinburgh)"
4,55.567393900607385,-4.615719723279653,1664974656,2940,1980,42,Female,Y,784,Troon,"South Ayrshire",KA10,Ayrshire
4,60.15122219791624,-1.2119589542973943,1664974748,2965,2005,17,Other,School,1500,Lerwick,"Shetland Isles",ZE1,"Shetland Islands"
4,55.91573576333789,-4.670197608121242,1664974807,2944,1979,43,Male,N,1229,"Port Glasgow",Inverclyde,PA14,Glasgow
4,56.22539015931611,-3.446699237059406,1664974897,2615,1971,51,Male,Y,1098,Kinross,"Perth and Kinross",KY13,Fife
4,55.94874147959012,-3.2371464779180634,1664974962,2734,1983,39,Female,Y,287,"Corstorphine, Edinburgh",Edinburgh,"Edinburgh North","Lothian (Edinburgh)"
4,55.64269731699043,-4.6237116230875825,1664975016,2973,1955,67,Male,Y,785,"Irvine (east, south: Perceton, Lawthorn, Girdle Toll, Stanecastle, Bourtreehill, Broomlands, Dreghorn, Springside)","North Ayrshire",KA11,Ayrshire
4,57.15112901090095,-2.09735900751573,1664975021,2976,1988,34,Male,Y,106,"Kittybrewster, Aberdeen",Aberdeen,"Aberdeen Central","North East (Aberdeen)"
4,55.953776269931474,-3.283274273569711,1664975087,2990,1995,27,Male,Y,279,"Clermiston and Drumbrae, Edinburgh",Edinburgh,"Edinburgh Clermiston Granton","Lothian (Edinburgh)"
4,55.84358984305792,-4.221215478802057,1664975087,2960,1989,33,Female,Y,602,"Baillieston, Glasgow",Glasgow,"Glasgow Northeast",Glasgow
4,55.4019744565589,-4.6572424339842575,1664975133,2978,1983,39,Male,Y,856,"Ayr (Centre)","South Ayrshire",KA7,Ayrshire
4,56.563529034273394,-3.4405015171581512,1664975206,2952,1955,67,Male,Y,1313,"Perth (north and west: Burghmuir, Cherrybank, Hillyland, Inveralmond, Lethom, Muirton, North Muirton, Tulloch)","Perth and Kinross",PH1,Fife
4,55.623671114583885,-4.586166062369251,1664975235,2971,1966,56,Female,N,810,Knockentiber,"East Ayrshire",KA2,Ayrshire
4,55.1147067947363,-4.398355973789901,1664975318,2983,1970,52,Male,Y,227,Wigtown,"Dumfries and Galloway",DG8,"Dumfries and Galloway"
4,55.897691775737684,-4.361939241222868,1664975357,2614,1960,62,Male,N,640,"Whiteinch, Glasgow",Glasgow,"Glasgow Northwest",Glasgow
4,55.57580471729108,-4.448956012013473,1664975363,2957,1958,64,Female,N,779,"Kilmarnock (centre and south: Bonnyton, Grange, Bellfield, Shortlees, Caprington, Riccarton, Hurlford)","East Ayrshire",KA1,Ayrshire
4,55.77228869266394,-4.154374186576456,1664975495,2995,1977,45,Male,Y,530,"East Kilbride (north: The Village, East Mains, West Mains, Lymekilns, St Leonards, Calderwood, Nerston, Stewartfield, Peel Park)","South Lanarkshire",G74,Glasgow
4,55.89347079716974,-3.5123745532164947,1664975547,2997,1988,34,Male,Y,375,Livingston,"West Lothian",EH54,"Lothian (Edinburgh)"
4,55.85862830229195,-4.367178304215299,1664975558,2988,1995,27,Other,N,678,"Cardonald, Glasgow",Glasgow,"Glasgow Southwest",Glasgow
4,55.716490880656494,-4.154844946624264,1664975730,2994,1979,43,Male,N,534,"East Kilbride (south: Hairmyres, Westwood, The Murray, Murray East, Whitehills, Greenhill, Newlandsmuir, Gardenhall, Crosshouse, Newlands, Lindsayfield, Mossneuk)","South Lanarkshire",G75,Glasgow
4,55.65003359865561,-4.544502067151896,1664975884,3009,1970,52,Female,Y,837,"Kilmarnock (north: Onthank, Townholm, Altonhill, Longpark, Beansburn, New Farm Loch, Knockinlaw, Hillhead, Crookedholm)","East Ayrshire",KA3,Ayrshire
4,57.16568573474166,-2.084614366862512,1664975943,2839,1959,63,Male,Y,97,"Mastrick, Aberdeen",Aberdeen,"Aberdeen Central","North East (Aberdeen)"
4,55.94911591469952,-2.4107242137328515,1664976096,3022,1973,49,Male,Y,359,Dunbar,"East Lothian",EH42,"Lothian (Edinburgh)"
4,55.833928015766254,-4.01586818280391,1664976109,3016,1988,34,Male,Y,1189,Coatbridge,"North Lanarkshire",ML5,Glasgow
4,55.88600642344605,-3.6404416154870542,1664976259,3014,1983,39,Male,Y,368,Bathgate,"West Lothian",EH48,"Lothian (Edinburgh)"
4,55.8407070778167,-4.497106269547234,1664976281,3024,1965,57,Male,Y,1276,Johnstone,Renfrewshire,PA5,Glasgow
4,55.94765112623879,-3.275905487785815,1664976365,3029,1965,57,Female,Y,295,"Ravelston, Edinburgh",Edinburgh,"Edinburgh North","Lothian (Edinburgh)"
4,55.406706439933664,-3.8274094223200827,1664976392,3020,2001,21,Female,Y,214,Sanquhar,"Dumfries and Galloway",DG4,"Dumfries and Galloway"
4,55.94358986671247,-4.2187175323645425,1664976457,3030,1971,51,Male,N,502,Bishopbriggs,"East Dunbartonshire",G64,Glasgow
4,55.94040947065977,-4.719311510635888,1664976494,3033,1969,53,Male,N,1230,"Greenock (central and east: Bogston, Bridgend, Cartsdyke, Gibshill, Greenock Central, Ladyburn, Upper Ingleston)",Inverclyde,PA15,Glasgow
4,56.07157630375132,-3.366808651887585,1664976751,3032,1989,33,Male,Y,1090,"Dunfermline (south and east: Halbeath, Touch, Duloch, Masterton, Pitcorthie, Abbeyview, Brucefield, Hospital Hill, Camdean, Pitreavie)",Fife,KY11,Fife
4,56.01864407181467,-3.3947862285663097,1664977053,1362,1986,36,Male,Y,1090,"Dunfermline (south and east: Halbeath, Touch, Duloch, Masterton, Pitcorthie, Abbeyview, Brucefield, Hospital Hill, Camdean, Pitreavie)",Fife,KY11,Fife
4,56.09167451401525,-3.3561943339210556,1664977131,3064,2000,22,Female,Y,1121,Cowdenbeath,Fife,KY4,Fife
4,56.000164351238084,-4.205808300815708,1664977276,3077,1984,38,Female,N,507,Kirkintilloch,"East Dunbartonshire",G66,Glasgow
4,56.957946882517064,-2.3115135676405263,1664977307,3050,1965,57,Male,Y,48,Stonehaven,Aberdeenshire,AB39,"North East (Aberdeen)"
4,55.71508705213661,-4.184898183429616,1664977367,3070,1994,28,Other,Y,534,"East Kilbride (south: Hairmyres, Westwood, The Murray, Murray East, Whitehills, Greenhill, Newlandsmuir, Gardenhall, Crosshouse, Newlands, Lindsayfield, Mossneuk)","South Lanarkshire",G75,Glasgow
4,56.176571592700746,-3.4940241246324617,1664977605,2954,1973,49,Male,Y,1097,Kinnesswood,"Perth and Kinross",KY13,Fife
4,55.914860268950726,-3.9156600897102556,1664977803,3091,1966,56,Female,Y,1192,Airdrie,"North Lanarkshire",ML6,Glasgow
4,58.42500548591651,-3.3105214946042882,1664977828,3054,1968,54,Female,N,899,Wick,Highland,KW1,"Highlands (Inverness)"
4,56.48056879770942,-2.9896704707421837,1664977941,3073,1990,32,Female,N,232,"Craigiebank, Dundee",Dundee,"Dundee Bluebelt","Tayside and Angus (Dundee)"
4,55.535725377244155,-4.088192396303856,1664978188,3102,1978,44,Female,Y,802,"New Cumnock","East Ayrshire",KA18,Ayrshire
4,55.987567736935546,-4.204224569611552,1664978389,3109,1968,54,Female,N,508,Lennoxtown,"East Dunbartonshire",G66,Glasgow
4,55.76951817887526,-3.8780539900424635,1664978440,3110,1986,36,Female,Y,1180,Wishaw,"North Lanarkshire",ML2,Glasgow
4,55.87642604456991,-4.2564270347705495,1664978512,3118,2004,18,Female,Y,586,"Kelvinside, Glasgow",Glasgow,"Glasgow Kelvin",Glasgow
4,55.7934019493631,-4.280666886503857,1664978573,3087,1981,41,Male,Y,658,"Giffnock, Glasgow",Glasgow,"Glasgow South",Glasgow
4,56.213949960124175,-3.182271627563083,1664978644,3114,1996,26,Male,Y,1133,"Glenrothes (centre and east: Pitteuchar, Finglassie, Stenton, Auchmuty, Pitcoudie, Balfarg, Pircairn, Collydean)",Fife,KY7,Fife
4,55.90310643649723,-3.2452959776761654,1664978736,3127,1990,32,Male,Y,305,"Oxgangs, Edinburgh",Edinburgh,"Edinburgh Oxgangs","Lothian (Edinburgh)"
4,55.009035191351494,-3.346681305885183,1664978747,3123,1978,44,Male,Y,197,Annan,"Dumfries and Galloway",DG12,"Dumfries and Galloway"
4,57.697592377861326,-2.0640402509428175,1664978792,3103,1965,57,Male,N,57,Fraserburgh,Aberdeenshire,AB43,"North East (Aberdeen)"
4,55.783216218417536,-4.309592504702698,1664978969,3129,2002,20,Male,Y,648,"Shawlands, Glasgow",Glasgow,"Glasgow South",Glasgow
4,56.00292046538994,-2.8504708540862516,1664978996,3137,1989,33,Male,Y,348,Prestonpans,"East Lothian",EH32,"Lothian (Edinburgh)"
4,55.83664459303012,-4.0059374176318565,1664979288,3150,1993,29,Male,Y,1186,Bellshill,"North Lanarkshire",ML4,Glasgow
4,55.552237790134654,-4.565954120502745,1664979347,3145,1958,64,Female,N,779,"Kilmarnock (centre and south: Bonnyton, Grange, Bellfield, Shortlees, Caprington, Riccarton, Hurlford)","East Ayrshire",KA1,Ayrshire
4,57.677535564312755,-3.4934101297780833,1664979386,3131,1945,77,Male,Y,737,Elgin,Moray,IV30,"North East (Aberdeen)"
4,57.198311407551756,-2.873183894319264,1664979484,3155,1971,51,Female,N,29,Alford,Aberdeenshire,AB33,"North East (Aberdeen)"
4,57.42272845217132,-3.156198090356891,1664979615,3157,1982,40,Female,Y,88,Keith, Moray,AB55,"North East (Aberdeen)"
4,57.596231591145916,-3.4124688002855184,1664979689,3138,1997,25,Male,Y,737,Elgin,Moray,IV30,"North East (Aberdeen)"
4,55.83226906808893,-4.0245636935832305,1664979734,3153,1994,28,Male,Y,1186,Bellshill,"North Lanarkshire",ML4,Glasgow
4,55.834909183246644,-4.499193691256655,1664979734,3164,1965,57,Female,Y,1276,Johnstone,Renfrewshire,PA5,Glasgow
4,55.91781357563855,-3.227250352849905,1664979810,3107,1967,55,Male,Y,308,"Liberton, Edinburgh",Edinburgh,"Edinburgh South","Lothian (Edinburgh)"
4,55.91866017461093,-3.1097994071518005,1664979814,3163,1997,25,Female,N,334,Dalkeith,Midlothian,EH22,"Lothian (Edinburgh)"
4,55.434751971852236,-4.635886429703015,1664979900,3170,1976,46,Female,Y,856,"Ayr (Centre)","South Ayrshire",KA7,Ayrshire
4,55.98258591485856,-4.59745841151107,1664979939,3106,1977,45,Male,N,557,Alexandria,"West Dunbartonshire",G83,"Argyll and Bute"
4,57.40060673536947,-1.8903134001337207,1664980474,2869,1990,32,Other,Y,54,Peterhead,Aberdeenshire,AB42,"North East (Aberdeen)"
4,56.15512984810605,-4.490514596502522,1664980632,3167,1990,32,Male,N,473,"Stirling (centre and west: Kings Park, Raploch, Riverside)",Stirlingshire,FK8,"Stirling and Falkirk"
4,54.880688315992906,-4.975977443379658,1664980753,3191,1989,33,Female,Y,231,Stranraer,"Dumfries and Galloway",DG9,"Dumfries and Galloway"
4,55.89192787820624,-3.2937305244274904,1664980825,3190,1980,42,Female,Y,308,"Liberton, Edinburgh",Edinburgh,"Edinburgh South","Lothian (Edinburgh)"
4,55.864678810910384,-4.275459816982837,1664980953,3201,2001,21,Other,Y,591,"Hillhead, Glasgow",Glasgow,"Glasgow Kelvin",Glasgow
4,54.95182374830983,-5.116676051226947,1664980990,3206,1979,43,Female,Y,231,Stranraer,"Dumfries and Galloway",DG9,"Dumfries and Galloway"
4,55.90393590377802,-4.574681486176754,1664981187,3207,1963,59,Female,Y,1229,"Port Glasgow",Inverclyde,PA14,Glasgow
4,57.152638258408565,-2.100519555123577,1664981226,3218,1996,26,Male,Y,101,"Sheddocksley, Aberdeen",Aberdeen,"Aberdeen Central","North East (Aberdeen)"
4,55.92555301072075,-4.651020701130447,1664981382,3207,1963,59,Female,Y,1229,"Port Glasgow",Inverclyde,PA14,Glasgow
4,57.573327715969945,-3.4490724770265584,1664981610,3225,1995,27,Female,Y,737,Elgin,Moray,IV30,"North East (Aberdeen)"
4,55.7241525885758,-4.052252520809264,1664981635,3236,1994,28,Female,Y,1183,Hamilton,"South Lanarkshire",ML3,Glasgow
4,56.1640570479065,-3.3538324073664776,1664981907,3252,1964,58,Female,N,1121,Cowdenbeath,Fife,KY4,Fife
4,56.09801994158798,-3.1924261942709045,1664981942,3249,1974,48,Female,N,1117,"Kirkcaldy (west: Hayfield, Templehall, Newliston, Chapel, Dunnikier, Bennochy)",Fife,KY2,Fife
4,56.027653707730224,-3.357616295585042,1664982123,3243,1984,38,Male,N,1089,"Dalgety Bay",Fife,KY11,Fife
4,55.632359551278114,-4.614550911557467,1664982244,3261,1978,44,Female,N,785,"Irvine (east, south: Perceton, Lawthorn, Girdle Toll, Stanecastle, Bourtreehill, Broomlands, Dreghorn, Springside)","North Ayrshire",KA11,Ayrshire
4,55.87590069623562,-4.260096274083683,1664982501,3266,1964,58,Female,Y,588,"Broomhill, Glasgow",Glasgow,"Glasgow Kelvin",Glasgow
4,56.03708701130684,-4.770956948465943,1664982656,3277,1989,33,Female,Y,566,Helensburgh,"Argyll and Bute",G84,"Argyll and Bute"
4,55.82997094843511,-4.010023258919729,1664982718,3278,1987,35,Female,Y,1186,Bellshill,"North Lanarkshire",ML4,Glasgow
4,55.63974466285104,-4.351604146870809,1664982860,3287,1978,44,Male,N,795,Newmilns,"East Ayrshire",KA16,Ayrshire
4,55.89905575472542,-3.8819045702154136,1664982878,3280,2005,17,Female,School,1192,Airdrie,"North Lanarkshire",ML6,Glasgow
4,55.354494839155976,-3.109149468986013,1664982884,3284,1983,39,Male,Y,1493,Hawick,"Scottish Borders",TD9,Borders
4,55.75083671965532,-4.111280679819437,1664983013,3289,1995,27,Female,Y,1183,Hamilton,"South Lanarkshire",ML3,Glasgow
4,60.229653215840216,-1.318366456648492,1664983151,3293,1980,42,Female,Y,1555,Hamnavoe,"Shetland Isles",ZE2,"Shetland Islands"
4,56.38927963131655,-3.6795581445253833,1664983258,3285,1993,29,Female,Y,1313,"Perth (north and west: Burghmuir, Cherrybank, Hillyland, Inveralmond, Lethom, Muirton, North Muirton, Tulloch)","Perth and Kinross",PH1,Fife
4,56.148061184253166,-3.2768767291083356,1664983350,3291,1989,33,Male,Y,1126,Cardenden,Fife,KY5,Fife
4,57.638864474020984,-2.8935759511041486,1664983388,3301,1988,34,Female,N,90,Buckie,Moray,AB56,"North East (Aberdeen)"
4,55.932104499930354,-3.435582673109972,1664983597,3314,1998,24,Female,Y,372,Winchburgh,"West Lothian",EH52,"Lothian (Edinburgh)"
4,56.081580434278145,-5.04485462001602,1664983676,3283,1985,37,Female,Y,1241,Dunoon,"Argyll and Bute",PA23,"Argyll and Bute"
4,59.12414829831058,-3.3098621056168085,1664983875,3025,1996,26,Male,Y,1025,"Orkney Islands",Orkney,KW17,"Orkney Islands"
4,55.26466322792996,-4.745391566345569,1664983973,3325,1963,59,Female,Y,824,Girvan,"South Ayrshire",KA26,Ayrshire
4,55.831263907425736,-3.989690652874579,1664984902,3364,1958,64,Female,N,1151,Motherwell,"North Lanarkshire",ML1,Glasgow
4,55.92163653095814,-4.013389608027869,1664985156,3382,1982,40,Female,Y,514,"Cumbernauld (south: Condorrat, Lenziemill, Carbrain, Kildrum, Cumbernauld Village, Abronhill, Seafar)","North Lanarkshire",G67,Glasgow
4,55.63649441993081,-4.698385444548718,1664985196,3327,1961,61,Male,Y,787,"Irvine (centre: Castlepark, Tarryholme)","North Ayrshire",KA12,Ayrshire
4,55.95907770554532,-3.260007289578468,1664985206,3096,1988,34,Male,Y,287,"Corstorphine, Edinburgh",Edinburgh,"Edinburgh North","Lothian (Edinburgh)"
4,56.50245440231411,-2.796863583558364,1664985367,3385,1996,26,Male,Y,249,Monifieth,Angus,"Dundee East","Tayside and Angus (Dundee)"
4,55.811833009322285,-3.9730144651501997,1664985463,3377,1987,35,Female,Y,1147,Carfin,"North Lanarkshire",ML1,Glasgow
4,55.80965458730955,-4.477083192106313,1664985544,3368,1962,60,Male,N,1236,"Paisley (south: Blackhall, Castlehead, Dykebar, Foxbar, Hunterhill, Meikleriggs)",Renfrewshire,PA2,Glasgow
4,56.47788444073595,-3.0284317375770167,1664985828,3404,1959,63,Male,Y,243,"Hilltown, Dundee",Dundee,"Dundee Central","Tayside and Angus (Dundee)"
4,55.8807833416663,-4.440110486952035,1664985838,3396,1990,32,Male,Y,1264,Renfrew,Renfrewshire,PA4,Glasgow
4,55.80780419511229,-3.708669503743912,1664986063,3419,1971,51,Female,Y,366,Whitburn,"West Lothian",EH47,"Lothian (Edinburgh)"
4,57.671942827481914,-3.153089744631901,1664986100,3409,1999,23,Female,Y,737,Elgin,Moray,IV30,"North East (Aberdeen)"
4,56.7898035268206,-3.5021536872236507,1664986224,3406,1987,35,Male,N,1318,Blairgowrie,"Perth and Kinross",PH10,Fife
4,55.92311864615288,-3.891994032657167,1664986330,3331,1966,56,Male,Y,1192,Airdrie,"North Lanarkshire",ML6,Glasgow
4,55.7901304697984,-4.287174505471741,1664986337,3427,1990,32,Male,Y,646,"Burnside, Glasgow",Glasgow,"Glasgow South",Glasgow
4,55.57685042429388,-4.599553657862835,1664986531,3422,1977,45,Male,Y,809,Dundonald,"South Ayrshire",KA2,Ayrshire
4,55.75756467014401,-4.493519629266165,1664986689,3442,1967,55,Male,Y,540,Barrhead,"East Renfrewshire",G78,Glasgow
4,55.968723984557265,-3.2009476383322024,1664986752,1828,1958,64,Male,Y,297,"Blackhall, Edinburgh",Edinburgh,"Edinburgh North","Lothian (Edinburgh)"
4,55.889414421938696,-4.745508105155505,1664986787,3433,1980,42,Female,Y,1231,"Greenock (west: Bow Farm, Braeside, Branchton, Fort Matilda, Gateside, Greenock West, Overton, Pennyfern, Smithston)",Inverclyde,PA16,Glasgow
4,55.9137932184354,-3.031222689420816,1664987105,3462,1995,27,Female,Y,334,Dalkeith,Midlothian,EH22,"Lothian (Edinburgh)"
4,55.92835793754314,-3.167907211702025,1664987451,3459,1977,45,Male,N,323,"Moredun, Edinburgh",Edinburgh,"Edinburgh Southeast","Lothian (Edinburgh)"
4,56.29736322527385,-2.941495302609333,1664987785,3471,1975,47,Female,N,1105,Cupar,Fife,KY15,Fife
4,55.799508353064944,-4.033843259562194,1664988185,3489,2001,21,Female,Y,525,Uddingston,"South Lanarkshire",G71,Glasgow
4,55.59793381956833,-4.19828027446125,1664988314,3328,1982,40,Female,Y,796,Darvel,"East Ayrshire",KA17,Ayrshire
4,55.892188258505826,-4.281840070122029,1664988407,3485,1976,46,Male,Y,628,"Balornock, Glasgow",Glasgow,"Glasgow Northeast",Glasgow
4,55.74791377131843,-4.197157077441331,1664988479,3490,1968,54,Female,Y,534,"East Kilbride (south: Hairmyres, Westwood, The Murray, Murray East, Whitehills, Greenhill, Newlandsmuir, Gardenhall, Crosshouse, Newlands, Lindsayfield, Mossneuk)","South Lanarkshire",G75,Glasgow
4,56.03950848807641,-3.84864479929784,1664988575,3491,1989,33,Male,Y,450,Stenhousemuir,Falkirk,FK5,"Stirling and Falkirk"
4,56.008678987946006,-3.5954374331999777,1664988805,3501,1962,60,Other,Y,370,Bo'ness,Falkirk,EH51,"Lothian (Edinburgh)"
4,56.49686609128767,-2.9568802699012555,1664988945,3504,1967,55,Female,Y,256,"Whitfield, Dundee",Dundee,"Dundee North","Tayside and Angus (Dundee)"
4,55.575995958150095,-2.882322284374094,1664988964,3519,1971,51,Female,Y,1413,Galashiels,"Scottish Borders",TD1,Borders
4,55.84916376836834,-3.0978884438465273,1664989007,3508,1956,66,Female,Y,328,Bonnyrigg,Midlothian,EH19,"Lothian (Edinburgh)"
4,56.33484793634837,-5.090210961489543,1664989024,3496,1958,64,Male,N,1255,Inveraray,"Argyll and Bute",PA32,"Argyll and Bute"
4,57.55436572374738,-2.0298347236721668,1664989229,3517,1995,27,Male,Y,54,Peterhead,Aberdeenshire,AB42,"North East (Aberdeen)"
4,55.777420848838595,-4.135998117296779,1664989343,3526,1993,29,Female,Y,530,"East Kilbride (north: The Village, East Mains, West Mains, Lymekilns, St Leonards, Calderwood, Nerston, Stewartfield, Peel Park)","South Lanarkshire",G74,Glasgow
4,56.55699369167256,-3.326882411358384,1664989590,3523,1998,24,Female,Y,1324,"Coupar Angus","Perth and Kinross",PH13,Fife
4,56.12027291706206,-3.2378598741186417,1664989608,3407,1993,29,Female,Y,1117,"Kirkcaldy (west: Hayfield, Templehall, Newliston, Chapel, Dunnikier, Bennochy)",Fife,KY2,Fife
4,55.64865038795718,-4.795875810039664,1664989647,3533,1977,45,Female,N,812,Saltcoats,"East Ayrshire",KA21,Ayrshire
4,55.92001663879993,-4.307249537203288,1664989651,3529,1983,39,Male,Y,488,Bearsden,"East Dunbartonshire",G61,Glasgow
4,57.279275644888756,-2.075937738181871,1664989677,3499,1973,49,Male,N,112,"Dyce, Aberdeen",Aberdeen,"Aberdeen North","North East (Aberdeen)"
4,60.1710024818371,-1.1654645636758727,1664989686,3545,1982,40,Male,Y,1500,Lerwick,"Shetland Isles",ZE1,"Shetland Islands"
4,56.467202298306205,-3.0422655132413414,1664989757,3516,1982,40,Male,Y,242,"St Marys, Dundee",Dundee,"Dundee Central","Tayside and Angus (Dundee)"
4,55.90731123911926,-3.55876704813598,1664989824,3538,1993,29,Female,Y,375,Livingston,"West Lothian",EH54,"Lothian (Edinburgh)"
4,55.82364279048563,-3.9549986870098444,1664989835,3543,1961,61,Other,Y,1151,Motherwell,"North Lanarkshire",ML1,Glasgow
4,55.78350771581486,-3.862657352830396,1664989989,3542,1982,40,Female,Y,1180,Wishaw,"North Lanarkshire",ML2,Glasgow
4,55.700826486391456,-4.610851525448324,1664990305,3212,1999,23,Male,Y,788,Kilwinning,"North Ayrshire",KA13,Ayrshire
4,56.49333624085047,-3.511811024972849,1664990549,3552,1975,47,Male,Y,1313,"Perth (north and west: Burghmuir, Cherrybank, Hillyland, Inveralmond, Lethom, Muirton, North Muirton, Tulloch)","Perth and Kinross",PH1,Fife
4,55.818494548593215,-3.8965091324092054,1664990565,3539,1984,38,Female,Y,1148,Cleland,"North Lanarkshire",ML1,Glasgow
4,56.21112423488858,-3.1027424532034686,1664990611,3563,1971,51,Female,Y,1133,"Glenrothes (centre and east: Pitteuchar, Finglassie, Stenton, Auchmuty, Pitcoudie, Balfarg, Pircairn, Collydean)",Fife,KY7,Fife
4,57.11838924335695,-2.1287690535651858,1664990765,3476,1986,36,Male,Y,127,"Torry, Aberdeen",Aberdeen,"Aberdeen Southeast","North East (Aberdeen)"
4,57.15095761697781,-2.094606709420001,1664990803,3555,1984,38,Male,N,98,"Northfield, Aberdeen",Aberdeen,"Aberdeen Central","North East (Aberdeen)"
4,56.47803255795076,-2.8446044538544353,1664990811,3556,1989,33,Female,Y,246,"West Ferry, Dundee",Dundee,"Dundee East","Tayside and Angus (Dundee)"
4,55.943295872225,-3.846326016140999,1664990866,3574,1992,30,Female,Y,377,"Falkirk (centre and south: Arnothill, Bantaskin, Callendar Park, Glen Village, Hallglen, Lionthorn, Tamfourhill, Woodlands)",Falkirk,FK1,"Stirling and Falkirk"
4,56.02368948304175,-3.813379652323834,1664991026,3568,1972,50,Female,N,449,Larbert,Falkirk,FK5,"Stirling and Falkirk"
4,55.8962958138798,-3.1971007278251293,1664991035,3562,1996,26,Female,Y,322,"Gilmerton, Edinburgh",Edinburgh,"Edinburgh Southeast","Lothian (Edinburgh)"
4,55.99547212816586,-3.9719434465094716,1664991079,3578,1992,30,Female,Y,441,Bonnybridge,Falkirk,FK4,"Stirling and Falkirk"
4,56.16970171779288,-3.128492578177309,1664991269,3564,1952,70,Female,Y,1079,"Kirkcaldy (east: Linktown, Port Brae, Pathhead, Sinclairtown, Smeaton, Gallatown)",Fife,KY1,Fife
4,57.19615875131502,-2.27614626107612,1664991363,3584,1985,37,Female,Y,113,"Bridge of Don, Aberdeen",Aberdeen,"Aberdeen North","North East (Aberdeen)"
4,55.76286871497747,-4.2063405378221415,1664991499,3594,1996,26,Female,Y,534,"East Kilbride (south: Hairmyres, Westwood, The Murray, Murray East, Whitehills, Greenhill, Newlandsmuir, Gardenhall, Crosshouse, Newlands, Lindsayfield, Mossneuk)","South Lanarkshire",G75,Glasgow
4,55.85990541380391,-4.1507607467649095,1664991612,3588,1983,39,Female,Y,634,"Maryhill, Glasgow",Glasgow,"Glasgow Northeast",Glasgow
4,55.86146799077097,-4.263795346688251,1664991717,3188,1970,52,Male,N,578,"Townhead, Glasgow",Glasgow,"Glasgow City Centre",Glasgow
4,55.85408286049877,-4.190421337520495,1664991723,3591,1962,60,Female,N,632,"Springburn, Glasgow",Glasgow,"Glasgow Northeast",Glasgow
4,56.47920163234539,-2.9497932283132613,1664991833,3606,1981,41,Female,Y,251,"Kirkton, Dundee",Dundee,"Dundee North","Tayside and Angus (Dundee)"
4,55.834743227870774,-4.206287070875306,1664992130,3616,1961,61,Female,N,605,"Ruchazie, Glasgow",Glasgow,"Glasgow Northeast",Glasgow
4,56.23031949056569,-3.0967615461034246,1664992208,3595,1985,37,Female,Y,1133,"Glenrothes (centre and east: Pitteuchar, Finglassie, Stenton, Auchmuty, Pitcoudie, Balfarg, Pircairn, Collydean)",Fife,KY7,Fife
4,55.67811862517693,-4.754846934539345,1664992519,3475,1964,58,Male,N,812,Saltcoats,"East Ayrshire",KA21,Ayrshire
4,55.963156486973624,-3.3179960447500365,1664992608,3599,1966,56,Female,Y,304,"Cramond, Edinburgh",Edinburgh,"Edinburgh Northwest","Lothian (Edinburgh)"
4,55.34749282639183,-4.584160269015648,1664992639,3636,1995,27,Female,Y,806,Maybole,"South Ayrshire",KA19,Ayrshire
4,59.041376620053754,-3.3106400348043743,1664992674,3641,1960,62,Male,N,982,Stromness,Orkney,KW16,"Orkney Islands"
4,55.94863778001642,-4.997933841165938,1664992685,3645,1976,46,Female,Y,1241,Dunoon,"Argyll and Bute",PA23,"Argyll and Bute"
4,55.89369680297294,-3.772004620732525,1664992805,3632,1971,51,Male,Y,368,Bathgate,"West Lothian",EH48,"Lothian (Edinburgh)"
4,55.95334599907249,-3.1708223851927926,1664992883,3585,1982,40,Male,Y,267,"Sighthill, Edinburgh",Edinburgh,"Edinburgh Central","Lothian (Edinburgh)"
4,56.88414531023061,-2.269088811355781,1664992916,3634,1968,54,Male,Y,140,Montrose,Angus,DD10,"Tayside and Angus (Dundee)"
4,55.31415991161294,-4.072777082463767,1664992922,3644,1969,53,Male,N,214,Sanquhar,"Dumfries and Galloway",DG4,"Dumfries and Galloway"
4,57.15259738805069,-4.353563804863392,1664993020,3647,1998,24,Female,Y,713,Culloden,Highland,IV2,"Highlands (Inverness)"
4,56.11555763099855,-3.1636063001605335,1664993076,3561,1974,48,Female,Y,1079,"Kirkcaldy (east: Linktown, Port Brae, Pathhead, Sinclairtown, Smeaton, Gallatown)",Fife,KY1,Fife
4,57.62730209875968,-3.0223698544927506,1664993078,3605,1999,23,Female,Y,90,Buckie,Moray,AB56,"North East (Aberdeen)"
4,55.95365650789374,-4.799358358059974,1664993317,3639,1974,48,Male,Y,1235,Gourock,Inverclyde,PA19,Glasgow
4,55.47221984166173,-4.590556991506486,1664993353,3659,1995,27,Other,Y,868,"Newton on Ayr","South Ayrshire",KA8,Ayrshire
4,55.804637474091194,-4.008002506000651,1664993385,3652,1995,27,Male,Y,1153,Newarthill,"North Lanarkshire",ML1,Glasgow
4,56.47986749383723,-2.882719385078958,1664993386,2358,1965,57,Female,N,250,"Downfield, Dundee",Dundee,"Dundee North","Tayside and Angus (Dundee)"
4,55.83637266981842,-3.992806538746555,1664993387,3654,1994,28,Female,Y,1150,Holytown,"North Lanarkshire",ML1,Glasgow
4,55.920991898809284,-3.583766470625937,1664993528,3629,1995,27,Male,Y,368,Bathgate,"West Lothian",EH48,"Lothian (Edinburgh)"
4,55.476394792004065,-4.511482965173694,1664993548,3667,1993,29,Female,Y,851,Coylton,"South Ayrshire",KA6,Ayrshire
4,55.90034897385276,-4.212991625428363,1664993631,3631,1977,45,Male,Y,623,"Shettleston, Glasgow",Glasgow,"Glasgow Northeast",Glasgow
4,55.75928648966649,-3.1237004249332756,1664993943,3677,1974,48,Female,Y,338,Gorebridge,Midlothian,EH23,"Lothian (Edinburgh)"
4,57.16219298921025,-2.1549693652070885,1664994394,3690,1971,51,Male,Y,100,"Cornhill, Aberdeen",Aberdeen,"Aberdeen Central","North East (Aberdeen)"
4,55.87691480428293,-3.3486722392825103,1664994420,3686,1969,53,Male,Y,320,"Newington, Edinburgh",Edinburgh,"Edinburgh South","Lothian (Edinburgh)"
4,55.830027269342104,-4.451892580949238,1664994466,3671,1997,25,Female,Y,1236,"Paisley (south: Blackhall, Castlehead, Dykebar, Foxbar, Hunterhill, Meikleriggs)",Renfrewshire,PA2,Glasgow
4,54.96855646725478,-4.455885089460768,1664994495,3702,1964,58,Female,Y,225,"Newton Stewart","Dumfries and Galloway",DG8,"Dumfries and Galloway"
4,55.943964509467904,-3.0893091712564873,1664994537,2673,1956,66,Male,N,281,"Portobello, Edinburgh",Edinburgh,"Edinburgh Duddingston","Lothian (Edinburgh)"
4,55.77696348258314,-4.052288247726922,1664994622,3696,1961,61,Male,Y,1183,Hamilton,"South Lanarkshire",ML3,Glasgow
4,55.322476050162734,-4.8137335728160435,1664994650,3698,1966,56,Female,Y,824,Girvan,"South Ayrshire",KA26,Ayrshire
4,55.807675394863246,-4.503189283349603,1664994686,3671,1997,25,Female,Y,1236,"Paisley (south: Blackhall, Castlehead, Dykebar, Foxbar, Hunterhill, Meikleriggs)",Renfrewshire,PA2,Glasgow
4,56.30411830737291,-4.548251481989344,1664994823,3738,1983,39,Female,N,473,"Stirling (centre and west: Kings Park, Raploch, Riverside)",Stirlingshire,FK8,"Stirling and Falkirk"
4,55.54777463614326,-4.476007078350009,1664994942,3710,1996,26,Female,Y,779,"Kilmarnock (centre and south: Bonnyton, Grange, Bellfield, Shortlees, Caprington, Riccarton, Hurlford)","East Ayrshire",KA1,Ayrshire
4,55.38719169516471,-4.011029134047332,1664994961,3716,1973,49,Female,N,214,Sanquhar,"Dumfries and Galloway",DG4,"Dumfries and Galloway"
4,55.769247629551295,-4.155973661092055,1664994966,3712,1968,54,Female,Y,530,"East Kilbride (north: The Village, East Mains, West Mains, Lymekilns, St Leonards, Calderwood, Nerston, Stewartfield, Peel Park)","South Lanarkshire",G74,Glasgow
4,55.66104814217467,-4.764032498994305,1664995261,3715,1998,24,Female,Y,812,Saltcoats,"East Ayrshire",KA21,Ayrshire
4,55.947405592218324,-3.1899429969444744,1664995292,3736,1997,25,Female,Y,269,"Gorgie, Edinburgh",Edinburgh,"Edinburgh Central","Lothian (Edinburgh)"
4,55.97680963291971,-3.7730578267218995,1664995362,3745,1977,45,Female,Y,377,"Falkirk (centre and south: Arnothill, Bantaskin, Callendar Park, Glen Village, Hallglen, Lionthorn, Tamfourhill, Woodlands)",Falkirk,FK1,"Stirling and Falkirk"
4,56.477778279890174,-3.037442102350846,1664995396,3719,1992,30,Male,Y,236,"Lochee, Dundee",Dundee,"Dundee Central","Tayside and Angus (Dundee)"
4,60.78993331774176,-0.8471877102571468,1664995503,3583,1968,54,Female,Y,1555,Hamnavoe,"Shetland Isles",ZE2,"Shetland Islands"
4,55.970440692464386,-3.6615034849248214,1664995547,3743,1976,46,Female,Y,369,Linlithgow,"West Lothian",EH49,"Lothian (Edinburgh)"
4,57.65872549950065,-3.3380873394024486,1664995935,3763,1981,41,Female,Y,737,Elgin,Moray,IV30,"North East (Aberdeen)"
4,55.834892799905894,-4.188526940057463,1664996104,3723,1981,41,Female,Y,528,Blantyre,"South Lanarkshire",G72,Glasgow
4,56.25794053321695,-2.948003610813522,1664996106,3772,1979,43,Female,Y,1142,Methil,Fife,KY8,Fife
4,55.85520655396635,-4.2692258522388045,1664996159,3759,1956,66,Female,Y,672,"Govan, Glasgow",Glasgow,"Glasgow Southwest",Glasgow
4,55.976100912285474,-3.5324010535060806,1664996239,3755,1978,44,Female,Y,369,Linlithgow,"West Lothian",EH49,"Lothian (Edinburgh)"
4,55.775688161073084,-3.9116670301779317,1664996287,3788,1976,46,Other,Y,1180,Wishaw,"North Lanarkshire",ML2,Glasgow
4,55.62401609224846,-4.709736088972017,1664996470,3791,1998,24,Female,Y,811,Stevenston,"North Ayrshire",KA20,Ayrshire
4,56.71783021880979,-2.5685003332518788,1664996518,3787,1960,62,Male,Y,140,Montrose,Angus,DD10,"Tayside and Angus (Dundee)"
4,56.54603623133705,-2.661922507282244,1664996550,3726,1993,29,Female,N,141,Arbroath,Angus,DD11,"Tayside and Angus (Dundee)"
4,55.97117349460962,-3.595970106710091,1664996572,825,1980,42,Female,Y,369,Linlithgow,"West Lothian",EH49,"Lothian (Edinburgh)"
4,57.11316691104139,-2.4015799835744014,1664996708,3790,1994,28,Male,Y,28,Westhill,Aberdeenshire,AB32,"North East (Aberdeen)"
4,57.14992915009937,-2.176543114639446,1664996761,3756,1967,55,Male,N,98,"Northfield, Aberdeen",Aberdeen,"Aberdeen Central","North East (Aberdeen)"
4,58.431465921935356,-3.4515940621885206,1664996992,3797,1970,52,Female,Y,897,Watten,Highland,KW1,"Highlands (Inverness)"
4,56.17055427726634,-3.1598533769479915,1664997291,3823,1974,48,Female,Y,1079,"Kirkcaldy (east: Linktown, Port Brae, Pathhead, Sinclairtown, Smeaton, Gallatown)",Fife,KY1,Fife
4,55.935401393732526,-4.230443322821095,1664997430,3828,1970,52,Male,N,502,Bishopbriggs,"East Dunbartonshire",G64,Glasgow
4,55.86226644219233,-4.049511504775084,1664997555,3803,1983,39,Male,Y,1189,Coatbridge,"North Lanarkshire",ML5,Glasgow
4,55.9160810513624,-4.267581135937757,1664997699,3575,1966,56,Male,Y,481,"Lambhill, Glasgow",Glasgow,G23,Glasgow
4,55.81909038783218,-4.351807180158567,1664997711,3833,1968,54,Male,Y,665,"Pollockshaws, Glasgow",Glasgow,"Glasgow Southwest",Glasgow
4,55.077597893389296,-3.5499784110559234,1664997747,3836,1974,48,Female,Y,186,"Dumfries (centre and east: Dalscone, Georgetown, Heathhall, Kingholm Quay, Noblehill, The Crichton)","Dumfries and Galloway",DG1,"Dumfries and Galloway"
4,56.09238071680655,-4.796376448081905,1664997749,3081,1996,26,Other,Y,566,Helensburgh,"Argyll and Bute",G84,"Argyll and Bute"
4,55.865427962321746,-3.5168218220207814,1664997754,3829,1979,43,Male,N,375,Livingston,"West Lothian",EH54,"Lothian (Edinburgh)"
4,57.6906991961439,-3.311015892204157,1664997771,3832,1993,29,Female,Y,738,Lossiemouth,Moray,IV31,"North East (Aberdeen)"
4,55.88024221135948,-4.3324704204718385,1664997942,3864,1967,55,Female,Y,638,"Drumchapel, Glasgow",Glasgow,"Glasgow Northwest",Glasgow
4,56.46089666524682,-3.5758218166889764,1664997945,3841,1987,35,Female,Y,1313,"Perth (north and west: Burghmuir, Cherrybank, Hillyland, Inveralmond, Lethom, Muirton, North Muirton, Tulloch)","Perth and Kinross",PH1,Fife
4,55.89834660146064,-3.490343205783588,1664997953,3838,1998,24,Female,Y,375,Livingston,"West Lothian",EH54,"Lothian (Edinburgh)"
4,56.8512747491616,-2.5325049362604473,1664997982,3868,1999,23,Male,Y,18,Laurencekirk,Aberdeenshire,AB30,"North East (Aberdeen)"
4,55.95771442051444,-3.2496539068846833,1664998248,3847,1960,62,Female,N,279,"Clermiston and Drumbrae, Edinburgh",Edinburgh,"Edinburgh Clermiston Granton","Lothian (Edinburgh)"
4,55.75719202849772,-4.067975483503706,1664998482,3892,1988,34,Male,Y,1183,Hamilton,"South Lanarkshire",ML3,Glasgow
4,56.01292880868132,-2.852211220585949,1664998562,3887,1993,29,Female,N,346,"Cockenzie and Port Seton","East Lothian",EH32,"Lothian (Edinburgh)"
4,56.00160635511291,-3.914868871381089,1664998925,3870,1960,62,Male,N,444,Dennyloanhead, Falkirk,FK4,"Stirling and Falkirk"
4,55.91849627793779,-4.690172690060818,1664998989,3875,1993,29,Female,Y,1229,"Port Glasgow",Inverclyde,PA14,Glasgow
4,55.91107968887248,-3.9266243060118065,1664999056,3689,1982,40,Female,N,1192,Airdrie,"North Lanarkshire",ML6,Glasgow
4,55.901661342303,-3.5089586788255414,1664999066,3882,1966,56,Male,Y,375,Livingston,"West Lothian",EH54,"Lothian (Edinburgh)"
4,55.90013352924244,-4.243378824821745,1664999175,3856,1979,43,Female,Y,632,"Springburn, Glasgow",Glasgow,"Glasgow Northeast",Glasgow
4,60.15030422351824,-1.2027443268710385,1664999481,3911,1993,29,Female,Y,1500,Lerwick,"Shetland Isles",ZE1,"Shetland Islands"
4,56.14304280247302,-3.196630992013399,1664999543,3916,1965,57,Female,N,1117,"Kirkcaldy (west: Hayfield, Templehall, Newliston, Chapel, Dunnikier, Bennochy)",Fife,KY2,Fife
4,55.822346405847256,-4.277021339263852,1664999632,3885,1993,29,Male,Y,647,"Pollokshields, Glasgow",Glasgow,"Glasgow South",Glasgow
4,55.50189000902774,-2.8791019096478623,1664999743,3607,1991,31,Male,Y,1479,Selkirk,"Scottish Borders",TD7,Borders
4,57.19280308767628,-2.1549476729367663,1664999754,3923,1989,33,Female,Y,124,Newmachar,Aberdeenshire,"Aberdeen North","North East (Aberdeen)"
4,55.95731431874561,-2.8691682359590214,1665000075,3908,1953,69,Female,N,349,Tranent,"East Lothian",EH33,"Lothian (Edinburgh)"
4,56.21619841872587,-3.1482900284204534,1665000339,3862,1987,35,Female,N,1133,"Glenrothes (centre and east: Pitteuchar, Finglassie, Stenton, Auchmuty, Pitcoudie, Balfarg, Pircairn, Collydean)",Fife,KY7,Fife
4,55.42979374541605,-2.715443590993288,1665000748,3955,1964,58,Female,Y,1493,Hawick,"Scottish Borders",TD9,Borders
4,55.9542946582656,-3.918378334212566,1665001093,3969,1969,53,Female,Y,514,"Cumbernauld (south: Condorrat, Lenziemill, Carbrain, Kildrum, Cumbernauld Village, Abronhill, Seafar)","North Lanarkshire",G67,Glasgow
4,55.83490720039558,-3.9095195400518383,1665001122,3968,1981,41,Female,Y,1151,Motherwell,"North Lanarkshire",ML1,Glasgow
4,55.92165243311305,-4.25697076620715,1665001212,3962,1983,39,Female,Y,502,Bishopbriggs,"East Dunbartonshire",G64,Glasgow
4,55.58271851988609,-4.258162259542871,1665001216,2949,1981,41,Female,Y,796,Darvel,"East Ayrshire",KA17,Ayrshire
4,57.194937318038974,-2.2257264147428257,1665001218,3960,1977,45,Female,N,114,"Danestone, Aberdeen",Aberdeen,"Aberdeen North","North East (Aberdeen)"
4,55.8249877918011,-4.484016197707993,1665001277,3963,1977,45,Female,N,1276,Johnstone,Renfrewshire,PA5,Glasgow
4,56.49489451097629,-3.0237484307297517,1665001357,3958,1966,56,Male,N,236,"Lochee, Dundee",Dundee,"Dundee Central","Tayside and Angus (Dundee)"
4,55.24721397769214,-2.686617760696071,1665001378,3946,1966,56,Male,Y,1493,Hawick,"Scottish Borders",TD9,Borders
4,56.889583519883715,-3.591886409729619,1665001621,3987,1989,33,Female,N,1318,Blairgowrie,"Perth and Kinross",PH10,Fife
4,55.862241486178334,-4.41961541045227,1665001697,4000,1975,47,Male,Y,1249,"Paisley (north west: Ferguslie Park, Gallowhill, Gockston, Shortroods, )",Renfrewshire,PA3,Glasgow
4,55.58267060659619,-4.504621075727004,1665001726,3994,1971,51,Female,N,779,"Kilmarnock (centre and south: Bonnyton, Grange, Bellfield, Shortlees, Caprington, Riccarton, Hurlford)","East Ayrshire",KA1,Ayrshire
4,55.659444378522956,-4.749697646789965,1665001757,4019,1985,37,Female,Y,811,Stevenston,"North Ayrshire",KA20,Ayrshire
4,55.91030323472097,-4.200430168617033,1665001975,4003,1974,48,Female,Y,627,"Dennistoun, Glasgow",Glasgow,"Glasgow Northeast",Glasgow
4,55.93039722832735,-4.104641590341428,1665002106,4021,1995,27,Female,Y,508,Lennoxtown,"East Dunbartonshire",G66,Glasgow
4,56.48103678689298,-2.993770569424157,1665002139,4009,1991,31,Male,Y,233,"Fairmuir, Dundee",Dundee,"Dundee Bluebelt","Tayside and Angus (Dundee)"
4,55.80327266804468,-3.9463121197027657,1665002153,4008,1977,45,Female,Y,1151,Motherwell,"North Lanarkshire",ML1,Glasgow
4,55.42639819266341,-4.345961047117995,1665002223,4004,1977,45,Male,Y,798,Cumnock,"East Ayrshire",KA18,Ayrshire
4,56.03132707816496,-3.470506050868025,1665002282,3985,1987,35,Male,Y,1090,"Dunfermline (south and east: Halbeath, Touch, Duloch, Masterton, Pitcorthie, Abbeyview, Brucefield, Hospital Hill, Camdean, Pitreavie)",Fife,KY11,Fife
4,55.83387723451731,-3.649538681890426,1665002357,4016,1982,40,Female,Y,376,"West Calder","West Lothian",EH55,"Lothian (Edinburgh)"
4,55.83800850107129,-4.005900620288073,1665002519,4028,1984,38,Male,Y,1186,Bellshill,"North Lanarkshire",ML4,Glasgow
4,57.632756417205044,-3.0299408522133358,1665002670,3998,1997,25,Female,Y,91,Cullen,Moray,AB56,"North East (Aberdeen)"
4,55.93286946863074,-3.262360364193981,1665002735,4011,1970,52,Female,N,267,"Sighthill, Edinburgh",Edinburgh,"Edinburgh Central","Lothian (Edinburgh)"
4,56.20513201544986,-4.0234819800029005,1665002841,4018,1975,47,Female,Y,409,Doune,Stirlingshire,FK16,"Stirling and Falkirk"
4,55.56889475301588,-2.5980874225971085,1665002905,4030,1972,50,Female,N,1468,Melrose,"Scottish Borders",TD6,Borders
4,56.12383972043822,-3.172727159931729,1665003123,3926,1971,51,Female,Y,1117,"Kirkcaldy (west: Hayfield, Templehall, Newliston, Chapel, Dunnikier, Bennochy)",Fife,KY2,Fife
4,55.85792622333907,-4.335177244163614,1665003145,4049,1962,60,Female,Y,672,"Govan, Glasgow",Glasgow,"Glasgow Southwest",Glasgow
4,55.89915010713271,-4.472422061911441,1665003280,4077,1998,24,Female,Y,1306,Erskine,Renfrewshire,PA8,Glasgow
4,55.926923818931165,-3.2772098130465817,1665003361,4063,1969,53,Female,Y,263,"Longstone, Edinburgh",Edinburgh,"Edinburgh Central","Lothian (Edinburgh)"
4,55.90017797567338,-4.449390526506227,1665003487,4071,1999,23,Male,N,1306,Erskine,Renfrewshire,PA8,Glasgow
4,60.66104415732215,-1.0226455361049287,1665003617,4015,1989,33,Male,N,1552,Gulberwick,"Shetland Isles",ZE2,"Shetland Islands"
4,56.01565314374742,-3.677707744901252,1665003678,4067,1952,70,Female,Y,439,Grangemouth,Falkirk,FK3,"Stirling and Falkirk"
4,55.346628079213126,-3.9067239222548023,1665003710,3299,1964,58,Male,Y,212,Kirkconnel,"Dumfries and Galloway",DG4,"Dumfries and Galloway"
4,57.09065093708385,-2.2013808305363085,1665003928,4080,1978,44,Male,Y,7,Altens, Aberdeen,AB12,"North East (Aberdeen)"
4,55.65424068489245,-3.7163276662719036,1665004067,4078,1996,26,Female,Y,1167,Lanark,"South Lanarkshire",ML11,Glasgow
4,55.979247999636634,-3.2522637970120454,1665004150,4079,1973,49,Female,Y,278,"Granton, Edinburgh",Edinburgh,"Edinburgh Clermiston Granton","Lothian (Edinburgh)"
4,55.91208974213516,-4.427780319713508,1665004197,4084,1974,48,Female,N,546,Clydebank,"West Dunbartonshire",G81,Glasgow
4,57.1741107790374,-2.0848596043035017,1665004285,4069,1983,39,Male,N,98,"Northfield, Aberdeen",Aberdeen,"Aberdeen Central","North East (Aberdeen)"
4,57.664403640873346,-2.774803854376543,1665004286,4072,1996,26,Female,Y,90,Buckie,Moray,AB56,"North East (Aberdeen)"
4,55.40796010119836,-4.354736508637918,1665004360,4099,1977,45,Female,N,802,"New Cumnock","East Ayrshire",KA18,Ayrshire
4,56.24229241084598,-3.14174980039572,1665004458,4089,1985,37,Male,Y,1639,Auchtermuchty,Fife,KY15,Fife
4,55.93060345457492,-3.116174260253253,1665004772,4114,1999,23,Other,School,325,"Niddrie, Edinburgh",Edinburgh,"Edinburgh Southeast","Lothian (Edinburgh)"
4,55.92790867103006,-3.721407888019114,1665004781,4105,1972,50,Male,Y,368,Bathgate,"West Lothian",EH48,"Lothian (Edinburgh)"
4,60.17373257599066,-1.1646670874009775,1665004782,4102,1958,64,Female,N,1500,Lerwick,"Shetland Isles",ZE1,"Shetland Islands"
4,56.60353311490348,-2.8425541920312325,1665004856,4124,1971,51,Male,Y,179,Forfar,Angus,DD8,"Tayside and Angus (Dundee)"
4,55.89996290942154,-4.471703395733924,1665004962,4133,1998,24,Female,Y,1306,Erskine,Renfrewshire,PA8,Glasgow
4,57.50947609561565,-2.015495810169681,1665005101,4104,1967,55,Female,Y,53,Hatton,Aberdeenshire,AB42,"North East (Aberdeen)"
4,55.463674497181294,-4.180180072585301,1665005115,4057,1997,25,Male,Y,798,Cumnock,"East Ayrshire",KA18,Ayrshire
4,55.78509154495798,-4.443890514423545,1665005143,4134,1977,45,Female,Y,541,Neilston,"East Renfrewshire",G78,Glasgow
4,55.66608998015783,-4.830850762319159,1665005252,4142,1994,28,Female,Y,813,Ardrossan,"North Ayrshire",KA22,Ayrshire
4,55.75027415886473,-4.034564659050001,1665005342,4138,1970,52,Male,Y,1183,Hamilton,"South Lanarkshire",ML3,Glasgow
4,55.844441513949064,-3.99847376437506,1665005418,4139,1975,47,Female,Y,1189,Coatbridge,"North Lanarkshire",ML5,Glasgow
4,55.81957676880302,-4.3752032879881915,1665005600,4151,1982,40,Male,N,664,"Toryglen, Glasgow",Glasgow,"Glasgow Southwest",Glasgow
4,55.33826773591235,-5.796420801488078,1665005684,4141,1971,51,Female,Y,1246,Campbeltown,"Argyll and Bute",PA28,"Argyll and Bute"
4,55.83608265336617,-3.662825894265942,1665005889,4164,1974,48,Male,Y,366,Whitburn,"West Lothian",EH47,"Lothian (Edinburgh)"
4,55.32965788931423,-5.6958545425833185,1665006159,4106,1960,62,Female,N,1246,Campbeltown,"Argyll and Bute",PA28,"Argyll and Bute"
4,57.608966110260276,-2.1055729802597662,1665006260,4165,1992,30,Female,N,57,Fraserburgh,Aberdeenshire,AB43,"North East (Aberdeen)"
4,55.85067723196579,-4.2945166371305055,1665006290,4183,1957,65,Female,N,670,"Ibrox, Glasgow",Glasgow,"Glasgow Southwest",Glasgow
4,56.12586065641167,-3.3617702201065565,1665006343,4171,1978,44,Female,Y,1121,Cowdenbeath,Fife,KY4,Fife
4,56.12381699618876,-3.6545598915740674,1665006474,4180,1964,58,Female,N,391,Alloa,Clackmannanshire,FK10,"Stirling and Falkirk"
4,55.96160575039753,-3.9802671826477383,1665006502,4193,1969,53,Female,N,514,"Cumbernauld (south: Condorrat, Lenziemill, Carbrain, Kildrum, Cumbernauld Village, Abronhill, Seafar)","North Lanarkshire",G67,Glasgow
4,55.81444037767734,-4.255508287949362,1665006642,4191,1980,42,Female,N,651,"Cathcart, Glasgow",Glasgow,"Glasgow South",Glasgow
4,56.96433658019299,-5.495534565401839,1665006770,4195,1970,52,Female,Y,1392,Mallaig,Highland,PH41,"Highlands (Inverness)"
4,55.8648295137172,-3.645599358416245,1665006820,4192,1990,32,Female,Y,366,Whitburn,"West Lothian",EH47,"Lothian (Edinburgh)"
4,55.604962988671076,-3.849979956397082,1665007016,4206,1980,42,Female,Y,1167,Lanark,"South Lanarkshire",ML11,Glasgow
4,55.80278180169847,-2.428759272885326,1665007025,3370,1950,72,Male,Y,1423,Duns,"Scottish Borders",TD11,Borders
4,55.06168763700899,-3.578640908677867,1665007124,4215,1975,47,Male,Y,186,"Dumfries (centre and east: Dalscone, Georgetown, Heathhall, Kingholm Quay, Noblehill, The Crichton)","Dumfries and Galloway",DG1,"Dumfries and Galloway"
4,57.34163995180566,-2.7174850939405077,1665007179,4216,1974,48,Female,Y,70,Insch,Aberdeenshire,AB52,"North East (Aberdeen)"
4,59.25114703868885,-2.5608811550597004,1665007179,4246,1994,28,Female,Y,1025,"Orkney Islands",Orkney,KW17,"Orkney Islands"
4,55.68516447928128,-3.9763235111916364,1665007283,3894,1977,45,Female,Y,1217,Larkhall,"North Lanarkshire",ML9,Glasgow
4,55.752640077617684,-3.5264026098308423,1665007375,4233,1985,37,Male,Y,1167,Lanark,"South Lanarkshire",ML11,Glasgow
4,55.744493502380614,-4.802174825867977,1665007511,4202,1950,72,Female,N,815,Dalry,"North Ayrshire",KA24,Ayrshire
4,55.901464986711346,-4.7786403186670485,1665007616,4220,1998,24,Male,N,1231,"Greenock (west: Bow Farm, Braeside, Branchton, Fort Matilda, Gateside, Greenock West, Overton, Pennyfern, Smithston)",Inverclyde,PA16,Glasgow
4,55.91571579534028,-2.9636230968057435,1665007796,4231,1952,70,Female,Y,349,Tranent,"East Lothian",EH33,"Lothian (Edinburgh)"
4,57.331796279308655,-4.3904936533024905,1665007937,3388,1980,42,Male,Y,713,Culloden,Highland,IV2,"Highlands (Inverness)"
4,55.99648006978633,-2.8664380551552675,1665008133,4264,1970,52,Female,Y,346,"Cockenzie and Port Seton","East Lothian",EH32,"Lothian (Edinburgh)"
4,55.36219535460732,-4.244082568268121,1665008490,4265,1953,69,Male,N,802,"New Cumnock","East Ayrshire",KA18,Ayrshire
4,55.85657257443057,-4.23882036273658,1665008657,4272,1967,55,Female,Y,580,"Anderston, Glasgow",Glasgow,"Glasgow City Centre",Glasgow
4,55.87003986472594,-5.133653027465051,1665008856,4269,1995,27,Male,N,1237,"Isle of Bute","Argyll and Bute",PA20,"Argyll and Bute"
4,56.2041979820353,-4.788071296680803,1665009820,4302,1994,28,Female,Y,557,Alexandria,"West Dunbartonshire",G83,"Argyll and Bute"
4,57.665240477676804,-2.0546542355224204,1665009914,4313,1968,54,Female,Y,57,Fraserburgh,Aberdeenshire,AB43,"North East (Aberdeen)"
4,56.235103191619665,-3.225525758018496,1665010038,4304,1957,65,Female,N,1130,Leslie,Fife,KY6,Fife
4,55.92775986195918,-3.139395010529043,1665010098,4305,1999,23,Female,Y,322,"Gilmerton, Edinburgh",Edinburgh,"Edinburgh Southeast","Lothian (Edinburgh)"
4,55.29067650277181,-4.029760994708692,1665010392,4307,1984,38,Female,Y,210,Thornhill,"Dumfries and Galloway",DG3,"Dumfries and Galloway"
4,57.697911418855824,-3.3649785696849497,1665010929,4310,1995,27,Male,Y,737,Elgin,Moray,IV30,"North East (Aberdeen)"
4,56.00205042440226,-3.9405258967175203,1665010935,4332,1972,50,Female,Y,452,Denny,Falkirk,FK6,"Stirling and Falkirk"
4,55.83566593623576,-4.673152735762369,1665011084,4308,1980,42,Male,Y,1226,Lochwinnoch,Renfrewshire,PA12,Glasgow
4,55.969498033069165,-3.879753816447302,1665011227,4343,1992,30,Male,Y,441,Bonnybridge,Falkirk,FK4,"Stirling and Falkirk"
4,56.29134172301322,-3.9858799843612114,1665011229,4323,1970,52,Male,Y,405,Dunblane,Stirlingshire,FK15,"Stirling and Falkirk"
4,56.07503788037478,-3.8695698063807646,1665011533,4339,1974,48,Female,Y,464,"Stirling (south and east: Braehead, Borestone, Broomridge, Torbrex)",Stirlingshire,FK7,"Stirling and Falkirk"
4,56.10976112476537,-3.2004597289689474,1665013618,3249,1974,48,Female,N,1117,"Kirkcaldy (west: Hayfield, Templehall, Newliston, Chapel, Dunnikier, Bennochy)",Fife,KY2,Fife
4,58.97046491997128,-2.833876458264513,1665014333,4373,1994,28,Female,Y,1025,"Orkney Islands",Orkney,KW17,"Orkney Islands"
4,56.094390674038834,-3.1926204133894704,1665014820,4376,1975,47,Female,Y,1117,"Kirkcaldy (west: Hayfield, Templehall, Newliston, Chapel, Dunnikier, Bennochy)",Fife,KY2,Fife
4,56.04959727063291,-4.094273719592199,1665015383,2825,1967,55,Female,N,457,Bannockburn,Stirlingshire,FK7,"Stirling and Falkirk"
4,54.99845438600678,-5.0180080159284355,1665017419,4394,1977,45,Female,N,231,Stranraer,"Dumfries and Galloway",DG9,"Dumfries and Galloway"
4,55.89460014158405,-4.230767256037364,1665017606,4395,1979,43,Female,Y,632,"Springburn, Glasgow",Glasgow,"Glasgow Northeast",Glasgow
4,55.877750080821464,-3.5098956369948984,1665018435,4397,1993,29,Female,Y,375,Livingston,"West Lothian",EH54,"Lothian (Edinburgh)"
4,56.08460717413416,-4.296049430743501,1665019402,4399,1976,46,Female,Y,499,Killearn,Stirlingshire,G63,"Stirling and Falkirk"
4,55.97021957883346,-3.706924825253298,1665019828,4402,1993,29,Other,Y,422,"Falkirk (north: Grahamston, Middlefield, Westfield)",Falkirk,FK2,"Stirling and Falkirk"
4,55.93334359093044,-4.252057846411404,1665019978,4400,1957,65,Female,Y,502,Bishopbriggs,"East Dunbartonshire",G64,Glasgow
4,55.94819121996069,-3.1626699875388598,1665020716,4408,1987,35,Other,Y,281,"Portobello, Edinburgh",Edinburgh,"Edinburgh Duddingston","Lothian (Edinburgh)"
4,56.49248247719503,-2.7497606015586116,1665021018,4409,1983,39,Female,N,178,Carnoustie,Angus,DD7,"Tayside and Angus (Dundee)"
4,57.99464172193843,-5.05130179402904,1665029312,4424,1949,73,Male,Y,727,Ullapool,Highland,IV26,"Highlands (Inverness)"
4,55.95899389185883,-3.9692836494927204,1665029591,4425,1994,28,Female,N,514,"Cumbernauld (south: Condorrat, Lenziemill, Carbrain, Kildrum, Cumbernauld Village, Abronhill, Seafar)","North Lanarkshire",G67,Glasgow
4,56.058855116185505,-4.007070498154449,1665029723,4423,1965,57,Male,N,464,"Stirling (south and east: Braehead, Borestone, Broomridge, Torbrex)",Stirlingshire,FK7,"Stirling and Falkirk"
4,55.59848734313408,-4.6831252173663245,1665029785,4426,1990,32,Female,N,787,"Irvine (centre: Castlepark, Tarryholme)","North Ayrshire",KA12,Ayrshire
4,55.912257959828196,-4.865945490935959,1665030495,4428,1971,51,Female,N,1231,"Greenock (west: Bow Farm, Braeside, Branchton, Fort Matilda, Gateside, Greenock West, Overton, Pennyfern, Smithston)",Inverclyde,PA16,Glasgow
4,54.80524575834057,-5.045475193754348,1665034649,4443,1980,42,Male,Y,231,Stranraer,"Dumfries and Galloway",DG9,"Dumfries and Galloway"
4,56.22592747059757,-3.1095895253095613,1665034813,4438,1976,46,Female,Y,1136,Star,Fife,KY7,Fife
4,55.83573044800544,-4.206502842917475,1665035191,4445,1962,60,Male,Y,632,"Springburn, Glasgow",Glasgow,"Glasgow Northeast",Glasgow
4,55.98820702012278,-4.785463956527905,1665035899,4449,1965,57,Female,Y,566,Helensburgh,"Argyll and Bute",G84,"Argyll and Bute"
4,55.42806561871848,-4.701070870245422,1665036594,4453,1972,50,Male,Y,856,"Ayr (Centre)","South Ayrshire",KA7,Ayrshire
4,56.30239058048547,-3.4907074178115836,1665037042,2711,1997,25,Female,Y,1345,Glencarse,"Perth and Kinross",PH2,Fife
4,56.86213127684368,-2.313360773793455,1665037448,4464,1994,28,Female,Y,18,Laurencekirk,Aberdeenshire,AB30,"North East (Aberdeen)"
4,56.17424557178157,-3.158015863893909,1665037886,3750,1986,36,Female,Y,1133,"Glenrothes (centre and east: Pitteuchar, Finglassie, Stenton, Auchmuty, Pitcoudie, Balfarg, Pircairn, Collydean)",Fife,KY7,Fife
4,55.90487674028262,-4.473365375076264,1665038265,4470,1969,53,Male,N,1306,Erskine,Renfrewshire,PA8,Glasgow
4,56.489631581339665,-2.932351483114968,1665038665,3305,1985,37,Male,Y,254,"Douglas, Dundee",Dundee,"Dundee North","Tayside and Angus (Dundee)"
4,55.44640358685691,-2.4448821925647497,1665038839,4474,1996,26,Female,Y,1483,Ancrum,"Scottish Borders",TD8,Borders
4,56.79035544653524,-3.078119608077085,1665038870,4475,1971,51,Female,Y,179,Forfar,Angus,DD8,"Tayside and Angus (Dundee)"
4,55.839302808542215,-4.178134761102329,1665039432,4481,1960,62,Male,N,628,"Balornock, Glasgow",Glasgow,"Glasgow Northeast",Glasgow
4,55.849285887835926,-4.096942388454174,1665039450,4208,1977,45,Male,Y,634,"Maryhill, Glasgow",Glasgow,"Glasgow Northeast",Glasgow
4,56.03292877664464,-2.792604625711862,1665040083,4484,1982,40,Male,Y,355,"North Berwick","East Lothian",EH39,"Lothian (Edinburgh)"
4,55.941742227413116,-3.1128021602838296,1665040416,4488,1995,27,Other,Y,325,"Niddrie, Edinburgh",Edinburgh,"Edinburgh Southeast","Lothian (Edinburgh)"
4,56.47732603478468,-2.904984597981889,1665041510,4494,1948,74,Female,Y,254,"Douglas, Dundee",Dundee,"Dundee North","Tayside and Angus (Dundee)"
4,55.89830885699507,-4.348239959906063,1665041557,4500,1959,63,Male,N,641,"Knightswood, Glasgow",Glasgow,"Glasgow Northwest",Glasgow
4,56.45814771941903,-2.9833735240808936,1665042781,4509,1982,40,Male,Y,261,"Westend, Dundee",Dundee,"Dundee West","Tayside and Angus (Dundee)"
4,55.86512781569505,-3.965340500774768,1665043140,4515,1987,35,Male,Y,1192,Airdrie,"North Lanarkshire",ML6,Glasgow
4,55.60847966321717,-4.6564852624296,1665043355,4426,1990,32,Female,N,787,"Irvine (centre: Castlepark, Tarryholme)","North Ayrshire",KA12,Ayrshire
4,57.61101233754593,-4.148407387920229,1665043356,4521,1990,32,Male,Y,700,Fortrose,Highland,IV10,"Highlands (Inverness)"
4,57.639420720903615,-3.112633731685233,1665043383,4512,2001,21,Female,Y,739,Fochabers,Moray,IV32,"North East (Aberdeen)"
4,55.27653203235173,-3.5934757647246856,1665043687,4499,1961,61,Female,N,186,"Dumfries (centre and east: Dalscone, Georgetown, Heathhall, Kingholm Quay, Noblehill, The Crichton)","Dumfries and Galloway",DG1,"Dumfries and Galloway"
4,55.80547403858896,-4.269912072447015,1665043727,4510,1969,53,Female,Y,645,Clarkston,"East Renfrewshire","Glasgow South",Glasgow
4,55.85603612666466,-3.4133872527044264,1665044485,4519,1958,64,Male,Y,313,"Colinton, Edinburgh",Edinburgh,"Edinburgh South","Lothian (Edinburgh)"
4,55.847389197401874,-4.392259516173429,1665044627,4365,1980,42,Male,N,1220,"Paisley (central, east and north east: Ferguslie, Oldhall, Seedhill, Williamsburgh, Whitehaugh)",Renfrewshire,PA1,Glasgow
4,55.79358273390808,-4.478988197933483,1665045774,4541,1990,32,Female,N,540,Barrhead,"East Renfrewshire",G78,Glasgow
4,56.78709979537479,-2.4648450247696814,1665046127,4511,1998,24,Female,Y,137,Inverbervie,Aberdeenshire,DD10,"Tayside and Angus (Dundee)"
4,55.85666952705945,-4.311032013139676,1665046269,4545,1981,41,Female,Y,681,"Nitshill, Glasgow",Glasgow,"Glasgow Southwest",Glasgow
4,55.73916694889663,-4.743378132684364,1665046566,4542,1976,46,Female,Y,815,Dalry,"North Ayrshire",KA24,Ayrshire
4,55.72112711280552,-3.9295531071970964,1665047147,4559,1955,67,Male,N,1217,Larkhall,"North Lanarkshire",ML9,Glasgow
4,56.355851973465136,-3.0186838110870604,1665047164,4558,1978,44,Other,Y,1105,Cupar,Fife,KY15,Fife
4,55.679061193800045,-3.020453869192758,1665047225,4554,1987,35,Male,Y,361,Innerleithen,"Scottish Borders",EH44,Borders
4,57.24014031243745,-2.074974465643138,1665047575,4562,1971,51,Female,N,115,"Grandholm, Aberdeen",Aberdeen,"Aberdeen North","North East (Aberdeen)"
4,56.08373059507091,-3.3105397237231475,1665047747,4514,1995,27,Male,Y,1119,Burntisland,Fife,KY3,Fife
4,56.42573361712986,-2.903352098281597,1665047752,993,1952,70,Male,N,174,Gauldry,Fife,DD6,"Tayside and Angus (Dundee)"
4,57.08470630374963,-2.2669458937285745,1665049183,4546,1978,44,Male,Y,128,"Mannofield, Aberdeen",Aberdeen,"Aberdeen Southwest","North East (Aberdeen)"
4,57.04764666677851,-2.212264176163731,1665050019,4579,2003,19,Female,Y,48,Stonehaven,Aberdeenshire,AB39,"North East (Aberdeen)"
4,57.13318744796723,-2.0736992669343515,1665050526,4587,1993,29,Male,Y,126,"Bridge of Dee, Aberdeen",Aberdeen,"Aberdeen Southeast","North East (Aberdeen)"
4,55.818151899118405,-3.9572265376812767,1665051020,4583,1961,61,Female,N,1151,Motherwell,"North Lanarkshire",ML1,Glasgow
4,55.97239361871204,-4.014126996435135,1665051829,4603,1995,27,Female,Y,517,"Cumbernauld (north: Balloch, Eastfield, Carrickstone, Smithstone, Blackwood, Westfield)","North Lanarkshire",G68,Glasgow
4,55.902801053432185,-3.67867664110265,1665052580,4613,1990,32,Male,Y,367,Armadale,"West Lothian",EH48,"Lothian (Edinburgh)"
4,55.366821128615285,-4.458806010876067,1665052773,4617,1987,35,Male,N,852,Dalmellington,"East Ayrshire",KA6,Ayrshire
4,55.799020367173355,-4.621641646236384,1665053036,4618,1998,24,Female,N,1226,Lochwinnoch,Renfrewshire,PA12,Glasgow
4,55.81794148933763,-4.056802283482977,1665054174,4632,1960,62,Female,Y,1186,Bellshill,"North Lanarkshire",ML4,Glasgow
4,57.168003572676525,-4.4390677813325325,1665054245,4639,1987,35,Female,Y,714,"Inverness (east: Culcabock, Crown, Culduthel, Drummond, Haugh, Hilton, Holm, Lochardil, Millburn, Raigmore)",Highland,IV2,"Highlands (Inverness)"
4,56.453783073147655,-2.9993241573253004,1665054810,4652,1992,30,Male,Y,261,"Westend, Dundee",Dundee,"Dundee West","Tayside and Angus (Dundee)"
4,55.37112516203342,-4.182543498713698,1665055000,4650,1971,51,Other,Y,798,Cumnock,"East Ayrshire",KA18,Ayrshire
4,55.47704810586614,-4.3279202721867795,1665055934,4661,1979,43,Female,Y,798,Cumnock,"East Ayrshire",KA18,Ayrshire
4,55.86856931929705,-4.61079940734606,1665056453,4605,1996,26,Male,Y,1224,"Bridge of Weir",Renfrewshire,PA11,Glasgow
4,55.28172001142408,-2.8081917530293032,1665056455,4658,1970,52,Male,Y,1493,Hawick,"Scottish Borders",TD9,Borders
4,57.641619088239736,-2.33666625247496,1665056950,4664,1963,59,Male,N,59,Banff,Aberdeenshire,AB45,"North East (Aberdeen)"
4,56.11148458894932,-3.7088351364769596,1665057719,4354,1985,37,Male,N,389,Tullibody,Clackmannanshire,FK10,"Stirling and Falkirk"
4,55.97647858483239,-3.174845161970143,1665057975,4468,1958,64,Male,Y,285,"Leith, Edinburgh",Edinburgh,"Edinburgh Leith","Lothian (Edinburgh)"
4,55.33981076927754,-4.343003389346036,1665057995,4677,1979,43,Male,Y,851,Coylton,"South Ayrshire",KA6,Ayrshire
4,57.301784936202935,-2.090065969684107,1665063087,4640,1988,34,Male,Y,49,Ellon,Aberdeenshire,AB41,"North East (Aberdeen)"
4,58.49015422473987,-4.298263054192812,1665063091,4706,1963,59,Female,Y,961,Thurso,Highland,KW14,"Highlands (Inverness)"
4,55.816681734247524,-4.377105041217687,1665063446,4628,1991,31,Male,Y,678,"Cardonald, Glasgow",Glasgow,"Glasgow Southwest",Glasgow
4,55.7175200170544,-4.19597296922172,1665065276,4710,1979,43,Female,Y,534,"East Kilbride (south: Hairmyres, Westwood, The Murray, Murray East, Whitehills, Greenhill, Newlandsmuir, Gardenhall, Crosshouse, Newlands, Lindsayfield, Mossneuk)","South Lanarkshire",G75,Glasgow
4,56.05202566742439,-3.4123452154385503,1665066847,4719,1986,36,Female,Y,1090,"Dunfermline (south and east: Halbeath, Touch, Duloch, Masterton, Pitcorthie, Abbeyview, Brucefield, Hospital Hill, Camdean, Pitreavie)",Fife,KY11,Fife
4,55.742443282766544,-4.047104625753419,1665067936,4722,1945,77,Male,Y,1183,Hamilton,"South Lanarkshire",ML3,Glasgow
4,58.384116902276254,-3.728707164457774,1665068319,4703,1992,30,Male,Y,913,Halkirk,Highland,KW12,"Highlands (Inverness)"
4,56.10326373071157,-3.6562218275967355,1665070097,4731,1998,24,Female,Y,389,Tullibody,Clackmannanshire,FK10,"Stirling and Falkirk"
4,58.331087636049766,-3.5945535593190723,1665070516,4703,1992,30,Male,Y,913,Halkirk,Highland,KW12,"Highlands (Inverness)"
4,55.8363206574176,-4.102481535820337,1665070836,4732,1990,32,Female,Y,526,Viewpark,"North Lanarkshire",G71,Glasgow
4,57.136863221836826,-2.0801762307986014,1665072227,4743,1950,72,Male,N,126,"Bridge of Dee, Aberdeen",Aberdeen,"Aberdeen Southeast","North East (Aberdeen)"
4,55.79872347647545,-4.076310479586902,1665073279,4750,2000,22,Female,Y,525,Uddingston,"South Lanarkshire",G71,Glasgow
4,55.91893419061287,-2.612778907919713,1665073721,4686,1979,43,Female,Y,359,Dunbar,"East Lothian",EH42,"Lothian (Edinburgh)"
4,56.48185201348964,-3.0030752601932087,1665073934,4753,1987,35,Female,Y,238,"Menzieshill, Dundee",Dundee,"Dundee Central","Tayside and Angus (Dundee)"
4,56.12482860364519,-3.236603690202725,1665074094,4376,1975,47,Female,Y,1117,"Kirkcaldy (west: Hayfield, Templehall, Newliston, Chapel, Dunnikier, Bennochy)",Fife,KY2,Fife
4,55.84207877308241,-4.084751777258977,1665074343,4756,1993,29,Female,Y,526,Viewpark,"North Lanarkshire",G71,Glasgow
4,55.88945975194535,-4.221446073443148,1665078946,4772,1976,46,Female,N,625,"Parkhead, Glasgow",Glasgow,"Glasgow Northeast",Glasgow
4,56.85500666484626,-3.1690798614404354,1665079262,4768,1994,28,Female,Y,179,Forfar,Angus,DD8,"Tayside and Angus (Dundee)"
4,57.67012993540743,-2.176914296166615,1665080647,4782,1995,27,Female,Y,57,Fraserburgh,Aberdeenshire,AB43,"North East (Aberdeen)"
4,56.476961618940855,-2.9784475353358704,1665081147,4790,1975,47,Female,Y,232,"Craigiebank, Dundee",Dundee,"Dundee Bluebelt","Tayside and Angus (Dundee)"
4,55.84845812637548,-4.2089081981549175,1665081159,4781,1977,45,Female,Y,612,"Easterhouse, Glasgow",Glasgow,"Glasgow Northeast",Glasgow
4,55.9182549051933,-4.671703788911013,1665081376,4791,1982,40,Male,N,1229,"Port Glasgow",Inverclyde,PA14,Glasgow
4,55.508848972146815,-2.7919767539715696,1665081673,4797,1981,41,Female,Y,1470,"St Boswells","Scottish Borders",TD6,Borders
4,55.56146143676196,-5.53681227491908,1665081789,4796,2002,20,Male,N,1246,Campbeltown,"Argyll and Bute",PA28,"Argyll and Bute"
4,55.7709420683516,-4.73874059606635,1665082162,3821,1973,49,Male,Y,817,Kilbirnie,"North Ayrshire",KA25,Ayrshire
4,55.10818631592122,-3.1541827873765027,1665082728,4803,1992,30,Male,Y,196,Lockerbie,"Dumfries and Galloway",DG11,"Dumfries and Galloway"
4,55.89095534530797,-4.054608276566771,1665083229,4819,1960,62,Female,Y,1189,Coatbridge,"North Lanarkshire",ML5,Glasgow
4,57.46402854605107,-2.4730732485661076,1665083416,4811,1988,34,Male,Y,78,Turriff,Aberdeenshire,AB53,"North East (Aberdeen)"
4,55.468932206694056,-4.623590021405437,1665083676,4815,1977,45,Other,Y,865,Dalmilling,"South Ayrshire",KA8,Ayrshire
4,57.54017230368292,-3.6189802167685317,1665084459,4862,1985,37,Male,Y,740,Forres,Moray,IV36,"North East (Aberdeen)"
4,55.84132119596423,-4.293054593571856,1665084695,4861,1999,23,Female,Y,659,"Deaconsbank, Glasgow",Glasgow,"Glasgow South",Glasgow
4,57.57401825298748,-4.223428737873834,1665084850,3886,1981,41,Female,Y,778,Avoch,Highland,IV9,"Highlands (Inverness)"
4,55.775777210904735,-4.197675899854701,1665085030,1888,1969,53,Female,Y,530,"East Kilbride (north: The Village, East Mains, West Mains, Lymekilns, St Leonards, Calderwood, Nerston, Stewartfield, Peel Park)","South Lanarkshire",G74,Glasgow
4,56.17417366666225,-3.8450307388334135,1665085372,4870,1972,50,Female,Y,392,Menstrie,Clackmannanshire,FK11,"Stirling and Falkirk"
4,56.46006417074141,-3.2525276254244577,1665085682,4887,1990,32,Female,Y,1326,Inchture,"Perth and Kinross",PH14,Fife
4,58.67126898778222,-3.115969921673642,1665085774,4893,1964,58,Male,Y,897,Watten,Highland,KW1,"Highlands (Inverness)"
4,55.76052858228484,-4.169115921641379,1665085852,4896,1995,27,Female,N,530,"East Kilbride (north: The Village, East Mains, West Mains, Lymekilns, St Leonards, Calderwood, Nerston, Stewartfield, Peel Park)","South Lanarkshire",G74,Glasgow
4,55.68842304706384,-3.208695392857041,1665085939,4866,1985,37,Female,Y,362,Peebles,"Scottish Borders",EH45,Borders
4,55.74929748731286,-3.9360367021383778,1665086006,4888,1985,37,Male,N,1177,Newmains,"North Lanarkshire",ML2,Glasgow
4,56.45293272783528,-3.025787104802092,1665086309,4892,1991,31,Female,Y,261,"Westend, Dundee",Dundee,"Dundee West","Tayside and Angus (Dundee)"
4,57.68444419259179,-3.366519877711923,1665086654,4907,1967,55,Female,N,737,Elgin,Moray,IV30,"North East (Aberdeen)"
4,55.70161220749311,-4.183492309439914,1665087715,4911,1990,32,Female,Y,534,"East Kilbride (south: Hairmyres, Westwood, The Murray, Murray East, Whitehills, Greenhill, Newlandsmuir, Gardenhall, Crosshouse, Newlands, Lindsayfield, Mossneuk)","South Lanarkshire",G75,Glasgow
4,55.959892099902184,-3.2068540349252603,1665087724,4920,1969,53,Male,Y,290,"North Leith, Edinburgh",Edinburgh,"Edinburgh North","Lothian (Edinburgh)"
4,56.12867589254976,-3.57876026210716,1665088040,4927,1961,61,Male,Y,1096,"Dunfermline (centre, north, west: Abbey Parks, Lady's Mill, Garvock, Headwell, Kingseathill, Wellwood, Milesmark, Baldridge, Pittencrieff, Baldridgeburn)",Fife,KY12,Fife
4,55.85346006142709,-3.998109743499213,1665088104,4925,2004,18,Male,N,1189,Coatbridge,"North Lanarkshire",ML5,Glasgow
4,55.8676802053922,-3.9504130632368812,1665088148,4936,1969,53,Female,Y,1192,Airdrie,"North Lanarkshire",ML6,Glasgow
4,55.7884944304439,-4.138498267234678,1665088449,4935,1979,43,Female,Y,529,Cambuslang,"South Lanarkshire",G72,Glasgow
4,58.21226934844208,-6.356841334507935,1665088655,4940,1991,31,Female,Y,686,"Stornoway, Isle of Lewis","Western Isles",HS1,"Western Isles"
4,55.81098819673057,-4.103900867922976,1665088847,4950,1985,37,Female,Y,528,Blantyre,"South Lanarkshire",G72,Glasgow
4,55.47049877128032,-4.642821682299823,1665089001,4874,1997,25,Male,N,868,"Newton on Ayr","South Ayrshire",KA8,Ayrshire
4,55.455323617925394,-2.237766319926212,1665089244,4964,1981,41,Female,N,1451,Kelso,"Scottish Borders",TD5,Borders
4,56.00161935749164,-3.6418274189181563,1665089946,4966,1967,55,Male,Y,370,Bo'ness,Falkirk,EH51,"Lothian (Edinburgh)"
4,56.16314997719299,-3.230050670669311,1665090096,4972,1973,49,Female,Y,1125,Ballingry,Fife,KY5,Fife
4,58.22005361383867,-6.454756574333025,1665090337,4982,1990,32,Female,Y,688,"Isle of Lewis","Western Isles (outside of Stornoway)",HS2,"Western Isles"
4,55.94673779028404,-3.2231590183256884,1665090337,4986,1988,34,Female,Y,287,"Corstorphine, Edinburgh",Edinburgh,"Edinburgh North","Lothian (Edinburgh)"
4,56.31297990429068,-4.345122346010258,1665091043,4985,1987,35,Male,Y,414,Strathyre,Stirlingshire,FK18,"Stirling and Falkirk"
4,57.144017917080184,-3.130255730090288,1665091891,4341,1986,36,Other,Y,40,Strathdon,Aberdeenshire,AB36,"North East (Aberdeen)"
4,55.850579034699315,-3.0078299981350085,1665091941,5003,1995,27,Male,N,338,Gorebridge,Midlothian,EH23,"Lothian (Edinburgh)"
4,57.058220214562695,-2.4943971392099087,1665092455,5010,1997,25,Female,Y,22,Banchory,Aberdeenshire,AB31,"North East (Aberdeen)"
4,55.824764567922124,-3.8667403966711045,1665093057,5019,1985,37,Female,Y,1151,Motherwell,"North Lanarkshire",ML1,Glasgow
4,57.393024697233294,-3.8568296006647764,1665093195,4635,1976,46,Male,Y,702,Auldearn,Highland,IV12,"Highlands (Inverness)"
4,56.275709087531034,-2.630016188478115,1665093548,5020,1970,52,Male,Y,1083,Crail,Fife,KY10,Fife
4,56.171850708874125,-3.285522138320492,1665093557,5029,1975,47,Female,Y,1125,Ballingry,Fife,KY5,Fife
4,55.92390014092344,-4.676289282176439,1665093711,5027,1991,31,Female,Y,1229,"Port Glasgow",Inverclyde,PA14,Glasgow
4,55.41581143847793,-4.723045459936282,1665094198,4478,1962,60,Female,Y,856,"Ayr (Centre)","South Ayrshire",KA7,Ayrshire
4,55.345255406617056,-4.809658036752109,1665094738,5037,1984,38,Female,Y,806,Maybole,"South Ayrshire",KA19,Ayrshire
4,56.1238561834448,-3.1848062397026107,1665094790,5023,1996,26,Female,Y,1117,"Kirkcaldy (west: Hayfield, Templehall, Newliston, Chapel, Dunnikier, Bennochy)",Fife,KY2,Fife
4,55.957807311987295,-4.449569234456075,1665095709,5016,1970,52,Female,N,543,Duntocher,"West Dunbartonshire",G81,Glasgow
4,56.85016616316385,-2.433145114225354,1665096116,5049,1986,36,Female,Y,18,Laurencekirk,Aberdeenshire,AB30,"North East (Aberdeen)"
4,55.943177666234185,-3.108377965035612,1665096404,5050,1994,28,Female,Y,322,"Gilmerton, Edinburgh",Edinburgh,"Edinburgh Southeast","Lothian (Edinburgh)"
4,56.22880987773487,-4.727847962111756,1665097448,5052,1986,36,Male,N,558,Balloch,"West Dunbartonshire",G83,"Argyll and Bute"
4,55.485163233567214,-4.289173847417018,1665097457,5061,1958,64,Male,Y,802,"New Cumnock","East Ayrshire",KA18,Ayrshire
4,57.656745007960936,-2.00402718758314,1665098515,5079,1960,62,Female,N,57,Fraserburgh,Aberdeenshire,AB43,"North East (Aberdeen)"
4,55.446840591727636,-4.172318969113831,1665099121,5085,1982,40,Male,Y,798,Cumnock,"East Ayrshire",KA18,Ayrshire
4,55.785209135618615,-3.8146469233396365,1665101803,5088,1966,56,Male,Y,1180,Wishaw,"North Lanarkshire",ML2,Glasgow
4,56.521685620660136,-2.774915110674917,1665103683,5087,1968,54,Female,N,178,Carnoustie,Angus,DD7,"Tayside and Angus (Dundee)"
4,54.984770810459786,-3.516944686243212,1665111349,5092,1976,46,Female,N,186,"Dumfries (centre and east: Dalscone, Georgetown, Heathhall, Kingholm Quay, Noblehill, The Crichton)","Dumfries and Galloway",DG1,"Dumfries and Galloway"
4,57.08258558473617,-2.1532962517473915,1665122553,5105,1976,46,Female,Y,5,"Cove Bay",Aberdeenshire,AB12,"North East (Aberdeen)"
4,56.50259253988931,-2.7941798696536964,1665124931,5113,1977,45,Male,Y,247,"Broughty Ferry, Dundee",Dundee,"Dundee East","Tayside and Angus (Dundee)"
4,58.96859155971535,-2.866569028056784,1665125194,5111,1962,60,Female,Y,1025,"Orkney Islands",Orkney,KW17,"Orkney Islands"
4,57.165207658737216,-2.1812516435607106,1665125653,5114,1986,36,Other,Y,97,"Mastrick, Aberdeen",Aberdeen,"Aberdeen Central","North East (Aberdeen)"
4,56.47076672159272,-3.0383511422972633,1665126044,5115,1961,61,Female,Y,240,"Ardler, Dundee",Dundee,"Dundee Central","Tayside and Angus (Dundee)"
4,55.716671972539196,-4.490448624904675,1665128411,5123,1987,35,Female,Y,837,"Kilmarnock (north: Onthank, Townholm, Altonhill, Longpark, Beansburn, New Farm Loch, Knockinlaw, Hillhead, Crookedholm)","East Ayrshire",KA3,Ayrshire
4,55.551138964903124,-4.263903226926665,1665129444,5134,2004,18,Male,N,846,Mauchline,"East Ayrshire",KA5,Ayrshire
4,55.560003555764105,-4.639783147531399,1665129544,5133,2000,22,Male,N,784,Troon,"South Ayrshire",KA10,Ayrshire
4,55.470814099283935,-4.5901931245836,1665129673,5131,1961,61,Male,Y,868,"Newton on Ayr","South Ayrshire",KA8,Ayrshire
4,55.32332443225801,-4.237492833812667,1665130022,5141,2004,18,Male,N,802,"New Cumnock","East Ayrshire",KA18,Ayrshire
4,55.73668446871577,-4.022874969833635,1665133918,5125,1954,68,Female,Y,1183,Hamilton,"South Lanarkshire",ML3,Glasgow
4,55.68236035962561,-4.42686988202566,1665135060,5159,1995,27,Male,Y,837,"Kilmarnock (north: Onthank, Townholm, Altonhill, Longpark, Beansburn, New Farm Loch, Knockinlaw, Hillhead, Crookedholm)","East Ayrshire",KA3,Ayrshire
4,55.957287403663386,-3.184170724437321,1665136472,5167,1955,67,Male,Y,288,"Murrayfield, Edinburgh",Edinburgh,"Edinburgh North","Lothian (Edinburgh)"
4,57.6938794452029,-3.2312032510891595,1665136943,5168,1966,56,Female,N,737,Elgin,Moray,IV30,"North East (Aberdeen)"
4,55.93671879502393,-3.253139229796882,1665137146,5172,1988,34,Other,Y,264,"Slateford, Edinburgh",Edinburgh,"Edinburgh Central","Lothian (Edinburgh)"
4,56.87700225573741,-2.553578294908163,1665137715,5181,1997,25,Female,Y,18,Laurencekirk,Aberdeenshire,AB30,"North East (Aberdeen)"
4,55.74037235730161,-3.572469146401422,1665137730,5175,1963,59,Female,N,1167,Lanark,"South Lanarkshire",ML11,Glasgow
4,55.806591386866025,-4.356847518040411,1665137778,5184,1958,64,Female,N,664,"Toryglen, Glasgow",Glasgow,"Glasgow Southwest",Glasgow
4,57.16726536335585,-2.07863726607059,1665137864,5188,2006,16,Male,School,100,"Cornhill, Aberdeen",Aberdeen,"Aberdeen Central","North East (Aberdeen)"
4,57.21971148467245,-2.1414591199721538,1665138069,5192,2006,16,Female,School,112,"Dyce, Aberdeen",Aberdeen,"Aberdeen North","North East (Aberdeen)"
4,57.14480537584676,-2.265059057246973,1665138101,5189,2006,16,Male,N,113,"Bridge of Don, Aberdeen",Aberdeen,"Aberdeen North","North East (Aberdeen)"
4,57.171099576951526,-2.123266709330013,1665138271,5191,2006,16,Female,School,103,"Woodside, Aberdeen",Aberdeen,"Aberdeen Central","North East (Aberdeen)"
4,57.17464408541745,-2.101108113922952,1665138286,5193,2006,16,Male,School,106,"Kittybrewster, Aberdeen",Aberdeen,"Aberdeen Central","North East (Aberdeen)"
4,55.89869128829142,-4.400523431898633,1665139108,5177,1969,53,Male,Y,546,Clydebank,"West Dunbartonshire",G81,Glasgow
4,57.31539701866293,-2.497702072062725,1665140261,5166,1986,36,Male,Y,64,Inverurie,Aberdeenshire,AB51,"North East (Aberdeen)"
4,56.90365220840504,-2.3294336213079543,1665140624,5215,1973,49,Male,N,18,Laurencekirk,Aberdeenshire,AB30,"North East (Aberdeen)"
4,56.16641349500423,-4.023399929389597,1665141283,5219,1989,33,Female,Y,405,Dunblane,Stirlingshire,FK15,"Stirling and Falkirk"
4,55.60337958107366,-4.6842064573951125,1665141788,4426,1990,32,Female,N,787,"Irvine (centre: Castlepark, Tarryholme)","North Ayrshire",KA12,Ayrshire
4,55.818631537337026,-4.468034489461042,1665142008,5148,1958,64,Male,Y,1236,"Paisley (south: Blackhall, Castlehead, Dykebar, Foxbar, Hunterhill, Meikleriggs)",Renfrewshire,PA2,Glasgow
4,57.24979422950069,-2.264775008898403,1665142514,5223,1970,52,Female,N,123,Kinellar,Aberdeenshire,"Aberdeen North","North East (Aberdeen)"
4,57.76601878554711,-4.217531436781372,1665143464,5222,1999,23,Female,Y,708,Invergordon,Highland,IV18,"Highlands (Inverness)"
4,57.66628105103075,-2.633520128210833,1665143584,5237,1998,24,Other,School,59,Banff,Aberdeenshire,AB45,"North East (Aberdeen)"
4,55.770741840203826,-4.187778550628589,1665145055,5038,1968,54,Male,Y,530,"East Kilbride (north: The Village, East Mains, West Mains, Lymekilns, St Leonards, Calderwood, Nerston, Stewartfield, Peel Park)","South Lanarkshire",G74,Glasgow
4,55.789542703029745,-4.698958933722101,1665145355,5242,1954,68,Female,Y,817,Kilbirnie,"North Ayrshire",KA25,Ayrshire
4,55.96319323612189,-3.1372647886418785,1665145945,5248,1992,30,Female,Y,285,"Leith, Edinburgh",Edinburgh,"Edinburgh Leith","Lothian (Edinburgh)"
4,56.2380527508222,-4.801488491065637,1665148629,5259,1998,24,Male,N,553,Arrochar,"Argyll and Bute",G83,"Argyll and Bute"
4,55.925558698687766,-4.68929168730893,1665148928,5262,1994,28,Female,Y,1229,"Port Glasgow",Inverclyde,PA14,Glasgow
4,55.43493570404018,-4.657590926413439,1665148953,5263,1968,54,Female,Y,856,"Ayr (Centre)","South Ayrshire",KA7,Ayrshire
4,55.886574765779315,-3.3582789262414483,1665150282,5264,1964,58,Female,N,310,"Balerno, Edinburgh",Edinburgh,"Edinburgh South","Lothian (Edinburgh)"
4,55.91018423947625,-4.168231146525763,1665150379,4633,1978,44,Male,Y,605,"Ruchazie, Glasgow",Glasgow,"Glasgow Northeast",Glasgow
4,55.87220407058099,-3.2590685679154774,1665150862,5266,1983,39,Female,Y,317,"Marchmont, Edinburgh",Edinburgh,"Edinburgh South","Lothian (Edinburgh)"
4,55.94011964031499,-3.224233295522422,1665152368,5267,1939,83,Female,N,269,"Gorgie, Edinburgh",Edinburgh,"Edinburgh Central","Lothian (Edinburgh)"
4,57.73143345700913,-4.063856183014546,1665152727,5222,1999,23,Female,Y,708,Invergordon,Highland,IV18,"Highlands (Inverness)"
4,55.79040425846138,-4.080412886657191,1665153219,5271,1997,25,Female,Y,528,Blantyre,"South Lanarkshire",G72,Glasgow
4,57.41721166753561,-4.669005777546166,1665156299,5281,1987,35,Female,Y,741,Beauly,Highland,IV4,"Highlands (Inverness)"
4,55.96556791672945,-4.01802136794278,1665156387,5283,2001,21,Female,Y,517,"Cumbernauld (north: Balloch, Eastfield, Carrickstone, Smithstone, Blackwood, Westfield)","North Lanarkshire",G68,Glasgow
4,55.814936291117256,-4.06732282216081,1665157173,5292,1991,31,Male,Y,523,Bothwell,"South Lanarkshire",G71,Glasgow
4,55.68629271036029,-4.217775050093374,1665157309,5236,1984,38,Male,Y,1160,Strathaven,"North Lanarkshire",ML10,Glasgow
4,57.155629788718365,-2.1074863288531738,1665158565,5294,1958,64,Female,Y,105,"Seaton, Aberdeen",Aberdeen,"Aberdeen Central","North East (Aberdeen)"
4,56.025217330382624,-3.687042688855683,1665159044,5210,1962,60,Female,N,439,Grangemouth,Falkirk,FK3,"Stirling and Falkirk"
4,55.5433154069643,-4.622379373969272,1665159732,5303,1961,61,Female,N,782,Loans,"South Ayrshire",KA10,Ayrshire
4,55.87431648342111,-3.688968315885976,1665160201,5295,2006,16,Other,School,368,Bathgate,"West Lothian",EH48,"Lothian (Edinburgh)"
4,55.75739189178472,-4.257274110061624,1665165309,5320,1972,50,Female,Y,530,"East Kilbride (north: The Village, East Mains, West Mains, Lymekilns, St Leonards, Calderwood, Nerston, Stewartfield, Peel Park)","South Lanarkshire",G74,Glasgow
4,55.89749010561406,-4.327510949139425,1665170780,5336,1989,33,Male,Y,597,"Yorkhill, Glasgow",Glasgow,"Glasgow Kelvin",Glasgow
4,55.9883699096678,-4.0049605152366645,1665172364,5329,1980,42,Female,Y,506,Kilsyth,"North Lanarkshire",G65,Glasgow
4,56.48232688342648,-2.8919075172432707,1665175236,5355,1992,30,Male,N,252,"Linlathen and Midcraigie, Dundee",Dundee,"Dundee North","Tayside and Angus (Dundee)"
4,57.607874188013,-2.819615659940105,1665177254,5361,1981,41,Male,Y,91,Cullen,Moray,AB56,"North East (Aberdeen)"
4,57.23165216178241,-2.132194179590295,1665177272,4757,1993,29,Female,Y,113,"Bridge of Don, Aberdeen",Aberdeen,"Aberdeen North","North East (Aberdeen)"
4,55.2672139905039,-3.6779686389195465,1665179761,5369,1957,65,Female,Y,210,Thornhill,"Dumfries and Galloway",DG3,"Dumfries and Galloway"
4,55.946974914776824,-4.325356212183847,1665180285,5372,1976,46,Male,Y,489,Milngavie,"East Dunbartonshire",G62,Glasgow
4,55.980065713879156,-3.1985691164494483,1665182342,5378,1984,38,Male,N,287,"Corstorphine, Edinburgh",Edinburgh,"Edinburgh North","Lothian (Edinburgh)"
4,55.92818263619625,-3.582542296685219,1665182790,5381,1958,64,Female,N,368,Bathgate,"West Lothian",EH48,"Lothian (Edinburgh)"
4,57.62474722091764,-2.0590652556870572,1665183170,5380,1986,36,Male,Y,57,Fraserburgh,Aberdeenshire,AB43,"North East (Aberdeen)"
4,55.81332733627489,-4.340430036453019,1665183292,5384,1991,31,Female,N,665,"Pollockshaws, Glasgow",Glasgow,"Glasgow Southwest",Glasgow
4,55.86660450856946,-3.1026314464732083,1665183837,5386,1967,55,Female,Y,328,Bonnyrigg,Midlothian,EH19,"Lothian (Edinburgh)"
4,55.85194256115498,-3.3790907522773566,1665186327,1044,1990,32,Male,Y,309,"Cameron Toll, Edinburgh",Edinburgh,"Edinburgh South","Lothian (Edinburgh)"
4,55.85893494347865,-4.173876574727847,1665189894,5392,1961,61,Female,Y,634,"Maryhill, Glasgow",Glasgow,"Glasgow Northeast",Glasgow
4,55.02037572452711,-4.696727598030959,1665213133,5400,1977,45,Male,N,225,"Newton Stewart","Dumfries and Galloway",DG8,"Dumfries and Galloway"
4,55.86130083248482,-3.1109262503997948,1665217918,5407,1992,30,Female,Y,328,Bonnyrigg,Midlothian,EH19,"Lothian (Edinburgh)"
4,55.581196655644064,-4.433092242867454,1665218900,5411,1960,62,Male,N,779,"Kilmarnock (centre and south: Bonnyton, Grange, Bellfield, Shortlees, Caprington, Riccarton, Hurlford)","East Ayrshire",KA1,Ayrshire
4,55.78454205148899,-4.846945408627993,1665220271,5415,1994,28,Male,Y,842,Largs,"North Ayrshire",KA30,Ayrshire
4,55.47996500007416,-4.157586456293256,1665220528,5413,1988,34,Female,Y,798,Cumnock,"East Ayrshire",KA18,Ayrshire
4,55.92399587583326,-4.314533754062736,1665220783,5383,1965,57,Male,Y,488,Bearsden,"East Dunbartonshire",G61,Glasgow
4,55.42494070614164,-4.555548909568853,1665220811,5417,1982,40,Male,Y,852,Dalmellington,"East Ayrshire",KA6,Ayrshire
4,55.916982539608696,-4.362095973254328,1665222466,5418,1991,31,Male,Y,638,"Drumchapel, Glasgow",Glasgow,"Glasgow Northwest",Glasgow
4,55.1799649283552,-3.7989661965772195,1665222882,3614,1995,27,Female,Y,207,"Dumfries (west: Broomlands, Cargenbridge, Lochside, Maxwelltown, Troqueer)","Dumfries and Galloway",DG2,"Dumfries and Galloway"
4,55.7941204824758,-4.3161017409508355,1665228340,5426,1957,65,Male,Y,657,"Thornliebank, Glasgow",Glasgow,"Glasgow South",Glasgow
4,55.26264130358814,-4.076278122519285,1665232385,5431,2001,21,Female,Y,210,Thornhill,"Dumfries and Galloway",DG3,"Dumfries and Galloway"
4,56.10956362661489,-3.9873460968939587,1665235338,5437,1969,53,Female,Y,464,"Stirling (south and east: Braehead, Borestone, Broomridge, Torbrex)",Stirlingshire,FK7,"Stirling and Falkirk"
4,57.06524772124654,-2.18701849629909,1665236640,5442,1962,60,Female,N,48,Stonehaven,Aberdeenshire,AB39,"North East (Aberdeen)"
4,55.8755290361021,-3.676111494351483,1665237646,5444,1972,50,Female,N,368,Bathgate,"West Lothian",EH48,"Lothian (Edinburgh)"
4,56.286341690240114,-2.8583525217909265,1665238811,5445,1956,66,Female,N,1114,"St Andrews",Fife,KY16,Fife
4,56.01432621241203,-3.589675731483895,1665253736,5465,1997,25,Male,Y,370,Bo'ness,Falkirk,EH51,"Lothian (Edinburgh)"
4,55.84038072644678,-4.153323272522486,1665255260,5466,1999,23,Female,Y,624,"Springboig, Glasgow",Glasgow,"Glasgow Northeast",Glasgow
4,56.23376970234775,-3.1222888829002526,1665256345,5467,1988,34,Female,N,1133,"Glenrothes (centre and east: Pitteuchar, Finglassie, Stenton, Auchmuty, Pitcoudie, Balfarg, Pircairn, Collydean)",Fife,KY7,Fife
4,55.37754509229051,-2.4646069338379863,1665259116,5446,1970,52,Female,Y,1486,Jedburgh,"Scottish Borders",TD8,Borders
4,56.68300062963996,-3.1157750330592626,1665262747,5479,1996,26,Male,Y,181,Kirriemuir,Angus,DD8,"Tayside and Angus (Dundee)"
4,55.00101946363991,-3.303851587626684,1665263002,5481,1997,25,Female,Y,200,Eastriggs,"Dumfries and Galloway",DG12,"Dumfries and Galloway"
4,55.90244291241041,-3.016059775729544,1665266161,5486,1972,50,Male,N,334,Dalkeith,Midlothian,EH22,"Lothian (Edinburgh)"
4,55.814511061560644,-4.511018199498102,1665300020,5495,1997,25,Female,Y,1275,Elderslie,Renfrewshire,PA5,Glasgow
4,55.968026896849864,-3.1712519956318164,1665300438,5497,1966,56,Female,N,285,"Leith, Edinburgh",Edinburgh,"Edinburgh Leith","Lothian (Edinburgh)"
4,57.560593093647654,-3.1366729433681644,1665302083,5499,1978,44,Female,Y,739,Fochabers,Moray,IV32,"North East (Aberdeen)"
4,57.557622382526226,-3.1641535875480584,1665302132,5499,1978,44,Female,Y,739,Fochabers,Moray,IV32,"North East (Aberdeen)"
4,57.62959598365878,-3.057029049098162,1665302252,5499,1978,44,Female,Y,739,Fochabers,Moray,IV32,"North East (Aberdeen)"
4,55.54689758092214,-3.8942870529332962,1665306118,3418,1995,27,Male,Y,1167,Lanark,"South Lanarkshire",ML11,Glasgow
4,55.64501828382018,-3.7788644570413954,1665306899,3418,1995,27,Male,Y,1167,Lanark,"South Lanarkshire",ML11,Glasgow
4,55.97697142577772,-3.694662036577821,1665307078,5507,1975,47,Female,Y,425,Polmont, Falkirk,FK2,"Stirling and Falkirk"
4,55.88360420175293,-4.050749363494302,1665308029,5509,1996,26,Female,Y,1189,Coatbridge,"North Lanarkshire",ML5,Glasgow
4,56.00684439251674,-2.6015763108286714,1665309444,5516,1999,23,Female,Y,359,Dunbar,"East Lothian",EH42,"Lothian (Edinburgh)"
4,56.47787348651448,-2.968247987813778,1665321298,5533,1994,28,Female,Y,244,"Stobswell, Dundee",Dundee,"Dundee Central","Tayside and Angus (Dundee)"
4,55.751726126826696,-4.36874329741727,1665333605,5546,1959,63,Male,Y,539,"Newton Mearns","East Renfrewshire",G77,Glasgow
4,55.98582102586081,-2.564440259368478,1665339905,5542,1949,73,Male,Y,359,Dunbar,"East Lothian",EH42,"Lothian (Edinburgh)"
4,56.11971979010244,-3.363528800798714,1665340797,5550,1977,45,Female,Y,1121,Cowdenbeath,Fife,KY4,Fife
4,57.42689770192509,-2.3697808348052054,1665341464,5553,1974,48,Male,Y,77,"New Deer",Aberdeenshire,AB53,"North East (Aberdeen)"
4,57.55882615267848,-3.3426838998631108,1665344750,5560,1977,45,Female,Y,737,Elgin,Moray,IV30,"North East (Aberdeen)"
4,57.129354292937535,-2.082562823853452,1665346431,5562,1988,34,Female,N,126,"Bridge of Dee, Aberdeen",Aberdeen,"Aberdeen Southeast","North East (Aberdeen)"
4,57.69019693390908,-3.304079627741201,1665352602,5568,1996,26,Female,Y,738,Lossiemouth,Moray,IV31,"North East (Aberdeen)"
4,57.623367614242056,-2.083508407687044,1665356055,5569,1953,69,Male,N,57,Fraserburgh,Aberdeenshire,AB43,"North East (Aberdeen)"
4,57.17200792475502,-2.080509834956689,1665358613,5572,1972,50,Female,Y,98,"Northfield, Aberdeen",Aberdeen,"Aberdeen Central","North East (Aberdeen)"
4,55.93297302666889,-4.796148563455644,1665366210,5573,1952,70,Female,N,1231,"Greenock (west: Bow Farm, Braeside, Branchton, Fort Matilda, Gateside, Greenock West, Overton, Pennyfern, Smithston)",Inverclyde,PA16,Glasgow
4,57.52310060189097,-2.1707531503371467,1665392443,5589,1998,24,Female,Y,54,Peterhead,Aberdeenshire,AB42,"North East (Aberdeen)"
4,55.87971546814721,-3.065247971967321,1665392517,5588,1960,62,Male,N,334,Dalkeith,Midlothian,EH22,"Lothian (Edinburgh)"
4,55.8208728234009,-4.243295250042694,1665393297,5594,1968,54,Male,Y,657,"Thornliebank, Glasgow",Glasgow,"Glasgow South",Glasgow
4,55.89570623544087,-2.9647641270113434,1665393608,5590,1985,37,Female,N,334,Dalkeith,Midlothian,EH22,"Lothian (Edinburgh)"
4,54.73587397683075,-4.414391433284454,1665405759,5599,1987,35,Female,Y,225,"Newton Stewart","Dumfries and Galloway",DG8,"Dumfries and Galloway"
4,55.56866780956616,-4.618878958725061,1665408931,5582,1973,49,Female,Y,784,Troon,"South Ayrshire",KA10,Ayrshire
4,55.87388710615646,-4.657380803401443,1665429206,5612,1989,33,Male,N,1227,Kilmacolm,Inverclyde,PA13,Glasgow
4,56.25722501987581,-2.9315141823205138,1665430371,5615,1953,69,Female,Y,1140,Leven,Fife,KY8,Fife
4,55.90362613109022,-3.1141777094108125,1665435411,5622,1964,58,Female,N,322,"Gilmerton, Edinburgh",Edinburgh,"Edinburgh Southeast","Lothian (Edinburgh)"
4,55.931683256646075,-3.167016591125335,1665435640,5622,1964,58,Female,N,322,"Gilmerton, Edinburgh",Edinburgh,"Edinburgh Southeast","Lothian (Edinburgh)"
4,56.050364204088964,-5.104146787629824,1665435821,5621,1984,38,Female,N,1241,Dunoon,"Argyll and Bute",PA23,"Argyll and Bute"
4,55.78921824373367,-4.1788461081499735,1665440256,5628,1988,34,Female,Y,529,Cambuslang,"South Lanarkshire",G72,Glasgow
4,56.74610059209377,-3.065202695929246,1665440653,5627,1966,56,Female,Y,179,Forfar,Angus,DD8,"Tayside and Angus (Dundee)"
4,55.631453730948394,-4.762201708837842,1665448594,5631,1943,79,Female,Y,812,Saltcoats,"East Ayrshire",KA21,Ayrshire
4,55.73550548260046,-3.962426466620282,1665450932,5632,1991,31,Female,Y,1217,Larkhall,"North Lanarkshire",ML9,Glasgow
4,57.52260839734642,-1.8040046829384238,1665465579,5634,1982,40,Female,Y,54,Peterhead,Aberdeenshire,AB42,"North East (Aberdeen)"
4,55.92201149732377,-4.354026785781908,1665468855,5636,1981,41,Male,Y,488,Bearsden,"East Dunbartonshire",G61,Glasgow
4,57.59258816832734,-4.236453806264114,1665470981,5637,1941,81,Female,N,778,Avoch,Highland,IV9,"Highlands (Inverness)"
4,55.89674164490359,-4.377268729963673,1665474227,5639,1972,50,Female,N,644,"Partick, Glasgow",Glasgow,"Glasgow Northwest",Glasgow
4,56.17402950329305,-3.2962088678050114,1665476218,5643,1989,33,Female,Y,1126,Cardenden,Fife,KY5,Fife
4,56.10807564769508,-3.8455953245419736,1665476946,5644,1954,68,Male,N,457,Bannockburn,Stirlingshire,FK7,"Stirling and Falkirk"
4,59.21905255730494,-2.6905554709206734,1665477724,5645,1996,26,Female,Y,1025,"Orkney Islands",Orkney,KW17,"Orkney Islands"
4,56.09463517742803,-3.2646805390331233,1665479840,5647,1998,24,Female,Y,1117,"Kirkcaldy (west: Hayfield, Templehall, Newliston, Chapel, Dunnikier, Bennochy)",Fife,KY2,Fife
4,56.254142014477665,-2.959503683639558,1665481734,5649,1978,44,Female,N,1142,Methil,Fife,KY8,Fife
4,55.7566803978411,-4.046070610011101,1665490571,5658,1980,42,Female,Y,1183,Hamilton,"South Lanarkshire",ML3,Glasgow
4,55.84931281793536,-4.050200744134227,1665495915,5660,2004,18,Female,Y,1189,Coatbridge,"North Lanarkshire",ML5,Glasgow
4,57.29131520314434,-2.5533363807058356,1665503993,5667,1962,60,Female,Y,74,"Old Rayne",Aberdeenshire,AB52,"North East (Aberdeen)"
4,56.18338494282545,-3.223085764293309,1665505347,5584,1970,52,Male,N,1129,"Glenrothes (west: Caskieberran, Rimbleton, Macedonia, Tanshall)",Fife,KY6,Fife
4,55.99037636087086,-4.126833872151014,1665505409,5655,1994,28,Male,Y,506,Kilsyth,"North Lanarkshire",G65,Glasgow
4,55.817844111576946,-4.880688204377673,1665524507,5669,1965,57,Male,Y,842,Largs,"North Ayrshire",KA30,Ayrshire
4,56.230958914607776,-2.9329633050151025,1665526626,5678,1982,40,Female,Y,1139,Kennoway,Fife,KY8,Fife
4,55.46682274488971,-4.597248525544516,1665528748,5680,1957,65,Female,N,868,"Newton on Ayr","South Ayrshire",KA8,Ayrshire
4,58.2195712010905,-6.380677278273177,1665583013,5689,1991,31,Female,Y,686,"Stornoway, Isle of Lewis","Western Isles",HS1,"Western Isles"
4,57.172594413246365,-2.9245946376681675,1665589653,5694,1948,74,Female,N,31,"Muir of Fowlis",Aberdeenshire,AB33,"North East (Aberdeen)"
4,55.96184206573796,-4.414476632813821,1665596014,5696,1963,59,Female,N,546,Clydebank,"West Dunbartonshire",G81,Glasgow
4,57.65014955454471,-2.260026108588621,1665606317,5698,1990,32,Female,Y,57,Fraserburgh,Aberdeenshire,AB43,"North East (Aberdeen)"
4,56.05137552849407,-3.8533809011245492,1665609219,5700,1990,32,Female,Y,450,Stenhousemuir,Falkirk,FK5,"Stirling and Falkirk"
4,55.51065443916309,-3.874556367487477,1665609620,5701,2002,20,Female,Y,1167,Lanark,"South Lanarkshire",ML11,Glasgow
4,54.912392622090024,-4.02331742956353,1665639075,5703,1977,45,Male,Y,220,"Castle Douglas","Dumfries and Galloway",DG7,"Dumfries and Galloway"
4,55.97825482830538,-3.235745071249956,1665659972,5708,2005,17,Female,School,279,"Clermiston and Drumbrae, Edinburgh",Edinburgh,"Edinburgh Clermiston Granton","Lothian (Edinburgh)"
4,55.613867233411405,-4.358859923897683,1665662802,5710,1994,28,Female,Y,795,Newmilns,"East Ayrshire",KA16,Ayrshire
4,56.01052077836388,-3.6018331104412966,1665664832,5712,1962,60,Female,Y,370,Bo'ness,Falkirk,EH51,"Lothian (Edinburgh)"
4,55.913553031415695,-4.37735326237893,1665665088,5711,1961,61,Female,Y,644,"Partick, Glasgow",Glasgow,"Glasgow Northwest",Glasgow
4,57.696714202985135,-3.249374810686596,1665666768,5714,1976,46,Female,Y,737,Elgin,Moray,IV30,"North East (Aberdeen)"
4,57.64677526818375,-3.2632478264332487,1665667058,5714,1976,46,Female,Y,737,Elgin,Moray,IV30,"North East (Aberdeen)"
4,57.70494958833846,-3.3891270545636836,1665667100,5714,1976,46,Female,Y,737,Elgin,Moray,IV30,"North East (Aberdeen)"
4,54.98651291904033,-3.337000460904794,1665671940,5719,1963,59,Female,Y,197,Annan,"Dumfries and Galloway",DG12,"Dumfries and Galloway"
4,60.15808301261552,-1.20851052384204,1665678608,5723,1970,52,Female,Y,1500,Lerwick,"Shetland Isles",ZE1,"Shetland Islands"
4,57.465385183030676,-2.157414936415009,1665684764,5725,1974,48,Female,Y,50,Pitmedden,Aberdeenshire,AB41,"North East (Aberdeen)"
4,55.911053918772026,-3.236483769234985,1665699966,5728,1969,53,Male,N,305,"Oxgangs, Edinburgh",Edinburgh,"Edinburgh Oxgangs","Lothian (Edinburgh)"
4,60.46470300717419,-1.1429402388831615,1665700213,5729,1978,44,Male,Y,1505,Baltasound,"Shetland Isles",ZE2,"Shetland Islands"
4,58.93025489596012,-3.2084498933885213,1665739474,5737,1959,63,Female,Y,1025,"Orkney Islands",Orkney,KW17,"Orkney Islands"
4,55.7378518893967,-4.147322449455457,1665740807,5738,1984,38,Male,Y,534,"East Kilbride (south: Hairmyres, Westwood, The Murray, Murray East, Whitehills, Greenhill, Newlandsmuir, Gardenhall, Crosshouse, Newlands, Lindsayfield, Mossneuk)","South Lanarkshire",G75,Glasgow
4,58.975760285303316,-2.9942483128331365,1665753534,5742,1980,42,Female,N,967,Kirkwall,Orkney,KW15,"Orkney Islands"
4,58.90393634755434,-2.921558956026773,1665773903,5748,1957,65,Female,Y,1025,"Orkney Islands",Orkney,KW17,"Orkney Islands"
4,55.60445129257545,-4.446524240167124,1665774318,5749,1991,31,Male,Y,779,"Kilmarnock (centre and south: Bonnyton, Grange, Bellfield, Shortlees, Caprington, Riccarton, Hurlford)","East Ayrshire",KA1,Ayrshire
4,55.92293317131129,-4.019740958988781,1665780454,5750,1994,28,Female,Y,514,"Cumbernauld (south: Condorrat, Lenziemill, Carbrain, Kildrum, Cumbernauld Village, Abronhill, Seafar)","North Lanarkshire",G67,Glasgow
4,55.60038629517176,-3.9031070405076154,1665789095,4078,1996,26,Female,Y,1167,Lanark,"South Lanarkshire",ML11,Glasgow
4,55.58055756703134,-4.654698258114311,1665790713,5753,2000,22,Male,N,785,"Irvine (east, south: Perceton, Lawthorn, Girdle Toll, Stanecastle, Bourtreehill, Broomlands, Dreghorn, Springside)","North Ayrshire",KA11,Ayrshire
4,55.840544838309256,-4.400788669856325,1665820581,5758,1996,26,Male,N,1236,"Paisley (south: Blackhall, Castlehead, Dykebar, Foxbar, Hunterhill, Meikleriggs)",Renfrewshire,PA2,Glasgow
4,56.50818952111694,-2.7641569956129017,1665824784,5760,1970,52,Female,Y,178,Carnoustie,Angus,DD7,"Tayside and Angus (Dundee)"
4,56.299935596861005,-4.756754540071886,1665835374,5796,1998,24,Male,N,558,Balloch,"West Dunbartonshire",G83,"Argyll and Bute"
4,55.91215942658686,-4.854461456616888,1665835480,5768,1973,49,Male,N,1231,"Greenock (west: Bow Farm, Braeside, Branchton, Fort Matilda, Gateside, Greenock West, Overton, Pennyfern, Smithston)",Inverclyde,PA16,Glasgow
4,55.93045403500438,-3.9491604959751925,1665835488,5782,1995,27,Male,N,514,"Cumbernauld (south: Condorrat, Lenziemill, Carbrain, Kildrum, Cumbernauld Village, Abronhill, Seafar)","North Lanarkshire",G67,Glasgow
4,55.712037011462975,-4.209430257876769,1665835695,5788,1960,62,Male,N,534,"East Kilbride (south: Hairmyres, Westwood, The Murray, Murray East, Whitehills, Greenhill, Newlandsmuir, Gardenhall, Crosshouse, Newlands, Lindsayfield, Mossneuk)","South Lanarkshire",G75,Glasgow
4,55.2080352660304,-4.391919241948595,1665835951,5800,1997,25,Male,Y,851,Coylton,"South Ayrshire",KA6,Ayrshire
4,55.86615607896593,-4.091944516906586,1665836103,5767,1994,28,Male,Y,618,"Carmyle, Glasgow",Glasgow,"Glasgow Northeast",Glasgow
4,56.0048843385543,-4.793429595237948,1665836138,5786,1986,36,Male,N,566,Helensburgh,"Argyll and Bute",G84,"Argyll and Bute"
4,55.64708600867784,-4.802438049442694,1665836228,5799,1988,34,Male,N,813,Ardrossan,"North Ayrshire",KA22,Ayrshire
4,55.44531889841797,-4.621240234754901,1665836259,5806,1989,33,Male,Y,856,"Ayr (Centre)","South Ayrshire",KA7,Ayrshire
4,55.79076474674579,-4.107646803902501,1665837053,5818,1973,49,Female,N,529,Cambuslang,"South Lanarkshire",G72,Glasgow
4,55.946326082729584,-3.1153483317130326,1665837078,5809,1980,42,Male,N,280,"Duddingston, Edinburgh",Edinburgh,"Edinburgh Duddingston","Lothian (Edinburgh)"
4,55.91757986644269,-3.011853767784603,1665837983,5834,1989,33,Female,Y,330,Musselburgh,"East Lothian",EH21,"Lothian (Edinburgh)"
4,55.91353683965057,-4.8666517375390885,1665838741,5840,1984,38,Male,N,1231,"Greenock (west: Bow Farm, Braeside, Branchton, Fort Matilda, Gateside, Greenock West, Overton, Pennyfern, Smithston)",Inverclyde,PA16,Glasgow
4,55.82193639362388,-4.061872410154147,1665839137,5843,1996,26,Male,Y,526,Viewpark,"North Lanarkshire",G71,Glasgow
4,55.91664286793048,-4.232012594945029,1665840240,5848,1991,31,Male,N,502,Bishopbriggs,"East Dunbartonshire",G64,Glasgow
4,55.43694391052702,-4.66787454488884,1665842954,5851,1991,31,Female,N,856,"Ayr (Centre)","South Ayrshire",KA7,Ayrshire
4,57.43480713892448,-1.876460835352051,1665846637,5869,1980,42,Male,N,54,Peterhead,Aberdeenshire,AB42,"North East (Aberdeen)"
4,55.65590622756044,-3.989500480510326,1665850502,5877,1995,27,Male,N,1218,Netherburn,"North Lanarkshire",ML9,Glasgow
4,55.88097055486965,-4.212796566657519,1665854502,5884,1974,48,Female,N,619,"Tollcross, Glasgow",Glasgow,"Glasgow Northeast",Glasgow
4,55.825279768692155,-4.093639607313009,1665855684,5885,2001,21,Female,Y,632,"Springburn, Glasgow",Glasgow,"Glasgow Northeast",Glasgow
4,55.18095122906854,-4.45488881078633,1665858262,5801,1965,57,Female,N,854,Mossblown,"South Ayrshire",KA6,Ayrshire
4,55.83908152367951,-4.4629036253621415,1665863067,5824,1983,39,Male,Y,1220,"Paisley (central, east and north east: Ferguslie, Oldhall, Seedhill, Williamsburgh, Whitehaugh)",Renfrewshire,PA1,Glasgow
4,55.804755554423785,-4.250955183284936,1665870332,5892,1966,56,Female,Y,574,"Fernhill, Glasgow",Glasgow,"Glasgow Castlemilk",Glasgow
4,55.86061284074152,-4.1866731456428345,1665875909,5900,1976,46,Female,Y,634,"Maryhill, Glasgow",Glasgow,"Glasgow Northeast",Glasgow
4,55.9357952235703,-4.230645519179783,1665908282,5906,1993,29,Male,Y,502,Bishopbriggs,"East Dunbartonshire",G64,Glasgow
4,55.9819597895454,-3.4673042244730605,1665909049,5816,1995,27,Male,Y,371,Broxburn,"West Lothian",EH52,"Lothian (Edinburgh)"
4,56.24874219790192,-3.5843032376560457,1665914449,5910,1946,76,Female,Y,1353,Scone,"Perth and Kinross",PH2,Fife
4,55.6770552602848,-4.6640733626737685,1665958329,5837,1968,54,Male,Y,788,Kilwinning,"North Ayrshire",KA13,Ayrshire
4,55.95269372025923,-4.152229286773626,1666004250,5918,1958,64,Male,Y,507,Kirkintilloch,"East Dunbartonshire",G66,Glasgow
4,58.983836395509115,-3.0804839969870734,1666007094,5920,1980,42,Female,N,967,Kirkwall,Orkney,KW15,"Orkney Islands"
4,55.90390314843203,-3.1739930863184096,1666013376,5923,1990,32,Other,Y,322,"Gilmerton, Edinburgh",Edinburgh,"Edinburgh Southeast","Lothian (Edinburgh)"
4,57.43510267831708,-1.9667431166238973,1666013585,5924,1993,29,Other,Y,54,Peterhead,Aberdeenshire,AB42,"North East (Aberdeen)"
4,56.7094799957924,-3.0906995091263147,1666018200,5925,1984,38,Female,Y,181,Kirriemuir,Angus,DD8,"Tayside and Angus (Dundee)"
4,57.51764022337087,-2.3836172734765317,1666022376,5917,1939,83,Female,N,78,Turriff,Aberdeenshire,AB53,"North East (Aberdeen)"
4,55.24466831283911,-4.650776148365102,1666075438,5935,1965,57,Female,Y,824,Girvan,"South Ayrshire",KA26,Ayrshire
4,57.162309592974296,-2.168074153988508,1666097051,5936,1961,61,Male,Y,97,"Mastrick, Aberdeen",Aberdeen,"Aberdeen Central","North East (Aberdeen)"
4,55.88991440381536,-3.5446429863087796,1666111110,5937,1997,25,Female,Y,375,Livingston,"West Lothian",EH54,"Lothian (Edinburgh)"
4,60.15114883804994,-1.1691322209322876,1666128631,5939,1966,56,Male,N,1500,Lerwick,"Shetland Isles",ZE1,"Shetland Islands"
4,56.21965849703975,-3.2321306061047443,1666185383,5949,1995,27,Female,Y,1129,"Glenrothes (west: Caskieberran, Rimbleton, Macedonia, Tanshall)",Fife,KY6,Fife
4,55.61754947079999,-4.664208648631228,1666245575,5955,1999,23,Male,Y,787,"Irvine (centre: Castlepark, Tarryholme)","North Ayrshire",KA12,Ayrshire
4,55.81450066050178,-3.8444604571843137,1666270340,5961,2004,18,Male,Y,1151,Motherwell,"North Lanarkshire",ML1,Glasgow
4,56.129937511768446,-3.7509902273905777,1666272458,5963,1997,25,Female,Y,391,Alloa,Clackmannanshire,FK10,"Stirling and Falkirk"
4,55.85816483997204,-3.0894906726158116,1666302862,5970,1983,39,Female,Y,328,Bonnyrigg,Midlothian,EH19,"Lothian (Edinburgh)"
4,56.00719521725671,-3.720109736660267,1666303397,5972,1990,32,Male,Y,439,Grangemouth,Falkirk,FK3,"Stirling and Falkirk"
4,56.25641072513489,-2.952849406234295,1666512148,5984,1962,60,Female,Y,1140,Leven,Fife,KY8,Fife
4,57.1441813534457,-2.0706454127939615,1666533683,5988,1974,48,Male,Y,126,"Bridge of Dee, Aberdeen",Aberdeen,"Aberdeen Southeast","North East (Aberdeen)"
4,56.04502281363951,-3.839348985589592,1666614868,5995,1989,33,Female,Y,449,Larbert,Falkirk,FK5,"Stirling and Falkirk"
4,56.22098263054724,-3.923408848838582,1666644494,5998,1997,25,Other,N,405,Dunblane,Stirlingshire,FK15,"Stirling and Falkirk"
4,56.05190184521126,-3.4970690869362446,1666694292,6002,1995,27,Female,Y,1091,Inverkeithing,Fife,KY11,Fife
4,57.28440317689824,-2.579614652312418,1666704712,6004,1956,66,Female,Y,67,Oldmeldrum,Aberdeenshire,AB51,"North East (Aberdeen)"
4,56.21062801785343,-2.9957959172258013,1666723621,6007,1947,75,Female,N,1140,Leven,Fife,KY8,Fife
4,55.84977220953935,-3.368166451963809,1666727262,6010,1947,75,Male,Y,313,"Colinton, Edinburgh",Edinburgh,"Edinburgh South","Lothian (Edinburgh)"
4,55.85588350577795,-4.673411991784033,1666907272,6018,1989,33,Female,Y,1222,Kilbarchan,Renfrewshire,PA10,Glasgow
4,56.55063192909968,-2.737522581875852,1666963637,6024,1976,46,Female,N,141,Arbroath,Angus,DD11,"Tayside and Angus (Dundee)"
4,55.72649591411951,-4.804599494146675,1667114523,6028,1969,53,Female,Y,815,Dalry,"North Ayrshire",KA24,Ayrshire
4,54.80733714694162,-4.092970295846512,1667117085,6025,1975,47,Female,Y,217,Dundrennan,"Dumfries and Galloway",DG6,"Dumfries and Galloway"
4,55.8206518341625,-4.776839310732178,1667215522,6037,2005,17,Female,School,842,Largs,"North Ayrshire",KA30,Ayrshire
4,55.856695862619894,-4.791077258446084,1667215541,6035,2005,17,Female,School,842,Largs,"North Ayrshire",KA30,Ayrshire
4,55.82343447610626,-4.849279827824284,1667216079,6033,2006,16,Male,School,842,Largs,"North Ayrshire",KA30,Ayrshire
4,55.82650608860498,-4.80786900742914,1667216184,6033,2006,16,Male,School,842,Largs,"North Ayrshire",KA30,Ayrshire
4,59.38383285029042,-2.407664970938316,1667252362,6049,1997,25,Male,N,1025,"Orkney Islands",Orkney,KW17,"Orkney Islands"
4,57.65846632167458,-3.021868144673333,1667255892,6050,1977,45,Female,Y,90,Buckie,Moray,AB56,"North East (Aberdeen)"
4,55.94652101825032,-3.2625934996342174,1667267012,6051,1996,26,Female,Y,290,"North Leith, Edinburgh",Edinburgh,"Edinburgh North","Lothian (Edinburgh)"
4,55.00848800154958,-4.305972264879414,1667306329,6052,1974,48,Female,Y,223,Glenluce,"Dumfries and Galloway",DG8,"Dumfries and Galloway"
4,57.07989807668416,-2.1377910709452093,1667317555,6054,1954,68,Female,Y,1,Portlethen,Aberdeenshire,AB12,"North East (Aberdeen)"
4,55.84671911700965,-4.44162436593096,1667319376,6056,1995,27,Male,Y,1220,"Paisley (central, east and north east: Ferguslie, Oldhall, Seedhill, Williamsburgh, Whitehaugh)",Renfrewshire,PA1,Glasgow
4,57.69611712551812,-3.2885300539853386,1667332746,6060,1967,55,Female,Y,738,Lossiemouth,Moray,IV31,"North East (Aberdeen)"
4,55.820818157513706,-3.8800083797389306,1667403594,6062,1985,37,Male,Y,1151,Motherwell,"North Lanarkshire",ML1,Glasgow
4,55.97878595962202,-3.1879258621338775,1668549369,6091,1977,45,Female,Y,287,"Corstorphine, Edinburgh",Edinburgh,"Edinburgh North","Lothian (Edinburgh)"
4,55.58302465577133,-4.415629800849331,1668649361,6095,2000,22,Male,Y,779,"Kilmarnock (centre and south: Bonnyton, Grange, Bellfield, Shortlees, Caprington, Riccarton, Hurlford)","East Ayrshire",KA1,Ayrshire
4,55.839629518237444,-4.183538725105789,1668701141,6099,1987,35,Male,Y,603,"Carntyne, Glasgow",Glasgow,"Glasgow Northeast",Glasgow
4,55.80861180454623,-3.938419028822933,1668902097,6105,1981,41,Male,Y,1151,Motherwell,"North Lanarkshire",ML1,Glasgow
4,57.64765489016523,-3.5396103418229377,1669131937,6117,1994,28,Female,Y,740,Forres,Moray,IV36,"North East (Aberdeen)"
4,57.11621525787589,-2.4083403310653773,1669387700,6123,1980,42,Male,Y,28,Westhill,Aberdeenshire,AB32,"North East (Aberdeen)"
4,55.59628847707797,-4.447112953094065,1670520203,6136,1995,27,Female,Y,779,"Kilmarnock (centre and south: Bonnyton, Grange, Bellfield, Shortlees, Caprington, Riccarton, Hurlford)","East Ayrshire",KA1,Ayrshire
4,57.1980278271489,-2.0948104965341594,1670688041,6139,1968,54,Male,N,119,Potterton,Aberdeenshire,"Aberdeen North","North East (Aberdeen)"
4,56.479249526702105,-2.8267025595554363,1670693265,6141,1997,25,Male,Y,247,"Broughty Ferry, Dundee",Dundee,"Dundee East","Tayside and Angus (Dundee)"
4,55.776996655714235,-4.254157145599278,1671266896,6149,1968,54,Female,Y,536,"Carmunnock, Glasgow",Glasgow,G76,Glasgow
4,55.754049301311866,-4.151314844230149,1671266897,6148,1961,61,Female,Y,530,"East Kilbride (north: The Village, East Mains, West Mains, Lymekilns, St Leonards, Calderwood, Nerston, Stewartfield, Peel Park)","South Lanarkshire",G74,Glasgow
4,56.19571396455486,-3.1984372960163245,1671273129,6150,1979,43,Male,Y,1129,"Glenrothes (west: Caskieberran, Rimbleton, Macedonia, Tanshall)",Fife,KY6,Fife
4,55.9619646161403,-3.1665021756999154,1671819094,6155,1991,31,Female,Y,285,"Leith, Edinburgh",Edinburgh,"Edinburgh Leith","Lothian (Edinburgh)"
4,56.27903744962145,-4.670292513455243,1672007111,2536,1999,23,Female,Y,465,Aberfoyle,Stirlingshire,FK8,"Stirling and Falkirk"
4,57.53626376363488,-2.704201791687372,1672858152,2016,1997,25,Female,Y,83,Huntly,Aberdeenshire,AB54,"North East (Aberdeen)"
4,54.85725444674198,-5.012044505097973,1672960523,6161,2000,23,Female,Y,231,Stranraer,"Dumfries and Galloway",DG9,"Dumfries and Galloway"
4,54.996441141945844,-5.121673471262016,1673389128,6165,1968,55,Female,Y,231,Stranraer,"Dumfries and Galloway",DG9,"Dumfries and Galloway"
4,55.96847021494635,-3.940676387585816,1673716471,6172,1999,24,Female,Y,444,Dennyloanhead, Falkirk,FK4,"Stirling and Falkirk"
4,55.92383942572424,-4.427815891349943,1673857506,6178,1977,46,Female,N,546,Clydebank,"West Dunbartonshire",G81,Glasgow
4,55.91969088615717,-3.6082110447131406,1674683723,6190,1967,56,Male,N,368,Bathgate,"West Lothian",EH48,"Lothian (Edinburgh)"
4,55.837507740659134,-4.313852109740583,1675368063,6198,2002,21,Female,Y,648,"Shawlands, Glasgow",Glasgow,"Glasgow South",Glasgow
4,55.840342067798744,-4.302408907084879,1675368209,6198,2002,21,Female,Y,648,"Shawlands, Glasgow",Glasgow,"Glasgow South",Glasgow
4,55.98724647223672,-2.4862475929730863,1675455099,6203,2001,22,Other,Y,359,Dunbar,"East Lothian",EH42,"Lothian (Edinburgh)"
4,55.976503217986924,-3.2246067062444266,1675695146,6209,2009,14,Male,School,278,"Granton, Edinburgh",Edinburgh,"Edinburgh Clermiston Granton","Lothian (Edinburgh)"
4,55.922555184882825,-3.566611048989386,1675695895,6208,2009,14,Male,School,371,Broxburn,"West Lothian",EH52,"Lothian (Edinburgh)"
4,55.860290231512245,-4.317335725979713,1677057763,6247,1966,57,Female,N,664,"Toryglen, Glasgow",Glasgow,"Glasgow Southwest",Glasgow
4,55.92173410400432,-4.086824319659272,1677598234,6236,2005,18,Female,Y,520,Gartcosh,"North Lanarkshire",G69,Glasgow
4,57.64601085087961,-4.62155123489794,1677608455,6278,2004,19,Female,Y,704,Strathpeffer,Highland,IV14,"Highlands (Inverness)"
4,55.53875120771067,-4.212877482198238,1677636946,6291,2005,18,Other,Y,847,Sorn,"East Ayrshire",KA5,Ayrshire
4,55.88233507307614,-4.331916534924786,1677682703,6294,1978,45,Female,Y,638,"Drumchapel, Glasgow",Glasgow,"Glasgow Northwest",Glasgow
4,55.8454058249818,-4.259442025486947,1677853511,6306,2001,22,Male,Y,662,"Battlefield, Glasgow",Glasgow,"Glasgow Southwest",Glasgow
4,55.838768340323426,-3.905146637338637,1678202344,6323,2005,18,Other,Y,1153,Newarthill,"North Lanarkshire",ML1,Glasgow
4,55.841728677254224,-3.9582610982564352,1678355151,6335,2005,18,Other,School,1192,Airdrie,"North Lanarkshire",ML6,Glasgow
4,55.290432431422055,-4.147825466051091,1679000360,6340,1992,31,Female,Y,798,Cumnock,"East Ayrshire",KA18,Ayrshire
4,56.176580917822236,-3.264513588337623,1679004973,6342,1983,40,Female,Y,1128,Lochgelly,Fife,KY5,Fife
4,55.917457001392926,-3.499275195937157,1679041789,6344,1991,32,Female,Y,375,Livingston,"West Lothian",EH54,"Lothian (Edinburgh)"
4,55.79881463480757,-4.039671190323003,1679055432,6356,2010,13,Male,School,525,Uddingston,"South Lanarkshire",G71,Glasgow
4,56.21629813199823,-3.149525773955479,1679056665,6380,2008,15,Female,School,1133,"Glenrothes (centre and east: Pitteuchar, Finglassie, Stenton, Auchmuty, Pitcoudie, Balfarg, Pircairn, Collydean)",Fife,KY7,Fife
4,56.1876379891621,-3.429686229946168,1679056706,6384,2008,15,Female,School,1100,Scotlandwell,"Perth and Kinross",KY13,Fife
4,56.21647306083217,-3.152800115085909,1679056781,6366,2008,15,Male,School,1134,Markinch,Fife,KY7,Fife
4,56.19905717359305,-3.091227896701056,1679057113,6392,2008,15,Male,School,1133,"Glenrothes (centre and east: Pitteuchar, Finglassie, Stenton, Auchmuty, Pitcoudie, Balfarg, Pircairn, Collydean)",Fife,KY7,Fife
4,56.233061967800666,-3.14613886452943,1679057115,6386,2008,15,Female,School,1133,"Glenrothes (centre and east: Pitteuchar, Finglassie, Stenton, Auchmuty, Pitcoudie, Balfarg, Pircairn, Collydean)",Fife,KY7,Fife
4,56.208544317716864,-3.1247895901475546,1679057141,6378,2008,15,Female,School,1133,"Glenrothes (centre and east: Pitteuchar, Finglassie, Stenton, Auchmuty, Pitcoudie, Balfarg, Pircairn, Collydean)",Fife,KY7,Fife
4,56.15341581770789,-3.1559527649989128,1679057225,6355,1994,29,Female,Y,1079,"Kirkcaldy (east: Linktown, Port Brae, Pathhead, Sinclairtown, Smeaton, Gallatown)",Fife,KY1,Fife
4,56.20633371938322,-3.1763271088146183,1679057248,6373,2008,15,Female,School,1133,"Glenrothes (centre and east: Pitteuchar, Finglassie, Stenton, Auchmuty, Pitcoudie, Balfarg, Pircairn, Collydean)",Fife,KY7,Fife
4,56.222362088861,-3.0820859637125584,1679057283,6397,2008,15,Male,School,1133,"Glenrothes (centre and east: Pitteuchar, Finglassie, Stenton, Auchmuty, Pitcoudie, Balfarg, Pircairn, Collydean)",Fife,KY7,Fife
4,56.220825132553365,-3.138711882720426,1679057381,6381,2008,15,Male,School,1133,"Glenrothes (centre and east: Pitteuchar, Finglassie, Stenton, Auchmuty, Pitcoudie, Balfarg, Pircairn, Collydean)",Fife,KY7,Fife
4,56.216313063653025,-3.15339445992224,1679057383,6360,2008,15,Female,School,1133,"Glenrothes (centre and east: Pitteuchar, Finglassie, Stenton, Auchmuty, Pitcoudie, Balfarg, Pircairn, Collydean)",Fife,KY7,Fife
4,56.120263657363815,-3.4612674021396397,1679057417,6398,2008,15,Other,School,1096,"Dunfermline (centre, north, west: Abbey Parks, Lady's Mill, Garvock, Headwell, Kingseathill, Wellwood, Milesmark, Baldridge, Pittencrieff, Baldridgeburn)",Fife,KY12,Fife
4,55.87316555129013,-4.224662637891515,1679667834,6415,2000,23,Female,Y,622,"Sandyhills, Glasgow",Glasgow,"Glasgow Northeast",Glasgow
4,55.82725576570835,-4.209051985725445,1680197176,6429,1979,44,Female,Y,653,"Netherlee, Glasgow",Glasgow,"Glasgow South",Glasgow
4,55.447063435731415,-4.615055545359217,1681824213,6437,2000,23,Female,Y,856,"Ayr (Centre)","South Ayrshire",KA7,Ayrshire
4,56.059777526755234,-3.233106474467634,1682548087,6444,1997,26,Female,Y,1119,Burntisland,Fife,KY3,Fife
4,55.81580472073395,-4.026605297028849,1683051329,6458,2003,20,Female,Y,1186,Bellshill,"North Lanarkshire",ML4,Glasgow
4,55.80947555348109,-4.027421019711742,1683051799,6458,2003,20,Female,Y,1186,Bellshill,"North Lanarkshire",ML4,Glasgow
4,55.82779890256618,-4.045530716438336,1683053753,6458,2003,20,Female,Y,1186,Bellshill,"North Lanarkshire",ML4,Glasgow
4,55.81182686727588,-4.085712359528165,1683284470,6462,2008,15,Male,School,525,Uddingston,"South Lanarkshire",G71,Glasgow
4,55.82541135502193,-4.0382773812420245,1683284476,6463,2008,15,Male,School,1186,Bellshill,"North Lanarkshire",ML4,Glasgow
4,55.37452845850955,-4.4871297727387995,1683811946,6476,1972,51,Female,Y,853,Dalrymple,"East Ayrshire",KA6,Ayrshire
4,55.624340203547,-4.563541154799249,1683916897,6479,1962,61,Female,Y,809,Dundonald,"South Ayrshire",KA2,Ayrshire
4,55.93806337730825,-4.858139438771567,1684074260,6483,2001,22,Female,Y,1235,Gourock,Inverclyde,PA19,Glasgow
4,55.871360985521385,-3.9720932117758334,1684491348,6489,2010,13,Other,School,1192,Airdrie,"North Lanarkshire",ML6,Glasgow
4,57.68408427638274,-2.9218769121568684,1685097988,6492,2007,16,Female,School,90,Buckie,Moray,AB56,"North East (Aberdeen)"
4,57.72060028028447,-3.313557426490436,1686079242,6500,2010,13,Other,School,738,Lossiemouth,Moray,IV31,"North East (Aberdeen)"
4,55.45441626029778,-4.597289527074528,1686292672,6503,1989,34,Male,Y,856,"Ayr (Centre)","South Ayrshire",KA7,Ayrshire
4,55.88872705811347,-4.246186767788877,1686913529,6542,2008,15,Male,School,619,"Tollcross, Glasgow",Glasgow,"Glasgow Northeast",Glasgow
4,55.85255535539122,-4.169156201930328,1686921842,6556,2007,16,Female,School,615,"Bridgeton, Glasgow",Glasgow,"Glasgow Northeast",Glasgow
4,56.03308477197614,-2.8213647712364103,1694517731,6587,2000,23,Male,N,345,Gullane,"East Lothian",EH31,"Lothian (Edinburgh)"
4,55.89471582243943,-3.5625846966254726,1694681299,6588,2009,14,Other,School,375,Livingston,"West Lothian",EH54,"Lothian (Edinburgh)"
4,55.905116369071195,-3.5052655177513183,1694692402,6588,2009,14,Other,School,375,Livingston,"West Lothian",EH54,"Lothian (Edinburgh)"
4,55.77734747967645,-4.114142690656267,1695208286,6611,2010,13,Female,School,529,Cambuslang,"South Lanarkshire",G72,Glasgow
4,55.819335877935835,-4.124841351949373,1695208605,6601,2010,13,Female,School,529,Cambuslang,"South Lanarkshire",G72,Glasgow
4,55.82227312250852,-4.117822198850483,1695208651,6598,2011,12,Male,School,529,Cambuslang,"South Lanarkshire",G72,Glasgow
4,55.87859784160769,-4.252781313550567,1695208715,6599,2010,13,Male,School,598,Rutherglen,"South Lanarkshire","Glasgow Northeast",Glasgow
4,55.845482962099894,-4.1452496816325946,1695823421,6620,2003,20,Female,Y,632,"Springburn, Glasgow",Glasgow,"Glasgow Northeast",Glasgow
4,55.85388906833718,-4.4262954771751595,1696422674,6623,2002,21,Other,Y,1249,"Paisley (north west: Ferguslie Park, Gallowhill, Gockston, Shortroods, )",Renfrewshire,PA3,Glasgow
4,55.53769057205078,-4.59761657796338,1696837303,6625,2002,21,Male,Y,873,Prestwick,"South Ayrshire",KA9,Ayrshire
4,55.89529805190127,-4.345685682771564,1697863247,6636,1991,32,Male,N,644,"Partick, Glasgow",Glasgow,"Glasgow Northwest",Glasgow
4,56.07329648988592,-3.318760819369693,1699909051,6641,2003,20,Other,Y,1119,Burntisland,Fife,KY3,Fife
4,55.685837879294816,-4.6066036792683045,1702383683,6653,1963,60,Male,Y,788,Kilwinning,"North Ayrshire",KA13,Ayrshire
4,56.45923842545794,-2.9858372225698933,1702413439,6658,1993,30,Male,N,237,"Blackness, Dundee",Dundee,"Dundee Central","Tayside and Angus (Dundee)"
4,55.96696222328638,-3.1761944228265016,1702420162,6659,1987,36,Male,Y,284,"Restalrig, Edinburgh",Edinburgh,"Edinburgh Leith","Lothian (Edinburgh)"
4,55.849915306592614,-4.328636514018869,1702421487,6661,1992,31,Male,Y,672,"Govan, Glasgow",Glasgow,"Glasgow Southwest",Glasgow
4,56.018620285382305,-3.584479313860707,1702433277,6664,1989,34,Male,Y,370,Bo'ness,Falkirk,EH51,"Lothian (Edinburgh)"
4,55.985862129533984,-3.5657657542589507,1702456141,6670,1992,31,Male,Y,369,Linlithgow,"West Lothian",EH49,"Lothian (Edinburgh)"
4,55.78947854385102,-3.8471677608535515,1702463774,6678,1981,42,Male,Y,1180,Wishaw,"North Lanarkshire",ML2,Glasgow
4,56.00123316316036,-3.978365790567489,1702468850,6684,1995,28,Male,N,452,Denny,Falkirk,FK6,"Stirling and Falkirk"
4,55.91420745917098,-4.579874103330214,1702473060,6688,1994,29,Male,N,1229,"Port Glasgow",Inverclyde,PA14,Glasgow
4,55.93923656798864,-2.4877447889999202,1702514623,6694,1989,34,Male,Y,359,Dunbar,"East Lothian",EH42,"Lothian (Edinburgh)"
4,55.92332730663437,-3.544643633142419,1702670309,6698,1975,48,Male,N,371,Broxburn,"West Lothian",EH52,"Lothian (Edinburgh)"
4,55.844885917998184,-4.352584624655805,1703690077,6702,1957,66,Female,Y,672,"Govan, Glasgow",Glasgow,"Glasgow Southwest",Glasgow
4,55.83602264702264,-4.497899826892864,1703800352,6703,1961,62,Male,Y,1276,Johnstone,Renfrewshire,PA5,Glasgow
4,55.90481551000141,-4.509086221629568,1705414564,6708,2002,22,Male,Y,1292,Bishopton,Renfrewshire,PA7,Glasgow
4,57.215347916775436,-2.2716953309153163,1705495233,6720,1989,35,Female,N,125,Whiterashes,Aberdeenshire,"Aberdeen North","North East (Aberdeen)"
4,55.520709741075194,-4.534417144678006,1707061890,6739,1997,27,Female,Y,846,Mauchline,"East Ayrshire",KA5,Ayrshire
4,55.86992690812828,-4.201936002550214,1707161463,6738,1969,55,Female,Y,634,"Maryhill, Glasgow",Glasgow,"Glasgow Northeast",Glasgow
4,55.63070249695895,-4.665548689977346,1707650131,6752,1966,58,Female,Y,787,"Irvine (centre: Castlepark, Tarryholme)","North Ayrshire",KA12,Ayrshire
4,54.84184054692176,-4.119708628815973,1708171367,6760,1977,47,Male,Y,218,Kirkcudbright,"Dumfries and Galloway",DG6,"Dumfries and Galloway"
4,55.74229831034683,-4.695031780025727,1708377791,6761,2002,22,Other,Y,817,Kilbirnie,"North Ayrshire",KA25,Ayrshire
4,55.72268236049037,-4.009494673343492,1708447535,6782,2005,19,Female,Y,1183,Hamilton,"South Lanarkshire",ML3,Glasgow
4,55.93901382851862,-3.644656730485603,1708450419,6786,2005,19,Female,Y,367,Armadale,"West Lothian",EH48,"Lothian (Edinburgh)"
4,55.943563752015905,-4.797525148355229,1708451169,6789,1988,36,Male,Y,1231,"Greenock (west: Bow Farm, Braeside, Branchton, Fort Matilda, Gateside, Greenock West, Overton, Pennyfern, Smithston)",Inverclyde,PA16,Glasgow
4,55.420986423906854,-3.8263758051094063,1708457902,6800,2004,20,Female,Y,212,Kirkconnel,"Dumfries and Galloway",DG4,"Dumfries and Galloway"
4,55.38808726514626,-4.76003490520721,1708459182,6765,2005,19,Female,Y,856,"Ayr (Centre)","South Ayrshire",KA7,Ayrshire
4,55.86437773027387,-4.159147223056201,1708463683,6806,2004,20,Male,Y,612,"Easterhouse, Glasgow",Glasgow,"Glasgow Northeast",Glasgow
4,55.81189928625777,-4.5178159723953355,1708466236,6808,1984,40,Female,N,1308,Howwood,Renfrewshire,PA9,Glasgow
4,55.814705458636446,-4.266747731835845,1708472460,6772,2005,19,Female,Y,652,"King's Park, Glasgow",Glasgow,"Glasgow South",Glasgow
4,55.860459836571785,-4.606562965775721,1708553368,6818,1962,62,Male,Y,1224,"Bridge of Weir",Renfrewshire,PA11,Glasgow
4,55.78568963998647,-3.9468570815532837,1708590957,6819,1988,36,Male,Y,1151,Motherwell,"North Lanarkshire",ML1,Glasgow
4,55.86057935083878,-3.903345688146259,1708611512,6824,1977,47,Male,Y,1192,Airdrie,"North Lanarkshire",ML6,Glasgow
4,55.88492157407252,-4.345856445047005,1708700890,6829,2004,20,Female,Y,594,"Woodlands, Glasgow",Glasgow,"Glasgow Kelvin",Glasgow
4,55.826886545734986,-4.506306808194663,1708708970,6831,1976,48,Male,Y,1275,Elderslie,Renfrewshire,PA5,Glasgow
4,55.83514151013,-4.123742033073679,1709044287,6864,2005,19,Female,Y,615,"Bridgeton, Glasgow",Glasgow,"Glasgow Northeast",Glasgow
4,56.893098007313164,-2.3312986563099973,1709150631,6875,2004,20,Female,Y,15,Auchenblae,Aberdeenshire,AB30,"North East (Aberdeen)"
4,56.48742998700482,-3.019753809503773,1709156425,6876,1962,62,Male,Y,238,"Menzieshill, Dundee",Dundee,"Dundee Central","Tayside and Angus (Dundee)"
4,55.908443520359334,-4.316401601031819,1709296522,6879,1979,45,Female,Y,488,Bearsden,"East Dunbartonshire",G61,Glasgow
4,55.91024244989386,-4.1697209046321815,1709486378,6886,1959,65,Male,Y,634,"Maryhill, Glasgow",Glasgow,"Glasgow Northeast",Glasgow
4,55.92007009960532,-3.294541794996527,1710095496,6898,1959,65,Male,N,270,"Meadows and Southside, Edinburgh",Edinburgh,"Edinburgh Central","Lothian (Edinburgh)"
4,56.03297373191826,-2.8289455954418954,1710750582,6901,2000,24,Male,N,345,Gullane,"East Lothian",EH31,"Lothian (Edinburgh)"
4,55.93014088118063,-3.0811762893899686,1710976510,6906,1963,61,Female,Y,330,Musselburgh,"East Lothian",EH21,"Lothian (Edinburgh)"
4,55.939235393969746,-2.737096387621184,1713091396,6913,1990,34,Male,Y,357,Haddington,"East Lothian",EH41,"Lothian (Edinburgh)"
4,55.78642118903486,-4.749805060665526,1713369657,6916,1952,72,Male,Y,817,Kilbirnie,"North Ayrshire",KA25,Ayrshire
4,55.802892422597935,-4.710045938934321,1713370197,6916,1952,72,Male,Y,817,Kilbirnie,"North Ayrshire",KA25,Ayrshire
4,55.804308916593165,-4.190815295004225,1713371039,6918,1957,67,Female,N,571,"Castlemilk, Glasgow",Glasgow,"Glasgow Castlemilk",Glasgow
4,57.16057617857176,-2.1219230317664537,1713371802,6919,1957,67,Male,Y,107,"Rosemount, Aberdeen",Aberdeen,"Aberdeen Central","North East (Aberdeen)"
4,55.8392946822417,-4.422403623602747,1713375231,6920,1953,71,Female,Y,1236,"Paisley (south: Blackhall, Castlehead, Dykebar, Foxbar, Hunterhill, Meikleriggs)",Renfrewshire,PA2,Glasgow
4,55.91093673306407,-3.659663273305123,1714158432,6934,2005,19,Female,Y,367,Armadale,"West Lothian",EH48,"Lothian (Edinburgh)"
4,55.91132245904429,-3.72593058017435,1714163009,6934,2005,19,Female,Y,367,Armadale,"West Lothian",EH48,"Lothian (Edinburgh)"
4,57.00176829203756,-2.345477474084444,1718870153,6951,1986,38,Male,Y,48,Stonehaven,Aberdeenshire,AB39,"North East (Aberdeen)"
4,55.8777519575891,-4.279721203569412,1727128266,6987,1984,40,Male,N,591,"Hillhead, Glasgow",Glasgow,"Glasgow Kelvin",Glasgow
4,56.014485879257265,-4.723968902268186,1727984126,6991,1997,27,Male,Y,566,Helensburgh,"Argyll and Bute",G84,"Argyll and Bute"
4,55.74122111729825,-4.067839235897947,1730369945,7000,1961,63,Female,Y,1183,Hamilton,"South Lanarkshire",ML3,Glasgow
4,55.951718968724805,-3.1037327328829534,1730399347,7002,1998,26,Female,Y,283,"Craigentinny, Edinburgh",Edinburgh,"Edinburgh Duddingston","Lothian (Edinburgh)"
4,55.75165705013817,-2.472901833875948,1730464784,7034,1950,74,Male,N,1419,Greenlaw,"Scottish Borders",TD10,Borders
4,55.82612546725844,-4.479962142211355,1730469970,7040,1959,65,Female,Y,1276,Johnstone,Renfrewshire,PA5,Glasgow
4,58.371513291874074,-3.6061991842527785,1730488100,7048,1992,32,Male,Y,913,Halkirk,Highland,KW12,"Highlands (Inverness)"
4,55.91150595154753,-3.1639544252013607,1730490651,7033,1957,67,Male,N,325,"Niddrie, Edinburgh",Edinburgh,"Edinburgh Southeast","Lothian (Edinburgh)"
4,55.865493547282234,-3.4824247417945733,1730597094,7063,1981,43,Male,Y,375,Livingston,"West Lothian",EH54,"Lothian (Edinburgh)"
4,56.547527438735365,-2.716501689440077,1730655669,7067,1993,31,Female,Y,141,Arbroath,Angus,DD11,"Tayside and Angus (Dundee)"
4,56.19878070407274,-3.0353687309370576,1730724760,7071,1989,35,Male,Y,1140,Leven,Fife,KY8,Fife
4,56.23228972585583,-3.068930373762807,1730725883,7073,1995,29,Male,Y,1140,Leven,Fife,KY8,Fife
4,55.665499928567314,-4.720028211706325,1730733862,7074,1974,50,Male,Y,788,Kilwinning,"North Ayrshire",KA13,Ayrshire
4,56.187343633038715,-3.0020339873502278,1730745031,7078,1995,29,Male,Y,1140,Leven,Fife,KY8,Fife
4,56.12377747812914,-3.457225334123715,1731139635,7088,1984,40,Female,Y,1096,"Dunfermline (centre, north, west: Abbey Parks, Lady's Mill, Garvock, Headwell, Kingseathill, Wellwood, Milesmark, Baldridge, Pittencrieff, Baldridgeburn)",Fife,KY12,Fife
4,58.354792506069366,-3.583273584642269,1731169393,7090,2001,23,Male,Y,913,Halkirk,Highland,KW12,"Highlands (Inverness)"
4,57.67863779474901,-2.9167149675907704,1731357565,7094,1967,57,Female,N,95,Portknockie,Moray,AB56,"North East (Aberdeen)"
4,57.65487897933612,-2.8952652647929504,1731530749,7097,1982,42,Female,N,90,Buckie,Moray,AB56,"North East (Aberdeen)"
4,57.6686415402063,-2.9631191427637793,1731532668,7098,1959,65,Female,N,90,Buckie,Moray,AB56,"North East (Aberdeen)"
4,57.687846867795386,-2.79511782295906,1731533228,7099,1983,41,Female,Y,90,Buckie,Moray,AB56,"North East (Aberdeen)"
4,56.151300979547386,-3.8000699412560177,1733687202,7127,1954,70,Male,Y,393,Alva,Clackmannanshire,FK12,"Stirling and Falkirk"
4,56.40821444812198,-3.7473967665656267,1733731965,7141,1965,59,Female,N,1402,Crieff,"Perth and Kinross",PH7,Fife
4,55.92054193515321,-4.374197244060555,1733739125,7144,1962,62,Female,Y,644,"Partick, Glasgow",Glasgow,"Glasgow Northwest",Glasgow
4,56.15621048640015,-3.4213827326731177,1733752031,7145,1969,55,Female,Y,1121,Cowdenbeath,Fife,KY4,Fife
4,56.508979399181726,-3.634386295211785,1733756986,7147,1959,65,Female,Y,1313,"Perth (north and west: Burghmuir, Cherrybank, Hillyland, Inveralmond, Lethom, Muirton, North Muirton, Tulloch)","Perth and Kinross",PH1,Fife
4,55.94286547243016,-3.247957901297148,1733821036,7155,1962,62,Male,Y,297,"Blackhall, Edinburgh",Edinburgh,"Edinburgh North","Lothian (Edinburgh)"
4,57.15726074732416,-2.1280361065372637,1733821380,7156,1991,33,Female,Y,105,"Seaton, Aberdeen",Aberdeen,"Aberdeen Central","North East (Aberdeen)"
4,55.99372863874029,-2.8262119401294106,1733825724,7157,1984,40,Male,N,348,Prestonpans,"East Lothian",EH32,"Lothian (Edinburgh)"
4,56.01935064857268,-4.751555121047426,1733920716,7163,1959,65,Female,N,567,Kilcreggan,"Argyll and Bute",G84,"Argyll and Bute"
4,56.48350328793577,-2.895286422138526,1733945612,7168,1964,60,Male,N,253,"Pitkerro, Dundee",Dundee,"Dundee North","Tayside and Angus (Dundee)"
4,55.86959827610264,-4.309414102184484,1733951713,7170,1981,43,Female,Y,638,"Drumchapel, Glasgow",Glasgow,"Glasgow Northwest",Glasgow
4,56.732472968407016,-3.3104074508198695,1733990904,7177,1954,70,Female,Y,1321,Alyth,"Perth and Kinross",PH11,Fife
4,56.45415858394421,-3.361584794448481,1733992851,7176,1971,53,Female,Y,1340,Dunning,"Perth and Kinross",PH2,Fife
4,55.86222606914443,-4.327889458876977,1734107709,7187,1945,79,Male,Y,661,"Govanhill, Glasgow",Glasgow,"Glasgow Southwest",Glasgow
4,55.98068039159453,-2.861747004812223,1734121135,7189,1984,40,Male,N,348,Prestonpans,"East Lothian",EH32,"Lothian (Edinburgh)"
4,56.287694347607186,-3.959520151324294,1734128998,7191,1962,62,Female,Y,405,Dunblane,Stirlingshire,FK15,"Stirling and Falkirk"
4,56.85138600643812,-3.5229101683252244,1734175761,7195,1963,61,Female,Y,1318,Blairgowrie,"Perth and Kinross",PH10,Fife
4,57.44769781537314,-2.3119500608027352,1734242379,7199,1963,61,Female,Y,78,Turriff,Aberdeenshire,AB53,"North East (Aberdeen)"
4,56.06497920794826,-3.580014538201415,1735722527,7209,1949,76,Male,Y,1096,"Dunfermline (centre, north, west: Abbey Parks, Lady's Mill, Garvock, Headwell, Kingseathill, Wellwood, Milesmark, Baldridge, Pittencrieff, Baldridgeburn)",Fife,KY12,Fife
4,55.94302441614912,-4.5402745652553484,1737339013,7255,1970,55,Male,N,549,Dumbarton,"West Dunbartonshire",G82,Glasgow
4,55.87773983687934,-3.1526358947821302,1737496125,7267,1989,36,Female,Y,329,Loanhead,Midlothian,EH20,"Lothian (Edinburgh)"
4,55.95585894279898,-4.828755669197189,1739292001,7293,2006,19,Male,Y,1235,Gourock,Inverclyde,PA19,Glasgow
4,57.76148104953505,-4.1856793246798265,1739445029,7295,2011,14,Male,School,708,Invergordon,Highland,IV18,"Highlands (Inverness)"
4,55.7828114829635,-4.4995477498976815,1741457547,7346,2003,22,Female,Y,540,Barrhead,"East Renfrewshire",G78,Glasgow
4,55.35528456762405,-5.646001746723417,1744472160,7359,1976,49,Female,Y,1246,Campbeltown,"Argyll and Bute",PA28,"Argyll and Bute"
4,55.87001381736216,-3.976477630949868,1744804116,7363,2004,21,Female,Y,1192,Airdrie,"North Lanarkshire",ML6,Glasgow
4,55.76231745126415,-4.276694503094343,1748730450,7375,2000,25,Female,Y,530,"East Kilbride (north: The Village, East Mains, West Mains, Lymekilns, St Leonards, Calderwood, Nerston, Stewartfield, Peel Park)","South Lanarkshire",G74,Glasgow
4,55.88519597148138,-3.6525059287260344,1752844414,7388,1993,32,Male,Y,368,Bathgate,"West Lothian",EH48,"Lothian (Edinburgh)"
4,56.29838666264341,-2.9784826624615364,1761129231,7417,1994,31,Other,Y,1105,Cupar,Fife,KY15,Fife
4,57.61239632318557,-3.7148525432155686,1761825735,7422,1996,29,Male,Y,740,Forres,Moray,IV36,"North East (Aberdeen)"
4,55.3299658022987,-2.593317729324757,1763655836,7426,1946,79,Male,N,1493,Hawick,"Scottish Borders",TD9,Borders
4,55.97918978150928,-3.1736555211445405,1763846326,7431,1962,63,Male,N,284,"Restalrig, Edinburgh",Edinburgh,"Edinburgh Leith","Lothian (Edinburgh)"
4,55.852672814289484,-3.504010318325959,1766683040,7446,2012,13,Female,Y,375,Livingston,"West Lothian",EH54,"Lothian (Edinburgh)"
4,55.8862703136446,-3.531837541578686,1766683079,7446,2012,13,Female,Y,375,Livingston,"West Lothian",EH54,"Lothian (Edinburgh)"
4,55.6754815939336,-4.464548331867077,1769269089,7476,2006,20,Female,Y,837,"Kilmarnock (north: Onthank, Townholm, Altonhill, Longpark, Beansburn, New Farm Loch, Knockinlaw, Hillhead, Crookedholm)","East Ayrshire",KA3,Ayrshire
4,55.91862102968529,-2.4792740597272545,1769370028,7482,1949,77,Male,N,359,Dunbar,"East Lothian",EH42,"Lothian (Edinburgh)"
