answer,lat,lng,submitted,pid,born,age,gender,uni,lid,location,county,area,region
mad,0,0,1654767305,65,1986,36,Female,Y,264,"Slateford, Edinburgh",Edinburgh,"Edinburgh Central","Lothian (Edinburgh)"
mad,57.62379362223392,-2.8159167344840323,1655212980,230,2006,16,Male,N,90,Buckie,Moray,AB56,"North East (Aberdeen)"
mad,57.6572300502567,-2.254912083050826,1655214390,222,2006,16,Female,School,56,Crimond,Aberdeenshire,AB43,"North East (Aberdeen)"
mad,57.61699055616647,-2.1018105335767956,1655214551,222,2006,16,Female,School,56,Crimond,Aberdeenshire,AB43,"North East (Aberdeen)"
mad,57.65729831585252,-2.870746302545692,1655214588,218,2006,16,Male,School,90,Buckie,Moray,AB56,"North East (Aberdeen)"
mad,57.60815944978189,-2.9872633640444044,1655214622,223,2006,16,Male,N,94,Portgordon,Moray,AB56,"North East (Aberdeen)"
mad,57.62394226378871,-2.944222180270695,1655214653,219,2006,16,Male,N,90,Buckie,Moray,AB56,"North East (Aberdeen)"
mad,57.66366165457978,-2.966788330471205,1655214723,215,2006,16,Male,School,94,Portgordon,Moray,AB56,"North East (Aberdeen)"
mad,57.64041158294176,-2.8482580931379684,1655214749,233,2005,17,Female,School,90,Buckie,Moray,AB56,"North East (Aberdeen)"
mad,57.655196353088705,-2.9233471683058516,1655214781,224,2006,16,Male,School,94,Portgordon,Moray,AB56,"North East (Aberdeen)"
mad,57.68578323454898,-2.860083498193174,1655290623,238,2008,14,Female,N,90,Buckie,Moray,AB56,"North East (Aberdeen)"
mad,57.61153195417957,-2.820425337277283,1655290643,246,2008,14,Male,School,90,Buckie,Moray,AB56,"North East (Aberdeen)"
mad,57.62266559289789,-2.8825486743177895,1655290681,243,2008,14,Male,School,90,Buckie,Moray,AB56,"North East (Aberdeen)"
mad,57.642549730814,-2.8821729063355597,1655290697,239,2008,14,Female,School,90,Buckie,Moray,AB56,"North East (Aberdeen)"
mad,57.60766116894516,-2.982958570946052,1655290720,250,2009,13,Female,School,90,Buckie,Moray,AB56,"North East (Aberdeen)"
mad,57.65439526684507,-2.8424313381963184,1655290721,255,2008,14,Male,School,90,Buckie,Moray,AB56,"North East (Aberdeen)"
mad,57.6970949237372,-2.860783949200662,1655290741,248,2008,14,Male,School,90,Buckie,Moray,AB56,"North East (Aberdeen)"
mad,57.67005611892726,-2.92699358317912,1655293117,261,2005,17,Male,School,90,Buckie,Moray,AB56,"North East (Aberdeen)"
mad,57.64404335491546,-2.9063274117945292,1655293125,259,2006,16,Male,N,90,Buckie,Moray,AB56,"North East (Aberdeen)"
mad,57.59812527844311,-2.80096177030628,1655293258,274,2006,16,Female,N,88,Keith, Moray,AB55,"North East (Aberdeen)"
mad,57.67316443483286,-2.8116749801908263,1655293281,275,2006,16,Male,School,94,Portgordon,Moray,AB56,"North East (Aberdeen)"
mad,57.67917024930201,-2.895559658252116,1655299329,288,2006,16,Female,School,93,Portessie,Moray,AB56,"North East (Aberdeen)"
mad,57.67986753038188,-2.821594213777835,1655299372,291,2006,16,Male,School,90,Buckie,Moray,AB56,"North East (Aberdeen)"
mad,57.63422294468869,-2.831645378949641,1655299618,293,2006,16,Male,School,90,Buckie,Moray,AB56,"North East (Aberdeen)"
mad,0,0,1655819962,65,1986,36,Female,Y,264,"Slateford, Edinburgh",Edinburgh,"Edinburgh Central","Lothian (Edinburgh)"
mad,60.14780389970635,-1.245106487024962,1663062757,331,1985,37,Male,Y,1501,Scalloway,"Shetland Isles",ZE1,"Shetland Islands"
mad,60.37096272632559,-1.2515563281495639,1663158191,333,2008,14,Female,School,1582,Mossbank,"Shetland Isles",ZE2,"Shetland Islands"
mad,60.01957852799194,-1.315325719818394,1663158226,339,2008,14,Male,School,1512,Brae,"Shetland Isles",ZE2,"Shetland Islands"
mad,60.77920250895101,-0.9110113840241161,1663158323,344,2008,14,Female,School,1521,Busta,"Shetland Isles",ZE2,"Shetland Islands"
mad,60.474728527407365,-1.2857539174691586,1663159562,340,2008,14,Female,School,1561,Hillswick,"Shetland Isles",ZE2,"Shetland Islands"
mad,59.993844880831226,-1.26060593424829,1663161334,356,2008,14,Male,School,1621,Vidlin,"Shetland Isles",ZE2,"Shetland Islands"
mad,59.90884985320061,-1.321209444472919,1663161430,365,2008,14,Male,School,1607,Sullom,"Shetland Isles",ZE2,"Shetland Islands"
mad,60.74890521711374,-0.9102435715259756,1663162311,352,2008,14,Male,N,1584,"North Roe","Shetland Isles",ZE2,"Shetland Islands"
mad,57.51081422394334,-7.216036135517196,1663178486,386,1988,34,Female,Y,693,"Isle of North Uist","Western Isles",HS6,"Western Isles"
mad,55.815767800185185,-4.267921734578704,1663181834,400,1976,46,Female,Y,645,Clarkston,"East Renfrewshire","Glasgow South",Glasgow
mad,56.23039005724707,-3.2899562235577378,1663182498,402,1960,62,Female,Y,1100,Scotlandwell,"Perth and Kinross",KY13,Fife
mad,55.89867344014314,-4.133854981506575,1663218255,410,1974,48,Male,Y,483,Stepps,"North Lanarkshire",G33,Glasgow
mad,59.88104962409194,-1.285631160072953,1663231100,414,1992,30,Other,Y,1638,Virkie,"Shetland Isles",ZE3,"Shetland Islands"
mad,55.76683060569394,-4.289016683984975,1663253919,426,1982,40,Female,Y,539,"Newton Mearns","East Renfrewshire",G77,Glasgow
mad,55.812412731921924,-4.2464647722350675,1664777386,454,1955,67,Male,Y,648,"Shawlands, Glasgow",Glasgow,"Glasgow South",Glasgow
mad,59.11318489944131,-3.308990259588254,1664792184,477,1966,56,Female,Y,1025,"Orkney Islands",Orkney,KW17,"Orkney Islands"
mad,56.235794674349066,-5.492561855835936,1664792717,484,1952,70,Male,N,1257,Oban,"Argyll and Bute",PA34,"Argyll and Bute"
mad,58.93797751866523,-2.9558093271417225,1664792918,487,1943,79,Male,N,967,Kirkwall,Orkney,KW15,"Orkney Islands"
mad,56.241291494083285,-2.9014397910457355,1664792951,488,1948,74,Female,School,1142,Methil,Fife,KY8,Fife
mad,56.47350352828093,-3.0206749601713705,1664794316,498,1950,72,Female,N,245,"Law, Dundee",Dundee,"Dundee Central","Tayside and Angus (Dundee)"
mad,56.491578644129575,-3.0258232207795497,1664794787,504,1964,58,Female,N,236,"Lochee, Dundee",Dundee,"Dundee Central","Tayside and Angus (Dundee)"
mad,58.92733423664788,-2.9334982200928934,1664797436,527,1947,75,Female,Y,1025,"Orkney Islands",Orkney,KW17,"Orkney Islands"
mad,58.78911597954303,-2.989962710437051,1664799539,539,1949,73,Female,Y,1025,"Orkney Islands",Orkney,KW17,"Orkney Islands"
mad,57.803064389066755,-3.9771413015907306,1664802372,557,1958,64,Male,Y,717,"Hill of Fearn",Highland,IV20,"Highlands (Inverness)"
mad,58.914948519519704,-2.8595840077027024,1664802870,564,1956,66,Female,N,1025,"Orkney Islands",Orkney,KW17,"Orkney Islands"
mad,55.946161525578766,-3.229414196562861,1664803860,109,1954,68,Female,N,299,"Broughton, Edinburgh",Edinburgh,"Edinburgh North","Lothian (Edinburgh)"
mad,60.13131100734591,-1.0859387499939483,1664804876,576,1953,69,Male,N,1622,Voe,"Shetland Isles",ZE2,"Shetland Islands"
mad,55.09146839812288,-3.535898375340791,1664805537,587,1959,63,Female,Y,186,"Dumfries (centre and east: Dalscone, Georgetown, Heathhall, Kingholm Quay, Noblehill, The Crichton)","Dumfries and Galloway",DG1,"Dumfries and Galloway"
mad,58.935180177138726,-2.830353804018018,1664806439,593,1957,65,Female,N,1025,"Orkney Islands",Orkney,KW17,"Orkney Islands"
mad,58.97279435153525,-3.0359580596965476,1664806784,595,1984,38,Female,N,967,Kirkwall,Orkney,KW15,"Orkney Islands"
mad,55.90124059048865,-3.297453104445112,1664807080,599,1985,37,Male,Y,319,"Blackford, Edinburgh",Edinburgh,"Edinburgh South","Lothian (Edinburgh)"
mad,55.90750440560532,-2.9735493665049306,1664810332,620,1962,60,Male,Y,336,Newtongrange,Midlothian,EH22,"Lothian (Edinburgh)"
mad,58.61513459698649,-3.1657112897393316,1664811162,622,1982,40,Female,Y,899,Wick,Highland,KW1,"Highlands (Inverness)"
mad,55.85849307807611,-3.651351087601114,1664814261,648,1949,73,Male,Y,364,Fauldhouse,"West Lothian",EH47,"Lothian (Edinburgh)"
mad,59.00877433286103,-3.125935767242391,1664815242,649,1960,62,Male,N,1025,"Orkney Islands",Orkney,KW17,"Orkney Islands"
mad,60.571798623120195,-1.3297977015492515,1664815346,652,1968,54,Male,Y,1623,Walls,"Shetland Isles",ZE2,"Shetland Islands"
mad,55.889513636606445,-4.038323574120157,1664816829,664,1980,42,Female,N,1189,Coatbridge,"North Lanarkshire",ML5,Glasgow
mad,55.89272553269058,-4.361500573020078,1664818799,677,1978,44,Female,N,638,"Drumchapel, Glasgow",Glasgow,"Glasgow Northwest",Glasgow
mad,60.14573342831844,-2.087303343183414,1664819607,684,1981,41,Female,N,1596,Scousburgh,"Shetland Isles",ZE2,"Shetland Islands"
mad,55.8597716329061,-4.270617786187184,1664821665,707,1948,74,Female,N,589,"Partickhill, Glasgow",Glasgow,"Glasgow Kelvin",Glasgow
mad,57.5807306683197,-4.582662008303145,1664823000,714,2004,18,Female,Y,704,Strathpeffer,Highland,IV14,"Highlands (Inverness)"
mad,55.87301123855051,-4.261537740407366,1664826380,732,1958,64,Female,Y,585,"Kelvindale, Glasgow",Glasgow,"Glasgow Kelvin",Glasgow
mad,58.58783755658205,-3.399949841901755,1664828166,741,1944,78,Male,N,931,Borgie,Highland,KW14,"Highlands (Inverness)"
mad,58.96555896900849,-3.063690910163617,1664828494,742,1977,45,Female,Y,982,Stromness,Orkney,KW16,"Orkney Islands"
mad,59.3818342934751,-2.433589836176674,1664830223,755,1958,64,Female,Y,1025,"Orkney Islands",Orkney,KW17,"Orkney Islands"
mad,55.709572780592545,-4.291978090911656,1664832474,767,1988,34,Male,Y,535,Busby,"East Renfrewshire",G76,Glasgow
mad,55.76091676797104,-4.1411278862726215,1664832607,769,1953,69,Male,N,530,"East Kilbride (north: The Village, East Mains, West Mains, Lymekilns, St Leonards, Calderwood, Nerston, Stewartfield, Peel Park)","South Lanarkshire",G74,Glasgow
mad,55.982289772094,-3.7921504525404752,1664840859,792,2004,18,Female,Y,377,"Falkirk (centre and south: Arnothill, Bantaskin, Callendar Park, Glen Village, Hallglen, Lionthorn, Tamfourhill, Woodlands)",Falkirk,FK1,"Stirling and Falkirk"
mad,55.83324521922745,-4.235533604913886,1664842063,794,1947,75,Male,N,676,"Mosspark, Glasgow",Glasgow,"Glasgow Southwest",Glasgow
mad,60.261729624299775,-1.6176791873696625,1664862916,801,1992,30,Female,Y,1595,Sandwick,"Shetland Isles",ZE2,"Shetland Islands"
mad,55.8790330781854,-4.32240502343257,1664864635,805,1962,60,Female,Y,586,"Kelvinside, Glasgow",Glasgow,"Glasgow Kelvin",Glasgow
mad,57.67964142224566,-2.0157440775595132,1664868200,818,1952,70,Female,N,57,Fraserburgh,Aberdeenshire,AB43,"North East (Aberdeen)"
mad,57.652832957158594,-2.1567771361970487,1664868368,818,1952,70,Female,N,57,Fraserburgh,Aberdeenshire,AB43,"North East (Aberdeen)"
mad,56.03331203434394,-4.925388698978575,1664868860,823,1964,58,Male,Y,1241,Dunoon,"Argyll and Bute",PA23,"Argyll and Bute"
mad,57.49176080114756,-4.217297120866462,1664870743,853,1984,38,Male,Y,699,"Inverness (centre, north: Longman)",Highland,IV1,"Highlands (Inverness)"
mad,57.59006589518002,-3.3807226262106025,1664872550,905,1942,80,Male,Y,737,Elgin,Moray,IV30,"North East (Aberdeen)"
mad,57.66513177847804,-2.479756296331117,1664873134,927,1968,54,Female,N,58,Macduff,Aberdeenshire,AB44,"North East (Aberdeen)"
mad,56.47498800868507,-3.0030739043669117,1664874223,952,1948,74,Male,Y,244,"Stobswell, Dundee",Dundee,"Dundee Central","Tayside and Angus (Dundee)"
mad,55.54915347752632,-4.472835359235626,1664874664,969,1960,62,Male,N,779,"Kilmarnock (centre and south: Bonnyton, Grange, Bellfield, Shortlees, Caprington, Riccarton, Hurlford)","East Ayrshire",KA1,Ayrshire
mad,59.90305008329565,-1.291664568665109,1664875487,1003,1991,31,Male,Y,1636,Sumburgh,"Shetland Isles",ZE3,"Shetland Islands"
mad,55.92309804289117,-4.398455835365935,1664875678,1012,1964,58,Male,N,546,Clydebank,"West Dunbartonshire",G81,Glasgow
mad,55.81481077128053,-4.345394011092598,1664875778,1007,1961,61,Male,Y,678,"Cardonald, Glasgow",Glasgow,"Glasgow Southwest",Glasgow
mad,55.709852278452566,-4.386725207311104,1664875886,1026,1969,53,Female,Y,837,"Kilmarnock (north: Onthank, Townholm, Altonhill, Longpark, Beansburn, New Farm Loch, Knockinlaw, Hillhead, Crookedholm)","East Ayrshire",KA3,Ayrshire
mad,57.3686220009526,-4.344343308086578,1664876068,1033,1952,70,Male,N,714,"Inverness (east: Culcabock, Crown, Culduthel, Drummond, Haugh, Hilton, Holm, Lochardil, Millburn, Raigmore)",Highland,IV2,"Highlands (Inverness)"
mad,55.869119654025404,-4.115371115291988,1664876091,1030,1960,62,Male,Y,634,"Maryhill, Glasgow",Glasgow,"Glasgow Northeast",Glasgow
mad,57.30581805605395,-4.208675111674895,1664877355,1122,1988,34,Male,Y,712,Ardersier,Highland,IV2,"Highlands (Inverness)"
mad,55.69151291919907,-3.159110077988076,1664877389,1128,1987,35,Female,Y,362,Peebles,"Scottish Borders",EH45,Borders
mad,55.91429759590883,-3.969207209612266,1664877544,1136,1983,39,Female,Y,1192,Airdrie,"North Lanarkshire",ML6,Glasgow
mad,55.78347317622357,-3.98338218673897,1664878035,1155,1972,50,Male,Y,1151,Motherwell,"North Lanarkshire",ML1,Glasgow
mad,55.30292399425048,-3.9924719693323585,1664878363,1168,1956,66,Female,Y,210,Thornhill,"Dumfries and Galloway",DG3,"Dumfries and Galloway"
mad,56.476692807104634,-2.9126207000595503,1664878471,1170,1962,60,Male,N,251,"Kirkton, Dundee",Dundee,"Dundee North","Tayside and Angus (Dundee)"
mad,55.94495301731996,-3.1448062949330593,1664878784,1191,1958,64,Male,N,281,"Portobello, Edinburgh",Edinburgh,"Edinburgh Duddingston","Lothian (Edinburgh)"
mad,57.69768894665798,-4.180910288349672,1664879300,1218,1970,52,Female,Y,708,Invergordon,Highland,IV18,"Highlands (Inverness)"
mad,55.65493981786975,-4.306054846428307,1664879769,1236,1961,61,Female,Y,837,"Kilmarnock (north: Onthank, Townholm, Altonhill, Longpark, Beansburn, New Farm Loch, Knockinlaw, Hillhead, Crookedholm)","East Ayrshire",KA3,Ayrshire
mad,56.00601831504912,-3.740413114164493,1664880129,1142,1966,56,Male,N,439,Grangemouth,Falkirk,FK3,"Stirling and Falkirk"
mad,57.199623868824474,-2.2493963125353824,1664880270,1265,1960,62,Female,Y,112,"Dyce, Aberdeen",Aberdeen,"Aberdeen North","North East (Aberdeen)"
mad,56.46613602132408,-2.9419214239074107,1664881045,1291,1951,71,Female,Y,251,"Kirkton, Dundee",Dundee,"Dundee North","Tayside and Angus (Dundee)"
mad,57.15971203167159,-2.2235711928568285,1664881067,1289,1997,25,Male,Y,112,"Dyce, Aberdeen",Aberdeen,"Aberdeen North","North East (Aberdeen)"
mad,55.83105804435671,-4.304635056072363,1664881096,1292,1952,70,Female,Y,658,"Giffnock, Glasgow",Glasgow,"Glasgow South",Glasgow
mad,58.8148696735431,-2.956465255898692,1664881270,1300,1952,70,Female,Y,1025,"Orkney Islands",Orkney,KW17,"Orkney Islands"
mad,57.68332686743974,-3.3336807862698343,1664883315,1378,1959,63,Male,Y,737,Elgin,Moray,IV30,"North East (Aberdeen)"
mad,58.089572105947006,-5.031183709467692,1664883714,1391,1961,61,Female,N,731,Tongue,Highland,IV27,"Highlands (Inverness)"
mad,56.00043182749221,-3.9252490138459395,1664883796,1395,1952,70,Male,Y,452,Denny,Falkirk,FK6,"Stirling and Falkirk"
mad,57.30764063951854,-5.6213592369323,1664884180,1401,1948,74,Male,N,765,Plockton,Highland,IV52,"Highlands (Inverness)"
mad,55.77949156004183,-4.188889173205907,1664884565,1416,1966,56,Male,Y,530,"East Kilbride (north: The Village, East Mains, West Mains, Lymekilns, St Leonards, Calderwood, Nerston, Stewartfield, Peel Park)","South Lanarkshire",G74,Glasgow
mad,57.82248463948331,-3.8395014296605794,1664885621,557,1958,64,Male,Y,717,"Hill of Fearn",Highland,IV20,"Highlands (Inverness)"
mad,57.7831227160549,-4.0550952085778205,1664885625,1449,1958,64,Female,N,711,Tain,Highland,IV19,"Highlands (Inverness)"
mad,57.08732723360947,-2.2829790534667227,1664886205,1478,1976,46,Female,Y,130,"Ferryhill, Aberdeen",Aberdeen,"Aberdeen Southwest","North East (Aberdeen)"
mad,55.96969643895503,-3.1563335470004423,1664886532,1489,1956,66,Male,Y,285,"Leith, Edinburgh",Edinburgh,"Edinburgh Leith","Lothian (Edinburgh)"
mad,56.47755189832634,-2.9796643844121165,1664887151,1517,1949,73,Female,Y,234,"Baxter Park, Dundee",Dundee,"Dundee Bluebelt","Tayside and Angus (Dundee)"
mad,57.38068691033806,-2.418550589402839,1664887436,1537,1976,46,Male,Y,64,Inverurie,Aberdeenshire,AB51,"North East (Aberdeen)"
mad,55.791841649504214,-4.303775990688571,1664887554,1532,1966,56,Female,N,660,"Arden, Glasgow",Glasgow,"Glasgow South",Glasgow
mad,57.42901740564806,-1.8240922286230488,1664887566,1536,1950,72,Male,Y,54,Peterhead,Aberdeenshire,AB42,"North East (Aberdeen)"
mad,55.895884927313105,-3.345690010849542,1664888851,1582,2002,20,Male,Y,308,"Liberton, Edinburgh",Edinburgh,"Edinburgh South","Lothian (Edinburgh)"
mad,57.619809129683695,-4.156482974955188,1664890225,1611,1980,42,Male,Y,700,Fortrose,Highland,IV10,"Highlands (Inverness)"
mad,57.17145836491836,-2.1147861921165667,1664890480,1615,1971,51,Female,Y,107,"Rosemount, Aberdeen",Aberdeen,"Aberdeen Central","North East (Aberdeen)"
mad,56.089179747511714,-3.3144084009612444,1664891197,1632,1955,67,Male,Y,1124,Kelty,Fife,KY4,Fife
mad,55.44913045837187,-5.241108798482588,1664891986,1646,1999,23,Male,Y,827,"Isle of Arran","North Ayrshire",KA27,Ayrshire
mad,55.43018474068091,-4.681260114736867,1664892070,1653,1988,34,Female,Y,856,"Ayr (Centre)","South Ayrshire",KA7,Ayrshire
mad,56.32209535527416,-5.511924100717026,1664892372,1650,1950,72,Female,N,1257,Oban,"Argyll and Bute",PA34,"Argyll and Bute"
mad,57.664331360580114,-2.491169758508228,1664892573,1667,2003,19,Male,Y,58,Macduff,Aberdeenshire,AB44,"North East (Aberdeen)"
mad,55.91801884057614,-4.337202599955595,1664893338,1690,1973,49,Female,Y,488,Bearsden,"East Dunbartonshire",G61,Glasgow
mad,55.97332539990722,-3.156458208410338,1664893921,1702,1948,74,Female,Y,285,"Leith, Edinburgh",Edinburgh,"Edinburgh Leith","Lothian (Edinburgh)"
mad,60.283433071435674,-1.2820862996508988,1664894380,1712,1994,28,Male,Y,1512,Brae,"Shetland Isles",ZE2,"Shetland Islands"
mad,57.081410065549115,-5.684621704872493,1664894714,1374,1983,39,Male,Y,1392,Mallaig,Highland,PH41,"Highlands (Inverness)"
mad,56.71659642089528,-4.108886897947149,1664894849,1723,1957,65,Male,Y,1329,Pitlochry,"Perth and Kinross",PH16,Fife
mad,55.93474209469448,-4.137334842723921,1664894905,1726,1953,69,Male,Y,507,Kirkintilloch,"East Dunbartonshire",G66,Glasgow
mad,55.90033818904509,-3.5873893699881436,1664894965,1731,2004,18,Female,Y,375,Livingston,"West Lothian",EH54,"Lothian (Edinburgh)"
mad,56.48761135304616,-2.9935421184386164,1664898072,1814,1945,77,Male,N,233,"Fairmuir, Dundee",Dundee,"Dundee Bluebelt","Tayside and Angus (Dundee)"
mad,55.91120339934529,-4.42867164846131,1664898089,1815,1964,58,Male,Y,546,Clydebank,"West Dunbartonshire",G81,Glasgow
mad,55.85519672740496,-4.65825883178387,1664898253,1820,1966,56,Male,N,1222,Kilbarchan,Renfrewshire,PA10,Glasgow
mad,55.82687848638252,-4.078197866137232,1664900866,1881,1962,60,Male,Y,525,Uddingston,"South Lanarkshire",G71,Glasgow
mad,55.893251837225506,-4.222412781062837,1664901127,1882,1980,42,Male,N,629,"Barmulloch, Glasgow",Glasgow,"Glasgow Northeast",Glasgow
mad,57.174686876673064,-2.165185573823072,1664901130,1892,1954,68,Male,Y,107,"Rosemount, Aberdeen",Aberdeen,"Aberdeen Central","North East (Aberdeen)"
mad,57.08682654949379,-2.5757445916597366,1664902302,1925,1962,60,Male,N,25,Torphins,Aberdeenshire,AB31,"North East (Aberdeen)"
mad,55.48014813500395,-4.593920326575835,1664903003,1940,1950,72,Female,Y,868,"Newton on Ayr","South Ayrshire",KA8,Ayrshire
mad,55.95581563819211,-2.976025462116558,1664903993,1963,1976,46,Female,Y,348,Prestonpans,"East Lothian",EH32,"Lothian (Edinburgh)"
mad,56.4791587783962,-2.922188639904044,1664904466,1967,1948,74,Male,Y,250,"Downfield, Dundee",Dundee,"Dundee North","Tayside and Angus (Dundee)"
mad,56.143353940490584,-3.129223711134603,1664904521,1969,1956,66,Female,Y,1080,Thornton,Fife,KY1,Fife
mad,57.43459765003124,-4.363024825059621,1664904585,1970,1956,66,Male,N,736,"Inverness (west: Ballifeary, Balnafettack, Clachnaharry, Dalneigh, Kinmylies, Leachkin, Merkinch, Muirtown, South Kessock)",Highland,IV3,"Highlands (Inverness)"
mad,55.67477966737403,-4.013139198260822,1664904736,1978,1964,58,Female,Y,1217,Larkhall,"North Lanarkshire",ML9,Glasgow
mad,57.61088566884977,-3.7294013397978296,1664904749,1972,1957,65,Male,N,740,Forres,Moray,IV36,"North East (Aberdeen)"
mad,59.195821968138276,-3.075004879575616,1664904773,1976,1968,54,Female,Y,1025,"Orkney Islands",Orkney,KW17,"Orkney Islands"
mad,55.97335450107439,-3.1512947433627874,1664905257,1489,1956,66,Male,Y,285,"Leith, Edinburgh",Edinburgh,"Edinburgh Leith","Lothian (Edinburgh)"
mad,55.75076691132073,-4.263245146121056,1664906999,2030,1958,64,Female,N,530,"East Kilbride (north: The Village, East Mains, West Mains, Lymekilns, St Leonards, Calderwood, Nerston, Stewartfield, Peel Park)","South Lanarkshire",G74,Glasgow
mad,55.888065108962266,-3.4815495641723437,1664907777,2051,1976,46,Female,Y,373,"Mid Calder","West Lothian",EH53,"Lothian (Edinburgh)"
mad,55.97307431741788,-3.157797244374945,1664908427,2067,1955,67,Female,Y,285,"Leith, Edinburgh",Edinburgh,"Edinburgh Leith","Lothian (Edinburgh)"
mad,58.99862360809081,-3.095753752488785,1664908944,2078,1974,48,Male,Y,967,Kirkwall,Orkney,KW15,"Orkney Islands"
mad,56.14816406733746,-5.449928382961333,1664910873,2125,1983,39,Female,Y,1254,Lochgilphead,"Argyll and Bute",PA31,"Argyll and Bute"
mad,56.02856654664132,-3.7672367512766023,1664911573,2137,1958,64,Female,Y,422,"Falkirk (north: Grahamston, Middlefield, Westfield)",Falkirk,FK2,"Stirling and Falkirk"
mad,55.93453378262359,-3.096256888465511,1664911686,2141,1955,67,Male,N,330,Musselburgh,"East Lothian",EH21,"Lothian (Edinburgh)"
mad,56.0223748308522,-3.7733872214563373,1664911790,2137,1958,64,Female,Y,422,"Falkirk (north: Grahamston, Middlefield, Westfield)",Falkirk,FK2,"Stirling and Falkirk"
mad,55.70349946561978,-4.152114224348106,1664911859,2148,1995,27,Female,Y,534,"East Kilbride (south: Hairmyres, Westwood, The Murray, Murray East, Whitehills, Greenhill, Newlandsmuir, Gardenhall, Crosshouse, Newlands, Lindsayfield, Mossneuk)","South Lanarkshire",G75,Glasgow
mad,57.4434492333895,-1.9651223427118358,1664911899,2146,1980,42,Male,Y,54,Peterhead,Aberdeenshire,AB42,"North East (Aberdeen)"
mad,55.90646297648604,-3.2854495864638467,1664911942,2151,1971,51,Female,Y,271,"Abbeyhill, Edinburgh",Edinburgh,"Edinburgh Central","Lothian (Edinburgh)"
mad,55.66207078121155,-3.0784060760967686,1664913543,2186,1976,46,Male,N,361,Innerleithen,"Scottish Borders",EH44,Borders
mad,58.53589050958829,-4.02673984567034,1664913863,2196,1975,47,Female,Y,954,Scarfskerry,Highland,KW14,"Highlands (Inverness)"
mad,55.93608835649161,-4.811676551569849,1664914629,2219,1962,60,Male,Y,1231,"Greenock (west: Bow Farm, Braeside, Branchton, Fort Matilda, Gateside, Greenock West, Overton, Pennyfern, Smithston)",Inverclyde,PA16,Glasgow
mad,58.20468178821029,-6.374391294949702,1664916108,2247,1965,57,Female,Y,686,"Stornoway, Isle of Lewis","Western Isles",HS1,"Western Isles"
mad,57.73458696481969,-7.065421055923923,1664918139,2286,1994,28,Male,Y,692,"Leverburgh, Isle of Harris","Western Isles",HS5,"Western Isles"
mad,55.916073363348396,-4.4011101744160515,1664918331,2291,1953,69,Female,Y,546,Clydebank,"West Dunbartonshire",G81,Glasgow
mad,55.84644377925749,-4.2670707006460775,1664918751,2314,1967,55,Male,Y,683,"Priesthill, Glasgow",Glasgow,"Glasgow Southwest",Glasgow
mad,56.471725433544094,-2.8651540039969894,1664918772,2308,1968,54,Male,N,246,"West Ferry, Dundee",Dundee,"Dundee East","Tayside and Angus (Dundee)"
mad,60.557862670910836,-1.4339575990222855,1664919529,2329,1975,47,Female,Y,1623,Walls,"Shetland Isles",ZE2,"Shetland Islands"
mad,55.7252388007407,-4.568111865246453,1664920064,2342,1966,56,Male,Y,791,Beith,"East Ayrshire",KA15,Ayrshire
mad,56.1678212419378,-3.41996865620873,1664920689,2364,1976,46,Male,Y,1097,Kinnesswood,"Perth and Kinross",KY13,Fife
mad,55.0645919512058,-3.5715753036997966,1664920726,2363,1989,33,Male,Y,186,"Dumfries (centre and east: Dalscone, Georgetown, Heathhall, Kingholm Quay, Noblehill, The Crichton)","Dumfries and Galloway",DG1,"Dumfries and Galloway"
mad,57.62739765963837,-1.875935583668632,1664920879,2368,1994,28,Male,Y,57,Fraserburgh,Aberdeenshire,AB43,"North East (Aberdeen)"
mad,55.96162336843969,-4.330908322775211,1664922462,2381,1975,47,Female,Y,489,Milngavie,"East Dunbartonshire",G62,Glasgow
mad,54.90567144566532,-5.106364607405163,1664922700,2382,1967,55,Female,Y,231,Stranraer,"Dumfries and Galloway",DG9,"Dumfries and Galloway"
mad,55.9641177174084,-3.3529731780278262,1664923898,2397,2000,22,Male,N,306,"Queensferry, Edinburgh",Edinburgh,"Edinburgh Queensferry","Lothian (Edinburgh)"
mad,55.91666930973868,-3.7006786825274705,1664956528,2507,1958,64,Female,Y,368,Bathgate,"West Lothian",EH48,"Lothian (Edinburgh)"
mad,60.217886525930496,-1.443128112273468,1664956949,2512,1981,41,Female,Y,1510,Bixter,"Shetland Isles",ZE2,"Shetland Islands"
mad,55.423350998298005,-4.639667507680204,1664959441,2545,1952,70,Female,N,856,"Ayr (Centre)","South Ayrshire",KA7,Ayrshire
mad,56.54204293283164,-4.638430580882202,1664961192,2561,1964,58,Male,Y,1327,Aberfeldy,"Perth and Kinross",PH15,Fife
mad,57.464764256291254,-2.4311531130609505,1664961650,2565,1961,61,Female,N,78,Turriff,Aberdeenshire,AB53,"North East (Aberdeen)"
mad,55.70574991768919,-3.9613273915259337,1664962627,2573,1978,44,Male,Y,1217,Larkhall,"North Lanarkshire",ML9,Glasgow
mad,56.17104643262261,-3.1934759939024455,1664963246,2584,1957,65,Male,Y,1079,"Kirkcaldy (east: Linktown, Port Brae, Pathhead, Sinclairtown, Smeaton, Gallatown)",Fife,KY1,Fife
mad,57.70908625247396,-3.3454552078446396,1664964036,2590,1971,51,Male,Y,738,Lossiemouth,Moray,IV31,"North East (Aberdeen)"
mad,57.69603944807569,-3.3921364311666102,1664968138,2627,1994,28,Female,Y,737,Elgin,Moray,IV30,"North East (Aberdeen)"
mad,56.48690794821548,-2.96336998092279,1664969404,2651,1969,53,Male,Y,254,"Douglas, Dundee",Dundee,"Dundee North","Tayside and Angus (Dundee)"
mad,55.783334202992734,-3.895079850234335,1664969415,2643,1963,59,Male,Y,1180,Wishaw,"North Lanarkshire",ML2,Glasgow
mad,57.03354315929555,-2.2954029807681624,1664969447,2646,1978,44,Male,Y,48,Stonehaven,Aberdeenshire,AB39,"North East (Aberdeen)"
mad,55.891690763804775,-3.0114090000427303,1664969603,2664,1966,56,Female,Y,334,Dalkeith,Midlothian,EH22,"Lothian (Edinburgh)"
mad,55.38990922016155,-4.762434426118201,1664969801,2696,1983,39,Male,Y,856,"Ayr (Centre)","South Ayrshire",KA7,Ayrshire
mad,55.56803113803677,-4.397100958168137,1664969915,2704,1991,31,Male,N,779,"Kilmarnock (centre and south: Bonnyton, Grange, Bellfield, Shortlees, Caprington, Riccarton, Hurlford)","East Ayrshire",KA1,Ayrshire
mad,55.784371885138825,-4.173138685560447,1664970579,2749,1971,51,Female,Y,530,"East Kilbride (north: The Village, East Mains, West Mains, Lymekilns, St Leonards, Calderwood, Nerston, Stewartfield, Peel Park)","South Lanarkshire",G74,Glasgow
mad,55.908767260273656,-3.3260928113898887,1664970661,2748,1972,50,Female,Y,314,"Morningside, Edinburgh",Edinburgh,"Edinburgh South","Lothian (Edinburgh)"
mad,56.46797598016414,-2.9291303740756915,1664971242,2795,1955,67,Female,Y,254,"Douglas, Dundee",Dundee,"Dundee North","Tayside and Angus (Dundee)"
mad,55.91496997416704,-4.500532838058392,1664971534,2814,1948,74,Male,Y,1292,Bishopton,Renfrewshire,PA7,Glasgow
mad,57.69362573497711,-3.352009738668655,1664971609,2823,1967,55,Male,Y,737,Elgin,Moray,IV30,"North East (Aberdeen)"
mad,57.46981294488439,-7.231102125525079,1664971659,2827,1988,34,Male,Y,694,"Isle of Benbecula","Western Isles",HS7,"Western Isles"
mad,55.8617268381432,-3.071692755774964,1664971671,2826,1946,76,Female,Y,328,Bonnyrigg,Midlothian,EH19,"Lothian (Edinburgh)"
mad,57.48401196921906,-1.8394817797535838,1664972740,2869,1990,32,Other,Y,54,Peterhead,Aberdeenshire,AB42,"North East (Aberdeen)"
mad,56.43110815665174,-3.2718683865786122,1664973351,2901,1961,61,Male,N,1353,Scone,"Perth and Kinross",PH2,Fife
mad,55.95470861362081,-3.506240993996956,1664974113,2942,1962,60,Female,Y,371,Broxburn,"West Lothian",EH52,"Lothian (Edinburgh)"
mad,56.46458039438796,-3.5119849234542633,1664974383,2952,1955,67,Male,Y,1313,"Perth (north and west: Burghmuir, Cherrybank, Hillyland, Inveralmond, Lethom, Muirton, North Muirton, Tulloch)","Perth and Kinross",PH1,Fife
mad,54.92458005254538,-4.687874676338344,1664974756,2983,1970,52,Male,Y,227,Wigtown,"Dumfries and Galloway",DG8,"Dumfries and Galloway"
mad,55.91771334674495,-2.7154792335478515,1664975089,2993,1987,35,Other,Y,357,Haddington,"East Lothian",EH41,"Lothian (Edinburgh)"
mad,57.11995091038437,-2.251303380749779,1664975437,3008,1973,49,Male,Y,133,"Bieldside, Aberdeen",Aberdeen,"Aberdeen Southwest","North East (Aberdeen)"
mad,55.95040362358279,-4.24883600899563,1664975840,3030,1971,51,Male,N,502,Bishopbriggs,"East Dunbartonshire",G64,Glasgow
mad,55.0472104812427,-3.8489916659423336,1664976432,3052,1963,59,Female,Y,207,"Dumfries (west: Broomlands, Cargenbridge, Lochside, Maxwelltown, Troqueer)","Dumfries and Galloway",DG2,"Dumfries and Galloway"
mad,55.7560275222158,-4.142943326796713,1664978085,3117,1975,47,Female,Y,530,"East Kilbride (north: The Village, East Mains, West Mains, Lymekilns, St Leonards, Calderwood, Nerston, Stewartfield, Peel Park)","South Lanarkshire",G74,Glasgow
mad,57.3514700860391,-2.247580604782051,1664978925,3154,1993,29,Male,Y,52,"Udny Station",Aberdeenshire,AB41,"North East (Aberdeen)"
mad,58.21904613975237,-6.375819140334911,1664979736,3176,1972,50,Male,N,686,"Stornoway, Isle of Lewis","Western Isles",HS1,"Western Isles"
mad,55.78521376988487,-4.3049674879425375,1664980729,3203,1988,34,Female,Y,653,"Netherlee, Glasgow",Glasgow,"Glasgow South",Glasgow
mad,56.45682333125164,-2.9929535970674856,1664980890,3228,1973,49,Male,Y,261,"Westend, Dundee",Dundee,"Dundee West","Tayside and Angus (Dundee)"
mad,56.15057712183375,-4.064049471013429,1664980946,3208,1987,35,Female,Y,477,"Bridge of Allan",Stirlingshire,FK9,"Stirling and Falkirk"
mad,55.080024992809335,-3.228786521479755,1664981431,3248,1991,31,Male,Y,196,Lockerbie,"Dumfries and Galloway",DG11,"Dumfries and Galloway"
mad,55.88895600646237,-3.25276022369167,1664981695,3250,1942,80,Male,Y,320,"Newington, Edinburgh",Edinburgh,"Edinburgh South","Lothian (Edinburgh)"
mad,55.85271090403613,-4.090932792081821,1664981696,3263,1981,41,Other,Y,629,"Barmulloch, Glasgow",Glasgow,"Glasgow Northeast",Glasgow
mad,55.38767073957869,-2.9024522286973973,1664981785,3260,1998,24,Female,Y,1493,Hawick,"Scottish Borders",TD9,Borders
mad,55.739431944809475,-4.081158248871768,1664983456,3312,1967,55,Female,Y,1183,Hamilton,"South Lanarkshire",ML3,Glasgow
mad,55.661993093201986,-4.546354975020596,1664983750,3347,1991,31,Male,Y,834,Dunlop,"East Ayrshire",KA3,Ayrshire
mad,55.83000103710482,-3.8895650939779185,1664983840,3348,1961,61,Female,Y,1151,Motherwell,"North Lanarkshire",ML1,Glasgow
mad,59.24037189446216,-2.593050803154948,1664983929,3359,1971,51,Male,Y,1025,"Orkney Islands",Orkney,KW17,"Orkney Islands"
mad,56.30739900724774,-3.5044808333631092,1664985302,3356,1976,46,Female,Y,1354,"Perth (south and east: Barnhill, Bridgend, Craigie, Kincarrathie, Upper Craigie)","Perth and Kinross",PH2,Fife
mad,55.939252119774366,-3.443173944620125,1664985554,3411,1959,63,Female,Y,371,Broxburn,"West Lothian",EH52,"Lothian (Edinburgh)"
mad,55.89033452456939,-4.356376622733167,1664986060,3439,1965,57,Female,Y,643,"Anniesland, Glasgow",Glasgow,"Glasgow Northwest",Glasgow
mad,58.49221303068229,-3.625775724219276,1664986186,3451,1957,65,Female,Y,961,Thurso,Highland,KW14,"Highlands (Inverness)"
mad,56.00433371743738,-3.6023444935245412,1664988118,3501,1962,60,Other,Y,370,Bo'ness,Falkirk,EH51,"Lothian (Edinburgh)"
mad,56.28591339243293,-5.0398098092409755,1664988158,3496,1958,64,Male,N,1255,Inveraray,"Argyll and Bute",PA32,"Argyll and Bute"
mad,55.89016987215335,-2.5322015400610205,1664988566,3370,1950,72,Male,Y,1423,Duns,"Scottish Borders",TD11,Borders
mad,58.52794938389596,-3.2016485426602523,1664988938,3527,1960,62,Female,Y,899,Wick,Highland,KW1,"Highlands (Inverness)"
mad,57.30658598154966,-7.2273888362656935,1664990720,3579,1961,61,Male,Y,695,"Isle of South Uist","Western Isles",HS8,"Western Isles"
mad,60.56846799011315,-1.344687085497251,1664990860,3583,1968,54,Female,Y,1555,Hamnavoe,"Shetland Isles",ZE2,"Shetland Islands"
mad,55.820321429310944,-4.313499373929838,1664991776,3625,1966,56,Male,Y,647,"Pollokshields, Glasgow",Glasgow,"Glasgow South",Glasgow
mad,58.97494114809282,-3.1114941768939746,1664992235,3641,1960,62,Male,N,982,Stromness,Orkney,KW16,"Orkney Islands"
mad,55.8488288540876,-4.42750919033933,1664993839,3691,1964,58,Female,N,1248,Linwood,Renfrewshire,PA3,Glasgow
mad,55.856027456725535,-3.0916402115869794,1664994246,3707,1973,49,Female,Y,328,Bonnyrigg,Midlothian,EH19,"Lothian (Edinburgh)"
mad,56.49154685819145,-3.0227492172515062,1664994305,3711,1983,39,Male,Y,237,"Blackness, Dundee",Dundee,"Dundee Central","Tayside and Angus (Dundee)"
mad,57.62540957858666,-3.5168204193702173,1664995435,3762,1963,59,Female,N,740,Forres,Moray,IV36,"North East (Aberdeen)"
mad,56.154587762864516,-3.4239331102698602,1664995740,3781,1959,63,Female,Y,1122,Crossgates,Fife,KY4,Fife
mad,57.689929814478816,-3.2978012333532405,1664995950,3779,1976,46,Male,Y,738,Lossiemouth,Moray,IV31,"North East (Aberdeen)"
mad,55.82250965490289,-4.18551695656959,1664996350,3799,1979,43,Female,Y,652,"King's Park, Glasgow",Glasgow,"Glasgow South",Glasgow
mad,56.08499446334479,-3.308190581009239,1664996817,3809,2004,18,Female,Y,1118,Aberdour,Fife,KY3,Fife
mad,56.476459745407205,-2.919399787123909,1664997615,3858,1987,35,Female,Y,256,"Whitfield, Dundee",Dundee,"Dundee North","Tayside and Angus (Dundee)"
mad,56.87306678063438,-2.5635018300457304,1664997832,3868,1999,23,Male,Y,18,Laurencekirk,Aberdeenshire,AB30,"North East (Aberdeen)"
mad,57.144219208584,-2.241141891038432,1664997864,3866,1975,47,Male,Y,112,"Dyce, Aberdeen",Aberdeen,"Aberdeen North","North East (Aberdeen)"
mad,60.15459322822812,-1.213354723592516,1664998011,3873,1978,44,Female,Y,1500,Lerwick,"Shetland Isles",ZE1,"Shetland Islands"
mad,55.9465903264267,-3.0807344029785355,1664998138,3877,1957,65,Male,N,281,"Portobello, Edinburgh",Edinburgh,"Edinburgh Duddingston","Lothian (Edinburgh)"
mad,57.54991202551664,-4.2075111870437425,1664998284,3886,1981,41,Female,Y,778,Avoch,Highland,IV9,"Highlands (Inverness)"
mad,60.14658597922768,-1.3580031413463556,1664998820,3911,1993,29,Female,Y,1500,Lerwick,"Shetland Isles",ZE1,"Shetland Islands"
mad,55.57671189309503,-4.637584282165849,1664998853,3912,1976,46,Female,Y,785,"Irvine (east, south: Perceton, Lawthorn, Girdle Toll, Stanecastle, Bourtreehill, Broomlands, Dreghorn, Springside)","North Ayrshire",KA11,Ayrshire
mad,56.3504177052752,-3.261005637876375,1664998970,3914,2008,14,Male,School,1102,Newburgh,Fife,KY14,Fife
mad,57.17444837325335,-2.1667301042028675,1664998978,3915,1972,50,Male,N,98,"Northfield, Aberdeen",Aberdeen,"Aberdeen Central","North East (Aberdeen)"
mad,57.581623540555064,-2.9055437159986726,1664999572,3940,1948,74,Male,Y,88,Keith, Moray,AB55,"North East (Aberdeen)"
mad,57.660581523781374,-3.2658417662777355,1665000480,3972,1972,50,Male,N,737,Elgin,Moray,IV30,"North East (Aberdeen)"
mad,56.13837835894105,-3.675074274544212,1665000518,3975,1961,61,Male,N,391,Alloa,Clackmannanshire,FK10,"Stirling and Falkirk"
mad,55.891721974269046,-4.766926122907366,1665000866,3979,1975,47,Female,Y,1231,"Greenock (west: Bow Farm, Braeside, Branchton, Fort Matilda, Gateside, Greenock West, Overton, Pennyfern, Smithston)",Inverclyde,PA16,Glasgow
mad,60.1549982424657,-1.1499419788896457,1665000881,3984,1977,45,Female,N,1501,Scalloway,"Shetland Isles",ZE1,"Shetland Islands"
mad,56.46574032269345,-3.045888786983844,1665001144,3988,1957,65,Male,N,239,"Charleston, Dundee",Dundee,"Dundee Central","Tayside and Angus (Dundee)"
mad,57.48742756389306,-4.19719817439821,1665001836,4020,1997,25,Female,Y,698,"North Kessock",Highland,IV1,"Highlands (Inverness)"
mad,55.850306912451416,-4.29887935382506,1665002422,4045,1969,53,Female,Y,677,"Hillington, Glasgow",Glasgow,"Glasgow Southwest",Glasgow
mad,55.87863260842857,-3.2994483801813836,1665003414,4081,1944,78,Female,N,308,"Liberton, Edinburgh",Edinburgh,"Edinburgh South","Lothian (Edinburgh)"
mad,55.94666625360649,-3.0789816041296514,1665003522,3877,1957,65,Male,N,281,"Portobello, Edinburgh",Edinburgh,"Edinburgh Duddingston","Lothian (Edinburgh)"
mad,55.93722173788663,-3.8474564555601227,1665003540,4075,1944,78,Male,N,380,Camelon, Falkirk,FK1,"Stirling and Falkirk"
mad,55.85504017182224,-4.489006788881832,1665003750,4100,1970,52,Male,Y,1248,Linwood,Renfrewshire,PA3,Glasgow
mad,56.32191745367483,-3.0242859733641074,1665003761,4096,1960,62,Female,Y,1104,Ceres,Fife,KY15,Fife
mad,55.90440145688751,-3.195594249638794,1665004297,4118,1966,56,Female,Y,316,"Bruntsfield, Edinburgh",Edinburgh,"Edinburgh South","Lothian (Edinburgh)"
mad,56.68126821396028,-2.8950505405716846,1665004388,4124,1971,51,Male,Y,179,Forfar,Angus,DD8,"Tayside and Angus (Dundee)"
mad,55.53500978831964,-5.620590367463962,1665004910,4141,1971,51,Female,Y,1246,Campbeltown,"Argyll and Bute",PA28,"Argyll and Bute"
mad,55.905435069210306,-3.664366426268712,1665005135,4143,1981,41,Male,Y,368,Bathgate,"West Lothian",EH48,"Lothian (Edinburgh)"
mad,57.66321641885341,-3.1650489802239865,1665005785,4178,1953,69,Female,Y,737,Elgin,Moray,IV30,"North East (Aberdeen)"
mad,55.829481955666324,-4.2475019577509965,1665005895,4183,1957,65,Female,N,670,"Ibrox, Glasgow",Glasgow,"Glasgow Southwest",Glasgow
mad,55.92539070182704,-4.756639362154675,1665006089,4200,1994,28,Male,Y,1227,Kilmacolm,Inverclyde,PA13,Glasgow
mad,60.15276862893621,-1.2067519823849437,1665006155,4199,1963,59,Female,Y,1501,Scalloway,"Shetland Isles",ZE1,"Shetland Islands"
mad,56.3745330628619,-3.0738109129469593,1665006289,4190,1967,55,Female,Y,1105,Cupar,Fife,KY15,Fife
mad,55.93845279568776,-3.7535903667065984,1665006830,4226,1960,62,Male,N,377,"Falkirk (centre and south: Arnothill, Bantaskin, Callendar Park, Glen Village, Hallglen, Lionthorn, Tamfourhill, Woodlands)",Falkirk,FK1,"Stirling and Falkirk"
mad,55.958088231330464,-3.852773730047579,1665006969,4226,1960,62,Male,N,377,"Falkirk (centre and south: Arnothill, Bantaskin, Callendar Park, Glen Village, Hallglen, Lionthorn, Tamfourhill, Woodlands)",Falkirk,FK1,"Stirling and Falkirk"
mad,57.62070380039506,-2.608737801828643,1665007018,4239,1966,56,Male,Y,59,Banff,Aberdeenshire,AB45,"North East (Aberdeen)"
mad,55.90922638811578,-4.737870436584287,1665007056,4245,1956,66,Male,Y,1231,"Greenock (west: Bow Farm, Braeside, Branchton, Fort Matilda, Gateside, Greenock West, Overton, Pennyfern, Smithston)",Inverclyde,PA16,Glasgow
mad,55.88544284527738,-3.7646201292438306,1665007218,4143,1981,41,Male,Y,368,Bathgate,"West Lothian",EH48,"Lothian (Edinburgh)"
mad,55.80989793249865,-3.9437080694388498,1665007577,4261,1956,66,Male,N,1151,Motherwell,"North Lanarkshire",ML1,Glasgow
mad,55.86456182270209,-3.3307218775695606,1665007981,4275,1965,57,Female,Y,314,"Morningside, Edinburgh",Edinburgh,"Edinburgh South","Lothian (Edinburgh)"
mad,55.964065764102756,-4.443997010660533,1665008219,4273,2012,10,Female,N,546,Clydebank,"West Dunbartonshire",G81,Glasgow
mad,57.51581654047942,-4.009966047268656,1665010727,4331,1968,54,Male,Y,714,"Inverness (east: Culcabock, Crown, Culduthel, Drummond, Haugh, Hilton, Holm, Lochardil, Millburn, Raigmore)",Highland,IV2,"Highlands (Inverness)"
mad,57.7193492033661,-3.3458921073006698,1665012490,4361,1968,54,Female,Y,738,Lossiemouth,Moray,IV31,"North East (Aberdeen)"
mad,58.573605499130025,-3.286669042739666,1665014247,4378,1971,51,Male,N,899,Wick,Highland,KW1,"Highlands (Inverness)"
mad,55.92454215092265,-4.2312220048968054,1665019119,4400,1957,65,Female,Y,502,Bishopbriggs,"East Dunbartonshire",G64,Glasgow
mad,56.14156795014562,-3.500275290201986,1665019629,4404,1961,61,Female,Y,1096,"Dunfermline (centre, north, west: Abbey Parks, Lady's Mill, Garvock, Headwell, Kingseathill, Wellwood, Milesmark, Baldridge, Pittencrieff, Baldridgeburn)",Fife,KY12,Fife
mad,55.8097385645713,-4.237730880667543,1665019884,4407,1968,54,Female,Y,645,Clarkston,"East Renfrewshire","Glasgow South",Glasgow
mad,58.067724395695336,-5.22450818414487,1665028947,4424,1949,73,Male,Y,727,Ullapool,Highland,IV26,"Highlands (Inverness)"
mad,55.80959774799653,-4.466599732384581,1665034515,4444,1959,63,Male,Y,1236,"Paisley (south: Blackhall, Castlehead, Dykebar, Foxbar, Hunterhill, Meikleriggs)",Renfrewshire,PA2,Glasgow
mad,56.43754572196386,-5.445760985221915,1665036530,4461,1966,56,Male,N,1257,Oban,"Argyll and Bute",PA34,"Argyll and Bute"
mad,55.95750719513646,-3.1463138863588247,1665037543,4468,1958,64,Male,Y,285,"Leith, Edinburgh",Edinburgh,"Edinburgh Leith","Lothian (Edinburgh)"
mad,55.91251423693573,-4.4647326938064325,1665037679,4470,1969,53,Male,N,1306,Erskine,Renfrewshire,PA8,Glasgow
mad,55.843355173960376,-4.296985386320976,1665037877,4455,1972,50,Female,Y,645,Clarkston,"East Renfrewshire","Glasgow South",Glasgow
mad,56.22458863450453,-4.159305581752463,1665038682,4477,1962,60,Female,Y,410,Callander,Stirlingshire,FK17,"Stirling and Falkirk"
mad,55.812231200024115,-4.257008030624191,1665042638,4510,1969,53,Female,Y,645,Clarkston,"East Renfrewshire","Glasgow South",Glasgow
mad,55.7811036434612,-2.935670545360388,1665042895,4518,1977,45,Male,Y,354,Heriot,"Scottish Borders",EH38,"Lothian (Edinburgh)"
mad,55.89312214644605,-4.2062284316845195,1665050167,4588,1988,34,Male,Y,598,Rutherglen,"South Lanarkshire","Glasgow Northeast",Glasgow
mad,55.90262981032592,-4.427939763389767,1665050641,4593,1963,59,Male,Y,1264,Renfrew,Renfrewshire,PA4,Glasgow
mad,55.90587619845465,-5.197205429043718,1665051085,4596,1956,66,Female,Y,1237,"Isle of Bute","Argyll and Bute",PA20,"Argyll and Bute"
mad,55.94162296891681,-3.791154577022252,1665052627,4623,1986,36,Male,Y,377,"Falkirk (centre and south: Arnothill, Bantaskin, Callendar Park, Glen Village, Hallglen, Lionthorn, Tamfourhill, Woodlands)",Falkirk,FK1,"Stirling and Falkirk"
mad,55.417317641657675,-4.666771972630284,1665054239,4646,1961,61,Male,Y,856,"Ayr (Centre)","South Ayrshire",KA7,Ayrshire
mad,55.851507464328165,-4.001132253660442,1665054936,4656,1966,56,Male,Y,1189,Coatbridge,"North Lanarkshire",ML5,Glasgow
mad,57.66847221147185,-2.6816763961674086,1665055702,4664,1963,59,Male,N,59,Banff,Aberdeenshire,AB45,"North East (Aberdeen)"
mad,56.543250215867324,-3.3787739223692,1665056412,4668,1993,29,Male,Y,1354,"Perth (south and east: Barnhill, Bridgend, Craigie, Kincarrathie, Upper Craigie)","Perth and Kinross",PH2,Fife
mad,60.145784244847775,-1.2603928900455934,1665066846,4721,1985,37,Female,N,1500,Lerwick,"Shetland Isles",ZE1,"Shetland Islands"
mad,56.02039859629606,-4.68154296116848,1665078807,4775,1939,83,Female,Y,566,Helensburgh,"Argyll and Bute",G84,"Argyll and Bute"
mad,55.97850512104835,-3.167825264988675,1665078908,4776,1953,69,Female,N,285,"Leith, Edinburgh",Edinburgh,"Edinburgh Leith","Lothian (Edinburgh)"
mad,55.92958449817667,-4.000055496088525,1665082817,4822,1976,46,Male,N,514,"Cumbernauld (south: Condorrat, Lenziemill, Carbrain, Kildrum, Cumbernauld Village, Abronhill, Seafar)","North Lanarkshire",G67,Glasgow
mad,55.951641649437256,-3.1962672703102357,1665083420,4844,1972,50,Male,Y,277,"Canongate, Edinburgh",Edinburgh,"Edinburgh Central","Lothian (Edinburgh)"
mad,56.1520566724737,-3.5786695892058518,1665083713,4857,1993,29,Other,Y,1096,"Dunfermline (centre, north, west: Abbey Parks, Lady's Mill, Garvock, Headwell, Kingseathill, Wellwood, Milesmark, Baldridge, Pittencrieff, Baldridgeburn)",Fife,KY12,Fife
mad,55.92929461756237,-4.636165972986962,1665086591,4913,1968,54,Male,Y,1228,Langbank,Renfrewshire,PA14,Glasgow
mad,55.846422713901546,-4.3839631938413595,1665086836,4916,1953,69,Female,Y,1220,"Paisley (central, east and north east: Ferguslie, Oldhall, Seedhill, Williamsburgh, Whitehaugh)",Renfrewshire,PA1,Glasgow
mad,56.51219975833727,-2.6803942054445824,1665089926,4978,1964,58,Female,Y,178,Carnoustie,Angus,DD7,"Tayside and Angus (Dundee)"
mad,55.95708654422372,-3.230509458451725,1665091071,4997,1985,37,Female,Y,279,"Clermiston and Drumbrae, Edinburgh",Edinburgh,"Edinburgh Clermiston Granton","Lothian (Edinburgh)"
mad,57.65691990125905,-2.196056714917792,1665097979,5079,1960,62,Female,N,57,Fraserburgh,Aberdeenshire,AB43,"North East (Aberdeen)"
mad,54.818275927886305,-5.001449292869145,1665129566,5120,1967,55,Female,Y,231,Stranraer,"Dumfries and Galloway",DG9,"Dumfries and Galloway"
mad,56.22186845090989,-3.216623866001442,1665133734,5158,1955,67,Male,N,1129,"Glenrothes (west: Caskieberran, Rimbleton, Macedonia, Tanshall)",Fife,KY6,Fife
mad,56.267907728776024,-4.231037941774173,1665136408,5170,1999,23,Female,Y,410,Callander,Stirlingshire,FK17,"Stirling and Falkirk"
mad,57.201497133597805,-2.249629251908576,1665137495,5192,2006,16,Female,School,112,"Dyce, Aberdeen",Aberdeen,"Aberdeen North","North East (Aberdeen)"
mad,57.14696236517099,-2.1535516350459805,1665137652,5188,2006,16,Male,School,100,"Cornhill, Aberdeen",Aberdeen,"Aberdeen Central","North East (Aberdeen)"
mad,57.15713488152796,-2.132788622234025,1665137951,5199,2006,16,Male,N,98,"Northfield, Aberdeen",Aberdeen,"Aberdeen Central","North East (Aberdeen)"
mad,58.94284294306409,-2.9675221718905416,1665139108,5212,1960,62,Male,Y,967,Kirkwall,Orkney,KW15,"Orkney Islands"
mad,58.036935471231224,-6.792112171428393,1665144811,5244,1949,73,Female,Y,688,"Isle of Lewis","Western Isles (outside of Stornoway)",HS2,"Western Isles"
mad,58.08039411432413,-6.94173491573854,1665145002,5244,1949,73,Female,Y,688,"Isle of Lewis","Western Isles (outside of Stornoway)",HS2,"Western Isles"
mad,55.943415520357824,-3.2209727895643097,1665151686,5267,1939,83,Female,N,269,"Gorgie, Edinburgh",Edinburgh,"Edinburgh Central","Lothian (Edinburgh)"
mad,55.887188796936954,-4.277343728244078,1665153358,5273,1987,35,Male,Y,610,"Provanmill, Glasgow",Glasgow,"Glasgow Northeast",Glasgow
mad,55.971478124351314,-2.9215511084963066,1665155617,5280,1969,53,Female,N,348,Prestonpans,"East Lothian",EH32,"Lothian (Edinburgh)"
mad,55.5472463835052,-4.6298302763235855,1665161531,5310,1985,37,Female,Y,784,Troon,"South Ayrshire",KA10,Ayrshire
mad,55.83579955103395,-4.256222781400291,1665165125,5321,1953,69,Female,Y,679,"Pollock, Glasgow",Glasgow,"Glasgow Southwest",Glasgow
mad,55.88817048211533,-3.089405797186091,1665169877,5335,1978,44,Female,N,334,Dalkeith,Midlothian,EH22,"Lothian (Edinburgh)"
mad,57.35555818732591,-1.9672497615516704,1665170295,5339,1958,64,Female,N,49,Ellon,Aberdeenshire,AB41,"North East (Aberdeen)"
mad,55.76433141137469,-4.056206117418106,1665170584,5340,1961,61,Male,Y,1183,Hamilton,"South Lanarkshire",ML3,Glasgow
mad,55.58726005053344,-3.1668458992670203,1665178627,5371,1972,50,Female,Y,362,Peebles,"Scottish Borders",EH45,Borders
mad,55.86623096964472,-4.2796174409449055,1665214807,5403,1964,58,Male,Y,591,"Hillhead, Glasgow",Glasgow,"Glasgow Kelvin",Glasgow
mad,55.2855895079519,-4.400519628323674,1665220213,5417,1982,40,Male,Y,852,Dalmellington,"East Ayrshire",KA6,Ayrshire
mad,55.83795857640965,-4.058255978859249,1665234802,5438,1984,38,Male,Y,525,Uddingston,"South Lanarkshire",G71,Glasgow
mad,56.20199072248785,-3.0946334492349035,1665236143,5443,2007,15,Female,School,1133,"Glenrothes (centre and east: Pitteuchar, Finglassie, Stenton, Auchmuty, Pitcoudie, Balfarg, Pircairn, Collydean)",Fife,KY7,Fife
mad,55.51340985891352,-4.01233661442393,1665252576,5464,1957,65,Male,Y,802,"New Cumnock","East Ayrshire",KA18,Ayrshire
mad,57.6009021492785,-1.8611296068189485,1665263027,5482,1968,54,Female,N,54,Peterhead,Aberdeenshire,AB42,"North East (Aberdeen)"
mad,57.14864692517549,-2.0795157560281377,1665308231,5514,1951,71,Male,Y,104,"Tillydrone, Aberdeen",Aberdeen,"Aberdeen Central","North East (Aberdeen)"
mad,56.28355576190686,-3.5608471555091623,1665308356,5515,1962,60,Female,N,1354,"Perth (south and east: Barnhill, Bridgend, Craigie, Kincarrathie, Upper Craigie)","Perth and Kinross",PH2,Fife
mad,55.794914220294835,-4.289311515452796,1665325931,5540,1979,43,Male,Y,658,"Giffnock, Glasgow",Glasgow,"Glasgow South",Glasgow
mad,55.94560933949765,-4.600182535323708,1665343514,5557,1997,25,Male,Y,549,Dumbarton,"West Dunbartonshire",G82,Glasgow
mad,55.81830323703326,-4.298446116173112,1665344122,5559,1970,52,Male,Y,658,"Giffnock, Glasgow",Glasgow,"Glasgow South",Glasgow
mad,55.910176304808175,-3.55881437753965,1665384147,5577,1957,65,Male,Y,375,Livingston,"West Lothian",EH54,"Lothian (Edinburgh)"
mad,57.572617590487766,-4.224692242877054,1665433418,5617,1941,81,Female,N,778,Avoch,Highland,IV9,"Highlands (Inverness)"
mad,58.93847068346954,-2.872776128753559,1665467321,5635,1968,54,Female,Y,1025,"Orkney Islands",Orkney,KW17,"Orkney Islands"
mad,57.56528383448639,-4.189639101891233,1665470711,5637,1941,81,Female,N,778,Avoch,Highland,IV9,"Highlands (Inverness)"
mad,56.10450825337439,-3.4793153052939787,1665474701,5640,1971,51,Female,Y,1096,"Dunfermline (centre, north, west: Abbey Parks, Lady's Mill, Garvock, Headwell, Kingseathill, Wellwood, Milesmark, Baldridge, Pittencrieff, Baldridgeburn)",Fife,KY12,Fife
mad,56.01349988791875,-3.630743778650004,1665664126,5712,1962,60,Female,Y,370,Bo'ness,Falkirk,EH51,"Lothian (Edinburgh)"
mad,60.601539974263495,-1.4030022069209886,1665666821,5715,1970,52,Male,Y,1535,"Easter Quarff","Shetland Isles",ZE2,"Shetland Islands"
mad,60.10025104862913,-1.3055260208124315,1665678221,5723,1970,52,Female,Y,1500,Lerwick,"Shetland Isles",ZE1,"Shetland Islands"
mad,56.02523293281216,-3.4370971297413386,1665697084,5727,1964,58,Female,Y,1092,Limekilns,Fife,KY11,Fife
mad,60.34034831726713,-1.3850143256763179,1665699362,5729,1978,44,Male,Y,1505,Baltasound,"Shetland Isles",ZE2,"Shetland Islands"
mad,57.66823967966403,-3.2682944310435627,1665712559,5731,1951,71,Male,N,737,Elgin,Moray,IV30,"North East (Aberdeen)"
mad,59.09197299340773,-2.5560326149780703,1665773202,5748,1957,65,Female,Y,1025,"Orkney Islands",Orkney,KW17,"Orkney Islands"
mad,56.05408253758781,-3.3871688089922882,1665790052,5752,1948,74,Male,Y,1090,"Dunfermline (south and east: Halbeath, Touch, Duloch, Masterton, Pitcorthie, Abbeyview, Brucefield, Hospital Hill, Camdean, Pitreavie)",Fife,KY11,Fife
mad,57.28362342898917,-2.0345584506657075,1665811866,5756,1964,58,Female,Y,111,"Bucksburn, Aberdeen",Aberdeen,"Aberdeen North","North East (Aberdeen)"
mad,57.66070474038925,-3.4875315259638633,1665820936,5759,1999,23,Female,Y,737,Elgin,Moray,IV30,"North East (Aberdeen)"
mad,55.347017340919415,-4.447436408552847,1665835540,5801,1965,57,Female,N,854,Mossblown,"South Ayrshire",KA6,Ayrshire
mad,55.782197518760064,-4.065047128186423,1665839705,5847,1979,43,Male,N,1183,Hamilton,"South Lanarkshire",ML3,Glasgow
mad,56.40528801359275,-3.706324382123438,1665843699,5855,1952,70,Male,Y,1313,"Perth (north and west: Burghmuir, Cherrybank, Hillyland, Inveralmond, Lethom, Muirton, North Muirton, Tulloch)","Perth and Kinross",PH1,Fife
mad,57.11965461759388,-2.1344338593388517,1665844588,5861,1956,66,Male,Y,127,"Torry, Aberdeen",Aberdeen,"Aberdeen Southeast","North East (Aberdeen)"
mad,57.57934054641602,-3.2649609810265208,1665951528,5759,1999,23,Female,Y,737,Elgin,Moray,IV30,"North East (Aberdeen)"
mad,55.98873347180479,-4.150827298198668,1666003695,5918,1958,64,Male,Y,507,Kirkintilloch,"East Dunbartonshire",G66,Glasgow
mad,55.698721323758555,-4.1973507702358805,1666003712,5919,1979,43,Male,Y,534,"East Kilbride (south: Hairmyres, Westwood, The Murray, Murray East, Whitehills, Greenhill, Newlandsmuir, Gardenhall, Crosshouse, Newlands, Lindsayfield, Mossneuk)","South Lanarkshire",G75,Glasgow
mad,57.303559815815646,-2.3309769359620294,1666033654,5929,1961,61,Male,Y,64,Inverurie,Aberdeenshire,AB51,"North East (Aberdeen)"
mad,57.51138273552655,-4.265879145985665,1666172583,5943,1983,39,Male,Y,699,"Inverness (centre, north: Longman)",Highland,IV1,"Highlands (Inverness)"
mad,56.71719279943055,-3.0027558964151235,1666182371,5947,2003,19,Female,School,181,Kirriemuir,Angus,DD8,"Tayside and Angus (Dundee)"
mad,57.26363154267645,-3.2664831760917905,1666269730,5959,1985,37,Female,Y,42,Tomintoul,Moray,AB37,"North East (Aberdeen)"
mad,55.720834374291165,-4.398052717113008,1666563640,5992,1984,38,Female,Y,539,"Newton Mearns","East Renfrewshire",G77,Glasgow
mad,55.91912806192895,-3.319319653479161,1666726119,6010,1947,75,Male,Y,313,"Colinton, Edinburgh",Edinburgh,"Edinburgh South","Lothian (Edinburgh)"
mad,58.46559570609188,-4.772112717219473,1666944350,6022,1957,65,Male,Y,729,Lairg,Highland,IV27,"Highlands (Inverness)"
mad,55.86413015500906,-4.848085402979154,1667215321,6041,2005,17,Male,School,1233,Skelmorlie,"North Ayrshire",PA17,Ayrshire
mad,54.96176322280505,-4.841505256334123,1667305811,6052,1974,48,Female,Y,223,Glenluce,"Dumfries and Galloway",DG8,"Dumfries and Galloway"
mad,55.852315786554755,-3.3648339145054007,1668960078,6109,1961,61,Male,Y,308,"Liberton, Edinburgh",Edinburgh,"Edinburgh South","Lothian (Edinburgh)"
mad,57.173671274689866,-2.314060631983781,1669387193,6123,1980,42,Male,Y,28,Westhill,Aberdeenshire,AB32,"North East (Aberdeen)"
mad,55.856801908165586,-4.022533233366666,1671107720,6144,1951,71,Male,Y,1189,Coatbridge,"North Lanarkshire",ML5,Glasgow
mad,57.591247838438804,-4.461566380210256,1671728013,6153,1981,41,Male,Y,705,Dingwall,Highland,IV15,"Highlands (Inverness)"
mad,57.3451237653834,-3.125044558254028,1674155882,6184,1948,75,Male,N,88,Keith, Moray,AB55,"North East (Aberdeen)"
mad,55.96095478542682,-3.2137510550160155,1675695327,6213,2009,14,Female,N,293,"Comely Bank, Edinburgh",Edinburgh,"Edinburgh North","Lothian (Edinburgh)"
mad,55.94809063311733,-3.25715325163989,1675695472,6219,2009,14,Male,N,291,"Deans Village, Edinburgh",Edinburgh,"Edinburgh North","Lothian (Edinburgh)"
mad,56.11063089846856,-3.5876616943868482,1675695475,6210,2009,14,Male,School,1096,"Dunfermline (centre, north, west: Abbey Parks, Lady's Mill, Garvock, Headwell, Kingseathill, Wellwood, Milesmark, Baldridge, Pittencrieff, Baldridgeburn)",Fife,KY12,Fife
mad,55.878700911488146,-3.517148977725397,1676994449,6235,2004,19,Female,Y,375,Livingston,"West Lothian",EH54,"Lothian (Edinburgh)"
mad,55.88251412420895,-3.281778400834289,1677202801,6253,1970,53,Female,Y,314,"Morningside, Edinburgh",Edinburgh,"Edinburgh South","Lothian (Edinburgh)"
mad,54.951651683488116,-3.74955876312952,1677440001,6258,1968,55,Female,Y,215,Dalbeattie,"Dumfries and Galloway",DG5,"Dumfries and Galloway"
mad,55.73298608560557,-2.5751837782603273,1677603062,6272,2003,20,Female,Y,1441,Westruther,"Scottish Borders",TD3,Borders
mad,55.952966345874444,-4.29834989189423,1677604173,6275,2003,20,Female,Y,489,Milngavie,"East Dunbartonshire",G62,Glasgow
mad,55.881591004920814,-4.332650201222621,1677626200,6288,2002,21,Other,Y,639,"Scotstoun, Glasgow",Glasgow,"Glasgow Northwest",Glasgow
mad,56.109761563841964,-4.772377678320285,1677947005,6308,1994,29,Female,Y,553,Arrochar,"Argyll and Bute",G83,"Argyll and Bute"
mad,56.93794656185876,-2.362881133492965,1678047144,6313,2002,21,Female,Y,48,Stonehaven,Aberdeenshire,AB39,"North East (Aberdeen)"
mad,55.936077897536535,-3.9380438900803387,1678106405,6317,2004,19,Other,Y,514,"Cumbernauld (south: Condorrat, Lenziemill, Carbrain, Kildrum, Cumbernauld Village, Abronhill, Seafar)","North Lanarkshire",G67,Glasgow
mad,55.44633443157199,-4.223740417466345,1679044074,6350,2006,17,Female,School,798,Cumnock,"East Ayrshire",KA18,Ayrshire
mad,55.80967082286272,-4.039661065730237,1679055482,6357,2008,15,Male,School,1186,Bellshill,"North Lanarkshire",ML4,Glasgow
mad,56.21305428231481,-3.152686448224135,1679056084,6359,2008,15,Female,School,1133,"Glenrothes (centre and east: Pitteuchar, Finglassie, Stenton, Auchmuty, Pitcoudie, Balfarg, Pircairn, Collydean)",Fife,KY7,Fife
mad,56.2348568844661,-3.1047063841530904,1679056306,6375,2008,15,Female,School,1133,"Glenrothes (centre and east: Pitteuchar, Finglassie, Stenton, Auchmuty, Pitcoudie, Balfarg, Pircairn, Collydean)",Fife,KY7,Fife
mad,56.22880256398748,-3.144232106624626,1679056320,6363,2008,15,Female,School,1133,"Glenrothes (centre and east: Pitteuchar, Finglassie, Stenton, Auchmuty, Pitcoudie, Balfarg, Pircairn, Collydean)",Fife,KY7,Fife
mad,56.22703634428706,-3.1579399508035277,1679056412,6383,2008,15,Female,School,1133,"Glenrothes (centre and east: Pitteuchar, Finglassie, Stenton, Auchmuty, Pitcoudie, Balfarg, Pircairn, Collydean)",Fife,KY7,Fife
mad,56.202712911897166,-3.1812707081949125,1679056432,6380,2008,15,Female,School,1133,"Glenrothes (centre and east: Pitteuchar, Finglassie, Stenton, Auchmuty, Pitcoudie, Balfarg, Pircairn, Collydean)",Fife,KY7,Fife
mad,54.97301852462446,-5.089221743329884,1680009299,6422,1982,41,Female,Y,231,Stranraer,"Dumfries and Galloway",DG9,"Dumfries and Galloway"
mad,55.76901441169215,-4.2836646905133735,1680009367,6423,2007,16,Male,N,539,"Newton Mearns","East Renfrewshire",G77,Glasgow
mad,55.76503499704661,-4.358622467242015,1680009640,6426,2007,16,Female,School,539,"Newton Mearns","East Renfrewshire",G77,Glasgow
mad,56.2800001475841,-2.7384566764619294,1681480616,6435,1981,42,Male,Y,1114,"St Andrews",Fife,KY16,Fife
mad,55.88321917805947,-4.129605989344082,1686577072,6506,2007,16,Female,N,616,"Calton, Glasgow",Glasgow,"Glasgow Northeast",Glasgow
mad,55.8994583809896,-4.202529309016764,1686577080,6505,2007,16,Female,School,615,"Bridgeton, Glasgow",Glasgow,"Glasgow Northeast",Glasgow
mad,55.91054785010209,-4.198412431506322,1686577101,6507,2007,16,Female,School,616,"Calton, Glasgow",Glasgow,"Glasgow Northeast",Glasgow
mad,55.855268442808566,-4.131333021445642,1686577104,6523,2007,16,Male,School,631,"Royston, Glasgow",Glasgow,"Glasgow Northeast",Glasgow
mad,55.88015927203521,-4.2360658813201875,1686577115,6510,2007,16,Male,School,615,"Bridgeton, Glasgow",Glasgow,"Glasgow Northeast",Glasgow
mad,55.876302984387245,-4.23844636320114,1686577162,6524,2007,16,Male,School,615,"Bridgeton, Glasgow",Glasgow,"Glasgow Northeast",Glasgow
mad,55.856792911701895,-4.1900025124149884,1686577172,6522,2007,16,Male,N,617,"Dalmarnock, Glasgow",Glasgow,"Glasgow Northeast",Glasgow
mad,55.88897383597864,-4.258752659502279,1686577270,6530,2008,15,Female,School,624,"Springboig, Glasgow",Glasgow,"Glasgow Northeast",Glasgow
mad,56.37018201378905,-3.0192899694777826,1689436320,6568,1994,29,Male,Y,1105,Cupar,Fife,KY15,Fife
mad,57.58210898391513,-3.2380249010596627,1690479034,6570,1994,29,Female,N,737,Elgin,Moray,IV30,"North East (Aberdeen)"
mad,55.773715769735205,-4.116412778508819,1695208201,6603,2010,13,Male,School,529,Cambuslang,"South Lanarkshire",G72,Glasgow
mad,55.788235330357516,-4.108199018149074,1695208226,6606,2010,13,Female,School,529,Cambuslang,"South Lanarkshire",G72,Glasgow
mad,55.861629035353246,-4.220835773974864,1695208300,6610,2011,12,Male,School,598,Rutherglen,"South Lanarkshire","Glasgow Northeast",Glasgow
mad,54.88067479983296,-5.128427755412229,1695721198,6618,1977,46,Male,Y,231,Stranraer,"Dumfries and Galloway",DG9,"Dumfries and Galloway"
mad,55.859871131548296,-4.1701462643601,1702609275,6697,1969,54,Male,Y,602,"Baillieston, Glasgow",Glasgow,"Glasgow Northeast",Glasgow
mad,55.913138678938985,-4.309469738100192,1706541575,6730,2000,24,Male,Y,488,Bearsden,"East Dunbartonshire",G61,Glasgow
mad,56.314824233045925,-3.461439061723053,1706958569,6737,2003,21,Female,Y,1354,"Perth (south and east: Barnhill, Bridgend, Craigie, Kincarrathie, Upper Craigie)","Perth and Kinross",PH2,Fife
mad,55.898785927434595,-4.162121947696866,1707657590,6753,1979,45,Female,Y,507,Kirkintilloch,"East Dunbartonshire",G66,Glasgow
mad,56.40063921984873,-3.603751335034362,1708449740,6785,2004,20,Male,Y,1313,"Perth (north and west: Burghmuir, Cherrybank, Hillyland, Inveralmond, Lethom, Muirton, North Muirton, Tulloch)","Perth and Kinross",PH1,Fife
mad,55.88110919659022,-3.3086028491032566,1708450691,6788,2005,19,Male,Y,314,"Morningside, Edinburgh",Edinburgh,"Edinburgh South","Lothian (Edinburgh)"
mad,55.41252914162099,-4.7540955544559536,1708462821,6766,2005,19,Female,Y,856,"Ayr (Centre)","South Ayrshire",KA7,Ayrshire
mad,55.783407729182215,-4.27520660817774,1708536075,6814,2004,20,Female,Y,653,"Netherlee, Glasgow",Glasgow,"Glasgow South",Glasgow
mad,55.812711064306214,-4.017767459572345,1708541682,6815,2004,20,Female,Y,1186,Bellshill,"North Lanarkshire",ML4,Glasgow
mad,55.95691824179354,-4.357134380439999,1709035331,6854,2008,16,Male,School,489,Milngavie,"East Dunbartonshire",G62,Glasgow
mad,55.935976643676774,-4.326039655169255,1709062816,6835,2005,19,Male,Y,489,Milngavie,"East Dunbartonshire",G62,Glasgow
mad,56.04252880507148,-3.448237797546462,1711116990,6908,2005,19,Female,Y,1090,"Dunfermline (south and east: Halbeath, Touch, Duloch, Masterton, Pitcorthie, Abbeyview, Brucefield, Hospital Hill, Camdean, Pitreavie)",Fife,KY11,Fife
mad,56.47431758726815,-2.9861609180829594,1711393174,6909,1955,69,Female,Y,244,"Stobswell, Dundee",Dundee,"Dundee Central","Tayside and Angus (Dundee)"
mad,55.46464069670599,-4.322110623233874,1713369479,6917,1959,65,Male,Y,802,"New Cumnock","East Ayrshire",KA18,Ayrshire
mad,55.87401519842766,-4.311347834161044,1713379680,6921,1943,81,Male,Y,639,"Scotstoun, Glasgow",Glasgow,"Glasgow Northwest",Glasgow
mad,55.66114966692227,-4.758615732679895,1713395381,6922,1963,61,Female,Y,811,Stevenston,"North Ayrshire",KA20,Ayrshire
mad,56.382266822934014,-3.0538476582982055,1714159586,6935,2005,19,Male,Y,1105,Cupar,Fife,KY15,Fife
mad,55.87740440951699,-4.881541024279496,1714163470,6936,2005,19,Female,Y,1234,"Wemyss Bay",Inverclyde,PA18,Glasgow
mad,56.47850176638477,-3.0428293100112813,1723131486,6970,1955,69,Female,Y,244,"Stobswell, Dundee",Dundee,"Dundee Central","Tayside and Angus (Dundee)"
mad,56.28213359317913,-2.747766022539614,1725033367,6976,1962,62,Female,Y,1114,"St Andrews",Fife,KY16,Fife
mad,55.843497103768044,-4.315233005142227,1726233676,6982,2002,22,Male,School,672,"Govan, Glasgow",Glasgow,"Glasgow Southwest",Glasgow
mad,56.41933479138166,-2.8243777862205386,1726269689,6984,2003,21,Female,Y,177,Wormit,Fife,DD6,"Tayside and Angus (Dundee)"
mad,56.40461185295803,-2.998854874344521,1726269933,6984,2003,21,Female,Y,177,Wormit,Fife,DD6,"Tayside and Angus (Dundee)"
mad,55.808726355427716,-4.316034419760425,1730449391,7025,1952,72,Male,Y,679,"Pollock, Glasgow",Glasgow,"Glasgow Southwest",Glasgow
mad,57.62977224363564,-4.443588229973387,1730450442,7027,1960,64,Female,Y,705,Dingwall,Highland,IV15,"Highlands (Inverness)"
mad,56.47631109132836,-3.0251792743495742,1730464740,7036,1986,38,Female,Y,243,"Hilltown, Dundee",Dundee,"Dundee Central","Tayside and Angus (Dundee)"
mad,55.869660485797745,-3.1172218819039648,1730471598,7041,1962,62,Female,N,328,Bonnyrigg,Midlothian,EH19,"Lothian (Edinburgh)"
mad,55.95323555243287,-3.1750179904962064,1730473999,7044,1950,74,Female,N,263,"Longstone, Edinburgh",Edinburgh,"Edinburgh Central","Lothian (Edinburgh)"
mad,55.93779834246754,-3.130040496459764,1730489694,7033,1957,67,Male,N,325,"Niddrie, Edinburgh",Edinburgh,"Edinburgh Southeast","Lothian (Edinburgh)"
mad,57.570769375910764,-2.7370368770044866,1730535549,7054,1972,52,Male,Y,83,Huntly,Aberdeenshire,AB54,"North East (Aberdeen)"
mad,55.91136147807124,-3.2197595485444936,1730679504,7069,1950,74,Male,Y,305,"Oxgangs, Edinburgh",Edinburgh,"Edinburgh Oxgangs","Lothian (Edinburgh)"
mad,57.62213006619277,-2.8496106849368896,1731530117,7097,1982,42,Female,N,90,Buckie,Moray,AB56,"North East (Aberdeen)"
mad,55.81564439555287,-3.2068118077158796,1731539058,7100,1969,55,Female,N,343,Penicuik,Midlothian,EH26,"Lothian (Edinburgh)"
mad,55.969419165561575,-4.5347977717747785,1732046018,7108,1991,33,Male,Y,548,Cardross,"Argyll and Bute",G82,Glasgow
mad,57.68475958946113,-3.4622972792954685,1733724728,7138,1958,66,Male,Y,737,Elgin,Moray,IV30,"North East (Aberdeen)"
mad,56.46738111130194,-3.015528742557901,1733751927,7146,1960,64,Male,Y,245,"Law, Dundee",Dundee,"Dundee Central","Tayside and Angus (Dundee)"
mad,57.465011897180666,-4.197729912619501,1733779787,7151,1980,44,Male,Y,714,"Inverness (east: Culcabock, Crown, Culduthel, Drummond, Haugh, Hilton, Holm, Lochardil, Millburn, Raigmore)",Highland,IV2,"Highlands (Inverness)"
mad,55.98821206516232,-4.818089778084818,1733920149,7163,1959,65,Female,N,567,Kilcreggan,"Argyll and Bute",G84,"Argyll and Bute"
mad,55.6329689463037,-4.69609674654392,1733956637,7171,1960,64,Female,Y,787,"Irvine (centre: Castlepark, Tarryholme)","North Ayrshire",KA12,Ayrshire
mad,56.41760454869445,-3.345240038313384,1733962170,7172,1973,51,Female,Y,1354,"Perth (south and east: Barnhill, Bridgend, Craigie, Kincarrathie, Upper Craigie)","Perth and Kinross",PH2,Fife
mad,56.36740395428561,-3.72431809090725,1733987752,7175,1969,55,Female,Y,1402,Crieff,"Perth and Kinross",PH7,Fife
mad,56.63829389153188,-3.3017502053221444,1733990071,7177,1954,70,Female,Y,1321,Alyth,"Perth and Kinross",PH11,Fife
mad,55.87609137206259,-3.252226873739462,1736206815,7224,1988,37,Male,Y,316,"Bruntsfield, Edinburgh",Edinburgh,"Edinburgh South","Lothian (Edinburgh)"
mad,56.05164756951077,-4.7666727275005005,1737124303,7252,1956,69,Female,Y,566,Helensburgh,"Argyll and Bute",G84,"Argyll and Bute"
mad,55.944521661656964,-3.210553760475852,1737414559,7263,1978,47,Female,Y,288,"Murrayfield, Edinburgh",Edinburgh,"Edinburgh North","Lothian (Edinburgh)"
mad,57.74948128427526,-4.151849525076112,1739279210,7285,2010,15,Female,School,708,Invergordon,Highland,IV18,"Highlands (Inverness)"
mad,57.75268658048267,-4.16552359200263,1739279268,7288,2010,15,Female,School,708,Invergordon,Highland,IV18,"Highlands (Inverness)"
mad,57.78078300092738,-4.221325287021217,1739279294,7290,2010,15,Female,School,708,Invergordon,Highland,IV18,"Highlands (Inverness)"
mad,57.84117206625019,-3.9742824442001083,1739444631,7302,2011,14,Female,School,711,Tain,Highland,IV19,"Highlands (Inverness)"
mad,57.72746089196384,-4.202657455066831,1739444657,7300,2011,14,Female,School,708,Invergordon,Highland,IV18,"Highlands (Inverness)"
mad,57.74226741504615,-4.118774661357579,1739444760,7308,2012,13,Male,N,708,Invergordon,Highland,IV18,"Highlands (Inverness)"
mad,57.74840568663189,-4.098433628685176,1739444766,7307,2011,14,Female,School,708,Invergordon,Highland,IV18,"Highlands (Inverness)"
mad,57.76468975679399,-4.206429212371448,1739444771,7306,2011,14,Male,School,708,Invergordon,Highland,IV18,"Highlands (Inverness)"
mad,56.18392423120754,-3.5123115791274597,1739444907,7313,2011,14,Male,School,1100,Scotlandwell,"Perth and Kinross",KY13,Fife
mad,57.762279086577344,-4.172312479343486,1741173296,7338,2009,16,Male,School,708,Invergordon,Highland,IV18,"Highlands (Inverness)"
mad,57.74612653275895,-4.139062552826214,1741173301,7334,2009,16,Male,School,708,Invergordon,Highland,IV18,"Highlands (Inverness)"
mad,57.740536718026796,-4.159462579274991,1741173428,7337,2009,16,Male,N,708,Invergordon,Highland,IV18,"Highlands (Inverness)"
mad,57.75141251831502,-4.0887297655453905,1741173709,7334,2009,16,Male,School,708,Invergordon,Highland,IV18,"Highlands (Inverness)"
mad,57.527382604291006,-4.309367111335801,1741204922,7345,2003,22,Male,Y,699,"Inverness (centre, north: Longman)",Highland,IV1,"Highlands (Inverness)"
mad,57.104768614366016,-2.2630836973890043,1760907279,7411,1958,67,Female,Y,132,"Peterculter, Aberdeen",Aberdeen,"Aberdeen Southwest","North East (Aberdeen)"
mad,56.146449219725476,-3.798084465886913,1763649841,7425,1945,80,Male,Y,391,Alloa,Clackmannanshire,FK10,"Stirling and Falkirk"
mad,56.487019905150326,-3.018659842432963,1763661077,7427,1962,63,Female,Y,244,"Stobswell, Dundee",Dundee,"Dundee Central","Tayside and Angus (Dundee)"
mad,55.865679510853504,-3.304559174544406,1763759368,7430,1970,55,Male,Y,317,"Marchmont, Edinburgh",Edinburgh,"Edinburgh South","Lothian (Edinburgh)"
mad,60.26301212556957,-1.442625868671482,1765285455,7441,1975,50,Female,Y,1623,Walls,"Shetland Isles",ZE2,"Shetland Islands"
mad,55.855428557050246,-3.0521775411634127,1767201702,7449,1951,74,Female,N,338,Gorebridge,Midlothian,EH23,"Lothian (Edinburgh)"
mad,55.965596956180256,-3.2412660608269794,1770120379,7494,1986,40,Male,N,278,"Granton, Edinburgh",Edinburgh,"Edinburgh Clermiston Granton","Lothian (Edinburgh)"
beelin',56.399685637111546,-3.298328950850242,1653836288,3,1965,57,Male,Y,1342,Forgandenny,"Perth and Kinross",PH2,Fife
beelin',56.01037993414034,-3.6241246836502268,1653836775,4,2000,22,Male,Y,370,Bo'ness,Falkirk,EH51,"Lothian (Edinburgh)"
beelin',55.90742600508212,-3.7667020516483114,1653842861,12,1956,66,Female,Y,368,Bathgate,"West Lothian",EH48,"Lothian (Edinburgh)"
beelin',55.80058813695476,-4.067321372085436,1653844789,17,1965,57,Female,Y,526,Viewpark,"North Lanarkshire",G71,Glasgow
beelin',56.4085205165761,-3.222294203885879,1653845428,18,1949,73,Male,Y,1354,"Perth (south and east: Barnhill, Bridgend, Craigie, Kincarrathie, Upper Craigie)","Perth and Kinross",PH2,Fife
beelin',55.97489053865623,-3.151521487323118,1653851725,24,1950,72,Female,N,285,"Leith, Edinburgh",Edinburgh,"Edinburgh Leith","Lothian (Edinburgh)"
beelin',55.950594863298704,-4.849716313975301,1653851752,27,1975,47,Male,Y,1235,Gourock,Inverclyde,PA19,Glasgow
beelin',55.754350708015494,-4.128808701758891,1653853831,31,1962,60,Female,Y,530,"East Kilbride (north: The Village, East Mains, West Mains, Lymekilns, St Leonards, Calderwood, Nerston, Stewartfield, Peel Park)","South Lanarkshire",G74,Glasgow
beelin',56.178402844463356,-3.1761567048008814,1653855827,38,1980,42,Male,N,1133,"Glenrothes (centre and east: Pitteuchar, Finglassie, Stenton, Auchmuty, Pitcoudie, Balfarg, Pircairn, Collydean)",Fife,KY7,Fife
beelin',55.9431217813888,-2.4932502537093884,1653856114,39,1958,64,Male,Y,359,Dunbar,"East Lothian",EH42,"Lothian (Edinburgh)"
beelin',55.94893473177464,-3.9954569607270267,1653856325,41,1981,41,Female,Y,514,"Cumbernauld (south: Condorrat, Lenziemill, Carbrain, Kildrum, Cumbernauld Village, Abronhill, Seafar)","North Lanarkshire",G67,Glasgow
beelin',57.282072458552825,-2.1282608149240825,1653856811,43,1955,67,Female,Y,115,"Grandholm, Aberdeen",Aberdeen,"Aberdeen North","North East (Aberdeen)"
beelin',55.912056940143835,-3.7902796453277996,1653859008,46,1961,61,Male,Y,377,"Falkirk (centre and south: Arnothill, Bantaskin, Callendar Park, Glen Village, Hallglen, Lionthorn, Tamfourhill, Woodlands)",Falkirk,FK1,"Stirling and Falkirk"
beelin',55.68462674026505,-4.262803256274862,1653859427,49,1980,42,Male,Y,535,Busby,"East Renfrewshire",G76,Glasgow
beelin',57.4685490096946,-5.575569947532582,1653860383,55,1975,47,Female,Y,767,Applecross,Highland,IV54,"Highlands (Inverness)"
beelin',55.879606248211175,-3.0298100042728655,1653861469,57,1939,83,Other,Y,334,Dalkeith,Midlothian,EH22,"Lothian (Edinburgh)"
beelin',56.837545046927,-3.1237882591512607,1653862225,58,1964,58,Female,N,179,Forfar,Angus,DD8,"Tayside and Angus (Dundee)"
beelin',56.033957099418615,-4.768034724719822,1653862287,59,1973,49,Female,Y,565,Garelochhead,"Argyll and Bute",G84,"Argyll and Bute"
beelin',55.81656552244935,-4.228351069761663,1653864058,63,1962,60,Female,Y,658,"Giffnock, Glasgow",Glasgow,"Glasgow South",Glasgow
beelin',55.87204398148923,-4.222846347609566,1653868180,70,1958,64,Female,Y,612,"Easterhouse, Glasgow",Glasgow,"Glasgow Northeast",Glasgow
beelin',57.26165109399772,-2.149333647263176,1653894445,85,1996,26,Male,Y,109,"Hazelhead, Aberdeen",Aberdeen,"Aberdeen North","North East (Aberdeen)"
beelin',56.38612528137352,-3.304766823856962,1653895762,18,1949,73,Male,Y,1354,"Perth (south and east: Barnhill, Bridgend, Craigie, Kincarrathie, Upper Craigie)","Perth and Kinross",PH2,Fife
beelin',55.86746994487243,-3.4796224173076973,1653900365,95,1955,67,Female,Y,375,Livingston,"West Lothian",EH54,"Lothian (Edinburgh)"
beelin',56.157045989770076,-3.8785586355326354,1653904345,105,1954,68,Male,Y,479,"Stirling (north: Causewayhead, Cornton)",Stirlingshire,FK9,"Stirling and Falkirk"
beelin',55.82055747277764,-4.358114324469507,1653907621,106,1981,41,Male,N,670,"Ibrox, Glasgow",Glasgow,"Glasgow Southwest",Glasgow
beelin',55.894058231868506,-4.197980161906242,1653926614,130,1982,40,Female,Y,483,Stepps,"North Lanarkshire",G33,Glasgow
beelin',57.62662850721647,-2.25301505240159,1653930387,138,1955,67,Female,N,57,Fraserburgh,Aberdeenshire,AB43,"North East (Aberdeen)"
beelin',55.87877342332828,-4.302200574526829,1653935632,144,1982,40,Female,Y,591,"Hillhead, Glasgow",Glasgow,"Glasgow Kelvin",Glasgow
beelin',56.89801757711615,-2.7355269417550323,1653938710,146,1971,51,Female,N,182,Brechin,Angus,DD9,"Tayside and Angus (Dundee)"
beelin',56.90809101363082,-3.0304066575626574,1653938925,146,1971,51,Female,N,182,Brechin,Angus,DD9,"Tayside and Angus (Dundee)"
beelin',57.6770565305512,-3.246516161005303,1653939396,148,1950,72,Male,Y,737,Elgin,Moray,IV30,"North East (Aberdeen)"
beelin',57.226033940612,-2.1033182679056592,1653942056,149,1977,45,Female,N,112,"Dyce, Aberdeen",Aberdeen,"Aberdeen North","North East (Aberdeen)"
beelin',55.41844894177958,-4.69241558488888,1653942482,150,1962,60,Male,N,856,"Ayr (Centre)","South Ayrshire",KA7,Ayrshire
beelin',56.105991653568495,-3.7306783896008873,1653944270,152,1953,69,Female,Y,391,Alloa,Clackmannanshire,FK10,"Stirling and Falkirk"
beelin',55.89381465655582,-2.845807501155254,1653953391,158,1998,24,Other,Y,350,Pencaitland,"East Lothian",EH34,"Lothian (Edinburgh)"
beelin',55.88417461461176,-4.220022188099483,1654107013,169,1961,61,Female,Y,609,"Garthamlock, Glasgow",Glasgow,"Glasgow Northeast",Glasgow
beelin',55.837178742880646,-4.122631110092589,1654107271,169,1961,61,Female,Y,609,"Garthamlock, Glasgow",Glasgow,"Glasgow Northeast",Glasgow
beelin',56.483927719147964,-3.041748416897062,1654167881,172,1952,70,Female,Y,236,"Lochee, Dundee",Dundee,"Dundee Central","Tayside and Angus (Dundee)"
beelin',55.62814705262362,-4.701975289435735,1654289649,179,1972,50,Male,Y,787,"Irvine (centre: Castlepark, Tarryholme)","North Ayrshire",KA12,Ayrshire
beelin',0,0,1654785053,65,1986,36,Female,Y,264,"Slateford, Edinburgh",Edinburgh,"Edinburgh Central","Lothian (Edinburgh)"
beelin',55.85500129122834,-4.181328831647566,1655215677,214,1999,23,Female,Y,634,"Maryhill, Glasgow",Glasgow,"Glasgow Northeast",Glasgow
beelin',55.98971083838739,-4.7798693549210345,1655281997,235,1996,26,Male,Y,566,Helensburgh,"Argyll and Bute",G84,"Argyll and Bute"
beelin',55.70834206731348,-4.504185823694834,1655324645,301,1957,65,Female,Y,837,"Kilmarnock (north: Onthank, Townholm, Altonhill, Longpark, Beansburn, New Farm Loch, Knockinlaw, Hillhead, Crookedholm)","East Ayrshire",KA3,Ayrshire
beelin',55.87024542173801,-4.348436423380849,1663176643,380,1959,63,Female,N,675,"Penilee, Glasgow",Glasgow,"Glasgow Southwest",Glasgow
beelin',55.919543860665954,-4.3776964579969935,1663176726,381,1960,62,Female,Y,643,"Anniesland, Glasgow",Glasgow,"Glasgow Northwest",Glasgow
beelin',55.83634343858665,-4.348065146022748,1663178032,384,1971,51,Female,N,673,"Drumoyne, Glasgow",Glasgow,"Glasgow Southwest",Glasgow
beelin',55.835357105157364,-4.2386535301129245,1664774227,449,1957,65,Male,N,678,"Cardonald, Glasgow",Glasgow,"Glasgow Southwest",Glasgow
beelin',55.822135381482504,-4.376519245620998,1664792385,481,1955,67,Female,Y,678,"Cardonald, Glasgow",Glasgow,"Glasgow Southwest",Glasgow
beelin',55.54721686776919,-4.513621106645118,1664793532,492,1970,52,Male,Y,779,"Kilmarnock (centre and south: Bonnyton, Grange, Bellfield, Shortlees, Caprington, Riccarton, Hurlford)","East Ayrshire",KA1,Ayrshire
beelin',55.369999311584536,-3.273186087551291,1664794395,501,1949,73,Male,Y,1479,Selkirk,"Scottish Borders",TD7,Borders
beelin',56.47925184383255,-3.021695272508329,1664794668,502,1960,62,Male,N,243,"Hilltown, Dundee",Dundee,"Dundee Central","Tayside and Angus (Dundee)"
beelin',56.47166721148984,-2.9159044319954135,1664796646,517,1976,46,Male,Y,251,"Kirkton, Dundee",Dundee,"Dundee North","Tayside and Angus (Dundee)"
beelin',55.92115949109642,-4.628820856434747,1664798893,534,1952,70,Male,Y,1229,"Port Glasgow",Inverclyde,PA14,Glasgow
beelin',55.831553873143775,-4.011206319596665,1664799387,538,1964,58,Female,Y,1186,Bellshill,"North Lanarkshire",ML4,Glasgow
beelin',56.690766083026574,-3.087664992972547,1664801189,549,1976,46,Female,Y,181,Kirriemuir,Angus,DD8,"Tayside and Angus (Dundee)"
beelin',55.941874823774995,-3.077092408266886,1664801780,554,1948,74,Female,Y,330,Musselburgh,"East Lothian",EH21,"Lothian (Edinburgh)"
beelin',56.11891724770866,-3.297863290961565,1664802633,563,1968,54,Female,N,1124,Kelty,Fife,KY4,Fife
beelin',56.08288935635417,-3.172453221092591,1664806815,596,1956,66,Female,Y,1117,"Kirkcaldy (west: Hayfield, Templehall, Newliston, Chapel, Dunnikier, Bennochy)",Fife,KY2,Fife
beelin',56.12007892080745,-5.305582558311374,1664807061,597,1970,52,Male,Y,1255,Inveraray,"Argyll and Bute",PA32,"Argyll and Bute"
beelin',55.84890798839272,-4.2046254601196935,1664810499,619,1957,65,Male,Y,600,"Garrowhill, Glasgow",Glasgow,"Glasgow Northeast",Glasgow
beelin',56.00915574012044,-3.6155069586239033,1664811346,624,1981,41,Other,Y,370,Bo'ness,Falkirk,EH51,"Lothian (Edinburgh)"
beelin',55.90880672531799,-4.045369303550327,1664813787,641,1956,66,Male,Y,1189,Coatbridge,"North Lanarkshire",ML5,Glasgow
beelin',55.77728826052121,-4.627249586478301,1664813848,643,1975,47,Male,Y,1226,Lochwinnoch,Renfrewshire,PA12,Glasgow
beelin',55.82158002678238,-4.056202267291338,1664814105,645,1955,67,Female,Y,526,Viewpark,"North Lanarkshire",G71,Glasgow
beelin',55.995626165811366,-3.818162460079877,1664814553,646,1964,58,Female,N,380,Camelon, Falkirk,FK1,"Stirling and Falkirk"
beelin',55.798571838742205,-4.0738911724361655,1664820393,690,1965,57,Male,Y,523,Bothwell,"South Lanarkshire",G71,Glasgow
beelin',56.47570306300003,-3.0058546804454953,1664823009,712,1956,66,Female,Y,239,"Charleston, Dundee",Dundee,"Dundee Central","Tayside and Angus (Dundee)"
beelin',55.85360991749726,-4.053206955289386,1664829176,749,1975,47,Female,Y,1189,Coatbridge,"North Lanarkshire",ML5,Glasgow
beelin',57.32077585701996,-2.9498586892988037,1664833003,772,1973,49,Male,Y,86,Rhynie,Aberdeenshire,AB54,"North East (Aberdeen)"
beelin',55.83542049575981,-4.47054126545765,1664833873,778,1952,70,Female,Y,1276,Johnstone,Renfrewshire,PA5,Glasgow
beelin',55.678125884250235,-4.779494535754513,1664837198,784,1959,63,Female,Y,813,Ardrossan,"North Ayrshire",KA22,Ayrshire
beelin',55.884975487301226,-4.3711335882152875,1664867481,814,1956,66,Male,Y,641,"Knightswood, Glasgow",Glasgow,"Glasgow Northwest",Glasgow
beelin',55.90017452756274,-4.352558115536179,1664870555,838,1960,62,Male,Y,641,"Knightswood, Glasgow",Glasgow,"Glasgow Northwest",Glasgow
beelin',57.15880559099671,-2.7014590188000627,1664870605,840,1964,58,Male,Y,25,Torphins,Aberdeenshire,AB31,"North East (Aberdeen)"
beelin',54.8249565091953,-3.9483657612830765,1664870731,850,1967,55,Female,N,218,Kirkcudbright,"Dumfries and Galloway",DG6,"Dumfries and Galloway"
beelin',57.04209081780181,-2.88614837344803,1664870796,851,1975,47,Female,Y,33,Aboyne,Aberdeenshire,AB34,"North East (Aberdeen)"
beelin',56.03285401327391,-3.404685274484619,1664871005,859,1939,83,Male,Y,1090,"Dunfermline (south and east: Halbeath, Touch, Duloch, Masterton, Pitcorthie, Abbeyview, Brucefield, Hospital Hill, Camdean, Pitreavie)",Fife,KY11,Fife
beelin',56.48208296359052,-2.955118540989325,1664871127,863,1972,50,Male,N,251,"Kirkton, Dundee",Dundee,"Dundee North","Tayside and Angus (Dundee)"
beelin',55.93204552380169,-3.255172985195384,1664871450,875,1966,56,Male,Y,267,"Sighthill, Edinburgh",Edinburgh,"Edinburgh Central","Lothian (Edinburgh)"
beelin',55.63666972096893,-4.437605804662924,1664871575,880,1989,33,Male,Y,834,Dunlop,"East Ayrshire",KA3,Ayrshire
beelin',57.273834416125865,-2.065974468232731,1664871579,878,1975,47,Other,Y,113,"Bridge of Don, Aberdeen",Aberdeen,"Aberdeen North","North East (Aberdeen)"
beelin',55.94655851050216,-4.347104941215997,1664871981,893,1979,43,Other,Y,489,Milngavie,"East Dunbartonshire",G62,Glasgow
beelin',55.83583856488936,-4.345869427695515,1664872516,908,1949,73,Male,Y,663,"Mount Florida, Glasgow",Glasgow,"Glasgow Southwest",Glasgow
beelin',56.11988614013589,-3.236145230635265,1664872675,910,1959,63,Male,Y,1117,"Kirkcaldy (west: Hayfield, Templehall, Newliston, Chapel, Dunnikier, Bennochy)",Fife,KY2,Fife
beelin',55.96193343815227,-3.2524549564818726,1664872782,913,1948,74,Male,N,278,"Granton, Edinburgh",Edinburgh,"Edinburgh Clermiston Granton","Lothian (Edinburgh)"
beelin',55.28414114930057,-3.698551439344065,1664872942,921,1965,57,Male,Y,209,Moniaive,"Dumfries and Galloway",DG3,"Dumfries and Galloway"
beelin',55.03699642919612,-3.1048554629116807,1664873477,931,1946,76,Female,Y,196,Lockerbie,"Dumfries and Galloway",DG11,"Dumfries and Galloway"
beelin',56.46998828515879,-3.0169531175043858,1664874044,943,1971,51,Male,Y,244,"Stobswell, Dundee",Dundee,"Dundee Central","Tayside and Angus (Dundee)"
beelin',57.1563838421214,-2.160933678961203,1664874146,948,1996,26,Male,Y,101,"Sheddocksley, Aberdeen",Aberdeen,"Aberdeen Central","North East (Aberdeen)"
beelin',55.93114899080912,-4.168603379069593,1664874395,957,1971,51,Female,N,507,Kirkintilloch,"East Dunbartonshire",G66,Glasgow
beelin',55.692781634624374,-2.2561204928191576,1664874467,960,1972,50,Female,N,1424,Coldstream,"Scottish Borders",TD12,Borders
beelin',56.51463584668672,-2.695207654534186,1664874609,968,1959,63,Male,Y,178,Carnoustie,Angus,DD7,"Tayside and Angus (Dundee)"
beelin',56.46796698932959,-2.9253853451032796,1664874711,972,1959,63,Male,Y,252,"Linlathen and Midcraigie, Dundee",Dundee,"Dundee North","Tayside and Angus (Dundee)"
beelin',55.67123583583065,-4.147728681750289,1664875116,990,1952,70,Male,Y,1160,Strathaven,"North Lanarkshire",ML10,Glasgow
beelin',55.8256854620659,-4.442107993723454,1664875322,992,1967,55,Male,N,1236,"Paisley (south: Blackhall, Castlehead, Dykebar, Foxbar, Hunterhill, Meikleriggs)",Renfrewshire,PA2,Glasgow
beelin',54.9627060366331,-3.947995534366804,1664875786,1019,1965,57,Female,Y,220,"Castle Douglas","Dumfries and Galloway",DG7,"Dumfries and Galloway"
beelin',55.96585717825904,-3.938390178704947,1664875881,1028,1992,30,Male,Y,514,"Cumbernauld (south: Condorrat, Lenziemill, Carbrain, Kildrum, Cumbernauld Village, Abronhill, Seafar)","North Lanarkshire",G67,Glasgow
beelin',55.85762712990324,-4.591657393342666,1664876069,1041,1977,45,Male,Y,1224,"Bridge of Weir",Renfrewshire,PA11,Glasgow
beelin',56.03255497691396,-3.694735918058124,1664876072,1031,1962,60,Female,Y,439,Grangemouth,Falkirk,FK3,"Stirling and Falkirk"
beelin',55.72227494223441,-2.9500549873277713,1664876144,1052,1968,54,Male,Y,1413,Galashiels,"Scottish Borders",TD1,Borders
beelin',55.7454699842339,-4.477097336633212,1664876290,1060,1966,56,Male,Y,837,"Kilmarnock (north: Onthank, Townholm, Altonhill, Longpark, Beansburn, New Farm Loch, Knockinlaw, Hillhead, Crookedholm)","East Ayrshire",KA3,Ayrshire
beelin',54.79575163079344,-4.966954829919136,1664876320,1046,1976,46,Male,N,231,Stranraer,"Dumfries and Galloway",DG9,"Dumfries and Galloway"
beelin',55.931252202819024,-4.37956997576838,1664876418,1063,1958,64,Female,Y,546,Clydebank,"West Dunbartonshire",G81,Glasgow
beelin',56.10454743568253,-3.843646799162575,1664876558,1079,1956,66,Male,N,459,Cowie,Stirlingshire,FK7,"Stirling and Falkirk"
beelin',55.94192635407928,-3.931651475538783,1664876767,1086,1954,68,Male,N,514,"Cumbernauld (south: Condorrat, Lenziemill, Carbrain, Kildrum, Cumbernauld Village, Abronhill, Seafar)","North Lanarkshire",G67,Glasgow
beelin',55.85875560280629,-4.276425306809127,1664877373,1118,1955,67,Male,Y,586,"Kelvinside, Glasgow",Glasgow,"Glasgow Kelvin",Glasgow
beelin',55.92819546344026,-3.2921986697489567,1664877406,1117,1965,57,Female,Y,268,"Stenhouse, Edinburgh",Edinburgh,"Edinburgh Central","Lothian (Edinburgh)"
beelin',55.58970975005514,-4.626130941276859,1664877597,1132,1960,62,Female,Y,785,"Irvine (east, south: Perceton, Lawthorn, Girdle Toll, Stanecastle, Bourtreehill, Broomlands, Dreghorn, Springside)","North Ayrshire",KA11,Ayrshire
beelin',55.798626869821284,-4.157695011603789,1664877835,1148,1956,66,Male,Y,529,Cambuslang,"South Lanarkshire",G72,Glasgow
beelin',55.26258503724525,-4.815904115948286,1664878137,1163,1983,39,Female,Y,819,Barrhill,"South Ayrshire",KA26,Ayrshire
beelin',57.10658911663475,-2.2740996311055395,1664878310,1167,1963,59,Male,N,134,"Cults, Aberdeen",Aberdeen,"Aberdeen Southwest","North East (Aberdeen)"
beelin',55.784537947670344,-3.9826971898337526,1664878571,1181,1980,42,Female,Y,1151,Motherwell,"North Lanarkshire",ML1,Glasgow
beelin',55.951556662375275,-4.237667920172762,1664879141,1208,1971,51,Male,Y,502,Bishopbriggs,"East Dunbartonshire",G64,Glasgow
beelin',55.802761399882115,-4.297858150553634,1664879666,1234,1961,61,Male,Y,647,"Pollokshields, Glasgow",Glasgow,"Glasgow South",Glasgow
beelin',55.807529158257424,-4.0823740419220265,1664879968,1244,1995,27,Female,Y,525,Uddingston,"South Lanarkshire",G71,Glasgow
beelin',56.012062934250544,-4.043904917355901,1664880042,1250,1962,60,Female,Y,506,Kilsyth,"North Lanarkshire",G65,Glasgow
beelin',55.84892996565092,-4.222699834817842,1664880146,1256,1950,72,Female,Y,603,"Carntyne, Glasgow",Glasgow,"Glasgow Northeast",Glasgow
beelin',55.815774086958,-4.070403850786623,1664880262,1263,1975,47,Female,Y,523,Bothwell,"South Lanarkshire",G71,Glasgow
beelin',56.47268720116704,-2.9186861617605806,1664880313,1270,1968,54,Female,Y,255,"Fintry, Dundee",Dundee,"Dundee North","Tayside and Angus (Dundee)"
beelin',56.511272255001025,-2.7773117834656684,1664880463,1274,1983,39,Male,N,178,Carnoustie,Angus,DD7,"Tayside and Angus (Dundee)"
beelin',55.038011561892795,-3.295450813079898,1664880520,1275,1957,65,Male,Y,197,Annan,"Dumfries and Galloway",DG12,"Dumfries and Galloway"
beelin',55.73655707841352,-4.8670633145601405,1664881296,1297,1973,49,Male,Y,814,"West Kilbride","North Ayrshire",KA23,Ayrshire
beelin',56.46101071205448,-2.984435026009191,1664881340,1307,1969,53,Male,N,237,"Blackness, Dundee",Dundee,"Dundee Central","Tayside and Angus (Dundee)"
beelin',56.4866371783422,-3.0272338742286258,1664881514,1313,1964,58,Male,Y,242,"St Marys, Dundee",Dundee,"Dundee Central","Tayside and Angus (Dundee)"
beelin',56.10687082009829,-3.736506192786627,1664881798,1325,1969,53,Male,Y,391,Alloa,Clackmannanshire,FK10,"Stirling and Falkirk"
beelin',57.13511912700671,-2.5843930637877572,1664882309,1351,1986,36,Male,Y,22,Banchory,Aberdeenshire,AB31,"North East (Aberdeen)"
beelin',56.03661335245382,-3.360077467133151,1664882915,1362,1986,36,Male,Y,1090,"Dunfermline (south and east: Halbeath, Touch, Duloch, Masterton, Pitcorthie, Abbeyview, Brucefield, Hospital Hill, Camdean, Pitreavie)",Fife,KY11,Fife
beelin',57.54619868259021,-2.7208149517839355,1664883513,1375,1998,24,Female,Y,83,Huntly,Aberdeenshire,AB54,"North East (Aberdeen)"
beelin',57.483882830391245,-2.496199923538687,1664884051,1403,2002,20,Female,School,76,Fyvie,Aberdeenshire,AB53,"North East (Aberdeen)"
beelin',56.06728816584202,-3.7934098724572074,1664884632,1421,1984,38,Female,Y,430,Brightons,Falkirk,FK2,"Stirling and Falkirk"
beelin',56.17041672697792,-3.2747650857766364,1664885200,1444,1953,69,Female,Y,1125,Ballingry,Fife,KY5,Fife
beelin',55.850293326364145,-4.360031017010288,1664886577,1498,1993,29,Male,N,668,"Carnwadric, Glasgow",Glasgow,"Glasgow Southwest",Glasgow
beelin',55.83823833131748,-3.909934989206261,1664886877,1507,1995,27,Other,N,1151,Motherwell,"North Lanarkshire",ML1,Glasgow
beelin',55.951965389910185,-4.28911379408849,1664887013,1516,1991,31,Male,Y,489,Milngavie,"East Dunbartonshire",G62,Glasgow
beelin',55.89984915343609,-4.334401887839035,1664887292,1525,1957,65,Female,Y,641,"Knightswood, Glasgow",Glasgow,"Glasgow Northwest",Glasgow
beelin',55.80566695076555,-4.28336275987635,1664887548,1541,1958,64,Male,N,651,"Cathcart, Glasgow",Glasgow,"Glasgow South",Glasgow
beelin',55.84381750318367,-4.252033224502229,1664888745,1579,1960,62,Male,Y,679,"Pollock, Glasgow",Glasgow,"Glasgow Southwest",Glasgow
beelin',55.85050895081675,-4.393425770323923,1664888987,1591,1970,52,Female,N,1220,"Paisley (central, east and north east: Ferguslie, Oldhall, Seedhill, Williamsburgh, Whitehaugh)",Renfrewshire,PA1,Glasgow
beelin',55.66800596602984,-4.155782462544328,1664889293,1593,1960,62,Male,N,1160,Strathaven,"North Lanarkshire",ML10,Glasgow
beelin',55.876557331020145,-3.806466935055614,1664889996,1604,1956,66,Female,Y,368,Bathgate,"West Lothian",EH48,"Lothian (Edinburgh)"
beelin',55.40116773478124,-4.750894477573751,1664890132,1389,2004,18,Male,Y,855,Alloway,"South Ayrshire",KA7,Ayrshire
beelin',55.94156392774273,-4.836124745057015,1664891030,1621,1984,38,Male,Y,1235,Gourock,Inverclyde,PA19,Glasgow
beelin',54.89428235843475,-4.1965389560442725,1664891033,1629,1968,54,Female,N,220,"Castle Douglas","Dumfries and Galloway",DG7,"Dumfries and Galloway"
beelin',55.804028389214245,-4.458698032132436,1664891376,1636,1988,34,Male,Y,1236,"Paisley (south: Blackhall, Castlehead, Dykebar, Foxbar, Hunterhill, Meikleriggs)",Renfrewshire,PA2,Glasgow
beelin',56.61467874914814,-2.9179752551477875,1664891581,1641,1977,45,Male,N,179,Forfar,Angus,DD8,"Tayside and Angus (Dundee)"
beelin',56.10314311892738,-3.245908362737921,1664892145,1658,1994,28,Male,Y,1117,"Kirkcaldy (west: Hayfield, Templehall, Newliston, Chapel, Dunnikier, Bennochy)",Fife,KY2,Fife
beelin',55.91911481646101,-3.1707371676157248,1664892787,1672,1949,73,Female,N,322,"Gilmerton, Edinburgh",Edinburgh,"Edinburgh Southeast","Lothian (Edinburgh)"
beelin',56.47315763350417,-3.0047999709649935,1664893758,1695,1956,66,Male,N,238,"Menzieshill, Dundee",Dundee,"Dundee Central","Tayside and Angus (Dundee)"
beelin',56.40599838968161,-2.9505420958896833,1664894074,1707,1966,56,Male,Y,176,Tayport,Fife,DD6,"Tayside and Angus (Dundee)"
beelin',55.86769196156282,-3.712479316300234,1664895819,1688,1981,41,Male,Y,366,Whitburn,"West Lothian",EH47,"Lothian (Edinburgh)"
beelin',56.14358081581098,-3.9139722885214647,1664896616,1752,1975,47,Female,Y,479,"Stirling (north: Causewayhead, Cornton)",Stirlingshire,FK9,"Stirling and Falkirk"
beelin',55.914081061576255,-2.578804140271252,1664896685,1777,1951,71,Female,N,1423,Duns,"Scottish Borders",TD11,Borders
beelin',56.095645757856204,-4.067528402430675,1664897427,1803,1978,44,Male,N,457,Bannockburn,Stirlingshire,FK7,"Stirling and Falkirk"
beelin',55.80924528927246,-4.078078690655225,1664897910,1813,1977,45,Female,Y,525,Uddingston,"South Lanarkshire",G71,Glasgow
beelin',55.39267152833062,-4.720418635063024,1664898610,1833,1948,74,Male,Y,804,Crosshill,"South Ayrshire",KA19,Ayrshire
beelin',55.91182970792592,-3.6013604675101742,1664898951,1837,1973,49,Female,N,368,Bathgate,"West Lothian",EH48,"Lothian (Edinburgh)"
beelin',55.84047100358752,-4.036200422246315,1664899360,1850,1967,55,Female,Y,1189,Coatbridge,"North Lanarkshire",ML5,Glasgow
beelin',56.49355783852831,-3.1320586274043274,1664900129,1864,1965,57,Female,N,145,Liff,Angus,DD2,"Tayside and Angus (Dundee)"
beelin',57.15921996196546,-2.091712289936795,1664900875,1883,1943,79,Female,N,107,"Rosemount, Aberdeen",Aberdeen,"Aberdeen Central","North East (Aberdeen)"
beelin',56.122193888505805,-3.7020747239767404,1664901799,1908,1996,26,Male,Y,391,Alloa,Clackmannanshire,FK10,"Stirling and Falkirk"
beelin',57.059256814116814,-2.1732174936611397,1664902183,1920,1966,56,Female,Y,48,Stonehaven,Aberdeenshire,AB39,"North East (Aberdeen)"
beelin',55.81607385997781,-4.505771928239709,1664902887,1933,1974,48,Female,Y,1275,Elderslie,Renfrewshire,PA5,Glasgow
beelin',55.69976848556823,-3.989193034612453,1664903286,1944,1965,57,Male,Y,1217,Larkhall,"North Lanarkshire",ML9,Glasgow
beelin',55.68587315755292,-4.504016370550127,1664904704,1974,1956,66,Male,N,837,"Kilmarnock (north: Onthank, Townholm, Altonhill, Longpark, Beansburn, New Farm Loch, Knockinlaw, Hillhead, Crookedholm)","East Ayrshire",KA3,Ayrshire
beelin',56.47616024556417,-2.9914034220916954,1664905408,1992,1963,59,Male,N,234,"Baxter Park, Dundee",Dundee,"Dundee Bluebelt","Tayside and Angus (Dundee)"
beelin',56.00368944734107,-4.244193158017409,1664905674,1999,1991,31,Female,Y,510,"Milton of Campsie","East Dunbartonshire",G66,Glasgow
beelin',55.34355619498649,-4.6133347066453565,1664907724,2038,1948,74,Male,Y,804,Crosshill,"South Ayrshire",KA19,Ayrshire
beelin',56.20971670357584,-5.591306335952872,1664908312,2063,1968,54,Female,Y,1257,Oban,"Argyll and Bute",PA34,"Argyll and Bute"
beelin',55.60884710703355,-4.385525345797548,1664908948,2075,1951,71,Female,Y,843,Galston,"East Ayrshire",KA4,Ayrshire
beelin',56.49491223792566,-2.938121744889839,1664909005,2079,1955,67,Male,N,255,"Fintry, Dundee",Dundee,"Dundee North","Tayside and Angus (Dundee)"
beelin',55.56585008994803,-4.328957565190116,1664909343,2087,1972,50,Male,Y,843,Galston,"East Ayrshire",KA4,Ayrshire
beelin',55.86344540582103,-4.25464287234628,1664909497,2091,1954,68,Male,Y,580,"Anderston, Glasgow",Glasgow,"Glasgow City Centre",Glasgow
beelin',55.83578017579579,-3.901305549243889,1664909768,2096,1969,53,Female,Y,1151,Motherwell,"North Lanarkshire",ML1,Glasgow
beelin',56.16427560308972,-3.3308190699862257,1664910494,2115,1953,69,Male,Y,1128,Lochgelly,Fife,KY5,Fife
beelin',55.98652107892631,-3.179261141650536,1664910649,2121,1968,54,Female,Y,285,"Leith, Edinburgh",Edinburgh,"Edinburgh Leith","Lothian (Edinburgh)"
beelin',56.08792661472546,-4.777149800799195,1664911105,2128,1964,58,Female,N,566,Helensburgh,"Argyll and Bute",G84,"Argyll and Bute"
beelin',55.84290513427004,-4.2532014779034,1664911107,2129,1962,60,Male,Y,663,"Mount Florida, Glasgow",Glasgow,"Glasgow Southwest",Glasgow
beelin',55.69043614197688,-4.099593435105381,1664911730,2143,1969,53,Male,Y,1160,Strathaven,"North Lanarkshire",ML10,Glasgow
beelin',55.73706690461871,-4.1050263835704,1664911948,2150,1980,42,Male,N,1183,Hamilton,"South Lanarkshire",ML3,Glasgow
beelin',55.83596947924253,-4.035921090877194,1664912986,2173,1996,26,Male,Y,1189,Coatbridge,"North Lanarkshire",ML5,Glasgow
beelin',55.54899573126061,-4.235623282315111,1664913522,2182,1956,66,Female,N,846,Mauchline,"East Ayrshire",KA5,Ayrshire
beelin',55.955683262938706,-3.2388399485887422,1664913595,2188,1967,55,Female,Y,278,"Granton, Edinburgh",Edinburgh,"Edinburgh Clermiston Granton","Lothian (Edinburgh)"
beelin',55.819653860201484,-4.33441825739573,1664914120,2206,1990,32,Male,Y,653,"Netherlee, Glasgow",Glasgow,"Glasgow South",Glasgow
beelin',55.87653757997281,-4.268118959075714,1664914128,2212,1961,61,Female,Y,609,"Garthamlock, Glasgow",Glasgow,"Glasgow Northeast",Glasgow
beelin',56.12006823909922,-3.5416433021444926,1664915232,2226,1973,49,Male,Y,1096,"Dunfermline (centre, north, west: Abbey Parks, Lady's Mill, Garvock, Headwell, Kingseathill, Wellwood, Milesmark, Baldridge, Pittencrieff, Baldridgeburn)",Fife,KY12,Fife
beelin',55.882224987074856,-4.349965459736925,1664915325,2230,1969,53,Male,Y,638,"Drumchapel, Glasgow",Glasgow,"Glasgow Northwest",Glasgow
beelin',56.063292769332115,-3.3939022684077234,1664915327,2233,1971,51,Other,Y,1090,"Dunfermline (south and east: Halbeath, Touch, Duloch, Masterton, Pitcorthie, Abbeyview, Brucefield, Hospital Hill, Camdean, Pitreavie)",Fife,KY11,Fife
beelin',55.82720300275732,-4.323962667924536,1664918190,2289,1979,43,Female,N,658,"Giffnock, Glasgow",Glasgow,"Glasgow South",Glasgow
beelin',55.23302888429024,-4.379413138484512,1664919411,2326,1957,65,Male,Y,852,Dalmellington,"East Ayrshire",KA6,Ayrshire
beelin',55.82459336590098,-4.29033215221433,1664920126,2349,1990,32,Male,Y,651,"Cathcart, Glasgow",Glasgow,"Glasgow South",Glasgow
beelin',55.90745065492252,-3.6656669959935684,1664924057,2399,1958,64,Male,N,368,Bathgate,"West Lothian",EH48,"Lothian (Edinburgh)"
beelin',55.87476005033267,-3.6907784109923725,1664924352,2399,1958,64,Male,N,368,Bathgate,"West Lothian",EH48,"Lothian (Edinburgh)"
beelin',55.067586781342754,-3.564112975363255,1664924979,2411,1969,53,Female,Y,187,Locharbriggs,"Dumfries and Galloway",DG1,"Dumfries and Galloway"
beelin',55.87374881229738,-4.445082769619825,1664925702,2414,1962,60,Female,Y,1264,Renfrew,Renfrewshire,PA4,Glasgow
beelin',55.920069149424,-3.48013719446671,1664949572,2462,1977,45,Male,Y,371,Broxburn,"West Lothian",EH52,"Lothian (Edinburgh)"
beelin',55.05196043930899,-3.197578438379205,1664951164,2469,1961,61,Male,Y,196,Lockerbie,"Dumfries and Galloway",DG11,"Dumfries and Galloway"
beelin',57.59026973481189,-3.5938941763131136,1664951561,2475,1979,43,Male,Y,740,Forres,Moray,IV36,"North East (Aberdeen)"
beelin',56.088904304421646,-3.5768781278274653,1664957885,2519,1982,40,Female,Y,1096,"Dunfermline (centre, north, west: Abbey Parks, Lady's Mill, Garvock, Headwell, Kingseathill, Wellwood, Milesmark, Baldridge, Pittencrieff, Baldridgeburn)",Fife,KY12,Fife
beelin',57.250532979711636,-2.0528941053520104,1664958875,2539,1990,32,Female,Y,117,Balmedie,Aberdeenshire,"Aberdeen North","North East (Aberdeen)"
beelin',55.853206129508685,-4.426776930254796,1664959023,2534,1962,60,Male,Y,1249,"Paisley (north west: Ferguslie Park, Gallowhill, Gockston, Shortroods, )",Renfrewshire,PA3,Glasgow
beelin',55.85633056969431,-4.202618247798786,1664960176,2553,1962,60,Male,Y,631,"Royston, Glasgow",Glasgow,"Glasgow Northeast",Glasgow
beelin',55.7973003408138,-4.296146187927197,1664962366,2571,1982,40,Male,Y,647,"Pollokshields, Glasgow",Glasgow,"Glasgow South",Glasgow
beelin',55.83561237163877,-4.052937321355284,1664963963,2593,1986,36,Male,Y,525,Uddingston,"South Lanarkshire",G71,Glasgow
beelin',55.973964627645834,-4.003217801010615,1664966478,2613,1981,41,Female,Y,517,"Cumbernauld (north: Balloch, Eastfield, Carrickstone, Smithstone, Blackwood, Westfield)","North Lanarkshire",G68,Glasgow
beelin',56.28012000093051,-3.923167950691429,1664967880,2619,1999,23,Female,Y,405,Dunblane,Stirlingshire,FK15,"Stirling and Falkirk"
beelin',55.22165377532529,-4.4961617921745605,1664969438,2653,1968,54,Female,Y,806,Maybole,"South Ayrshire",KA19,Ayrshire
beelin',55.84393163682391,-4.487596419704804,1664969444,2662,1985,37,Male,Y,1249,"Paisley (north west: Ferguslie Park, Gallowhill, Gockston, Shortroods, )",Renfrewshire,PA3,Glasgow
beelin',55.85261836522112,-4.053266314650427,1664969525,2661,1956,66,Male,Y,1189,Coatbridge,"North Lanarkshire",ML5,Glasgow
beelin',55.876754113220485,-4.255383824587125,1664969527,2663,1961,61,Male,N,588,"Broomhill, Glasgow",Glasgow,"Glasgow Kelvin",Glasgow
beelin',55.94587851340378,-3.1570615646303737,1664969579,2673,1956,66,Male,N,281,"Portobello, Edinburgh",Edinburgh,"Edinburgh Duddingston","Lothian (Edinburgh)"
beelin',56.06486678259643,-3.5176236412504354,1664969649,2679,1986,36,Male,N,1096,"Dunfermline (centre, north, west: Abbey Parks, Lady's Mill, Garvock, Headwell, Kingseathill, Wellwood, Milesmark, Baldridge, Pittencrieff, Baldridgeburn)",Fife,KY12,Fife
beelin',54.794366774104134,-4.137609149570128,1664969672,2678,1959,63,Male,Y,218,Kirkcudbright,"Dumfries and Galloway",DG6,"Dumfries and Galloway"
beelin',57.490768094220456,-3.1200555821092757,1664969728,2692,1959,63,Female,Y,89,Dufftown,Moray,AB55,"North East (Aberdeen)"
beelin',55.89790793911728,-3.976829842845812,1664970132,2717,1988,34,Female,Y,1192,Airdrie,"North Lanarkshire",ML6,Glasgow
beelin',55.9376754595524,-3.678693763997087,1664970147,2724,1969,53,Female,Y,367,Armadale,"West Lothian",EH48,"Lothian (Edinburgh)"
beelin',55.94298038499408,-4.388278671340576,1664970207,2728,1975,47,Male,Y,489,Milngavie,"East Dunbartonshire",G62,Glasgow
beelin',56.74479254836787,-3.90226421502245,1664970772,2754,1960,62,Male,Y,1329,Pitlochry,"Perth and Kinross",PH16,Fife
beelin',55.846578342337175,-4.375373765234433,1664970934,2776,1969,53,Male,Y,1220,"Paisley (central, east and north east: Ferguslie, Oldhall, Seedhill, Williamsburgh, Whitehaugh)",Renfrewshire,PA1,Glasgow
beelin',56.055262032610315,-3.41584812980355,1664971003,2783,1962,60,Male,N,1094,Rosyth,Fife,KY11,Fife
beelin',55.85374093777987,-4.189400053942667,1664971118,2787,1962,60,Female,Y,598,Rutherglen,"South Lanarkshire","Glasgow Northeast",Glasgow
beelin',55.68028096560763,-2.717260015847433,1664971327,2806,1961,61,Female,Y,1413,Galashiels,"Scottish Borders",TD1,Borders
beelin',55.18767544422191,-3.5698487120193363,1664971336,2808,1962,60,Male,N,186,"Dumfries (centre and east: Dalscone, Georgetown, Heathhall, Kingholm Quay, Noblehill, The Crichton)","Dumfries and Galloway",DG1,"Dumfries and Galloway"
beelin',55.72851435314598,-2.9262043793790276,1664972079,2806,1961,61,Female,Y,1413,Galashiels,"Scottish Borders",TD1,Borders
beelin',57.07193792952257,-2.1746825224230304,1664973308,2900,1959,63,Female,Y,1,Portlethen,Aberdeenshire,AB12,"North East (Aberdeen)"
beelin',55.60387359478414,-4.673161203517503,1664973392,2904,1963,59,Female,Y,787,"Irvine (centre: Castlepark, Tarryholme)","North Ayrshire",KA12,Ayrshire
beelin',55.89689835289128,-4.350601284687221,1664973471,2911,1989,33,Female,Y,641,"Knightswood, Glasgow",Glasgow,"Glasgow Northwest",Glasgow
beelin',55.82806622210549,-4.145128259704156,1664973930,2925,1959,63,Male,Y,529,Cambuslang,"South Lanarkshire",G72,Glasgow
beelin',55.84409707857252,-4.401040935200321,1664974485,2969,1971,51,Male,Y,1220,"Paisley (central, east and north east: Ferguslie, Oldhall, Seedhill, Williamsburgh, Whitehaugh)",Renfrewshire,PA1,Glasgow
beelin',55.626219049620765,-4.629275498475451,1664974540,2973,1955,67,Male,Y,785,"Irvine (east, south: Perceton, Lawthorn, Girdle Toll, Stanecastle, Bourtreehill, Broomlands, Dreghorn, Springside)","North Ayrshire",KA11,Ayrshire
beelin',56.124913931637835,-3.4583105062643416,1664974823,2984,1962,60,Female,N,1121,Cowdenbeath,Fife,KY4,Fife
beelin',55.704574503725674,-4.537659236370742,1664975375,3009,1970,52,Female,Y,837,"Kilmarnock (north: Onthank, Townholm, Altonhill, Longpark, Beansburn, New Farm Loch, Knockinlaw, Hillhead, Crookedholm)","East Ayrshire",KA3,Ayrshire
beelin',55.74149893268079,-4.037892365565141,1664975405,3010,1959,63,Male,Y,1183,Hamilton,"South Lanarkshire",ML3,Glasgow
beelin',55.840075566935916,-4.525912022841226,1664975573,3024,1965,57,Male,Y,1276,Johnstone,Renfrewshire,PA5,Glasgow
beelin',57.18963819378025,-2.499906785506153,1664976458,3058,1976,46,Other,Y,67,Oldmeldrum,Aberdeenshire,AB51,"North East (Aberdeen)"
beelin',56.017241770207534,-4.263424495397574,1664977068,3077,1984,38,Female,N,507,Kirkintilloch,"East Dunbartonshire",G66,Glasgow
beelin',60.150462190659674,-1.243150347505817,1664977095,3078,1978,44,Male,Y,1500,Lerwick,"Shetland Isles",ZE1,"Shetland Islands"
beelin',57.429161799110034,-3.1779241806149074,1664977538,3094,1977,45,Female,Y,88,Keith, Moray,AB55,"North East (Aberdeen)"
beelin',55.43123044063453,-4.358329344581498,1664977736,3102,1978,44,Female,Y,802,"New Cumnock","East Ayrshire",KA18,Ayrshire
beelin',55.86273640753289,-3.3246001598496417,1664977992,3107,1967,55,Male,Y,308,"Liberton, Edinburgh",Edinburgh,"Edinburgh South","Lothian (Edinburgh)"
beelin',55.838348697515514,-4.045615964295705,1664978091,3116,1975,47,Female,Y,1189,Coatbridge,"North Lanarkshire",ML5,Glasgow
beelin',55.81087016122473,-4.279457294259547,1664978417,3129,2002,20,Male,Y,648,"Shawlands, Glasgow",Glasgow,"Glasgow South",Glasgow
beelin',55.796999288709266,-4.364615427671834,1664979240,3165,1994,28,Male,Y,540,Barrhead,"East Renfrewshire",G78,Glasgow
beelin',55.92810012933711,-3.848771775780906,1664979621,3160,1995,27,Female,Y,377,"Falkirk (centre and south: Arnothill, Bantaskin, Callendar Park, Glen Village, Hallglen, Lionthorn, Tamfourhill, Woodlands)",Falkirk,FK1,"Stirling and Falkirk"
beelin',55.013822627013305,-4.344055574304168,1664980336,3200,1955,67,Female,Y,227,Wigtown,"Dumfries and Galloway",DG8,"Dumfries and Galloway"
beelin',56.12330866465638,-3.390344983647426,1664980977,3227,1956,66,Female,Y,1096,"Dunfermline (centre, north, west: Abbey Parks, Lady's Mill, Garvock, Headwell, Kingseathill, Wellwood, Milesmark, Baldridge, Pittencrieff, Baldridgeburn)",Fife,KY12,Fife
beelin',55.19597140838211,-2.786100487651504,1664982416,3284,1983,39,Male,Y,1493,Hawick,"Scottish Borders",TD9,Borders
beelin',55.337574345708354,-3.9334929851193094,1664982941,3299,1964,58,Male,Y,212,Kirkconnel,"Dumfries and Galloway",DG4,"Dumfries and Galloway"
beelin',55.74479577155129,-4.075002012303782,1664983126,3312,1967,55,Female,Y,1183,Hamilton,"South Lanarkshire",ML3,Glasgow
beelin',55.2625760963656,-4.689165000678736,1664983381,3325,1963,59,Female,Y,824,Girvan,"South Ayrshire",KA26,Ayrshire
beelin',55.87901155274237,-3.9124503777452526,1664983712,3331,1966,56,Male,Y,1192,Airdrie,"North Lanarkshire",ML6,Glasgow
beelin',55.81503415988761,-4.247777226942454,1664983897,3342,1970,52,Female,N,658,"Giffnock, Glasgow",Glasgow,"Glasgow South",Glasgow
beelin',55.83336208488619,-3.8862239906676717,1664984128,3364,1958,64,Female,N,1151,Motherwell,"North Lanarkshire",ML1,Glasgow
beelin',55.93231986059788,-3.969391388121703,1664984690,3382,1982,40,Female,Y,514,"Cumbernauld (south: Condorrat, Lenziemill, Carbrain, Kildrum, Cumbernauld Village, Abronhill, Seafar)","North Lanarkshire",G67,Glasgow
beelin',55.87172625385438,-4.281423896283312,1664985113,3400,1960,62,Female,Y,588,"Broomhill, Glasgow",Glasgow,"Glasgow Kelvin",Glasgow
beelin',56.264195024869835,-4.539078939738033,1664985347,3402,1957,65,Female,Y,410,Callander,Stirlingshire,FK17,"Stirling and Falkirk"
beelin',57.66353430620053,-2.9393494868437737,1664985348,3403,1964,58,Male,N,90,Buckie,Moray,AB56,"North East (Aberdeen)"
beelin',55.843264662143845,-3.6489881286880532,1664985643,3419,1971,51,Female,Y,366,Whitburn,"West Lothian",EH47,"Lothian (Edinburgh)"
beelin',56.91148457809538,-2.6537614427032286,1664986731,3461,1980,42,Male,Y,24,Lumphanan,Aberdeenshire,AB31,"North East (Aberdeen)"
beelin',56.01002629381036,-2.887831338339633,1664987530,3474,1944,78,Female,N,348,Prestonpans,"East Lothian",EH32,"Lothian (Edinburgh)"
beelin',55.71138016380017,-3.9636680991446007,1664987630,3477,1967,55,Female,Y,1217,Larkhall,"North Lanarkshire",ML9,Glasgow
beelin',56.8681352845053,-5.118516502746724,1664987807,3487,1964,58,Male,Y,1377,"Fort William",Highland,PH33,"Highlands (Inverness)"
beelin',56.626894703881256,-2.6450424859268713,1664988268,3503,1983,39,Female,N,141,Arbroath,Angus,DD11,"Tayside and Angus (Dundee)"
beelin',56.483273452343695,-2.931034689789676,1664988282,3504,1967,55,Female,Y,256,"Whitfield, Dundee",Dundee,"Dundee North","Tayside and Angus (Dundee)"
beelin',54.89765434573414,-3.7760230860711514,1664988914,3522,1953,69,Female,N,215,Dalbeattie,"Dumfries and Galloway",DG5,"Dumfries and Galloway"
beelin',55.849528697651806,-4.18885635825907,1664989370,3535,1957,65,Male,N,629,"Barmulloch, Glasgow",Glasgow,"Glasgow Northeast",Glasgow
beelin',55.779306322420176,-3.977944315225638,1664989391,3543,1961,61,Other,Y,1151,Motherwell,"North Lanarkshire",ML1,Glasgow
beelin',56.04991916300157,-3.434368585351279,1664989817,3548,1998,24,Male,Y,1091,Inverkeithing,Fife,KY11,Fife
beelin',55.523291418860765,-5.51760956766704,1664990611,3577,1989,33,Male,Y,1246,Campbeltown,"Argyll and Bute",PA28,"Argyll and Bute"
beelin',55.99624323718568,-4.775261678361645,1664991221,3596,1996,26,Male,Y,566,Helensburgh,"Argyll and Bute",G84,"Argyll and Bute"
beelin',55.60650981311397,-4.67353626175162,1664991793,3627,1966,56,Male,Y,787,"Irvine (centre: Castlepark, Tarryholme)","North Ayrshire",KA12,Ayrshire
beelin',55.82734391445388,-4.205256173937364,1664992500,3651,1986,36,Female,Y,658,"Giffnock, Glasgow",Glasgow,"Glasgow South",Glasgow
beelin',55.942191162445205,-4.773035170223648,1664992787,3663,1962,60,Female,N,1231,"Greenock (west: Bow Farm, Braeside, Branchton, Fort Matilda, Gateside, Greenock West, Overton, Pennyfern, Smithston)",Inverclyde,PA16,Glasgow
beelin',55.787971944195604,-3.8706818452139284,1664993000,3661,1966,56,Female,Y,1180,Wishaw,"North Lanarkshire",ML2,Glasgow
beelin',55.626384332041965,-4.679246469673836,1664993136,3674,1960,62,Female,Y,787,"Irvine (centre: Castlepark, Tarryholme)","North Ayrshire",KA12,Ayrshire
beelin',57.665311424203246,-2.976356475718859,1664993975,3695,1980,42,Male,Y,94,Portgordon,Moray,AB56,"North East (Aberdeen)"
beelin',56.468759667425246,-2.8895225283747665,1664995185,3751,1970,52,Female,Y,249,Monifieth,Angus,"Dundee East","Tayside and Angus (Dundee)"
beelin',55.67649653835474,-4.7083638011655005,1664995430,3765,1998,24,Female,N,788,Kilwinning,"North Ayrshire",KA13,Ayrshire
beelin',55.7694929102388,-3.8276535423495424,1664995872,3788,1976,46,Other,Y,1180,Wishaw,"North Lanarkshire",ML2,Glasgow
beelin',55.85013047502875,-4.355535703196972,1664997162,3833,1968,54,Male,Y,665,"Pollockshaws, Glasgow",Glasgow,"Glasgow Southwest",Glasgow
beelin',55.96295300047409,-3.2460786552363783,1664997488,3847,1960,62,Female,N,279,"Clermiston and Drumbrae, Edinburgh",Edinburgh,"Edinburgh Clermiston Granton","Lothian (Edinburgh)"
beelin',55.630154774662586,-4.678111569401348,1664997578,3854,1981,41,Male,Y,787,"Irvine (centre: Castlepark, Tarryholme)","North Ayrshire",KA12,Ayrshire
beelin',55.87839949721602,-3.525617194246361,1664998279,3882,1966,56,Male,Y,375,Livingston,"West Lothian",EH54,"Lothian (Edinburgh)"
beelin',55.81362378887191,-4.22726427160386,1664998390,3885,1993,29,Male,Y,647,"Pollokshields, Glasgow",Glasgow,"Glasgow South",Glasgow
beelin',55.764602389574115,-3.146676063442192,1664999811,3944,1960,62,Male,N,338,Gorebridge,Midlothian,EH23,"Lothian (Edinburgh)"
beelin',55.90118320783142,-4.442138518386154,1665000360,3965,1971,51,Male,Y,1306,Erskine,Renfrewshire,PA8,Glasgow
beelin',55.909026888008626,-4.0098645790975835,1665001431,4005,1987,35,Male,Y,514,"Cumbernauld (south: Condorrat, Lenziemill, Carbrain, Kildrum, Cumbernauld Village, Abronhill, Seafar)","North Lanarkshire",G67,Glasgow
beelin',55.86099073273017,-4.237685931447044,1665001750,4007,1952,70,Female,Y,579,"Garnethill, Glasgow",Glasgow,"Glasgow City Centre",Glasgow
beelin',55.80573705876007,-4.026529057099079,1665002020,4028,1984,38,Male,Y,1186,Bellshill,"North Lanarkshire",ML4,Glasgow
beelin',55.81622370889373,-4.270772634063156,1665002504,4034,1980,42,Female,Y,660,"Arden, Glasgow",Glasgow,"Glasgow South",Glasgow
beelin',56.025012383366686,-3.6881786264577547,1665003026,4067,1952,70,Female,Y,439,Grangemouth,Falkirk,FK3,"Stirling and Falkirk"
beelin',55.687788204215124,-2.783444954482378,1665003030,4065,1976,46,Female,Y,1413,Galashiels,"Scottish Borders",TD1,Borders
beelin',55.796582376238824,-4.012986504094151,1665003064,4039,1989,33,Male,Y,1151,Motherwell,"North Lanarkshire",ML1,Glasgow
beelin',55.916974445061705,-4.411078432926841,1665003460,4084,1974,48,Female,N,546,Clydebank,"West Dunbartonshire",G81,Glasgow
beelin',55.88699329994964,-4.462403393924086,1665003621,4090,1972,50,Female,Y,1264,Renfrew,Renfrewshire,PA4,Glasgow
beelin',55.31007017814158,-5.740966561607535,1665003942,4108,1997,25,Male,Y,1246,Campbeltown,"Argyll and Bute",PA28,"Argyll and Bute"
beelin',55.36404600611166,-5.6503243676920265,1665003979,4106,1960,62,Female,N,1246,Campbeltown,"Argyll and Bute",PA28,"Argyll and Bute"
beelin',55.89427514929111,-4.332357450552102,1665004093,4113,1977,45,Male,Y,640,"Whiteinch, Glasgow",Glasgow,"Glasgow Northwest",Glasgow
beelin',55.70801145276664,-4.024280977999469,1665004407,4117,1962,60,Female,Y,1160,Strathaven,"North Lanarkshire",ML10,Glasgow
beelin',57.13951744680038,-4.569458207390755,1665004829,4140,1966,56,Female,Y,1376,"Fort Augustus",Highland,PH32,"Highlands (Inverness)"
beelin',55.70307347035753,-2.876763524268382,1665005143,4146,1971,51,Male,Y,1413,Galashiels,"Scottish Borders",TD1,Borders
beelin',55.56785444962864,-5.191831988411008,1665005227,4154,1964,58,Male,Y,827,"Isle of Arran","North Ayrshire",KA27,Ayrshire
beelin',55.74063395128372,-2.901395695466119,1665005360,4163,1981,41,Female,Y,1415,Stow,"Scottish Borders",TD1,Borders
beelin',55.86370207822454,-3.725116632488001,1665005367,4164,1974,48,Male,Y,366,Whitburn,"West Lothian",EH47,"Lothian (Edinburgh)"
beelin',56.12674152345774,-3.3809350011900188,1665006092,4171,1978,44,Female,Y,1121,Cowdenbeath,Fife,KY4,Fife
beelin',55.59670759674172,-4.020167114040597,1665006577,4217,1985,37,Male,Y,1167,Lanark,"South Lanarkshire",ML11,Glasgow
beelin',55.90228092237066,-4.841198544399379,1665006712,4228,1973,49,Female,Y,1232,Inverkip,Inverclyde,PA16,Glasgow
beelin',55.71030236279899,-3.5854286286560755,1665006742,4233,1985,37,Male,Y,1167,Lanark,"South Lanarkshire",ML11,Glasgow
beelin',55.972928045634525,-4.458983491670742,1665006754,4229,1964,58,Male,Y,549,Dumbarton,"West Dunbartonshire",G82,Glasgow
beelin',55.756695459537795,-4.233389812704336,1665007048,4238,1993,29,Male,Y,534,"East Kilbride (south: Hairmyres, Westwood, The Murray, Murray East, Whitehills, Greenhill, Newlandsmuir, Gardenhall, Crosshouse, Newlands, Lindsayfield, Mossneuk)","South Lanarkshire",G75,Glasgow
beelin',56.16166667749766,-3.342804077429361,1665007655,4263,1971,51,Female,Y,1128,Lochgelly,Fife,KY5,Fife
beelin',55.88953726591672,-4.324226991235374,1665007748,4266,1965,57,Female,Y,586,"Kelvinside, Glasgow",Glasgow,"Glasgow Kelvin",Glasgow
beelin',55.8617005719487,-4.252535599491695,1665007877,4272,1967,55,Female,Y,580,"Anderston, Glasgow",Glasgow,"Glasgow City Centre",Glasgow
beelin',55.77209464736247,-4.5065794535130514,1665008435,4287,1981,41,Female,Y,540,Barrhead,"East Renfrewshire",G78,Glasgow
beelin',55.96757376609777,-3.363443064251852,1665009246,4301,1992,30,Female,Y,306,"Queensferry, Edinburgh",Edinburgh,"Edinburgh Queensferry","Lothian (Edinburgh)"
beelin',56.4840563139256,-2.9889911760908148,1665011667,4349,1955,67,Male,N,233,"Fairmuir, Dundee",Dundee,"Dundee Bluebelt","Tayside and Angus (Dundee)"
beelin',55.86162561005968,-4.462571508250633,1665021499,4411,1965,57,Female,Y,1248,Linwood,Renfrewshire,PA3,Glasgow
beelin',55.83106717471805,-4.15734453277606,1665034584,4445,1962,60,Male,Y,632,"Springburn, Glasgow",Glasgow,"Glasgow Northeast",Glasgow
beelin',55.780912799259504,-4.453803860208339,1665035908,4454,1963,59,Female,N,540,Barrhead,"East Renfrewshire",G78,Glasgow
beelin',55.38188660335486,-2.385215797273189,1665037089,4463,1983,39,Male,N,1486,Jedburgh,"Scottish Borders",TD8,Borders
beelin',55.852018324309356,-3.9902315349610435,1665039110,833,1966,56,Male,Y,1192,Airdrie,"North Lanarkshire",ML6,Glasgow
beelin',55.78007476341167,-4.4977153857670755,1665045386,4541,1990,32,Female,N,540,Barrhead,"East Renfrewshire",G78,Glasgow
beelin',55.70966576656193,-4.726893148302383,1665045588,4542,1976,46,Female,Y,815,Dalry,"North Ayrshire",KA24,Ayrshire
beelin',55.53184251971714,-5.219658907005871,1665045686,4543,1964,58,Male,Y,827,"Isle of Arran","North Ayrshire",KA27,Ayrshire
beelin',56.05184720354818,-3.9187206943418342,1665046443,4556,1954,68,Male,Y,452,Denny,Falkirk,FK6,"Stirling and Falkirk"
beelin',55.75116172826923,-3.9727824628523365,1665046619,4559,1955,67,Male,N,1217,Larkhall,"North Lanarkshire",ML9,Glasgow
beelin',55.83083338604839,-4.11163149851336,1665051229,4599,1980,42,Female,Y,619,"Tollcross, Glasgow",Glasgow,"Glasgow Northeast",Glasgow
beelin',55.87229846508757,-4.6262361677126425,1665051824,4605,1996,26,Male,Y,1224,"Bridge of Weir",Renfrewshire,PA11,Glasgow
beelin',55.81012673155158,-4.039333800721395,1665053195,4632,1960,62,Female,Y,1186,Bellshill,"North Lanarkshire",ML4,Glasgow
beelin',57.14320900454545,-2.1133952639809634,1665054245,4645,1968,54,Male,Y,127,"Torry, Aberdeen",Aberdeen,"Aberdeen Southeast","North East (Aberdeen)"
beelin',55.49094800442494,-4.027306390698287,1665054514,4650,1971,51,Other,Y,798,Cumnock,"East Ayrshire",KA18,Ayrshire
beelin',55.54993948977352,-2.7570948701791402,1665054681,4654,1989,33,Male,Y,1479,Selkirk,"Scottish Borders",TD7,Borders
beelin',55.84448005337619,-4.268342138617625,1665062782,4628,1991,31,Male,Y,678,"Cardonald, Glasgow",Glasgow,"Glasgow Southwest",Glasgow
beelin',55.915258150081506,-4.021142299076361,1665066914,4723,1969,53,Female,Y,514,"Cumbernauld (south: Condorrat, Lenziemill, Carbrain, Kildrum, Cumbernauld Village, Abronhill, Seafar)","North Lanarkshire",G67,Glasgow
beelin',55.71893420294141,-4.025086026106673,1665067178,4722,1945,77,Male,Y,1183,Hamilton,"South Lanarkshire",ML3,Glasgow
beelin',55.88239098531217,-4.431391740864504,1665080128,4784,1952,70,Female,Y,1264,Renfrew,Renfrewshire,PA4,Glasgow
beelin',55.44845057197617,-5.607424870910382,1665081177,4796,2002,20,Male,N,1246,Campbeltown,"Argyll and Bute",PA28,"Argyll and Bute"
beelin',55.83890022836037,-4.336089193368071,1665081213,4795,1964,58,Female,Y,669,"Kennishead, Glasgow",Glasgow,"Glasgow Southwest",Glasgow
beelin',55.875348727922464,-3.0158422357357755,1665083075,4827,1959,63,Male,Y,336,Newtongrange,Midlothian,EH22,"Lothian (Edinburgh)"
beelin',56.18161466758218,-3.818876844403986,1665084614,4870,1972,50,Female,Y,392,Menstrie,Clackmannanshire,FK11,"Stirling and Falkirk"
beelin',55.776086811668506,-4.188206292615778,1665084752,1888,1969,53,Female,Y,530,"East Kilbride (north: The Village, East Mains, West Mains, Lymekilns, St Leonards, Calderwood, Nerston, Stewartfield, Peel Park)","South Lanarkshire",G74,Glasgow
beelin',55.89342025056722,-4.229165877664652,1665086733,4917,1969,53,Male,Y,631,"Royston, Glasgow",Glasgow,"Glasgow Northeast",Glasgow
beelin',55.874611870636976,-4.056850123600945,1665087412,4925,2004,18,Male,N,1189,Coatbridge,"North Lanarkshire",ML5,Glasgow
beelin',55.80153582940098,-4.006960456123181,1665087818,4934,1982,40,Female,Y,1151,Motherwell,"North Lanarkshire",ML1,Glasgow
beelin',55.84045895019423,-4.406819811680428,1665089939,4974,1993,29,Male,Y,1220,"Paisley (central, east and north east: Ferguslie, Oldhall, Seedhill, Williamsburgh, Whitehaugh)",Renfrewshire,PA1,Glasgow
beelin',56.22666165869225,-3.158415785626308,1665093337,5032,1956,66,Female,Y,1133,"Glenrothes (centre and east: Pitteuchar, Finglassie, Stenton, Auchmuty, Pitcoudie, Balfarg, Pircairn, Collydean)",Fife,KY7,Fife
beelin',55.65356926400317,-3.2073070303759024,1665093409,5035,1968,54,Female,Y,362,Peebles,"Scottish Borders",EH45,Borders
beelin',55.76845551068959,-4.266940065541367,1665093518,5038,1968,54,Male,Y,530,"East Kilbride (north: The Village, East Mains, West Mains, Lymekilns, St Leonards, Calderwood, Nerston, Stewartfield, Peel Park)","South Lanarkshire",G74,Glasgow
beelin',55.77579521595456,-3.799809121226926,1665093579,5036,1962,60,Female,N,1180,Wishaw,"North Lanarkshire",ML2,Glasgow
beelin',56.90376979933044,-2.303001943562501,1665094841,5049,1986,36,Female,Y,18,Laurencekirk,Aberdeenshire,AB30,"North East (Aberdeen)"
beelin',55.80548457307646,-4.3337972772927325,1665096078,5058,1956,66,Female,N,679,"Pollock, Glasgow",Glasgow,"Glasgow Southwest",Glasgow
beelin',55.45775239345389,-4.232886299498148,1665096508,5061,1958,64,Male,Y,802,"New Cumnock","East Ayrshire",KA18,Ayrshire
beelin',55.7890783654632,-4.039408899231722,1665128068,5125,1954,68,Female,Y,1183,Hamilton,"South Lanarkshire",ML3,Glasgow
beelin',56.14656214257335,-4.013762280991748,1665128385,5126,1967,55,Male,N,479,"Stirling (north: Causewayhead, Cornton)",Stirlingshire,FK9,"Stirling and Falkirk"
beelin',55.793549374147716,-3.8536560764947523,1665128484,5128,1972,50,Female,N,1180,Wishaw,"North Lanarkshire",ML2,Glasgow
beelin',55.83748465852028,-4.408375490599733,1665131847,5148,1958,64,Male,Y,1236,"Paisley (south: Blackhall, Castlehead, Dykebar, Foxbar, Hunterhill, Meikleriggs)",Renfrewshire,PA2,Glasgow
beelin',55.93041514387301,-4.642012639984934,1665136516,5171,1975,47,Male,Y,1229,"Port Glasgow",Inverclyde,PA14,Glasgow
beelin',55.95824306415276,-4.408978269521305,1665136841,5177,1969,53,Male,Y,546,Clydebank,"West Dunbartonshire",G81,Glasgow
beelin',57.84491484389039,-3.819605552798258,1665137061,5180,1964,58,Female,Y,717,"Hill of Fearn",Highland,IV20,"Highlands (Inverness)"
beelin',57.65427337050273,-2.804932513087007,1665140843,5218,1987,35,Female,Y,90,Buckie,Moray,AB56,"North East (Aberdeen)"
beelin',55.94915833967767,-3.272256012795956,1665141823,5226,1957,65,Male,N,296,"Davidson's Mains, Edinburgh",Edinburgh,"Edinburgh North","Lothian (Edinburgh)"
beelin',55.94201570873017,-3.5733565580521596,1665142338,5228,1999,23,Female,Y,368,Bathgate,"West Lothian",EH48,"Lothian (Edinburgh)"
beelin',55.7171009853709,-4.391859743399679,1665145556,5249,1996,26,Male,N,539,"Newton Mearns","East Renfrewshire",G77,Glasgow
beelin',57.67123423728072,-2.485729771288807,1665156342,5289,1969,53,Female,Y,58,Macduff,Aberdeenshire,AB44,"North East (Aberdeen)"
beelin',57.6852834638174,-3.3776733492998123,1665156816,5291,1969,53,Female,Y,737,Elgin,Moray,IV30,"North East (Aberdeen)"
beelin',55.867752515149355,-3.608604856212041,1665158566,5301,1980,42,Female,Y,366,Whitburn,"West Lothian",EH47,"Lothian (Edinburgh)"
beelin',55.2861314896525,-4.804097315215761,1665171672,5346,1956,66,Female,N,823,Turnberry,"South Ayrshire",KA26,Ayrshire
beelin',55.864367366491635,-4.135595731138563,1665172110,5349,1952,70,Female,Y,612,"Easterhouse, Glasgow",Glasgow,"Glasgow Northeast",Glasgow
beelin',55.69673439038973,-3.9757613289451497,1665173763,5352,1954,68,Female,Y,1217,Larkhall,"North Lanarkshire",ML9,Glasgow
beelin',55.8368788754148,-4.277718449291836,1665174994,5356,1977,45,Male,Y,658,"Giffnock, Glasgow",Glasgow,"Glasgow South",Glasgow
beelin',55.69638402619403,-3.9316420029118517,1665175951,5352,1954,68,Female,Y,1217,Larkhall,"North Lanarkshire",ML9,Glasgow
beelin',56.47403948592851,-2.964646855748889,1665176879,5363,1968,54,Male,Y,245,"Law, Dundee",Dundee,"Dundee Central","Tayside and Angus (Dundee)"
beelin',55.22249965727589,-3.914985666036618,1665179097,5369,1957,65,Female,Y,210,Thornhill,"Dumfries and Galloway",DG3,"Dumfries and Galloway"
beelin',55.5776782835149,-4.47567193655398,1665179608,5375,1990,32,Female,Y,779,"Kilmarnock (centre and south: Bonnyton, Grange, Bellfield, Shortlees, Caprington, Riccarton, Hurlford)","East Ayrshire",KA1,Ayrshire
beelin',57.07078491366217,-2.9286213522307705,1665182566,5382,1981,41,Female,Y,33,Aboyne,Aberdeenshire,AB34,"North East (Aberdeen)"
beelin',55.90060516625018,-3.912749069925797,1665208772,5397,1967,55,Female,Y,1192,Airdrie,"North Lanarkshire",ML6,Glasgow
beelin',56.06784557601905,-4.045651309874167,1665234714,5437,1969,53,Female,Y,464,"Stirling (south and east: Braehead, Borestone, Broomridge, Torbrex)",Stirlingshire,FK7,"Stirling and Falkirk"
beelin',56.28656375595747,-2.7384742300216196,1665238032,5445,1956,66,Female,N,1114,"St Andrews",Fife,KY16,Fife
beelin',55.76312658422556,-3.5304562411843463,1665243941,5454,1950,72,Male,N,1167,Lanark,"South Lanarkshire",ML11,Glasgow
beelin',55.9527602556298,-2.7242028359955013,1665263975,5483,1974,48,Female,Y,357,Haddington,"East Lothian",EH41,"Lothian (Edinburgh)"
beelin',55.766285876674615,-4.398459002378568,1665332816,5546,1959,63,Male,Y,539,"Newton Mearns","East Renfrewshire",G77,Glasgow
beelin',55.88006462507049,-4.44172215273887,1665347537,5564,1946,76,Male,Y,1264,Renfrew,Renfrewshire,PA4,Glasgow
beelin',55.92166576939258,-4.787570234326333,1665365518,5573,1952,70,Female,N,1231,"Greenock (west: Bow Farm, Braeside, Branchton, Fort Matilda, Gateside, Greenock West, Overton, Pennyfern, Smithston)",Inverclyde,PA16,Glasgow
beelin',55.85868859245953,-4.200510451084307,1665392140,5587,1996,26,Female,Y,612,"Easterhouse, Glasgow",Glasgow,"Glasgow Northeast",Glasgow
beelin',55.96103937771678,-4.4384012382537215,1665433258,5616,1989,33,Other,Y,546,Clydebank,"West Dunbartonshire",G81,Glasgow
beelin',55.85674851476705,-4.1892691057193305,1665434388,5618,1982,40,Female,Y,623,"Shettleston, Glasgow",Glasgow,"Glasgow Northeast",Glasgow
beelin',55.80482193571145,-4.113483163071508,1665439834,5628,1988,34,Female,Y,529,Cambuslang,"South Lanarkshire",G72,Glasgow
beelin',57.547482329417655,-3.4330720052521113,1665440378,5630,1969,53,Female,Y,740,Forres,Moray,IV36,"North East (Aberdeen)"
beelin',57.645975435918665,-3.6862412767821127,1665440585,5630,1969,53,Female,Y,740,Forres,Moray,IV36,"North East (Aberdeen)"
beelin',55.92949130772945,-4.32596193102251,1665468185,5636,1981,41,Male,Y,488,Bearsden,"East Dunbartonshire",G61,Glasgow
beelin',55.86666339992209,-4.312085248541647,1665475555,5642,1957,65,Female,N,638,"Drumchapel, Glasgow",Glasgow,"Glasgow Northwest",Glasgow
beelin',56.222520396777945,-2.7733420475666293,1665496007,5662,1966,56,Female,Y,1086,Anstruther,Fife,KY10,Fife
beelin',55.91479879688575,-4.415564841289117,1665595208,5696,1963,59,Female,N,546,Clydebank,"West Dunbartonshire",G81,Glasgow
beelin',55.86794204870139,-4.309909081319152,1665664124,5711,1961,61,Female,Y,644,"Partick, Glasgow",Glasgow,"Glasgow Northwest",Glasgow
beelin',55.79924366162663,-6.309102844908654,1665674404,5721,1966,56,Female,Y,1268,"Bridgend, Isle of Islay","Argyll and Bute",PA44,"Argyll and Bute"
beelin',57.15150704695392,-2.1003319286381252,1665674836,5722,1996,26,Male,Y,101,"Sheddocksley, Aberdeen",Aberdeen,"Aberdeen Central","North East (Aberdeen)"
beelin',56.81610835011393,-3.084179028672909,1665783881,5751,1987,35,Female,Y,181,Kirriemuir,Angus,DD8,"Tayside and Angus (Dundee)"
beelin',55.928465642085975,-4.167017311976452,1665834959,5774,1993,29,Male,Y,507,Kirkintilloch,"East Dunbartonshire",G66,Glasgow
beelin',55.949826320845126,-4.039228745002568,1665835102,5783,1993,29,Female,Y,517,"Cumbernauld (north: Balloch, Eastfield, Carrickstone, Smithstone, Blackwood, Westfield)","North Lanarkshire",G68,Glasgow
beelin',55.747637450718166,-4.231152874607176,1665835121,5788,1960,62,Male,N,534,"East Kilbride (south: Hairmyres, Westwood, The Murray, Murray East, Whitehills, Greenhill, Newlandsmuir, Gardenhall, Crosshouse, Newlands, Lindsayfield, Mossneuk)","South Lanarkshire",G75,Glasgow
beelin',55.376315182561065,-4.338060883814842,1665835452,5800,1997,25,Male,Y,851,Coylton,"South Ayrshire",KA6,Ayrshire
beelin',56.090128684289155,-4.670184057130822,1665836033,5811,1999,23,Male,N,558,Balloch,"West Dunbartonshire",G83,"Argyll and Bute"
beelin',55.94112991093115,-3.63306190382532,1665836086,5812,1993,29,Male,N,367,Armadale,"West Lothian",EH48,"Lothian (Edinburgh)"
beelin',55.66734823253407,-4.81572799725146,1665837113,5832,1988,34,Male,Y,813,Ardrossan,"North Ayrshire",KA22,Ayrshire
beelin',55.74666159897618,-4.641413237352888,1665851246,5880,1964,58,Male,Y,791,Beith,"East Ayrshire",KA15,Ayrshire
beelin',56.476258793291734,-2.9479288410334195,1665853611,5883,1964,58,Male,Y,256,"Whitfield, Dundee",Dundee,"Dundee North","Tayside and Angus (Dundee)"
beelin',55.892389916684216,-4.272985161756827,1665857560,5889,1970,52,Female,Y,632,"Springburn, Glasgow",Glasgow,"Glasgow Northeast",Glasgow
beelin',55.57328207356276,-4.420475637265333,1665874112,5899,1995,27,Male,Y,779,"Kilmarnock (centre and south: Bonnyton, Grange, Bellfield, Shortlees, Caprington, Riccarton, Hurlford)","East Ayrshire",KA1,Ayrshire
beelin',55.76405932092403,-4.1133062867522145,1665919539,5911,1957,65,Female,N,529,Cambuslang,"South Lanarkshire",G72,Glasgow
beelin',55.82092690889984,-4.37965141454113,1666021159,5927,1972,50,Female,N,661,"Govanhill, Glasgow",Glasgow,"Glasgow Southwest",Glasgow
beelin',55.04720376782791,-4.707575529509852,1666074833,5935,1965,57,Female,Y,824,Girvan,"South Ayrshire",KA26,Ayrshire
beelin',55.497721950568355,-4.313257203402687,1666197305,5951,1971,51,Female,Y,848,Tarbolton,"South Ayrshire",KA5,Ayrshire
beelin',55.834295053824825,-4.522333140017779,1666944063,6021,2004,18,Male,Y,1276,Johnstone,Renfrewshire,PA5,Glasgow
beelin',57.06387612478077,-2.20186780241277,1667316759,6054,1954,68,Female,Y,1,Portlethen,Aberdeenshire,AB12,"North East (Aberdeen)"
beelin',55.84195921786536,-4.695983878768541,1667320025,6058,1988,34,Female,Y,1222,Kilbarchan,Renfrewshire,PA10,Glasgow
beelin',55.8927427029724,-4.272940604697303,1668110945,6084,1957,65,Female,Y,627,"Dennistoun, Glasgow",Glasgow,"Glasgow Northeast",Glasgow
beelin',56.48410845535522,-2.9804172684668466,1668525856,6092,1939,83,Female,N,234,"Baxter Park, Dundee",Dundee,"Dundee Bluebelt","Tayside and Angus (Dundee)"
beelin',55.843741163278196,-4.22773280708042,1668700487,6099,1987,35,Male,Y,603,"Carntyne, Glasgow",Glasgow,"Glasgow Northeast",Glasgow
beelin',55.86191699029373,-3.223643010974874,1668719868,6102,1973,49,Male,N,343,Penicuik,Midlothian,EH26,"Lothian (Edinburgh)"
beelin',55.93147333198967,-3.277546552448238,1669947238,6127,1950,72,Male,N,271,"Abbeyhill, Edinburgh",Edinburgh,"Edinburgh Central","Lothian (Edinburgh)"
beelin',55.940892976633876,-4.708821840019617,1673608972,6167,2000,23,Male,Y,1230,"Greenock (central and east: Bogston, Bridgend, Cartsdyke, Gibshill, Greenock Central, Ladyburn, Upper Ingleston)",Inverclyde,PA15,Glasgow
beelin',55.839119860785026,-4.369404469324232,1673892990,6182,1945,78,Male,Y,672,"Govan, Glasgow",Glasgow,"Glasgow Southwest",Glasgow
beelin',55.83465473204989,-4.134993726110724,1674676568,6189,1960,63,Male,N,628,"Balornock, Glasgow",Glasgow,"Glasgow Northeast",Glasgow
beelin',55.793368700785265,-4.277737057592452,1675366945,6198,2002,21,Female,Y,648,"Shawlands, Glasgow",Glasgow,"Glasgow South",Glasgow
beelin',55.84627548570852,-4.255954516533028,1677057137,6247,1966,57,Female,N,664,"Toryglen, Glasgow",Glasgow,"Glasgow Southwest",Glasgow
beelin',55.887809343538265,-4.269215953611771,1680643020,6431,1949,74,Female,N,627,"Dennistoun, Glasgow",Glasgow,"Glasgow Northeast",Glasgow
beelin',55.87099825049361,-4.150255414321064,1683989609,6482,1963,60,Female,Y,598,Rutherglen,"South Lanarkshire","Glasgow Northeast",Glasgow
beelin',55.86174150966535,-4.173288044071785,1684489925,6487,1984,39,Male,N,616,"Calton, Glasgow",Glasgow,"Glasgow Northeast",Glasgow
beelin',56.47038110844062,-3.0135409401225997,1691095881,6572,1993,30,Male,N,237,"Blackness, Dundee",Dundee,"Dundee Central","Tayside and Angus (Dundee)"
beelin',55.82725213538862,-4.164246166435899,1693935235,6583,1961,62,Female,N,603,"Carntyne, Glasgow",Glasgow,"Glasgow Northeast",Glasgow
beelin',56.49388154662274,-3.028358877221666,1702413748,6658,1993,30,Male,N,237,"Blackness, Dundee",Dundee,"Dundee Central","Tayside and Angus (Dundee)"
beelin',55.78611697419518,-3.9944585149766083,1702458458,6673,1962,61,Male,Y,1150,Holytown,"North Lanarkshire",ML1,Glasgow
beelin',55.96668965079125,-3.9829964878927657,1702468250,6683,1964,59,Male,N,517,"Cumbernauld (north: Balloch, Eastfield, Carrickstone, Smithstone, Blackwood, Westfield)","North Lanarkshire",G68,Glasgow
beelin',55.92912016382287,-4.687698539454057,1702472430,6688,1994,29,Male,N,1229,"Port Glasgow",Inverclyde,PA14,Glasgow
beelin',55.854559118378276,-3.610668731796988,1702501086,6693,1955,68,Male,N,376,"West Calder","West Lothian",EH55,"Lothian (Edinburgh)"
beelin',55.7933386131093,-3.605712709641873,1702501581,6693,1955,68,Male,N,376,"West Calder","West Lothian",EH55,"Lothian (Edinburgh)"
beelin',55.83259817313825,-4.491929413828407,1703799628,6703,1961,62,Male,Y,1276,Johnstone,Renfrewshire,PA5,Glasgow
beelin',55.91141395342018,-4.2714282996979485,1706541477,6729,1979,45,Female,Y,480,"Summerston, Glasgow",Glasgow,G23,Glasgow
beelin',55.83636185667415,-4.279749659980562,1707491576,6749,1959,65,Female,Y,651,"Cathcart, Glasgow",Glasgow,"Glasgow South",Glasgow
beelin',55.62747520939738,-4.660308402540855,1707649475,6752,1966,58,Female,Y,787,"Irvine (centre: Castlepark, Tarryholme)","North Ayrshire",KA12,Ayrshire
beelin',55.73478620580493,-4.034543862197922,1708446686,6782,2005,19,Female,Y,1183,Hamilton,"South Lanarkshire",ML3,Glasgow
beelin',55.83155627731445,-3.9357604450482726,1708590445,6819,1988,36,Male,Y,1151,Motherwell,"North Lanarkshire",ML1,Glasgow
beelin',55.87459505755382,-4.231156962405452,1709485063,6886,1959,65,Male,Y,634,"Maryhill, Glasgow",Glasgow,"Glasgow Northeast",Glasgow
beelin',56.00875079391821,-4.2598202765125786,1713451956,6924,1963,61,Female,Y,507,Kirkintilloch,"East Dunbartonshire",G66,Glasgow
beelin',55.429926842985545,-4.633125463051961,1713459654,6926,1951,73,Female,N,856,"Ayr (Centre)","South Ayrshire",KA7,Ayrshire
beelin',55.889965873924474,-3.8166765226757113,1716307820,6942,2005,19,Female,Y,367,Armadale,"West Lothian",EH48,"Lothian (Edinburgh)"
beelin',55.69667072067164,-2.452221707990269,1730463670,7034,1950,74,Male,N,1419,Greenlaw,"Scottish Borders",TD10,Borders
beelin',57.6729384249396,-1.9329217389963862,1733731708,7142,1961,63,Female,Y,57,Fraserburgh,Aberdeenshire,AB43,"North East (Aberdeen)"
beelin',55.88907862610725,-3.6185959544325055,1734984250,7208,1996,28,Female,Y,368,Bathgate,"West Lothian",EH48,"Lothian (Edinburgh)"
beelin',55.93435798892954,-4.537608286288589,1737338717,7255,1970,55,Male,N,549,Dumbarton,"West Dunbartonshire",G82,Glasgow
beelin',55.85287997546697,-4.482973779926953,1737361572,7256,1960,65,Male,N,1249,"Paisley (north west: Ferguslie Park, Gallowhill, Gockston, Shortroods, )",Renfrewshire,PA3,Glasgow
beelin',56.482414650198024,-2.940491471973725,1745835569,7367,1963,62,Male,Y,252,"Linlathen and Midcraigie, Dundee",Dundee,"Dundee North","Tayside and Angus (Dundee)"
beelin',55.81591475079791,-4.521767899626733,1752043031,7385,1966,59,Male,Y,1275,Elderslie,Renfrewshire,PA5,Glasgow
beelin',55.96824802685218,-2.617028379042134,1769368755,7482,1949,77,Male,N,359,Dunbar,"East Lothian",EH42,"Lothian (Edinburgh)"
ragin',56.480434617789854,-2.830064747021116,1653835807,2,1986,36,Male,Y,247,"Broughty Ferry, Dundee",Dundee,"Dundee East","Tayside and Angus (Dundee)"
ragin',56.01815553134785,-3.5943469561233847,1653836775,4,2000,22,Male,Y,370,Bo'ness,Falkirk,EH51,"Lothian (Edinburgh)"
ragin',56.48142656340297,-2.887516273409957,1653838115,6,1991,31,Female,Y,256,"Whitfield, Dundee",Dundee,"Dundee North","Tayside and Angus (Dundee)"
ragin',57.240811739871255,-2.107071583890867,1653838589,8,1986,36,Female,Y,117,Balmedie,Aberdeenshire,"Aberdeen North","North East (Aberdeen)"
ragin',55.93888326883869,-4.315877452451395,1653842747,10,1995,27,Female,Y,489,Milngavie,"East Dunbartonshire",G62,Glasgow
ragin',55.57196196427311,-4.6033582589888775,1653844471,16,1948,74,Female,Y,808,Crosshouse,"East Ayrshire",KA2,Ayrshire
ragin',56.772710034573656,-2.987109884020951,1653846351,20,1958,64,Female,N,181,Kirriemuir,Angus,DD8,"Tayside and Angus (Dundee)"
ragin',56.67657861525564,-2.957432625090031,1653846714,21,1952,70,Female,Y,181,Kirriemuir,Angus,DD8,"Tayside and Angus (Dundee)"
ragin',55.76392426465462,-4.220813901244041,1653847622,22,1963,59,Female,Y,530,"East Kilbride (north: The Village, East Mains, West Mains, Lymekilns, St Leonards, Calderwood, Nerston, Stewartfield, Peel Park)","South Lanarkshire",G74,Glasgow
ragin',56.47677708816588,-2.904969238007992,1653851002,23,1963,59,Female,N,248,"Barnhill, Dundee",Dundee,"Dundee East","Tayside and Angus (Dundee)"
ragin',55.195544428285956,-3.5608435290668505,1653851482,26,1978,44,Female,N,186,"Dumfries (centre and east: Dalscone, Georgetown, Heathhall, Kingholm Quay, Noblehill, The Crichton)","Dumfries and Galloway",DG1,"Dumfries and Galloway"
ragin',55.96987720811827,-3.1612902680454478,1653851725,24,1950,72,Female,N,285,"Leith, Edinburgh",Edinburgh,"Edinburgh Leith","Lothian (Edinburgh)"
ragin',55.947844722850576,-4.8310201219784705,1653851752,27,1975,47,Male,Y,1235,Gourock,Inverclyde,PA19,Glasgow
ragin',55.75972415922107,-4.256848513136762,1653853831,31,1962,60,Female,Y,530,"East Kilbride (north: The Village, East Mains, West Mains, Lymekilns, St Leonards, Calderwood, Nerston, Stewartfield, Peel Park)","South Lanarkshire",G74,Glasgow
ragin',56.74574047822313,-2.92581997678328,1653854037,33,1966,56,Female,Y,179,Forfar,Angus,DD8,"Tayside and Angus (Dundee)"
ragin',57.19516030363968,-2.300640847641098,1653855550,35,1959,63,Male,N,113,"Bridge of Don, Aberdeen",Aberdeen,"Aberdeen North","North East (Aberdeen)"
ragin',55.841789659756664,-4.080607881578457,1653855711,37,1987,35,Female,Y,525,Uddingston,"South Lanarkshire",G71,Glasgow
ragin',56.65574680112028,-2.690386056233032,1653855872,36,1982,40,Male,Y,179,Forfar,Angus,DD8,"Tayside and Angus (Dundee)"
ragin',55.98749931481702,-2.5408934528785205,1653856114,39,1958,64,Male,Y,359,Dunbar,"East Lothian",EH42,"Lothian (Edinburgh)"
ragin',55.87373750756969,-4.291069758064939,1653856349,40,2002,20,Female,Y,590,"Hyndland, Glasgow",Glasgow,"Glasgow Kelvin",Glasgow
ragin',55.810871225636234,-4.50609314526205,1653857009,45,1980,42,Female,Y,1236,"Paisley (south: Blackhall, Castlehead, Dykebar, Foxbar, Hunterhill, Meikleriggs)",Renfrewshire,PA2,Glasgow
ragin',55.94608065260762,-3.769525666500858,1653859008,46,1961,61,Male,Y,377,"Falkirk (centre and south: Arnothill, Bantaskin, Callendar Park, Glen Village, Hallglen, Lionthorn, Tamfourhill, Woodlands)",Falkirk,FK1,"Stirling and Falkirk"
ragin',55.70189089018773,-4.276359514241372,1653859427,49,1980,42,Male,Y,535,Busby,"East Renfrewshire",G76,Glasgow
ragin',56.490094051130534,-2.823186381121908,1653859944,52,1958,64,Female,N,247,"Broughty Ferry, Dundee",Dundee,"Dundee East","Tayside and Angus (Dundee)"
ragin',57.456863541179395,-5.759722608693319,1653860383,55,1975,47,Female,Y,767,Applecross,Highland,IV54,"Highlands (Inverness)"
ragin',57.13983799507162,-2.145840860737128,1653861083,56,1963,59,Male,N,104,"Tillydrone, Aberdeen",Aberdeen,"Aberdeen Central","North East (Aberdeen)"
ragin',56.87178281325058,-3.1625758304008373,1653862225,58,1964,58,Female,N,179,Forfar,Angus,DD8,"Tayside and Angus (Dundee)"
ragin',56.051756407551316,-4.779768157321163,1653862287,59,1973,49,Female,Y,565,Garelochhead,"Argyll and Bute",G84,"Argyll and Bute"
ragin',56.023028548411716,-2.836182762664769,1653862846,60,1978,44,Other,N,348,Prestonpans,"East Lothian",EH32,"Lothian (Edinburgh)"
ragin',55.92955883374026,-3.255711940850818,1653863997,65,1986,36,Female,Y,264,"Slateford, Edinburgh",Edinburgh,"Edinburgh Central","Lothian (Edinburgh)"
ragin',55.7963269774822,-4.312398487122096,1653864058,63,1962,60,Female,Y,658,"Giffnock, Glasgow",Glasgow,"Glasgow South",Glasgow
ragin',57.4166564856658,-2.613939072259287,1653864586,64,1982,40,Female,Y,87,Glass,Aberdeenshire,AB54,"North East (Aberdeen)"
ragin',56.10664648813046,-3.754439245541394,1653866317,67,1985,37,Female,Y,386,Clackmannan,Clackmannanshire,FK10,"Stirling and Falkirk"
ragin',55.88728602331262,-4.262325436228172,1653868180,70,1958,64,Female,Y,612,"Easterhouse, Glasgow",Glasgow,"Glasgow Northeast",Glasgow
ragin',57.59673505249488,-2.550259085705428,1653868645,69,1967,55,Female,N,62,Portsoy,Aberdeenshire,AB45,"North East (Aberdeen)"
ragin',56.206857697864535,-3.1564594991140145,1653872894,71,1952,70,Other,N,1133,"Glenrothes (centre and east: Pitteuchar, Finglassie, Stenton, Auchmuty, Pitcoudie, Balfarg, Pircairn, Collydean)",Fife,KY7,Fife
ragin',57.64016709862789,-2.5227835594046732,1653883809,74,1958,64,Female,Y,59,Banff,Aberdeenshire,AB45,"North East (Aberdeen)"
ragin',55.733593063705506,-4.5025308766656496,1653883833,73,1955,67,Male,N,837,"Kilmarnock (north: Onthank, Townholm, Altonhill, Longpark, Beansburn, New Farm Loch, Knockinlaw, Hillhead, Crookedholm)","East Ayrshire",KA3,Ayrshire
ragin',55.941836420649835,-3.1578393167559597,1653885845,75,1986,36,Female,Y,280,"Duddingston, Edinburgh",Edinburgh,"Edinburgh Duddingston","Lothian (Edinburgh)"
ragin',55.8279317903036,-4.34650517102373,1653886877,76,1959,63,Female,Y,677,"Hillington, Glasgow",Glasgow,"Glasgow Southwest",Glasgow
ragin',57.19888372490717,-2.2585608189791255,1653888545,77,1976,46,Female,N,113,"Bridge of Don, Aberdeen",Aberdeen,"Aberdeen North","North East (Aberdeen)"
ragin',56.00274095433818,-3.6289844553303556,1653891897,81,1963,59,Female,Y,370,Bo'ness,Falkirk,EH51,"Lothian (Edinburgh)"
ragin',57.582514607478004,-3.049972663241868,1653892357,82,1974,48,Female,N,88,Keith, Moray,AB55,"North East (Aberdeen)"
ragin',57.13407956822068,-3.058698869549331,1653892902,68,1975,47,Female,N,40,Strathdon,Aberdeenshire,AB36,"North East (Aberdeen)"
ragin',57.66771081314818,-2.055449260371502,1653896678,88,1953,69,Male,N,57,Fraserburgh,Aberdeenshire,AB43,"North East (Aberdeen)"
ragin',55.76714703115293,-4.02655285651703,1653897445,90,1947,75,Female,Y,1183,Hamilton,"South Lanarkshire",ML3,Glasgow
ragin',55.25404411485717,-4.393435186912498,1653898534,91,2003,19,Female,Y,852,Dalmellington,"East Ayrshire",KA6,Ayrshire
ragin',55.640470812901455,-4.695710960471731,1653899398,93,1979,43,Female,Y,787,"Irvine (centre: Castlepark, Tarryholme)","North Ayrshire",KA12,Ayrshire
ragin',55.87440126269938,-4.295832387272245,1653899673,94,1964,58,Male,Y,587,"Jordanhill, Glasgow",Glasgow,"Glasgow Kelvin",Glasgow
ragin',55.89968095247925,-3.531151795609121,1653900365,95,1955,67,Female,Y,375,Livingston,"West Lothian",EH54,"Lothian (Edinburgh)"
ragin',55.82585756236851,-4.3849964183633,1653901011,97,1972,50,Male,Y,1236,"Paisley (south: Blackhall, Castlehead, Dykebar, Foxbar, Hunterhill, Meikleriggs)",Renfrewshire,PA2,Glasgow
ragin',57.67912154746342,-3.281486130579597,1653902185,99,1942,80,Male,Y,737,Elgin,Moray,IV30,"North East (Aberdeen)"
ragin',56.46276545111577,-2.978735042686317,1653902435,101,1961,61,Female,Y,240,"Ardler, Dundee",Dundee,"Dundee Central","Tayside and Angus (Dundee)"
ragin',55.961944853349266,-3.1796619181494816,1653906417,108,1984,38,Male,Y,294,"Stockbridge, Edinburgh",Edinburgh,"Edinburgh North","Lothian (Edinburgh)"
ragin',55.81861104202835,-4.365346230347587,1653907621,106,1981,41,Male,N,670,"Ibrox, Glasgow",Glasgow,"Glasgow Southwest",Glasgow
ragin',57.639496746240916,-1.8943751789735461,1653908146,111,1988,34,Male,Y,57,Fraserburgh,Aberdeenshire,AB43,"North East (Aberdeen)"
ragin',57.64375123255555,-3.1834905526782866,1653909150,110,1984,38,Female,Y,737,Elgin,Moray,IV30,"North East (Aberdeen)"
ragin',57.15817932618874,-2.1300293166461772,1653909273,113,1989,33,Male,N,101,"Sheddocksley, Aberdeen",Aberdeen,"Aberdeen Central","North East (Aberdeen)"
ragin',57.16941724761173,-2.0861567013449713,1653909736,114,1997,25,Female,Y,107,"Rosemount, Aberdeen",Aberdeen,"Aberdeen Central","North East (Aberdeen)"
ragin',55.77207804223465,-3.802621514455841,1653909956,115,1966,56,Female,Y,1180,Wishaw,"North Lanarkshire",ML2,Glasgow
ragin',57.65270363169122,-3.471801620342887,1653910091,116,1968,54,Male,Y,737,Elgin,Moray,IV30,"North East (Aberdeen)"
ragin',55.888445351059396,-4.372093843207244,1653910569,117,1939,83,Male,Y,643,"Anniesland, Glasgow",Glasgow,"Glasgow Northwest",Glasgow
ragin',55.96221279147431,-3.213885230421358,1653910794,112,1988,34,Female,Y,293,"Comely Bank, Edinburgh",Edinburgh,"Edinburgh North","Lothian (Edinburgh)"
ragin',55.9582724777763,-3.278248728461484,1653911263,118,1988,34,Female,N,299,"Broughton, Edinburgh",Edinburgh,"Edinburgh North","Lothian (Edinburgh)"
ragin',57.58232715046352,-3.345086387049933,1653911950,120,1968,54,Male,Y,737,Elgin,Moray,IV30,"North East (Aberdeen)"
ragin',56.61591489083522,-2.928241083922323,1653914571,123,1986,36,Male,Y,179,Forfar,Angus,DD8,"Tayside and Angus (Dundee)"
ragin',57.24473542659895,-2.1357140466008806,1653914591,122,1955,67,Female,Y,124,Newmachar,Aberdeenshire,"Aberdeen North","North East (Aberdeen)"
ragin',55.8953550299298,-4.3701125868735815,1653915895,124,1946,76,Female,N,643,"Anniesland, Glasgow",Glasgow,"Glasgow Northwest",Glasgow
ragin',56.10068923180605,-3.306933153336614,1653919056,125,1994,28,Male,Y,1121,Cowdenbeath,Fife,KY4,Fife
ragin',55.575355394347426,-4.405715877633621,1653924451,128,1996,26,Female,Y,779,"Kilmarnock (centre and south: Bonnyton, Grange, Bellfield, Shortlees, Caprington, Riccarton, Hurlford)","East Ayrshire",KA1,Ayrshire
ragin',55.84590437525803,-4.782354072914288,1653924521,127,1989,33,Female,Y,842,Largs,"North Ayrshire",KA30,Ayrshire
ragin',55.89856689983848,-4.4688832692039195,1653925890,129,1986,36,Female,Y,1306,Erskine,Renfrewshire,PA8,Glasgow
ragin',57.81712577319866,-4.21341583134825,1653927949,131,1976,46,Female,Y,711,Tain,Highland,IV19,"Highlands (Inverness)"
ragin',55.946590484881696,-4.823763787355718,1653929440,134,1958,64,Female,Y,1235,Gourock,Inverclyde,PA19,Glasgow
ragin',55.872089915505235,-3.1218220123171037,1653929975,135,1981,41,Female,N,328,Bonnyrigg,Midlothian,EH19,"Lothian (Edinburgh)"
ragin',55.928137471888284,-3.2798364726406155,1653933395,141,1980,42,Female,Y,264,"Slateford, Edinburgh",Edinburgh,"Edinburgh Central","Lothian (Edinburgh)"
ragin',55.70062834942182,-3.268741523484765,1653934628,143,1970,52,Male,N,362,Peebles,"Scottish Borders",EH45,Borders
ragin',55.867509624966026,-4.288847381287351,1653935632,144,1982,40,Female,Y,591,"Hillhead, Glasgow",Glasgow,"Glasgow Kelvin",Glasgow
ragin',56.34131441965265,-3.2536506533730845,1653936913,145,1955,67,Female,Y,1101,Gateside,Fife,KY14,Fife
ragin',56.84153411454499,-2.7821330792812287,1653938147,146,1971,51,Female,N,182,Brechin,Angus,DD9,"Tayside and Angus (Dundee)"
ragin',56.77830379403579,-2.8197337573974095,1653938533,146,1971,51,Female,N,182,Brechin,Angus,DD9,"Tayside and Angus (Dundee)"
ragin',56.85826487491548,-2.6461703111331354,1653938710,146,1971,51,Female,N,182,Brechin,Angus,DD9,"Tayside and Angus (Dundee)"
ragin',56.83292985829776,-2.921428837057484,1653938925,146,1971,51,Female,N,182,Brechin,Angus,DD9,"Tayside and Angus (Dundee)"
ragin',57.38141366790015,-2.2981750521543844,1653939358,147,1964,58,Female,Y,64,Inverurie,Aberdeenshire,AB51,"North East (Aberdeen)"
ragin',57.60710386203696,-3.4107332863887474,1653939396,148,1950,72,Male,Y,737,Elgin,Moray,IV30,"North East (Aberdeen)"
ragin',57.196486559230266,-2.1808624193631543,1653942056,149,1977,45,Female,N,112,"Dyce, Aberdeen",Aberdeen,"Aberdeen North","North East (Aberdeen)"
ragin',55.44735553968173,-4.647906230108257,1653942482,150,1962,60,Male,N,856,"Ayr (Centre)","South Ayrshire",KA7,Ayrshire
ragin',56.113796782220845,-3.6561791893470494,1653944270,152,1953,69,Female,Y,391,Alloa,Clackmannanshire,FK10,"Stirling and Falkirk"
ragin',56.29953514786768,-3.16091508266867,1653946994,153,1973,49,Male,Y,1105,Cupar,Fife,KY15,Fife
ragin',56.48581119257409,-2.898882661543824,1653947287,154,1972,50,Female,Y,250,"Downfield, Dundee",Dundee,"Dundee North","Tayside and Angus (Dundee)"
ragin',55.675538046139465,-4.592610237875446,1653949187,155,1989,33,Female,Y,788,Kilwinning,"North Ayrshire",KA13,Ayrshire
ragin',55.930437865709116,-2.8759715598177302,1653953391,158,1998,24,Other,Y,350,Pencaitland,"East Lothian",EH34,"Lothian (Edinburgh)"
ragin',57.64621620747926,-3.4383536349704906,1653973158,159,1983,39,Male,Y,737,Elgin,Moray,IV30,"North East (Aberdeen)"
ragin',57.66047778075011,-3.3301514813026625,1653981513,160,1977,45,Female,Y,737,Elgin,Moray,IV30,"North East (Aberdeen)"
ragin',56.48026098752934,-2.833712261811207,1654046781,163,1968,54,Female,Y,247,"Broughty Ferry, Dundee",Dundee,"Dundee East","Tayside and Angus (Dundee)"
ragin',55.85854157706213,-4.285433915133466,1654057612,166,1978,44,Female,Y,585,"Kelvindale, Glasgow",Glasgow,"Glasgow Kelvin",Glasgow
ragin',55.8643914611433,-4.2130119263601635,1654107271,169,1961,61,Female,Y,609,"Garthamlock, Glasgow",Glasgow,"Glasgow Northeast",Glasgow
ragin',57.6225334906228,-3.6830635899002897,1654123992,170,2000,22,Male,Y,740,Forres,Moray,IV36,"North East (Aberdeen)"
ragin',57.45261243127979,-1.859105245906047,1654149861,171,1956,66,Female,Y,54,Peterhead,Aberdeenshire,AB42,"North East (Aberdeen)"
ragin',55.78300664121093,-3.839858477181102,1654213954,175,2005,17,Male,School,1180,Wishaw,"North Lanarkshire",ML2,Glasgow
ragin',57.64414774114147,-2.291184724785737,1654289002,178,1978,44,Female,Y,59,Banff,Aberdeenshire,AB45,"North East (Aberdeen)"
ragin',55.91711221172358,-4.050567240810911,1654592425,184,2002,20,Other,School,514,"Cumbernauld (south: Condorrat, Lenziemill, Carbrain, Kildrum, Cumbernauld Village, Abronhill, Seafar)","North Lanarkshire",G67,Glasgow
ragin',57.20083244682508,-2.5947710144108695,1654608101,185,1988,34,Female,Y,64,Inverurie,Aberdeenshire,AB51,"North East (Aberdeen)"
ragin',57.60607781101776,-2.7763298530928706,1655112542,187,2005,17,Male,School,62,Portsoy,Aberdeenshire,AB45,"North East (Aberdeen)"
ragin',57.66777386165357,-2.480736628201863,1655113795,204,2007,15,Male,School,58,Macduff,Aberdeenshire,AB44,"North East (Aberdeen)"
ragin',57.62701236428424,-2.387216460159316,1655113904,194,2005,17,Female,School,59,Banff,Aberdeenshire,AB45,"North East (Aberdeen)"
ragin',57.67758774035002,-2.5701469349122044,1655158450,194,2005,17,Female,School,59,Banff,Aberdeenshire,AB45,"North East (Aberdeen)"
ragin',57.688601958798834,-2.9149288820552184,1655214387,221,2006,16,Female,School,90,Buckie,Moray,AB56,"North East (Aberdeen)"
ragin',57.65505624670964,-2.153675218219733,1655214390,222,2006,16,Female,School,56,Crimond,Aberdeenshire,AB43,"North East (Aberdeen)"
ragin',57.599183449986036,-1.9214727916818337,1655214551,222,2006,16,Female,School,56,Crimond,Aberdeenshire,AB43,"North East (Aberdeen)"
ragin',57.65156376345352,-2.9258005307908967,1655214554,225,2006,16,Male,School,90,Buckie,Moray,AB56,"North East (Aberdeen)"
ragin',57.64169097555671,-2.854692201456055,1655214671,226,2006,16,Male,School,90,Buckie,Moray,AB56,"North East (Aberdeen)"
ragin',57.66638279688927,-2.779009819358455,1655214680,228,2006,16,Male,School,95,Portknockie,Moray,AB56,"North East (Aberdeen)"
ragin',57.679574901199466,-2.8371101461683783,1655214691,234,2006,16,Female,School,94,Portgordon,Moray,AB56,"North East (Aberdeen)"
ragin',57.60517838563017,-2.963570283618814,1655214732,216,2006,16,Female,School,90,Buckie,Moray,AB56,"North East (Aberdeen)"
ragin',57.66207076650528,-2.820086459519692,1655214763,220,2007,15,Male,N,90,Buckie,Moray,AB56,"North East (Aberdeen)"
ragin',57.596768423667875,-2.9772754319718544,1655214781,224,2006,16,Male,School,94,Portgordon,Moray,AB56,"North East (Aberdeen)"
ragin',57.68804685856227,-2.8116106161099204,1655214969,229,2006,16,Female,N,90,Buckie,Moray,AB56,"North East (Aberdeen)"
ragin',55.880152850475284,-4.137210246474465,1655215677,214,1999,23,Female,Y,634,"Maryhill, Glasgow",Glasgow,"Glasgow Northeast",Glasgow
ragin',55.887292751634966,-4.217779892805271,1655219230,214,1999,23,Female,Y,634,"Maryhill, Glasgow",Glasgow,"Glasgow Northeast",Glasgow
ragin',56.05734024262942,-4.7351583325859705,1655281997,235,1996,26,Male,Y,566,Helensburgh,"Argyll and Bute",G84,"Argyll and Bute"
ragin',57.690830820007925,-2.9210279987500263,1655290571,236,2008,14,Male,School,90,Buckie,Moray,AB56,"North East (Aberdeen)"
ragin',57.65959519835911,-2.8616305644338436,1655290605,244,2008,14,Male,School,90,Buckie,Moray,AB56,"North East (Aberdeen)"
ragin',57.67358127910803,-2.7890647788323304,1655290623,238,2008,14,Female,N,90,Buckie,Moray,AB56,"North East (Aberdeen)"
ragin',57.63688274505658,-2.932845253601799,1655290631,241,2008,14,Female,N,90,Buckie,Moray,AB56,"North East (Aberdeen)"
ragin',57.61877820785856,-2.918142720343341,1655290645,245,2008,14,Female,School,95,Portknockie,Moray,AB56,"North East (Aberdeen)"
ragin',57.62613962579977,-2.8307591932924026,1655290658,237,2009,13,Female,School,90,Buckie,Moray,AB56,"North East (Aberdeen)"
ragin',57.64116308135526,-2.803898755934528,1655290666,247,2008,14,Female,School,95,Portknockie,Moray,AB56,"North East (Aberdeen)"
ragin',57.69022371978455,-2.8120673836309167,1655290681,243,2008,14,Male,School,90,Buckie,Moray,AB56,"North East (Aberdeen)"
ragin',57.6131190804415,-2.9779427520930333,1655290697,239,2008,14,Female,School,90,Buckie,Moray,AB56,"North East (Aberdeen)"
ragin',57.6253560497373,-2.9981827934337835,1655290697,254,2008,14,Female,School,92,Findochty,Moray,AB56,"North East (Aberdeen)"
ragin',57.63055853324341,-2.8911304745022295,1655290720,250,2009,13,Female,School,90,Buckie,Moray,AB56,"North East (Aberdeen)"
ragin',57.666332715334654,-2.984962930814385,1655290721,255,2008,14,Male,School,90,Buckie,Moray,AB56,"North East (Aberdeen)"
ragin',57.660713712776236,-3.0177899961623913,1655290725,242,2008,14,Male,School,90,Buckie,Moray,AB56,"North East (Aberdeen)"
ragin',57.655093987828934,-2.965299949664371,1655290741,248,2008,14,Male,School,90,Buckie,Moray,AB56,"North East (Aberdeen)"
ragin',57.64084819564827,-3.009457512689047,1655290752,240,2008,14,Male,School,90,Buckie,Moray,AB56,"North East (Aberdeen)"
ragin',55.32870639064045,-2.822017231920456,1655290810,256,2008,14,Female,School,1493,Hawick,"Scottish Borders",TD9,Borders
ragin',57.676843318292164,-2.8104262263044975,1655290843,253,2008,14,Other,N,90,Buckie,Moray,AB56,"North East (Aberdeen)"
ragin',57.62640528350943,-2.9820935262515755,1655290863,251,2009,13,Male,School,95,Portknockie,Moray,AB56,"North East (Aberdeen)"
ragin',57.702758377970795,-2.8687941877864858,1655291113,251,2009,13,Male,School,95,Portknockie,Moray,AB56,"North East (Aberdeen)"
ragin',55.29516768300217,-2.7659390502835777,1655291267,256,2008,14,Female,School,1493,Hawick,"Scottish Borders",TD9,Borders
ragin',57.63051549573012,-2.808125807067106,1655293097,258,2006,16,Female,School,90,Buckie,Moray,AB56,"North East (Aberdeen)"
ragin',57.67197793846558,-2.929031570496786,1655293117,261,2005,17,Male,School,90,Buckie,Moray,AB56,"North East (Aberdeen)"
ragin',57.62424422852745,-2.938170572094463,1655293122,262,2005,17,Male,School,90,Buckie,Moray,AB56,"North East (Aberdeen)"
ragin',57.69281774973116,-2.7865125717803756,1655293125,259,2006,16,Male,N,90,Buckie,Moray,AB56,"North East (Aberdeen)"
ragin',57.612633706950646,-2.8189558421085414,1655293126,265,2006,16,Female,School,95,Portknockie,Moray,AB56,"North East (Aberdeen)"
ragin',57.67239886237368,-2.927963571068141,1655293129,264,2006,16,Female,School,90,Buckie,Moray,AB56,"North East (Aberdeen)"
ragin',57.627372254952164,-2.8742389869870553,1655293140,268,2006,16,Female,School,90,Buckie,Moray,AB56,"North East (Aberdeen)"
ragin',57.701584601734815,-2.854902045545776,1655293141,257,2005,17,Male,School,90,Buckie,Moray,AB56,"North East (Aberdeen)"
ragin',57.6091858861378,-2.9376170456018933,1655293153,267,2006,16,Female,School,90,Buckie,Moray,AB56,"North East (Aberdeen)"
ragin',57.65095052246071,-2.844761375296906,1655293165,263,2006,16,Other,N,90,Buckie,Moray,AB56,"North East (Aberdeen)"
ragin',57.66849786779131,-2.7826124020674845,1655293170,271,2006,16,Female,School,90,Buckie,Moray,AB56,"North East (Aberdeen)"
ragin',57.614759037282596,-3.028797775488191,1655293187,266,2005,17,Female,School,94,Portgordon,Moray,AB56,"North East (Aberdeen)"
ragin',57.655350748406114,-2.8774146614485074,1655293187,269,2006,16,Female,School,90,Buckie,Moray,AB56,"North East (Aberdeen)"
ragin',57.66973463468397,-2.976806209353451,1655293193,272,2005,17,Female,School,90,Buckie,Moray,AB56,"North East (Aberdeen)"
ragin',55.803292733627025,-4.184366041147533,1655293237,277,2006,16,Female,School,571,"Castlemilk, Glasgow",Glasgow,"Glasgow Castlemilk",Glasgow
ragin',57.66859093294785,-2.901290048758742,1655293245,273,2005,17,Male,School,91,Cullen,Moray,AB56,"North East (Aberdeen)"
ragin',57.66587474154014,-2.846746286319124,1655293246,270,2006,16,Male,N,90,Buckie,Moray,AB56,"North East (Aberdeen)"
ragin',57.48655826882764,-3.0546657818045286,1655293258,274,2006,16,Female,N,88,Keith, Moray,AB55,"North East (Aberdeen)"
ragin',57.62349675447576,-2.827767375138712,1655293318,278,2006,16,Male,N,91,Cullen,Moray,AB56,"North East (Aberdeen)"
ragin',57.68400066744157,-2.1376089981798767,1655299323,289,2006,16,Female,School,57,Fraserburgh,Aberdeenshire,AB43,"North East (Aberdeen)"
ragin',57.61980108233462,-2.975050009538449,1655299331,286,2006,16,Male,School,90,Buckie,Moray,AB56,"North East (Aberdeen)"
ragin',57.65366098167642,-3.0179700569271404,1655299341,285,2006,16,Female,School,91,Cullen,Moray,AB56,"North East (Aberdeen)"
ragin',57.62060372182942,-2.937374031085539,1655299360,292,2006,16,Male,School,90,Buckie,Moray,AB56,"North East (Aberdeen)"
ragin',57.63589065390182,-2.8443308641805345,1655299365,290,2006,16,Female,School,94,Portgordon,Moray,AB56,"North East (Aberdeen)"
ragin',57.6660578581374,-2.803984043178259,1655299372,291,2006,16,Male,School,90,Buckie,Moray,AB56,"North East (Aberdeen)"
ragin',57.64251161953233,-2.881219693498321,1655299384,294,2005,17,Male,School,95,Portknockie,Moray,AB56,"North East (Aberdeen)"
ragin',57.67808339822642,-2.874726046055499,1655299423,282,2005,17,Male,School,90,Buckie,Moray,AB56,"North East (Aberdeen)"
ragin',57.690546950789376,-3.374107174147412,1655299495,281,2006,16,Female,School,737,Elgin,Moray,IV30,"North East (Aberdeen)"
ragin',57.688287216711394,-2.875221370538487,1655299506,280,2006,16,Female,School,90,Buckie,Moray,AB56,"North East (Aberdeen)"
ragin',57.63172032737301,-2.869556670593127,1655299534,296,2006,16,Female,School,90,Buckie,Moray,AB56,"North East (Aberdeen)"
ragin',57.64707608547419,-3.0032477951481282,1655299536,297,2006,16,Female,School,90,Buckie,Moray,AB56,"North East (Aberdeen)"
ragin',57.60410746042466,-2.9777529351995353,1655299583,284,2006,16,Male,School,90,Buckie,Moray,AB56,"North East (Aberdeen)"
ragin',57.674635651011904,-2.9787276568370906,1655299604,287,2006,16,Female,School,91,Cullen,Moray,AB56,"North East (Aberdeen)"
ragin',57.60915756092496,-2.9332983310568492,1655299617,279,2006,16,Female,School,90,Buckie,Moray,AB56,"North East (Aberdeen)"
ragin',57.67575073120266,-2.823228089544187,1655299618,293,2006,16,Male,School,90,Buckie,Moray,AB56,"North East (Aberdeen)"
ragin',57.649118237005446,-2.4827755668106963,1655299721,298,2006,16,Male,School,62,Portsoy,Aberdeenshire,AB45,"North East (Aberdeen)"
ragin',57.64353527316866,-3.0036176444196943,1655299728,295,2006,16,Female,School,90,Buckie,Moray,AB56,"North East (Aberdeen)"
ragin',55.72089594426128,-4.503779901485064,1655324645,301,1957,65,Female,Y,837,"Kilmarnock (north: Onthank, Townholm, Altonhill, Longpark, Beansburn, New Farm Loch, Knockinlaw, Hillhead, Crookedholm)","East Ayrshire",KA3,Ayrshire
ragin',55.93149605164111,-4.358986735784066,1655565832,302,1991,31,Female,Y,488,Bearsden,"East Dunbartonshire",G61,Glasgow
ragin',57.625293448526016,-3.586709466968356,1655896795,305,1990,32,Male,Y,740,Forres,Moray,IV36,"North East (Aberdeen)"
ragin',60.437433185195985,-1.431551028306083,1663158363,338,2008,14,Female,School,1512,Brae,"Shetland Isles",ZE2,"Shetland Islands"
ragin',60.4283129199894,-1.4047329139494487,1663159318,343,2008,14,Female,School,1622,Voe,"Shetland Isles",ZE2,"Shetland Islands"
ragin',60.195494044870514,-1.467194149680044,1663162083,355,2008,14,Female,N,1584,"North Roe","Shetland Isles",ZE2,"Shetland Islands"
ragin',60.163168377591006,-1.2499060169918264,1663162177,351,2008,14,Male,School,1500,Lerwick,"Shetland Isles",ZE1,"Shetland Islands"
ragin',60.30875069194971,-1.3426057888579406,1663162365,358,2008,14,Female,School,1561,Hillswick,"Shetland Isles",ZE2,"Shetland Islands"
ragin',60.24046942198814,-1.4558910027663514,1663162648,362,2008,14,Male,School,1621,Vidlin,"Shetland Isles",ZE2,"Shetland Islands"
ragin',60.55161122777338,-1.4267509857735603,1663162689,366,2008,14,Male,School,1512,Brae,"Shetland Isles",ZE2,"Shetland Islands"
ragin',55.88996556214127,-4.3771366121132935,1663165376,367,1988,34,Female,N,641,"Knightswood, Glasgow",Glasgow,"Glasgow Northwest",Glasgow
ragin',55.59957198495237,-4.517454406640295,1663166722,368,1980,42,Female,N,779,"Kilmarnock (centre and south: Bonnyton, Grange, Bellfield, Shortlees, Caprington, Riccarton, Hurlford)","East Ayrshire",KA1,Ayrshire
ragin',56.21263113988311,-3.287965486009576,1663172008,369,1967,55,Male,Y,1129,"Glenrothes (west: Caskieberran, Rimbleton, Macedonia, Tanshall)",Fife,KY6,Fife
ragin',55.82692468313122,-4.243994701153006,1663172680,370,1971,51,Female,Y,675,"Penilee, Glasgow",Glasgow,"Glasgow Southwest",Glasgow
ragin',55.73774750131291,-4.149360176195826,1663173390,371,1984,38,Male,Y,534,"East Kilbride (south: Hairmyres, Westwood, The Murray, Murray East, Whitehills, Greenhill, Newlandsmuir, Gardenhall, Crosshouse, Newlands, Lindsayfield, Mossneuk)","South Lanarkshire",G75,Glasgow
ragin',55.973641070345984,-3.249078362085581,1663175705,376,1976,46,Male,Y,279,"Clermiston and Drumbrae, Edinburgh",Edinburgh,"Edinburgh Clermiston Granton","Lothian (Edinburgh)"
ragin',55.95809532059544,-3.7602544806134093,1663176123,377,1972,50,Female,Y,377,"Falkirk (centre and south: Arnothill, Bantaskin, Callendar Park, Glen Village, Hallglen, Lionthorn, Tamfourhill, Woodlands)",Falkirk,FK1,"Stirling and Falkirk"
ragin',55.91577858344696,-4.807921518411731,1663176156,378,1971,51,Female,Y,1231,"Greenock (west: Bow Farm, Braeside, Branchton, Fort Matilda, Gateside, Greenock West, Overton, Pennyfern, Smithston)",Inverclyde,PA16,Glasgow
ragin',55.86437603304488,-3.4878602465142508,1663176328,379,1992,30,Male,Y,375,Livingston,"West Lothian",EH54,"Lothian (Edinburgh)"
ragin',55.88712968423025,-4.327427080481357,1663177872,383,1982,40,Female,Y,587,"Jordanhill, Glasgow",Glasgow,"Glasgow Kelvin",Glasgow
ragin',55.834266961394896,-4.2535796501674765,1663178234,385,1958,64,Female,Y,678,"Cardonald, Glasgow",Glasgow,"Glasgow Southwest",Glasgow
ragin',55.94328880224781,-4.733100225688799,1663178554,387,1991,31,Female,Y,1230,"Greenock (central and east: Bogston, Bridgend, Cartsdyke, Gibshill, Greenock Central, Ladyburn, Upper Ingleston)",Inverclyde,PA15,Glasgow
ragin',55.921363807568845,-4.377023441736134,1663179500,392,1996,26,Female,Y,488,Bearsden,"East Dunbartonshire",G61,Glasgow
ragin',55.9010300222905,-4.331605441800269,1663180040,394,1964,58,Female,Y,641,"Knightswood, Glasgow",Glasgow,"Glasgow Northwest",Glasgow
ragin',55.844566496850135,-4.252321555495594,1663180396,396,1975,47,Female,N,672,"Govan, Glasgow",Glasgow,"Glasgow Southwest",Glasgow
ragin',55.83747369522174,-4.363849470394655,1663180429,395,1993,29,Female,Y,678,"Cardonald, Glasgow",Glasgow,"Glasgow Southwest",Glasgow
ragin',55.82858515422613,-4.326899468526569,1663180449,397,1988,34,Female,Y,652,"King's Park, Glasgow",Glasgow,"Glasgow South",Glasgow
ragin',55.882709528773184,-4.33618336166705,1663181261,399,1996,26,Female,Y,587,"Jordanhill, Glasgow",Glasgow,"Glasgow Kelvin",Glasgow
ragin',55.89754571115489,-4.455464631392006,1663182128,401,1984,38,Female,Y,1264,Renfrew,Renfrewshire,PA4,Glasgow
ragin',56.64823149261325,-3.100806718044987,1663184240,404,1990,32,Female,Y,179,Forfar,Angus,DD8,"Tayside and Angus (Dundee)"
ragin',55.815277701911654,-4.317811985850886,1663187138,405,1979,43,Female,Y,678,"Cardonald, Glasgow",Glasgow,"Glasgow Southwest",Glasgow
ragin',55.84783865674265,-4.072386878970785,1663188253,406,1990,32,Female,Y,598,Rutherglen,"South Lanarkshire","Glasgow Northeast",Glasgow
ragin',55.82998901380624,-4.361483071714842,1663191235,408,1984,38,Male,N,675,"Penilee, Glasgow",Glasgow,"Glasgow Southwest",Glasgow
ragin',55.82298392835763,-4.365174252649927,1663191342,408,1984,38,Male,N,675,"Penilee, Glasgow",Glasgow,"Glasgow Southwest",Glasgow
ragin',55.826301526101126,-4.36827505403591,1663192315,409,1984,38,Female,N,685,"Gorbals, Glasgow",Glasgow,"Glasgow Southwest",Glasgow
ragin',55.874386160762946,-4.366359703700356,1663222541,412,1984,38,Male,Y,675,"Penilee, Glasgow",Glasgow,"Glasgow Southwest",Glasgow
ragin',55.838599608973546,-4.346279237288652,1663225501,413,1991,31,Female,Y,675,"Penilee, Glasgow",Glasgow,"Glasgow Southwest",Glasgow
ragin',55.879405932132556,-3.244338786706273,1663231825,415,1987,35,Male,Y,319,"Blackford, Edinburgh",Edinburgh,"Edinburgh South","Lothian (Edinburgh)"
ragin',57.629667324567954,-4.3084233286771525,1663233247,416,1986,36,Male,Y,774,"Conon Bridge",Highland,IV7,"Highlands (Inverness)"
ragin',56.236830345994896,-3.1039168642428394,1663234123,418,1990,32,Male,Y,1133,"Glenrothes (centre and east: Pitteuchar, Finglassie, Stenton, Auchmuty, Pitcoudie, Balfarg, Pircairn, Collydean)",Fife,KY7,Fife
ragin',56.069269505988004,-3.771927161483662,1663239657,421,1992,30,Female,Y,425,Polmont, Falkirk,FK2,"Stirling and Falkirk"
ragin',55.73721410540863,-4.1925345681076065,1663248270,419,1982,40,Male,Y,534,"East Kilbride (south: Hairmyres, Westwood, The Murray, Murray East, Whitehills, Greenhill, Newlandsmuir, Gardenhall, Crosshouse, Newlands, Lindsayfield, Mossneuk)","South Lanarkshire",G75,Glasgow
ragin',55.74904754972238,-4.401899809992862,1663248310,423,1983,39,Female,Y,539,"Newton Mearns","East Renfrewshire",G77,Glasgow
ragin',55.84129700060359,-4.264071516430941,1663249808,424,1985,37,Male,Y,675,"Penilee, Glasgow",Glasgow,"Glasgow Southwest",Glasgow
ragin',55.82342903502352,-4.304846058676104,1663249974,425,1982,40,Female,Y,645,Clarkston,"East Renfrewshire","Glasgow South",Glasgow
ragin',55.78726552106221,-4.3059288140584915,1663271496,428,1963,59,Male,Y,646,"Burnside, Glasgow",Glasgow,"Glasgow South",Glasgow
ragin',55.89741572494799,-4.034224859357553,1663325195,429,1962,60,Female,N,1190,Glenboig,"North Lanarkshire",ML5,Glasgow
ragin',55.79344358140436,-4.254115668339598,1663345566,430,1960,62,Female,N,571,"Castlemilk, Glasgow",Glasgow,"Glasgow Castlemilk",Glasgow
ragin',55.861496945864815,-3.708440645115914,1663430205,431,1982,40,Male,Y,366,Whitburn,"West Lothian",EH47,"Lothian (Edinburgh)"
ragin',55.82428295889782,-3.6980718917990325,1663430444,431,1982,40,Male,Y,366,Whitburn,"West Lothian",EH47,"Lothian (Edinburgh)"
ragin',55.81576029434251,-4.25780893241318,1663662896,432,1986,36,Male,N,651,"Cathcart, Glasgow",Glasgow,"Glasgow South",Glasgow
ragin',55.41356458110953,-4.205675878573449,1663960903,437,1977,45,Female,N,798,Cumnock,"East Ayrshire",KA18,Ayrshire
ragin',55.46408537581859,-4.322286077348499,1664214712,437,1977,45,Female,N,798,Cumnock,"East Ayrshire",KA18,Ayrshire
ragin',55.684030596229896,-4.172773516527669,1664260483,438,1975,47,Female,Y,1160,Strathaven,"North Lanarkshire",ML10,Glasgow
ragin',56.2793986412935,-4.758465506565749,1664387672,444,1989,33,Female,Y,557,Alexandria,"West Dunbartonshire",G83,"Argyll and Bute"
ragin',54.9340821826693,-4.416203115557336,1664646812,447,1952,70,Female,Y,225,"Newton Stewart","Dumfries and Galloway",DG8,"Dumfries and Galloway"
ragin',56.46073743248963,-2.978576717442886,1664714354,448,1953,69,Female,Y,239,"Charleston, Dundee",Dundee,"Dundee Central","Tayside and Angus (Dundee)"
ragin',57.20014282111956,-2.2897031911345995,1664776717,450,1976,46,Female,Y,113,"Bridge of Don, Aberdeen",Aberdeen,"Aberdeen North","North East (Aberdeen)"
ragin',57.65075619528966,-3.4026755756968194,1664776826,451,1965,57,Female,Y,737,Elgin,Moray,IV30,"North East (Aberdeen)"
ragin',57.67475520918922,-2.8031601950952876,1664782656,455,1948,74,Male,Y,90,Buckie,Moray,AB56,"North East (Aberdeen)"
ragin',55.82953672362447,-4.352363491710052,1664788336,457,1953,69,Male,Y,677,"Hillington, Glasgow",Glasgow,"Glasgow Southwest",Glasgow
ragin',55.94687411521038,-3.198244719856791,1664788496,459,1965,57,Female,N,288,"Murrayfield, Edinburgh",Edinburgh,"Edinburgh North","Lothian (Edinburgh)"
ragin',60.152006550651485,-1.1472870657298673,1664789054,465,1990,32,Male,Y,1501,Scalloway,"Shetland Isles",ZE1,"Shetland Islands"
ragin',56.62553378561118,-3.792002467410588,1664789268,466,1971,51,Male,Y,1327,Aberfeldy,"Perth and Kinross",PH15,Fife
ragin',56.105652512095276,-4.212328946742455,1664791066,470,1995,27,Female,Y,470,Kippen,Stirlingshire,FK8,"Stirling and Falkirk"
ragin',55.86069110231056,-4.140198329336603,1664791460,472,1999,23,Female,Y,601,Bargeddie,"North Lanarkshire","Glasgow Northeast",Glasgow
ragin',55.95508310926666,-3.65075639703047,1664791738,473,1992,30,Female,School,369,Linlithgow,"West Lothian",EH49,"Lothian (Edinburgh)"
ragin',60.383581451600534,-1.193769962679723,1664791860,474,1997,25,Female,Y,1595,Sandwick,"Shetland Isles",ZE2,"Shetland Islands"
ragin',55.71465763943884,-2.8653453061572685,1664792147,476,1951,71,Female,Y,1415,Stow,"Scottish Borders",TD1,Borders
ragin',55.678907767690035,-4.370653490723031,1664792400,482,1944,78,Male,N,837,"Kilmarnock (north: Onthank, Townholm, Altonhill, Longpark, Beansburn, New Farm Loch, Knockinlaw, Hillhead, Crookedholm)","East Ayrshire",KA3,Ayrshire
ragin',55.83503369625261,-4.412776339177122,1664793242,486,1955,67,Female,N,1236,"Paisley (south: Blackhall, Castlehead, Dykebar, Foxbar, Hunterhill, Meikleriggs)",Renfrewshire,PA2,Glasgow
ragin',56.33463067298507,-3.0818284759464705,1664793515,493,1968,54,Male,Y,1105,Cupar,Fife,KY15,Fife
ragin',55.732896500909916,-4.497225633388003,1664793886,494,1963,59,Male,Y,837,"Kilmarnock (north: Onthank, Townholm, Altonhill, Longpark, Beansburn, New Farm Loch, Knockinlaw, Hillhead, Crookedholm)","East Ayrshire",KA3,Ayrshire
ragin',55.75034125155776,-4.021073528508291,1664794039,495,1955,67,Male,Y,1183,Hamilton,"South Lanarkshire",ML3,Glasgow
ragin',55.92856815040241,-3.2630917318355968,1664794677,496,1987,35,Male,Y,269,"Gorgie, Edinburgh",Edinburgh,"Edinburgh Central","Lothian (Edinburgh)"
ragin',57.193057459264246,-2.1897199294338985,1664794782,503,1952,70,Male,N,121,Blackburn,Aberdeenshire,"Aberdeen North","North East (Aberdeen)"
ragin',55.952538858745704,-4.572981792058046,1664795046,505,1992,30,Other,Y,548,Cardross,"Argyll and Bute",G82,Glasgow
ragin',55.6497980333144,-4.766151330973316,1664795073,506,1981,41,Female,Y,812,Saltcoats,"East Ayrshire",KA21,Ayrshire
ragin',56.12496766827688,-4.399922074313301,1664795439,509,1992,30,Female,Y,473,"Stirling (centre and west: Kings Park, Raploch, Riverside)",Stirlingshire,FK8,"Stirling and Falkirk"
ragin',57.8731787690377,-4.027418911803008,1664795454,508,1953,69,Female,Y,726,Dornoch,Highland,IV25,"Highlands (Inverness)"
ragin',55.96178630095473,-4.523264681217242,1664795723,511,1987,35,Female,Y,549,Dumbarton,"West Dunbartonshire",G82,Glasgow
ragin',59.20522323743328,-2.8245931810405054,1664796459,513,1953,69,Female,Y,1025,"Orkney Islands",Orkney,KW17,"Orkney Islands"
ragin',54.873210228181925,-4.948778158208416,1664796554,516,1988,34,Male,Y,230,Sandhead,"Dumfries and Galloway",DG9,"Dumfries and Galloway"
ragin',56.38574502287698,-3.2648972630112665,1664796746,518,1965,57,Male,Y,1342,Forgandenny,"Perth and Kinross",PH2,Fife
ragin',55.09465601372511,-3.726981286529493,1664796875,520,1991,31,Male,Y,207,"Dumfries (west: Broomlands, Cargenbridge, Lochside, Maxwelltown, Troqueer)","Dumfries and Galloway",DG2,"Dumfries and Galloway"
ragin',57.456613407774846,-2.2292676057166965,1664796877,519,1999,23,Male,Y,49,Ellon,Aberdeenshire,AB41,"North East (Aberdeen)"
ragin',55.81102865983414,-3.7518664750093538,1664796900,521,1980,42,Female,Y,366,Whitburn,"West Lothian",EH47,"Lothian (Edinburgh)"
ragin',55.63294913239882,-2.5986495391355917,1664797036,522,1977,45,Female,Y,1442,Earlston,"Scottish Borders",TD4,Borders
ragin',55.90151910502821,-4.2849044677942825,1664797319,524,1986,36,Female,Y,480,"Summerston, Glasgow",Glasgow,G23,Glasgow
ragin',55.306903599238034,-4.131831089489102,1664797329,523,1963,59,Female,Y,798,Cumnock,"East Ayrshire",KA18,Ayrshire
ragin',55.92854239788782,-4.700082677969226,1664797363,525,1996,26,Female,N,1229,"Port Glasgow",Inverclyde,PA14,Glasgow
ragin',55.903892026717166,-4.369045199647899,1664797457,528,1965,57,Female,N,641,"Knightswood, Glasgow",Glasgow,"Glasgow Northwest",Glasgow
ragin',55.94690453067361,-3.2611087381049217,1664797835,529,1995,27,Female,Y,287,"Corstorphine, Edinburgh",Edinburgh,"Edinburgh North","Lothian (Edinburgh)"
ragin',55.92374345890944,-4.386181575628692,1664799040,535,1956,66,Male,Y,546,Clydebank,"West Dunbartonshire",G81,Glasgow
ragin',55.77181047443063,-4.208680856338383,1664799165,537,1952,70,Female,N,530,"East Kilbride (north: The Village, East Mains, West Mains, Lymekilns, St Leonards, Calderwood, Nerston, Stewartfield, Peel Park)","South Lanarkshire",G74,Glasgow
ragin',55.79325018409062,-4.284248627417491,1664799710,540,1979,43,Male,Y,658,"Giffnock, Glasgow",Glasgow,"Glasgow South",Glasgow
ragin',55.87775279976451,-3.0152055155895825,1664800119,543,1947,75,Female,Y,336,Newtongrange,Midlothian,EH22,"Lothian (Edinburgh)"
ragin',56.04637425389128,-3.4436676278028657,1664800445,544,1966,56,Female,Y,1094,Rosyth,Fife,KY11,Fife
ragin',56.09947132087363,-3.659262895539223,1664800673,545,1971,51,Female,Y,390,Kincardine,Fife,FK10,"Stirling and Falkirk"
ragin',56.0742211466795,-3.9876100540416997,1664800842,547,1996,26,Male,Y,464,"Stirling (south and east: Braehead, Borestone, Broomridge, Torbrex)",Stirlingshire,FK7,"Stirling and Falkirk"
ragin',56.834431694773826,-2.892086268932108,1664801337,550,1980,42,Female,Y,182,Brechin,Angus,DD9,"Tayside and Angus (Dundee)"
ragin',56.57803379464167,-3.058511585355847,1664801840,555,1970,52,Male,N,180,Glamis,Angus,DD8,"Tayside and Angus (Dundee)"
ragin',56.81366724574082,-3.1395911399680614,1664801969,553,1956,66,Female,N,181,Kirriemuir,Angus,DD8,"Tayside and Angus (Dundee)"
ragin',56.61331174528761,-2.675834050778345,1664802508,560,1968,54,Female,N,141,Arbroath,Angus,DD11,"Tayside and Angus (Dundee)"
ragin',55.84267517603197,-4.418212553398537,1664802657,561,1971,51,Female,N,1220,"Paisley (central, east and north east: Ferguslie, Oldhall, Seedhill, Williamsburgh, Whitehaugh)",Renfrewshire,PA1,Glasgow
ragin',55.88302961869527,-4.356291579414501,1664802910,565,1986,36,Female,Y,641,"Knightswood, Glasgow",Glasgow,"Glasgow Northwest",Glasgow
ragin',55.95325280356994,-3.2688452342370433,1664804991,577,1951,71,Female,Y,299,"Broughton, Edinburgh",Edinburgh,"Edinburgh North","Lothian (Edinburgh)"
ragin',56.223890491882266,-2.975076344050774,1664804994,579,1959,63,Female,Y,1140,Leven,Fife,KY8,Fife
ragin',55.15028587412306,-2.8179467058681618,1664805085,580,2000,22,Male,N,1493,Hawick,"Scottish Borders",TD9,Borders
ragin',56.04223879123864,-3.4743499633999835,1664805192,581,1996,26,Male,Y,1094,Rosyth,Fife,KY11,Fife
ragin',55.843672384434164,-3.9051597882077376,1664805378,584,1951,71,Male,Y,1151,Motherwell,"North Lanarkshire",ML1,Glasgow
ragin',55.991383415989574,-5.46414046303463,1664805441,585,1994,28,Female,Y,1250,Ardrishaig,"Argyll and Bute",PA30,"Argyll and Bute"
ragin',56.49764570309114,-2.8015857877667503,1664805593,588,1979,43,Male,Y,247,"Broughty Ferry, Dundee",Dundee,"Dundee East","Tayside and Angus (Dundee)"
ragin',56.52356807999807,-3.55884559566754,1664805804,589,1963,59,Female,Y,1313,"Perth (north and west: Burghmuir, Cherrybank, Hillyland, Inveralmond, Lethom, Muirton, North Muirton, Tulloch)","Perth and Kinross",PH1,Fife
ragin',55.9373815183379,-4.2453698191083955,1664806438,569,1970,52,Female,Y,502,Bishopbriggs,"East Dunbartonshire",G64,Glasgow
ragin',56.49623886042949,-2.9588520940923417,1664806620,594,1978,44,Female,Y,255,"Fintry, Dundee",Dundee,"Dundee North","Tayside and Angus (Dundee)"
ragin',56.828382730539865,-3.2165770970296075,1664807085,598,1962,60,Female,N,181,Kirriemuir,Angus,DD8,"Tayside and Angus (Dundee)"
ragin',56.017154578188425,-2.767668220325307,1664808384,603,2004,18,Male,N,355,"North Berwick","East Lothian",EH39,"Lothian (Edinburgh)"
ragin',55.76975823771619,-3.820699035231905,1664808527,604,1953,69,Female,N,1180,Wishaw,"North Lanarkshire",ML2,Glasgow
ragin',55.65325249762681,-3.9950688450656253,1664809061,609,1968,54,Male,Y,1160,Strathaven,"North Lanarkshire",ML10,Glasgow
ragin',56.48210265152746,-2.9851205542483066,1664809069,610,1956,66,Female,Y,234,"Baxter Park, Dundee",Dundee,"Dundee Bluebelt","Tayside and Angus (Dundee)"
ragin',56.72152517935977,-2.957164000707703,1664809140,608,1975,47,Male,Y,181,Kirriemuir,Angus,DD8,"Tayside and Angus (Dundee)"
ragin',55.83229175290358,-4.104211713140753,1664809740,613,1983,39,Female,Y,623,"Shettleston, Glasgow",Glasgow,"Glasgow Northeast",Glasgow
ragin',55.93765675168383,-3.245126990769367,1664810145,617,1995,27,Male,N,267,"Sighthill, Edinburgh",Edinburgh,"Edinburgh Central","Lothian (Edinburgh)"
ragin',60.5683643591563,-1.0736603620413958,1664810388,621,1959,63,Female,N,1509,Bigton,"Shetland Isles",ZE2,"Shetland Islands"
ragin',56.78525744087077,-3.1194039149351727,1664811309,623,1960,62,Male,Y,181,Kirriemuir,Angus,DD8,"Tayside and Angus (Dundee)"
ragin',55.89486444694504,-2.657560945728494,1664811657,625,1955,67,Female,Y,357,Haddington,"East Lothian",EH41,"Lothian (Edinburgh)"
ragin',55.9391011547737,-3.0838896448340063,1664812027,627,1958,64,Male,Y,283,"Craigentinny, Edinburgh",Edinburgh,"Edinburgh Duddingston","Lothian (Edinburgh)"
ragin',55.92191596605886,-4.330539067762544,1664812453,628,1975,47,Female,Y,488,Bearsden,"East Dunbartonshire",G61,Glasgow
ragin',56.33654940655118,-2.7887049597642894,1664812621,629,1993,29,Male,Y,1114,"St Andrews",Fife,KY16,Fife
ragin',55.901622260310845,-4.229792936850848,1664812637,630,1987,35,Female,N,623,"Shettleston, Glasgow",Glasgow,"Glasgow Northeast",Glasgow
ragin',55.87852187195637,-4.273092393585783,1664812694,632,1959,63,Female,Y,623,"Shettleston, Glasgow",Glasgow,"Glasgow Northeast",Glasgow
ragin',55.95252023039958,-3.1659072698959725,1664812767,633,1955,67,Male,Y,271,"Abbeyhill, Edinburgh",Edinburgh,"Edinburgh Central","Lothian (Edinburgh)"
ragin',56.0080502159312,-4.219971976054753,1664812784,631,1953,69,Female,N,508,Lennoxtown,"East Dunbartonshire",G66,Glasgow
ragin',55.86928908261721,-4.295637160564799,1664812892,634,1994,28,Male,Y,644,"Partick, Glasgow",Glasgow,"Glasgow Northwest",Glasgow
ragin',55.898689680526694,-4.200857810368532,1664813171,637,1989,33,Male,N,623,"Shettleston, Glasgow",Glasgow,"Glasgow Northeast",Glasgow
ragin',55.68082059841927,-5.219495521643882,1664813174,636,1980,42,Male,Y,827,"Isle of Arran","North Ayrshire",KA27,Ayrshire
ragin',55.906863565454174,-4.334500012976268,1664813455,638,1965,57,Female,Y,488,Bearsden,"East Dunbartonshire",G61,Glasgow
ragin',55.89270077170376,-4.361328542541806,1664813589,639,1984,38,Female,Y,644,"Partick, Glasgow",Glasgow,"Glasgow Northwest",Glasgow
ragin',55.945146219050145,-4.411638876129203,1664813701,640,1984,38,Male,Y,546,Clydebank,"West Dunbartonshire",G81,Glasgow
ragin',55.83214776313187,-5.990655664703956,1664813799,642,1981,41,Female,Y,1280,"Isle of Jura, Inner Hebrides","Argyll and Bute",PA60,"Argyll and Bute"
ragin',55.79043764917799,-4.2562998831532655,1664814069,647,1998,24,Male,Y,571,"Castlemilk, Glasgow",Glasgow,"Glasgow Castlemilk",Glasgow
ragin',55.91242912134397,-3.760216186430176,1664814154,646,1964,58,Female,N,380,Camelon, Falkirk,FK1,"Stirling and Falkirk"
ragin',54.804566438868584,-5.045885101790876,1664815112,651,1980,42,Female,N,231,Stranraer,"Dumfries and Galloway",DG9,"Dumfries and Galloway"
ragin',55.94830290308888,-3.1754502056830005,1664815172,650,1993,29,Male,Y,281,"Portobello, Edinburgh",Edinburgh,"Edinburgh Duddingston","Lothian (Edinburgh)"
ragin',55.88821112674151,-4.377512117029865,1664815546,639,1984,38,Female,Y,644,"Partick, Glasgow",Glasgow,"Glasgow Northwest",Glasgow
ragin',54.709476249906345,-4.924503883231879,1664815893,654,1997,25,Male,N,231,Stranraer,"Dumfries and Galloway",DG9,"Dumfries and Galloway"
ragin',55.76195591842243,-4.249370705093086,1664816099,656,1994,28,Male,Y,530,"East Kilbride (north: The Village, East Mains, West Mains, Lymekilns, St Leonards, Calderwood, Nerston, Stewartfield, Peel Park)","South Lanarkshire",G74,Glasgow
ragin',55.74022178625105,-4.175394375708688,1664816113,655,1986,36,Female,Y,534,"East Kilbride (south: Hairmyres, Westwood, The Murray, Murray East, Whitehills, Greenhill, Newlandsmuir, Gardenhall, Crosshouse, Newlands, Lindsayfield, Mossneuk)","South Lanarkshire",G75,Glasgow
ragin',55.745722228940366,-4.162928116700161,1664816528,661,1983,39,Female,Y,534,"East Kilbride (south: Hairmyres, Westwood, The Murray, Murray East, Whitehills, Greenhill, Newlandsmuir, Gardenhall, Crosshouse, Newlands, Lindsayfield, Mossneuk)","South Lanarkshire",G75,Glasgow
ragin',55.73326349767733,-4.138544093112406,1664816563,659,1986,36,Female,Y,534,"East Kilbride (south: Hairmyres, Westwood, The Murray, Murray East, Whitehills, Greenhill, Newlandsmuir, Gardenhall, Crosshouse, Newlands, Lindsayfield, Mossneuk)","South Lanarkshire",G75,Glasgow
ragin',55.96067427852709,-3.263657161287134,1664816764,663,1982,40,Female,Y,287,"Corstorphine, Edinburgh",Edinburgh,"Edinburgh North","Lothian (Edinburgh)"
ragin',55.89256879846533,-3.560846690341818,1664816862,665,1969,53,Male,N,375,Livingston,"West Lothian",EH54,"Lothian (Edinburgh)"
ragin',57.32946812887831,-2.572470244304301,1664816865,662,2003,19,Female,Y,68,Auchleven,Aberdeenshire,AB52,"North East (Aberdeen)"
ragin',56.32776296314158,-2.9782143909267833,1664816974,666,1986,36,Male,Y,1105,Cupar,Fife,KY15,Fife
ragin',55.515627939380394,-4.428564286702018,1664817006,657,1970,52,Male,Y,845,Catrine,"East Ayrshire",KA5,Ayrshire
ragin',55.7469572951327,-4.2024323369648595,1664817286,669,1986,36,Female,Y,534,"East Kilbride (south: Hairmyres, Westwood, The Murray, Murray East, Whitehills, Greenhill, Newlandsmuir, Gardenhall, Crosshouse, Newlands, Lindsayfield, Mossneuk)","South Lanarkshire",G75,Glasgow
ragin',55.82410156578002,-4.210057874590741,1664817293,667,1954,68,Male,N,651,"Cathcart, Glasgow",Glasgow,"Glasgow South",Glasgow
ragin',57.65357362706573,-4.498562557653622,1664817414,671,1987,35,Female,Y,705,Dingwall,Highland,IV15,"Highlands (Inverness)"
ragin',55.82354673180249,-4.219440756295666,1664817741,670,1981,41,Male,N,651,"Cathcart, Glasgow",Glasgow,"Glasgow South",Glasgow
ragin',56.22666647259284,-4.762654025047153,1664818651,676,1994,28,Female,Y,553,Arrochar,"Argyll and Bute",G83,"Argyll and Bute"
ragin',55.89463423655368,-3.518723385333294,1664819038,678,2002,20,Female,Y,375,Livingston,"West Lothian",EH54,"Lothian (Edinburgh)"
ragin',55.95365246915935,-3.1668553666939094,1664819083,679,1952,70,Female,Y,271,"Abbeyhill, Edinburgh",Edinburgh,"Edinburgh Central","Lothian (Edinburgh)"
ragin',56.17958451553295,-3.2887933091245682,1664819686,685,1993,29,Female,Y,1128,Lochgelly,Fife,KY5,Fife
ragin',55.282986406369034,-3.5898236003292814,1664820264,688,1969,53,Female,Y,186,"Dumfries (centre and east: Dalscone, Georgetown, Heathhall, Kingholm Quay, Noblehill, The Crichton)","Dumfries and Galloway",DG1,"Dumfries and Galloway"
ragin',55.72198853426847,-4.207433864596619,1664820364,691,1984,38,Female,Y,534,"East Kilbride (south: Hairmyres, Westwood, The Murray, Murray East, Whitehills, Greenhill, Newlandsmuir, Gardenhall, Crosshouse, Newlands, Lindsayfield, Mossneuk)","South Lanarkshire",G75,Glasgow
ragin',55.94952248387929,-3.2077512555554595,1664820461,692,1969,53,Female,Y,289,"Newhaven, Edinburgh",Edinburgh,"Edinburgh North","Lothian (Edinburgh)"
ragin',56.15791377681398,-3.978022420616814,1664820552,694,2000,22,Male,Y,479,"Stirling (north: Causewayhead, Cornton)",Stirlingshire,FK9,"Stirling and Falkirk"
ragin',57.08091643702009,-2.8110303307674664,1664820585,693,2001,21,Female,School,33,Aboyne,Aberdeenshire,AB34,"North East (Aberdeen)"
ragin',55.8142588407688,-4.412349612469041,1664820643,680,2004,18,Female,Y,1236,"Paisley (south: Blackhall, Castlehead, Dykebar, Foxbar, Hunterhill, Meikleriggs)",Renfrewshire,PA2,Glasgow
ragin',55.85087123336753,-4.439477652981808,1664820717,695,2004,18,Male,School,1249,"Paisley (north west: Ferguslie Park, Gallowhill, Gockston, Shortroods, )",Renfrewshire,PA3,Glasgow
ragin',55.03903888836713,-3.4517344578760873,1664820952,697,1985,37,Male,Y,186,"Dumfries (centre and east: Dalscone, Georgetown, Heathhall, Kingholm Quay, Noblehill, The Crichton)","Dumfries and Galloway",DG1,"Dumfries and Galloway"
ragin',56.28390129712704,-4.811660749261193,1664820987,698,1953,69,Female,Y,557,Alexandria,"West Dunbartonshire",G83,"Argyll and Bute"
ragin',56.134319303190146,-4.758174591717303,1664821123,698,1953,69,Female,Y,557,Alexandria,"West Dunbartonshire",G83,"Argyll and Bute"
ragin',55.84147635347977,-4.055785461103802,1664821225,696,1987,35,Female,Y,1189,Coatbridge,"North Lanarkshire",ML5,Glasgow
ragin',55.85588407899676,-4.057715162886388,1664821343,702,1996,26,Male,Y,1189,Coatbridge,"North Lanarkshire",ML5,Glasgow
ragin',57.58637966177285,-4.4625047442507615,1664821418,704,1998,24,Male,Y,705,Dingwall,Highland,IV15,"Highlands (Inverness)"
ragin',56.49601374287126,-3.5797803571619724,1664821562,705,1947,75,Male,Y,1313,"Perth (north and west: Burghmuir, Cherrybank, Hillyland, Inveralmond, Lethom, Muirton, North Muirton, Tulloch)","Perth and Kinross",PH1,Fife
ragin',55.84642910072337,-4.330818587475021,1664821925,710,1999,23,Male,Y,672,"Govan, Glasgow",Glasgow,"Glasgow Southwest",Glasgow
ragin',55.95066005412589,-3.9642537747816484,1664822975,715,1963,59,Female,School,514,"Cumbernauld (south: Condorrat, Lenziemill, Carbrain, Kildrum, Cumbernauld Village, Abronhill, Seafar)","North Lanarkshire",G67,Glasgow
ragin',55.906514205167575,-4.840096876432923,1664823238,718,1982,40,Female,Y,1231,"Greenock (west: Bow Farm, Braeside, Branchton, Fort Matilda, Gateside, Greenock West, Overton, Pennyfern, Smithston)",Inverclyde,PA16,Glasgow
ragin',55.170952439568076,-3.5925762946796023,1664823331,683,1986,36,Male,Y,186,"Dumfries (centre and east: Dalscone, Georgetown, Heathhall, Kingholm Quay, Noblehill, The Crichton)","Dumfries and Galloway",DG1,"Dumfries and Galloway"
ragin',55.93200789958372,-3.2204636448955766,1664823893,722,1991,31,Male,Y,313,"Colinton, Edinburgh",Edinburgh,"Edinburgh South","Lothian (Edinburgh)"
ragin',57.46484453176675,-4.041079983233502,1664824423,723,2004,18,Female,Y,714,"Inverness (east: Culcabock, Crown, Culduthel, Drummond, Haugh, Hilton, Holm, Lochardil, Millburn, Raigmore)",Highland,IV2,"Highlands (Inverness)"
ragin',56.84281409907451,-3.1221776741863616,1664824465,724,1974,48,Female,Y,181,Kirriemuir,Angus,DD8,"Tayside and Angus (Dundee)"
ragin',55.82013250252878,-4.502408811121708,1664824632,725,1989,33,Male,Y,1276,Johnstone,Renfrewshire,PA5,Glasgow
ragin',54.96157513380479,-3.796077700595482,1664825202,727,1986,36,Male,Y,215,Dalbeattie,"Dumfries and Galloway",DG5,"Dumfries and Galloway"
ragin',55.84023612836213,-4.181929939807769,1664825501,728,1964,58,Female,Y,634,"Maryhill, Glasgow",Glasgow,"Glasgow Northeast",Glasgow
ragin',55.960626106900605,-3.6917974357504075,1664825611,729,1966,56,Male,Y,422,"Falkirk (north: Grahamston, Middlefield, Westfield)",Falkirk,FK2,"Stirling and Falkirk"
ragin',55.844859445461886,-4.689761205852332,1664826346,731,1996,26,Female,Y,1222,Kilbarchan,Renfrewshire,PA10,Glasgow
ragin',55.9934113145001,-3.6099751032009344,1664826795,473,1992,30,Female,School,369,Linlithgow,"West Lothian",EH49,"Lothian (Edinburgh)"
ragin',55.695385736234726,-4.223564717505053,1664827012,734,1984,38,Male,Y,534,"East Kilbride (south: Hairmyres, Westwood, The Murray, Murray East, Whitehills, Greenhill, Newlandsmuir, Gardenhall, Crosshouse, Newlands, Lindsayfield, Mossneuk)","South Lanarkshire",G75,Glasgow
ragin',60.15034980676549,-1.2315441836870007,1664827070,735,1982,40,Female,Y,1500,Lerwick,"Shetland Isles",ZE1,"Shetland Islands"
ragin',55.8261490061677,-3.9529085240903026,1664827637,738,1978,44,Female,Y,1151,Motherwell,"North Lanarkshire",ML1,Glasgow
ragin',55.72898992843972,-4.033331515586934,1664827726,737,1994,28,Male,Y,1183,Hamilton,"South Lanarkshire",ML3,Glasgow
ragin',55.91578376795496,-4.259374138682338,1664828161,740,1967,55,Male,N,481,"Lambhill, Glasgow",Glasgow,G23,Glasgow
ragin',55.885747069554874,-4.3592071990418715,1664828941,744,1980,42,Male,Y,638,"Drumchapel, Glasgow",Glasgow,"Glasgow Northwest",Glasgow
ragin',55.685825268659016,-4.78253580187948,1664829041,743,1952,70,Female,Y,813,Ardrossan,"North Ayrshire",KA22,Ayrshire
ragin',55.75173034220815,-4.256167314187693,1664829083,745,1992,30,Female,Y,530,"East Kilbride (north: The Village, East Mains, West Mains, Lymekilns, St Leonards, Calderwood, Nerston, Stewartfield, Peel Park)","South Lanarkshire",G74,Glasgow
ragin',57.52941434820988,-4.241960622086174,1664829086,746,1994,28,Female,Y,698,"North Kessock",Highland,IV1,"Highlands (Inverness)"
ragin',57.62577174786396,-4.379378978017933,1664829163,748,1982,40,Male,Y,705,Dingwall,Highland,IV15,"Highlands (Inverness)"
ragin',56.551173368410396,-2.638865784598619,1664829310,750,1997,25,Female,Y,141,Arbroath,Angus,DD11,"Tayside and Angus (Dundee)"
ragin',56.655198687677434,-3.145072888384944,1664829376,751,1998,24,Female,Y,179,Forfar,Angus,DD8,"Tayside and Angus (Dundee)"
ragin',55.930195547702326,-4.391250831921415,1664829632,752,1980,42,Male,Y,546,Clydebank,"West Dunbartonshire",G81,Glasgow
ragin',55.952510948584916,-4.228963575072447,1664830473,757,1976,46,Female,Y,502,Bishopbriggs,"East Dunbartonshire",G64,Glasgow
ragin',55.73749514928018,-3.9502103415637597,1664830680,758,1962,60,Female,Y,1217,Larkhall,"North Lanarkshire",ML9,Glasgow
ragin',55.80012669782855,-4.492725144686459,1664830777,760,1989,33,Female,N,1236,"Paisley (south: Blackhall, Castlehead, Dykebar, Foxbar, Hunterhill, Meikleriggs)",Renfrewshire,PA2,Glasgow
ragin',55.733536145595544,-4.4171330434016145,1664830779,761,1985,37,Female,Y,539,"Newton Mearns","East Renfrewshire",G77,Glasgow
ragin',57.38852243243298,-3.1761785608194995,1664831386,762,1945,77,Male,Y,88,Keith, Moray,AB55,"North East (Aberdeen)"
ragin',57.31714582732708,-2.2201091218948097,1664831632,763,1986,36,Female,Y,117,Balmedie,Aberdeenshire,"Aberdeen North","North East (Aberdeen)"
ragin',55.95161335799937,-3.8096676212950573,1664831717,764,1991,31,Female,Y,383,Slamannan, Falkirk,FK1,"Stirling and Falkirk"
ragin',56.07636420381827,-3.864177988559946,1664831820,765,1984,38,Female,Y,464,"Stirling (south and east: Braehead, Borestone, Broomridge, Torbrex)",Stirlingshire,FK7,"Stirling and Falkirk"
ragin',56.03827546018615,-4.712326964900813,1664831936,766,1964,58,Male,Y,566,Helensburgh,"Argyll and Bute",G84,"Argyll and Bute"
ragin',57.62505626691801,-5.668549834086946,1664832551,770,1976,46,Female,Y,719,Gairloch,Highland,IV21,"Highlands (Inverness)"
ragin',55.757818820173135,-4.210745909177011,1664832575,768,1984,38,Female,Y,534,"East Kilbride (south: Hairmyres, Westwood, The Murray, Murray East, Whitehills, Greenhill, Newlandsmuir, Gardenhall, Crosshouse, Newlands, Lindsayfield, Mossneuk)","South Lanarkshire",G75,Glasgow
ragin',56.57704356159262,-2.8974312305990337,1664832659,771,1981,41,Male,Y,179,Forfar,Angus,DD8,"Tayside and Angus (Dundee)"
ragin',57.19319635391036,-5.927643975146154,1664833391,774,1966,56,Female,Y,759,"Broadford, Isle of Skye",Highland,IV49,"Highlands (Inverness)"
ragin',55.807330484995745,-4.070258211328876,1664833617,775,1977,45,Male,Y,526,Viewpark,"North Lanarkshire",G71,Glasgow
ragin',57.17468033212378,-5.963701004635534,1664833643,774,1966,56,Female,Y,759,"Broadford, Isle of Skye",Highland,IV49,"Highlands (Inverness)"
ragin',55.79250663828711,-3.9485103459500888,1664833654,776,2003,19,Female,Y,1151,Motherwell,"North Lanarkshire",ML1,Glasgow
ragin',57.01070963011264,-2.462594480326793,1664833840,773,1960,62,Female,N,22,Banchory,Aberdeenshire,AB31,"North East (Aberdeen)"
ragin',55.77854635578407,-4.0505454819519375,1664834359,779,2003,19,Female,Y,1183,Hamilton,"South Lanarkshire",ML3,Glasgow
ragin',55.87706845472699,-4.3457160437380935,1664834524,780,1987,35,Female,Y,641,"Knightswood, Glasgow",Glasgow,"Glasgow Northwest",Glasgow
ragin',55.57829936961297,-4.440036136896971,1664835199,782,1988,34,Male,Y,779,"Kilmarnock (centre and south: Bonnyton, Grange, Bellfield, Shortlees, Caprington, Riccarton, Hurlford)","East Ayrshire",KA1,Ayrshire
ragin',55.849233976078274,-4.358928230642453,1664839585,789,1971,51,Male,Y,672,"Govan, Glasgow",Glasgow,"Glasgow Southwest",Glasgow
ragin',55.78278192685634,-4.740130781471507,1664839882,790,2004,18,Male,Y,817,Kilbirnie,"North Ayrshire",KA25,Ayrshire
ragin',55.84447688970087,-4.3298686349394435,1664840052,791,1979,43,Female,Y,664,"Toryglen, Glasgow",Glasgow,"Glasgow Southwest",Glasgow
ragin',55.86028742560336,-3.121701952791632,1664840974,793,1965,57,Male,Y,328,Bonnyrigg,Midlothian,EH19,"Lothian (Edinburgh)"
ragin',55.83229777328291,-3.188392753995655,1664847531,797,1980,42,Male,Y,341,Bilston,Midlothian,EH25,"Lothian (Edinburgh)"
ragin',56.14664761364979,-3.9072590700752494,1664848804,798,2004,18,Female,School,479,"Stirling (north: Causewayhead, Cornton)",Stirlingshire,FK9,"Stirling and Falkirk"
ragin',56.89080178102685,-3.2032173589962745,1664851031,799,1953,69,Female,Y,181,Kirriemuir,Angus,DD8,"Tayside and Angus (Dundee)"
ragin',56.66472577526913,-2.7563612604567727,1664851635,799,1953,69,Female,Y,181,Kirriemuir,Angus,DD8,"Tayside and Angus (Dundee)"
ragin',56.67493304311722,-2.686458484422378,1664862871,802,1972,50,Female,Y,179,Forfar,Angus,DD8,"Tayside and Angus (Dundee)"
ragin',55.92329092658803,-4.2018704705751935,1664864646,804,1978,44,Male,Y,502,Bishopbriggs,"East Dunbartonshire",G64,Glasgow
ragin',56.48114615978341,-2.9762059437859434,1664864970,806,1956,66,Female,Y,234,"Baxter Park, Dundee",Dundee,"Dundee Bluebelt","Tayside and Angus (Dundee)"
ragin',56.4684113368851,-3.003353328596985,1664866415,809,1971,51,Female,Y,237,"Blackness, Dundee",Dundee,"Dundee Central","Tayside and Angus (Dundee)"
ragin',57.61947617752308,-4.187688718501536,1664866428,808,1983,39,Female,Y,700,Fortrose,Highland,IV10,"Highlands (Inverness)"
ragin',57.69314154908956,-3.2908749846199137,1664866676,811,1961,61,Female,Y,738,Lossiemouth,Moray,IV31,"North East (Aberdeen)"
ragin',55.92082235095002,-4.490152576315685,1664866839,812,1970,52,Female,Y,1292,Bishopton,Renfrewshire,PA7,Glasgow
ragin',55.82627404040122,-4.296232548845149,1664867307,813,1957,65,Male,N,656,"Croftfoot, Glasgow",Glasgow,"Glasgow South",Glasgow
ragin',55.95156328664884,-3.170148594125558,1664867447,815,1958,64,Male,N,272,"New Town, Edinburgh",Edinburgh,"Edinburgh Central","Lothian (Edinburgh)"
ragin',55.90497587183509,-4.268722793026842,1664867899,817,1962,60,Male,N,481,"Lambhill, Glasgow",Glasgow,G23,Glasgow
ragin',59.07831027385829,-2.685105099275108,1664869212,824,1987,35,Male,Y,1025,"Orkney Islands",Orkney,KW17,"Orkney Islands"
ragin',55.95141131024082,-3.591707433732357,1664869226,825,1980,42,Female,Y,369,Linlithgow,"West Lothian",EH49,"Lothian (Edinburgh)"
ragin',57.16549267751051,-2.1197544116966016,1664869793,827,1947,75,Female,Y,107,"Rosemount, Aberdeen",Aberdeen,"Aberdeen Central","North East (Aberdeen)"
ragin',55.9579769179,-3.902212008132707,1664870093,822,1992,30,Male,Y,514,"Cumbernauld (south: Condorrat, Lenziemill, Carbrain, Kildrum, Cumbernauld Village, Abronhill, Seafar)","North Lanarkshire",G67,Glasgow
ragin',55.879964188288135,-4.858564567096856,1664870384,830,1982,40,Male,Y,1234,"Wemyss Bay",Inverclyde,PA18,Glasgow
ragin',56.04679972647464,-4.713175775763391,1664870391,829,1972,50,Male,N,566,Helensburgh,"Argyll and Bute",G84,"Argyll and Bute"
ragin',57.50354477321187,-2.1838304541092883,1664870451,835,1987,35,Male,Y,78,Turriff,Aberdeenshire,AB53,"North East (Aberdeen)"
ragin',55.863646072315596,-3.346004539161613,1664870461,836,1998,24,Male,Y,319,"Blackford, Edinburgh",Edinburgh,"Edinburgh South","Lothian (Edinburgh)"
ragin',55.92198035040764,-3.9289923185195663,1664870476,833,1966,56,Male,Y,1192,Airdrie,"North Lanarkshire",ML6,Glasgow
ragin',56.48033851856623,-2.9970686251314076,1664870493,834,1974,48,Male,N,232,"Craigiebank, Dundee",Dundee,"Dundee Bluebelt","Tayside and Angus (Dundee)"
ragin',56.47679964363073,-2.971183082411067,1664870530,831,2004,18,Male,School,244,"Stobswell, Dundee",Dundee,"Dundee Central","Tayside and Angus (Dundee)"
ragin',55.99622083865931,-3.5233017687190245,1664870637,845,1998,24,Male,Y,369,Linlithgow,"West Lothian",EH49,"Lothian (Edinburgh)"
ragin',54.65808268159937,-4.893632550512564,1664870680,846,1984,38,Male,Y,231,Stranraer,"Dumfries and Galloway",DG9,"Dumfries and Galloway"
ragin',55.86394327718599,-4.117757197794115,1664870723,854,1979,43,Male,Y,598,Rutherglen,"South Lanarkshire","Glasgow Northeast",Glasgow
ragin',55.8282717141842,-4.325172195001662,1664870746,847,1977,45,Female,Y,648,"Shawlands, Glasgow",Glasgow,"Glasgow South",Glasgow
ragin',56.00832384878177,-3.6979160194912906,1664870775,844,1971,51,Male,N,439,Grangemouth,Falkirk,FK3,"Stirling and Falkirk"
ragin',55.84173591970158,-2.9119005104563582,1664870818,852,1971,51,Female,Y,353,Pathhead,Midlothian,EH37,"Lothian (Edinburgh)"
ragin',56.770448863506644,-5.161913356183079,1664870919,857,1960,62,Female,Y,1377,"Fort William",Highland,PH33,"Highlands (Inverness)"
ragin',55.88355458200053,-3.7189854146686567,1664871012,858,1984,38,Female,Y,368,Bathgate,"West Lothian",EH48,"Lothian (Edinburgh)"
ragin',55.97208409268679,-4.416662517167972,1664871042,855,1954,68,Male,Y,546,Clydebank,"West Dunbartonshire",G81,Glasgow
ragin',55.90439724766263,-4.22571671946728,1664871044,861,1990,32,Male,Y,503,Torrance,"East Dunbartonshire",G64,Glasgow
ragin',56.481909573026705,-3.0189918216958738,1664871071,864,1977,45,Male,Y,238,"Menzieshill, Dundee",Dundee,"Dundee Central","Tayside and Angus (Dundee)"
ragin',56.48655885473731,-2.8940141221806917,1664871145,866,1956,66,Male,Y,255,"Fintry, Dundee",Dundee,"Dundee North","Tayside and Angus (Dundee)"
ragin',55.95174094366731,-3.896307019728682,1664871172,870,1993,29,Male,Y,514,"Cumbernauld (south: Condorrat, Lenziemill, Carbrain, Kildrum, Cumbernauld Village, Abronhill, Seafar)","North Lanarkshire",G67,Glasgow
ragin',56.369239335178435,-3.008898194502935,1664871199,868,1992,30,Female,Y,1105,Cupar,Fife,KY15,Fife
ragin',56.46028520936056,-2.9989659213810707,1664871227,872,1986,36,Male,Y,261,"Westend, Dundee",Dundee,"Dundee West","Tayside and Angus (Dundee)"
ragin',55.9659424176778,-3.509280501762004,1664871240,865,1998,24,Male,Y,369,Linlithgow,"West Lothian",EH49,"Lothian (Edinburgh)"
ragin',56.46192919966858,-3.0153535012664188,1664871255,871,1994,28,Male,Y,261,"Westend, Dundee",Dundee,"Dundee West","Tayside and Angus (Dundee)"
ragin',55.578380770715114,-4.2161046607490995,1664871507,877,1974,48,Male,Y,796,Darvel,"East Ayrshire",KA17,Ayrshire
ragin',55.76362297029498,-3.8109311821724714,1664871514,876,1997,25,Male,Y,1212,Carluke,"South Lanarkshire",ML8,Glasgow
ragin',55.68899155986648,-4.3684906311483545,1664871607,881,1999,23,Male,Y,837,"Kilmarnock (north: Onthank, Townholm, Altonhill, Longpark, Beansburn, New Farm Loch, Knockinlaw, Hillhead, Crookedholm)","East Ayrshire",KA3,Ayrshire
ragin',55.55187164367738,-4.619214097115283,1664871613,879,1978,44,Female,Y,784,Troon,"South Ayrshire",KA10,Ayrshire
ragin',56.204927338749336,-3.737670658584808,1664871697,885,1996,26,Male,Y,401,Powmill,"Perth and Kinross",FK14,"Stirling and Falkirk"
ragin',55.898756816111266,-4.299699492001069,1664871745,888,1988,34,Female,Y,620,"Mount Vernon, Glasgow",Glasgow,"Glasgow Northeast",Glasgow
ragin',56.47274714976123,-2.990498249858183,1664871780,887,1989,33,Male,N,243,"Hilltown, Dundee",Dundee,"Dundee Central","Tayside and Angus (Dundee)"
ragin',55.9277587736581,-4.205691645485118,1664871790,883,1969,53,Male,Y,502,Bishopbriggs,"East Dunbartonshire",G64,Glasgow
ragin',56.471512300337224,-2.9887684016981657,1664871820,884,1971,51,Male,Y,244,"Stobswell, Dundee",Dundee,"Dundee Central","Tayside and Angus (Dundee)"
ragin',56.57995763983899,-2.8847372925861654,1664871880,886,1974,48,Male,Y,181,Kirriemuir,Angus,DD8,"Tayside and Angus (Dundee)"
ragin',56.09677226459781,-3.595844557388222,1664871893,891,1992,30,Female,Y,1096,"Dunfermline (centre, north, west: Abbey Parks, Lady's Mill, Garvock, Headwell, Kingseathill, Wellwood, Milesmark, Baldridge, Pittencrieff, Baldridgeburn)",Fife,KY12,Fife
ragin',55.834160121813916,-4.330963699014062,1664872019,894,1975,47,Female,N,678,"Cardonald, Glasgow",Glasgow,"Glasgow Southwest",Glasgow
ragin',55.94451418535424,-3.1276964913376735,1664872079,895,1985,37,Male,Y,281,"Portobello, Edinburgh",Edinburgh,"Edinburgh Duddingston","Lothian (Edinburgh)"
ragin',55.937353831169936,-3.7325486811579003,1664872096,896,1995,27,Female,Y,377,"Falkirk (centre and south: Arnothill, Bantaskin, Callendar Park, Glen Village, Hallglen, Lionthorn, Tamfourhill, Woodlands)",Falkirk,FK1,"Stirling and Falkirk"
ragin',55.88779465301756,-4.398988429103518,1664872097,890,1961,61,Male,N,1264,Renfrew,Renfrewshire,PA4,Glasgow
ragin',55.896596067038715,-4.449065957857869,1664872176,899,1971,51,Male,Y,1306,Erskine,Renfrewshire,PA8,Glasgow
ragin',56.28646306858773,-4.173179140202354,1664872176,897,1994,28,Female,Y,410,Callander,Stirlingshire,FK17,"Stirling and Falkirk"
ragin',55.95372860659648,-4.396181536521608,1664872178,898,1991,31,Female,Y,546,Clydebank,"West Dunbartonshire",G81,Glasgow
ragin',55.82195234635968,-4.164070053432838,1664872261,902,1995,27,Male,Y,529,Cambuslang,"South Lanarkshire",G72,Glasgow
ragin',58.61158320492081,-3.3195999029090197,1664872344,903,1989,33,Male,Y,961,Thurso,Highland,KW14,"Highlands (Inverness)"
ragin',55.86656763422244,-2.1255203947281505,1664872375,900,1969,53,Female,Y,1428,Ayton,"Scottish Borders",TD14,Borders
ragin',56.15316535678197,-3.7553033862323626,1664872389,904,2003,19,Male,N,393,Alva,Clackmannanshire,FK12,"Stirling and Falkirk"
ragin',55.940021248581516,-4.7124647659359855,1664872481,907,1951,71,Female,N,1230,"Greenock (central and east: Bogston, Bridgend, Cartsdyke, Gibshill, Greenock Central, Ladyburn, Upper Ingleston)",Inverclyde,PA15,Glasgow
ragin',57.35575724749224,-2.3433242063922153,1664872495,906,1986,36,Male,Y,64,Inverurie,Aberdeenshire,AB51,"North East (Aberdeen)"
ragin',55.65635392054103,-4.396891301157191,1664872638,912,1984,38,Male,Y,837,"Kilmarnock (north: Onthank, Townholm, Altonhill, Longpark, Beansburn, New Farm Loch, Knockinlaw, Hillhead, Crookedholm)","East Ayrshire",KA3,Ayrshire
ragin',55.8455619534848,-4.308309536524557,1664872734,914,1966,56,Other,Y,647,"Pollokshields, Glasgow",Glasgow,"Glasgow South",Glasgow
ragin',55.86582654728357,-4.1328369398162055,1664872773,915,1977,45,Female,Y,615,"Bridgeton, Glasgow",Glasgow,"Glasgow Northeast",Glasgow
ragin',55.6098591335494,-4.102641936312861,1664872779,919,1989,33,Male,Y,1160,Strathaven,"North Lanarkshire",ML10,Glasgow
ragin',55.79940885699474,-4.479954174513615,1664872782,918,1980,42,Male,N,1236,"Paisley (south: Blackhall, Castlehead, Dykebar, Foxbar, Hunterhill, Meikleriggs)",Renfrewshire,PA2,Glasgow
ragin',56.05519890773041,-2.7063439685059203,1664872835,917,1958,64,Male,Y,355,"North Berwick","East Lothian",EH39,"Lothian (Edinburgh)"
ragin',56.41622879674524,-2.9387958359520723,1664872906,916,1991,31,Other,Y,175,Newport-on-Tay,Fife,DD6,"Tayside and Angus (Dundee)"
ragin',58.10756838165021,-6.639133444777862,1664873038,923,1997,25,Male,Y,688,"Isle of Lewis","Western Isles (outside of Stornoway)",HS2,"Western Isles"
ragin',56.132793625725185,-3.962654101941797,1664873054,922,1958,64,Male,Y,477,"Bridge of Allan",Stirlingshire,FK9,"Stirling and Falkirk"
ragin',57.28137663068841,-2.531643943296731,1664873106,926,1976,46,Male,N,64,Inverurie,Aberdeenshire,AB51,"North East (Aberdeen)"
ragin',56.46883562512479,-2.8811272389665117,1664873150,925,1990,32,Male,Y,247,"Broughty Ferry, Dundee",Dundee,"Dundee East","Tayside and Angus (Dundee)"
ragin',55.89380044754876,-3.6848968434714786,1664873227,928,1979,43,Male,Y,367,Armadale,"West Lothian",EH48,"Lothian (Edinburgh)"
ragin',56.137612267246965,-3.780934288998445,1664873522,930,1956,66,Female,N,391,Alloa,Clackmannanshire,FK10,"Stirling and Falkirk"
ragin',55.880114732846884,-4.466832646500409,1664873527,929,1989,33,Female,Y,1264,Renfrew,Renfrewshire,PA4,Glasgow
ragin',57.51522152857474,-1.9392175038124693,1664873592,932,1991,31,Female,Y,54,Peterhead,Aberdeenshire,AB42,"North East (Aberdeen)"
ragin',55.97221767335751,-3.1726182012852577,1664873660,933,1997,25,Male,Y,285,"Leith, Edinburgh",Edinburgh,"Edinburgh Leith","Lothian (Edinburgh)"
ragin',55.53324544448786,-3.4527025733042787,1664873686,937,2000,22,Other,Y,1170,Biggar,"South Lanarkshire",ML12,Glasgow
ragin',57.456342845619716,-4.312138227324341,1664873715,939,1982,40,Male,Y,736,"Inverness (west: Ballifeary, Balnafettack, Clachnaharry, Dalneigh, Kinmylies, Leachkin, Merkinch, Muirtown, South Kessock)",Highland,IV3,"Highlands (Inverness)"
ragin',55.67542579290632,-4.6557735003517555,1664873808,938,1993,29,Male,Y,788,Kilwinning,"North Ayrshire",KA13,Ayrshire
ragin',60.602245274302064,-0.865181829605004,1664873814,940,1995,27,Male,Y,1555,Hamnavoe,"Shetland Isles",ZE2,"Shetland Islands"
ragin',55.96807673102753,-4.4779628754904355,1664873998,941,1987,35,Male,Y,549,Dumbarton,"West Dunbartonshire",G82,Glasgow
ragin',56.4756166360569,-3.0086037139444897,1664874091,945,1987,35,Male,N,243,"Hilltown, Dundee",Dundee,"Dundee Central","Tayside and Angus (Dundee)"
ragin',57.480726914494376,-3.6458282448461317,1664874130,949,1992,30,Female,Y,740,Forres,Moray,IV36,"North East (Aberdeen)"
ragin',55.88824835181426,-4.001490575455893,1664874151,950,1992,30,Female,Y,1192,Airdrie,"North Lanarkshire",ML6,Glasgow
ragin',56.4699106476531,-2.925791298939279,1664874302,947,1980,42,Male,N,255,"Fintry, Dundee",Dundee,"Dundee North","Tayside and Angus (Dundee)"
ragin',55.844814771542104,-4.476637700003539,1664874358,956,1994,28,Male,Y,1220,"Paisley (central, east and north east: Ferguslie, Oldhall, Seedhill, Williamsburgh, Whitehaugh)",Renfrewshire,PA1,Glasgow
ragin',56.085559813316905,-3.830435663928665,1664874518,959,1999,23,Female,Y,420,Carron,Falkirk,FK2,"Stirling and Falkirk"
ragin',55.588504008400214,-4.585687903160945,1664874548,964,1995,27,Male,N,808,Crosshouse,"East Ayrshire",KA2,Ayrshire
ragin',56.119426738951496,-4.553136742025936,1664874580,962,1966,56,Male,Y,494,Blanefield,Stirlingshire,G63,"Stirling and Falkirk"
ragin',57.69343379932688,-3.2444210752005427,1664874599,965,1976,46,Male,N,737,Elgin,Moray,IV30,"North East (Aberdeen)"
ragin',57.533401494299774,-4.041994826283203,1664874643,954,1996,26,Male,Y,714,"Inverness (east: Culcabock, Crown, Culduthel, Drummond, Haugh, Hilton, Holm, Lochardil, Millburn, Raigmore)",Highland,IV2,"Highlands (Inverness)"
ragin',56.84467011476707,-2.698245358289973,1664874691,967,1984,38,Male,N,182,Brechin,Angus,DD9,"Tayside and Angus (Dundee)"
ragin',57.31929186245592,-2.255436505686483,1664874731,973,1989,33,Female,Y,113,"Bridge of Don, Aberdeen",Aberdeen,"Aberdeen North","North East (Aberdeen)"
ragin',57.01055054452348,-2.3444412692030068,1664874817,977,1991,31,Female,Y,48,Stonehaven,Aberdeenshire,AB39,"North East (Aberdeen)"
ragin',55.78833789226749,-4.102143503448426,1664874828,975,1985,37,Male,Y,528,Blantyre,"South Lanarkshire",G72,Glasgow
ragin',55.73378880653061,-4.043732149159591,1664874879,979,1961,61,Female,Y,1183,Hamilton,"South Lanarkshire",ML3,Glasgow
ragin',57.13219862593611,-2.078453852787829,1664874889,981,1961,61,Female,Y,127,"Torry, Aberdeen",Aberdeen,"Aberdeen Southeast","North East (Aberdeen)"
ragin',55.98859429267724,-3.880800916931097,1664874920,974,2001,21,Female,N,441,Bonnybridge,Falkirk,FK4,"Stirling and Falkirk"
ragin',55.91652471243128,-4.054148321507011,1664874936,984,1980,42,Male,Y,514,"Cumbernauld (south: Condorrat, Lenziemill, Carbrain, Kildrum, Cumbernauld Village, Abronhill, Seafar)","North Lanarkshire",G67,Glasgow
ragin',55.96544242360375,-3.133110643760357,1664874968,983,1969,53,Female,N,283,"Craigentinny, Edinburgh",Edinburgh,"Edinburgh Duddingston","Lothian (Edinburgh)"
ragin',56.46820408756679,-2.9074466205920886,1664874982,982,1989,33,Female,Y,247,"Broughty Ferry, Dundee",Dundee,"Dundee East","Tayside and Angus (Dundee)"
ragin',55.863946257955824,-3.397374874902984,1664875046,985,1972,50,Male,Y,311,"Currie, Edinburgh",Edinburgh,"Edinburgh South","Lothian (Edinburgh)"
ragin',58.09601381751926,-3.981158913945915,1664875064,988,1998,24,Male,Y,1071,Brora,Highland,KW9,"Highlands (Inverness)"
ragin',55.05013865651833,-4.3019703209070554,1664875195,994,1979,43,Male,N,220,"Castle Douglas","Dumfries and Galloway",DG7,"Dumfries and Galloway"
ragin',57.47088467852281,-1.8298111591729471,1664875206,995,1989,33,Male,N,54,Peterhead,Aberdeenshire,AB42,"North East (Aberdeen)"
ragin',55.94315226697558,-4.337817268460977,1664875370,999,1983,39,Female,Y,489,Milngavie,"East Dunbartonshire",G62,Glasgow
ragin',55.91749889173001,-4.578582964852951,1664875390,998,1986,36,Male,N,1229,"Port Glasgow",Inverclyde,PA14,Glasgow
ragin',56.475181921627865,-3.0182944156489486,1664875413,1000,1969,53,Male,N,242,"St Marys, Dundee",Dundee,"Dundee Central","Tayside and Angus (Dundee)"
ragin',56.081636593148254,-3.219186362876946,1664875512,1004,1970,52,Female,N,1117,"Kirkcaldy (west: Hayfield, Templehall, Newliston, Chapel, Dunnikier, Bennochy)",Fife,KY2,Fife
ragin',57.17386367330641,-2.1880467665019636,1664875530,1001,1954,68,Female,N,109,"Hazelhead, Aberdeen",Aberdeen,"Aberdeen North","North East (Aberdeen)"
ragin',56.05606393279008,-3.9859206282737683,1664875585,1008,1991,31,Female,Y,457,Bannockburn,Stirlingshire,FK7,"Stirling and Falkirk"
ragin',55.89695517057563,-4.3453432095772015,1664875599,996,1956,66,Male,Y,642,"Yoker, Glasgow",Glasgow,"Glasgow Northwest",Glasgow
ragin',56.39915391119317,-2.824962142055861,1664875609,1006,1961,61,Female,Y,1114,"St Andrews",Fife,KY16,Fife
ragin',56.2361809368773,-3.2354330725096356,1664875673,1011,1979,43,Male,Y,1129,"Glenrothes (west: Caskieberran, Rimbleton, Macedonia, Tanshall)",Fife,KY6,Fife
ragin',55.85609760438058,-3.0918075313874267,1664875676,1010,1997,25,Male,Y,328,Bonnyrigg,Midlothian,EH19,"Lothian (Edinburgh)"
ragin',57.5942568742444,-3.554153443912994,1664875683,1009,1992,30,Female,Y,740,Forres,Moray,IV36,"North East (Aberdeen)"
ragin',55.876341562296304,-3.30738663107729,1664875690,1013,2008,14,Male,School,316,"Bruntsfield, Edinburgh",Edinburgh,"Edinburgh South","Lothian (Edinburgh)"
ragin',57.111716789009286,-2.238400098224997,1664875732,1017,1996,26,Male,Y,128,"Mannofield, Aberdeen",Aberdeen,"Aberdeen Southwest","North East (Aberdeen)"
ragin',55.98184393322578,-3.5102506812905676,1664875748,1016,1991,31,Other,Y,369,Linlithgow,"West Lothian",EH49,"Lothian (Edinburgh)"
ragin',56.46622653987765,-2.9762827876708386,1664875767,1022,1973,49,Male,N,244,"Stobswell, Dundee",Dundee,"Dundee Central","Tayside and Angus (Dundee)"
ragin',57.44678718627603,-1.8411385155502067,1664875777,1015,1981,41,Male,Y,54,Peterhead,Aberdeenshire,AB42,"North East (Aberdeen)"
ragin',56.01427314599413,-3.9748824983558317,1664875799,1024,1977,45,Male,Y,452,Denny,Falkirk,FK6,"Stirling and Falkirk"
ragin',55.97386488539503,-3.2180804617494525,1664875832,1020,1958,64,Female,Y,279,"Clermiston and Drumbrae, Edinburgh",Edinburgh,"Edinburgh Clermiston Granton","Lothian (Edinburgh)"
ragin',55.352900150637254,-3.084704689926166,1664875860,1018,1968,54,Male,N,1493,Hawick,"Scottish Borders",TD9,Borders
ragin',57.2762720914154,-7.23019589321696,1664875921,1023,1978,44,Female,Y,695,"Isle of South Uist","Western Isles",HS8,"Western Isles"
ragin',57.59793408479438,-2.7307333482724494,1664875935,1029,1971,51,Male,Y,62,Portsoy,Aberdeenshire,AB45,"North East (Aberdeen)"
ragin',55.95728134023102,-4.276308082635334,1664875967,1027,1994,28,Male,N,489,Milngavie,"East Dunbartonshire",G62,Glasgow
ragin',55.85927685195641,-4.004439034020284,1664875988,1036,1964,58,Male,N,1190,Glenboig,"North Lanarkshire",ML5,Glasgow
ragin',55.95868175725591,-4.0341413702049795,1664875995,1025,1994,28,Male,Y,506,Kilsyth,"North Lanarkshire",G65,Glasgow
ragin',55.819140077015696,-4.321710808663245,1664875998,1039,1992,30,Male,Y,645,Clarkston,"East Renfrewshire","Glasgow South",Glasgow
ragin',55.8459644048894,-4.156907207375916,1664876007,1040,1961,61,Female,Y,628,"Balornock, Glasgow",Glasgow,"Glasgow Northeast",Glasgow
ragin',55.92676482179806,-3.2243695173911107,1664876034,1042,1950,72,Male,N,308,"Liberton, Edinburgh",Edinburgh,"Edinburgh South","Lothian (Edinburgh)"
ragin',55.90232121452796,-3.333053066453794,1664876052,1044,1990,32,Male,Y,309,"Cameron Toll, Edinburgh",Edinburgh,"Edinburgh South","Lothian (Edinburgh)"
ragin',56.099272337507216,-3.7485056417147082,1664876062,1038,1968,54,Male,Y,391,Alloa,Clackmannanshire,FK10,"Stirling and Falkirk"
ragin',55.95510692103912,-3.8333050806999927,1664876067,1032,2001,21,Male,N,377,"Falkirk (centre and south: Arnothill, Bantaskin, Callendar Park, Glen Village, Hallglen, Lionthorn, Tamfourhill, Woodlands)",Falkirk,FK1,"Stirling and Falkirk"
ragin',55.85758220589574,-3.9701449682808336,1664876068,1034,1962,60,Male,N,1192,Airdrie,"North Lanarkshire",ML6,Glasgow
ragin',56.06872429056698,-4.799330924656099,1664876081,1045,1976,46,Male,Y,567,Kilcreggan,"Argyll and Bute",G84,"Argyll and Bute"
ragin',55.9472995063727,-3.0986642000107736,1664876109,1043,1957,65,Female,Y,281,"Portobello, Edinburgh",Edinburgh,"Edinburgh Duddingston","Lothian (Edinburgh)"
ragin',55.93870632019017,-4.414003242963795,1664876114,1049,1994,28,Male,Y,546,Clydebank,"West Dunbartonshire",G81,Glasgow
ragin',55.8393050490699,-5.07415064910154,1664876138,1014,1972,50,Male,Y,1237,"Isle of Bute","Argyll and Bute",PA20,"Argyll and Bute"
ragin',55.80774210877016,-4.251252528487876,1664876163,1055,1991,31,Male,Y,655,"Simshill, Glasgow",Glasgow,"Glasgow South",Glasgow
ragin',56.347354143760555,-3.2574008261467444,1664876218,1056,1970,52,Male,Y,1102,Newburgh,Fife,KY14,Fife
ragin',55.843116384305176,-4.241590617674184,1664876232,1057,2002,20,Other,School,672,"Govan, Glasgow",Glasgow,"Glasgow Southwest",Glasgow
ragin',55.11874397728269,-3.6382279261264636,1664876288,1058,1954,68,Male,N,207,"Dumfries (west: Broomlands, Cargenbridge, Lochside, Maxwelltown, Troqueer)","Dumfries and Galloway",DG2,"Dumfries and Galloway"
ragin',55.83407884104188,-3.909081303050611,1664876336,1062,1994,28,Male,N,1150,Holytown,"North Lanarkshire",ML1,Glasgow
ragin',55.822408837019445,-4.620167380419189,1664876420,1069,1965,57,Male,Y,1222,Kilbarchan,Renfrewshire,PA10,Glasgow
ragin',55.72448608682222,-3.4822483143975616,1664876434,1070,1968,54,Male,N,1167,Lanark,"South Lanarkshire",ML11,Glasgow
ragin',58.18094835930068,-4.884000246498202,1664876443,1064,1950,72,Male,Y,729,Lairg,Highland,IV27,"Highlands (Inverness)"
ragin',56.09001242097123,-3.746747688489363,1664876448,1066,1999,23,Male,N,391,Alloa,Clackmannanshire,FK10,"Stirling and Falkirk"
ragin',56.024146322027924,-3.4170214147731417,1664876477,1076,1989,33,Male,Y,1090,"Dunfermline (south and east: Halbeath, Touch, Duloch, Masterton, Pitcorthie, Abbeyview, Brucefield, Hospital Hill, Camdean, Pitreavie)",Fife,KY11,Fife
ragin',55.82905571890671,-4.1668089773877774,1664876496,1073,1972,50,Male,Y,619,"Tollcross, Glasgow",Glasgow,"Glasgow Northeast",Glasgow
ragin',56.0752461445213,-4.117147667750642,1664876559,1078,1985,37,Female,Y,457,Bannockburn,Stirlingshire,FK7,"Stirling and Falkirk"
ragin',55.909050988557205,-4.53135758675306,1664876577,1074,1971,51,Female,Y,1292,Bishopton,Renfrewshire,PA7,Glasgow
ragin',58.58836098440944,-3.463706597833584,1664876592,1077,1985,37,Female,Y,954,Scarfskerry,Highland,KW14,"Highlands (Inverness)"
ragin',55.83199600593612,-3.951298006933699,1664876592,1081,1995,27,Female,Y,1151,Motherwell,"North Lanarkshire",ML1,Glasgow
ragin',55.82009536110464,-4.365323805028348,1664876611,1080,1988,34,Male,Y,661,"Govanhill, Glasgow",Glasgow,"Glasgow Southwest",Glasgow
ragin',57.44924795667416,-4.130745449268086,1664876680,1068,1984,38,Male,N,714,"Inverness (east: Culcabock, Crown, Culduthel, Drummond, Haugh, Hilton, Holm, Lochardil, Millburn, Raigmore)",Highland,IV2,"Highlands (Inverness)"
ragin',56.69284656890558,-3.1771692853450295,1664876720,1087,1969,53,Male,N,181,Kirriemuir,Angus,DD8,"Tayside and Angus (Dundee)"
ragin',55.94306272231008,-3.268033307585986,1664876731,1084,1978,44,Female,Y,294,"Stockbridge, Edinburgh",Edinburgh,"Edinburgh North","Lothian (Edinburgh)"
ragin',55.898583315210345,-4.498226571498148,1664876734,1074,1971,51,Female,Y,1292,Bishopton,Renfrewshire,PA7,Glasgow
ragin',55.83508305209685,-3.800068028468442,1664876749,1089,1982,40,Male,Y,1206,Harthill,"North Lanarkshire",ML7,Glasgow
ragin',56.479865928773755,-4.0571668976630235,1664876778,1092,1992,30,Female,Y,1327,Aberfeldy,"Perth and Kinross",PH15,Fife
ragin',55.77685304455542,-3.922828389353789,1664876806,1094,1990,32,Male,Y,1180,Wishaw,"North Lanarkshire",ML2,Glasgow
ragin',56.475767388673866,-2.9330823658904617,1664876839,1096,1970,52,Male,Y,256,"Whitfield, Dundee",Dundee,"Dundee North","Tayside and Angus (Dundee)"
ragin',56.485685584608625,-2.954528752141412,1664876842,1098,1983,39,Female,Y,254,"Douglas, Dundee",Dundee,"Dundee North","Tayside and Angus (Dundee)"
ragin',56.02705256073526,-3.7590811671570314,1664876843,1097,1987,35,Male,Y,425,Polmont, Falkirk,FK2,"Stirling and Falkirk"
ragin',55.438264801932554,-4.663813613881909,1664876913,1102,1968,54,Female,N,856,"Ayr (Centre)","South Ayrshire",KA7,Ayrshire
ragin',55.68045996542908,-4.83408214902587,1664877012,1100,1976,46,Female,Y,813,Ardrossan,"North Ayrshire",KA22,Ayrshire
ragin',56.026764074429416,-4.925239400471882,1664877051,1106,1970,52,Male,N,1241,Dunoon,"Argyll and Bute",PA23,"Argyll and Bute"
ragin',55.913050916065956,-4.446211203033684,1664877051,1104,1972,50,Female,N,546,Clydebank,"West Dunbartonshire",G81,Glasgow
ragin',57.27584403388513,-2.0234109584744275,1664877088,77,1976,46,Female,N,113,"Bridge of Don, Aberdeen",Aberdeen,"Aberdeen North","North East (Aberdeen)"
ragin',55.756954686868816,-3.884727600447069,1664877138,1101,1993,29,Male,Y,1212,Carluke,"South Lanarkshire",ML8,Glasgow
ragin',55.93697596433337,-3.9175343400698597,1664877144,1108,1994,28,Male,Y,377,"Falkirk (centre and south: Arnothill, Bantaskin, Callendar Park, Glen Village, Hallglen, Lionthorn, Tamfourhill, Woodlands)",Falkirk,FK1,"Stirling and Falkirk"
ragin',57.1474732657314,-2.163243655625226,1664877191,1113,1973,49,Male,Y,107,"Rosemount, Aberdeen",Aberdeen,"Aberdeen Central","North East (Aberdeen)"
ragin',56.13481366184378,-3.5817270153490606,1664877207,1115,1996,26,Male,Y,1096,"Dunfermline (centre, north, west: Abbey Parks, Lady's Mill, Garvock, Headwell, Kingseathill, Wellwood, Milesmark, Baldridge, Pittencrieff, Baldridgeburn)",Fife,KY12,Fife
ragin',55.880736242472715,-4.149717037120342,1664877223,1110,1983,39,Male,Y,623,"Shettleston, Glasgow",Glasgow,"Glasgow Northeast",Glasgow
ragin',57.40247448805293,-4.132688827705811,1664877236,1109,1985,37,Male,Y,714,"Inverness (east: Culcabock, Crown, Culduthel, Drummond, Haugh, Hilton, Holm, Lochardil, Millburn, Raigmore)",Highland,IV2,"Highlands (Inverness)"
ragin',55.96254406522885,-3.217808669356677,1664877308,1119,1969,53,Male,Y,290,"North Leith, Edinburgh",Edinburgh,"Edinburgh North","Lothian (Edinburgh)"
ragin',55.82626876494352,-3.849510137817541,1664877311,1124,1988,34,Male,Y,1151,Motherwell,"North Lanarkshire",ML1,Glasgow
ragin',55.842551740083444,-3.106212892798694,1664877340,1114,1954,68,Male,N,328,Bonnyrigg,Midlothian,EH19,"Lothian (Edinburgh)"
ragin',56.05403889612066,-3.67260282422667,1664877365,1126,1987,35,Male,N,386,Clackmannan,Clackmannanshire,FK10,"Stirling and Falkirk"
ragin',56.01656837909588,-3.7333289796630473,1664877366,1116,1974,48,Male,Y,439,Grangemouth,Falkirk,FK3,"Stirling and Falkirk"
ragin',56.13194676498349,-3.33657359619336,1664877381,1125,1978,44,Female,Y,1121,Cowdenbeath,Fife,KY4,Fife
ragin',55.838245192263315,-4.134909195110949,1664877388,1129,1973,49,Male,N,612,"Easterhouse, Glasgow",Glasgow,"Glasgow Northeast",Glasgow
ragin',55.40894462457146,-4.71445188457767,1664877465,1121,1987,35,Male,N,856,"Ayr (Centre)","South Ayrshire",KA7,Ayrshire
ragin',56.22202700260103,-4.1675203230424165,1664877579,1133,1977,45,Male,Y,410,Callander,Stirlingshire,FK17,"Stirling and Falkirk"
ragin',55.72348563671589,-3.8533842948982295,1664877587,1075,1988,34,Female,Y,1215,Rosebank,"South Lanarkshire",ML8,Glasgow
ragin',55.559905271276634,-4.592633944274339,1664877590,1131,1996,26,Male,Y,808,Crosshouse,"East Ayrshire",KA2,Ayrshire
ragin',55.854331279111726,-3.620117985655963,1664877614,1135,1976,46,Male,N,364,Fauldhouse,"West Lothian",EH47,"Lothian (Edinburgh)"
ragin',57.83037145639486,-3.9408140083245238,1664877647,1137,1983,39,Female,Y,711,Tain,Highland,IV19,"Highlands (Inverness)"
ragin',56.289995652565295,-2.8754544648987954,1664877703,1141,1997,25,Male,Y,1105,Cupar,Fife,KY15,Fife
ragin',55.67006465441419,-4.616348652367813,1664877820,1150,1977,45,Female,Y,788,Kilwinning,"North Ayrshire",KA13,Ayrshire
ragin',55.79843563009113,-4.301077374246258,1664877851,1134,1965,57,Female,Y,660,"Arden, Glasgow",Glasgow,"Glasgow South",Glasgow
ragin',55.893156076508326,-2.538672432659437,1664877888,1151,1979,43,Male,N,1423,Duns,"Scottish Borders",TD11,Borders
ragin',56.20869875182104,-3.1672517141278584,1664877898,1152,1984,38,Female,Y,1133,"Glenrothes (centre and east: Pitteuchar, Finglassie, Stenton, Auchmuty, Pitcoudie, Balfarg, Pircairn, Collydean)",Fife,KY7,Fife
ragin',56.28032563668692,-2.8544723094453124,1664877918,1139,1997,25,Female,Y,1109,Ladybank,Fife,KY15,Fife
ragin',56.441726838407966,-3.463179715160374,1664877966,1154,1967,55,Female,Y,1311,Methven,"Perth and Kinross",PH1,Fife
ragin',55.762226930708024,-3.988286706351704,1664878055,1156,1978,44,Male,N,1183,Hamilton,"South Lanarkshire",ML3,Glasgow
ragin',55.45323280840952,-4.638945622781723,1664878076,1159,1996,26,Male,Y,856,"Ayr (Centre)","South Ayrshire",KA7,Ayrshire
ragin',57.151593793683126,-2.095936975875302,1664878108,1158,1965,57,Male,Y,98,"Northfield, Aberdeen",Aberdeen,"Aberdeen Central","North East (Aberdeen)"
ragin',55.99204355576375,-3.8376131958755617,1664878120,1149,1974,48,Male,N,377,"Falkirk (centre and south: Arnothill, Bantaskin, Callendar Park, Glen Village, Hallglen, Lionthorn, Tamfourhill, Woodlands)",Falkirk,FK1,"Stirling and Falkirk"
ragin',55.95958878918457,-3.144823740381382,1664878175,1035,1998,24,Male,Y,285,"Leith, Edinburgh",Edinburgh,"Edinburgh Leith","Lothian (Edinburgh)"
ragin',56.04469215971871,-3.3834272605908513,1664878203,1165,2000,22,Female,Y,1091,Inverkeithing,Fife,KY11,Fife
ragin',56.4790659506987,-2.8577500697185907,1664878354,989,2003,19,Male,Y,249,Monifieth,Angus,"Dundee East","Tayside and Angus (Dundee)"
ragin',55.729382137668104,-4.166012222587571,1664878439,1174,1975,47,Female,Y,534,"East Kilbride (south: Hairmyres, Westwood, The Murray, Murray East, Whitehills, Greenhill, Newlandsmuir, Gardenhall, Crosshouse, Newlands, Lindsayfield, Mossneuk)","South Lanarkshire",G75,Glasgow
ragin',55.89981585410243,-2.967433639197807,1664878512,1162,1991,31,Male,Y,334,Dalkeith,Midlothian,EH22,"Lothian (Edinburgh)"
ragin',55.88477144670917,-4.3073219746836475,1664878556,1177,1992,30,Male,Y,590,"Hyndland, Glasgow",Glasgow,"Glasgow Kelvin",Glasgow
ragin',57.15741378509435,-2.168022449524027,1664878575,1182,1983,39,Female,Y,104,"Tillydrone, Aberdeen",Aberdeen,"Aberdeen Central","North East (Aberdeen)"
ragin',55.96637672981877,-3.2307487033403044,1664878593,1176,1959,63,Female,Y,287,"Corstorphine, Edinburgh",Edinburgh,"Edinburgh North","Lothian (Edinburgh)"
ragin',59.08850555362855,-2.679018559774993,1664878619,1183,1985,37,Female,Y,986,Backaland,Orkney,KW17,"Orkney Islands"
ragin',57.20420697752586,-2.335720595200749,1664878624,1179,1981,41,Male,Y,113,"Bridge of Don, Aberdeen",Aberdeen,"Aberdeen North","North East (Aberdeen)"
ragin',57.398514025319386,-2.309419546300061,1664878625,1178,1989,33,Female,N,65,Kemnay,Aberdeenshire,AB51,"North East (Aberdeen)"
ragin',55.97492745137406,-4.120632200574768,1664878643,1180,1996,26,Male,Y,507,Kirkintilloch,"East Dunbartonshire",G66,Glasgow
ragin',55.85044890171799,-4.014010569274476,1664878646,1184,1982,40,Male,Y,1189,Coatbridge,"North Lanarkshire",ML5,Glasgow
ragin',55.734238031277684,-2.8846705613334747,1664878665,1172,1990,32,Male,Y,1413,Galashiels,"Scottish Borders",TD1,Borders
ragin',57.55621489899965,-3.643103952817972,1664878675,1185,1991,31,Male,N,740,Forres,Moray,IV36,"North East (Aberdeen)"
ragin',55.50483364664766,-4.542232051744368,1664878717,1188,1995,27,Male,Y,873,Prestwick,"South Ayrshire",KA9,Ayrshire
ragin',55.776184148150044,-3.8177502398976255,1664878846,1175,1997,25,Male,Y,1180,Wishaw,"North Lanarkshire",ML2,Glasgow
ragin',55.78770872009526,-4.148260053054812,1664878886,1192,1951,71,Male,Y,529,Cambuslang,"South Lanarkshire",G72,Glasgow
ragin',55.801392259743636,-3.9580352261062264,1664878892,1195,1992,30,Male,Y,1151,Motherwell,"North Lanarkshire",ML1,Glasgow
ragin',55.50023562784862,-4.551689079407145,1664878894,1196,1986,36,Female,Y,873,Prestwick,"South Ayrshire",KA9,Ayrshire
ragin',57.09389017159867,-2.1881976760406383,1664878926,1197,1984,38,Male,N,11,Kincorth, Aberdeen,AB12,"North East (Aberdeen)"
ragin',55.84719637829466,-4.402009628682281,1664878979,1193,1993,29,Male,Y,1220,"Paisley (central, east and north east: Ferguslie, Oldhall, Seedhill, Williamsburgh, Whitehaugh)",Renfrewshire,PA1,Glasgow
ragin',55.88279938378288,-3.2886936315468374,1664879049,1200,1965,57,Male,Y,320,"Newington, Edinburgh",Edinburgh,"Edinburgh South","Lothian (Edinburgh)"
ragin',56.03033924518267,-3.7979072235519435,1664879069,1202,1974,48,Male,Y,449,Larbert,Falkirk,FK5,"Stirling and Falkirk"
ragin',55.75761061852023,-4.003571340579342,1664879078,1204,1967,55,Female,Y,1183,Hamilton,"South Lanarkshire",ML3,Glasgow
ragin',55.95427838254851,-3.209704671870251,1664879144,1207,1974,48,Female,Y,287,"Corstorphine, Edinburgh",Edinburgh,"Edinburgh North","Lothian (Edinburgh)"
ragin',55.811478445846625,-4.366835631689333,1664879159,1206,1964,58,Female,Y,679,"Pollock, Glasgow",Glasgow,"Glasgow Southwest",Glasgow
ragin',55.836582909684466,-4.092097650720285,1664879176,1210,1991,31,Male,Y,525,Uddingston,"South Lanarkshire",G71,Glasgow
ragin',60.150811976919776,-1.2693503626979727,1664879182,1189,1987,35,Female,Y,1500,Lerwick,"Shetland Isles",ZE1,"Shetland Islands"
ragin',55.840764373958685,-4.298644891949718,1664879196,1215,1997,25,Male,Y,648,"Shawlands, Glasgow",Glasgow,"Glasgow South",Glasgow
ragin',57.22024116113714,-2.133598460487256,1664879202,1214,1981,41,Female,Y,112,"Dyce, Aberdeen",Aberdeen,"Aberdeen North","North East (Aberdeen)"
ragin',55.86140659755113,-4.235241804951401,1664879210,1213,1970,52,Male,Y,577,"City centre, Glasgow",Glasgow,"Glasgow City Centre",Glasgow
ragin',55.99827957705927,-3.7560367524519878,1664879326,1194,1993,29,Male,Y,422,"Falkirk (north: Grahamston, Middlefield, Westfield)",Falkirk,FK2,"Stirling and Falkirk"
ragin',55.94895891328844,-2.7325780538279636,1664879339,1217,2000,22,Male,Y,357,Haddington,"East Lothian",EH41,"Lothian (Edinburgh)"
ragin',55.909232054661665,-3.7203541876725708,1664879378,1222,1994,28,Female,N,368,Bathgate,"West Lothian",EH48,"Lothian (Edinburgh)"
ragin',55.83514117139772,-4.177641108880308,1664879396,1221,1995,27,Male,Y,615,"Bridgeton, Glasgow",Glasgow,"Glasgow Northeast",Glasgow
ragin',55.76255850751684,-4.274734283911707,1664879405,1220,1968,54,Male,Y,530,"East Kilbride (north: The Village, East Mains, West Mains, Lymekilns, St Leonards, Calderwood, Nerston, Stewartfield, Peel Park)","South Lanarkshire",G74,Glasgow
ragin',55.873024601433286,-3.4816863982983635,1664879501,1223,1986,36,Male,Y,375,Livingston,"West Lothian",EH54,"Lothian (Edinburgh)"
ragin',55.779443078600686,-3.962381622006848,1664879507,1227,1984,38,Female,N,1151,Motherwell,"North Lanarkshire",ML1,Glasgow
ragin',55.51395582976658,-4.559152277648515,1664879511,1226,1996,26,Female,Y,873,Prestwick,"South Ayrshire",KA9,Ayrshire
ragin',57.121599172281456,-2.1618633469868658,1664879554,1225,1958,64,Female,N,133,"Bieldside, Aberdeen",Aberdeen,"Aberdeen Southwest","North East (Aberdeen)"
ragin',56.93285653630019,-2.2172462192078077,1664879571,1230,1996,26,Female,Y,48,Stonehaven,Aberdeenshire,AB39,"North East (Aberdeen)"
ragin',55.61403178924622,-4.509540593863226,1664879600,1229,1981,41,Male,N,779,"Kilmarnock (centre and south: Bonnyton, Grange, Bellfield, Shortlees, Caprington, Riccarton, Hurlford)","East Ayrshire",KA1,Ayrshire
ragin',55.853339874652974,-4.211405422740373,1664879602,1228,1984,38,Female,Y,629,"Barmulloch, Glasgow",Glasgow,"Glasgow Northeast",Glasgow
ragin',56.89695374115388,-2.2149100554644106,1664879655,1231,1998,24,Female,Y,48,Stonehaven,Aberdeenshire,AB39,"North East (Aberdeen)"
ragin',55.962559343195444,-3.2558502532342826,1664879721,1235,1981,41,Male,Y,278,"Granton, Edinburgh",Edinburgh,"Edinburgh Clermiston Granton","Lothian (Edinburgh)"
ragin',55.410667642906034,-4.70414196098739,1664879784,1237,1969,53,Female,Y,856,"Ayr (Centre)","South Ayrshire",KA7,Ayrshire
ragin',56.074725718701366,-3.9046064736380224,1664879856,1238,1996,26,Male,Y,464,"Stirling (south and east: Braehead, Borestone, Broomridge, Torbrex)",Stirlingshire,FK7,"Stirling and Falkirk"
ragin',55.782995714873884,-3.9723084658401238,1664879890,1240,1994,28,Male,Y,1151,Motherwell,"North Lanarkshire",ML1,Glasgow
ragin',55.720546463625475,-3.8002353522081918,1664879907,1243,1977,45,Male,Y,1212,Carluke,"South Lanarkshire",ML8,Glasgow
ragin',55.81067376665406,-3.262423108773966,1664879953,1241,1959,63,Male,N,343,Penicuik,Midlothian,EH26,"Lothian (Edinburgh)"
ragin',54.95000814750544,-4.841336396938711,1664879954,1239,1960,62,Male,Y,225,"Newton Stewart","Dumfries and Galloway",DG8,"Dumfries and Galloway"
ragin',56.942024849536665,-2.2811659889749736,1664880014,1245,1997,25,Female,Y,48,Stonehaven,Aberdeenshire,AB39,"North East (Aberdeen)"
ragin',56.291454681291974,-3.084659300123152,1664880017,1247,1980,42,Male,Y,1104,Ceres,Fife,KY15,Fife
ragin',55.75664451019824,-4.2500447432001085,1664880024,1251,1984,38,Male,N,530,"East Kilbride (north: The Village, East Mains, West Mains, Lymekilns, St Leonards, Calderwood, Nerston, Stewartfield, Peel Park)","South Lanarkshire",G74,Glasgow
ragin',55.770619634655496,-4.098652420941857,1664880055,1246,2003,19,Female,Y,1183,Hamilton,"South Lanarkshire",ML3,Glasgow
ragin',54.95666314714164,-4.893500055226705,1664880061,1242,1981,41,Female,Y,226,"Port William","Dumfries and Galloway",DG8,"Dumfries and Galloway"
ragin',55.765170522270886,-3.947400616091988,1664880079,1253,1995,27,Other,Y,1180,Wishaw,"North Lanarkshire",ML2,Glasgow
ragin',56.18174155307294,-3.2956181203021186,1664880107,1252,1991,31,Male,Y,1126,Cardenden,Fife,KY5,Fife
ragin',54.92654243238296,-3.9137058778302425,1664880144,1257,1961,61,Female,Y,220,"Castle Douglas","Dumfries and Galloway",DG7,"Dumfries and Galloway"
ragin',55.72056116782972,-4.564236921767806,1664880146,1258,1964,58,Female,Y,791,Beith,"East Ayrshire",KA15,Ayrshire
ragin',57.63766583863757,-2.9159447133435306,1664880179,1262,1989,33,Male,N,90,Buckie,Moray,AB56,"North East (Aberdeen)"
ragin',56.4719752030296,-2.952279299411437,1664880209,1255,1987,35,Female,Y,234,"Baxter Park, Dundee",Dundee,"Dundee Bluebelt","Tayside and Angus (Dundee)"
ragin',56.04932111331592,-2.6632831762884353,1664880211,1266,1993,29,Male,Y,355,"North Berwick","East Lothian",EH39,"Lothian (Edinburgh)"
ragin',56.1832587041172,-3.050404992036246,1664880235,1248,1986,36,Female,Y,1140,Leven,Fife,KY8,Fife
ragin',55.804326807140065,-3.8578678974954657,1664880261,1269,1996,26,Male,Y,1209,Shotts,"North Lanarkshire",ML7,Glasgow
ragin',56.03942892314933,-3.5309170877745135,1664880325,1260,1985,37,Male,Y,1096,"Dunfermline (centre, north, west: Abbey Parks, Lady's Mill, Garvock, Headwell, Kingseathill, Wellwood, Milesmark, Baldridge, Pittencrieff, Baldridgeburn)",Fife,KY12,Fife
ragin',58.080652396707166,-4.089732253174966,1664880432,1272,1981,41,Male,Y,1071,Brora,Highland,KW9,"Highlands (Inverness)"
ragin',55.52821105584798,-4.454467143206879,1664880472,1273,1969,53,Female,Y,848,Tarbolton,"South Ayrshire",KA5,Ayrshire
ragin',56.03360120835558,-3.357831828068675,1664880509,1276,1998,24,Male,Y,1094,Rosyth,Fife,KY11,Fife
ragin',55.78042600515725,-3.9664640561097553,1664880514,1278,1997,25,Female,Y,1151,Motherwell,"North Lanarkshire",ML1,Glasgow
ragin',54.891866305300795,-3.759581300248819,1664880530,1264,1994,28,Male,N,215,Dalbeattie,"Dumfries and Galloway",DG5,"Dumfries and Galloway"
ragin',56.661021992289015,-2.7323806961375983,1664880561,1259,1975,47,Female,Y,179,Forfar,Angus,DD8,"Tayside and Angus (Dundee)"
ragin',54.94716308497921,-3.8081515476231926,1664880675,1264,1994,28,Male,N,215,Dalbeattie,"Dumfries and Galloway",DG5,"Dumfries and Galloway"
ragin',55.712217353863586,-4.165890514106496,1664880676,1277,1987,35,Female,N,534,"East Kilbride (south: Hairmyres, Westwood, The Murray, Murray East, Whitehills, Greenhill, Newlandsmuir, Gardenhall, Crosshouse, Newlands, Lindsayfield, Mossneuk)","South Lanarkshire",G75,Glasgow
ragin',55.91938360795167,-4.363148179968946,1664880702,1281,1982,40,Male,N,644,"Partick, Glasgow",Glasgow,"Glasgow Northwest",Glasgow
ragin',56.10840981103604,-3.364759011461776,1664880713,1279,1986,36,Male,Y,1121,Cowdenbeath,Fife,KY4,Fife
ragin',55.69937732355522,-4.805027029000539,1664880966,1286,1956,66,Female,Y,813,Ardrossan,"North Ayrshire",KA22,Ayrshire
ragin',55.911151697673844,-3.281810476329231,1664880998,1287,1964,58,Female,N,267,"Sighthill, Edinburgh",Edinburgh,"Edinburgh Central","Lothian (Edinburgh)"
ragin',57.00233684370392,-2.7605401137403933,1664881026,1290,1989,33,Female,Y,22,Banchory,Aberdeenshire,AB31,"North East (Aberdeen)"
ragin',56.477042607187165,-2.9274484774328005,1664881146,1294,1987,35,Male,Y,250,"Downfield, Dundee",Dundee,"Dundee North","Tayside and Angus (Dundee)"
ragin',55.22916449791281,-3.615062524825745,1664881153,1282,1981,41,Male,Y,186,"Dumfries (centre and east: Dalscone, Georgetown, Heathhall, Kingholm Quay, Noblehill, The Crichton)","Dumfries and Galloway",DG1,"Dumfries and Galloway"
ragin',56.49023384527866,-3.032556257764479,1664881220,1301,1964,58,Male,Y,243,"Hilltown, Dundee",Dundee,"Dundee Central","Tayside and Angus (Dundee)"
ragin',55.90395665417163,-2.1725749034470936,1664881247,1299,1955,67,Male,N,1431,Eyemouth,"Scottish Borders",TD14,Borders
ragin',55.53616212102856,-4.51527425475868,1664881250,1303,1971,51,Male,N,779,"Kilmarnock (centre and south: Bonnyton, Grange, Bellfield, Shortlees, Caprington, Riccarton, Hurlford)","East Ayrshire",KA1,Ayrshire
ragin',55.80884293796037,-3.505998795030368,1664881252,1302,1954,68,Male,Y,376,"West Calder","West Lothian",EH55,"Lothian (Edinburgh)"
ragin',56.022937288585005,-3.896833155410411,1664881282,1305,1985,37,Male,Y,456,"Head of Muir",Falkirk,FK6,"Stirling and Falkirk"
ragin',57.52090871691455,-1.8542521065251398,1664881296,1306,1996,26,Female,Y,54,Peterhead,Aberdeenshire,AB42,"North East (Aberdeen)"
ragin',57.031228562321,-2.2231786687401454,1664881350,1310,1976,46,Male,Y,48,Stonehaven,Aberdeenshire,AB39,"North East (Aberdeen)"
ragin',55.78293235626006,-3.972989899309964,1664881407,1311,1967,55,Female,N,1151,Motherwell,"North Lanarkshire",ML1,Glasgow
ragin',56.478401332017384,-3.0531866847940585,1664881474,1312,2001,21,Male,Y,238,"Menzieshill, Dundee",Dundee,"Dundee Central","Tayside and Angus (Dundee)"
ragin',55.86293969210608,-3.3376735646218005,1664881501,1314,1981,41,Female,Y,316,"Bruntsfield, Edinburgh",Edinburgh,"Edinburgh South","Lothian (Edinburgh)"
ragin',55.82342857093357,-4.071737119597341,1664881544,1308,1992,30,Male,N,523,Bothwell,"South Lanarkshire",G71,Glasgow
ragin',55.95938349337142,-3.1799591162810157,1664881563,1317,1989,33,Female,Y,288,"Murrayfield, Edinburgh",Edinburgh,"Edinburgh North","Lothian (Edinburgh)"
ragin',58.20327123194807,-6.370461579650619,1664881568,1316,1997,25,Male,Y,686,"Stornoway, Isle of Lewis","Western Isles",HS1,"Western Isles"
ragin',60.06917404359728,-1.2864734702656642,1664881583,1320,1988,34,Female,Y,1512,Brae,"Shetland Isles",ZE2,"Shetland Islands"
ragin',56.018147575747214,-3.746514517313075,1664881614,1318,1964,58,Male,Y,439,Grangemouth,Falkirk,FK3,"Stirling and Falkirk"
ragin',55.85255344157788,-4.102884246939093,1664881683,1321,1993,29,Male,Y,600,"Garrowhill, Glasgow",Glasgow,"Glasgow Northeast",Glasgow
ragin',56.476458498827874,-3.1063677847513187,1664881700,1315,1987,35,Male,Y,145,Liff,Angus,DD2,"Tayside and Angus (Dundee)"
ragin',55.89062700929859,-4.334921535694215,1664881712,1319,1986,36,Male,Y,643,"Anniesland, Glasgow",Glasgow,"Glasgow Northwest",Glasgow
ragin',55.92984611088664,-3.1285148820145183,1664881751,1326,1976,46,Male,N,322,"Gilmerton, Edinburgh",Edinburgh,"Edinburgh Southeast","Lothian (Edinburgh)"
ragin',55.817307959543434,-3.9000341800084355,1664881808,1328,1978,44,Female,Y,1151,Motherwell,"North Lanarkshire",ML1,Glasgow
ragin',55.90632979309761,-4.228481464198701,1664881819,1329,1997,25,Male,Y,502,Bishopbriggs,"East Dunbartonshire",G64,Glasgow
ragin',55.88540199449142,-4.427476615720443,1664881982,1332,1985,37,Female,N,1264,Renfrew,Renfrewshire,PA4,Glasgow
ragin',56.155392748594174,-4.268097578872179,1664881987,1333,1961,61,Female,Y,473,"Stirling (centre and west: Kings Park, Raploch, Riverside)",Stirlingshire,FK8,"Stirling and Falkirk"
ragin',55.850280933368786,-4.172760003396129,1664882016,1335,1989,33,Male,Y,616,"Calton, Glasgow",Glasgow,"Glasgow Northeast",Glasgow
ragin',55.885218589878676,-3.7184507846477604,1664882048,1334,1990,32,Male,Y,368,Bathgate,"West Lothian",EH48,"Lothian (Edinburgh)"
ragin',57.1485518057382,-2.338745751640718,1664882110,1340,1990,32,Female,Y,26,Echt,Aberdeenshire,AB32,"North East (Aberdeen)"
ragin',55.878503877712596,-3.76674813880476,1664882217,1344,1971,51,Male,N,367,Armadale,"West Lothian",EH48,"Lothian (Edinburgh)"
ragin',55.835928635735264,-4.493230834933436,1664882226,1343,1991,31,Male,Y,1276,Johnstone,Renfrewshire,PA5,Glasgow
ragin',56.09640148677597,-3.604045582337617,1664882257,1342,1982,40,Female,Y,1096,"Dunfermline (centre, north, west: Abbey Parks, Lady's Mill, Garvock, Headwell, Kingseathill, Wellwood, Milesmark, Baldridge, Pittencrieff, Baldridgeburn)",Fife,KY12,Fife
ragin',55.760256353651926,-3.5548909056309004,1664882264,1350,1974,48,Male,N,376,"West Calder","West Lothian",EH55,"Lothian (Edinburgh)"
ragin',57.27397907817835,-4.312007433722589,1664882270,1346,1994,28,Male,Y,714,"Inverness (east: Culcabock, Crown, Culduthel, Drummond, Haugh, Hilton, Holm, Lochardil, Millburn, Raigmore)",Highland,IV2,"Highlands (Inverness)"
ragin',55.46267327366149,-4.622152898419198,1664882270,1347,1956,66,Male,Y,868,"Newton on Ayr","South Ayrshire",KA8,Ayrshire
ragin',57.546840088158085,-3.2820123816821147,1664882339,1353,2000,22,Male,Y,44,Aberlour,Moray,AB38,"North East (Aberdeen)"
ragin',55.64136614621391,-4.312628649440359,1664882350,1345,1985,37,Female,Y,795,Newmilns,"East Ayrshire",KA16,Ayrshire
ragin',57.05108677911119,-2.13784747744176,1664882428,1348,1977,45,Male,Y,5,"Cove Bay",Aberdeenshire,AB12,"North East (Aberdeen)"
ragin',55.70163699644507,-4.829359432948179,1664882495,1355,1985,37,Male,Y,814,"West Kilbride","North Ayrshire",KA23,Ayrshire
ragin',56.43624515993425,-3.1306482829792026,1664882516,1331,1997,25,Male,Y,146,Longforgan,"Perth and Kinross",DD2,"Tayside and Angus (Dundee)"
ragin',56.42896806565924,-2.897602978470702,1664882562,1359,1981,41,Male,Y,177,Wormit,Fife,DD6,"Tayside and Angus (Dundee)"
ragin',56.47225332354929,-3.028820083771092,1664882580,1352,1962,60,Male,N,237,"Blackness, Dundee",Dundee,"Dundee Central","Tayside and Angus (Dundee)"
ragin',55.70240031234743,-2.38862334163138,1664882623,1360,1970,52,Female,N,1423,Duns,"Scottish Borders",TD11,Borders
ragin',55.72768890192624,-3.115938225531149,1664882623,1364,1995,27,Male,Y,338,Gorebridge,Midlothian,EH23,"Lothian (Edinburgh)"
ragin',56.037111943282696,-3.491998386253006,1664882624,1363,1975,47,Male,N,1094,Rosyth,Fife,KY11,Fife
ragin',56.01664350020562,-3.736502391936368,1664882671,1365,1977,45,Male,N,439,Grangemouth,Falkirk,FK3,"Stirling and Falkirk"
ragin',57.19496458041455,-4.381612581711912,1664882686,1357,1980,42,Female,Y,715,Balloch,Highland,IV2,"Highlands (Inverness)"
ragin',55.87372289405111,-4.875414784112832,1664882739,1361,2003,19,Male,Y,1233,Skelmorlie,"North Ayrshire",PA17,Ayrshire
ragin',55.95683233357267,-3.567837900151413,1664882773,1366,1993,29,Male,Y,369,Linlithgow,"West Lothian",EH49,"Lothian (Edinburgh)"
ragin',56.324274915067285,-4.7401417494647955,1664882889,1367,1996,26,Male,Y,558,Balloch,"West Dunbartonshire",G83,"Argyll and Bute"
ragin',55.92371943996813,-4.218692507291772,1664883056,1371,1980,42,Female,Y,502,Bishopbriggs,"East Dunbartonshire",G64,Glasgow
ragin',55.8236134316505,-3.305535003502129,1664883083,1373,1972,50,Female,Y,343,Penicuik,Midlothian,EH26,"Lothian (Edinburgh)"
ragin',56.48068718875689,-2.964750144914354,1664883202,1339,1961,61,Female,N,252,"Linlathen and Midcraigie, Dundee",Dundee,"Dundee North","Tayside and Angus (Dundee)"
ragin',56.0582910256562,-3.6868459489105354,1664883340,1377,1998,24,Female,Y,388,Sauchie,Clackmannanshire,FK10,"Stirling and Falkirk"
ragin',55.84530783673813,-3.336909285565144,1664883381,1376,1990,32,Female,Y,308,"Liberton, Edinburgh",Edinburgh,"Edinburgh South","Lothian (Edinburgh)"
ragin',55.87676195302549,-4.463201770499328,1664883435,1381,1990,32,Male,Y,1264,Renfrew,Renfrewshire,PA4,Glasgow
ragin',55.677066402981715,-4.554801726760349,1664883524,1384,1996,26,Female,Y,841,Stewarton,"East Ayrshire",KA3,Ayrshire
ragin',56.46343004705673,-2.9622177196464032,1664883551,1380,1963,59,Male,Y,252,"Linlathen and Midcraigie, Dundee",Dundee,"Dundee North","Tayside and Angus (Dundee)"
ragin',55.93510497714687,-4.873134431986274,1664883561,1385,1991,31,Male,School,1235,Gourock,Inverclyde,PA19,Glasgow
ragin',55.900262140745234,-4.244572936419717,1664883610,1002,1977,45,Female,Y,615,"Bridgeton, Glasgow",Glasgow,"Glasgow Northeast",Glasgow
ragin',56.039553580676156,-3.4341096810633696,1664883618,1386,1973,49,Female,Y,1090,"Dunfermline (south and east: Halbeath, Touch, Duloch, Masterton, Pitcorthie, Abbeyview, Brucefield, Hospital Hill, Camdean, Pitreavie)",Fife,KY11,Fife
ragin',58.21890144434054,-6.376971396101772,1664883639,1388,1991,31,Male,Y,686,"Stornoway, Isle of Lewis","Western Isles",HS1,"Western Isles"
ragin',56.194943649644806,-3.970647240103107,1664883673,1392,1969,53,Female,Y,405,Dunblane,Stirlingshire,FK15,"Stirling and Falkirk"
ragin',55.95424947973241,-3.934149571333173,1664883674,1393,1991,31,Male,Y,514,"Cumbernauld (south: Condorrat, Lenziemill, Carbrain, Kildrum, Cumbernauld Village, Abronhill, Seafar)","North Lanarkshire",G67,Glasgow
ragin',55.85790629362358,-4.02252721941834,1664883762,1379,1968,54,Male,N,1189,Coatbridge,"North Lanarkshire",ML5,Glasgow
ragin',56.05264631517814,-3.876105084393723,1664883768,1396,1996,26,Male,Y,459,Cowie,Stirlingshire,FK7,"Stirling and Falkirk"
ragin',55.961948236517934,-4.230143953233312,1664883819,1387,1984,38,Male,Y,507,Kirkintilloch,"East Dunbartonshire",G66,Glasgow
ragin',56.90745924521396,-3.059842019707934,1664883899,1399,1993,29,Male,N,182,Brechin,Angus,DD9,"Tayside and Angus (Dundee)"
ragin',55.827295155253104,-3.378945019223823,1664883939,1402,1988,34,Male,Y,320,"Newington, Edinburgh",Edinburgh,"Edinburgh South","Lothian (Edinburgh)"
ragin',56.13340029277842,-4.042859426896082,1664883981,1398,1968,54,Other,Y,479,"Stirling (north: Causewayhead, Cornton)",Stirlingshire,FK9,"Stirling and Falkirk"
ragin',57.55989221427013,-3.9340011438598914,1664884040,1405,1983,39,Male,N,714,"Inverness (east: Culcabock, Crown, Culduthel, Drummond, Haugh, Hilton, Holm, Lochardil, Millburn, Raigmore)",Highland,IV2,"Highlands (Inverness)"
ragin',56.894657681460416,-3.278220720554808,1664884064,1400,1990,32,Male,Y,179,Forfar,Angus,DD8,"Tayside and Angus (Dundee)"
ragin',56.14394244646935,-3.3711907441634117,1664884215,1407,1982,40,Female,Y,1121,Cowdenbeath,Fife,KY4,Fife
ragin',56.04974393457387,-3.595021226964344,1664884265,1408,1960,62,Female,Y,1096,"Dunfermline (centre, north, west: Abbey Parks, Lady's Mill, Garvock, Headwell, Kingseathill, Wellwood, Milesmark, Baldridge, Pittencrieff, Baldridgeburn)",Fife,KY12,Fife
ragin',56.016924118555956,-3.8248142784377435,1664884296,1404,1992,30,Female,Y,450,Stenhousemuir,Falkirk,FK5,"Stirling and Falkirk"
ragin',55.83505918442256,-4.176170984139796,1664884313,1412,1987,35,Male,N,634,"Maryhill, Glasgow",Glasgow,"Glasgow Northeast",Glasgow
ragin',55.9680141706567,-4.333655306023786,1664884328,1411,1995,27,Female,Y,489,Milngavie,"East Dunbartonshire",G62,Glasgow
ragin',55.920586810460264,-4.357621089946607,1664884430,1414,1990,32,Male,Y,644,"Partick, Glasgow",Glasgow,"Glasgow Northwest",Glasgow
ragin',56.088838480861085,-3.790460052268496,1664884540,1406,1991,31,Male,Y,430,Brightons,Falkirk,FK2,"Stirling and Falkirk"
ragin',55.91068238037845,-4.3575806886373,1664884547,1417,1989,33,Female,Y,641,"Knightswood, Glasgow",Glasgow,"Glasgow Northwest",Glasgow
ragin',56.18045777766997,-3.277549508505487,1664884549,1418,1971,51,Female,Y,1128,Lochgelly,Fife,KY5,Fife
ragin',55.78815375535994,-4.294026862391894,1664884581,1422,1991,31,Female,Y,658,"Giffnock, Glasgow",Glasgow,"Glasgow South",Glasgow
ragin',55.637152810494094,-4.2483403925095145,1664884616,1423,1992,30,Male,Y,796,Darvel,"East Ayrshire",KA17,Ayrshire
ragin',56.054696725042895,-3.850000781389247,1664884666,1404,1992,30,Female,Y,450,Stenhousemuir,Falkirk,FK5,"Stirling and Falkirk"
ragin',56.27866358916407,-4.353917896463377,1664884689,1420,1988,34,Male,Y,410,Callander,Stirlingshire,FK17,"Stirling and Falkirk"
ragin',56.35525597819368,-3.1047324880992475,1664884748,1425,1995,27,Female,Y,1109,Ladybank,Fife,KY15,Fife
ragin',57.094372649435385,-4.426828248952314,1664884812,1424,1990,32,Female,Y,1376,"Fort Augustus",Highland,PH32,"Highlands (Inverness)"
ragin',55.86610422594244,-4.27702081225981,1664884818,1430,1991,31,Male,Y,597,"Yorkhill, Glasgow",Glasgow,"Glasgow Kelvin",Glasgow
ragin',55.95108837098727,-3.273590594130037,1664884839,1428,1977,45,Female,Y,297,"Blackhall, Edinburgh",Edinburgh,"Edinburgh North","Lothian (Edinburgh)"
ragin',57.52220045681125,-1.9934822068964095,1664884869,1426,1995,27,Other,Y,54,Peterhead,Aberdeenshire,AB42,"North East (Aberdeen)"
ragin',56.008635481234755,-3.749301621287141,1664884930,1432,1969,53,Male,N,439,Grangemouth,Falkirk,FK3,"Stirling and Falkirk"
ragin',55.99050184230127,-4.461099159900754,1664884932,1433,1993,29,Male,Y,549,Dumbarton,"West Dunbartonshire",G82,Glasgow
ragin',55.927227566626385,-4.415904612127928,1664884933,1435,1985,37,Female,Y,546,Clydebank,"West Dunbartonshire",G81,Glasgow
ragin',55.807626097821846,-4.2641463851524515,1664885018,1438,1984,38,Female,Y,648,"Shawlands, Glasgow",Glasgow,"Glasgow South",Glasgow
ragin',56.26772450292472,-5.138046726131318,1664885089,1436,1962,60,Male,Y,1255,Inveraray,"Argyll and Bute",PA32,"Argyll and Bute"
ragin',55.9261042186035,-3.965986611165471,1664885173,1441,1982,40,Male,Y,514,"Cumbernauld (south: Condorrat, Lenziemill, Carbrain, Kildrum, Cumbernauld Village, Abronhill, Seafar)","North Lanarkshire",G67,Glasgow
ragin',56.23078117106069,-3.2726890404428213,1664885196,1442,1970,52,Male,N,1129,"Glenrothes (west: Caskieberran, Rimbleton, Macedonia, Tanshall)",Fife,KY6,Fife
ragin',55.82492371199764,-3.940758390684322,1664885267,1445,2001,21,Male,Y,1151,Motherwell,"North Lanarkshire",ML1,Glasgow
ragin',55.91247511170093,-4.46912110715985,1664885421,1453,1989,33,Female,Y,1306,Erskine,Renfrewshire,PA8,Glasgow
ragin',56.407049318689545,-3.8695237032831975,1664885422,1451,1990,32,Male,Y,1402,Crieff,"Perth and Kinross",PH7,Fife
ragin',57.64606484551262,-4.1004446233623915,1664885450,1450,1991,31,Male,Y,701,Cromarty,Highland,IV11,"Highlands (Inverness)"
ragin',55.87595522790247,-4.222985628093624,1664885484,1457,1991,31,Male,Y,634,"Maryhill, Glasgow",Glasgow,"Glasgow Northeast",Glasgow
ragin',56.03010148969171,-3.807206023483716,1664885493,1458,1972,50,Male,Y,449,Larbert,Falkirk,FK5,"Stirling and Falkirk"
ragin',55.55900184679644,-4.238606905866382,1664885508,1452,1988,34,Male,Y,846,Mauchline,"East Ayrshire",KA5,Ayrshire
ragin',56.94074651418589,-2.8584527677980787,1664885632,1463,1995,27,Female,Y,182,Brechin,Angus,DD9,"Tayside and Angus (Dundee)"
ragin',54.871899191198004,-3.7674535894255676,1664885667,1465,1985,37,Female,N,215,Dalbeattie,"Dumfries and Galloway",DG5,"Dumfries and Galloway"
ragin',55.991347528732085,-3.7521777043729654,1664885673,1455,1989,33,Female,Y,377,"Falkirk (centre and south: Arnothill, Bantaskin, Callendar Park, Glen Village, Hallglen, Lionthorn, Tamfourhill, Woodlands)",Falkirk,FK1,"Stirling and Falkirk"
ragin',56.5400189629315,-3.287479225491244,1664885737,1462,1981,41,Male,N,1324,"Coupar Angus","Perth and Kinross",PH13,Fife
ragin',55.86943348244346,-3.6323765801156185,1664885758,1464,1986,36,Male,Y,366,Whitburn,"West Lothian",EH47,"Lothian (Edinburgh)"
ragin',56.47066525586685,-2.952081742514812,1664885829,1468,1965,57,Female,N,234,"Baxter Park, Dundee",Dundee,"Dundee Bluebelt","Tayside and Angus (Dundee)"
ragin',56.23552502116842,-3.423367020197619,1664885850,1469,1996,26,Female,Y,1098,Kinross,"Perth and Kinross",KY13,Fife
ragin',55.76175632101176,-4.260248024251521,1664885933,1470,1982,40,Male,Y,530,"East Kilbride (north: The Village, East Mains, West Mains, Lymekilns, St Leonards, Calderwood, Nerston, Stewartfield, Peel Park)","South Lanarkshire",G74,Glasgow
ragin',55.96169903143108,-3.2224478735755855,1664885935,1467,1995,27,Male,Y,288,"Murrayfield, Edinburgh",Edinburgh,"Edinburgh North","Lothian (Edinburgh)"
ragin',55.67972676686701,-4.763473419226429,1664886013,1474,1965,57,Female,Y,812,Saltcoats,"East Ayrshire",KA21,Ayrshire
ragin',55.981633747343736,-3.2311942582563544,1664886122,1472,1976,46,Male,N,279,"Clermiston and Drumbrae, Edinburgh",Edinburgh,"Edinburgh Clermiston Granton","Lothian (Edinburgh)"
ragin',55.857988286937434,-4.376301035816697,1664886152,1476,1994,28,Female,Y,678,"Cardonald, Glasgow",Glasgow,"Glasgow Southwest",Glasgow
ragin',56.47885916060652,-3.012055226242249,1664886249,1479,1968,54,Male,Y,237,"Blackness, Dundee",Dundee,"Dundee Central","Tayside and Angus (Dundee)"
ragin',55.92213898816541,-4.188159084167149,1664886268,1486,2003,19,Female,Y,502,Bishopbriggs,"East Dunbartonshire",G64,Glasgow
ragin',57.10649184551041,-2.3343805974618963,1664886394,1490,1995,27,Female,Y,131,"Milltimber, Aberdeen",Aberdeen,"Aberdeen Southwest","North East (Aberdeen)"
ragin',55.847263578709494,-4.064348508446653,1664886418,1485,1956,66,Female,N,618,"Carmyle, Glasgow",Glasgow,"Glasgow Northeast",Glasgow
ragin',56.03652589292404,-3.487021771949905,1664886529,1499,1982,40,Female,Y,1094,Rosyth,Fife,KY11,Fife
ragin',55.89707671195286,-3.6324106496456032,1664886565,1500,1979,43,Male,Y,367,Armadale,"West Lothian",EH48,"Lothian (Edinburgh)"
ragin',55.67885220014657,-4.613144620669444,1664886767,1232,1970,52,Female,Y,788,Kilwinning,"North Ayrshire",KA13,Ayrshire
ragin',56.651601079052,-2.7620239530431787,1664886803,1502,1995,27,Female,Y,181,Kirriemuir,Angus,DD8,"Tayside and Angus (Dundee)"
ragin',57.431245156100225,-2.760734214492025,1664886868,1510,1961,61,Male,N,83,Huntly,Aberdeenshire,AB54,"North East (Aberdeen)"
ragin',55.845124088098736,-4.660004426248965,1664886926,1514,1969,53,Female,Y,1222,Kilbarchan,Renfrewshire,PA10,Glasgow
ragin',56.85249815169607,-2.9222864637504222,1664886995,1511,1956,66,Female,N,182,Brechin,Angus,DD9,"Tayside and Angus (Dundee)"
ragin',55.212634750327744,-3.6268841884372938,1664887013,1515,1968,54,Female,N,186,"Dumfries (centre and east: Dalscone, Georgetown, Heathhall, Kingholm Quay, Noblehill, The Crichton)","Dumfries and Galloway",DG1,"Dumfries and Galloway"
ragin',56.8431133255801,-2.7158473378906334,1664887146,1519,1991,31,Female,N,182,Brechin,Angus,DD9,"Tayside and Angus (Dundee)"
ragin',56.480817826860566,-2.9005307029330107,1664887201,1523,1980,42,Female,Y,255,"Fintry, Dundee",Dundee,"Dundee North","Tayside and Angus (Dundee)"
ragin',56.48062421167048,-2.9087798971485497,1664887214,1520,1981,41,Female,N,252,"Linlathen and Midcraigie, Dundee",Dundee,"Dundee North","Tayside and Angus (Dundee)"
ragin',55.58955390362359,-4.4439994768392355,1664887281,1527,1984,38,Female,N,779,"Kilmarnock (centre and south: Bonnyton, Grange, Bellfield, Shortlees, Caprington, Riccarton, Hurlford)","East Ayrshire",KA1,Ayrshire
ragin',55.83949811073111,-4.03243571441868,1664887292,1521,1988,34,Male,Y,1189,Coatbridge,"North Lanarkshire",ML5,Glasgow
ragin',55.82880604391426,-4.2704366752736,1664887318,1528,1985,37,Male,Y,645,Clarkston,"East Renfrewshire","Glasgow South",Glasgow
ragin',55.75341318483473,-4.2342076439749174,1664887348,1524,1999,23,Female,Y,534,"East Kilbride (south: Hairmyres, Westwood, The Murray, Murray East, Whitehills, Greenhill, Newlandsmuir, Gardenhall, Crosshouse, Newlands, Lindsayfield, Mossneuk)","South Lanarkshire",G75,Glasgow
ragin',56.46813555131681,-2.9532960133049366,1664887371,1526,1981,41,Male,Y,233,"Fairmuir, Dundee",Dundee,"Dundee Bluebelt","Tayside and Angus (Dundee)"
ragin',57.283476990861296,-3.086738944040144,1664887439,1510,1961,61,Male,N,83,Huntly,Aberdeenshire,AB54,"North East (Aberdeen)"
ragin',57.43990918753223,-3.201956911999812,1664887480,1533,1999,23,Male,Y,46,Rothes,Moray,AB38,"North East (Aberdeen)"
ragin',55.56329715000556,-5.108855728117541,1664887506,1540,1969,53,Female,Y,827,"Isle of Arran","North Ayrshire",KA27,Ayrshire
ragin',55.39459925182393,-4.750361953780286,1664887554,1530,1997,25,Male,Y,856,"Ayr (Centre)","South Ayrshire",KA7,Ayrshire
ragin',57.09231262751347,-2.1597219168369524,1664887670,1543,1979,43,Female,N,11,Kincorth, Aberdeen,AB12,"North East (Aberdeen)"
ragin',55.82616176877986,-4.328092633842789,1664887704,1535,1957,65,Male,Y,647,"Pollokshields, Glasgow",Glasgow,"Glasgow South",Glasgow
ragin',58.55294981420333,-4.046977835342822,1664887743,1544,1992,30,Other,Y,961,Thurso,Highland,KW14,"Highlands (Inverness)"
ragin',55.63431181998417,-4.702119217039563,1664887780,1542,1984,38,Female,N,787,"Irvine (centre: Castlepark, Tarryholme)","North Ayrshire",KA12,Ayrshire
ragin',56.11289703638653,-3.3343588602117045,1664887874,1546,1968,54,Male,N,1121,Cowdenbeath,Fife,KY4,Fife
ragin',55.197072651847954,-4.797109358365915,1664887878,1548,1986,36,Female,Y,824,Girvan,"South Ayrshire",KA26,Ayrshire
ragin',56.33650517193567,-3.4695835336945486,1664887917,1549,1951,71,Male,N,1338,"Bridge of Earn","Perth and Kinross",PH2,Fife
ragin',55.92517341459208,-4.306217220737759,1664887939,1552,1985,37,Male,Y,488,Bearsden,"East Dunbartonshire",G61,Glasgow
ragin',55.94562815823819,-4.2042756917083794,1664888008,1553,1988,34,Male,Y,502,Bishopbriggs,"East Dunbartonshire",G64,Glasgow
ragin',55.94490274074506,-3.7577482616404008,1664888051,1555,1961,61,Male,Y,377,"Falkirk (centre and south: Arnothill, Bantaskin, Callendar Park, Glen Village, Hallglen, Lionthorn, Tamfourhill, Woodlands)",Falkirk,FK1,"Stirling and Falkirk"
ragin',55.9244852914613,-4.691068705026487,1664888057,1554,1971,51,Male,Y,1228,Langbank,Renfrewshire,PA14,Glasgow
ragin',55.22360040135719,-4.663971647370008,1664888058,1548,1986,36,Female,Y,824,Girvan,"South Ayrshire",KA26,Ayrshire
ragin',55.93541029442422,-3.757267477381967,1664888117,1557,1965,57,Female,Y,377,"Falkirk (centre and south: Arnothill, Bantaskin, Callendar Park, Glen Village, Hallglen, Lionthorn, Tamfourhill, Woodlands)",Falkirk,FK1,"Stirling and Falkirk"
ragin',55.96693587294998,-3.811821152022431,1664888182,1555,1961,61,Male,Y,377,"Falkirk (centre and south: Arnothill, Bantaskin, Callendar Park, Glen Village, Hallglen, Lionthorn, Tamfourhill, Woodlands)",Falkirk,FK1,"Stirling and Falkirk"
ragin',55.93764108718885,-3.091102419094224,1664888195,1561,1995,27,Female,Y,330,Musselburgh,"East Lothian",EH21,"Lothian (Edinburgh)"
ragin',55.81935262487363,-4.013451426539307,1664888336,1566,1999,23,Male,Y,1186,Bellshill,"North Lanarkshire",ML4,Glasgow
ragin',56.74990005648384,-2.7203047160899936,1664888363,1568,2002,20,Male,Y,182,Brechin,Angus,DD9,"Tayside and Angus (Dundee)"
ragin',55.93864150732853,-3.277884276460109,1664888445,1570,1989,33,Female,Y,287,"Corstorphine, Edinburgh",Edinburgh,"Edinburgh North","Lothian (Edinburgh)"
ragin',55.916716610847125,-3.2699036776155728,1664888453,1569,1973,49,Female,Y,315,"Fairmilehead, Edinburgh",Edinburgh,"Edinburgh South","Lothian (Edinburgh)"
ragin',55.81340938087769,-4.227862733719118,1664888460,1565,2000,22,Female,Y,645,Clarkston,"East Renfrewshire","Glasgow South",Glasgow
ragin',56.49334954849455,-2.93807586485741,1664888465,1563,1960,62,Male,N,254,"Douglas, Dundee",Dundee,"Dundee North","Tayside and Angus (Dundee)"
ragin',55.97307454741784,-3.2033112485464574,1664888545,1564,1995,27,Other,Y,287,"Corstorphine, Edinburgh",Edinburgh,"Edinburgh North","Lothian (Edinburgh)"
ragin',55.5065554658959,-3.0196169673666966,1664888551,1574,1988,34,Female,Y,1475,Ettrick,"Scottish Borders",TD7,Borders
ragin',55.95953756015998,-3.2857474284649717,1664888568,1573,1986,36,Female,Y,278,"Granton, Edinburgh",Edinburgh,"Edinburgh Clermiston Granton","Lothian (Edinburgh)"
ragin',56.73810779610475,-3.002781437027759,1664888599,1572,1952,70,Female,Y,181,Kirriemuir,Angus,DD8,"Tayside and Angus (Dundee)"
ragin',55.803444914687574,-4.250360662204035,1664888681,1575,1955,67,Female,N,571,"Castlemilk, Glasgow",Glasgow,"Glasgow Castlemilk",Glasgow
ragin',55.84149616717705,-4.2409432855061375,1664888688,1576,1955,67,Female,N,672,"Govan, Glasgow",Glasgow,"Glasgow Southwest",Glasgow
ragin',57.64490896889226,-2.984204661786331,1664888788,1580,1997,25,Female,Y,90,Buckie,Moray,AB56,"North East (Aberdeen)"
ragin',55.875613220080325,-4.150834559734433,1664888863,1586,1963,59,Male,N,628,"Balornock, Glasgow",Glasgow,"Glasgow Northeast",Glasgow
ragin',55.417580765268596,-4.688688081609673,1664888916,1585,1989,33,Female,Y,860,Dunure,"South Ayrshire",KA7,Ayrshire
ragin',55.96124177073989,-4.459005421416561,1664888942,1587,1967,55,Male,Y,546,Clydebank,"West Dunbartonshire",G81,Glasgow
ragin',56.08128729445757,-3.5991755334216653,1664888999,1589,1987,35,Female,Y,1096,"Dunfermline (centre, north, west: Abbey Parks, Lady's Mill, Garvock, Headwell, Kingseathill, Wellwood, Milesmark, Baldridge, Pittencrieff, Baldridgeburn)",Fife,KY12,Fife
ragin',55.81769743159958,-4.377695150748252,1664889144,1481,1990,32,Female,Y,661,"Govanhill, Glasgow",Glasgow,"Glasgow Southwest",Glasgow
ragin',57.59120650688703,-3.7326194583485433,1664889145,1592,1953,69,Male,Y,740,Forres,Moray,IV36,"North East (Aberdeen)"
ragin',57.18133791474186,-2.5468128172033815,1664889366,1597,1987,35,Female,Y,64,Inverurie,Aberdeenshire,AB51,"North East (Aberdeen)"
ragin',55.84479412966547,-4.1971238485081885,1664889406,1598,1981,41,Male,Y,623,"Shettleston, Glasgow",Glasgow,"Glasgow Northeast",Glasgow
ragin',55.93701146491708,-3.9712451057839226,1664889433,1599,1987,35,Male,Y,514,"Cumbernauld (south: Condorrat, Lenziemill, Carbrain, Kildrum, Cumbernauld Village, Abronhill, Seafar)","North Lanarkshire",G67,Glasgow
ragin',55.88466420833076,-3.648991972095267,1664889463,1600,1994,28,Male,Y,368,Bathgate,"West Lothian",EH48,"Lothian (Edinburgh)"
ragin',55.82036940354903,-3.915978870566032,1664889570,1601,1996,26,Female,Y,1151,Motherwell,"North Lanarkshire",ML1,Glasgow
ragin',55.779359554494775,-3.8852539220560365,1664889694,1596,1962,60,Female,Y,1180,Wishaw,"North Lanarkshire",ML2,Glasgow
ragin',55.4031982975604,-4.758801966081674,1664889840,1605,1985,37,Female,Y,859,Doonfoot,"South Ayrshire",KA7,Ayrshire
ragin',55.916338054922456,-4.331354706487628,1664889901,1606,1994,28,Male,Y,488,Bearsden,"East Dunbartonshire",G61,Glasgow
ragin',55.85910034630106,-4.361175354384776,1664890150,1609,1986,36,Female,Y,661,"Govanhill, Glasgow",Glasgow,"Glasgow Southwest",Glasgow
ragin',57.09643058949374,-2.2301212245436783,1664890165,1610,1968,54,Male,N,128,"Mannofield, Aberdeen",Aberdeen,"Aberdeen Southwest","North East (Aberdeen)"
ragin',55.80992658124971,-3.852416757432388,1664890275,1613,1959,63,Male,Y,1151,Motherwell,"North Lanarkshire",ML1,Glasgow
ragin',56.93903460207925,-2.339058648040671,1664890335,1508,1995,27,Female,Y,48,Stonehaven,Aberdeenshire,AB39,"North East (Aberdeen)"
ragin',55.82124036948867,-3.902292198380132,1664890420,1601,1996,26,Female,Y,1151,Motherwell,"North Lanarkshire",ML1,Glasgow
ragin',55.92951432742432,-4.303942223313666,1664890493,1618,1987,35,Female,Y,488,Bearsden,"East Dunbartonshire",G61,Glasgow
ragin',57.11753812553201,-2.3333054748312407,1664890623,1620,1991,31,Male,Y,128,"Mannofield, Aberdeen",Aberdeen,"Aberdeen Southwest","North East (Aberdeen)"
ragin',57.12953224190709,-2.1556727276320573,1664890653,1622,1976,46,Female,N,128,"Mannofield, Aberdeen",Aberdeen,"Aberdeen Southwest","North East (Aberdeen)"
ragin',56.553023747300564,-3.303595339132576,1664890869,1628,1963,59,Female,Y,1324,"Coupar Angus","Perth and Kinross",PH13,Fife
ragin',55.833686256098574,-4.266392218848076,1664890884,1626,1982,40,Female,Y,661,"Govanhill, Glasgow",Glasgow,"Glasgow Southwest",Glasgow
ragin',56.11847216805029,-3.603309122092722,1664890915,1619,1987,35,Male,Y,1096,"Dunfermline (centre, north, west: Abbey Parks, Lady's Mill, Garvock, Headwell, Kingseathill, Wellwood, Milesmark, Baldridge, Pittencrieff, Baldridgeburn)",Fife,KY12,Fife
ragin',58.208921014898564,-6.3822003192002015,1664891005,1630,1957,65,Male,Y,686,"Stornoway, Isle of Lewis","Western Isles",HS1,"Western Isles"
ragin',55.93695803335982,-3.2704603626705584,1664891273,1634,1991,31,Male,Y,297,"Blackhall, Edinburgh",Edinburgh,"Edinburgh North","Lothian (Edinburgh)"
ragin',55.94241585657035,-3.5665358633432414,1664891334,1631,1996,26,Male,Y,369,Linlithgow,"West Lothian",EH49,"Lothian (Edinburgh)"
ragin',55.940092488325824,-3.224059153456951,1664891402,1635,1958,64,Female,Y,272,"New Town, Edinburgh",Edinburgh,"Edinburgh Central","Lothian (Edinburgh)"
ragin',55.82507337655944,-4.033459374469483,1664891403,1637,1965,57,Female,Y,1186,Bellshill,"North Lanarkshire",ML4,Glasgow
ragin',55.89667879860616,-4.428982811173575,1664891455,1639,1982,40,Female,Y,1306,Erskine,Renfrewshire,PA8,Glasgow
ragin',55.08936870323423,-3.909691808767755,1664891506,1638,1970,52,Male,Y,221,"Gatehouse of Fleet","Dumfries and Galloway",DG7,"Dumfries and Galloway"
ragin',55.8615684648863,-4.290447290887412,1664891728,1643,1998,24,Male,Y,587,"Jordanhill, Glasgow",Glasgow,"Glasgow Kelvin",Glasgow
ragin',55.98034008499899,-3.881860227202818,1664891760,1644,1990,32,Female,Y,442,Allandale, Falkirk,FK4,"Stirling and Falkirk"
ragin',56.001452590054065,-5.584426499729012,1664892009,1640,1991,31,Male,Y,1254,Lochgilphead,"Argyll and Bute",PA31,"Argyll and Bute"
ragin',55.45546213270811,-4.6234604352054935,1664892056,1654,1992,30,Male,Y,856,"Ayr (Centre)","South Ayrshire",KA7,Ayrshire
ragin',55.808395754194976,-3.86924100130875,1664892150,1659,1979,43,Male,Y,1151,Motherwell,"North Lanarkshire",ML1,Glasgow
ragin',55.92746958350793,-4.438440224082789,1664892173,1656,1956,66,Male,Y,546,Clydebank,"West Dunbartonshire",G81,Glasgow
ragin',55.82845311720265,-4.1141285666097085,1664892176,1660,1964,58,Female,Y,634,"Maryhill, Glasgow",Glasgow,"Glasgow Northeast",Glasgow
ragin',55.86383067130517,-3.9279390273482973,1664892324,1661,1959,63,Male,Y,1192,Airdrie,"North Lanarkshire",ML6,Glasgow
ragin',55.572623228570606,-4.492156197795933,1664892412,1647,1947,75,Male,Y,779,"Kilmarnock (centre and south: Bonnyton, Grange, Bellfield, Shortlees, Caprington, Riccarton, Hurlford)","East Ayrshire",KA1,Ayrshire
ragin',57.5807568959104,-1.9568506915734802,1664892496,1668,1983,39,Female,Y,54,Peterhead,Aberdeenshire,AB42,"North East (Aberdeen)"
ragin',55.895842589736866,-3.4867594967175144,1664892523,1666,1974,48,Female,N,375,Livingston,"West Lothian",EH54,"Lothian (Edinburgh)"
ragin',56.79351886460868,-2.844566125305222,1664892541,1664,1982,40,Female,Y,182,Brechin,Angus,DD9,"Tayside and Angus (Dundee)"
ragin',55.86681085209747,-4.441915755195319,1664892671,1669,1994,28,Male,N,1249,"Paisley (north west: Ferguslie Park, Gallowhill, Gockston, Shortroods, )",Renfrewshire,PA3,Glasgow
ragin',55.287957638200055,-3.2234881662042008,1664892732,1671,2004,18,Male,Y,203,Langholm,"Dumfries and Galloway",DG13,"Dumfries and Galloway"
ragin',55.93646601156517,-3.1135528174202682,1664892747,1673,1952,70,Female,N,322,"Gilmerton, Edinburgh",Edinburgh,"Edinburgh Southeast","Lothian (Edinburgh)"
ragin',55.830843203688126,-4.237548622427281,1664892752,1675,1974,48,Female,N,672,"Govan, Glasgow",Glasgow,"Glasgow Southwest",Glasgow
ragin',56.13347657198726,-3.2288434408774065,1664892781,1674,1979,43,Male,Y,1117,"Kirkcaldy (west: Hayfield, Templehall, Newliston, Chapel, Dunnikier, Bennochy)",Fife,KY2,Fife
ragin',56.057293116040164,-4.099090038876425,1664892806,1676,1995,27,Female,Y,464,"Stirling (south and east: Braehead, Borestone, Broomridge, Torbrex)",Stirlingshire,FK7,"Stirling and Falkirk"
ragin',56.0414960713786,-4.063579817140417,1664892884,1680,1985,37,Female,Y,452,Denny,Falkirk,FK6,"Stirling and Falkirk"
ragin',55.919476438318874,-3.9665334190636186,1664893010,1682,1969,53,Female,N,1192,Airdrie,"North Lanarkshire",ML6,Glasgow
ragin',56.97260972793002,-2.932029765836199,1664893057,1679,2001,21,Female,N,182,Brechin,Angus,DD9,"Tayside and Angus (Dundee)"
ragin',56.453780385764766,-2.985972668342758,1664893107,1687,1978,44,Female,Y,261,"Westend, Dundee",Dundee,"Dundee West","Tayside and Angus (Dundee)"
ragin',57.687120587069444,-2.0420529005911687,1664893186,1685,1943,79,Female,Y,56,Crimond,Aberdeenshire,AB43,"North East (Aberdeen)"
ragin',55.965612878709656,-3.215645697498567,1664893393,1693,1967,55,Female,Y,287,"Corstorphine, Edinburgh",Edinburgh,"Edinburgh North","Lothian (Edinburgh)"
ragin',58.57422067490634,-3.5179465530245433,1664893429,1694,1996,26,Other,Y,953,Reay,Highland,KW14,"Highlands (Inverness)"
ragin',55.55724971005552,-2.966766350608071,1664893774,1697,1983,39,Female,Y,1479,Selkirk,"Scottish Borders",TD7,Borders
ragin',55.844136455729824,-4.2851389357293,1664893798,1700,1982,40,Male,Y,647,"Pollokshields, Glasgow",Glasgow,"Glasgow South",Glasgow
ragin',57.52943344220298,-6.589886238952886,1664893814,1701,1994,28,Female,Y,768,"Dunvegan, Isle of Skye",Highland,IV55,"Highlands (Inverness)"
ragin',56.04578952196597,-3.478454088848613,1664893870,1703,1994,28,Male,Y,1090,"Dunfermline (south and east: Halbeath, Touch, Duloch, Masterton, Pitcorthie, Abbeyview, Brucefield, Hospital Hill, Camdean, Pitreavie)",Fife,KY11,Fife
ragin',57.31462163230148,-2.2556557349345945,1664893951,1704,2003,19,Male,Y,111,"Bucksburn, Aberdeen",Aberdeen,"Aberdeen North","North East (Aberdeen)"
ragin',55.91350450859912,-3.709722629234832,1664893984,1705,1999,23,Female,Y,367,Armadale,"West Lothian",EH48,"Lothian (Edinburgh)"
ragin',57.15562900914338,-2.1139915712577872,1664894038,1699,1988,34,Female,Y,105,"Seaton, Aberdeen",Aberdeen,"Aberdeen Central","North East (Aberdeen)"
ragin',56.375368865534696,-2.948614513066065,1664894052,1706,1989,33,Female,Y,1114,"St Andrews",Fife,KY16,Fife
ragin',56.168748896161034,-3.3248603175664453,1664894466,1713,1980,42,Male,Y,1125,Ballingry,Fife,KY5,Fife
ragin',54.895436340335344,-4.114037905627811,1664894522,1711,1985,37,Male,Y,218,Kirkcudbright,"Dumfries and Galloway",DG6,"Dumfries and Galloway"
ragin',56.316772061746946,-5.572058667997452,1664894574,1716,1985,37,Female,Y,1257,Oban,"Argyll and Bute",PA34,"Argyll and Bute"
ragin',56.129567499826194,-3.2159778465036206,1664894634,1719,1989,33,Female,Y,1117,"Kirkcaldy (west: Hayfield, Templehall, Newliston, Chapel, Dunnikier, Bennochy)",Fife,KY2,Fife
ragin',55.56424606152881,-4.002760113708859,1664894653,1720,1968,54,Female,Y,798,Cumnock,"East Ayrshire",KA18,Ayrshire
ragin',55.816644498540334,-4.258565722978894,1664894671,1721,1970,52,Female,Y,653,"Netherlee, Glasgow",Glasgow,"Glasgow South",Glasgow
ragin',56.920453574385604,-2.8356719970107025,1664894709,1722,1979,43,Female,N,182,Brechin,Angus,DD9,"Tayside and Angus (Dundee)"
ragin',56.1633384242739,-3.2904745346916333,1664894896,1724,1964,58,Female,N,1126,Cardenden,Fife,KY5,Fife
ragin',55.89860353531577,-3.9333547464645524,1664894910,1715,1962,60,Female,N,1192,Airdrie,"North Lanarkshire",ML6,Glasgow
ragin',57.565580846451255,-3.1794826077626612,1664894910,1727,1995,27,Male,Y,739,Fochabers,Moray,IV32,"North East (Aberdeen)"
ragin',56.09059551376064,-3.660892211594539,1664894914,1728,1994,28,Female,Y,391,Alloa,Clackmannanshire,FK10,"Stirling and Falkirk"
ragin',55.57922058754077,-4.496350273737222,1664895010,1732,1964,58,Male,Y,779,"Kilmarnock (centre and south: Bonnyton, Grange, Bellfield, Shortlees, Caprington, Riccarton, Hurlford)","East Ayrshire",KA1,Ayrshire
ragin',55.93168317511288,-4.262021280197752,1664895038,1734,1972,50,Male,Y,502,Bishopbriggs,"East Dunbartonshire",G64,Glasgow
ragin',54.867433829543046,-4.461580754457541,1664895071,1733,1989,33,Female,Y,225,"Newton Stewart","Dumfries and Galloway",DG8,"Dumfries and Galloway"
ragin',55.70081959329295,-3.903381725325025,1664895123,1729,1995,27,Male,Y,1212,Carluke,"South Lanarkshire",ML8,Glasgow
ragin',55.029700587175924,-4.729891692096341,1664895149,1735,1955,67,Female,Y,223,Glenluce,"Dumfries and Galloway",DG8,"Dumfries and Galloway"
ragin',56.30018380928281,-3.3299615052607567,1664895185,1737,1987,35,Male,Y,1103,Strathmiglo,Fife,KY14,Fife
ragin',57.14561272515968,-2.0786041990795843,1664895195,1736,1960,62,Male,N,127,"Torry, Aberdeen",Aberdeen,"Aberdeen Southeast","North East (Aberdeen)"
ragin',55.761293928559446,-3.459401948487413,1664895335,1738,1986,36,Male,Y,1167,Lanark,"South Lanarkshire",ML11,Glasgow
ragin',57.65979861406443,-1.9442057589342534,1664895403,1739,1992,30,Female,Y,57,Fraserburgh,Aberdeenshire,AB43,"North East (Aberdeen)"
ragin',55.879508849184994,-3.1860704708723846,1664895446,1730,1992,30,Male,Y,314,"Morningside, Edinburgh",Edinburgh,"Edinburgh South","Lothian (Edinburgh)"
ragin',55.924128135510045,-3.134798359617142,1664895489,1743,1958,64,Female,N,322,"Gilmerton, Edinburgh",Edinburgh,"Edinburgh Southeast","Lothian (Edinburgh)"
ragin',55.893774439923114,-3.823901788244025,1664895539,1744,1987,35,Female,Y,1192,Airdrie,"North Lanarkshire",ML6,Glasgow
ragin',55.833798530572835,-4.1831252648611645,1664895585,1745,1972,50,Female,Y,529,Cambuslang,"South Lanarkshire",G72,Glasgow
ragin',55.43823939751074,-4.631585363936845,1664895619,1741,1976,46,Male,N,856,"Ayr (Centre)","South Ayrshire",KA7,Ayrshire
ragin',55.85504139903129,-4.040366534510254,1664895625,1746,1988,34,Male,N,1189,Coatbridge,"North Lanarkshire",ML5,Glasgow
ragin',55.95631368592415,-3.202159107134722,1664895663,1747,1982,40,Male,Y,287,"Corstorphine, Edinburgh",Edinburgh,"Edinburgh North","Lothian (Edinburgh)"
ragin',57.14115353582167,-2.18422422937703,1664895786,1749,1994,28,Male,Y,113,"Bridge of Don, Aberdeen",Aberdeen,"Aberdeen North","North East (Aberdeen)"
ragin',57.17428527014259,-2.466700421824656,1664896052,1753,1996,26,Male,Y,28,Westhill,Aberdeenshire,AB32,"North East (Aberdeen)"
ragin',56.27983156172216,-3.8561935753809244,1664896116,1750,1967,55,Male,N,405,Dunblane,Stirlingshire,FK15,"Stirling and Falkirk"
ragin',56.020765612728034,-3.8420017478302904,1664896116,1757,1984,38,Male,Y,450,Stenhousemuir,Falkirk,FK5,"Stirling and Falkirk"
ragin',55.90869880536049,-3.2842830111493715,1664896123,1756,1969,53,Male,Y,272,"New Town, Edinburgh",Edinburgh,"Edinburgh Central","Lothian (Edinburgh)"
ragin',55.82188323545352,-3.2042072146929375,1664896328,1764,1999,23,Male,N,343,Penicuik,Midlothian,EH26,"Lothian (Edinburgh)"
ragin',56.08430086045441,-3.166081824439135,1664896573,1773,1991,31,Female,N,1117,"Kirkcaldy (west: Hayfield, Templehall, Newliston, Chapel, Dunnikier, Bennochy)",Fife,KY2,Fife
ragin',55.899060789467136,-3.2957459613358595,1664896640,1775,1982,40,Female,Y,316,"Bruntsfield, Edinburgh",Edinburgh,"Edinburgh South","Lothian (Edinburgh)"
ragin',56.21081925882155,-3.422897738849534,1664896749,1776,1963,59,Female,Y,1100,Scotlandwell,"Perth and Kinross",KY13,Fife
ragin',56.47944436841699,-2.8485151510527973,1664896871,1779,1965,57,Female,Y,248,"Barnhill, Dundee",Dundee,"Dundee East","Tayside and Angus (Dundee)"
ragin',55.953350090729124,-3.1625576125708394,1664896931,1780,1968,54,Female,N,268,"Stenhouse, Edinburgh",Edinburgh,"Edinburgh Central","Lothian (Edinburgh)"
ragin',55.87602140820209,-2.8628804048564427,1664896959,1784,1988,34,Female,Y,350,Pencaitland,"East Lothian",EH34,"Lothian (Edinburgh)"
ragin',57.68503742332609,-3.21123858977449,1664896982,1761,1999,23,Female,Y,737,Elgin,Moray,IV30,"North East (Aberdeen)"
ragin',56.68963315739415,-2.683011123482486,1664897052,1781,1985,37,Female,N,182,Brechin,Angus,DD9,"Tayside and Angus (Dundee)"
ragin',55.83700539860615,-4.276334528816091,1664897150,1787,1964,58,Male,N,646,"Burnside, Glasgow",Glasgow,"Glasgow South",Glasgow
ragin',55.92794958291423,-4.35862428002491,1664897156,1783,1992,30,Female,Y,488,Bearsden,"East Dunbartonshire",G61,Glasgow
ragin',56.48486053459788,-2.9840519739895885,1664897194,1790,1983,39,Male,Y,232,"Craigiebank, Dundee",Dundee,"Dundee Bluebelt","Tayside and Angus (Dundee)"
ragin',57.397237278423646,-4.18978194120715,1664897227,1791,1985,37,Male,Y,714,"Inverness (east: Culcabock, Crown, Culduthel, Drummond, Haugh, Hilton, Holm, Lochardil, Millburn, Raigmore)",Highland,IV2,"Highlands (Inverness)"
ragin',56.490160336804585,-2.999545249994719,1664897236,1793,1957,65,Female,N,236,"Lochee, Dundee",Dundee,"Dundee Central","Tayside and Angus (Dundee)"
ragin',55.87612751306021,-3.6030583050202996,1664897236,1794,1989,33,Male,N,366,Whitburn,"West Lothian",EH47,"Lothian (Edinburgh)"
ragin',55.890546743543574,-4.359196416900451,1664897345,1796,2001,21,Female,Y,644,"Partick, Glasgow",Glasgow,"Glasgow Northwest",Glasgow
ragin',55.57648220099009,-4.26475592668622,1664897432,1800,1966,56,Female,Y,796,Darvel,"East Ayrshire",KA17,Ayrshire
ragin',55.90719817577299,-3.223406850090406,1664897460,1801,1964,58,Male,N,305,"Oxgangs, Edinburgh",Edinburgh,"Edinburgh Oxgangs","Lothian (Edinburgh)"
ragin',58.96626345121856,-2.9334946322616555,1664897547,1804,2001,21,Male,Y,967,Kirkwall,Orkney,KW15,"Orkney Islands"
ragin',55.9900037146571,-4.614492017180172,1664897566,1805,1983,39,Male,Y,557,Alexandria,"West Dunbartonshire",G83,"Argyll and Bute"
ragin',57.66458542025315,-3.4630467009193073,1664897622,1772,1996,26,Other,Y,737,Elgin,Moray,IV30,"North East (Aberdeen)"
ragin',55.74788153044384,-4.124501946181201,1664897794,1809,1960,62,Male,Y,530,"East Kilbride (north: The Village, East Mains, West Mains, Lymekilns, St Leonards, Calderwood, Nerston, Stewartfield, Peel Park)","South Lanarkshire",G74,Glasgow
ragin',56.433381420091635,-2.817270054761941,1664897825,1808,1958,64,Male,N,176,Tayport,Fife,DD6,"Tayside and Angus (Dundee)"
ragin',56.476138534183704,-2.844082708360855,1664897881,1810,1968,54,Female,Y,247,"Broughty Ferry, Dundee",Dundee,"Dundee East","Tayside and Angus (Dundee)"
ragin',55.60377028599521,-2.323427040717186,1664897889,1798,1997,25,Other,Y,1451,Kelso,"Scottish Borders",TD5,Borders
ragin',55.60162147426348,-4.191557324706558,1664897903,1811,1971,51,Female,Y,796,Darvel,"East Ayrshire",KA17,Ayrshire
ragin',55.95309558275585,-4.803131299139842,1664897930,1817,1989,33,Female,Y,1235,Gourock,Inverclyde,PA19,Glasgow
ragin',55.93138473822302,-4.491986643094722,1664898020,1812,1960,62,Female,Y,486,"Old Kilpatrick","West Dunbartonshire",G60,Glasgow
ragin',56.47301135297917,-2.9322901798689682,1664898109,1819,1980,42,Male,Y,254,"Douglas, Dundee",Dundee,"Dundee North","Tayside and Angus (Dundee)"
ragin',56.24717655719476,-3.5813762347771285,1664898247,1823,1988,34,Male,Y,1098,Kinross,"Perth and Kinross",KY13,Fife
ragin',55.85408615827355,-4.217267299351504,1664898262,1822,1985,37,Male,N,603,"Carntyne, Glasgow",Glasgow,"Glasgow Northeast",Glasgow
ragin',55.75086394909153,-4.0564281090710965,1664898326,1825,1976,46,Female,Y,1183,Hamilton,"South Lanarkshire",ML3,Glasgow
ragin',55.86273959596269,-3.3593264599729884,1664898353,1826,1977,45,Female,Y,317,"Marchmont, Edinburgh",Edinburgh,"Edinburgh South","Lothian (Edinburgh)"
ragin',56.84077678159208,-2.9450690056721776,1664898376,1829,1992,30,Male,Y,182,Brechin,Angus,DD9,"Tayside and Angus (Dundee)"
ragin',56.023740894254885,-3.9778076147958776,1664898514,1831,1988,34,Male,Y,452,Denny,Falkirk,FK6,"Stirling and Falkirk"
ragin',56.027703681078535,-2.676786509803101,1664898570,1830,1996,26,Male,Y,355,"North Berwick","East Lothian",EH39,"Lothian (Edinburgh)"
ragin',55.89263774689397,-4.3552717095106335,1664898621,1827,1996,26,Female,Y,639,"Scotstoun, Glasgow",Glasgow,"Glasgow Northwest",Glasgow
ragin',55.88304229549157,-3.6038871314871055,1664898704,1836,1990,32,Male,Y,366,Whitburn,"West Lothian",EH47,"Lothian (Edinburgh)"
ragin',56.47810940724777,-3.0714862485603134,1664898733,1835,2004,18,Female,School,146,Longforgan,"Perth and Kinross",DD2,"Tayside and Angus (Dundee)"
ragin',55.901790330331345,-4.413772386744513,1664898925,1840,1972,50,Male,N,546,Clydebank,"West Dunbartonshire",G81,Glasgow
ragin',57.14971863914597,-2.179236293579418,1664899026,1839,1953,69,Female,Y,99,"Middlefield, Aberdeen",Aberdeen,"Aberdeen Central","North East (Aberdeen)"
ragin',55.80839535293552,-4.420644927901573,1664899040,1841,1989,33,Female,Y,1236,"Paisley (south: Blackhall, Castlehead, Dykebar, Foxbar, Hunterhill, Meikleriggs)",Renfrewshire,PA2,Glasgow
ragin',56.38839140353883,-3.980721154619354,1664899121,1844,1969,53,Male,Y,1399,Comrie,"Perth and Kinross",PH6,Fife
ragin',55.84225375189104,-4.251106281444746,1664899258,1847,1966,56,Female,Y,678,"Cardonald, Glasgow",Glasgow,"Glasgow Southwest",Glasgow
ragin',55.91128454907815,-4.429070583506911,1664899266,1842,1960,62,Male,Y,546,Clydebank,"West Dunbartonshire",G81,Glasgow
ragin',57.58546417699736,-1.931512149405838,1664899306,1845,1984,38,Male,N,57,Fraserburgh,Aberdeenshire,AB43,"North East (Aberdeen)"
ragin',55.8264624597067,-4.27293424022199,1664899367,1849,1993,29,Female,Y,657,"Thornliebank, Glasgow",Glasgow,"Glasgow South",Glasgow
ragin',56.6772995395052,-2.5302981760115837,1664899383,1848,1962,60,Male,Y,140,Montrose,Angus,DD10,"Tayside and Angus (Dundee)"
ragin',56.07739808574424,-3.2660951710736343,1664899406,1852,1967,55,Male,Y,1117,"Kirkcaldy (west: Hayfield, Templehall, Newliston, Chapel, Dunnikier, Bennochy)",Fife,KY2,Fife
ragin',56.83542159379506,-3.0891829409087848,1664899421,1854,1994,28,Female,Y,179,Forfar,Angus,DD8,"Tayside and Angus (Dundee)"
ragin',56.093478636970815,-4.381169912101709,1664899691,1857,1991,31,Female,Y,493,Balmaha,Stirlingshire,G63,"Stirling and Falkirk"
ragin',56.82864883038678,-2.309792796320978,1664899756,1856,1987,35,Male,Y,140,Montrose,Angus,DD10,"Tayside and Angus (Dundee)"
ragin',55.821818607234455,-4.540266370644785,1664899898,1859,1960,62,Other,Y,1276,Johnstone,Renfrewshire,PA5,Glasgow
ragin',56.895188791157175,-2.9104008482001555,1664900103,1867,1992,30,Female,Y,182,Brechin,Angus,DD9,"Tayside and Angus (Dundee)"
ragin',55.81396578997941,-4.405735903139957,1664900260,1865,1990,32,Female,Y,540,Barrhead,"East Renfrewshire",G78,Glasgow
ragin',55.51864061434373,-4.544501925870823,1664900308,1869,1995,27,Female,Y,873,Prestwick,"South Ayrshire",KA9,Ayrshire
ragin',57.13902680970155,-2.0669267177369277,1664900611,1872,1970,52,Female,Y,126,"Bridge of Dee, Aberdeen",Aberdeen,"Aberdeen Southeast","North East (Aberdeen)"
ragin',55.838920812401184,-4.457342460345752,1664900648,1875,1986,36,Male,N,1220,"Paisley (central, east and north east: Ferguslie, Oldhall, Seedhill, Williamsburgh, Whitehaugh)",Renfrewshire,PA1,Glasgow
ragin',55.89551409966225,-4.287521682643758,1664900649,1874,1997,25,Male,Y,612,"Easterhouse, Glasgow",Glasgow,"Glasgow Northeast",Glasgow
ragin',56.5014555905109,-3.3756359915565253,1664900742,1877,1968,54,Female,Y,1337,Balbeggie,"Perth and Kinross",PH2,Fife
ragin',56.301960401376085,-2.8566059379752504,1664900745,1878,1975,47,Male,Y,1114,"St Andrews",Fife,KY16,Fife
ragin',55.803220753572106,-4.373323971374474,1664900940,1885,1963,59,Male,Y,540,Barrhead,"East Renfrewshire",G78,Glasgow
ragin',55.42898606787435,-5.718819239954492,1664900984,1887,1993,29,Female,Y,1246,Campbeltown,"Argyll and Bute",PA28,"Argyll and Bute"
ragin',58.57749735645891,-3.602185100714174,1664900995,1884,1983,39,Male,Y,961,Thurso,Highland,KW14,"Highlands (Inverness)"
ragin',55.7644096746092,-4.204505387209772,1664901026,1888,1969,53,Female,Y,530,"East Kilbride (north: The Village, East Mains, West Mains, Lymekilns, St Leonards, Calderwood, Nerston, Stewartfield, Peel Park)","South Lanarkshire",G74,Glasgow
ragin',56.013454491634846,-3.618212826322092,1664901107,1890,1956,66,Female,Y,370,Bo'ness,Falkirk,EH51,"Lothian (Edinburgh)"
ragin',55.94194783318937,-4.754694105698397,1664901209,1896,1998,24,Male,Y,1230,"Greenock (central and east: Bogston, Bridgend, Cartsdyke, Gibshill, Greenock Central, Ladyburn, Upper Ingleston)",Inverclyde,PA15,Glasgow
ragin',55.52357736062602,-4.584484142363675,1664901261,1897,1977,45,Female,Y,873,Prestwick,"South Ayrshire",KA9,Ayrshire
ragin',55.84896208069289,-3.088651299289014,1664901271,1894,1965,57,Female,Y,328,Bonnyrigg,Midlothian,EH19,"Lothian (Edinburgh)"
ragin',55.81201467367315,-3.847315667613958,1664901361,1895,1953,69,Female,N,1208,Salsburgh,"North Lanarkshire",ML7,Glasgow
ragin',57.58179061744638,-3.2303538080410417,1664901426,1871,1995,27,Male,Y,737,Elgin,Moray,IV30,"North East (Aberdeen)"
ragin',55.93998411371767,-3.9537061348659757,1664901453,1901,1968,54,Female,N,514,"Cumbernauld (south: Condorrat, Lenziemill, Carbrain, Kildrum, Cumbernauld Village, Abronhill, Seafar)","North Lanarkshire",G67,Glasgow
ragin',57.020065328613086,-2.218197183160518,1664901520,1902,1970,52,Female,N,48,Stonehaven,Aberdeenshire,AB39,"North East (Aberdeen)"
ragin',55.968976119941836,-4.411122677917449,1664901524,1905,1998,24,Female,Y,546,Clydebank,"West Dunbartonshire",G81,Glasgow
ragin',55.74591731236118,-4.123866874184305,1664901573,1906,1958,64,Female,N,1183,Hamilton,"South Lanarkshire",ML3,Glasgow
ragin',56.88494817182023,-2.823792624330856,1664901687,1909,1957,65,Female,N,182,Brechin,Angus,DD9,"Tayside and Angus (Dundee)"
ragin',57.59328328469,-4.460830989014056,1664901873,1912,1973,49,Male,Y,705,Dingwall,Highland,IV15,"Highlands (Inverness)"
ragin',55.92500036092969,-4.259480856383158,1664901892,1913,1977,45,Female,Y,502,Bishopbriggs,"East Dunbartonshire",G64,Glasgow
ragin',55.859053950373855,-3.7593029923852077,1664901983,1898,1993,29,Female,N,1210,Greenrigg,"West Lothian",ML7,Glasgow
ragin',57.180048906133806,-4.346832296441534,1664901984,1915,1992,30,Male,Y,714,"Inverness (east: Culcabock, Crown, Culduthel, Drummond, Haugh, Hilton, Holm, Lochardil, Millburn, Raigmore)",Highland,IV2,"Highlands (Inverness)"
ragin',55.70207456667373,-3.903948605442427,1664901996,1916,1980,42,Male,Y,1212,Carluke,"South Lanarkshire",ML8,Glasgow
ragin',55.87071875029722,-4.237441379129516,1664902231,1921,1980,42,Male,Y,598,Rutherglen,"South Lanarkshire","Glasgow Northeast",Glasgow
ragin',55.52951553413272,-4.611389199259249,1664902238,1922,1982,40,Male,Y,873,Prestwick,"South Ayrshire",KA9,Ayrshire
ragin',55.95329187494694,-2.904128742415431,1664902263,1923,1993,29,Female,Y,349,Tranent,"East Lothian",EH33,"Lothian (Edinburgh)"
ragin',55.86885466759217,-4.4621738617010065,1664902326,1924,2004,18,Male,Y,1264,Renfrew,Renfrewshire,PA4,Glasgow
ragin',56.262447169781005,-2.6483677044430047,1664902343,1927,1983,39,Female,Y,1086,Anstruther,Fife,KY10,Fife
ragin',55.866278685122694,-4.211357429913652,1664902460,1928,1980,42,Female,Y,615,"Bridgeton, Glasgow",Glasgow,"Glasgow Northeast",Glasgow
ragin',56.501042874694996,-3.5087692592944615,1664902500,1873,2000,22,Female,Y,1313,"Perth (north and west: Burghmuir, Cherrybank, Hillyland, Inveralmond, Lethom, Muirton, North Muirton, Tulloch)","Perth and Kinross",PH1,Fife
ragin',55.69463671687191,-3.6809425846346877,1664902571,1930,1960,62,Male,Y,1167,Lanark,"South Lanarkshire",ML11,Glasgow
ragin',55.84049730371688,-4.064473677266362,1664902688,1932,1975,47,Female,Y,525,Uddingston,"South Lanarkshire",G71,Glasgow
ragin',56.01296317283899,-3.5954098832879704,1664902760,1931,1952,70,Female,N,370,Bo'ness,Falkirk,EH51,"Lothian (Edinburgh)"
ragin',57.202955550200464,-2.221877555292741,1664902793,1934,1982,40,Female,Y,113,"Bridge of Don, Aberdeen",Aberdeen,"Aberdeen North","North East (Aberdeen)"
ragin',57.63313622861743,-2.1771727703992583,1664902863,1935,1990,32,Male,Y,57,Fraserburgh,Aberdeenshire,AB43,"North East (Aberdeen)"
ragin',56.21905280710179,-5.607148889147363,1664902941,1938,1990,32,Female,N,1257,Oban,"Argyll and Bute",PA34,"Argyll and Bute"
ragin',55.89594771446258,-4.785312954066715,1664902962,1936,1993,29,Male,Y,1231,"Greenock (west: Bow Farm, Braeside, Branchton, Fort Matilda, Gateside, Greenock West, Overton, Pennyfern, Smithston)",Inverclyde,PA16,Glasgow
ragin',55.815534566624095,-4.341245902169531,1664902966,1937,1991,31,Female,Y,681,"Nitshill, Glasgow",Glasgow,"Glasgow Southwest",Glasgow
ragin',55.86050968818742,-3.5344075682912606,1664903029,1942,1978,44,Male,N,376,"West Calder","West Lothian",EH55,"Lothian (Edinburgh)"
ragin',56.453883045298696,-3.025817950422458,1664903114,1941,1957,65,Female,N,260,"City centre, Dundee",Dundee,"Dundee West","Tayside and Angus (Dundee)"
ragin',56.04695968937362,-3.3180106673539163,1664903226,1943,1973,49,Male,N,1119,Burntisland,Fife,KY3,Fife
ragin',55.87247887526221,-4.30787672977793,1664903312,1945,1962,60,Male,Y,639,"Scotstoun, Glasgow",Glasgow,"Glasgow Northwest",Glasgow
ragin',55.99231833183578,-3.9538166649839064,1664903403,1947,1980,42,Female,N,447,"High Bonnybridge",Falkirk,FK4,"Stirling and Falkirk"
ragin',57.54741613098768,-2.062851853892602,1664903556,1949,1984,38,Male,N,54,Peterhead,Aberdeenshire,AB42,"North East (Aberdeen)"
ragin',55.89954978276131,-3.5231668128373976,1664903630,1952,2000,22,Other,Y,375,Livingston,"West Lothian",EH54,"Lothian (Edinburgh)"
ragin',56.62868916449434,-2.6520217634538983,1664903657,1954,1999,23,Male,Y,141,Arbroath,Angus,DD11,"Tayside and Angus (Dundee)"
ragin',55.672533850338226,-3.9650305190535917,1664903688,1956,1994,28,Female,Y,1217,Larkhall,"North Lanarkshire",ML9,Glasgow
ragin',55.946772758874395,-4.836439836790477,1664903703,1958,1966,56,Female,Y,1235,Gourock,Inverclyde,PA19,Glasgow
ragin',55.776514228467335,-3.8045061555038733,1664903722,1955,1972,50,Male,N,1180,Wishaw,"North Lanarkshire",ML2,Glasgow
ragin',55.95302356704647,-3.6275986225877244,1664903797,1957,2004,18,Male,Y,369,Linlithgow,"West Lothian",EH49,"Lothian (Edinburgh)"
ragin',55.77458915120264,-3.7941340742780896,1664903891,1955,1972,50,Male,N,1180,Wishaw,"North Lanarkshire",ML2,Glasgow
ragin',55.62499520561688,-4.6340888220663885,1664903927,1961,1987,35,Female,Y,785,"Irvine (east, south: Perceton, Lawthorn, Girdle Toll, Stanecastle, Bourtreehill, Broomlands, Dreghorn, Springside)","North Ayrshire",KA11,Ayrshire
ragin',55.92613216014046,-3.2889083261770367,1664903962,1962,1966,56,Female,Y,262,"Wester Hailes, Edinburgh",Edinburgh,"Edinburgh Central","Lothian (Edinburgh)"
ragin',57.47441373544308,-1.9800352475517986,1664904031,1964,1989,33,Female,N,54,Peterhead,Aberdeenshire,AB42,"North East (Aberdeen)"
ragin',55.8827592466273,-4.129695135450205,1664904689,1975,1965,57,Male,N,634,"Maryhill, Glasgow",Glasgow,"Glasgow Northeast",Glasgow
ragin',57.56247234060123,-3.1434946861181547,1664904898,1980,1983,39,Male,Y,739,Fochabers,Moray,IV32,"North East (Aberdeen)"
ragin',55.78099331276285,-3.9880001948763746,1664904955,1977,1971,51,Male,N,1151,Motherwell,"North Lanarkshire",ML1,Glasgow
ragin',55.528649782491684,-4.6417054449745105,1664905086,1983,1970,52,Female,Y,784,Troon,"South Ayrshire",KA10,Ayrshire
ragin',56.04765261861802,-3.763603440000454,1664905189,1986,2001,21,Other,Y,420,Carron,Falkirk,FK2,"Stirling and Falkirk"
ragin',55.59795021687205,-4.629841633159521,1664905266,1987,1981,41,Female,Y,785,"Irvine (east, south: Perceton, Lawthorn, Girdle Toll, Stanecastle, Bourtreehill, Broomlands, Dreghorn, Springside)","North Ayrshire",KA11,Ayrshire
ragin',57.3273067265595,-4.178854735253125,1664905416,1946,1973,49,Male,Y,714,"Inverness (east: Culcabock, Crown, Culduthel, Drummond, Haugh, Hilton, Holm, Lochardil, Millburn, Raigmore)",Highland,IV2,"Highlands (Inverness)"
ragin',55.92473734462343,-3.276418555527119,1664905418,1991,1977,45,Female,N,267,"Sighthill, Edinburgh",Edinburgh,"Edinburgh Central","Lothian (Edinburgh)"
ragin',55.82723920459132,-2.9958350979731985,1664905557,1994,1980,42,Male,Y,353,Pathhead,Midlothian,EH37,"Lothian (Edinburgh)"
ragin',56.691909057981306,-2.945872197876955,1664905625,1995,1964,58,Female,Y,179,Forfar,Angus,DD8,"Tayside and Angus (Dundee)"
ragin',55.86091453272353,-3.119007241889416,1664905646,1997,1973,49,Female,Y,328,Bonnyrigg,Midlothian,EH19,"Lothian (Edinburgh)"
ragin',56.139392900995446,-4.70254400508235,1664905653,1990,1991,31,Male,Y,558,Balloch,"West Dunbartonshire",G83,"Argyll and Bute"
ragin',57.11826990044521,-2.286674837414451,1664905768,1998,1991,31,Male,Y,134,"Cults, Aberdeen",Aberdeen,"Aberdeen Southwest","North East (Aberdeen)"
ragin',56.53695890641025,-2.7221429010389238,1664905810,2003,1980,42,Female,Y,178,Carnoustie,Angus,DD7,"Tayside and Angus (Dundee)"
ragin',55.89854189053719,-4.297503955425692,1664905903,2006,1990,32,Female,Y,598,Rutherglen,"South Lanarkshire","Glasgow Northeast",Glasgow
ragin',56.03236512237359,-3.8648468147013357,1664905966,2009,1994,28,Male,Y,449,Larbert,Falkirk,FK5,"Stirling and Falkirk"
ragin',57.59478587123266,-3.2892097807215293,1664905998,2007,1978,44,Male,Y,737,Elgin,Moray,IV30,"North East (Aberdeen)"
ragin',55.49828231310775,-2.306477466443657,1664906013,2010,1997,25,Female,Y,1451,Kelso,"Scottish Borders",TD5,Borders
ragin',56.1226047005971,-3.643344836916017,1664906047,2011,2000,22,Male,Y,1096,"Dunfermline (centre, north, west: Abbey Parks, Lady's Mill, Garvock, Headwell, Kingseathill, Wellwood, Milesmark, Baldridge, Pittencrieff, Baldridgeburn)",Fife,KY12,Fife
ragin',56.484497204160306,-2.8955135840349735,1664906274,2014,1980,42,Male,Y,254,"Douglas, Dundee",Dundee,"Dundee North","Tayside and Angus (Dundee)"
ragin',55.62235091659742,-4.699260138765697,1664906414,2020,1986,36,Female,Y,787,"Irvine (centre: Castlepark, Tarryholme)","North Ayrshire",KA12,Ayrshire
ragin',55.688619232816365,-4.202609821558411,1664906423,2017,1970,52,Female,Y,1160,Strathaven,"North Lanarkshire",ML10,Glasgow
ragin',54.911166761811316,-4.1556921970017395,1664906572,2023,1997,25,Female,Y,220,"Castle Douglas","Dumfries and Galloway",DG7,"Dumfries and Galloway"
ragin',56.022674486454314,-3.714990942974116,1664906580,1960,1955,67,Male,N,439,Grangemouth,Falkirk,FK3,"Stirling and Falkirk"
ragin',56.20666021787723,-4.383358989896295,1664906636,2027,1959,63,Female,N,473,"Stirling (centre and west: Kings Park, Raploch, Riverside)",Stirlingshire,FK8,"Stirling and Falkirk"
ragin',56.04432642922503,-3.429775237443665,1664906733,2019,1979,43,Female,Y,1091,Inverkeithing,Fife,KY11,Fife
ragin',55.889227362913886,-4.46950697886932,1664906821,2029,1982,40,Male,Y,1264,Renfrew,Renfrewshire,PA4,Glasgow
ragin',55.55399325004526,-4.349514502676684,1664906871,2015,1978,44,Female,Y,843,Galston,"East Ayrshire",KA4,Ayrshire
ragin',57.89637075624132,-5.403931288475184,1664907014,2028,1955,67,Female,N,721,Garve,Highland,IV23,"Highlands (Inverness)"
ragin',57.66842224303353,-3.485772558711511,1664907086,2032,1983,39,Female,Y,737,Elgin,Moray,IV30,"North East (Aberdeen)"
ragin',58.254399537167494,-6.15040505289644,1664907186,2033,1987,35,Female,N,688,"Isle of Lewis","Western Isles (outside of Stornoway)",HS2,"Western Isles"
ragin',55.9656885523888,-3.2474573784476544,1664907192,2036,1967,55,Male,N,278,"Granton, Edinburgh",Edinburgh,"Edinburgh Clermiston Granton","Lothian (Edinburgh)"
ragin',57.65873901371176,-3.330495395172577,1664907238,2035,1983,39,Female,Y,737,Elgin,Moray,IV30,"North East (Aberdeen)"
ragin',56.496833243758644,-2.817391060582241,1664907247,2039,1990,32,Female,Y,247,"Broughty Ferry, Dundee",Dundee,"Dundee East","Tayside and Angus (Dundee)"
ragin',55.67053027120505,-4.821923642228566,1664907256,2037,1985,37,Female,Y,813,Ardrossan,"North Ayrshire",KA22,Ayrshire
ragin',56.504032537318935,-3.5369811943862386,1664907320,2041,1962,60,Male,Y,1313,"Perth (north and west: Burghmuir, Cherrybank, Hillyland, Inveralmond, Lethom, Muirton, North Muirton, Tulloch)","Perth and Kinross",PH1,Fife
ragin',55.93438490260494,-4.278942736337543,1664907425,2040,1987,35,Male,Y,489,Milngavie,"East Dunbartonshire",G62,Glasgow
ragin',57.220584181992,-3.1066983338350127,1664907439,2044,1977,45,Female,Y,40,Strathdon,Aberdeenshire,AB36,"North East (Aberdeen)"
ragin',55.844542945777185,-4.36752783724532,1664907529,2045,1975,47,Male,Y,676,"Mosspark, Glasgow",Glasgow,"Glasgow Southwest",Glasgow
ragin',58.39154335242996,-6.2770609553324,1664907566,2046,1986,36,Male,Y,688,"Isle of Lewis","Western Isles (outside of Stornoway)",HS2,"Western Isles"
ragin',55.73240317988454,-4.490233044431043,1664907657,2043,1992,30,Female,Y,835,Fenwick,"East Ayrshire",KA3,Ayrshire
ragin',56.05652235268803,-2.7167108051328097,1664907721,2048,1993,29,Male,Y,355,"North Berwick","East Lothian",EH39,"Lothian (Edinburgh)"
ragin',55.80484460510864,-3.2010705860804496,1664907762,2049,1993,29,Female,Y,343,Penicuik,Midlothian,EH26,"Lothian (Edinburgh)"
ragin',56.141982497870075,-3.706680802501102,1664907822,2052,1984,38,Female,Y,396,Tillicoultry,Clackmannanshire,FK13,"Stirling and Falkirk"
ragin',55.58152329125217,-4.6176714951535764,1664907837,2053,1977,45,Female,Y,808,Crosshouse,"East Ayrshire",KA2,Ayrshire
ragin',55.463129797427946,-4.593694214133929,1664907970,2054,1963,59,Male,N,868,"Newton on Ayr","South Ayrshire",KA8,Ayrshire
ragin',55.96622532051216,-2.9106630551290285,1664908095,2055,1975,47,Female,Y,348,Prestonpans,"East Lothian",EH32,"Lothian (Edinburgh)"
ragin',57.639450209285876,-2.793994683994729,1664908124,2057,1989,33,Female,Y,59,Banff,Aberdeenshire,AB45,"North East (Aberdeen)"
ragin',55.88313388510256,-4.09773985899171,1664908167,2060,1972,50,Female,Y,522,Chryston,"North Lanarkshire",G69,Glasgow
ragin',55.94447348877771,-3.2364192075905174,1664908199,2062,1992,30,Male,Y,297,"Blackhall, Edinburgh",Edinburgh,"Edinburgh North","Lothian (Edinburgh)"
ragin',55.94020388789293,-4.836348716310257,1664908204,2059,1992,30,Female,N,1231,"Greenock (west: Bow Farm, Braeside, Branchton, Fort Matilda, Gateside, Greenock West, Overton, Pennyfern, Smithston)",Inverclyde,PA16,Glasgow
ragin',55.78338711782071,-4.1337310300112975,1664908295,2047,1963,59,Male,N,529,Cambuslang,"South Lanarkshire",G72,Glasgow
ragin',55.82601535522244,-4.5091643753640165,1664908354,2056,1954,68,Female,Y,1276,Johnstone,Renfrewshire,PA5,Glasgow
ragin',55.76125824423769,-3.9672271143833147,1664908373,2065,1965,57,Female,Y,1180,Wishaw,"North Lanarkshire",ML2,Glasgow
ragin',57.65577468279102,-2.7495225545482147,1664908425,2068,1975,47,Male,Y,59,Banff,Aberdeenshire,AB45,"North East (Aberdeen)"
ragin',55.73664558889549,-4.068554394977636,1664908432,90,1947,75,Female,Y,1183,Hamilton,"South Lanarkshire",ML3,Glasgow
ragin',55.94891831099235,-3.9825470476076728,1664908496,2069,1970,52,Female,Y,514,"Cumbernauld (south: Condorrat, Lenziemill, Carbrain, Kildrum, Cumbernauld Village, Abronhill, Seafar)","North Lanarkshire",G67,Glasgow
ragin',55.152928139410136,-4.875045685009121,1664908634,2070,1957,65,Female,Y,818,Ballantrae,"South Ayrshire",KA26,Ayrshire
ragin',55.747561584111644,-3.754161873863638,1664908741,2073,1993,29,Male,N,1212,Carluke,"South Lanarkshire",ML8,Glasgow
ragin',57.2287894059031,-2.1336855838832043,1664908748,2071,1973,49,Male,N,113,"Bridge of Don, Aberdeen",Aberdeen,"Aberdeen North","North East (Aberdeen)"
ragin',56.45492365036348,-3.016277360779003,1664908803,2074,1998,24,Female,Y,261,"Westend, Dundee",Dundee,"Dundee West","Tayside and Angus (Dundee)"
ragin',57.60452277346785,-3.3940917228243035,1664908828,2072,1998,24,Female,Y,737,Elgin,Moray,IV30,"North East (Aberdeen)"
ragin',57.70810933405008,-3.2831997232178756,1664908875,2026,1976,46,Male,Y,738,Lossiemouth,Moray,IV31,"North East (Aberdeen)"
ragin',55.95890990412957,-3.786622296281875,1664909016,2081,1983,39,Male,Y,377,"Falkirk (centre and south: Arnothill, Bantaskin, Callendar Park, Glen Village, Hallglen, Lionthorn, Tamfourhill, Woodlands)",Falkirk,FK1,"Stirling and Falkirk"
ragin',57.23192830651123,-2.591328058963562,1664909024,2077,1973,49,Female,Y,67,Oldmeldrum,Aberdeenshire,AB51,"North East (Aberdeen)"
ragin',55.997937430888676,-4.257003409664969,1664909208,2084,1993,29,Female,Y,507,Kirkintilloch,"East Dunbartonshire",G66,Glasgow
ragin',55.90491769854875,-3.50533187414299,1664909208,2083,1965,57,Male,N,375,Livingston,"West Lothian",EH54,"Lothian (Edinburgh)"
ragin',55.82269653073607,-4.228329868196827,1664909242,1037,1973,49,Female,Y,651,"Cathcart, Glasgow",Glasgow,"Glasgow South",Glasgow
ragin',57.64438212946628,-2.8984562254764854,1664909258,2085,1992,30,Female,Y,90,Buckie,Moray,AB56,"North East (Aberdeen)"
ragin',55.87031411191249,-4.380240884300849,1664909305,2086,1969,53,Male,Y,1264,Renfrew,Renfrewshire,PA4,Glasgow
ragin',55.78744072754226,-4.459699639081344,1664909400,2089,1975,47,Male,N,540,Barrhead,"East Renfrewshire",G78,Glasgow
ragin',55.79824408666782,-3.907619042169162,1664909529,2092,1969,53,Male,Y,1151,Motherwell,"North Lanarkshire",ML1,Glasgow
ragin',55.893546044089106,-3.790406948139356,1664909707,2093,1969,53,Male,N,367,Armadale,"West Lothian",EH48,"Lothian (Edinburgh)"
ragin',55.865779153889584,-4.343302985596603,1664909774,2097,1951,71,Female,N,679,"Pollock, Glasgow",Glasgow,"Glasgow Southwest",Glasgow
ragin',57.64952897856341,-3.2069182818258772,1664909802,2098,1989,33,Female,Y,737,Elgin,Moray,IV30,"North East (Aberdeen)"
ragin',56.469401337318544,-3.001788821427453,1664909910,2102,1973,49,Female,N,238,"Menzieshill, Dundee",Dundee,"Dundee Central","Tayside and Angus (Dundee)"
ragin',57.25723787173045,-2.256314039651124,1664909923,2101,1992,30,Female,Y,109,"Hazelhead, Aberdeen",Aberdeen,"Aberdeen North","North East (Aberdeen)"
ragin',56.743476060258125,-3.0123849151803026,1664909931,2103,1996,26,Female,Y,181,Kirriemuir,Angus,DD8,"Tayside and Angus (Dundee)"
ragin',55.79548474963377,-3.715500738020456,1664909946,2099,1993,29,Female,N,366,Whitburn,"West Lothian",EH47,"Lothian (Edinburgh)"
ragin',56.479654186228856,-3.0263749993974245,1664910044,2106,1985,37,Male,Y,237,"Blackness, Dundee",Dundee,"Dundee Central","Tayside and Angus (Dundee)"
ragin',56.46339916248638,-3.0234005206839187,1664910049,2104,1965,57,Male,Y,257,"Ninewells, Dundee",Dundee,"Dundee West","Tayside and Angus (Dundee)"
ragin',55.97949316600553,-4.504750228582849,1664910068,2105,1965,57,Female,Y,549,Dumbarton,"West Dunbartonshire",G82,Glasgow
ragin',56.48136539928564,-3.0348359448931523,1664910095,2107,1973,49,Male,N,238,"Menzieshill, Dundee",Dundee,"Dundee Central","Tayside and Angus (Dundee)"
ragin',55.88823976100362,-3.184363530193577,1664910195,2109,1972,50,Female,Y,312,"Juniper Green, Edinburgh",Edinburgh,"Edinburgh South","Lothian (Edinburgh)"
ragin',57.681869753915436,-2.882274700658826,1664910268,2112,1993,29,Female,Y,90,Buckie,Moray,AB56,"North East (Aberdeen)"
ragin',55.766326765534636,-3.9772965924770554,1664910381,2108,1956,66,Female,N,1183,Hamilton,"South Lanarkshire",ML3,Glasgow
ragin',55.689572672621985,-3.9719174177069734,1664910393,2114,1995,27,Female,Y,1217,Larkhall,"North Lanarkshire",ML9,Glasgow
ragin',57.574181144797286,-3.1292908351664375,1664910455,2117,1981,41,Female,Y,739,Fochabers,Moray,IV32,"North East (Aberdeen)"
ragin',58.40816356530057,-3.1084685554309313,1664910550,2116,1971,51,Female,Y,899,Wick,Highland,KW1,"Highlands (Inverness)"
ragin',57.69384736396765,-2.835971282467161,1664910738,2110,1992,30,Female,N,90,Buckie,Moray,AB56,"North East (Aberdeen)"
ragin',56.374545423397755,-2.981018150053597,1664910752,2120,2002,20,Other,N,1105,Cupar,Fife,KY15,Fife
ragin',57.148077449080795,-5.465710921069537,1664910802,2122,1973,49,Male,N,746,"Kyle of Lochalsh",Highland,IV40,"Highlands (Inverness)"
ragin',56.249875743945886,-3.105822963306914,1664910921,2126,2000,22,Female,Y,1105,Cupar,Fife,KY15,Fife
ragin',57.70475758872886,-3.3206156412822687,1664910961,2124,1984,38,Male,Y,738,Lossiemouth,Moray,IV31,"North East (Aberdeen)"
ragin',57.60432969007231,-2.9629035159881165,1664911086,2130,1992,30,Female,Y,90,Buckie,Moray,AB56,"North East (Aberdeen)"
ragin',57.301682927898206,-2.459309631783782,1664911224,2132,1967,55,Female,Y,64,Inverurie,Aberdeenshire,AB51,"North East (Aberdeen)"
ragin',56.752986040171045,-3.00062359840628,1664911329,2133,1986,36,Male,Y,181,Kirriemuir,Angus,DD8,"Tayside and Angus (Dundee)"
ragin',55.758815654812956,-4.258073838216521,1664911343,2134,1981,41,Male,Y,530,"East Kilbride (north: The Village, East Mains, West Mains, Lymekilns, St Leonards, Calderwood, Nerston, Stewartfield, Peel Park)","South Lanarkshire",G74,Glasgow
ragin',55.557469853381704,-3.4111817872033914,1664911372,2135,1976,46,Male,N,1170,Biggar,"South Lanarkshire",ML12,Glasgow
ragin',55.89875466964051,-3.542211575566359,1664911442,2136,1973,49,Female,Y,375,Livingston,"West Lothian",EH54,"Lothian (Edinburgh)"
ragin',60.598958424830315,-1.0992957879807002,1664911512,2139,1977,45,Male,Y,1555,Hamnavoe,"Shetland Isles",ZE2,"Shetland Islands"
ragin',56.1199989962307,-4.227165744914634,1664911533,2138,1977,45,Female,Y,465,Aberfoyle,Stirlingshire,FK8,"Stirling and Falkirk"
ragin',55.95603153228459,-3.9643347470340324,1664911537,2140,1972,50,Male,Y,514,"Cumbernauld (south: Condorrat, Lenziemill, Carbrain, Kildrum, Cumbernauld Village, Abronhill, Seafar)","North Lanarkshire",G67,Glasgow
ragin',59.03869299679043,-2.909157556302033,1664911829,2144,1980,42,Male,Y,1025,"Orkney Islands",Orkney,KW17,"Orkney Islands"
ragin',56.02409366178747,-3.8489343268618144,1664911851,2147,1973,49,Male,Y,449,Larbert,Falkirk,FK5,"Stirling and Falkirk"
ragin',56.81028477372431,-2.351275031818405,1664912106,2155,1985,37,Female,Y,140,Montrose,Angus,DD10,"Tayside and Angus (Dundee)"
ragin',57.5517446096357,-3.5699827284578594,1664912110,2153,1982,40,Male,N,740,Forres,Moray,IV36,"North East (Aberdeen)"
ragin',55.74759066675056,-4.0500040428710316,1664912208,2152,2000,22,Female,Y,1183,Hamilton,"South Lanarkshire",ML3,Glasgow
ragin',56.03156278630205,-3.402693831024264,1664912241,2156,1970,52,Male,Y,1090,"Dunfermline (south and east: Halbeath, Touch, Duloch, Masterton, Pitcorthie, Abbeyview, Brucefield, Hospital Hill, Camdean, Pitreavie)",Fife,KY11,Fife
ragin',57.40967182895013,-2.448716696460339,1664912379,2157,1962,60,Female,Y,64,Inverurie,Aberdeenshire,AB51,"North East (Aberdeen)"
ragin',55.74534742062015,-4.164467756732807,1664912450,2161,1962,60,Female,N,534,"East Kilbride (south: Hairmyres, Westwood, The Murray, Murray East, Whitehills, Greenhill, Newlandsmuir, Gardenhall, Crosshouse, Newlands, Lindsayfield, Mossneuk)","South Lanarkshire",G75,Glasgow
ragin',55.76863572429401,-4.227303610350403,1664912495,2160,1981,41,Female,Y,530,"East Kilbride (north: The Village, East Mains, West Mains, Lymekilns, St Leonards, Calderwood, Nerston, Stewartfield, Peel Park)","South Lanarkshire",G74,Glasgow
ragin',56.04916187773222,-3.373861826827183,1664912544,2158,1992,30,Female,Y,1088,Charlestown,Fife,KY11,Fife
ragin',57.33383329880996,-5.2726880299972,1664912566,2162,1980,42,Female,Y,746,"Kyle of Lochalsh",Highland,IV40,"Highlands (Inverness)"
ragin',56.52447095753451,-2.738598943312074,1664912591,2166,1963,59,Female,Y,178,Carnoustie,Angus,DD7,"Tayside and Angus (Dundee)"
ragin',55.3927595351263,-4.269954123435525,1664912633,2165,1985,37,Female,Y,798,Cumnock,"East Ayrshire",KA18,Ayrshire
ragin',55.93809862136755,-4.425258233374552,1664912712,2164,1947,75,Male,N,546,Clydebank,"West Dunbartonshire",G81,Glasgow
ragin',55.89434266165778,-5.206515037359113,1664912745,2169,1981,41,Male,Y,1237,"Isle of Bute","Argyll and Bute",PA20,"Argyll and Bute"
ragin',57.114378369164776,-2.326508959046437,1664912964,2174,1999,23,Female,Y,130,"Ferryhill, Aberdeen",Aberdeen,"Aberdeen Southwest","North East (Aberdeen)"
ragin',55.79969806028487,-3.9498283219109296,1664912972,2171,1995,27,Female,Y,1151,Motherwell,"North Lanarkshire",ML1,Glasgow
ragin',55.76429761583589,-4.191485778778638,1664912984,2170,2002,20,Male,Y,530,"East Kilbride (north: The Village, East Mains, West Mains, Lymekilns, St Leonards, Calderwood, Nerston, Stewartfield, Peel Park)","South Lanarkshire",G74,Glasgow
ragin',56.751553336709684,-3.2568498260014067,1664913053,2176,1981,41,Male,Y,1321,Alyth,"Perth and Kinross",PH11,Fife
ragin',57.44816341393529,-4.380446345069501,1664913143,2177,1991,31,Male,Y,736,"Inverness (west: Ballifeary, Balnafettack, Clachnaharry, Dalneigh, Kinmylies, Leachkin, Merkinch, Muirtown, South Kessock)",Highland,IV3,"Highlands (Inverness)"
ragin',55.765221585307486,-4.239426853494629,1664913345,1416,1966,56,Male,Y,530,"East Kilbride (north: The Village, East Mains, West Mains, Lymekilns, St Leonards, Calderwood, Nerston, Stewartfield, Peel Park)","South Lanarkshire",G74,Glasgow
ragin',55.77008473763931,-4.19274430638068,1664913368,2179,1974,48,Female,Y,530,"East Kilbride (north: The Village, East Mains, West Mains, Lymekilns, St Leonards, Calderwood, Nerston, Stewartfield, Peel Park)","South Lanarkshire",G74,Glasgow
ragin',57.47534566156102,-1.9438303217823818,1664913425,2180,1956,66,Female,Y,54,Peterhead,Aberdeenshire,AB42,"North East (Aberdeen)"
ragin',56.497863194179686,-3.010691117777329,1664913623,2190,2005,17,Male,N,238,"Menzieshill, Dundee",Dundee,"Dundee Central","Tayside and Angus (Dundee)"
ragin',57.85150908656033,-4.496537781910385,1664913649,2189,2003,19,Male,N,723,"Bonar Bridge",Highland,IV24,"Highlands (Inverness)"
ragin',55.84077581730094,-4.015862073069735,1664913657,2187,1985,37,Female,Y,1189,Coatbridge,"North Lanarkshire",ML5,Glasgow
ragin',55.74574490156346,-4.159846545960432,1664913662,2192,1994,28,Male,Y,534,"East Kilbride (south: Hairmyres, Westwood, The Murray, Murray East, Whitehills, Greenhill, Newlandsmuir, Gardenhall, Crosshouse, Newlands, Lindsayfield, Mossneuk)","South Lanarkshire",G75,Glasgow
ragin',55.815002671193604,-4.803022144831242,1664913864,2195,1966,56,Male,Y,842,Largs,"North Ayrshire",KA30,Ayrshire
ragin',59.3705830567762,-2.886147311384679,1664913966,2197,1974,48,Female,Y,1025,"Orkney Islands",Orkney,KW17,"Orkney Islands"
ragin',55.78576303889068,-4.294822389876153,1664913966,2200,1972,50,Female,N,656,"Croftfoot, Glasgow",Glasgow,"Glasgow South",Glasgow
ragin',56.37035566225179,-4.166744630943767,1664914069,2204,1992,30,Other,Y,1399,Comrie,"Perth and Kinross",PH6,Fife
ragin',56.90346436483552,-5.367032185459501,1664914076,2207,1987,35,Female,Y,1377,"Fort William",Highland,PH33,"Highlands (Inverness)"
ragin',56.471742027475216,-3.0264730090457688,1664914090,2205,1983,39,Male,Y,236,"Lochee, Dundee",Dundee,"Dundee Central","Tayside and Angus (Dundee)"
ragin',55.82376308575538,-4.051940879305444,1664914102,2211,1976,46,Female,Y,525,Uddingston,"South Lanarkshire",G71,Glasgow
ragin',55.94859668337969,-3.243250644407569,1664914111,2203,2003,19,Female,Y,288,"Murrayfield, Edinburgh",Edinburgh,"Edinburgh North","Lothian (Edinburgh)"
ragin',55.82501831476524,-4.062113791972108,1664914181,2208,1994,28,Male,Y,525,Uddingston,"South Lanarkshire",G71,Glasgow
ragin',57.21364699768775,-2.33414055182567,1664914247,2213,1987,35,Other,Y,64,Inverurie,Aberdeenshire,AB51,"North East (Aberdeen)"
ragin',57.28191482682309,-2.0231401391564225,1664914282,2214,1948,74,Female,Y,111,"Bucksburn, Aberdeen",Aberdeen,"Aberdeen North","North East (Aberdeen)"
ragin',57.55646558490813,-3.3158905927464275,1664914437,2215,1986,36,Female,Y,737,Elgin,Moray,IV30,"North East (Aberdeen)"
ragin',56.06984445281656,-3.89081098098599,1664914459,2216,1966,56,Female,N,464,"Stirling (south and east: Braehead, Borestone, Broomridge, Torbrex)",Stirlingshire,FK7,"Stirling and Falkirk"
ragin',55.901036753205645,-3.3188314070653933,1664914461,2217,1980,42,Female,N,319,"Blackford, Edinburgh",Edinburgh,"Edinburgh South","Lothian (Edinburgh)"
ragin',56.09911565572029,-3.3461483786183397,1664914580,2218,1996,26,Female,Y,1124,Kelty,Fife,KY4,Fife
ragin',55.01293664630532,-3.779163998671558,1664914745,2223,1993,29,Other,N,208,"New Abbey","Dumfries and Galloway",DG2,"Dumfries and Galloway"
ragin',57.24719769518801,-4.3964278642998975,1664915025,2225,1993,29,Male,Y,714,"Inverness (east: Culcabock, Crown, Culduthel, Drummond, Haugh, Hilton, Holm, Lochardil, Millburn, Raigmore)",Highland,IV2,"Highlands (Inverness)"
ragin',55.82099414997495,-3.878549123566279,1664915042,2224,1989,33,Female,Y,1151,Motherwell,"North Lanarkshire",ML1,Glasgow
ragin',55.93031268786217,-3.5610642436383078,1664915232,2227,1954,68,Female,N,371,Broxburn,"West Lothian",EH52,"Lothian (Edinburgh)"
ragin',55.900564268055874,-4.215073020695794,1664915270,2231,1984,38,Male,Y,602,"Baillieston, Glasgow",Glasgow,"Glasgow Northeast",Glasgow
ragin',55.10390002804558,-3.74895409245063,1664915355,2223,1993,29,Other,N,208,"New Abbey","Dumfries and Galloway",DG2,"Dumfries and Galloway"
ragin',55.992900273618154,-3.5094593537785634,1664915365,2232,1987,35,Male,Y,306,"Queensferry, Edinburgh",Edinburgh,"Edinburgh Queensferry","Lothian (Edinburgh)"
ragin',55.067665814088734,-3.4564677143821814,1664915527,2236,1969,53,Female,Y,186,"Dumfries (centre and east: Dalscone, Georgetown, Heathhall, Kingholm Quay, Noblehill, The Crichton)","Dumfries and Galloway",DG1,"Dumfries and Galloway"
ragin',55.427107995477314,-4.638558068199903,1664915548,2237,1962,60,Female,Y,856,"Ayr (Centre)","South Ayrshire",KA7,Ayrshire
ragin',56.21504088153267,-2.95786858077208,1664915572,2235,1989,33,Female,Y,1140,Leven,Fife,KY8,Fife
ragin',57.160635421556016,-2.166728530872139,1664915650,2238,1979,43,Male,Y,107,"Rosemount, Aberdeen",Aberdeen,"Aberdeen Central","North East (Aberdeen)"
ragin',55.972254693317204,-3.15683830985525,1664915953,2240,1963,59,Male,N,285,"Leith, Edinburgh",Edinburgh,"Edinburgh Leith","Lothian (Edinburgh)"
ragin',55.93321812497264,-3.9139671351713665,1664915969,2246,1967,55,Male,N,377,"Falkirk (centre and south: Arnothill, Bantaskin, Callendar Park, Glen Village, Hallglen, Lionthorn, Tamfourhill, Woodlands)",Falkirk,FK1,"Stirling and Falkirk"
ragin',56.06740655739095,-3.616964266286248,1664915975,2241,1991,31,Male,Y,1096,"Dunfermline (centre, north, west: Abbey Parks, Lady's Mill, Garvock, Headwell, Kingseathill, Wellwood, Milesmark, Baldridge, Pittencrieff, Baldridgeburn)",Fife,KY12,Fife
ragin',56.02956067661464,-2.8562000384034514,1664916062,2248,1985,37,Male,Y,347,Longniddry,"East Lothian",EH32,"Lothian (Edinburgh)"
ragin',57.107022478136315,-2.333342760510818,1664916153,2250,1964,58,Female,Y,128,"Mannofield, Aberdeen",Aberdeen,"Aberdeen Southwest","North East (Aberdeen)"
ragin',55.92464915692594,-2.64585187774641,1664916164,2244,1973,49,Male,N,357,Haddington,"East Lothian",EH41,"Lothian (Edinburgh)"
ragin',55.61824091887825,-4.249841296238975,1664916207,2245,1983,39,Male,Y,796,Darvel,"East Ayrshire",KA17,Ayrshire
ragin',55.953475398051715,-4.499784491464356,1664916234,2251,1968,54,Female,Y,549,Dumbarton,"West Dunbartonshire",G82,Glasgow
ragin',58.423724808749604,-4.310787703570958,1664916278,2252,1955,67,Female,Y,924,Achina,Highland,KW14,"Highlands (Inverness)"
ragin',56.155618328602706,-3.7922359620921413,1664916296,2253,1981,41,Female,Y,393,Alva,Clackmannanshire,FK12,"Stirling and Falkirk"
ragin',55.89957746171539,-4.353363521391235,1664916504,2255,1951,71,Female,Y,641,"Knightswood, Glasgow",Glasgow,"Glasgow Northwest",Glasgow
ragin',55.12590593501669,-3.705187177598617,1664916550,2223,1993,29,Other,N,208,"New Abbey","Dumfries and Galloway",DG2,"Dumfries and Galloway"
ragin',56.484646711486974,-2.815826938551089,1664916645,2256,1978,44,Female,Y,247,"Broughty Ferry, Dundee",Dundee,"Dundee East","Tayside and Angus (Dundee)"
ragin',56.47038098983079,-2.918670142339978,1664916761,2259,1983,39,Female,Y,255,"Fintry, Dundee",Dundee,"Dundee North","Tayside and Angus (Dundee)"
ragin',55.98577306485894,-2.775853465580008,1664916827,2260,1993,29,Male,N,355,"North Berwick","East Lothian",EH39,"Lothian (Edinburgh)"
ragin',58.52056115050083,-3.9569774499415225,1664916859,2252,1955,67,Female,Y,924,Achina,Highland,KW14,"Highlands (Inverness)"
ragin',55.853888400583024,-4.422455464749331,1664916984,2263,1973,49,Female,Y,1249,"Paisley (north west: Ferguslie Park, Gallowhill, Gockston, Shortroods, )",Renfrewshire,PA3,Glasgow
ragin',55.89926255330857,-3.211940382871499,1664917274,2266,1966,56,Female,Y,312,"Juniper Green, Edinburgh",Edinburgh,"Edinburgh South","Lothian (Edinburgh)"
ragin',55.888306082921304,-4.849589380337472,1664917345,2262,1955,67,Female,Y,1231,"Greenock (west: Bow Farm, Braeside, Branchton, Fort Matilda, Gateside, Greenock West, Overton, Pennyfern, Smithston)",Inverclyde,PA16,Glasgow
ragin',55.978450275654545,-5.076311725565657,1664917400,2272,1984,38,Male,N,1241,Dunoon,"Argyll and Bute",PA23,"Argyll and Bute"
ragin',55.89008154447363,-2.9993729289582434,1664917425,2271,1987,35,Female,Y,334,Dalkeith,Midlothian,EH22,"Lothian (Edinburgh)"
ragin',55.21108260626302,-3.3780203313633503,1664917460,2269,1993,29,Female,N,195,Kirtlebridge,"Dumfries and Galloway",DG11,"Dumfries and Galloway"
ragin',55.93510825684916,-4.36639717136516,1664917659,2274,1982,40,Male,Y,488,Bearsden,"East Dunbartonshire",G61,Glasgow
ragin',55.779461613322724,-4.1615697702774685,1664917682,2273,2004,18,Male,Y,530,"East Kilbride (north: The Village, East Mains, West Mains, Lymekilns, St Leonards, Calderwood, Nerston, Stewartfield, Peel Park)","South Lanarkshire",G74,Glasgow
ragin',56.93327611298083,-2.927457343036121,1664917747,2279,1996,26,Female,Y,182,Brechin,Angus,DD9,"Tayside and Angus (Dundee)"
ragin',55.92168607573035,-3.2907247705545246,1664917797,2276,2001,21,Male,Y,262,"Wester Hailes, Edinburgh",Edinburgh,"Edinburgh Central","Lothian (Edinburgh)"
ragin',55.82206881859962,-4.26016340706534,1664917961,2285,1967,55,Male,Y,651,"Cathcart, Glasgow",Glasgow,"Glasgow South",Glasgow
ragin',55.83011537500776,-4.327684915333416,1664918109,2288,1988,34,Male,Y,658,"Giffnock, Glasgow",Glasgow,"Glasgow South",Glasgow
ragin',55.61605219336145,-2.917223977843003,1664918246,2293,1973,49,Female,Y,1413,Galashiels,"Scottish Borders",TD1,Borders
ragin',56.455593055296276,-3.0188143156551583,1664918296,2294,1949,73,Female,N,261,"Westend, Dundee",Dundee,"Dundee West","Tayside and Angus (Dundee)"
ragin',55.08245076905909,-3.464206385851564,1664918392,2296,1985,37,Male,Y,186,"Dumfries (centre and east: Dalscone, Georgetown, Heathhall, Kingholm Quay, Noblehill, The Crichton)","Dumfries and Galloway",DG1,"Dumfries and Galloway"
ragin',55.865129900654296,-4.283804684171445,1664918445,2297,1995,27,Male,Y,588,"Broomhill, Glasgow",Glasgow,"Glasgow Kelvin",Glasgow
ragin',57.25823405772331,-4.461476504762288,1664918501,2299,1987,35,Male,Y,713,Culloden,Highland,IV2,"Highlands (Inverness)"
ragin',55.92481194740737,-3.511881828506332,1664918552,2303,1985,37,Female,Y,371,Broxburn,"West Lothian",EH52,"Lothian (Edinburgh)"
ragin',56.3468591014788,-3.8906901212423244,1664918622,2302,1987,35,Male,Y,1402,Crieff,"Perth and Kinross",PH7,Fife
ragin',55.96947693189403,-3.249781260825701,1664918658,2307,1982,40,Female,Y,279,"Clermiston and Drumbrae, Edinburgh",Edinburgh,"Edinburgh Clermiston Granton","Lothian (Edinburgh)"
ragin',56.46810089361119,-3.021833851819063,1664918686,2313,1960,62,Male,Y,238,"Menzieshill, Dundee",Dundee,"Dundee Central","Tayside and Angus (Dundee)"
ragin',56.05263244252996,-4.093493132603784,1664918707,2309,1983,39,Male,Y,457,Bannockburn,Stirlingshire,FK7,"Stirling and Falkirk"
ragin',55.78016435913043,-4.187279094721287,1664918732,2306,1976,46,Male,Y,530,"East Kilbride (north: The Village, East Mains, West Mains, Lymekilns, St Leonards, Calderwood, Nerston, Stewartfield, Peel Park)","South Lanarkshire",G74,Glasgow
ragin',56.00949576345274,-3.70460202940671,1664918782,2312,1975,47,Female,Y,439,Grangemouth,Falkirk,FK3,"Stirling and Falkirk"
ragin',56.481148361636066,-2.963716563388278,1664918789,2298,1966,56,Female,N,256,"Whitfield, Dundee",Dundee,"Dundee North","Tayside and Angus (Dundee)"
ragin',58.085023448821374,-3.7645371033387285,1664918881,2318,1982,40,Female,Y,1060,"East Helmsdale",Highland,KW8,"Highlands (Inverness)"
ragin',55.81071900492042,-4.3569934554270615,1664918883,2319,1978,44,Female,N,672,"Govan, Glasgow",Glasgow,"Glasgow Southwest",Glasgow
ragin',55.83440884007192,-4.488478821742447,1664918888,2311,1969,53,Female,Y,1276,Johnstone,Renfrewshire,PA5,Glasgow
ragin',57.16938540686857,-2.3749979686917624,1664918974,2317,1985,37,Male,Y,28,Westhill,Aberdeenshire,AB32,"North East (Aberdeen)"
ragin',57.2730503988122,-2.2142113508166252,1664919091,2321,1983,39,Male,Y,113,"Bridge of Don, Aberdeen",Aberdeen,"Aberdeen North","North East (Aberdeen)"
ragin',56.4947951978177,-2.945310702668072,1664919277,2323,1966,56,Female,Y,250,"Downfield, Dundee",Dundee,"Dundee North","Tayside and Angus (Dundee)"
ragin',56.181843084799254,-3.7117595578717046,1664919285,2324,1975,47,Female,N,401,Powmill,"Perth and Kinross",FK14,"Stirling and Falkirk"
ragin',56.96634271410139,-2.7917839916687752,1664919409,2327,1988,34,Male,Y,22,Banchory,Aberdeenshire,AB31,"North East (Aberdeen)"
ragin',55.61453066197602,-4.448564106137131,1664919565,2328,1972,50,Male,Y,841,Stewarton,"East Ayrshire",KA3,Ayrshire
ragin',57.61765741574957,-3.3886830883061867,1664919565,2332,1980,42,Female,Y,737,Elgin,Moray,IV30,"North East (Aberdeen)"
ragin',56.71145579540849,-3.1690366761547786,1664919629,2333,1991,31,Male,Y,181,Kirriemuir,Angus,DD8,"Tayside and Angus (Dundee)"
ragin',55.46031323339008,-4.357428229489734,1664919758,2336,1986,36,Female,Y,798,Cumnock,"East Ayrshire",KA18,Ayrshire
ragin',55.60137451064655,-4.680078884241446,1664919864,1689,2002,20,Female,Y,787,"Irvine (centre: Castlepark, Tarryholme)","North Ayrshire",KA12,Ayrshire
ragin',56.483412526687644,-2.983359622679502,1664919995,2340,1981,41,Female,Y,235,"Caird Park, Dundee",Dundee,"Dundee Bluebelt","Tayside and Angus (Dundee)"
ragin',55.842841721074926,-4.411521039095263,1664920041,2343,1994,28,Male,Y,1220,"Paisley (central, east and north east: Ferguslie, Oldhall, Seedhill, Williamsburgh, Whitehaugh)",Renfrewshire,PA1,Glasgow
ragin',55.44248422317513,-5.601125072492109,1664920092,2348,1997,25,Female,Y,1246,Campbeltown,"Argyll and Bute",PA28,"Argyll and Bute"
ragin',55.6453499541721,-4.398107942092867,1664920279,2351,1979,43,Female,Y,844,Moscow,"East Ayrshire",KA4,Ayrshire
ragin',55.80808325671873,-5.059119032079584,1664920300,2350,1981,41,Female,Y,1237,"Isle of Bute","Argyll and Bute",PA20,"Argyll and Bute"
ragin',55.90731537338394,-4.170067216288319,1664920316,2341,1953,69,Female,Y,623,"Shettleston, Glasgow",Glasgow,"Glasgow Northeast",Glasgow
ragin',56.469563783819325,-2.9352202882735288,1664920343,2354,1947,75,Female,N,250,"Downfield, Dundee",Dundee,"Dundee North","Tayside and Angus (Dundee)"
ragin',55.941316822130275,-3.587016380678927,1664920398,2355,1963,59,Male,Y,368,Bathgate,"West Lothian",EH48,"Lothian (Edinburgh)"
ragin',56.980786908396645,-2.1909694173989824,1664920421,2356,1970,52,Female,N,48,Stonehaven,Aberdeenshire,AB39,"North East (Aberdeen)"
ragin',55.80077470661371,-4.838588836101306,1664920438,2357,2000,22,Male,Y,842,Largs,"North Ayrshire",KA30,Ayrshire
ragin',56.48885649289158,-2.9655504425875066,1664920502,2358,1965,57,Female,N,250,"Downfield, Dundee",Dundee,"Dundee North","Tayside and Angus (Dundee)"
ragin',55.92496875356693,-4.872087143491233,1664920569,2359,1971,51,Male,N,1231,"Greenock (west: Bow Farm, Braeside, Branchton, Fort Matilda, Gateside, Greenock West, Overton, Pennyfern, Smithston)",Inverclyde,PA16,Glasgow
ragin',55.750614107720246,-4.47830512168874,1664920601,2362,1998,24,Male,Y,540,Barrhead,"East Renfrewshire",G78,Glasgow
ragin',55.7547028254546,-4.065431269940494,1664920839,2367,1993,29,Female,Y,1183,Hamilton,"South Lanarkshire",ML3,Glasgow
ragin',55.93710768651829,-4.735245222817987,1664920925,2366,1982,40,Male,Y,1230,"Greenock (central and east: Bogston, Bridgend, Cartsdyke, Gibshill, Greenock Central, Ladyburn, Upper Ingleston)",Inverclyde,PA15,Glasgow
ragin',55.95983941191543,-4.175079559810254,1664920964,2301,2006,16,Female,School,509,Lenzie,"East Dunbartonshire",G66,Glasgow
ragin',55.94577577077688,-4.7514480026343735,1664920990,2369,2000,22,Other,Y,1230,"Greenock (central and east: Bogston, Bridgend, Cartsdyke, Gibshill, Greenock Central, Ladyburn, Upper Ingleston)",Inverclyde,PA15,Glasgow
ragin',55.837687643177254,-3.68126486021289,1664921044,2371,1968,54,Female,Y,364,Fauldhouse,"West Lothian",EH47,"Lothian (Edinburgh)"
ragin',57.134374150630116,-2.093463295859906,1664921063,2372,1960,62,Female,N,127,"Torry, Aberdeen",Aberdeen,"Aberdeen Southeast","North East (Aberdeen)"
ragin',57.14845111448196,-2.078471876373231,1664921374,2373,1968,54,Female,N,103,"Woodside, Aberdeen",Aberdeen,"Aberdeen Central","North East (Aberdeen)"
ragin',55.87894427995776,-3.3319027968809967,1664921715,2377,1993,29,Male,Y,317,"Marchmont, Edinburgh",Edinburgh,"Edinburgh South","Lothian (Edinburgh)"
ragin',57.362472080649205,-3.2229597666085943,1664922241,2376,1961,61,Female,N,88,Keith, Moray,AB55,"North East (Aberdeen)"
ragin',55.744631850140415,-3.8226406330658627,1664922426,2380,1995,27,Male,Y,1214,Law,"North Lanarkshire",ML8,Glasgow
ragin',57.60985883546099,-3.3826260295731916,1664922703,2384,1973,49,Female,Y,737,Elgin,Moray,IV30,"North East (Aberdeen)"
ragin',57.163848129628555,-2.6792345039830154,1664923147,2390,1980,42,Female,Y,25,Torphins,Aberdeenshire,AB31,"North East (Aberdeen)"
ragin',55.8177353046439,-4.059338775860265,1664923305,2391,1966,56,Male,Y,525,Uddingston,"South Lanarkshire",G71,Glasgow
ragin',57.595455946157344,-2.986595821852899,1664923366,2393,1993,29,Female,Y,90,Buckie,Moray,AB56,"North East (Aberdeen)"
ragin',56.11578965602016,-3.2882946551981758,1664923769,2395,1956,66,Female,Y,1125,Ballingry,Fife,KY5,Fife
ragin',59.307912709280394,-2.9774894605992652,1664923926,2398,1987,35,Female,Y,1025,"Orkney Islands",Orkney,KW17,"Orkney Islands"
ragin',55.52733108898493,-4.563602700078658,1664923981,2401,1967,55,Male,Y,873,Prestwick,"South Ayrshire",KA9,Ayrshire
ragin',55.95438868487,-3.2559062599910837,1664924125,2400,1963,59,Female,Y,294,"Stockbridge, Edinburgh",Edinburgh,"Edinburgh North","Lothian (Edinburgh)"
ragin',56.467074711059176,-2.9746520312970173,1664924196,2403,1990,32,Female,N,243,"Hilltown, Dundee",Dundee,"Dundee Central","Tayside and Angus (Dundee)"
ragin',57.89842155820918,-4.171371517785623,1664924450,2405,1987,35,Female,Y,726,Dornoch,Highland,IV25,"Highlands (Inverness)"
ragin',56.177291003351314,-3.0337726786531185,1664924457,2406,1983,39,Male,Y,1138,Buckhaven,Fife,KY8,Fife
ragin',55.02092483257616,-3.5696930195290544,1664924779,2410,1972,50,Female,Y,186,"Dumfries (centre and east: Dalscone, Georgetown, Heathhall, Kingholm Quay, Noblehill, The Crichton)","Dumfries and Galloway",DG1,"Dumfries and Galloway"
ragin',55.952470071008506,-3.1372897294050244,1664924943,2408,1992,30,Female,Y,281,"Portobello, Edinburgh",Edinburgh,"Edinburgh Duddingston","Lothian (Edinburgh)"
ragin',57.666656169792475,-3.4784301641641435,1664925146,2412,1983,39,Female,Y,737,Elgin,Moray,IV30,"North East (Aberdeen)"
ragin',55.51955914946618,-4.586357242826548,1664925565,2413,1987,35,Female,Y,873,Prestwick,"South Ayrshire",KA9,Ayrshire
ragin',55.1117670226852,-4.458895718361401,1664925981,2415,1997,25,Male,Y,225,"Newton Stewart","Dumfries and Galloway",DG8,"Dumfries and Galloway"
ragin',55.953409185500085,-3.1711134141031545,1664926041,2417,1970,52,Male,N,267,"Sighthill, Edinburgh",Edinburgh,"Edinburgh Central","Lothian (Edinburgh)"
ragin',57.130346793777825,-2.2404652153326152,1664926161,2418,1955,67,Female,Y,108,"Craigiebuckler, Aberdeen",Aberdeen,"Aberdeen North","North East (Aberdeen)"
ragin',55.98149675785012,-4.642173495401615,1664926768,2420,1982,40,Male,N,549,Dumbarton,"West Dunbartonshire",G82,Glasgow
ragin',56.5112815652904,-3.3856658910225423,1664927310,2422,1961,61,Female,Y,1354,"Perth (south and east: Barnhill, Bridgend, Craigie, Kincarrathie, Upper Craigie)","Perth and Kinross",PH2,Fife
ragin',56.00053389880951,-4.452040048445319,1664927338,2421,1981,41,Female,Y,549,Dumbarton,"West Dunbartonshire",G82,Glasgow
ragin',55.97937030892301,-4.12597824287105,1664927708,2423,1961,61,Female,Y,509,Lenzie,"East Dunbartonshire",G66,Glasgow
ragin',55.2379594124176,-3.6271122147226493,1664927965,2424,1997,25,Male,Y,186,"Dumfries (centre and east: Dalscone, Georgetown, Heathhall, Kingholm Quay, Noblehill, The Crichton)","Dumfries and Galloway",DG1,"Dumfries and Galloway"
ragin',55.882189825406996,-4.254365618786086,1664928814,2425,1977,45,Male,N,626,"Haghill, Glasgow",Glasgow,"Glasgow Northeast",Glasgow
ragin',55.87278035062788,-3.3914593399201136,1664935419,2430,1953,69,Female,Y,313,"Colinton, Edinburgh",Edinburgh,"Edinburgh South","Lothian (Edinburgh)"
ragin',55.604720059138515,-4.641793869399407,1664935949,2432,1971,51,Male,N,785,"Irvine (east, south: Perceton, Lawthorn, Girdle Toll, Stanecastle, Bourtreehill, Broomlands, Dreghorn, Springside)","North Ayrshire",KA11,Ayrshire
ragin',56.3015165615316,-3.5652404859211666,1664937433,2434,1992,30,Female,Y,1354,"Perth (south and east: Barnhill, Bridgend, Craigie, Kincarrathie, Upper Craigie)","Perth and Kinross",PH2,Fife
ragin',55.940201300684386,-3.46806567564058,1664940330,2437,1963,59,Male,Y,371,Broxburn,"West Lothian",EH52,"Lothian (Edinburgh)"
ragin',55.86306928331493,-4.196313495774952,1664942164,2439,1961,61,Female,N,627,"Dennistoun, Glasgow",Glasgow,"Glasgow Northeast",Glasgow
ragin',57.26839308661841,-2.4787136142431967,1664943808,2442,1999,23,Other,Y,64,Inverurie,Aberdeenshire,AB51,"North East (Aberdeen)"
ragin',57.69792358282537,-3.27931013127382,1664945043,2445,1962,60,Female,Y,738,Lossiemouth,Moray,IV31,"North East (Aberdeen)"
ragin',55.902658639503365,-3.2383504843167588,1664945542,2446,1983,39,Female,N,305,"Oxgangs, Edinburgh",Edinburgh,"Edinburgh Oxgangs","Lothian (Edinburgh)"
ragin',55.193968399275334,-3.573119479880399,1664946092,2448,1986,36,Female,Y,186,"Dumfries (centre and east: Dalscone, Georgetown, Heathhall, Kingholm Quay, Noblehill, The Crichton)","Dumfries and Galloway",DG1,"Dumfries and Galloway"
ragin',54.99718726166251,-3.757346640388678,1664946712,2451,1987,35,Male,Y,207,"Dumfries (west: Broomlands, Cargenbridge, Lochside, Maxwelltown, Troqueer)","Dumfries and Galloway",DG2,"Dumfries and Galloway"
ragin',56.88864493047427,-3.146406093241886,1664946975,2447,1994,28,Female,Y,181,Kirriemuir,Angus,DD8,"Tayside and Angus (Dundee)"
ragin',57.59487840139235,-1.8996540070739838,1664948018,2453,1995,27,Female,N,57,Fraserburgh,Aberdeenshire,AB43,"North East (Aberdeen)"
ragin',56.77191647794939,-2.74149849783297,1664948140,2454,1990,32,Female,Y,182,Brechin,Angus,DD9,"Tayside and Angus (Dundee)"
ragin',55.95237572276291,-3.1958911862925685,1664948231,2455,1979,43,Female,Y,267,"Sighthill, Edinburgh",Edinburgh,"Edinburgh Central","Lothian (Edinburgh)"
ragin',58.36032827449873,-5.075405911957307,1664948328,2456,1961,61,Female,N,731,Tongue,Highland,IV27,"Highlands (Inverness)"
ragin',57.04873592467419,-2.2703219532454555,1664948911,2457,1976,46,Female,Y,48,Stonehaven,Aberdeenshire,AB39,"North East (Aberdeen)"
ragin',56.479566691437014,-2.8405550980757237,1664949043,2458,1990,32,Male,Y,247,"Broughty Ferry, Dundee",Dundee,"Dundee East","Tayside and Angus (Dundee)"
ragin',56.0554205907943,-3.4076104414679556,1664949083,2459,1978,44,Male,Y,1091,Inverkeithing,Fife,KY11,Fife
ragin',57.66103703212273,-2.807330888886236,1664949412,2460,1992,30,Female,Y,91,Cullen,Moray,AB56,"North East (Aberdeen)"
ragin',55.96059500388047,-3.222166475148369,1664949544,2463,1981,41,Female,Y,287,"Corstorphine, Edinburgh",Edinburgh,"Edinburgh North","Lothian (Edinburgh)"
ragin',55.971048777388425,-3.185886168211835,1664949651,2464,1973,49,Female,N,285,"Leith, Edinburgh",Edinburgh,"Edinburgh Leith","Lothian (Edinburgh)"
ragin',55.76443776296382,-4.164483031740938,1664949928,2465,1953,69,Female,N,530,"East Kilbride (north: The Village, East Mains, West Mains, Lymekilns, St Leonards, Calderwood, Nerston, Stewartfield, Peel Park)","South Lanarkshire",G74,Glasgow
ragin',56.49560528419925,-2.8295197331556237,1664951211,2468,1956,66,Female,Y,247,"Broughty Ferry, Dundee",Dundee,"Dundee East","Tayside and Angus (Dundee)"
ragin',55.443775010862396,-4.60275019451255,1664951245,2471,1994,28,Female,Y,856,"Ayr (Centre)","South Ayrshire",KA7,Ayrshire
ragin',56.237158729883355,-3.1287309517094966,1664951336,2472,1962,60,Female,Y,1134,Markinch,Fife,KY7,Fife
ragin',55.90302656715999,-3.2500394181640693,1664951423,2473,1963,59,Female,Y,314,"Morningside, Edinburgh",Edinburgh,"Edinburgh South","Lothian (Edinburgh)"
ragin',55.64165755973619,-4.773490729304126,1664951532,2474,1979,43,Female,Y,812,Saltcoats,"East Ayrshire",KA21,Ayrshire
ragin',56.138338333716504,-3.1871047083149064,1664951870,2476,1960,62,Female,Y,1117,"Kirkcaldy (west: Hayfield, Templehall, Newliston, Chapel, Dunnikier, Bennochy)",Fife,KY2,Fife
ragin',56.47937369212132,-2.8137055535111233,1664951891,2468,1956,66,Female,Y,247,"Broughty Ferry, Dundee",Dundee,"Dundee East","Tayside and Angus (Dundee)"
ragin',55.69562164754558,-4.6358647200249665,1664952056,2477,1999,23,Female,Y,788,Kilwinning,"North Ayrshire",KA13,Ayrshire
ragin',57.593010339331826,-1.8494576910627636,1664952384,2478,1991,31,Female,Y,54,Peterhead,Aberdeenshire,AB42,"North East (Aberdeen)"
ragin',56.15611226633272,-3.7979593135991507,1664952719,2480,1957,65,Male,N,393,Alva,Clackmannanshire,FK12,"Stirling and Falkirk"
ragin',56.46790269201389,-2.9336425266760147,1664953218,2482,1948,74,Female,N,250,"Downfield, Dundee",Dundee,"Dundee North","Tayside and Angus (Dundee)"
ragin',56.515698766902865,-2.7621357291072974,1664953415,2485,1997,25,Female,Y,178,Carnoustie,Angus,DD7,"Tayside and Angus (Dundee)"
ragin',56.4227976464281,-5.919210452072521,1664953575,2486,1976,46,Male,N,1295,"Salen, Isle of Mull","Argyll and Bute",PA72,"Argyll and Bute"
ragin',55.401413621289116,-4.652182165762982,1664953606,2487,1959,63,Male,Y,856,"Ayr (Centre)","South Ayrshire",KA7,Ayrshire
ragin',55.84157169323772,-4.2435655240333405,1664953727,2488,1988,34,Male,Y,680,"Crookston, Glasgow",Glasgow,"Glasgow Southwest",Glasgow
ragin',55.98069530780865,-3.188998195586046,1664953811,2489,1972,50,Male,Y,299,"Broughton, Edinburgh",Edinburgh,"Edinburgh North","Lothian (Edinburgh)"
ragin',55.768183015694305,-3.958462107394649,1664954046,2490,1961,61,Female,N,1180,Wishaw,"North Lanarkshire",ML2,Glasgow
ragin',56.946714749708605,-3.055741499415574,1664954201,2491,1995,27,Female,Y,183,Edzell,Angus,DD9,"Tayside and Angus (Dundee)"
ragin',56.30542400694586,-3.557653524059762,1664954559,2494,1995,27,Male,N,1354,"Perth (south and east: Barnhill, Bridgend, Craigie, Kincarrathie, Upper Craigie)","Perth and Kinross",PH2,Fife
ragin',57.19072589265068,-2.10076261095984,1664954773,2495,1978,44,Male,Y,113,"Bridge of Don, Aberdeen",Aberdeen,"Aberdeen North","North East (Aberdeen)"
ragin',55.61952831568572,-4.690545247682369,1664954963,2496,1984,38,Male,Y,787,"Irvine (centre: Castlepark, Tarryholme)","North Ayrshire",KA12,Ayrshire
ragin',55.867597637399584,-4.240179772106737,1664955254,2498,1954,68,Female,Y,577,"City centre, Glasgow",Glasgow,"Glasgow City Centre",Glasgow
ragin',55.89523556973386,-4.310588880018493,1664955672,2497,1971,51,Female,N,609,"Garthamlock, Glasgow",Glasgow,"Glasgow Northeast",Glasgow
ragin',57.13829220941556,-2.1222143582128528,1664955715,2501,1993,29,Male,Y,131,"Milltimber, Aberdeen",Aberdeen,"Aberdeen Southwest","North East (Aberdeen)"
ragin',55.761983882663735,-4.17077399707313,1664955884,2502,1977,45,Female,Y,530,"East Kilbride (north: The Village, East Mains, West Mains, Lymekilns, St Leonards, Calderwood, Nerston, Stewartfield, Peel Park)","South Lanarkshire",G74,Glasgow
ragin',55.8366772915346,-4.373637389977174,1664956038,2503,1953,69,Female,Y,672,"Govan, Glasgow",Glasgow,"Glasgow Southwest",Glasgow
ragin',55.88521742572487,-4.040080710736633,1664956204,2504,1982,40,Male,Y,1189,Coatbridge,"North Lanarkshire",ML5,Glasgow
ragin',55.91441393995899,-4.020084676254905,1664956379,2505,1970,52,Female,Y,514,"Cumbernauld (south: Condorrat, Lenziemill, Carbrain, Kildrum, Cumbernauld Village, Abronhill, Seafar)","North Lanarkshire",G67,Glasgow
ragin',56.28922615466031,-3.4859840247093254,1664956388,2506,1989,33,Male,N,1354,"Perth (south and east: Barnhill, Bridgend, Craigie, Kincarrathie, Upper Craigie)","Perth and Kinross",PH2,Fife
ragin',54.704965861835724,-4.928322910247238,1664956428,2508,1990,32,Female,Y,231,Stranraer,"Dumfries and Galloway",DG9,"Dumfries and Galloway"
ragin',55.804743332193475,-4.318073746246577,1664956579,2509,1980,42,Female,Y,653,"Netherlee, Glasgow",Glasgow,"Glasgow South",Glasgow
ragin',57.56506887414248,-3.3405522617224706,1664956838,2510,1994,28,Female,Y,737,Elgin,Moray,IV30,"North East (Aberdeen)"
ragin',56.199812802569944,-3.2009527892010134,1664956871,2511,1978,44,Female,Y,1129,"Glenrothes (west: Caskieberran, Rimbleton, Macedonia, Tanshall)",Fife,KY6,Fife
ragin',57.13993852364165,-2.3187496194508563,1664957438,2513,1992,30,Female,Y,28,Westhill,Aberdeenshire,AB32,"North East (Aberdeen)"
ragin',56.10555842435003,-3.423746300515998,1664957496,2514,1998,24,Male,Y,1095,Culross,Fife,KY12,Fife
ragin',55.86609711034751,-4.058495034648363,1664957725,1036,1964,58,Male,N,1190,Glenboig,"North Lanarkshire",ML5,Glasgow
ragin',55.74952024884311,-3.967104572215767,1664957732,2515,1993,29,Female,Y,1217,Larkhall,"North Lanarkshire",ML9,Glasgow
ragin',55.93223816102555,-4.354990879523276,1664957860,2518,1993,29,Female,Y,488,Bearsden,"East Dunbartonshire",G61,Glasgow
ragin',56.00332742592751,-5.4668648373408475,1664957869,2521,1980,42,Female,Y,1250,Ardrishaig,"Argyll and Bute",PA30,"Argyll and Bute"
ragin',56.21333564401869,-5.420044513897844,1664957903,2522,1983,39,Female,Y,1254,Lochgilphead,"Argyll and Bute",PA31,"Argyll and Bute"
ragin',55.83479338456293,-4.5199841886241545,1664958184,2525,1969,53,Female,N,1275,Elderslie,Renfrewshire,PA5,Glasgow
ragin',55.936766407500635,-3.185034962551463,1664958199,2523,1977,45,Male,N,311,"Currie, Edinburgh",Edinburgh,"Edinburgh South","Lothian (Edinburgh)"
ragin',55.78502414313228,-4.520409378913266,1664958231,2524,1972,50,Female,Y,1236,"Paisley (south: Blackhall, Castlehead, Dykebar, Foxbar, Hunterhill, Meikleriggs)",Renfrewshire,PA2,Glasgow
ragin',55.9756313884582,-3.6817007214880046,1664958342,2529,1982,40,Male,N,424,Maddiston, Falkirk,FK2,"Stirling and Falkirk"
ragin',56.153875716417716,-3.7331340947675073,1664958353,2528,1995,27,Male,Y,396,Tillicoultry,Clackmannanshire,FK13,"Stirling and Falkirk"
ragin',57.109003459490594,-2.2164576391582855,1664958374,2516,1993,29,Male,Y,132,"Peterculter, Aberdeen",Aberdeen,"Aberdeen Southwest","North East (Aberdeen)"
ragin',55.9272556426446,-3.9718143928449234,1664958433,2532,1962,60,Female,N,514,"Cumbernauld (south: Condorrat, Lenziemill, Carbrain, Kildrum, Cumbernauld Village, Abronhill, Seafar)","North Lanarkshire",G67,Glasgow
ragin',55.86520801886365,-4.3487012316537585,1664958437,2533,1984,38,Male,Y,665,"Pollockshaws, Glasgow",Glasgow,"Glasgow Southwest",Glasgow
ragin',55.706024072738984,-4.234402305323346,1664958494,2531,1967,55,Female,Y,536,"Carmunnock, Glasgow",Glasgow,G76,Glasgow
ragin',55.80641369689695,-4.316854635748793,1664958652,2535,2000,22,Female,Y,648,"Shawlands, Glasgow",Glasgow,"Glasgow South",Glasgow
ragin',56.102556950861086,-4.24614878994584,1664958807,2536,1999,23,Female,Y,465,Aberfoyle,Stirlingshire,FK8,"Stirling and Falkirk"
ragin',55.849590894203175,-4.247527768644457,1664958946,2541,1979,43,Female,Y,672,"Govan, Glasgow",Glasgow,"Glasgow Southwest",Glasgow
ragin',55.91471803288908,-3.9949731691707826,1664958957,2540,1968,54,Male,Y,514,"Cumbernauld (south: Condorrat, Lenziemill, Carbrain, Kildrum, Cumbernauld Village, Abronhill, Seafar)","North Lanarkshire",G67,Glasgow
ragin',55.78302024434705,-3.889199751361707,1664959164,2544,1956,66,Male,Y,1180,Wishaw,"North Lanarkshire",ML2,Glasgow
ragin',55.094432660904054,-4.641706759670729,1664959357,2546,2004,18,Female,Y,226,"Port William","Dumfries and Galloway",DG8,"Dumfries and Galloway"
ragin',55.91312350484357,-4.287342114854768,1664959500,2549,1985,37,Male,N,481,"Lambhill, Glasgow",Glasgow,G23,Glasgow
ragin',55.85710697433705,-4.576553578940574,1664959550,2550,1976,46,Female,N,1224,"Bridge of Weir",Renfrewshire,PA11,Glasgow
ragin',56.46480749399949,-2.9914447355304694,1664960203,2554,1984,38,Male,N,240,"Ardler, Dundee",Dundee,"Dundee Central","Tayside and Angus (Dundee)"
ragin',56.36237111834943,-3.5068435056632534,1664960405,2555,1987,35,Female,Y,1354,"Perth (south and east: Barnhill, Bridgend, Craigie, Kincarrathie, Upper Craigie)","Perth and Kinross",PH2,Fife
ragin',57.091561632186334,-4.397461436976439,1664960582,2556,1968,54,Female,Y,1376,"Fort Augustus",Highland,PH32,"Highlands (Inverness)"
ragin',55.81097717135934,-3.8124457382325256,1664960960,2558,1971,51,Female,N,1209,Shotts,"North Lanarkshire",ML7,Glasgow
ragin',56.48448009665415,-2.9389077036014393,1664961206,2559,1947,75,Female,Y,255,"Fintry, Dundee",Dundee,"Dundee North","Tayside and Angus (Dundee)"
ragin',55.92053721528671,-4.374688854970477,1664961449,2563,1994,28,Female,Y,641,"Knightswood, Glasgow",Glasgow,"Glasgow Northwest",Glasgow
ragin',56.478088495231226,-2.9651055158223962,1664961481,2564,1961,61,Female,N,236,"Lochee, Dundee",Dundee,"Dundee Central","Tayside and Angus (Dundee)"
ragin',56.46933071759214,-2.9934375705034424,1664961843,2567,1962,60,Male,Y,245,"Law, Dundee",Dundee,"Dundee Central","Tayside and Angus (Dundee)"
ragin',55.75372628296401,-3.7812527632376156,1664962055,2568,1980,42,Female,Y,1212,Carluke,"South Lanarkshire",ML8,Glasgow
ragin',55.85035500409264,-4.378653981536021,1664962329,2572,2001,21,Female,Y,1220,"Paisley (central, east and north east: Ferguslie, Oldhall, Seedhill, Williamsburgh, Whitehaugh)",Renfrewshire,PA1,Glasgow
ragin',55.85790178207322,-4.05469256869904,1664962506,1036,1964,58,Male,N,1190,Glenboig,"North Lanarkshire",ML5,Glasgow
ragin',57.6104700570684,-2.318996137060323,1664962604,2575,1977,45,Female,Y,78,Turriff,Aberdeenshire,AB53,"North East (Aberdeen)"
ragin',55.86157071778901,-4.4656265095635765,1664963154,2580,1964,58,Female,N,1249,"Paisley (north west: Ferguslie Park, Gallowhill, Gockston, Shortroods, )",Renfrewshire,PA3,Glasgow
ragin',55.89242405478011,-4.480289462742346,1664963191,2583,1977,45,Male,Y,1292,Bishopton,Renfrewshire,PA7,Glasgow
ragin',55.84432105175717,-4.298718661121543,1664963205,2582,1988,34,Female,N,659,"Deaconsbank, Glasgow",Glasgow,"Glasgow South",Glasgow
ragin',55.88933621824474,-4.761166167410042,1664963601,2588,1988,34,Female,Y,1232,Inverkip,Inverclyde,PA16,Glasgow
ragin',56.05032380925474,-3.469142819792443,1664963691,2587,1965,57,Male,N,1094,Rosyth,Fife,KY11,Fife
ragin',55.8848921578253,-4.21305367033706,1664963801,2589,1954,68,Male,N,616,"Calton, Glasgow",Glasgow,"Glasgow Northeast",Glasgow
ragin',56.03337793425227,-3.881444473517157,1664963876,2592,1982,40,Male,Y,452,Denny,Falkirk,FK6,"Stirling and Falkirk"
ragin',55.621208077354545,-5.580406769015947,1664964112,2597,2000,22,Female,Y,1246,Campbeltown,"Argyll and Bute",PA28,"Argyll and Bute"
ragin',55.96390791974322,-3.134336325082758,1664964357,2598,1964,58,Male,Y,285,"Leith, Edinburgh",Edinburgh,"Edinburgh Leith","Lothian (Edinburgh)"
ragin',57.65925491433266,-7.181535127664331,1664964459,2599,1985,37,Female,Y,693,"Isle of North Uist","Western Isles",HS6,"Western Isles"
ragin',56.46266168232945,-3.025806133444697,1664965208,2602,2001,21,Female,Y,261,"Westend, Dundee",Dundee,"Dundee West","Tayside and Angus (Dundee)"
ragin',58.34603142758574,-3.7956321271280595,1664965658,2606,1992,30,Female,Y,913,Halkirk,Highland,KW12,"Highlands (Inverness)"
ragin',57.14561363537493,-4.358102256499642,1664965891,2608,1976,46,Male,Y,713,Culloden,Highland,IV2,"Highlands (Inverness)"
ragin',55.85813109741995,-4.42774403894428,1664966078,2610,1967,55,Male,Y,1249,"Paisley (north west: Ferguslie Park, Gallowhill, Gockston, Shortroods, )",Renfrewshire,PA3,Glasgow
ragin',57.16734882180767,-2.2963899705529487,1664966420,2612,2004,18,Other,Y,28,Westhill,Aberdeenshire,AB32,"North East (Aberdeen)"
ragin',55.91882099648337,-4.379056140091086,1664966836,2614,1960,62,Male,N,640,"Whiteinch, Glasgow",Glasgow,"Glasgow Northwest",Glasgow
ragin',56.18516296660686,-3.584175146198736,1664966995,2615,1971,51,Male,Y,1098,Kinross,"Perth and Kinross",KY13,Fife
ragin',54.8917899793753,-3.5980925060660462,1664967062,2595,1992,30,Female,Y,207,"Dumfries (west: Broomlands, Cargenbridge, Lochside, Maxwelltown, Troqueer)","Dumfries and Galloway",DG2,"Dumfries and Galloway"
ragin',57.14858767361793,-2.1687447241896716,1664967103,2616,1959,63,Female,Y,100,"Cornhill, Aberdeen",Aberdeen,"Aberdeen Central","North East (Aberdeen)"
ragin',57.369852096246014,-2.6459619616701615,1664967485,2617,1942,80,Female,Y,70,Insch,Aberdeenshire,AB52,"North East (Aberdeen)"
ragin',56.0648380375577,-3.2242516399662366,1664967640,2620,1964,58,Male,Y,1119,Burntisland,Fife,KY3,Fife
ragin',55.90143501726053,-4.347092724473429,1664967761,2622,1986,36,Female,Y,639,"Scotstoun, Glasgow",Glasgow,"Glasgow Northwest",Glasgow
ragin',55.9149003672415,-4.37768801315016,1664967945,2625,1988,34,Female,Y,644,"Partick, Glasgow",Glasgow,"Glasgow Northwest",Glasgow
ragin',56.93883843662361,-2.3279793816309486,1664968068,2626,1998,24,Female,Y,48,Stonehaven,Aberdeenshire,AB39,"North East (Aberdeen)"
ragin',57.01219685855475,-2.2406575592725173,1664968269,2628,1981,41,Female,Y,48,Stonehaven,Aberdeenshire,AB39,"North East (Aberdeen)"
ragin',57.33386416018254,-2.222152650561796,1664968790,2630,1986,36,Male,Y,51,Tarves,Aberdeenshire,AB41,"North East (Aberdeen)"
ragin',55.86268422919401,-3.092849328528208,1664968887,2624,1979,43,Female,N,328,Bonnyrigg,Midlothian,EH19,"Lothian (Edinburgh)"
ragin',57.16841320962306,-2.183094620856321,1664969051,2631,1994,28,Female,Y,107,"Rosemount, Aberdeen",Aberdeen,"Aberdeen Central","North East (Aberdeen)"
ragin',56.46457467235343,-3.0351399365483185,1664969239,2635,1986,36,Male,N,260,"City centre, Dundee",Dundee,"Dundee West","Tayside and Angus (Dundee)"
ragin',55.82664243108434,-4.193025603502529,1664969246,2634,1974,48,Male,Y,529,Cambuslang,"South Lanarkshire",G72,Glasgow
ragin',56.49060150095985,-3.0321897800458713,1664969252,2636,1987,35,Male,N,238,"Menzieshill, Dundee",Dundee,"Dundee Central","Tayside and Angus (Dundee)"
ragin',55.81065016268522,-4.084432169746168,1664969283,2632,1988,34,Male,Y,523,Bothwell,"South Lanarkshire",G71,Glasgow
ragin',55.9205338875031,-4.840365449932585,1664969294,2633,1957,65,Male,N,1231,"Greenock (west: Bow Farm, Braeside, Branchton, Fort Matilda, Gateside, Greenock West, Overton, Pennyfern, Smithston)",Inverclyde,PA16,Glasgow
ragin',55.873451331025436,-4.164116507050167,1664969322,2642,1996,26,Male,Y,637,"Woodside, Glasgow",Glasgow,"Glasgow Northeast",Glasgow
ragin',55.902661556969484,-4.84827143539734,1664969351,2262,1955,67,Female,Y,1231,"Greenock (west: Bow Farm, Braeside, Branchton, Fort Matilda, Gateside, Greenock West, Overton, Pennyfern, Smithston)",Inverclyde,PA16,Glasgow
ragin',56.06062963064386,-3.444649847496405,1664969392,2648,1961,61,Female,Y,1092,Limekilns,Fife,KY11,Fife
ragin',55.63226867732232,-4.748759807120168,1664969406,2645,1979,43,Male,Y,811,Stevenston,"North Ayrshire",KA20,Ayrshire
ragin',55.913162715380935,-4.437926560262035,1664969406,2652,1968,54,Male,Y,546,Clydebank,"West Dunbartonshire",G81,Glasgow
ragin',55.90687556906317,-4.098589794691292,1664969439,2659,1994,28,Male,Y,520,Gartcosh,"North Lanarkshire",G69,Glasgow
ragin',55.87431342385543,-4.288391074540117,1664969441,2660,1988,34,Male,Y,590,"Hyndland, Glasgow",Glasgow,"Glasgow Kelvin",Glasgow
ragin',57.159391819549974,-2.090906658280797,1664969469,2655,1997,25,Male,N,98,"Northfield, Aberdeen",Aberdeen,"Aberdeen Central","North East (Aberdeen)"
ragin',56.86043149533947,-3.1099756555139195,1664969496,2665,1986,36,Male,Y,179,Forfar,Angus,DD8,"Tayside and Angus (Dundee)"
ragin',55.92626539442445,-4.37973597491063,1664969504,2647,1974,48,Female,N,488,Bearsden,"East Dunbartonshire",G61,Glasgow
ragin',56.041377746652316,-3.8386730140696432,1664969523,2668,1998,24,Male,N,450,Stenhousemuir,Falkirk,FK5,"Stirling and Falkirk"
ragin',55.90085167817678,-3.5804822523984043,1664969544,2672,1978,44,Male,N,375,Livingston,"West Lothian",EH54,"Lothian (Edinburgh)"
ragin',55.639479017608544,-3.842686599281516,1664969552,2670,1987,35,Female,Y,1167,Lanark,"South Lanarkshire",ML11,Glasgow
ragin',55.84987596811082,-4.017737955310333,1664969583,2669,1985,37,Male,Y,1189,Coatbridge,"North Lanarkshire",ML5,Glasgow
ragin',56.23756514843236,-3.111735126977944,1664969603,2677,1997,25,Male,Y,1133,"Glenrothes (centre and east: Pitteuchar, Finglassie, Stenton, Auchmuty, Pitcoudie, Balfarg, Pircairn, Collydean)",Fife,KY7,Fife
ragin',55.52097563384432,-4.603483895344127,1664969608,2671,1988,34,Male,Y,873,Prestwick,"South Ayrshire",KA9,Ayrshire
ragin',56.01893137981711,-3.4184530811089813,1664969655,2674,1990,32,Female,Y,1089,"Dalgety Bay",Fife,KY11,Fife
ragin',55.74915975319819,-4.213965091283337,1664969665,2685,1980,42,Female,N,534,"East Kilbride (south: Hairmyres, Westwood, The Murray, Murray East, Whitehills, Greenhill, Newlandsmuir, Gardenhall, Crosshouse, Newlands, Lindsayfield, Mossneuk)","South Lanarkshire",G75,Glasgow
ragin',55.8739260200499,-3.9149195323189705,1664969692,2681,1982,40,Female,Y,1192,Airdrie,"North Lanarkshire",ML6,Glasgow
ragin',56.659757025728226,-2.5969920491254763,1664969695,2684,1967,55,Female,Y,141,Arbroath,Angus,DD11,"Tayside and Angus (Dundee)"
ragin',55.76694331493619,-4.112976699637151,1664969706,2683,1955,67,Female,Y,1183,Hamilton,"South Lanarkshire",ML3,Glasgow
ragin',57.09175639293036,-4.3360649091554375,1664969717,2688,1991,31,Male,Y,1376,"Fort Augustus",Highland,PH32,"Highlands (Inverness)"
ragin',55.80915301505252,-4.123470909452358,1664969729,2693,1982,40,Female,Y,528,Blantyre,"South Lanarkshire",G72,Glasgow
ragin',57.17515148738413,-2.6073265925119236,1664969733,2686,1977,45,Male,Y,64,Inverurie,Aberdeenshire,AB51,"North East (Aberdeen)"
ragin',56.49071000541233,-2.99650954941891,1664969736,2680,1999,23,Other,Y,244,"Stobswell, Dundee",Dundee,"Dundee Central","Tayside and Angus (Dundee)"
ragin',55.93954091926522,-3.1864335940496833,1664969782,2697,1991,31,Female,Y,312,"Juniper Green, Edinburgh",Edinburgh,"Edinburgh South","Lothian (Edinburgh)"
ragin',55.551366203492044,-4.522064961435926,1664969798,2656,1989,33,Male,Y,779,"Kilmarnock (centre and south: Bonnyton, Grange, Bellfield, Shortlees, Caprington, Riccarton, Hurlford)","East Ayrshire",KA1,Ayrshire
ragin',55.878376516636834,-4.040894252158322,1664969805,2669,1985,37,Male,Y,1189,Coatbridge,"North Lanarkshire",ML5,Glasgow
ragin',54.99088566875402,-4.3880998133346605,1664969845,2687,1959,63,Male,Y,223,Glenluce,"Dumfries and Galloway",DG8,"Dumfries and Galloway"
ragin',55.823132211542806,-4.302194907443025,1664969858,2698,1976,46,Male,Y,652,"King's Park, Glasgow",Glasgow,"Glasgow South",Glasgow
ragin',56.0966287167561,-3.8150819940918757,1664969913,2703,1988,34,Female,Y,458,Cambusbarron,Stirlingshire,FK7,"Stirling and Falkirk"
ragin',55.8603627206092,-4.112214683942864,1664969938,2709,1965,57,Male,Y,636,"Ruchill, Glasgow",Glasgow,"Glasgow Northeast",Glasgow
ragin',56.00730695560848,-3.653081970809925,1664969942,2706,1985,37,Male,Y,370,Bo'ness,Falkirk,EH51,"Lothian (Edinburgh)"
ragin',55.57469192008694,-4.489493872590506,1664969945,2702,1997,25,Male,N,779,"Kilmarnock (centre and south: Bonnyton, Grange, Bellfield, Shortlees, Caprington, Riccarton, Hurlford)","East Ayrshire",KA1,Ayrshire
ragin',55.89405027994575,-4.340712876199932,1664969947,2676,1993,29,Male,Y,640,"Whiteinch, Glasgow",Glasgow,"Glasgow Northwest",Glasgow
ragin',56.469118579688654,-2.9979108145612754,1664969947,2707,1966,56,Female,N,243,"Hilltown, Dundee",Dundee,"Dundee Central","Tayside and Angus (Dundee)"
ragin',57.623808676436376,-3.4020448460546824,1664969957,2705,1954,68,Female,N,737,Elgin,Moray,IV30,"North East (Aberdeen)"
ragin',56.45901757839885,-3.4340659359770234,1664969960,2711,1997,25,Female,Y,1345,Glencarse,"Perth and Kinross",PH2,Fife
ragin',55.88378167513112,-4.3634427731982885,1664969985,2716,2000,22,Female,Y,640,"Whiteinch, Glasgow",Glasgow,"Glasgow Northwest",Glasgow
ragin',55.57797052926133,-4.29722853403255,1664969989,2708,1978,44,Male,Y,795,Newmilns,"East Ayrshire",KA16,Ayrshire
ragin',55.99632681377254,-4.47547767288253,1664970023,2710,1974,48,Female,Y,549,Dumbarton,"West Dunbartonshire",G82,Glasgow
ragin',55.899123909591104,-3.350776363469689,1664970025,2715,1989,33,Female,Y,310,"Balerno, Edinburgh",Edinburgh,"Edinburgh South","Lothian (Edinburgh)"
ragin',55.99913537318634,-4.4735110222559715,1664970040,2720,1988,34,Male,N,549,Dumbarton,"West Dunbartonshire",G82,Glasgow
ragin',55.54216153788706,-4.452679536119639,1664970062,2682,1993,29,Male,N,779,"Kilmarnock (centre and south: Bonnyton, Grange, Bellfield, Shortlees, Caprington, Riccarton, Hurlford)","East Ayrshire",KA1,Ayrshire
ragin',56.1865110119897,-3.1214271912619105,1664970099,2719,1981,41,Male,N,1133,"Glenrothes (centre and east: Pitteuchar, Finglassie, Stenton, Auchmuty, Pitcoudie, Balfarg, Pircairn, Collydean)",Fife,KY7,Fife
ragin',55.93108439610442,-4.012674019894443,1664970145,2721,1980,42,Female,Y,514,"Cumbernauld (south: Condorrat, Lenziemill, Carbrain, Kildrum, Cumbernauld Village, Abronhill, Seafar)","North Lanarkshire",G67,Glasgow
ragin',54.81243671533837,-4.041869519436905,1664970191,2726,1971,51,Male,N,217,Dundrennan,"Dumfries and Galloway",DG6,"Dumfries and Galloway"
ragin',55.90457039937821,-4.372574645516022,1664970203,2701,1996,26,Female,Y,640,"Whiteinch, Glasgow",Glasgow,"Glasgow Northwest",Glasgow
ragin',56.20550475390708,-3.1169661453016935,1664970229,2730,1992,30,Male,Y,1133,"Glenrothes (centre and east: Pitteuchar, Finglassie, Stenton, Auchmuty, Pitcoudie, Balfarg, Pircairn, Collydean)",Fife,KY7,Fife
ragin',55.80234769501527,-4.054118784077551,1664970250,2723,1967,55,Male,Y,523,Bothwell,"South Lanarkshire",G71,Glasgow
ragin',55.71161990104291,-4.181829107664662,1664970266,2725,1973,49,Male,N,534,"East Kilbride (south: Hairmyres, Westwood, The Murray, Murray East, Whitehills, Greenhill, Newlandsmuir, Gardenhall, Crosshouse, Newlands, Lindsayfield, Mossneuk)","South Lanarkshire",G75,Glasgow
ragin',56.72848631043699,-2.8852956996430073,1664970273,2732,1990,32,Male,Y,179,Forfar,Angus,DD8,"Tayside and Angus (Dundee)"
ragin',55.94201888183935,-3.2643168479250573,1664970298,2734,1983,39,Female,Y,287,"Corstorphine, Edinburgh",Edinburgh,"Edinburgh North","Lothian (Edinburgh)"
ragin',56.24138237862262,-4.09366125833393,1664970348,2742,1989,33,Male,Y,409,Doune,Stirlingshire,FK16,"Stirling and Falkirk"
ragin',55.8733735255003,-4.341517551814702,1664970353,2738,1985,37,Female,Y,644,"Partick, Glasgow",Glasgow,"Glasgow Northwest",Glasgow
ragin',55.367945778897635,-3.841095545597614,1664970407,2737,2001,21,Male,Y,212,Kirkconnel,"Dumfries and Galloway",DG4,"Dumfries and Galloway"
ragin',55.89885265680222,-4.176894812735705,1664970472,2745,1996,26,Female,Y,483,Stepps,"North Lanarkshire",G33,Glasgow
ragin',57.11007100519512,-2.2384607164467525,1664970493,2740,1974,48,Male,Y,132,"Peterculter, Aberdeen",Aberdeen,"Aberdeen Southwest","North East (Aberdeen)"
ragin',55.82338888341511,-3.9006699763983184,1664970638,2750,1968,54,Male,Y,1150,Holytown,"North Lanarkshire",ML1,Glasgow
ragin',55.78062206265143,-4.103137574152735,1664970652,2752,1974,48,Male,N,529,Cambuslang,"South Lanarkshire",G72,Glasgow
ragin',55.201277969531134,-4.145877986371124,1664970658,2751,1976,46,Female,N,222,"New Galloway","Dumfries and Galloway",DG7,"Dumfries and Galloway"
ragin',55.97479783962057,-4.117688152220813,1664970663,2637,1977,45,Male,N,507,Kirkintilloch,"East Dunbartonshire",G66,Glasgow
ragin',55.85488334648741,-4.155156634496493,1664970672,2753,1977,45,Male,Y,612,"Easterhouse, Glasgow",Glasgow,"Glasgow Northeast",Glasgow
ragin',55.80556876364302,-4.172450981475386,1664970743,2758,1981,41,Male,Y,529,Cambuslang,"South Lanarkshire",G72,Glasgow
ragin',55.921446753995845,-4.273333130460527,1664970743,2761,1967,55,Female,Y,481,"Lambhill, Glasgow",Glasgow,G23,Glasgow
ragin',56.34311077946432,-5.351669586102572,1664970748,2756,1993,29,Other,Y,1257,Oban,"Argyll and Bute",PA34,"Argyll and Bute"
ragin',55.49912568752285,-2.536479745423351,1664970784,2755,1977,45,Male,Y,1486,Jedburgh,"Scottish Borders",TD8,Borders
ragin',57.279931769544696,-4.340482032781461,1664970802,2762,1982,40,Male,Y,713,Culloden,Highland,IV2,"Highlands (Inverness)"
ragin',55.9259090998228,-4.38094054823917,1664970808,2764,1964,58,Male,Y,488,Bearsden,"East Dunbartonshire",G61,Glasgow
ragin',55.86917872304588,-4.293544311951984,1664970817,2763,1996,26,Male,N,588,"Broomhill, Glasgow",Glasgow,"Glasgow Kelvin",Glasgow
ragin',55.88133591932981,-3.5162727541863634,1664970832,2765,1969,53,Female,Y,375,Livingston,"West Lothian",EH54,"Lothian (Edinburgh)"
ragin',57.59208011745837,-3.3203846965497807,1664970836,2760,1980,42,Male,N,737,Elgin,Moray,IV30,"North East (Aberdeen)"
ragin',55.87297768698216,-4.218589427105083,1664970878,2774,1988,34,Male,N,628,"Balornock, Glasgow",Glasgow,"Glasgow Northeast",Glasgow
ragin',55.75823932181013,-4.254952266373826,1664970878,2767,1962,60,Male,Y,530,"East Kilbride (north: The Village, East Mains, West Mains, Lymekilns, St Leonards, Calderwood, Nerston, Stewartfield, Peel Park)","South Lanarkshire",G74,Glasgow
ragin',57.12329897755864,-2.3201790939291946,1664970884,2771,2001,21,Male,Y,128,"Mannofield, Aberdeen",Aberdeen,"Aberdeen Southwest","North East (Aberdeen)"
ragin',55.9591519876411,-4.426550003235636,1664970894,2777,1992,30,Female,N,546,Clydebank,"West Dunbartonshire",G81,Glasgow
ragin',56.13528209816449,-3.455730783543664,1664970909,2775,1993,29,Female,Y,1121,Cowdenbeath,Fife,KY4,Fife
ragin',55.81834388898626,-4.473826508938004,1664970953,2782,1997,25,Male,Y,1236,"Paisley (south: Blackhall, Castlehead, Dykebar, Foxbar, Hunterhill, Meikleriggs)",Renfrewshire,PA2,Glasgow
ragin',55.942415199554404,-4.393974360087485,1664970965,2772,1973,49,Female,Y,546,Clydebank,"West Dunbartonshire",G81,Glasgow
ragin',56.01042222399572,-4.224967786166442,1664970985,2779,1991,31,Female,N,507,Kirkintilloch,"East Dunbartonshire",G66,Glasgow
ragin',57.56979795104634,-3.3376412293111533,1664971025,2784,1994,28,Other,Y,737,Elgin,Moray,IV30,"North East (Aberdeen)"
ragin',55.852240989308854,-4.122577256460696,1664971033,2785,1992,30,Male,N,634,"Maryhill, Glasgow",Glasgow,"Glasgow Northeast",Glasgow
ragin',55.51923854813276,-4.611805584664434,1664971207,2778,1992,30,Female,Y,873,Prestwick,"South Ayrshire",KA9,Ayrshire
ragin',56.0635393487018,-3.4351188439868174,1664971218,2788,1992,30,Male,Y,1090,"Dunfermline (south and east: Halbeath, Touch, Duloch, Masterton, Pitcorthie, Abbeyview, Brucefield, Hospital Hill, Camdean, Pitreavie)",Fife,KY11,Fife
ragin',55.75566306556834,-4.807411973882521,1664971239,2797,1971,51,Female,Y,815,Dalry,"North Ayrshire",KA24,Ayrshire
ragin',55.94457111145131,-4.109711196616843,1664971247,2792,1987,35,Male,Y,507,Kirkintilloch,"East Dunbartonshire",G66,Glasgow
ragin',55.9312070482317,-4.703502199431887,1664971277,2793,1981,41,Male,Y,1229,"Port Glasgow",Inverclyde,PA14,Glasgow
ragin',56.99416217116694,-2.329860350776561,1664971282,2801,1990,32,Female,Y,48,Stonehaven,Aberdeenshire,AB39,"North East (Aberdeen)"
ragin',55.80552830150485,-4.308598487252898,1664971283,2802,1993,29,Male,Y,648,"Shawlands, Glasgow",Glasgow,"Glasgow South",Glasgow
ragin',55.87592840737051,-4.809085686147392,1664971307,2796,2000,22,Male,Y,1233,Skelmorlie,"North Ayrshire",PA17,Ayrshire
ragin',55.89376128237401,-3.170329688268979,1664971318,2800,1994,28,Other,Y,323,"Moredun, Edinburgh",Edinburgh,"Edinburgh Southeast","Lothian (Edinburgh)"
ragin',56.105759313116806,-3.290428804522782,1664971336,2803,1981,41,Female,Y,1117,"Kirkcaldy (west: Hayfield, Templehall, Newliston, Chapel, Dunnikier, Bennochy)",Fife,KY2,Fife
ragin',56.397913454065105,-3.430951501504186,1664971344,2805,1999,23,Female,Y,1309,Bankfoot,"Perth and Kinross",PH1,Fife
ragin',55.82288838562851,-3.9816307959001436,1664971344,2798,1979,43,Male,Y,1151,Motherwell,"North Lanarkshire",ML1,Glasgow
ragin',55.86264454449436,-3.1002421260976654,1664971350,2799,1991,31,Female,N,328,Bonnyrigg,Midlothian,EH19,"Lothian (Edinburgh)"
ragin',55.90119211422242,-4.466521659189162,1664971355,2811,1982,40,Female,Y,1306,Erskine,Renfrewshire,PA8,Glasgow
ragin',55.93004386203571,-4.339962239861685,1664971395,2810,1985,37,Male,Y,488,Bearsden,"East Dunbartonshire",G61,Glasgow
ragin',55.94028242931422,-3.2095885050037225,1664971421,2807,1978,44,Male,Y,320,"Newington, Edinburgh",Edinburgh,"Edinburgh South","Lothian (Edinburgh)"
ragin',55.846872802288836,-4.445846178394669,1664971448,2813,1967,55,Male,Y,1220,"Paisley (central, east and north east: Ferguslie, Oldhall, Seedhill, Williamsburgh, Whitehaugh)",Renfrewshire,PA1,Glasgow
ragin',55.90323304658043,-3.902556979124391,1664971448,2816,1981,41,Female,Y,1192,Airdrie,"North Lanarkshire",ML6,Glasgow
ragin',55.9042086804297,-4.232372604226993,1664971503,2817,1982,40,Male,Y,503,Torrance,"East Dunbartonshire",G64,Glasgow
ragin',55.84989621236935,-4.117265933122279,1664971533,2769,1997,25,Male,N,618,"Carmyle, Glasgow",Glasgow,"Glasgow Northeast",Glasgow
ragin',55.81475080556569,-4.44038657210616,1664971538,2820,1982,40,Male,Y,1236,"Paisley (south: Blackhall, Castlehead, Dykebar, Foxbar, Hunterhill, Meikleriggs)",Renfrewshire,PA2,Glasgow
ragin',55.97397173194494,-3.2078705966673553,1664971552,2824,1991,31,Female,Y,287,"Corstorphine, Edinburgh",Edinburgh,"Edinburgh North","Lothian (Edinburgh)"
ragin',55.98949286575228,-4.917505033337744,1664971604,2829,1997,25,Female,Y,1241,Dunoon,"Argyll and Bute",PA23,"Argyll and Bute"
ragin',55.718227643567964,-4.891947882066742,1664971659,2821,1970,52,Male,Y,814,"West Kilbride","North Ayrshire",KA23,Ayrshire
ragin',55.668029569173385,-4.006740672938943,1664971727,2830,1990,32,Female,N,1217,Larkhall,"North Lanarkshire",ML9,Glasgow
ragin',56.07666388981493,-3.179382340626526,1664971786,2832,1966,56,Male,Y,1120,Kinghorn,Fife,KY3,Fife
ragin',55.95853819216628,-3.2697191829723047,1664971850,2833,2005,17,Female,School,279,"Clermiston and Drumbrae, Edinburgh",Edinburgh,"Edinburgh Clermiston Granton","Lothian (Edinburgh)"
ragin',56.47610116159676,-2.945008490904073,1664971872,2822,1944,78,Male,N,251,"Kirkton, Dundee",Dundee,"Dundee North","Tayside and Angus (Dundee)"
ragin',57.64904779980623,-2.097183939259221,1664971886,2834,1988,34,Female,Y,57,Fraserburgh,Aberdeenshire,AB43,"North East (Aberdeen)"
ragin',55.90242524657749,-4.233022638204507,1664971976,2836,1979,43,Female,Y,503,Torrance,"East Dunbartonshire",G64,Glasgow
ragin',56.876737015190265,-5.084494094318093,1664971993,2843,1993,29,Female,N,1377,"Fort William",Highland,PH33,"Highlands (Inverness)"
ragin',55.867941217364084,-4.093746091992623,1664972024,2837,1984,38,Female,Y,606,"Cranhill, Glasgow",Glasgow,"Glasgow Northeast",Glasgow
ragin',56.469061182840235,-3.0341473652766346,1664972059,2744,1993,29,Male,N,237,"Blackness, Dundee",Dundee,"Dundee Central","Tayside and Angus (Dundee)"
ragin',56.678537603375304,-3.0421018480189423,1664972094,2850,2007,15,Male,School,179,Forfar,Angus,DD8,"Tayside and Angus (Dundee)"
ragin',55.90225578093323,-5.041224044903972,1664972116,2853,1971,51,Male,Y,1241,Dunoon,"Argyll and Bute",PA23,"Argyll and Bute"
ragin',55.54195348209159,-4.666607884520633,1664972241,2858,1994,28,Male,Y,784,Troon,"South Ayrshire",KA10,Ayrshire
ragin',55.56188098365018,-4.471928499330144,1664972267,2855,1975,47,Male,Y,779,"Kilmarnock (centre and south: Bonnyton, Grange, Bellfield, Shortlees, Caprington, Riccarton, Hurlford)","East Ayrshire",KA1,Ayrshire
ragin',57.56210934207249,-3.6034659847688815,1664972323,2857,1964,58,Male,N,740,Forres,Moray,IV36,"North East (Aberdeen)"
ragin',55.82473069879362,-3.982499367094556,1664972354,2860,1994,28,Male,Y,1151,Motherwell,"North Lanarkshire",ML1,Glasgow
ragin',55.97625719271051,-3.1613939608035793,1664972367,2856,1983,39,Male,Y,285,"Leith, Edinburgh",Edinburgh,"Edinburgh Leith","Lothian (Edinburgh)"
ragin',55.47026590064286,-4.597535468503382,1664972388,2862,1997,25,Male,N,868,"Newton on Ayr","South Ayrshire",KA8,Ayrshire
ragin',55.720644185974116,-6.202223559674945,1664972392,2861,1959,63,Male,Y,1267,"Bowmore, Isle of Islay","Argyll and Bute",PA43,"Argyll and Bute"
ragin',55.96795899179177,-3.9330460533591167,1664972444,2863,1982,40,Male,Y,514,"Cumbernauld (south: Condorrat, Lenziemill, Carbrain, Kildrum, Cumbernauld Village, Abronhill, Seafar)","North Lanarkshire",G67,Glasgow
ragin',54.9930492854585,-3.1386292699297424,1664972596,2867,1975,47,Female,Y,205,Gretna,"Dumfries and Galloway",DG16,"Dumfries and Galloway"
ragin',55.90217921016329,-4.181917143815539,1664972622,2865,1960,62,Male,N,628,"Balornock, Glasgow",Glasgow,"Glasgow Northeast",Glasgow
ragin',57.692998771749686,-2.8488537259542723,1664972625,2871,1997,25,Female,Y,90,Buckie,Moray,AB56,"North East (Aberdeen)"
ragin',56.756123312882906,-3.345135353164353,1664972637,2870,1994,28,Male,Y,1321,Alyth,"Perth and Kinross",PH11,Fife
ragin',56.59613658717454,-3.3958575273383316,1664972671,2866,1995,27,Male,Y,1319,"Bridge of Cally","Perth and Kinross",PH10,Fife
ragin',55.90576447145596,-4.042900969507226,1664972707,2835,1982,40,Male,Y,1189,Coatbridge,"North Lanarkshire",ML5,Glasgow
ragin',56.24302305114136,-3.5101748423469834,1664972751,2873,1984,38,Female,Y,1098,Kinross,"Perth and Kinross",KY13,Fife
ragin',57.14712754429429,-2.286234533425134,1664972753,2874,1980,42,Male,Y,28,Westhill,Aberdeenshire,AB32,"North East (Aberdeen)"
ragin',55.94294301185339,-4.849800833815395,1664972762,2878,1970,52,Female,Y,1235,Gourock,Inverclyde,PA19,Glasgow
ragin',55.938523124004845,-3.3424976483048385,1664972776,2876,1970,52,Male,Y,304,"Cramond, Edinburgh",Edinburgh,"Edinburgh Northwest","Lothian (Edinburgh)"
ragin',56.01662849807254,-2.8191527390750233,1664972811,2882,1989,33,Male,Y,348,Prestonpans,"East Lothian",EH32,"Lothian (Edinburgh)"
ragin',58.49283824658603,-3.183891337635261,1664972818,2879,1961,61,Male,Y,876,Canisbay,Highland,KW1,"Highlands (Inverness)"
ragin',55.61650704111313,-4.433750046743778,1664972825,2880,1975,47,Female,N,837,"Kilmarnock (north: Onthank, Townholm, Altonhill, Longpark, Beansburn, New Farm Loch, Knockinlaw, Hillhead, Crookedholm)","East Ayrshire",KA3,Ayrshire
ragin',55.83364310110132,-4.067196177116572,1664972844,2877,1971,51,Female,N,525,Uddingston,"South Lanarkshire",G71,Glasgow
ragin',55.85389778006785,-4.340823500859047,1664972856,2881,1977,45,Female,Y,676,"Mosspark, Glasgow",Glasgow,"Glasgow Southwest",Glasgow
ragin',55.952849328942285,-2.733605927259756,1664972867,2885,1988,34,Female,Y,357,Haddington,"East Lothian",EH41,"Lothian (Edinburgh)"
ragin',55.76787350501647,-4.075747667200755,1664972912,2883,1985,37,Male,Y,1183,Hamilton,"South Lanarkshire",ML3,Glasgow
ragin',55.97936700427964,-3.8703227506587488,1664973013,2852,1996,26,Female,Y,377,"Falkirk (centre and south: Arnothill, Bantaskin, Callendar Park, Glen Village, Hallglen, Lionthorn, Tamfourhill, Woodlands)",Falkirk,FK1,"Stirling and Falkirk"
ragin',56.51602872720169,-2.7328204951276476,1664973056,2886,1982,40,Male,Y,178,Carnoustie,Angus,DD7,"Tayside and Angus (Dundee)"
ragin',55.808505311204385,-4.0471591360929,1664973070,2890,1980,42,Male,Y,525,Uddingston,"South Lanarkshire",G71,Glasgow
ragin',55.99647818314923,-2.8792338010623815,1664973072,2882,1989,33,Male,Y,348,Prestonpans,"East Lothian",EH32,"Lothian (Edinburgh)"
ragin',55.90822434898016,-3.2838332147442486,1664973074,2875,1991,31,Male,Y,267,"Sighthill, Edinburgh",Edinburgh,"Edinburgh Central","Lothian (Edinburgh)"
ragin',55.946555757984,-4.816624609776798,1664973150,2888,1972,50,Male,Y,1235,Gourock,Inverclyde,PA19,Glasgow
ragin',55.84268076285708,-4.4719692095049295,1664973153,2887,1992,30,Female,Y,1248,Linwood,Renfrewshire,PA3,Glasgow
ragin',55.58804910953856,-2.6406695976796453,1664973243,2895,1978,44,Female,N,1468,Melrose,"Scottish Borders",TD6,Borders
ragin',55.67408538365974,-4.522460420876863,1664973247,2896,1996,26,Female,Y,841,Stewarton,"East Ayrshire",KA3,Ayrshire
ragin',55.68420616735706,-4.553889395338446,1664973291,1005,1971,51,Male,Y,837,"Kilmarnock (north: Onthank, Townholm, Altonhill, Longpark, Beansburn, New Farm Loch, Knockinlaw, Hillhead, Crookedholm)","East Ayrshire",KA3,Ayrshire
ragin',55.93919302315647,-3.2694874908267653,1664973300,2892,1955,67,Male,Y,298,"Inverleith, Edinburgh",Edinburgh,"Edinburgh North","Lothian (Edinburgh)"
ragin',55.9607355214224,-4.340348019557251,1664973323,2897,1982,40,Female,Y,489,Milngavie,"East Dunbartonshire",G62,Glasgow
ragin',55.529056504384116,-5.147177987482121,1664973330,2903,1994,28,Female,Y,827,"Isle of Arran","North Ayrshire",KA27,Ayrshire
ragin',55.653115553135635,-4.20713570356122,1664973389,2902,1972,50,Female,Y,1160,Strathaven,"North Lanarkshire",ML10,Glasgow
ragin',57.34906987075512,-2.0489283588888476,1664973401,2907,1999,23,Male,Y,50,Pitmedden,Aberdeenshire,AB41,"North East (Aberdeen)"
ragin',55.42303886492108,-3.498198734678365,1664973434,2910,1981,41,Female,Y,1170,Biggar,"South Lanarkshire",ML12,Glasgow
ragin',56.26016214574719,-2.7484753208055173,1664973469,2908,1978,44,Male,N,1086,Anstruther,Fife,KY10,Fife
ragin',55.974898744336635,-3.310581615883432,1664973547,2912,2000,22,Male,Y,306,"Queensferry, Edinburgh",Edinburgh,"Edinburgh Queensferry","Lothian (Edinburgh)"
ragin',55.39566198181515,-4.219634706530048,1664973577,2914,1982,40,Female,N,798,Cumnock,"East Ayrshire",KA18,Ayrshire
ragin',55.985266773758006,-4.246965059746792,1664973627,2909,1989,33,Male,Y,509,Lenzie,"East Dunbartonshire",G66,Glasgow
ragin',55.59412604528798,-4.533122939729231,1664973628,2918,1971,51,Female,Y,809,Dundonald,"South Ayrshire",KA2,Ayrshire
ragin',55.863907422399116,-4.316199882035853,1664973649,2915,1991,31,Female,N,676,"Mosspark, Glasgow",Glasgow,"Glasgow Southwest",Glasgow
ragin',55.9484069410157,-3.103092424344668,1664973659,2920,1989,33,Female,Y,283,"Craigentinny, Edinburgh",Edinburgh,"Edinburgh Duddingston","Lothian (Edinburgh)"
ragin',55.9357775832079,-3.1023390361971606,1664973665,2916,1985,37,Female,N,322,"Gilmerton, Edinburgh",Edinburgh,"Edinburgh Southeast","Lothian (Edinburgh)"
ragin',55.872737204188844,-3.3696514580537986,1664973673,2919,1991,31,Male,Y,311,"Currie, Edinburgh",Edinburgh,"Edinburgh South","Lothian (Edinburgh)"
ragin',55.74811773875682,-4.0238139106533986,1664973772,2922,1973,49,Female,Y,1183,Hamilton,"South Lanarkshire",ML3,Glasgow
ragin',55.82899088413099,-4.06397813281703,1664973785,2877,1971,51,Female,N,525,Uddingston,"South Lanarkshire",G71,Glasgow
ragin',55.806927829404074,-4.0964875395827125,1664973850,2926,1982,40,Female,Y,529,Cambuslang,"South Lanarkshire",G72,Glasgow
ragin',55.76272660166922,-3.2417667723402626,1664973854,2929,1994,28,Male,Y,363,"West Linton","Scottish Borders",EH46,Borders
ragin',55.83588632228032,-3.3512749749758783,1664973880,2919,1991,31,Male,Y,311,"Currie, Edinburgh",Edinburgh,"Edinburgh South","Lothian (Edinburgh)"
ragin',56.04699849479658,-3.921431812164977,1664973903,2928,1977,45,Male,Y,453,Dunipace,Falkirk,FK6,"Stirling and Falkirk"
ragin',55.94526518159221,-3.255075689654285,1664973915,2932,1971,51,Male,Y,288,"Murrayfield, Edinburgh",Edinburgh,"Edinburgh North","Lothian (Edinburgh)"
ragin',56.20162070435981,-4.843972555663365,1664973997,2935,1991,31,Male,Y,557,Alexandria,"West Dunbartonshire",G83,"Argyll and Bute"
ragin',55.88847027591525,-3.2096227096226255,1664973998,2938,1991,31,Female,Y,314,"Morningside, Edinburgh",Edinburgh,"Edinburgh South","Lothian (Edinburgh)"
ragin',55.631058719579144,-4.708299048405442,1664974000,2931,1991,31,Male,N,787,"Irvine (centre: Castlepark, Tarryholme)","North Ayrshire",KA12,Ayrshire
ragin',57.67503564241894,-2.0401478564805,1664974004,2939,1996,26,Female,Y,57,Fraserburgh,Aberdeenshire,AB43,"North East (Aberdeen)"
ragin',55.56515741314478,-4.654927817774774,1664974099,2940,1980,42,Female,Y,784,Troon,"South Ayrshire",KA10,Ayrshire
ragin',55.92411909877321,-3.1785064469704665,1664974107,2943,1981,41,Male,Y,314,"Morningside, Edinburgh",Edinburgh,"Edinburgh South","Lothian (Edinburgh)"
ragin',55.90525688084463,-4.601604157625951,1664974137,2944,1979,43,Male,N,1229,"Port Glasgow",Inverclyde,PA14,Glasgow
ragin',55.579435620357515,-4.22113925847959,1664974143,2949,1981,41,Female,Y,796,Darvel,"East Ayrshire",KA17,Ayrshire
ragin',55.64020342998468,-4.561587534057149,1664974170,2951,1980,42,Female,N,837,"Kilmarnock (north: Onthank, Townholm, Altonhill, Longpark, Beansburn, New Farm Loch, Knockinlaw, Hillhead, Crookedholm)","East Ayrshire",KA3,Ayrshire
ragin',55.67551862739032,-4.202313891752932,1664974195,2950,1970,52,Male,Y,1160,Strathaven,"North Lanarkshire",ML10,Glasgow
ragin',55.976347195121825,-3.2583480184501137,1664974200,2953,1992,30,Male,Y,301,"Kirkliston, Edinburgh",Edinburgh,"Edinburgh Northwest","Lothian (Edinburgh)"
ragin',55.028175201100915,-3.0926936303923322,1664974210,2955,1978,44,Female,Y,205,Gretna,"Dumfries and Galloway",DG16,"Dumfries and Galloway"
ragin',56.17187340667929,-3.4709788737235736,1664974261,2954,1973,49,Male,Y,1097,Kinnesswood,"Perth and Kinross",KY13,Fife
ragin',56.62417381795483,-3.3196271873142518,1664974274,2947,1991,31,Female,Y,1318,Blairgowrie,"Perth and Kinross",PH10,Fife
ragin',58.47121342652369,-3.17703845080197,1664974359,2961,1980,42,Female,Y,879,Keiss,Highland,KW1,"Highlands (Inverness)"
ragin',55.6006563592469,-4.419193290306069,1664974363,2957,1958,64,Female,N,779,"Kilmarnock (centre and south: Bonnyton, Grange, Bellfield, Shortlees, Caprington, Riccarton, Hurlford)","East Ayrshire",KA1,Ayrshire
ragin',56.24549585222269,-3.117934489906423,1664974383,2964,1982,40,Female,N,1105,Cupar,Fife,KY15,Fife
ragin',55.99754559449032,-4.18821318135243,1664974384,2958,1977,45,Male,Y,510,"Milton of Campsie","East Dunbartonshire",G66,Glasgow
ragin',55.827506219987924,-4.08959554911555,1664974410,2960,1989,33,Female,Y,602,"Baillieston, Glasgow",Glasgow,"Glasgow Northeast",Glasgow
ragin',56.73433845387742,-2.531236614291258,1664974460,2966,1972,50,Male,N,140,Montrose,Angus,DD10,"Tayside and Angus (Dundee)"
ragin',55.602213113454916,-4.593375723039879,1664974514,2971,1966,56,Female,N,810,Knockentiber,"East Ayrshire",KA2,Ayrshire
ragin',55.86804036732975,-4.098581050492919,1664974546,2972,1989,33,Female,Y,604,"Craigend, Glasgow",Glasgow,"Glasgow Northeast",Glasgow
ragin',55.80735929574941,-4.298156809756811,1664974575,2977,1998,24,Male,Y,645,Clarkston,"East Renfrewshire","Glasgow South",Glasgow
ragin',55.92797406695505,-3.2783871299800325,1664974576,2968,1974,48,Female,Y,269,"Gorgie, Edinburgh",Edinburgh,"Edinburgh Central","Lothian (Edinburgh)"
ragin',57.167327937498364,-2.141543551173839,1664974587,2976,1988,34,Male,Y,106,"Kittybrewster, Aberdeen",Aberdeen,"Aberdeen Central","North East (Aberdeen)"
ragin',55.410316113076725,-4.743435129089537,1664974592,2978,1983,39,Male,Y,856,"Ayr (Centre)","South Ayrshire",KA7,Ayrshire
ragin',55.76408910740843,-4.144815188971495,1664974662,2980,1995,27,Female,Y,530,"East Kilbride (north: The Village, East Mains, West Mains, Lymekilns, St Leonards, Calderwood, Nerston, Stewartfield, Peel Park)","South Lanarkshire",G74,Glasgow
ragin',55.800807202307325,-4.185140094066229,1664974677,2981,2001,21,Male,N,571,"Castlemilk, Glasgow",Glasgow,"Glasgow Castlemilk",Glasgow
ragin',57.16875923126081,-2.182228675522956,1664974695,2979,1999,23,Male,Y,97,"Mastrick, Aberdeen",Aberdeen,"Aberdeen Central","North East (Aberdeen)"
ragin',55.7973048482293,-4.8369568672570855,1664974734,2985,1987,35,Male,Y,842,Largs,"North Ayrshire",KA30,Ayrshire
ragin',55.9803806111679,-3.2507358030981424,1664974803,2990,1995,27,Male,Y,279,"Clermiston and Drumbrae, Edinburgh",Edinburgh,"Edinburgh Clermiston Granton","Lothian (Edinburgh)"
ragin',56.646215443760404,-5.655758629004764,1664974830,2986,1997,25,Male,Y,1377,"Fort William",Highland,PH33,"Highlands (Inverness)"
ragin',55.779573711856465,-4.169832685349677,1664974954,2995,1977,45,Male,Y,530,"East Kilbride (north: The Village, East Mains, West Mains, Lymekilns, St Leonards, Calderwood, Nerston, Stewartfield, Peel Park)","South Lanarkshire",G74,Glasgow
ragin',55.758413899727515,-4.208798863892413,1664974982,2994,1979,43,Male,N,534,"East Kilbride (south: Hairmyres, Westwood, The Murray, Murray East, Whitehills, Greenhill, Newlandsmuir, Gardenhall, Crosshouse, Newlands, Lindsayfield, Mossneuk)","South Lanarkshire",G75,Glasgow
ragin',55.91664741673321,-3.505450660894462,1664975065,2997,1988,34,Male,Y,375,Livingston,"West Lothian",EH54,"Lothian (Edinburgh)"
ragin',55.79711190646217,-4.322991555989942,1664975212,2999,2001,21,Male,Y,660,"Arden, Glasgow",Glasgow,"Glasgow South",Glasgow
ragin',55.72383877243038,-3.991969756440695,1664975223,3000,1995,27,Female,Y,1183,Hamilton,"South Lanarkshire",ML3,Glasgow
ragin',57.6789309006576,-2.047169806311325,1664975327,3006,1968,54,Female,Y,57,Fraserburgh,Aberdeenshire,AB43,"North East (Aberdeen)"
ragin',55.91322055814791,-3.732373108851756,1664975411,3012,1967,55,Male,Y,367,Armadale,"West Lothian",EH48,"Lothian (Edinburgh)"
ragin',55.943945532232455,-3.3751587994096437,1664975440,3013,1992,30,Male,Y,301,"Kirkliston, Edinburgh",Edinburgh,"Edinburgh Northwest","Lothian (Edinburgh)"
ragin',55.908957826656675,-3.6137178992388144,1664975446,3014,1983,39,Male,Y,368,Bathgate,"West Lothian",EH48,"Lothian (Edinburgh)"
ragin',55.902180128277905,-5.319025047190151,1664975449,3005,1970,52,Female,N,1238,Tighnabruaich,"Argyll and Bute",PA21,"Argyll and Bute"
ragin',55.86366415529311,-4.062571374066941,1664975485,3016,1988,34,Male,Y,1189,Coatbridge,"North Lanarkshire",ML5,Glasgow
ragin',55.950563527391715,-2.716622226299047,1664975492,3011,1958,64,Female,N,357,Haddington,"East Lothian",EH41,"Lothian (Edinburgh)"
ragin',56.53556047214864,-3.4623185131945746,1664975547,3019,1996,26,Female,Y,1313,"Perth (north and west: Burghmuir, Cherrybank, Hillyland, Inveralmond, Lethom, Muirton, North Muirton, Tulloch)","Perth and Kinross",PH1,Fife
ragin',57.638189636170985,-2.8131938002449113,1664975561,3021,1992,30,Female,Y,90,Buckie,Moray,AB56,"North East (Aberdeen)"
ragin',55.9049634712157,-2.6038330522113378,1664975586,3022,1973,49,Male,Y,359,Dunbar,"East Lothian",EH42,"Lothian (Edinburgh)"
ragin',59.25080106445283,-2.6276546302560293,1664975679,3025,1996,26,Male,Y,1025,"Orkney Islands",Orkney,KW17,"Orkney Islands"
ragin',55.995840426247746,-4.797341027973736,1664975826,3031,1988,34,Female,Y,567,Kilcreggan,"Argyll and Bute",G84,"Argyll and Bute"
ragin',56.04071029424272,-3.485025904199992,1664975850,3032,1989,33,Male,Y,1090,"Dunfermline (south and east: Halbeath, Touch, Duloch, Masterton, Pitcorthie, Abbeyview, Brucefield, Hospital Hill, Camdean, Pitreavie)",Fife,KY11,Fife
ragin',55.979681933807825,-3.2128564625812444,1664975851,3029,1965,57,Female,Y,295,"Ravelston, Edinburgh",Edinburgh,"Edinburgh North","Lothian (Edinburgh)"
ragin',55.93621940829633,-4.715266818219791,1664975916,3033,1969,53,Male,N,1230,"Greenock (central and east: Bogston, Bridgend, Cartsdyke, Gibshill, Greenock Central, Ladyburn, Upper Ingleston)",Inverclyde,PA15,Glasgow
ragin',55.92950970975225,-4.200976608924212,1664975932,3037,1973,49,Female,Y,502,Bishopbriggs,"East Dunbartonshire",G64,Glasgow
ragin',55.928760035384414,-4.772478458860348,1664975933,3026,1964,58,Female,Y,1231,"Greenock (west: Bow Farm, Braeside, Branchton, Fort Matilda, Gateside, Greenock West, Overton, Pennyfern, Smithston)",Inverclyde,PA16,Glasgow
ragin',56.06857663130031,-4.005368011257728,1664976019,3035,1963,59,Male,Y,464,"Stirling (south and east: Braehead, Borestone, Broomridge, Torbrex)",Stirlingshire,FK7,"Stirling and Falkirk"
ragin',57.355276405452734,-3.7687552786784453,1664976040,3039,1955,67,Female,N,1371,Grantown-On-Spey,Highland,PH26,"Highlands (Inverness)"
ragin',56.02354266568256,-3.8380570608150997,1664976055,3041,1975,47,Male,N,449,Larbert,Falkirk,FK5,"Stirling and Falkirk"
ragin',55.80559306818769,-4.251756383193797,1664976107,3043,1986,36,Female,Y,650,"Newlands, Glasgow",Glasgow,"Glasgow South",Glasgow
ragin',55.842263817252444,-3.8989018085289118,1664976213,3044,1974,48,Male,N,1148,Cleland,"North Lanarkshire",ML1,Glasgow
ragin',55.95318867538001,-2.864147853601637,1664976278,3045,1977,45,Male,N,349,Tranent,"East Lothian",EH33,"Lothian (Edinburgh)"
ragin',55.87952884105676,-4.499077757365858,1664976290,3046,1974,48,Female,Y,1278,Houston,Renfrewshire,PA6,Glasgow
ragin',55.804554675248575,-4.298907175210612,1664976352,3051,1978,44,Male,Y,658,"Giffnock, Glasgow",Glasgow,"Glasgow South",Glasgow
ragin',56.79880026731711,-2.44970327483779,1664976374,3049,1983,39,Male,N,136,Gourdon,Aberdeenshire,DD10,"Tayside and Angus (Dundee)"
ragin',55.810358440539666,-4.511361039825897,1664976405,3047,1949,73,Female,N,1276,Johnstone,Renfrewshire,PA5,Glasgow
ragin',56.01740034009763,-3.8479942261317537,1664976446,3053,1990,32,Male,Y,450,Stenhousemuir,Falkirk,FK5,"Stirling and Falkirk"
ragin',57.890330071240854,-6.806129542597842,1664976501,3059,2002,20,Female,Y,689,"Isle of Harris","Western Isles (excluding Leverburgh and Rodel areas)",HS3,"Western Isles"
ragin',55.66396640395319,-3.890717776988106,1664976520,3057,1982,40,Female,Y,1167,Lanark,"South Lanarkshire",ML11,Glasgow
ragin',58.53707103905516,-3.168955150357046,1664976521,3054,1968,54,Female,N,899,Wick,Highland,KW1,"Highlands (Inverness)"
ragin',57.021266384217654,-2.2282068804371153,1664976526,3050,1965,57,Male,Y,48,Stonehaven,Aberdeenshire,AB39,"North East (Aberdeen)"
ragin',55.84236888484225,-4.531118515897471,1664976606,3047,1949,73,Female,N,1276,Johnstone,Renfrewshire,PA5,Glasgow
ragin',56.09541339386539,-3.3186884340832616,1664976651,3064,2000,22,Female,Y,1121,Cowdenbeath,Fife,KY4,Fife
ragin',55.87688067352269,-3.8503448465503243,1664976684,3063,1980,42,Male,Y,1192,Airdrie,"North Lanarkshire",ML6,Glasgow
ragin',56.100008839235315,-3.5514031996146915,1664976763,3066,1992,30,Female,Y,1096,"Dunfermline (centre, north, west: Abbey Parks, Lady's Mill, Garvock, Headwell, Kingseathill, Wellwood, Milesmark, Baldridge, Pittencrieff, Baldridgeburn)",Fife,KY12,Fife
ragin',55.94159643839474,-4.016133044618911,1664976780,3069,1986,36,Female,Y,514,"Cumbernauld (south: Condorrat, Lenziemill, Carbrain, Kildrum, Cumbernauld Village, Abronhill, Seafar)","North Lanarkshire",G67,Glasgow
ragin',55.823517149712224,-4.3244649708636675,1664976936,3072,1964,58,Female,Y,647,"Pollokshields, Glasgow",Glasgow,"Glasgow South",Glasgow
ragin',55.96777903003523,-3.5207973849169765,1664977001,3074,1997,25,Male,Y,369,Linlithgow,"West Lothian",EH49,"Lothian (Edinburgh)"
ragin',55.55929675036854,-3.2898651160443864,1664977017,3075,1956,66,Female,Y,362,Peebles,"Scottish Borders",EH45,Borders
ragin',56.48649646545196,-3.004285713832125,1664977043,3073,1990,32,Female,N,232,"Craigiebank, Dundee",Dundee,"Dundee Bluebelt","Tayside and Angus (Dundee)"
ragin',55.78741624793943,-3.0919253929895687,1664977097,3079,1989,33,Male,Y,338,Gorebridge,Midlothian,EH23,"Lothian (Edinburgh)"
ragin',55.88749453645482,-3.25592275707301,1664977295,3083,1962,60,Female,Y,313,"Colinton, Edinburgh",Edinburgh,"Edinburgh South","Lothian (Edinburgh)"
ragin',55.87771433258808,-3.8671610866331427,1664977360,3091,1966,56,Female,Y,1192,Airdrie,"North Lanarkshire",ML6,Glasgow
ragin',57.14746380524266,-2.296318715678846,1664977435,3090,2001,21,Male,Y,28,Westhill,Aberdeenshire,AB32,"North East (Aberdeen)"
ragin',56.4608086815666,-2.9724841998453932,1664977504,3048,1949,73,Male,N,239,"Charleston, Dundee",Dundee,"Dundee Central","Tayside and Angus (Dundee)"
ragin',55.97774357851366,-2.6850765997141988,1664977506,3092,1981,41,Female,Y,357,Haddington,"East Lothian",EH41,"Lothian (Edinburgh)"
ragin',55.84078399642943,-4.301804076200323,1664977544,3087,1981,41,Male,Y,658,"Giffnock, Glasgow",Glasgow,"Glasgow South",Glasgow
ragin',55.662567470732185,-4.3649401281982225,1664977559,3095,1986,36,Male,Y,838,Kilmaurs,"East Ayrshire",KA3,Ayrshire
ragin',56.65894898931739,-2.5353987247547445,1664977580,2714,1968,54,Male,Y,141,Arbroath,Angus,DD11,"Tayside and Angus (Dundee)"
ragin',55.96133063865392,-3.1869939290856677,1664977586,3096,1988,34,Male,Y,287,"Corstorphine, Edinburgh",Edinburgh,"Edinburgh North","Lothian (Edinburgh)"
ragin',55.83038013211326,-4.201548260959141,1664977642,3099,1990,32,Female,N,604,"Craigend, Glasgow",Glasgow,"Glasgow Northeast",Glasgow
ragin',57.6755963247605,-2.024845623486692,1664977645,3093,1995,27,Female,Y,57,Fraserburgh,Aberdeenshire,AB43,"North East (Aberdeen)"
ragin',56.417316238694326,-2.8941587035726624,1664977680,3098,1993,29,Female,Y,1114,"St Andrews",Fife,KY16,Fife
ragin',56.89023878330909,-2.677926373713618,1664977756,3101,1995,27,Female,Y,22,Banchory,Aberdeenshire,AB31,"North East (Aberdeen)"
ragin',55.7772122795364,-4.359946428056271,1664977796,3104,1985,37,Female,Y,539,"Newton Mearns","East Renfrewshire",G77,Glasgow
ragin',57.16433181754617,-2.1796454068965434,1664977817,3105,1991,31,Female,Y,107,"Rosemount, Aberdeen",Aberdeen,"Aberdeen Central","North East (Aberdeen)"
ragin',55.94683529430759,-4.145845686089051,1664977962,3109,1968,54,Female,N,508,Lennoxtown,"East Dunbartonshire",G66,Glasgow
ragin',56.21511347502151,-4.705887788864898,1664977965,3106,1977,45,Male,N,557,Alexandria,"West Dunbartonshire",G83,"Argyll and Bute"
ragin',55.776451319371354,-3.856775860730641,1664978016,3110,1986,36,Female,Y,1180,Wishaw,"North Lanarkshire",ML2,Glasgow
ragin',57.25022890889102,-3.8358439828923205,1664978051,3108,1992,30,Female,Y,1366,"Boat of Garten",Highland,PH24,"Highlands (Inverness)"
ragin',56.209675446050454,-3.1496180991302043,1664978094,3114,1996,26,Male,Y,1133,"Glenrothes (centre and east: Pitteuchar, Finglassie, Stenton, Auchmuty, Pitcoudie, Balfarg, Pircairn, Collydean)",Fife,KY7,Fife
ragin',57.28113457206726,-2.137542807515969,1664978105,3115,1972,50,Male,N,113,"Bridge of Don, Aberdeen",Aberdeen,"Aberdeen North","North East (Aberdeen)"
ragin',55.73138808838153,-4.022192745427552,1664978179,3119,1981,41,Male,Y,1183,Hamilton,"South Lanarkshire",ML3,Glasgow
ragin',55.883090494068114,-4.322018083959947,1664978190,3118,2004,18,Female,Y,586,"Kelvinside, Glasgow",Glasgow,"Glasgow Kelvin",Glasgow
ragin',54.99272180259806,-3.274701311452305,1664978273,3123,1978,44,Male,Y,197,Annan,"Dumfries and Galloway",DG12,"Dumfries and Galloway"
ragin',56.20189330091268,-3.102234491302838,1664978293,3122,1979,43,Male,Y,1134,Markinch,Fife,KY7,Fife
ragin',55.92211109802393,-4.2564972989699905,1664978312,3120,2001,21,Male,Y,502,Bishopbriggs,"East Dunbartonshire",G64,Glasgow
ragin',57.11506804946913,-3.026769720864884,1664978321,3124,1998,24,Male,Y,35,"Kincardine O'Neil",Aberdeenshire,AB34,"North East (Aberdeen)"
ragin',55.90051237972333,-3.2460507587642655,1664978328,3127,1990,32,Male,Y,305,"Oxgangs, Edinburgh",Edinburgh,"Edinburgh Oxgangs","Lothian (Edinburgh)"
ragin',55.87288179349931,-3.813791421629778,1664978370,3125,1996,26,Male,Y,1192,Airdrie,"North Lanarkshire",ML6,Glasgow
ragin',55.68672454684041,-4.799624086169563,1664978472,3128,1978,44,Male,Y,813,Ardrossan,"North Ayrshire",KA22,Ayrshire
ragin',55.96684147331123,-2.9197789436842503,1664978511,3137,1989,33,Male,Y,348,Prestonpans,"East Lothian",EH32,"Lothian (Edinburgh)"
ragin',57.16322816555098,-2.3469692923055154,1664978535,3135,1980,42,Female,Y,28,Westhill,Aberdeenshire,AB32,"North East (Aberdeen)"
ragin',57.12761248272529,-2.4302846218030156,1664978561,3133,1982,40,Male,N,28,Westhill,Aberdeenshire,AB32,"North East (Aberdeen)"
ragin',55.93534461976722,-3.75917277694736,1664978625,3139,1966,56,Female,Y,377,"Falkirk (centre and south: Arnothill, Bantaskin, Callendar Park, Glen Village, Hallglen, Lionthorn, Tamfourhill, Woodlands)",Falkirk,FK1,"Stirling and Falkirk"
ragin',55.93639488421354,-4.857304183225545,1664978655,3140,2001,21,Female,Y,1235,Gourock,Inverclyde,PA19,Glasgow
ragin',55.9410434179748,-3.2855596365557327,1664978666,3136,1997,25,Female,N,289,"Newhaven, Edinburgh",Edinburgh,"Edinburgh North","Lothian (Edinburgh)"
ragin',55.95360861262284,-3.2693956855593265,1664978670,3142,1996,26,Female,Y,288,"Murrayfield, Edinburgh",Edinburgh,"Edinburgh North","Lothian (Edinburgh)"
ragin',56.705846049385435,-3.740821003653973,1664978738,3143,1973,49,Female,Y,1329,Pitlochry,"Perth and Kinross",PH16,Fife
ragin',55.72488440232952,-4.184001618617648,1664978759,3146,1986,36,Female,Y,534,"East Kilbride (south: Hairmyres, Westwood, The Murray, Murray East, Whitehills, Greenhill, Newlandsmuir, Gardenhall, Crosshouse, Newlands, Lindsayfield, Mossneuk)","South Lanarkshire",G75,Glasgow
ragin',55.559076788512726,-4.567505181114191,1664978789,3145,1958,64,Female,N,779,"Kilmarnock (centre and south: Bonnyton, Grange, Bellfield, Shortlees, Caprington, Riccarton, Hurlford)","East Ayrshire",KA1,Ayrshire
ragin',55.816877045724304,-3.9860100523832767,1664978814,3150,1993,29,Male,Y,1186,Bellshill,"North Lanarkshire",ML4,Glasgow
ragin',55.72506423921732,-3.8561573084032688,1664978855,3147,1996,26,Female,Y,1212,Carluke,"South Lanarkshire",ML8,Glasgow
ragin',56.35717648543832,-3.063851894477047,1664978871,3152,1977,45,Male,Y,1105,Cupar,Fife,KY15,Fife
ragin',55.81981733943011,-3.995590546621055,1664978928,3153,1994,28,Male,Y,1186,Bellshill,"North Lanarkshire",ML4,Glasgow
ragin',57.44928467657352,-3.0217024202854166,1664979006,3157,1982,40,Female,Y,88,Keith, Moray,AB55,"North East (Aberdeen)"
ragin',58.98423560791126,-3.039834026396261,1664979200,3162,1982,40,Male,Y,967,Kirkwall,Orkney,KW15,"Orkney Islands"
ragin',55.89618295105451,-3.0573539168087325,1664979231,3163,1997,25,Female,N,334,Dalkeith,Midlothian,EH22,"Lothian (Edinburgh)"
ragin',56.04007261107618,-3.3823343997260307,1664979283,3166,1972,50,Female,N,1089,"Dalgety Bay",Fife,KY11,Fife
ragin',56.78020506904781,-3.643856942268951,1664979488,3169,2002,20,Female,Y,1318,Blairgowrie,"Perth and Kinross",PH10,Fife
ragin',55.44506080357238,-4.625758972020483,1664979510,3170,1976,46,Female,Y,856,"Ayr (Centre)","South Ayrshire",KA7,Ayrshire
ragin',55.843818111830416,-4.520553730674313,1664979563,3164,1965,57,Female,Y,1276,Johnstone,Renfrewshire,PA5,Glasgow
ragin',56.224057120598815,-4.455938607759876,1664979593,3167,1990,32,Male,N,473,"Stirling (centre and west: Kings Park, Raploch, Riverside)",Stirlingshire,FK8,"Stirling and Falkirk"
ragin',55.859476324173805,-4.428570348776928,1664979664,3172,1961,61,Male,Y,1248,Linwood,Renfrewshire,PA3,Glasgow
ragin',55.54700413837854,-4.401211184171623,1664979738,3181,1983,39,Female,Y,845,Catrine,"East Ayrshire",KA5,Ayrshire
ragin',56.01648497004191,-4.0517919940587195,1664979740,3178,1964,58,Female,Y,504,Croy,"North Lanarkshire",G65,Glasgow
ragin',55.95923902959423,-3.150916201574488,1664979749,3180,1987,35,Male,Y,285,"Leith, Edinburgh",Edinburgh,"Edinburgh Leith","Lothian (Edinburgh)"
ragin',55.916536817843486,-3.6612484183354397,1664979770,3174,1997,25,Male,Y,368,Bathgate,"West Lothian",EH48,"Lothian (Edinburgh)"
ragin',57.41096141176962,-2.3705674829225893,1664979915,3183,1986,36,Male,Y,64,Inverurie,Aberdeenshire,AB51,"North East (Aberdeen)"
ragin',55.89840846199745,-4.3413201460783775,1664980119,3189,1983,39,Female,Y,639,"Scotstoun, Glasgow",Glasgow,"Glasgow Northwest",Glasgow
ragin',55.85387424045493,-3.344191481838097,1664980128,3190,1980,42,Female,Y,308,"Liberton, Edinburgh",Edinburgh,"Edinburgh South","Lothian (Edinburgh)"
ragin',57.26006244899446,-2.0789926139637553,1664980129,3187,1982,40,Male,Y,110,"Kingswells, Aberdeen",Aberdeen,"Aberdeen North","North East (Aberdeen)"
ragin',57.46442457813302,-3.5563227072044956,1664980136,3192,1988,34,Female,N,740,Forres,Moray,IV36,"North East (Aberdeen)"
ragin',56.42666046982196,-2.8503182223788803,1664980189,3193,1989,33,Male,Y,175,Newport-on-Tay,Fife,DD6,"Tayside and Angus (Dundee)"
ragin',55.993544677894526,-4.842940165491269,1664980198,3196,1975,47,Female,Y,566,Helensburgh,"Argyll and Bute",G84,"Argyll and Bute"
ragin',57.339086765167885,-4.23253067185689,1664980220,3194,1980,42,Female,N,714,"Inverness (east: Culcabock, Crown, Culduthel, Drummond, Haugh, Hilton, Holm, Lochardil, Millburn, Raigmore)",Highland,IV2,"Highlands (Inverness)"
ragin',55.86006323602273,-4.2662843710750264,1664980289,3188,1970,52,Male,N,578,"Townhead, Glasgow",Glasgow,"Glasgow City Centre",Glasgow
ragin',56.05804512520387,-3.804877460421512,1664980412,3199,1998,24,Male,Y,422,"Falkirk (north: Grahamston, Middlefield, Westfield)",Falkirk,FK2,"Stirling and Falkirk"
ragin',55.89853738481117,-4.247322505885958,1664980451,3205,1968,54,Female,Y,612,"Easterhouse, Glasgow",Glasgow,"Glasgow Northeast",Glasgow
ragin',56.47650056862159,-2.9980489717338177,1664980506,2884,1996,26,Male,N,243,"Hilltown, Dundee",Dundee,"Dundee Central","Tayside and Angus (Dundee)"
ragin',55.92976627968027,-4.658295745851071,1664980577,3207,1963,59,Female,Y,1229,"Port Glasgow",Inverclyde,PA14,Glasgow
ragin',57.38830240924572,-4.263309304537601,1664980618,3209,1959,63,Female,Y,714,"Inverness (east: Culcabock, Crown, Culduthel, Drummond, Haugh, Hilton, Holm, Lochardil, Millburn, Raigmore)",Highland,IV2,"Highlands (Inverness)"
ragin',55.675844164035304,-4.441038786093363,1664980656,3211,1966,56,Female,N,837,"Kilmarnock (north: Onthank, Townholm, Altonhill, Longpark, Beansburn, New Farm Loch, Knockinlaw, Hillhead, Crookedholm)","East Ayrshire",KA3,Ayrshire
ragin',55.87390067053828,-3.261050712126996,1664980661,3214,1984,38,Female,Y,314,"Morningside, Edinburgh",Edinburgh,"Edinburgh South","Lothian (Edinburgh)"
ragin',56.72601861536364,-2.572825010764331,1664980683,3217,1996,26,Male,Y,140,Montrose,Angus,DD10,"Tayside and Angus (Dundee)"
ragin',57.41861665026894,-2.844974984694871,1664980683,3213,1987,35,Male,Y,79,Aberchirder,Aberdeenshire,AB54,"North East (Aberdeen)"
ragin',57.174753515750915,-2.13972961187214,1664980713,3218,1996,26,Male,Y,101,"Sheddocksley, Aberdeen",Aberdeen,"Aberdeen Central","North East (Aberdeen)"
ragin',55.99441778157444,-4.812324924454099,1664980732,3210,1982,40,Female,Y,567,Kilcreggan,"Argyll and Bute",G84,"Argyll and Bute"
ragin',56.72601861536364,-2.572825010764331,1664980769,3217,1996,26,Male,Y,140,Montrose,Angus,DD10,"Tayside and Angus (Dundee)"
ragin',57.01548525303953,-2.9560893721568005,1664980773,3220,1990,32,Male,Y,33,Aboyne,Aberdeenshire,AB34,"North East (Aberdeen)"
ragin',56.548498886576084,-2.926296166415242,1664980797,3223,1976,46,Female,Y,156,Tealing,Angus,DD4,"Tayside and Angus (Dundee)"
ragin',55.94977038901425,-3.1625448067294593,1664980841,3221,1974,48,Female,Y,281,"Portobello, Edinburgh",Edinburgh,"Edinburgh Duddingston","Lothian (Edinburgh)"
ragin',55.97996966700875,-3.1638899746920726,1664980848,3224,1995,27,Female,Y,285,"Leith, Edinburgh",Edinburgh,"Edinburgh Leith","Lothian (Edinburgh)"
ragin',57.59884031505846,-3.3389028225918174,1664980931,3225,1995,27,Female,Y,737,Elgin,Moray,IV30,"North East (Aberdeen)"
ragin',56.19793697719138,-3.136498032374202,1664981103,3234,1979,43,Female,Y,1133,"Glenrothes (centre and east: Pitteuchar, Finglassie, Stenton, Auchmuty, Pitcoudie, Balfarg, Pircairn, Collydean)",Fife,KY7,Fife
ragin',55.890801126389995,-4.321637509999253,1664981117,3237,1980,42,Male,Y,596,"Finnieston, Glasgow",Glasgow,"Glasgow Kelvin",Glasgow
ragin',55.75234943638721,-3.858042522475812,1664981141,3240,1999,23,Male,Y,1212,Carluke,"South Lanarkshire",ML8,Glasgow
ragin',55.896872317914394,-4.467897948579161,1664981282,3242,1980,42,Female,Y,1264,Renfrew,Renfrewshire,PA4,Glasgow
ragin',55.84087970488887,-4.406804667878868,1664981303,3246,2002,20,Male,Y,1221,Ralston,Renfrewshire,PA1,Glasgow
ragin',55.64530658815415,-4.769629474520693,1664981377,3244,1965,57,Male,Y,812,Saltcoats,"East Ayrshire",KA21,Ayrshire
ragin',56.01918822667078,-3.407093700800601,1664981390,3243,1984,38,Male,N,1089,"Dalgety Bay",Fife,KY11,Fife
ragin',55.713817973133885,-3.9686974992910464,1664981451,3236,1994,28,Female,Y,1183,Hamilton,"South Lanarkshire",ML3,Glasgow
ragin',56.12626716884441,-3.345194151544981,1664981479,3252,1964,58,Female,N,1121,Cowdenbeath,Fife,KY4,Fife
ragin',56.49205765243694,-3.0058191695085905,1664981555,3253,1961,61,Other,N,240,"Ardler, Dundee",Dundee,"Dundee Central","Tayside and Angus (Dundee)"
ragin',55.17678507376059,-3.5236835985439625,1664981564,3254,1994,28,Female,N,186,"Dumfries (centre and east: Dalscone, Georgetown, Heathhall, Kingholm Quay, Noblehill, The Crichton)","Dumfries and Galloway",DG1,"Dumfries and Galloway"
ragin',55.940924697221675,-4.773380265114569,1664981633,3258,1964,58,Female,Y,1231,"Greenock (west: Bow Farm, Braeside, Branchton, Fort Matilda, Gateside, Greenock West, Overton, Pennyfern, Smithston)",Inverclyde,PA16,Glasgow
ragin',57.1433006424518,-2.125529467470077,1664981649,3259,1992,30,Male,Y,127,"Torry, Aberdeen",Aberdeen,"Aberdeen Southeast","North East (Aberdeen)"
ragin',55.87019482699922,-4.003884976577331,1664981673,3262,1968,54,Female,Y,1189,Coatbridge,"North Lanarkshire",ML5,Glasgow
ragin',55.60059201687794,-4.63997089936975,1664981690,3261,1978,44,Female,N,785,"Irvine (east, south: Perceton, Lawthorn, Girdle Toll, Stanecastle, Bourtreehill, Broomlands, Dreghorn, Springside)","North Ayrshire",KA11,Ayrshire
ragin',56.365522385516876,-3.3212527384613626,1664981709,3256,1994,28,Male,School,1354,"Perth (south and east: Barnhill, Bridgend, Craigie, Kincarrathie, Upper Craigie)","Perth and Kinross",PH2,Fife
ragin',55.786300790894494,-4.667478899428125,1664981781,3255,1968,54,Female,Y,1226,Lochwinnoch,Renfrewshire,PA12,Glasgow
ragin',55.88901103243167,-4.300353248593179,1664981870,3266,1964,58,Female,Y,588,"Broomhill, Glasgow",Glasgow,"Glasgow Kelvin",Glasgow
ragin',57.04909060845819,-2.287175655718633,1664981894,3267,1976,46,Female,Y,22,Banchory,Aberdeenshire,AB31,"North East (Aberdeen)"
ragin',57.0559462633057,-5.708491014823778,1664981907,3268,1977,45,Female,Y,1391,Knoydart,Highland,PH41,"Highlands (Inverness)"
ragin',55.881643009887036,-4.267408355632333,1664981969,3270,1956,66,Male,N,624,"Springboig, Glasgow",Glasgow,"Glasgow Northeast",Glasgow
ragin',55.00962432340662,-3.4413311758436826,1664982030,3274,1983,39,Female,Y,186,"Dumfries (centre and east: Dalscone, Georgetown, Heathhall, Kingholm Quay, Noblehill, The Crichton)","Dumfries and Galloway",DG1,"Dumfries and Galloway"
ragin',56.349050873340175,-2.982610963988018,1664982040,3269,1977,45,Female,Y,1639,Auchtermuchty,Fife,KY15,Fife
ragin',56.01561988222761,-4.826675749918492,1664982171,3277,1989,33,Female,Y,566,Helensburgh,"Argyll and Bute",G84,"Argyll and Bute"
ragin',55.82871029357621,-4.0319420504533925,1664982183,3278,1987,35,Female,Y,1186,Bellshill,"North Lanarkshire",ML4,Glasgow
ragin',55.10262466257637,-3.5180748145146983,1664982220,3112,1989,33,Male,Y,186,"Dumfries (centre and east: Dalscone, Georgetown, Heathhall, Kingholm Quay, Noblehill, The Crichton)","Dumfries and Galloway",DG1,"Dumfries and Galloway"
ragin',55.785283365743304,-3.9249786135042544,1664982296,3281,1997,25,Other,Y,1180,Wishaw,"North Lanarkshire",ML2,Glasgow
ragin',55.883441384480406,-3.8869080942633323,1664982333,3280,2005,17,Female,School,1192,Airdrie,"North Lanarkshire",ML6,Glasgow
ragin',56.116574630112105,-4.970267319657146,1664982336,3283,1985,37,Female,Y,1241,Dunoon,"Argyll and Bute",PA23,"Argyll and Bute"
ragin',55.63254342861581,-4.352548197443952,1664982422,3287,1978,44,Male,N,795,Newmilns,"East Ayrshire",KA16,Ayrshire
ragin',55.95346215366613,-3.1380605067736758,1664982505,3288,1985,37,Female,Y,281,"Portobello, Edinburgh",Edinburgh,"Edinburgh Duddingston","Lothian (Edinburgh)"
ragin',56.42606802383419,-3.585484217769366,1664982529,3285,1993,29,Female,Y,1313,"Perth (north and west: Burghmuir, Cherrybank, Hillyland, Inveralmond, Lethom, Muirton, North Muirton, Tulloch)","Perth and Kinross",PH1,Fife
ragin',56.074285799746605,-3.7670060053124543,1664982609,3290,2002,20,Other,School,422,"Falkirk (north: Grahamston, Middlefield, Westfield)",Falkirk,FK2,"Stirling and Falkirk"
ragin',56.144038405509676,-3.305369953192741,1664982719,3291,1989,33,Male,Y,1126,Cardenden,Fife,KY5,Fife
ragin',55.43288212558558,-4.653901595207177,1664982821,3296,1964,58,Female,N,856,"Ayr (Centre)","South Ayrshire",KA7,Ayrshire
ragin',56.734296542617685,-2.9433106267001095,1664982821,3298,1986,36,Female,Y,179,Forfar,Angus,DD8,"Tayside and Angus (Dundee)"
ragin',57.627786411942324,-2.804930726979183,1664982854,3301,1988,34,Female,N,90,Buckie,Moray,AB56,"North East (Aberdeen)"
ragin',55.81616224447328,-4.214121796428423,1664982942,3297,1960,62,Female,N,571,"Castlemilk, Glasgow",Glasgow,"Glasgow Castlemilk",Glasgow
ragin',55.95279813482345,-3.2491869720254027,1664982945,3302,1993,29,Male,Y,298,"Inverleith, Edinburgh",Edinburgh,"Edinburgh North","Lothian (Edinburgh)"
ragin',56.47629698632861,-2.9123948772035786,1664982997,3305,1985,37,Male,Y,254,"Douglas, Dundee",Dundee,"Dundee North","Tayside and Angus (Dundee)"
ragin',55.8733788995528,-4.288746536752765,1664983007,3306,1975,47,Female,Y,591,"Hillhead, Glasgow",Glasgow,"Glasgow Kelvin",Glasgow
ragin',56.69554943854295,-3.0471949208065183,1664983048,3308,1972,50,Female,Y,179,Forfar,Angus,DD8,"Tayside and Angus (Dundee)"
ragin',56.15145137260721,-3.799733193966204,1664983085,3309,1982,40,Male,Y,393,Alva,Clackmannanshire,FK12,"Stirling and Falkirk"
ragin',57.14705337231161,-2.102381061622939,1664983087,3307,1978,44,Male,Y,127,"Torry, Aberdeen",Aberdeen,"Aberdeen Southeast","North East (Aberdeen)"
ragin',55.97101558466695,-3.146410309426845,1664983109,3313,1973,49,Male,Y,285,"Leith, Edinburgh",Edinburgh,"Edinburgh Leith","Lothian (Edinburgh)"
ragin',55.7489350282819,-6.218559730035887,1664983133,3304,1966,56,Female,Y,1267,"Bowmore, Isle of Islay","Argyll and Bute",PA43,"Argyll and Bute"
ragin',55.92451085987062,-3.4914020477984318,1664983178,3314,1998,24,Female,Y,372,Winchburgh,"West Lothian",EH52,"Lothian (Edinburgh)"
ragin',55.759937810567756,-4.645173048948835,1664983187,3310,1988,34,Male,Y,791,Beith,"East Ayrshire",KA15,Ayrshire
ragin',57.691111066421676,-2.1325018174627055,1664983300,3318,1999,23,Other,Y,57,Fraserburgh,Aberdeenshire,AB43,"North East (Aberdeen)"
ragin',55.94008885455242,-3.261335697755765,1664983315,3323,1971,51,Male,Y,296,"Davidson's Mains, Edinburgh",Edinburgh,"Edinburgh North","Lothian (Edinburgh)"
ragin',55.95429208386861,-2.765263161120188,1664983355,3320,1990,32,Male,Y,357,Haddington,"East Lothian",EH41,"Lothian (Edinburgh)"
ragin',56.47116650287127,-2.9693780778360797,1664983393,3319,1970,52,Female,Y,238,"Menzieshill, Dundee",Dundee,"Dundee Central","Tayside and Angus (Dundee)"
ragin',56.116287863365116,-4.79929941446446,1664983440,3324,1985,37,Female,Y,563,Clynder,"Argyll and Bute",G84,"Argyll and Bute"
ragin',55.950951217418755,-3.6079993527588092,1664983442,3326,1990,32,Female,Y,369,Linlithgow,"West Lothian",EH49,"Lothian (Edinburgh)"
ragin',55.69460026600704,-4.562702594137613,1664983464,3316,1997,25,Male,N,841,Stewarton,"East Ayrshire",KA3,Ayrshire
ragin',55.62637643224886,-4.699458267285204,1664983511,3327,1961,61,Male,Y,787,"Irvine (centre: Castlepark, Tarryholme)","North Ayrshire",KA12,Ayrshire
ragin',55.63446478731389,-4.223922872211659,1664983517,3328,1982,40,Female,Y,796,Darvel,"East Ayrshire",KA17,Ayrshire
ragin',55.815841165955774,-4.079802208261781,1664983556,3329,1976,46,Male,Y,628,"Balornock, Glasgow",Glasgow,"Glasgow Northeast",Glasgow
ragin',55.86335506850686,-4.346298828655489,1664983562,3332,1984,38,Female,Y,678,"Cardonald, Glasgow",Glasgow,"Glasgow Southwest",Glasgow
ragin',55.6844511590593,-3.8651756858175763,1664983601,3338,2001,21,Other,N,1212,Carluke,"South Lanarkshire",ML8,Glasgow
ragin',56.28565969768796,-3.9321505725610657,1664983607,3333,1969,53,Male,Y,405,Dunblane,Stirlingshire,FK15,"Stirling and Falkirk"
ragin',55.96730128296002,-3.215538634813593,1664983657,3344,1983,39,Female,Y,296,"Davidson's Mains, Edinburgh",Edinburgh,"Edinburgh North","Lothian (Edinburgh)"
ragin',59.30161136250281,-2.9294136409538676,1664983674,3336,1974,48,Female,Y,1025,"Orkney Islands",Orkney,KW17,"Orkney Islands"
ragin',56.39284848343531,-3.335024551549837,1664983716,3346,1992,30,Female,Y,1353,Scone,"Perth and Kinross",PH2,Fife
ragin',55.95901191526448,-3.6550323530218756,1664983751,3339,1997,25,Other,Y,369,Linlithgow,"West Lothian",EH49,"Lothian (Edinburgh)"
ragin',55.54661256893126,-2.750181200142597,1664983758,3345,1986,36,Male,N,1479,Selkirk,"Scottish Borders",TD7,Borders
ragin',55.74492974243089,-4.029542618492597,1664983791,3350,1996,26,Female,Y,1183,Hamilton,"South Lanarkshire",ML3,Glasgow
ragin',57.54023941427941,-3.052193230901592,1664983799,3353,1975,47,Female,N,88,Keith, Moray,AB55,"North East (Aberdeen)"
ragin',56.21551415008804,-3.0100580178823355,1664983994,3354,1981,41,Male,N,1139,Kennoway,Fife,KY8,Fife
ragin',55.923445809194526,-3.5942252663978085,1664984089,3360,1963,59,Female,Y,368,Bathgate,"West Lothian",EH48,"Lothian (Edinburgh)"
ragin',55.95500088155555,-3.2250369636268976,1664984115,3362,1995,27,Male,Y,288,"Murrayfield, Edinburgh",Edinburgh,"Edinburgh North","Lothian (Edinburgh)"
ragin',55.82506494392331,-4.484775836961547,1664984128,3365,1968,54,Male,Y,1276,Johnstone,Renfrewshire,PA5,Glasgow
ragin',55.95513262897498,-3.248757166939331,1664984155,3363,1974,48,Male,Y,297,"Blackhall, Edinburgh",Edinburgh,"Edinburgh North","Lothian (Edinburgh)"
ragin',55.541640389473194,-4.594880275015291,1664984170,3366,1991,31,Female,Y,779,"Kilmarnock (centre and south: Bonnyton, Grange, Bellfield, Shortlees, Caprington, Riccarton, Hurlford)","East Ayrshire",KA1,Ayrshire
ragin',57.126162474555876,-2.1286739042476253,1664984248,3369,1964,58,Female,Y,127,"Torry, Aberdeen",Aberdeen,"Aberdeen Southeast","North East (Aberdeen)"
ragin',55.8096154800173,-2.4699621581534106,1664984280,3370,1950,72,Male,Y,1423,Duns,"Scottish Borders",TD11,Borders
ragin',55.9302001821544,-3.074290500649929,1664984315,3371,1967,55,Female,Y,330,Musselburgh,"East Lothian",EH21,"Lothian (Edinburgh)"
ragin',55.78784662361702,-4.509918630723363,1664984379,3368,1962,60,Male,N,1236,"Paisley (south: Blackhall, Castlehead, Dykebar, Foxbar, Hunterhill, Meikleriggs)",Renfrewshire,PA2,Glasgow
ragin',57.12381556700348,-2.1508500986289807,1664984434,3374,2003,19,Female,Y,128,"Mannofield, Aberdeen",Aberdeen,"Aberdeen Southwest","North East (Aberdeen)"
ragin',55.791624391520145,-3.9475620319804703,1664984435,3372,1996,26,Male,Y,1151,Motherwell,"North Lanarkshire",ML1,Glasgow
ragin',57.20830936053252,-2.147107429212729,1664984479,3376,1964,58,Male,Y,111,"Bucksburn, Aberdeen",Aberdeen,"Aberdeen North","North East (Aberdeen)"
ragin',55.8081137399032,-3.948855916164273,1664984545,3377,1987,35,Female,Y,1147,Carfin,"North Lanarkshire",ML1,Glasgow
ragin',55.7634610702092,-4.464543668478543,1664984652,3378,1985,37,Female,Y,541,Neilston,"East Renfrewshire",G78,Glasgow
ragin',57.02675566014733,-2.5247153535667044,1664984678,3380,1989,33,Female,Y,22,Banchory,Aberdeenshire,AB31,"North East (Aberdeen)"
ragin',55.78994456032843,-4.262644350473722,1664984705,3381,1975,47,Male,Y,571,"Castlemilk, Glasgow",Glasgow,"Glasgow Castlemilk",Glasgow
ragin',55.94536051644702,-3.2129447720183886,1664984786,3373,1980,42,Male,N,289,"Newhaven, Edinburgh",Edinburgh,"Edinburgh North","Lothian (Edinburgh)"
ragin',55.79997741030256,-4.262128235812245,1664984789,3383,1987,35,Female,Y,571,"Castlemilk, Glasgow",Glasgow,"Glasgow Castlemilk",Glasgow
ragin',56.954914317847766,-2.667307122498901,1664984821,3380,1989,33,Female,Y,22,Banchory,Aberdeenshire,AB31,"North East (Aberdeen)"
ragin',55.563383707078515,-4.629036012169946,1664984838,3384,1992,30,Male,Y,784,Troon,"South Ayrshire",KA10,Ayrshire
ragin',56.496715631895526,-2.8170867136137896,1664984850,3385,1996,26,Male,Y,249,Monifieth,Angus,"Dundee East","Tayside and Angus (Dundee)"
ragin',56.0564046923616,-3.3009143543371042,1664984972,3392,1979,43,Female,Y,1119,Burntisland,Fife,KY3,Fife
ragin',57.09889726703849,-2.2380927758833153,1664984973,3387,1978,44,Female,Y,128,"Mannofield, Aberdeen",Aberdeen,"Aberdeen Southwest","North East (Aberdeen)"
ragin',57.494771981864226,-4.037851383852433,1664984980,3388,1980,42,Male,Y,713,Culloden,Highland,IV2,"Highlands (Inverness)"
ragin',55.7809910398832,-4.2846038702418525,1664984995,3389,1993,29,Female,Y,653,"Netherlee, Glasgow",Glasgow,"Glasgow South",Glasgow
ragin',55.90035786349009,-4.8094807700165125,1664985071,3390,1994,28,Other,Y,1231,"Greenock (west: Bow Farm, Braeside, Branchton, Fort Matilda, Gateside, Greenock West, Overton, Pennyfern, Smithston)",Inverclyde,PA16,Glasgow
ragin',56.39452201957336,-3.0276487465260007,1664985126,3393,1956,66,Female,Y,1109,Ladybank,Fife,KY15,Fife
ragin',56.22401473047719,-3.1720901018546934,1664985137,3397,1993,29,Female,Y,1133,"Glenrothes (centre and east: Pitteuchar, Finglassie, Stenton, Auchmuty, Pitcoudie, Balfarg, Pircairn, Collydean)",Fife,KY7,Fife
ragin',56.0136426926481,-3.7996483082209656,1664985148,3394,1965,57,Male,Y,422,"Falkirk (north: Grahamston, Middlefield, Westfield)",Falkirk,FK2,"Stirling and Falkirk"
ragin',57.69439456338762,-4.193106616740949,1664985184,3399,1969,53,Female,Y,708,Invergordon,Highland,IV18,"Highlands (Inverness)"
ragin',55.83377174971816,-4.297133726012634,1664985184,3317,1991,31,Other,Y,645,Clarkston,"East Renfrewshire","Glasgow South",Glasgow
ragin',55.89380787184196,-4.409550780360597,1664985230,3396,1990,32,Male,Y,1264,Renfrew,Renfrewshire,PA4,Glasgow
ragin',55.85213657382518,-4.171670167082744,1664985248,3398,1963,59,Female,N,624,"Springboig, Glasgow",Glasgow,"Glasgow Northeast",Glasgow
ragin',56.46448075716218,-3.0269443176305932,1664985321,3404,1959,63,Male,Y,243,"Hilltown, Dundee",Dundee,"Dundee Central","Tayside and Angus (Dundee)"
ragin',56.09589583197038,-3.2876841696148613,1664985417,3407,1993,29,Female,Y,1117,"Kirkcaldy (west: Hayfield, Templehall, Newliston, Chapel, Dunnikier, Bennochy)",Fife,KY2,Fife
ragin',57.665866389845796,-3.401498765384183,1664985500,3409,1999,23,Female,Y,737,Elgin,Moray,IV30,"North East (Aberdeen)"
ragin',56.70662501150973,-3.4784134838198204,1664985513,3406,1987,35,Male,N,1318,Blairgowrie,"Perth and Kinross",PH10,Fife
ragin',56.11633425756016,-4.508779339823917,1664985530,3408,1979,43,Female,Y,501,Strathblane,Stirlingshire,G63,"Stirling and Falkirk"
ragin',55.86351461440315,-4.351889070801534,1664985558,3412,1994,28,Male,Y,685,"Gorbals, Glasgow",Glasgow,"Glasgow Southwest",Glasgow
ragin',55.79924810470456,-4.505074200185143,1664985638,3421,1964,58,Female,N,1236,"Paisley (south: Blackhall, Castlehead, Dykebar, Foxbar, Hunterhill, Meikleriggs)",Renfrewshire,PA2,Glasgow
ragin',57.224349381009965,-2.2952016951938607,1664985645,3415,1982,40,Female,Y,113,"Bridge of Don, Aberdeen",Aberdeen,"Aberdeen North","North East (Aberdeen)"
ragin',56.12149791791788,-3.1893867099238844,1664985672,3417,1969,53,Male,Y,1117,"Kirkcaldy (west: Hayfield, Templehall, Newliston, Chapel, Dunnikier, Bennochy)",Fife,KY2,Fife
ragin',55.53942051912664,-3.8120531666201227,1664985675,3418,1995,27,Male,Y,1167,Lanark,"South Lanarkshire",ML11,Glasgow
ragin',55.7616524368854,-4.260569680264905,1664985692,3423,1966,56,Male,Y,530,"East Kilbride (north: The Village, East Mains, West Mains, Lymekilns, St Leonards, Calderwood, Nerston, Stewartfield, Peel Park)","South Lanarkshire",G74,Glasgow
ragin',55.59804360586042,-4.553430374715982,1664985701,3422,1977,45,Male,Y,809,Dundonald,"South Ayrshire",KA2,Ayrshire
ragin',55.81300175151723,-4.177756984074571,1664985733,3414,1980,42,Female,Y,529,Cambuslang,"South Lanarkshire",G72,Glasgow
ragin',56.297068371227795,-4.697450538305237,1664985787,3425,1986,36,Male,Y,557,Alexandria,"West Dunbartonshire",G83,"Argyll and Bute"
ragin',55.835611068899716,-4.291928928953373,1664985794,3427,1990,32,Male,Y,646,"Burnside, Glasgow",Glasgow,"Glasgow South",Glasgow
ragin',55.97999500909585,-4.373530637419274,1664985816,3424,1984,38,Female,Y,489,Milngavie,"East Dunbartonshire",G62,Glasgow
ragin',59.04732481985266,-3.3450789349945436,1664985829,3426,1987,35,Male,Y,982,Stromness,Orkney,KW16,"Orkney Islands"
ragin',56.715806414730324,-3.44264277971191,1664985930,3431,1980,42,Female,N,1318,Blairgowrie,"Perth and Kinross",PH10,Fife
ragin',55.871440330584406,-4.375139545485405,1664985939,3429,1974,48,Female,Y,1264,Renfrew,Renfrewshire,PA4,Glasgow
ragin',55.963606073962545,-3.1902719751706936,1664985968,3438,1986,36,Male,Y,292,"Craigleith, Edinburgh",Edinburgh,"Edinburgh North","Lothian (Edinburgh)"
ragin',56.13746087648785,-3.1611623988153252,1664986004,3434,1993,29,Female,Y,1079,"Kirkcaldy (east: Linktown, Port Brae, Pathhead, Sinclairtown, Smeaton, Gallatown)",Fife,KY1,Fife
ragin',57.67074767356472,-3.2796850784083857,1664986085,3322,1980,42,Female,N,737,Elgin,Moray,IV30,"North East (Aberdeen)"
ragin',55.89030431646619,-3.2000091392265633,1664986101,3432,1977,45,Female,Y,313,"Colinton, Edinburgh",Edinburgh,"Edinburgh South","Lothian (Edinburgh)"
ragin',55.80857993949462,-4.412296050496969,1664986117,3442,1967,55,Male,Y,540,Barrhead,"East Renfrewshire",G78,Glasgow
ragin',57.368664520439715,-4.1466270668783425,1664986140,3447,1985,37,Female,Y,714,"Inverness (east: Culcabock, Crown, Culduthel, Drummond, Haugh, Hilton, Holm, Lochardil, Millburn, Raigmore)",Highland,IV2,"Highlands (Inverness)"
ragin',55.89068615820883,-4.446167054694563,1664986162,3444,1988,34,Male,Y,1306,Erskine,Renfrewshire,PA8,Glasgow
ragin',55.82376279879612,-4.5102560546526025,1664986168,3443,1948,74,Female,N,1276,Johnstone,Renfrewshire,PA5,Glasgow
ragin',55.73158043259852,-4.749336133178892,1664986174,3450,1987,35,Male,Y,815,Dalry,"North Ayrshire",KA24,Ayrshire
ragin',55.94346508874924,-4.820459693127458,1664986192,3433,1980,42,Female,Y,1231,"Greenock (west: Bow Farm, Braeside, Branchton, Fort Matilda, Gateside, Greenock West, Overton, Pennyfern, Smithston)",Inverclyde,PA16,Glasgow
ragin',55.81232940195805,-4.287467649276308,1664986221,3445,1985,37,Female,Y,660,"Arden, Glasgow",Glasgow,"Glasgow South",Glasgow
ragin',55.73552887363524,-4.133554345664286,1664986231,3452,2001,21,Female,N,534,"East Kilbride (south: Hairmyres, Westwood, The Murray, Murray East, Whitehills, Greenhill, Newlandsmuir, Gardenhall, Crosshouse, Newlands, Lindsayfield, Mossneuk)","South Lanarkshire",G75,Glasgow
ragin',55.872477345854705,-3.4965883178911104,1664986237,3440,1968,54,Male,N,375,Livingston,"West Lothian",EH54,"Lothian (Edinburgh)"
ragin',56.47254821639878,-2.9793251478660325,1664986282,3448,1998,24,Male,Y,244,"Stobswell, Dundee",Dundee,"Dundee Central","Tayside and Angus (Dundee)"
ragin',55.89967886872345,-3.2328210528332577,1664986321,3432,1977,45,Female,Y,313,"Colinton, Edinburgh",Edinburgh,"Edinburgh South","Lothian (Edinburgh)"
ragin',55.866208932649684,-4.463311977419357,1664986348,3446,1992,30,Female,Y,1248,Linwood,Renfrewshire,PA3,Glasgow
ragin',56.210533217161334,-5.555677507147931,1664986450,3458,1966,56,Female,Y,1254,Lochgilphead,"Argyll and Bute",PA31,"Argyll and Bute"
ragin',55.83577416883565,-4.035104093439542,1664986485,3457,1955,67,Female,Y,1186,Bellshill,"North Lanarkshire",ML4,Glasgow
ragin',55.828980029298705,-4.24565544179608,1664986619,3460,1993,29,Female,Y,676,"Mosspark, Glasgow",Glasgow,"Glasgow Southwest",Glasgow
ragin',55.87415449540646,-3.057232180487147,1664986623,3462,1995,27,Female,Y,334,Dalkeith,Midlothian,EH22,"Lothian (Edinburgh)"
ragin',55.82058291913681,-4.293550088752557,1664986704,3463,1978,44,Female,N,660,"Arden, Glasgow",Glasgow,"Glasgow South",Glasgow
ragin',55.91017198430242,-3.1715701796426417,1664986755,3459,1977,45,Male,N,323,"Moredun, Edinburgh",Edinburgh,"Edinburgh Southeast","Lothian (Edinburgh)"
ragin',55.42124468076652,-4.193432436033587,1664986954,3464,1972,50,Male,Y,798,Cumnock,"East Ayrshire",KA18,Ayrshire
ragin',55.932119177837976,-3.4371000382999624,1664987057,3467,1963,59,Female,Y,371,Broxburn,"West Lothian",EH52,"Lothian (Edinburgh)"
ragin',56.69462904704126,-2.960717155566657,1664987251,3469,1970,52,Male,Y,179,Forfar,Angus,DD8,"Tayside and Angus (Dundee)"
ragin',56.29093464927636,-2.9896633981868996,1664987294,3471,1975,47,Female,N,1105,Cupar,Fife,KY15,Fife
ragin',55.84778788769904,-4.166971440404906,1664987322,3470,1983,39,Female,Y,598,Rutherglen,"South Lanarkshire","Glasgow Northeast",Glasgow
ragin',57.14033738512848,-2.097476244302387,1664987567,3476,1986,36,Male,Y,127,"Torry, Aberdeen",Aberdeen,"Aberdeen Southeast","North East (Aberdeen)"
ragin',56.33093565881226,-2.8208837772151467,1664987598,3478,1974,48,Male,N,1114,"St Andrews",Fife,KY16,Fife
ragin',55.99043025047585,-3.447462783236234,1664987624,3479,1974,48,Male,N,306,"Queensferry, Edinburgh",Edinburgh,"Edinburgh Queensferry","Lothian (Edinburgh)"
ragin',55.69095122640562,-4.151186521431163,1664987627,3480,1998,24,Male,Y,534,"East Kilbride (south: Hairmyres, Westwood, The Murray, Murray East, Whitehills, Greenhill, Newlandsmuir, Gardenhall, Crosshouse, Newlands, Lindsayfield, Mossneuk)","South Lanarkshire",G75,Glasgow
ragin',59.17320943253362,-3.0304883856398064,1664987653,3482,1984,38,Female,Y,1025,"Orkney Islands",Orkney,KW17,"Orkney Islands"
ragin',55.84414104529091,-4.1441547636244875,1664987715,3485,1976,46,Male,Y,628,"Balornock, Glasgow",Glasgow,"Glasgow Northeast",Glasgow
ragin',55.83943103023215,-4.099259719656216,1664987789,3489,2001,21,Female,Y,525,Uddingston,"South Lanarkshire",G71,Glasgow
ragin',55.72724338382286,-4.209142632654937,1664987853,3490,1968,54,Female,Y,534,"East Kilbride (south: Hairmyres, Westwood, The Murray, Murray East, Whitehills, Greenhill, Newlandsmuir, Gardenhall, Crosshouse, Newlands, Lindsayfield, Mossneuk)","South Lanarkshire",G75,Glasgow
ragin',56.043392153693446,-3.857254228272614,1664987963,3491,1989,33,Male,Y,450,Stenhousemuir,Falkirk,FK5,"Stirling and Falkirk"
ragin',55.880784438980896,-4.328709135128028,1664987968,3492,1970,52,Male,Y,644,"Partick, Glasgow",Glasgow,"Glasgow Northwest",Glasgow
ragin',57.167289963507045,-2.094959155015629,1664988002,3493,1965,57,Female,N,105,"Seaton, Aberdeen",Aberdeen,"Aberdeen Central","North East (Aberdeen)"
ragin',55.76246776507766,-4.000643096686389,1664988025,3497,1978,44,Male,N,1183,Hamilton,"South Lanarkshire",ML3,Glasgow
ragin',56.00827828878769,-5.3040322019309505,1664988035,3495,1985,37,Male,Y,1238,Tighnabruaich,"Argyll and Bute",PA21,"Argyll and Bute"
ragin',57.2420624233768,-2.2653643464563555,1664988091,3494,1999,23,Male,School,112,"Dyce, Aberdeen",Aberdeen,"Aberdeen North","North East (Aberdeen)"
ragin',56.09041009173513,-3.5949568111899786,1664988097,3500,1992,30,Male,N,1096,"Dunfermline (centre, north, west: Abbey Parks, Lady's Mill, Garvock, Headwell, Kingseathill, Wellwood, Milesmark, Baldridge, Pittencrieff, Baldridgeburn)",Fife,KY12,Fife
ragin',57.75242751317699,-4.551121306531117,1664988106,3498,1985,37,Male,N,707,Alness,Highland,IV17,"Highlands (Inverness)"
ragin',57.2712289372152,-2.1634166082432174,1664988263,3506,1996,26,Female,Y,113,"Bridge of Don, Aberdeen",Aberdeen,"Aberdeen North","North East (Aberdeen)"
ragin',55.797701678555704,-4.3122455399135005,1664988404,3510,1996,26,Female,Y,648,"Shawlands, Glasgow",Glasgow,"Glasgow South",Glasgow
ragin',55.948499595897175,-4.095983421085019,1664988415,3509,1976,46,Female,Y,507,Kirkintilloch,"East Dunbartonshire",G66,Glasgow
ragin',55.87036099107415,-3.1252244825852413,1664988419,3508,1956,66,Female,Y,328,Bonnyrigg,Midlothian,EH19,"Lothian (Edinburgh)"
ragin',55.97668841029434,-3.1563206493323994,1664988428,3507,1986,36,Male,Y,285,"Leith, Edinburgh",Edinburgh,"Edinburgh Leith","Lothian (Edinburgh)"
ragin',55.65651934641955,-4.770157238389991,1664988472,3475,1964,58,Male,N,812,Saltcoats,"East Ayrshire",KA21,Ayrshire
ragin',54.83593706005764,-3.9708737505953353,1664988486,3511,1996,26,Female,Y,218,Kirkcudbright,"Dumfries and Galloway",DG6,"Dumfries and Galloway"
ragin',56.54267456268533,-5.450948673814087,1664988529,3512,1973,49,Female,Y,1257,Oban,"Argyll and Bute",PA34,"Argyll and Bute"
ragin',56.16922843514902,-3.651359758171077,1664988529,3513,1957,65,Female,Y,397,Dollar,Clackmannanshire,FK14,"Stirling and Falkirk"
ragin',55.87538981761255,-3.961419644766836,1664988670,3515,1955,67,Female,Y,1192,Airdrie,"North Lanarkshire",ML6,Glasgow
ragin',56.47634558928018,-3.0135145094958933,1664988842,3516,1982,40,Male,Y,242,"St Marys, Dundee",Dundee,"Dundee Central","Tayside and Angus (Dundee)"
ragin',55.92855498924362,-4.319082350213792,1664988879,3518,1963,59,Male,Y,488,Bearsden,"East Dunbartonshire",G61,Glasgow
ragin',56.747348449964136,-3.0447766990480583,1664988882,3521,1973,49,Female,Y,179,Forfar,Angus,DD8,"Tayside and Angus (Dundee)"
ragin',55.91380068558169,-4.169717548527811,1664988910,3520,1984,38,Male,Y,510,"Milton of Campsie","East Dunbartonshire",G66,Glasgow
ragin',55.76367634024042,-4.441579285084253,1664988914,3524,1989,33,Male,Y,540,Barrhead,"East Renfrewshire",G78,Glasgow
ragin',55.800295700855884,-3.15122061353658,1664988954,3528,1985,37,Other,Y,343,Penicuik,Midlothian,EH26,"Lothian (Edinburgh)"
ragin',55.92585284805205,-4.313612726071237,1664988966,3529,1983,39,Male,Y,488,Bearsden,"East Dunbartonshire",G61,Glasgow
ragin',57.441401282089004,-1.9829397126945654,1664988985,3517,1995,27,Male,Y,54,Peterhead,Aberdeenshire,AB42,"North East (Aberdeen)"
ragin',55.957055233618476,-3.7316529604011928,1664989047,3531,1991,31,Female,N,382,Shieldhill, Falkirk,FK1,"Stirling and Falkirk"
ragin',55.69028582827294,-4.760597849503867,1664989079,3533,1977,45,Female,N,812,Saltcoats,"East Ayrshire",KA21,Ayrshire
ragin',57.085149571597135,-2.275274603690598,1664989089,3532,1986,36,Female,Y,130,"Ferryhill, Aberdeen",Aberdeen,"Aberdeen Southwest","North East (Aberdeen)"
ragin',57.536927939290855,-4.204271471556614,1664989189,3534,1983,39,Female,Y,699,"Inverness (centre, north: Longman)",Highland,IV1,"Highlands (Inverness)"
ragin',55.78368592108326,-3.898991895533163,1664989407,3542,1982,40,Female,Y,1180,Wishaw,"North Lanarkshire",ML2,Glasgow
ragin',55.87951429049649,-3.5344166248253357,1664989409,3538,1993,29,Female,Y,375,Livingston,"West Lothian",EH54,"Lothian (Edinburgh)"
ragin',55.89369365516557,-3.527584577892342,1664989441,3544,1997,25,Female,Y,375,Livingston,"West Lothian",EH54,"Lothian (Edinburgh)"
ragin',60.1346750523105,-1.2681022081852886,1664989443,3545,1982,40,Male,Y,1500,Lerwick,"Shetland Isles",ZE1,"Shetland Islands"
ragin',55.82064740497729,-3.9415232906930164,1664989576,3539,1984,38,Female,Y,1148,Cleland,"North Lanarkshire",ML1,Glasgow
ragin',56.130538190917555,-3.3968578321870666,1664989648,3546,1976,46,Female,Y,1121,Cowdenbeath,Fife,KY4,Fife
ragin',55.7915904678601,-4.2980449535848555,1664989802,3549,1972,50,Female,Y,648,"Shawlands, Glasgow",Glasgow,"Glasgow South",Glasgow
ragin',55.81381480090706,-4.412480361797211,1664989806,3550,1995,27,Male,Y,1236,"Paisley (south: Blackhall, Castlehead, Dykebar, Foxbar, Hunterhill, Meikleriggs)",Renfrewshire,PA2,Glasgow
ragin',55.40777736838585,-4.6390738247520344,1664989981,3551,1972,50,Male,Y,856,"Ayr (Centre)","South Ayrshire",KA7,Ayrshire
ragin',56.4935660322018,-3.6759555146529177,1664990047,3552,1975,47,Male,Y,1313,"Perth (north and west: Burghmuir, Cherrybank, Hillyland, Inveralmond, Lethom, Muirton, North Muirton, Tulloch)","Perth and Kinross",PH1,Fife
ragin',56.70669826736891,-4.082612343124768,1664990066,3553,1968,54,Male,Y,1329,Pitlochry,"Perth and Kinross",PH16,Fife
ragin',57.17394329045929,-2.1193149309543355,1664990067,3555,1984,38,Male,N,98,"Northfield, Aberdeen",Aberdeen,"Aberdeen Central","North East (Aberdeen)"
ragin',55.97887301599031,-4.256710815712199,1664990149,3557,1994,28,Female,Y,509,Lenzie,"East Dunbartonshire",G66,Glasgow
ragin',55.71679288687112,-4.015101504609397,1664990228,3559,1978,44,Male,Y,1183,Hamilton,"South Lanarkshire",ML3,Glasgow
ragin',56.14951068214447,-3.1235849150621657,1664990239,3561,1974,48,Female,Y,1079,"Kirkcaldy (east: Linktown, Port Brae, Pathhead, Sinclairtown, Smeaton, Gallatown)",Fife,KY1,Fife
ragin',56.491732735914574,-2.8460953529944524,1664990261,3556,1989,33,Female,Y,246,"West Ferry, Dundee",Dundee,"Dundee East","Tayside and Angus (Dundee)"
ragin',56.23165227744248,-3.1525625070914414,1664990308,3563,1971,51,Female,Y,1133,"Glenrothes (centre and east: Pitteuchar, Finglassie, Stenton, Auchmuty, Pitcoudie, Balfarg, Pircairn, Collydean)",Fife,KY7,Fife
ragin',55.85115552238991,-4.285944604373199,1664990356,3567,1972,50,Male,Y,681,"Nitshill, Glasgow",Glasgow,"Glasgow Southwest",Glasgow
ragin',56.61676793120072,-2.5751419091447327,1664990365,3560,1971,51,Female,Y,141,Arbroath,Angus,DD11,"Tayside and Angus (Dundee)"
ragin',55.9121045811118,-3.161269283384287,1664990434,3562,1996,26,Female,Y,322,"Gilmerton, Edinburgh",Edinburgh,"Edinburgh Southeast","Lothian (Edinburgh)"
ragin',56.02277569811343,-3.846028389365916,1664990442,3568,1972,50,Female,N,449,Larbert,Falkirk,FK5,"Stirling and Falkirk"
ragin',56.133220462377565,-3.1076206803297235,1664990447,3564,1952,70,Female,Y,1079,"Kirkcaldy (east: Linktown, Port Brae, Pathhead, Sinclairtown, Smeaton, Gallatown)",Fife,KY1,Fife
ragin',56.45324318603527,-3.366178240757862,1664990456,3566,1967,55,Female,N,1354,"Perth (south and east: Barnhill, Bridgend, Craigie, Kincarrathie, Upper Craigie)","Perth and Kinross",PH2,Fife
ragin',56.1041844227991,-3.388061271051553,1664990498,3565,1959,63,Male,Y,1124,Kelty,Fife,KY4,Fife
ragin',56.052700619206085,-3.5905356635253294,1664990582,3571,1996,26,Female,Y,1096,"Dunfermline (centre, north, west: Abbey Parks, Lady's Mill, Garvock, Headwell, Kingseathill, Wellwood, Milesmark, Baldridge, Pittencrieff, Baldridgeburn)",Fife,KY12,Fife
ragin',55.8630715029812,-3.4990267647887756,1664990583,3576,1997,25,Other,Y,375,Livingston,"West Lothian",EH54,"Lothian (Edinburgh)"
ragin',55.921420965557175,-4.288504470191471,1664990587,3575,1966,56,Male,Y,481,"Lambhill, Glasgow",Glasgow,G23,Glasgow
ragin',55.96323525851237,-3.9156301760526113,1664990615,3578,1992,30,Female,Y,441,Bonnybridge,Falkirk,FK4,"Stirling and Falkirk"
ragin',55.78084983353704,-4.3388162229572345,1664990656,3582,1998,24,Female,Y,539,"Newton Mearns","East Renfrewshire",G77,Glasgow
ragin',55.95688509795493,-3.947225515627042,1664990720,3580,1977,45,Male,N,514,"Cumbernauld (south: Condorrat, Lenziemill, Carbrain, Kildrum, Cumbernauld Village, Abronhill, Seafar)","North Lanarkshire",G67,Glasgow
ragin',57.25525283410936,-2.1349520816329615,1664990799,3584,1985,37,Female,Y,113,"Bridge of Don, Aberdeen",Aberdeen,"Aberdeen North","North East (Aberdeen)"
ragin',56.09778455859743,-3.5546191365836473,1664990807,3587,1971,51,Female,Y,1096,"Dunfermline (centre, north, west: Abbey Parks, Lady's Mill, Garvock, Headwell, Kingseathill, Wellwood, Milesmark, Baldridge, Pittencrieff, Baldridgeburn)",Fife,KY12,Fife
ragin',55.93636875479795,-3.244639592650578,1664990821,3585,1982,40,Male,Y,267,"Sighthill, Edinburgh",Edinburgh,"Edinburgh Central","Lothian (Edinburgh)"
ragin',55.8446430931453,-4.22498649892805,1664990864,3589,1969,53,Female,N,619,"Tollcross, Glasgow",Glasgow,"Glasgow Northeast",Glasgow
ragin',55.83083777184412,-2.4020984934660112,1664990901,3586,1985,37,Male,Y,1422,Chirnside,"Scottish Borders",TD11,Borders
ragin',55.8763842926523,-4.27149648485944,1664990913,3588,1983,39,Female,Y,634,"Maryhill, Glasgow",Glasgow,"Glasgow Northeast",Glasgow
ragin',55.97438389905538,-3.771185087580825,1664990916,3590,1965,57,Female,Y,379,California, Falkirk,FK1,"Stirling and Falkirk"
ragin',55.56624932634278,-4.560333339807246,1664990950,3592,1992,30,Male,N,779,"Kilmarnock (centre and south: Bonnyton, Grange, Bellfield, Shortlees, Caprington, Riccarton, Hurlford)","East Ayrshire",KA1,Ayrshire
ragin',55.83270432078997,-4.099169877346583,1664990962,3591,1962,60,Female,N,632,"Springburn, Glasgow",Glasgow,"Glasgow Northeast",Glasgow
ragin',55.75424463348592,-4.167726758537099,1664991023,3594,1996,26,Female,Y,534,"East Kilbride (south: Hairmyres, Westwood, The Murray, Murray East, Whitehills, Greenhill, Newlandsmuir, Gardenhall, Crosshouse, Newlands, Lindsayfield, Mossneuk)","South Lanarkshire",G75,Glasgow
ragin',56.196267622177125,-3.17358544813555,1664991089,3595,1985,37,Female,Y,1133,"Glenrothes (centre and east: Pitteuchar, Finglassie, Stenton, Auchmuty, Pitcoudie, Balfarg, Pircairn, Collydean)",Fife,KY7,Fife
ragin',55.97561812522062,-2.911656124446412,1664991138,3597,1996,26,Male,Y,347,Longniddry,"East Lothian",EH32,"Lothian (Edinburgh)"
ragin',55.845535598581996,-4.412298840295764,1664991235,3603,1983,39,Female,Y,1220,"Paisley (central, east and north east: Ferguslie, Oldhall, Seedhill, Williamsburgh, Whitehaugh)",Renfrewshire,PA1,Glasgow
ragin',55.95255744556132,-3.4266107833889112,1664991294,3599,1966,56,Female,Y,304,"Cramond, Edinburgh",Edinburgh,"Edinburgh Northwest","Lothian (Edinburgh)"
ragin',56.49172437329405,-2.958920237235022,1664991315,3606,1981,41,Female,Y,251,"Kirkton, Dundee",Dundee,"Dundee North","Tayside and Angus (Dundee)"
ragin',57.13458661193159,-2.11087106780079,1664991340,3610,1976,46,Female,Y,128,"Mannofield, Aberdeen",Aberdeen,"Aberdeen Southwest","North East (Aberdeen)"
ragin',55.47969886691222,-2.8795293439309595,1664991444,3607,1991,31,Male,Y,1479,Selkirk,"Scottish Borders",TD7,Borders
ragin',55.95111141005829,-3.2637429554008532,1664991453,3612,1993,29,Female,Y,287,"Corstorphine, Edinburgh",Edinburgh,"Edinburgh North","Lothian (Edinburgh)"
ragin',55.49437726805713,-3.9232293382724936,1664991469,3611,1979,43,Male,Y,1167,Lanark,"South Lanarkshire",ML11,Glasgow
ragin',55.09842040251107,-3.8184399074140267,1664991492,3614,1995,27,Female,Y,207,"Dumfries (west: Broomlands, Cargenbridge, Lochside, Maxwelltown, Troqueer)","Dumfries and Galloway",DG2,"Dumfries and Galloway"
ragin',55.84699829258117,-4.085962908895471,1664991530,3617,1993,29,Female,Y,602,"Baillieston, Glasgow",Glasgow,"Glasgow Northeast",Glasgow
ragin',55.82501719807227,-3.3892716721828147,1664991534,3618,1977,45,Female,Y,320,"Newington, Edinburgh",Edinburgh,"Edinburgh South","Lothian (Edinburgh)"
ragin',55.90207481825238,-4.258654830926401,1664991537,3616,1961,61,Female,N,605,"Ruchazie, Glasgow",Glasgow,"Glasgow Northeast",Glasgow
ragin',56.78378430820129,-5.425067347533205,1664991745,3626,1973,49,Female,Y,1377,"Fort William",Highland,PH33,"Highlands (Inverness)"
ragin',57.162795308507455,-2.180984943003415,1664991771,3620,1959,63,Male,N,98,"Northfield, Aberdeen",Aberdeen,"Aberdeen Central","North East (Aberdeen)"
ragin',55.877560065659424,-3.633033643254618,1664991849,3629,1995,27,Male,Y,368,Bathgate,"West Lothian",EH48,"Lothian (Edinburgh)"
ragin',55.81894770880726,-4.078518162074124,1664991943,3631,1977,45,Male,Y,623,"Shettleston, Glasgow",Glasgow,"Glasgow Northeast",Glasgow
ragin',55.89415114822322,-3.7149306175159924,1664991962,3632,1971,51,Male,Y,368,Bathgate,"West Lothian",EH48,"Lothian (Edinburgh)"
ragin',55.81654208257836,-4.346728672298676,1664992027,3630,1967,55,Female,N,668,"Carnwadric, Glasgow",Glasgow,"Glasgow Southwest",Glasgow
ragin',55.8574138265155,-3.098970495452456,1664992074,3635,1999,23,Female,Y,328,Bonnyrigg,Midlothian,EH19,"Lothian (Edinburgh)"
ragin',55.67967764679115,-3.976249964251526,1664992119,3640,1991,31,Female,Y,1217,Larkhall,"North Lanarkshire",ML9,Glasgow
ragin',55.42080527762631,-3.9089494854893068,1664992140,3644,1969,53,Male,N,214,Sanquhar,"Dumfries and Galloway",DG4,"Dumfries and Galloway"
ragin',55.16371154089446,-2.8294807825836465,1664992143,3637,1966,56,Male,Y,1493,Hawick,"Scottish Borders",TD9,Borders
ragin',56.078518110408694,-4.986962127637589,1664992215,3645,1976,46,Female,Y,1241,Dunoon,"Argyll and Bute",PA23,"Argyll and Bute"
ragin',55.93239968621468,-4.866229136070309,1664992251,3639,1974,48,Male,Y,1235,Gourock,Inverclyde,PA19,Glasgow
ragin',54.974464413514525,-3.5332457299075157,1664992360,3112,1989,33,Male,Y,186,"Dumfries (centre and east: Dalscone, Georgetown, Heathhall, Kingholm Quay, Noblehill, The Crichton)","Dumfries and Galloway",DG1,"Dumfries and Galloway"
ragin',55.78652732334979,-4.908468399260405,1664992371,3638,1992,30,Female,Y,832,Millport,"North Ayrshire",KA28,Ayrshire
ragin',55.83846805059284,-4.247375528388792,1664992452,3648,1974,48,Male,N,678,"Cardonald, Glasgow",Glasgow,"Glasgow Southwest",Glasgow
ragin',55.702772806540125,-4.440258250125662,1664992463,3650,1989,33,Female,Y,837,"Kilmarnock (north: Onthank, Townholm, Altonhill, Longpark, Beansburn, New Farm Loch, Knockinlaw, Hillhead, Crookedholm)","East Ayrshire",KA3,Ayrshire
ragin',57.17345075384785,-2.148681784639289,1664992474,3649,1994,28,Male,N,106,"Kittybrewster, Aberdeen",Aberdeen,"Aberdeen Central","North East (Aberdeen)"
ragin',57.20791412965764,-4.56479777255759,1664992479,3647,1998,24,Female,Y,713,Culloden,Highland,IV2,"Highlands (Inverness)"
ragin',57.221219241500435,-2.1788397448684793,1664992504,3653,1993,29,Female,Y,111,"Bucksburn, Aberdeen",Aberdeen,"Aberdeen North","North East (Aberdeen)"
ragin',55.9563756311584,-2.9158912502219274,1664992572,3658,1995,27,Female,Y,349,Tranent,"East Lothian",EH33,"Lothian (Edinburgh)"
ragin',55.8251135137476,-3.9908694442388035,1664992623,3654,1994,28,Female,Y,1150,Holytown,"North Lanarkshire",ML1,Glasgow
ragin',55.80740380371094,-3.9200129338160483,1664992624,3652,1995,27,Male,Y,1153,Newarthill,"North Lanarkshire",ML1,Glasgow
ragin',55.79806053878476,-3.151788359103602,1664992628,3656,1991,31,Male,Y,343,Penicuik,Midlothian,EH26,"Lothian (Edinburgh)"
ragin',58.42621646449664,-3.7439040522530407,1664992751,3660,1974,48,Female,Y,953,Reay,Highland,KW14,"Highlands (Inverness)"
ragin',55.5512853455815,-4.263442818106591,1664992759,3569,1978,44,Female,Y,848,Tarbolton,"South Ayrshire",KA5,Ayrshire
ragin',55.93685824902121,-3.952936566777727,1664992869,3662,1984,38,Male,Y,514,"Cumbernauld (south: Condorrat, Lenziemill, Carbrain, Kildrum, Cumbernauld Village, Abronhill, Seafar)","North Lanarkshire",G67,Glasgow
ragin',56.52666814739016,-2.6945269977687762,1664992896,3657,1973,49,Female,Y,178,Carnoustie,Angus,DD7,"Tayside and Angus (Dundee)"
ragin',55.9584659504039,-3.170054627936114,1664992987,3670,1968,54,Male,Y,287,"Corstorphine, Edinburgh",Edinburgh,"Edinburgh North","Lothian (Edinburgh)"
ragin',55.38336478841088,-4.508721054635138,1664992995,3667,1993,29,Female,Y,851,Coylton,"South Ayrshire",KA6,Ayrshire
ragin',55.92492379413768,-4.856381434974263,1664993062,3672,1996,26,Male,Y,1231,"Greenock (west: Bow Farm, Braeside, Branchton, Fort Matilda, Gateside, Greenock West, Overton, Pennyfern, Smithston)",Inverclyde,PA16,Glasgow
ragin',55.911137398583556,-4.048306163491346,1664993064,3664,1958,64,Female,N,1189,Coatbridge,"North Lanarkshire",ML5,Glasgow
ragin',56.028298120484116,-2.8263298984936793,1664993132,3669,1972,50,Female,Y,345,Gullane,"East Lothian",EH31,"Lothian (Edinburgh)"
ragin',55.46988452950478,-4.614591317071634,1664993166,3659,1995,27,Other,Y,868,"Newton on Ayr","South Ayrshire",KA8,Ayrshire
ragin',55.79653725803664,-4.050828980728374,1664993246,3679,1959,63,Female,Y,523,Bothwell,"South Lanarkshire",G71,Glasgow
ragin',55.85345627450433,-4.02738515524818,1664993247,3675,1993,29,Male,N,1189,Coatbridge,"North Lanarkshire",ML5,Glasgow
ragin',55.72424041813643,-3.1220935912065046,1664993257,3677,1974,48,Female,Y,338,Gorebridge,Midlothian,EH23,"Lothian (Edinburgh)"
ragin',55.85183115758435,-4.2426416212000735,1664993286,3676,2000,22,Male,Y,580,"Anderston, Glasgow",Glasgow,"Glasgow City Centre",Glasgow
ragin',55.877135764605285,-3.1857202633531294,1664993287,3680,1974,48,Male,Y,310,"Balerno, Edinburgh",Edinburgh,"Edinburgh South","Lothian (Edinburgh)"
ragin',55.80613680804445,-4.450878477320086,1664993310,3671,1997,25,Female,Y,1236,"Paisley (south: Blackhall, Castlehead, Dykebar, Foxbar, Hunterhill, Meikleriggs)",Renfrewshire,PA2,Glasgow
ragin',57.664837736060406,-2.3788156799381728,1664993328,3678,1976,46,Female,Y,59,Banff,Aberdeenshire,AB45,"North East (Aberdeen)"
ragin',55.85551976496259,-4.420297850744243,1664993407,3682,1959,63,Female,Y,1249,"Paisley (north west: Ferguslie Park, Gallowhill, Gockston, Shortroods, )",Renfrewshire,PA3,Glasgow
ragin',55.809599626119834,-4.291445762535603,1664993437,3684,1965,57,Male,N,660,"Arden, Glasgow",Glasgow,"Glasgow South",Glasgow
ragin',56.22662470883724,-2.749053025942974,1664993445,3683,1973,49,Female,Y,1082,Cellardyke,Fife,KY10,Fife
ragin',55.862972133957115,-3.353640161347773,1664993593,3686,1969,53,Male,Y,320,"Newington, Edinburgh",Edinburgh,"Edinburgh South","Lothian (Edinburgh)"
ragin',55.86484158366683,-4.301056083101279,1664993629,3687,1979,43,Female,Y,587,"Jordanhill, Glasgow",Glasgow,"Glasgow Kelvin",Glasgow
ragin',55.997595537731115,-3.6440423828916173,1664993653,3688,1993,29,Male,Y,369,Linlithgow,"West Lothian",EH49,"Lothian (Edinburgh)"
ragin',55.873160462130485,-3.826057881481552,1664993761,3689,1982,40,Female,N,1192,Airdrie,"North Lanarkshire",ML6,Glasgow
ragin',56.00850549431883,-3.597457493539356,1664993961,3694,1968,54,Male,Y,370,Bo'ness,Falkirk,EH51,"Lothian (Edinburgh)"
ragin',55.72101454564642,-4.042066413888755,1664994045,3696,1961,61,Male,Y,1183,Hamilton,"South Lanarkshire",ML3,Glasgow
ragin',55.947318335167274,-3.245472916449356,1664994052,3692,1989,33,Male,N,294,"Stockbridge, Edinburgh",Edinburgh,"Edinburgh North","Lothian (Edinburgh)"
ragin',55.22155133893855,-4.6682844596759,1664994058,3698,1966,56,Female,Y,824,Girvan,"South Ayrshire",KA26,Ayrshire
ragin',55.82753948757783,-4.8495391210400625,1664994063,3700,1989,33,Female,Y,842,Largs,"North Ayrshire",KA30,Ayrshire
ragin',55.8222712277951,-4.192986470681753,1664994067,3693,1972,50,Male,N,653,"Netherlee, Glasgow",Glasgow,"Glasgow South",Glasgow
ragin',56.91786868156885,-3.6079684734542514,1664994089,3699,1967,55,Male,N,1318,Blairgowrie,"Perth and Kinross",PH10,Fife
ragin',55.83959507694046,-4.487405842980545,1664994161,3703,1974,48,Male,N,1248,Linwood,Renfrewshire,PA3,Glasgow
ragin',57.101570796162726,-2.224866101879833,1664994195,3706,1992,30,Female,Y,128,"Mannofield, Aberdeen",Aberdeen,"Aberdeen Southwest","North East (Aberdeen)"
ragin',55.58783573663688,-4.415390476522617,1664994208,3710,1996,26,Female,Y,779,"Kilmarnock (centre and south: Bonnyton, Grange, Bellfield, Shortlees, Caprington, Riccarton, Hurlford)","East Ayrshire",KA1,Ayrshire
ragin',55.97786423019747,-3.476537348526256,1664994231,3709,1971,51,Female,Y,371,Broxburn,"West Lothian",EH52,"Lothian (Edinburgh)"
ragin',55.8248114338422,-4.335743261784129,1664994275,3713,1968,54,Female,Y,679,"Pollock, Glasgow",Glasgow,"Glasgow Southwest",Glasgow
ragin',55.55288701205539,-4.521428416999658,1664994278,2704,1991,31,Male,N,779,"Kilmarnock (centre and south: Bonnyton, Grange, Bellfield, Shortlees, Caprington, Riccarton, Hurlford)","East Ayrshire",KA1,Ayrshire
ragin',55.777966690661394,-4.1841190216225135,1664994346,3712,1968,54,Female,Y,530,"East Kilbride (north: The Village, East Mains, West Mains, Lymekilns, St Leonards, Calderwood, Nerston, Stewartfield, Peel Park)","South Lanarkshire",G74,Glasgow
ragin',55.66007529231925,-4.781070801236986,1664994398,3715,1998,24,Female,Y,812,Saltcoats,"East Ayrshire",KA21,Ayrshire
ragin',55.977172385368235,-3.206829060176397,1664994491,3717,1983,39,Female,Y,288,"Murrayfield, Edinburgh",Edinburgh,"Edinburgh North","Lothian (Edinburgh)"
ragin',56.31933472496806,-3.2952494937098873,1664994651,3721,1971,51,Male,Y,1354,"Perth (south and east: Barnhill, Bridgend, Craigie, Kincarrathie, Upper Craigie)","Perth and Kinross",PH2,Fife
ragin',55.84715461314728,-4.37644548911463,1664994681,3722,1990,32,Female,Y,1220,"Paisley (central, east and north east: Ferguslie, Oldhall, Seedhill, Williamsburgh, Whitehaugh)",Renfrewshire,PA1,Glasgow
ragin',55.890471228177205,-3.5806850643909827,1664994696,3724,1996,26,Male,Y,375,Livingston,"West Lothian",EH54,"Lothian (Edinburgh)"
ragin',55.842607453840216,-4.399669152881362,1664994753,3727,1988,34,Female,Y,1220,"Paisley (central, east and north east: Ferguslie, Oldhall, Seedhill, Williamsburgh, Whitehaugh)",Renfrewshire,PA1,Glasgow
ragin',56.47546304912592,-2.857672437798761,1664994766,3725,1988,34,Male,Y,247,"Broughty Ferry, Dundee",Dundee,"Dundee East","Tayside and Angus (Dundee)"
ragin',55.55371041643296,-4.569308029995349,1664994823,3734,1982,40,Female,Y,779,"Kilmarnock (centre and south: Bonnyton, Grange, Bellfield, Shortlees, Caprington, Riccarton, Hurlford)","East Ayrshire",KA1,Ayrshire
ragin',55.92926065705032,-3.2790986956281687,1664994858,3736,1997,25,Female,Y,269,"Gorgie, Edinburgh",Edinburgh,"Edinburgh Central","Lothian (Edinburgh)"
ragin',60.41626434721721,-1.1053353047269383,1664994869,3730,1968,54,Female,N,1572,Leebotten,"Shetland Isles",ZE2,"Shetland Islands"
ragin',56.02645274384897,-3.413819247295963,1664994914,3737,2000,22,Male,Y,1091,Inverkeithing,Fife,KY11,Fife
ragin',55.3988096044178,-4.625774293470597,1664994916,3735,1993,29,Female,Y,856,"Ayr (Centre)","South Ayrshire",KA7,Ayrshire
ragin',55.76132951716062,-4.513268003070943,1664994917,3732,1980,42,Female,Y,540,Barrhead,"East Renfrewshire",G78,Glasgow
ragin',56.56012776236478,-2.7847104510746665,1664995022,3726,1993,29,Female,N,141,Arbroath,Angus,DD11,"Tayside and Angus (Dundee)"
ragin',55.8951604834415,-4.281171597817272,1664995038,3742,1981,41,Male,N,619,"Tollcross, Glasgow",Glasgow,"Glasgow Northeast",Glasgow
ragin',55.808087962750406,-3.908968227528942,1664995044,3748,1985,37,Female,Y,1151,Motherwell,"North Lanarkshire",ML1,Glasgow
ragin',55.99418963997143,-3.635124854933392,1664995070,3743,1976,46,Female,Y,369,Linlithgow,"West Lothian",EH49,"Lothian (Edinburgh)"
ragin',54.99319561563955,-3.1601411306646963,1664995086,3746,1962,60,Female,Y,197,Annan,"Dumfries and Galloway",DG12,"Dumfries and Galloway"
ragin',55.959397827872735,-3.757188655337066,1664995113,3745,1977,45,Female,Y,377,"Falkirk (centre and south: Arnothill, Bantaskin, Callendar Park, Glen Village, Hallglen, Lionthorn, Tamfourhill, Woodlands)",Falkirk,FK1,"Stirling and Falkirk"
ragin',55.86213280903377,-4.027806228182995,1664995137,3749,1994,28,Female,Y,1189,Coatbridge,"North Lanarkshire",ML5,Glasgow
ragin',55.77845302486235,-4.130791341873636,1664995163,3723,1981,41,Female,Y,528,Blantyre,"South Lanarkshire",G72,Glasgow
ragin',56.1738355192661,-3.15918831789862,1664995225,3750,1986,36,Female,Y,1133,"Glenrothes (centre and east: Pitteuchar, Finglassie, Stenton, Auchmuty, Pitcoudie, Balfarg, Pircairn, Collydean)",Fife,KY7,Fife
ragin',55.782530834801825,-4.468014611352433,1664995289,3761,1997,25,Female,Y,540,Barrhead,"East Renfrewshire",G78,Glasgow
ragin',55.93919513799886,-3.9562780402777085,1664995322,3754,1967,55,Female,N,514,"Cumbernauld (south: Condorrat, Lenziemill, Carbrain, Kildrum, Cumbernauld Village, Abronhill, Seafar)","North Lanarkshire",G67,Glasgow
ragin',56.13586809601808,-4.360915735552736,1664995330,3738,1983,39,Female,N,473,"Stirling (centre and west: Kings Park, Raploch, Riverside)",Stirlingshire,FK8,"Stirling and Falkirk"
ragin',55.842861101582336,-4.255183179924846,1664995344,3759,1956,66,Female,Y,672,"Govan, Glasgow",Glasgow,"Glasgow Southwest",Glasgow
ragin',57.56845920638897,-3.311917078654824,1664995386,3763,1981,41,Female,Y,737,Elgin,Moray,IV30,"North East (Aberdeen)"
ragin',57.75269801695079,-4.084132496226362,1664995390,3764,1987,35,Female,Y,708,Invergordon,Highland,IV18,"Highlands (Inverness)"
ragin',57.16251622878845,-2.130307800787691,1664995416,3756,1967,55,Male,N,98,"Northfield, Aberdeen",Aberdeen,"Aberdeen Central","North East (Aberdeen)"
ragin',57.57065384254958,-3.118566018146481,1664995465,3768,1978,44,Female,Y,739,Fochabers,Moray,IV32,"North East (Aberdeen)"
ragin',58.20794805530769,-6.364976940635876,1664995469,3766,1974,48,Female,Y,686,"Stornoway, Isle of Lewis","Western Isles",HS1,"Western Isles"
ragin',58.47497749153189,-4.062624483660286,1664995498,3767,1994,28,Female,Y,941,Invernaver,Highland,KW14,"Highlands (Inverness)"
ragin',55.88897684225261,-3.6318925269160367,1664995512,3770,1978,44,Female,Y,367,Armadale,"West Lothian",EH48,"Lothian (Edinburgh)"
ragin',55.86448439130839,-4.111433202554369,1664995543,3769,1955,67,Female,N,629,"Barmulloch, Glasgow",Glasgow,"Glasgow Northeast",Glasgow
ragin',55.92086502663688,-3.2315850887280417,1664995560,3771,1998,24,Male,Y,317,"Marchmont, Edinburgh",Edinburgh,"Edinburgh South","Lothian (Edinburgh)"
ragin',56.21298361194856,-2.8777305896398313,1664995583,3772,1979,43,Female,Y,1142,Methil,Fife,KY8,Fife
ragin',56.48165055560309,-2.96981581296376,1664995639,3774,1970,52,Female,Y,250,"Downfield, Dundee",Dundee,"Dundee North","Tayside and Angus (Dundee)"
ragin',57.16113894701334,-2.0941091994968404,1664995640,3773,1945,77,Male,N,97,"Mastrick, Aberdeen",Aberdeen,"Aberdeen Central","North East (Aberdeen)"
ragin',55.93158549603003,-4.826304348631268,1664995725,3776,1971,51,Female,Y,1231,"Greenock (west: Bow Farm, Braeside, Branchton, Fort Matilda, Gateside, Greenock West, Overton, Pennyfern, Smithston)",Inverclyde,PA16,Glasgow
ragin',55.83447737256429,-4.383777832066123,1664995738,3777,1982,40,Female,Y,1236,"Paisley (south: Blackhall, Castlehead, Dykebar, Foxbar, Hunterhill, Meikleriggs)",Renfrewshire,PA2,Glasgow
ragin',55.92628728543868,-3.301883295554549,1664995756,3780,1958,64,Female,N,268,"Stenhouse, Edinburgh",Edinburgh,"Edinburgh Central","Lothian (Edinburgh)"
ragin',55.860050128667446,-3.373496047753267,1664995756,3784,1975,47,Male,N,314,"Morningside, Edinburgh",Edinburgh,"Edinburgh South","Lothian (Edinburgh)"
ragin',56.03513568901494,-4.509310264172729,1664995818,3758,1987,35,Female,Y,559,Bonhill,"West Dunbartonshire",G83,"Argyll and Bute"
ragin',55.93334467072007,-4.252144723016059,1664995861,3783,1969,53,Female,Y,502,Bishopbriggs,"East Dunbartonshire",G64,Glasgow
ragin',55.991925255485796,-3.523902529473502,1664995882,825,1980,42,Female,Y,369,Linlithgow,"West Lothian",EH49,"Lothian (Edinburgh)"
ragin',55.637184335139764,-4.755040250982934,1664995958,3791,1998,24,Female,Y,811,Stevenston,"North Ayrshire",KA20,Ayrshire
ragin',55.89106864900087,-3.4934615415626515,1664996056,3792,1962,60,Female,N,375,Livingston,"West Lothian",EH54,"Lothian (Edinburgh)"
ragin',55.74726120156632,-4.0927547160561195,1664996059,3793,1998,24,Female,Y,1183,Hamilton,"South Lanarkshire",ML3,Glasgow
ragin',57.128043367708,-2.471265187236373,1664996076,3790,1994,28,Male,Y,28,Westhill,Aberdeenshire,AB32,"North East (Aberdeen)"
ragin',55.88922718424169,-4.168891724530168,1664996128,3794,1975,47,Female,N,483,Stepps,"North Lanarkshire",G33,Glasgow
ragin',55.79839744247119,-4.314162651941809,1664996172,3795,1979,43,Female,Y,645,Clarkston,"East Renfrewshire","Glasgow South",Glasgow
ragin',58.526591964973065,-3.3379950895272072,1664996260,3797,1970,52,Female,Y,897,Watten,Highland,KW1,"Highlands (Inverness)"
ragin',55.59700441961046,-4.645646577809928,1664996354,3796,1996,26,Female,Y,785,"Irvine (east, south: Perceton, Lawthorn, Girdle Toll, Stanecastle, Bourtreehill, Broomlands, Dreghorn, Springside)","North Ayrshire",KA11,Ayrshire
ragin',57.458867831628574,-2.3490569190384623,1664996394,3805,1996,26,Female,Y,78,Turriff,Aberdeenshire,AB53,"North East (Aberdeen)"
ragin',56.75027688791163,-3.6461331722588595,1664996400,3804,1981,41,Female,Y,1318,Blairgowrie,"Perth and Kinross",PH10,Fife
ragin',55.61036782065719,-4.020810934535329,1664996470,3808,1980,42,Male,Y,1167,Lanark,"South Lanarkshire",ML11,Glasgow
ragin',55.65491618454581,-4.692095498961561,1664996475,3801,1997,25,Male,N,788,Kilwinning,"North Ayrshire",KA13,Ayrshire
ragin',55.88721108699176,-4.392717945974469,1664996528,3810,1981,41,Male,Y,1264,Renfrew,Renfrewshire,PA4,Glasgow
ragin',55.88588720882462,-4.033739689942541,1664996558,3803,1983,39,Male,Y,1189,Coatbridge,"North Lanarkshire",ML5,Glasgow
ragin',56.73856901100102,-3.4779972320224135,1664996599,3813,1988,34,Other,N,1318,Blairgowrie,"Perth and Kinross",PH10,Fife
ragin',57.43251813204147,-3.3401358410371227,1664996699,3815,1978,44,Male,Y,42,Tomintoul,Moray,AB37,"North East (Aberdeen)"
ragin',55.86996400214005,-4.869497378912848,1664996711,3811,1989,33,Female,Y,1233,Skelmorlie,"North Ayrshire",PA17,Ayrshire
ragin',55.92421322092338,-3.281362018434214,1664996719,3816,1969,53,Female,Y,262,"Wester Hailes, Edinburgh",Edinburgh,"Edinburgh Central","Lothian (Edinburgh)"
ragin',56.03379806047777,-3.8714944902301522,1664996865,3819,1988,34,Female,Y,449,Larbert,Falkirk,FK5,"Stirling and Falkirk"
ragin',56.154735597077114,-3.1632217251380577,1664996875,3823,1974,48,Female,Y,1079,"Kirkcaldy (east: Linktown, Port Brae, Pathhead, Sinclairtown, Smeaton, Gallatown)",Fife,KY1,Fife
ragin',54.97106783994389,-3.7113917795847686,1664996927,3822,1997,25,Male,Y,207,"Dumfries (west: Broomlands, Cargenbridge, Lochside, Maxwelltown, Troqueer)","Dumfries and Galloway",DG2,"Dumfries and Galloway"
ragin',55.88547029052661,-4.334246746243452,1664996987,3825,1997,25,Female,Y,587,"Jordanhill, Glasgow",Glasgow,"Glasgow Kelvin",Glasgow
ragin',55.74873149088156,-4.715073001105907,1664997012,3821,1973,49,Male,Y,817,Kilbirnie,"North Ayrshire",KA25,Ayrshire
ragin',55.84385913087897,-4.420779272521928,1664997016,3827,1967,55,Male,N,1220,"Paisley (central, east and north east: Ferguslie, Oldhall, Seedhill, Williamsburgh, Whitehaugh)",Renfrewshire,PA1,Glasgow
ragin',55.9561328891735,-4.246460657719405,1664997110,3828,1970,52,Male,N,502,Bishopbriggs,"East Dunbartonshire",G64,Glasgow
ragin',55.87494555865052,-3.478981319782224,1664997156,3829,1979,43,Male,N,375,Livingston,"West Lothian",EH54,"Lothian (Edinburgh)"
ragin',57.70294993151287,-3.2930720681708956,1664997159,3832,1993,29,Female,Y,738,Lossiemouth,Moray,IV31,"North East (Aberdeen)"
ragin',55.91128110290204,-3.173678885923524,1664997205,3834,1985,37,Female,Y,322,"Gilmerton, Edinburgh",Edinburgh,"Edinburgh Southeast","Lothian (Edinburgh)"
ragin',55.07049657707087,-3.45969335820027,1664997244,3836,1974,48,Female,Y,186,"Dumfries (centre and east: Dalscone, Georgetown, Heathhall, Kingholm Quay, Noblehill, The Crichton)","Dumfries and Galloway",DG1,"Dumfries and Galloway"
ragin',55.65759839354321,-3.2555054435187607,1664997267,3839,1972,50,Female,Y,362,Peebles,"Scottish Borders",EH45,Borders
ragin',57.56725306139865,-3.295773224562383,1664997296,3837,1990,32,Female,Y,737,Elgin,Moray,IV30,"North East (Aberdeen)"
ragin',57.59599742060398,-4.457526324086758,1664997342,3831,1981,41,Female,Y,705,Dingwall,Highland,IV15,"Highlands (Inverness)"
ragin',55.92788780351565,-4.385625862632037,1664997358,3843,1997,25,Female,Y,546,Clydebank,"West Dunbartonshire",G81,Glasgow
ragin',55.63611749039756,-4.772778142474405,1664997359,3845,1998,24,Female,Y,811,Stevenston,"North Ayrshire",KA20,Ayrshire
ragin',55.92268120208704,-3.2983582904950492,1664997366,3844,1988,34,Female,Y,277,"Canongate, Edinburgh",Edinburgh,"Edinburgh Central","Lothian (Edinburgh)"
ragin',55.96523148263998,-2.955578757387717,1664997384,3846,1978,44,Female,N,348,Prestonpans,"East Lothian",EH32,"Lothian (Edinburgh)"
ragin',56.037886556786766,-2.658246203820096,1664997450,3842,1991,31,Male,Y,355,"North Berwick","East Lothian",EH39,"Lothian (Edinburgh)"
ragin',55.732385031148205,-4.22930489517556,1664997463,3850,1977,45,Female,Y,534,"East Kilbride (south: Hairmyres, Westwood, The Murray, Murray East, Whitehills, Greenhill, Newlandsmuir, Gardenhall, Crosshouse, Newlands, Lindsayfield, Mossneuk)","South Lanarkshire",G75,Glasgow
ragin',56.2202896014008,-3.608251983617357,1664997481,3849,1982,40,Male,Y,397,Dollar,Clackmannanshire,FK14,"Stirling and Falkirk"
ragin',55.89617440942833,-4.211661485215693,1664997494,3851,1973,49,Female,N,598,Rutherglen,"South Lanarkshire","Glasgow Northeast",Glasgow
ragin',55.69490871372739,-4.167849333293213,1664997522,3853,1965,57,Female,N,534,"East Kilbride (south: Hairmyres, Westwood, The Murray, Murray East, Whitehills, Greenhill, Newlandsmuir, Gardenhall, Crosshouse, Newlands, Lindsayfield, Mossneuk)","South Lanarkshire",G75,Glasgow
ragin',55.643703917493895,-4.789033037625281,1664997529,3855,1987,35,Female,Y,812,Saltcoats,"East Ayrshire",KA21,Ayrshire
ragin',55.82496268893927,-4.022216414880807,1664997594,3852,1955,67,Male,N,1186,Bellshill,"North Lanarkshire",ML4,Glasgow
ragin',55.93675098406189,-4.812023694871747,1664997625,3857,1982,40,Male,Y,1231,"Greenock (west: Bow Farm, Braeside, Branchton, Fort Matilda, Gateside, Greenock West, Overton, Pennyfern, Smithston)",Inverclyde,PA16,Glasgow
ragin',55.87555831833227,-4.1567038810250265,1664997665,3856,1979,43,Female,Y,632,"Springburn, Glasgow",Glasgow,"Glasgow Northeast",Glasgow
ragin',55.89668627140302,-3.573123212956844,1664997665,3838,1998,24,Female,Y,375,Livingston,"West Lothian",EH54,"Lothian (Edinburgh)"
ragin',55.90857022967412,-3.2206699473276736,1664997804,3859,1967,55,Female,Y,305,"Oxgangs, Edinburgh",Edinburgh,"Edinburgh Oxgangs","Lothian (Edinburgh)"
ragin',55.55087060708006,-3.8383332931491396,1664997906,3808,1980,42,Male,Y,1167,Lanark,"South Lanarkshire",ML11,Glasgow
ragin',55.8978083918887,-3.5536307595227705,1664997993,3872,1981,41,Female,N,375,Livingston,"West Lothian",EH54,"Lothian (Edinburgh)"
ragin',56.42725045329326,-3.3415210285746086,1664997997,3861,1994,28,Female,Y,1354,"Perth (south and east: Barnhill, Bridgend, Craigie, Kincarrathie, Upper Craigie)","Perth and Kinross",PH2,Fife
ragin',55.771273938790124,-4.169130976139793,1664998065,3876,1978,44,Female,Y,530,"East Kilbride (north: The Village, East Mains, West Mains, Lymekilns, St Leonards, Calderwood, Nerston, Stewartfield, Peel Park)","South Lanarkshire",G74,Glasgow
ragin',55.82662639551285,-4.319907563564204,1664998082,3878,1967,55,Female,Y,652,"King's Park, Glasgow",Glasgow,"Glasgow South",Glasgow
ragin',55.830791715201926,-3.9089657413741725,1664998144,3881,1961,61,Female,Y,1151,Motherwell,"North Lanarkshire",ML1,Glasgow
ragin',55.92456109169806,-4.64984849049731,1664998158,3875,1993,29,Female,Y,1229,"Port Glasgow",Inverclyde,PA14,Glasgow
ragin',55.62204185477863,-4.625184177687573,1664998208,3884,1995,27,Female,Y,785,"Irvine (east, south: Perceton, Lawthorn, Girdle Toll, Stanecastle, Bourtreehill, Broomlands, Dreghorn, Springside)","North Ayrshire",KA11,Ayrshire
ragin',55.94190160149904,-3.975374914867872,1664998219,3883,1990,32,Male,Y,514,"Cumbernauld (south: Condorrat, Lenziemill, Carbrain, Kildrum, Cumbernauld Village, Abronhill, Seafar)","North Lanarkshire",G67,Glasgow
ragin',55.950700622440294,-3.0403447267447494,1664998306,3887,1993,29,Female,N,346,"Cockenzie and Port Seton","East Lothian",EH32,"Lothian (Edinburgh)"
ragin',55.74547351388681,-4.1008555853957445,1664998324,3892,1988,34,Male,Y,1183,Hamilton,"South Lanarkshire",ML3,Glasgow
ragin',55.7918408360433,-3.971047562061435,1664998353,3881,1961,61,Female,Y,1151,Motherwell,"North Lanarkshire",ML1,Glasgow
ragin',56.11133148556854,-4.350544178765576,1664998375,3889,1976,46,Female,N,473,"Stirling (centre and west: Kings Park, Raploch, Riverside)",Stirlingshire,FK8,"Stirling and Falkirk"
ragin',56.311502687265566,-3.3745840248583945,1664998390,3880,1988,34,Female,Y,1352,Meikleour,"Perth and Kinross",PH2,Fife
ragin',55.71650717648903,-3.90339040226829,1664998404,3894,1977,45,Female,Y,1217,Larkhall,"North Lanarkshire",ML9,Glasgow
ragin',55.798325817651474,-4.268805594753221,1664998424,3893,1996,26,Male,Y,658,"Giffnock, Glasgow",Glasgow,"Glasgow South",Glasgow
ragin',55.787272707253294,-4.110974839559961,1664998428,3891,1981,41,Female,Y,528,Blantyre,"South Lanarkshire",G72,Glasgow
ragin',55.93894283804489,-4.223863798459961,1664998430,3701,1969,53,Female,Y,502,Bishopbriggs,"East Dunbartonshire",G64,Glasgow
ragin',56.65889729748017,-3.008575604568183,1664998514,3896,1984,38,Male,Y,179,Forfar,Angus,DD8,"Tayside and Angus (Dundee)"
ragin',55.81972810414157,-4.207062938224169,1664998516,3897,1978,44,Female,Y,652,"King's Park, Glasgow",Glasgow,"Glasgow South",Glasgow
ragin',55.93452459241629,-3.183461720301201,1664998517,3898,1996,26,Male,Y,313,"Colinton, Edinburgh",Edinburgh,"Edinburgh South","Lothian (Edinburgh)"
ragin',55.823816416369056,-4.198406663320511,1664998520,3895,1982,40,Male,Y,656,"Croftfoot, Glasgow",Glasgow,"Glasgow South",Glasgow
ragin',55.89333356076912,-4.197421877553803,1664998523,3888,1996,26,Female,Y,483,Stepps,"North Lanarkshire",G33,Glasgow
ragin',57.139100445620564,-2.274872871906949,1664998545,3901,1977,45,Female,Y,121,Blackburn,Aberdeenshire,"Aberdeen North","North East (Aberdeen)"
ragin',55.888497392062646,-3.919788883465665,1664998624,3689,1982,40,Female,N,1192,Airdrie,"North Lanarkshire",ML6,Glasgow
ragin',55.96401819603498,-3.226337180425262,1664998670,3902,1975,47,Female,Y,297,"Blackhall, Edinburgh",Edinburgh,"Edinburgh North","Lothian (Edinburgh)"
ragin',55.84766489602123,-3.0975618570727272,1664998719,3860,1994,28,Female,Y,328,Bonnyrigg,Midlothian,EH19,"Lothian (Edinburgh)"
ragin',55.824929324274606,-4.528003162633705,1664998775,3905,1985,37,Female,N,1276,Johnstone,Renfrewshire,PA5,Glasgow
ragin',55.857341331976265,-4.397780210894251,1664998799,3904,1981,41,Male,Y,1248,Linwood,Renfrewshire,PA3,Glasgow
ragin',56.2231111437423,-3.1500517007240063,1664998962,3862,1987,35,Female,N,1133,"Glenrothes (centre and east: Pitteuchar, Finglassie, Stenton, Auchmuty, Pitcoudie, Balfarg, Pircairn, Collydean)",Fife,KY7,Fife
ragin',55.80778705136127,-2.1861093887547347,1664998982,3910,1967,55,Female,Y,1423,Duns,"Scottish Borders",TD11,Borders
ragin',56.115514303787265,-3.2122464183136876,1664999018,3916,1965,57,Female,N,1117,"Kirkcaldy (west: Hayfield, Templehall, Newliston, Chapel, Dunnikier, Bennochy)",Fife,KY2,Fife
ragin',55.86377005863067,-3.375035917116784,1664999030,3906,1996,26,Female,Y,313,"Colinton, Edinburgh",Edinburgh,"Edinburgh South","Lothian (Edinburgh)"
ragin',55.93353399959514,-4.6981783864295705,1664999036,3921,1969,53,Male,N,1229,"Port Glasgow",Inverclyde,PA14,Glasgow
ragin',55.740694091894724,-4.34248591099307,1664999044,3920,1981,41,Female,Y,539,"Newton Mearns","East Renfrewshire",G77,Glasgow
ragin',57.577907972124784,-3.7322347750387057,1664999108,3917,2000,22,Other,Y,702,Auldearn,Highland,IV12,"Highlands (Inverness)"
ragin',55.95619445415507,-3.2548705411498715,1664999117,3924,1977,45,Male,N,287,"Corstorphine, Edinburgh",Edinburgh,"Edinburgh North","Lothian (Edinburgh)"
ragin',57.29208963950035,-2.1683670261032577,1664999141,3923,1989,33,Female,Y,124,Newmachar,Aberdeenshire,"Aberdeen North","North East (Aberdeen)"
ragin',57.68733063270757,-3.3025697745510687,1664999168,3925,1993,29,Female,N,738,Lossiemouth,Moray,IV31,"North East (Aberdeen)"
ragin',56.41124213062972,-3.223028408471033,1664999176,3928,1993,29,Female,Y,1354,"Perth (south and east: Barnhill, Bridgend, Craigie, Kincarrathie, Upper Craigie)","Perth and Kinross",PH2,Fife
ragin',55.75715103240987,-2.3190954548833345,1664999191,3910,1967,55,Female,Y,1423,Duns,"Scottish Borders",TD11,Borders
ragin',57.52037350566869,-3.9967601734326577,1664999197,3922,1971,51,Male,Y,714,"Inverness (east: Culcabock, Crown, Culduthel, Drummond, Haugh, Hilton, Holm, Lochardil, Millburn, Raigmore)",Highland,IV2,"Highlands (Inverness)"
ragin',56.01052015820131,-3.87180480152669,1664999218,3927,1986,36,Other,Y,450,Stenhousemuir,Falkirk,FK5,"Stirling and Falkirk"
ragin',56.108131917060035,-3.2149752691652544,1664999248,3926,1971,51,Female,Y,1117,"Kirkcaldy (west: Hayfield, Templehall, Newliston, Chapel, Dunnikier, Bennochy)",Fife,KY2,Fife
ragin',56.138990825482445,-3.941797426378878,1664999250,3929,1961,61,Female,N,477,"Bridge of Allan",Stirlingshire,FK9,"Stirling and Falkirk"
ragin',55.72089890712654,-3.8154829477381997,1664999282,3931,1987,35,Female,N,1212,Carluke,"South Lanarkshire",ML8,Glasgow
ragin',55.6029844910027,-4.0834517162881,1664999419,3935,1997,25,Female,Y,1160,Strathaven,"North Lanarkshire",ML10,Glasgow
ragin',55.84066438894498,-4.274595122467414,1664999535,3938,1984,38,Male,Y,645,Clarkston,"East Renfrewshire","Glasgow South",Glasgow
ragin',55.81790431652344,-4.217416653843541,1664999543,3936,1969,53,Female,Y,653,"Netherlee, Glasgow",Glasgow,"Glasgow South",Glasgow
ragin',55.949062935271925,-3.8423761479060476,1664999566,3939,1981,41,Female,Y,377,"Falkirk (centre and south: Arnothill, Bantaskin, Callendar Park, Glen Village, Hallglen, Lionthorn, Tamfourhill, Woodlands)",Falkirk,FK1,"Stirling and Falkirk"
ragin',56.7537973324856,-2.456361701437685,1664999606,3937,1989,33,Male,N,140,Montrose,Angus,DD10,"Tayside and Angus (Dundee)"
ragin',55.94222699624334,-3.197182959414309,1664999609,3933,1996,26,Male,Y,314,"Morningside, Edinburgh",Edinburgh,"Edinburgh South","Lothian (Edinburgh)"
ragin',55.85023719816923,-4.193056963323657,1664999694,3941,1974,48,Male,Y,598,Rutherglen,"South Lanarkshire","Glasgow Northeast",Glasgow
ragin',57.522993479629065,-4.2863972283477905,1664999831,3945,1997,25,Female,Y,698,"North Kessock",Highland,IV1,"Highlands (Inverness)"
ragin',55.73839465846276,-4.073089964717022,1664999837,3947,1958,64,Female,Y,1183,Hamilton,"South Lanarkshire",ML3,Glasgow
ragin',55.85196835546118,-3.365655617329214,1664999887,3949,1994,28,Male,Y,319,"Blackford, Edinburgh",Edinburgh,"Edinburgh South","Lothian (Edinburgh)"
ragin',55.81064298381164,-4.117787850915111,1664999897,3952,1997,25,Female,N,528,Blantyre,"South Lanarkshire",G72,Glasgow
ragin',55.98297661920865,-3.4515546099665024,1664999945,3950,1971,51,Female,Y,306,"Queensferry, Edinburgh",Edinburgh,"Edinburgh Queensferry","Lothian (Edinburgh)"
ragin',56.14557408975395,-4.2826073126551805,1664999951,3934,1975,47,Female,Y,473,"Stirling (centre and west: Kings Park, Raploch, Riverside)",Stirlingshire,FK8,"Stirling and Falkirk"
ragin',55.910566909045464,-4.024975943638832,1664999959,3948,1987,35,Female,N,514,"Cumbernauld (south: Condorrat, Lenziemill, Carbrain, Kildrum, Cumbernauld Village, Abronhill, Seafar)","North Lanarkshire",G67,Glasgow
ragin',55.93340899247803,-3.130387599815732,1665000018,3951,1957,65,Female,N,322,"Gilmerton, Edinburgh",Edinburgh,"Edinburgh Southeast","Lothian (Edinburgh)"
ragin',55.990926908490046,-4.125283196436283,1665000084,3956,1990,32,Male,Y,506,Kilsyth,"North Lanarkshire",G65,Glasgow
ragin',55.340901225023586,-2.7931947468219387,1665000126,3946,1966,56,Male,Y,1493,Hawick,"Scottish Borders",TD9,Borders
ragin',56.736207049135565,-3.507950409343869,1665000187,3954,1987,35,Female,N,1319,"Bridge of Cally","Perth and Kinross",PH10,Fife
ragin',55.825186066940574,-4.82785730088563,1665000193,3959,1969,53,Male,N,842,Largs,"North Ayrshire",KA30,Ayrshire
ragin',57.15466875093619,-2.07952936077621,1665000215,3957,1976,46,Male,Y,107,"Rosemount, Aberdeen",Aberdeen,"Aberdeen Central","North East (Aberdeen)"
ragin',55.84233572112919,-4.103781342851022,1665000279,3961,1969,53,Female,N,628,"Balornock, Glasgow",Glasgow,"Glasgow Northeast",Glasgow
ragin',55.79128063214168,-3.991360481976683,1665000359,3968,1981,41,Female,Y,1151,Motherwell,"North Lanarkshire",ML1,Glasgow
ragin',55.952166831180264,-4.805378048094009,1665000392,3966,1981,41,Female,Y,1235,Gourock,Inverclyde,PA19,Glasgow
ragin',55.9113580921081,-4.019798473445691,1665000416,3969,1969,53,Female,Y,514,"Cumbernauld (south: Condorrat, Lenziemill, Carbrain, Kildrum, Cumbernauld Village, Abronhill, Seafar)","North Lanarkshire",G67,Glasgow
ragin',57.17647152217071,-4.374777294315082,1665000448,3971,1995,27,Female,Y,714,"Inverness (east: Culcabock, Crown, Culduthel, Drummond, Haugh, Hilton, Holm, Lochardil, Millburn, Raigmore)",Highland,IV2,"Highlands (Inverness)"
ragin',55.82753991039435,-4.504591243797069,1665000449,3963,1977,45,Female,N,1276,Johnstone,Renfrewshire,PA5,Glasgow
ragin',55.91177635674846,-4.247270387730915,1665000455,3962,1983,39,Female,Y,502,Bishopbriggs,"East Dunbartonshire",G64,Glasgow
ragin',56.47720805910149,-3.0347710326987274,1665000483,3958,1966,56,Male,N,236,"Lochee, Dundee",Dundee,"Dundee Central","Tayside and Angus (Dundee)"
ragin',56.546810156077086,-3.5740304311992417,1665000545,3974,1986,36,Female,Y,1313,"Perth (north and west: Burghmuir, Cherrybank, Hillyland, Inveralmond, Lethom, Muirton, North Muirton, Tulloch)","Perth and Kinross",PH1,Fife
ragin',56.67240017523252,-2.4838566842511023,1665000545,3973,1963,59,Male,Y,140,Montrose,Angus,DD10,"Tayside and Angus (Dundee)"
ragin',55.83091164332183,-3.4654704711135462,1665000569,3899,1976,46,Male,Y,344,Kirknewton,"West Lothian",EH27,"Lothian (Edinburgh)"
ragin',55.92702491904573,-3.0782711463801924,1665000686,3978,1991,31,Female,Y,330,Musselburgh,"East Lothian",EH21,"Lothian (Edinburgh)"
ragin',56.929985819228804,-2.5367533810442118,1665000766,3980,1983,39,Female,Y,22,Banchory,Aberdeenshire,AB31,"North East (Aberdeen)"
ragin',56.47846775612086,-3.043122005711593,1665000781,3976,1992,30,Female,Y,244,"Stobswell, Dundee",Dundee,"Dundee Central","Tayside and Angus (Dundee)"
ragin',55.81331523900529,-4.069090090701069,1665000943,3983,1988,34,Male,Y,525,Uddingston,"South Lanarkshire",G71,Glasgow
ragin',55.88803059120152,-3.265251246493724,1665001017,3967,1980,42,Female,Y,308,"Liberton, Edinburgh",Edinburgh,"Edinburgh South","Lothian (Edinburgh)"
ragin',56.60113604930084,-3.3180870706928705,1665001037,3987,1989,33,Female,N,1318,Blairgowrie,"Perth and Kinross",PH10,Fife
ragin',55.83434721411131,-4.142312234437738,1665001054,3989,1977,45,Female,Y,620,"Mount Vernon, Glasgow",Glasgow,"Glasgow Northeast",Glasgow
ragin',56.51121429076272,-4.582531182277324,1665001134,3993,1981,41,Female,Y,1327,Aberfeldy,"Perth and Kinross",PH15,Fife
ragin',57.63555363751607,-2.928039267794206,1665001334,3998,1997,25,Female,Y,91,Cullen,Moray,AB56,"North East (Aberdeen)"
ragin',55.5860407362727,-4.420435272615873,1665001353,3994,1971,51,Female,N,779,"Kilmarnock (centre and south: Bonnyton, Grange, Bellfield, Shortlees, Caprington, Riccarton, Hurlford)","East Ayrshire",KA1,Ayrshire
ragin',55.850383910194815,-4.48381148246479,1665001376,4000,1975,47,Male,Y,1249,"Paisley (north west: Ferguslie Park, Gallowhill, Gockston, Shortroods, )",Renfrewshire,PA3,Glasgow
ragin',55.83560927874344,-4.1079701969172,1665001385,4003,1974,48,Female,Y,627,"Dennistoun, Glasgow",Glasgow,"Glasgow Northeast",Glasgow
ragin',55.86558150425641,-4.200539128467375,1665001408,3989,1977,45,Female,Y,620,"Mount Vernon, Glasgow",Glasgow,"Glasgow Northeast",Glasgow
ragin',55.40218850442586,-4.100149573405139,1665001449,4004,1977,45,Male,Y,798,Cumnock,"East Ayrshire",KA18,Ayrshire
ragin',55.920945503225184,-4.198766172434818,1665001451,3999,1968,54,Female,Y,502,Bishopbriggs,"East Dunbartonshire",G64,Glasgow
ragin',55.82941200845651,-3.918596572860748,1665001572,4008,1977,45,Female,Y,1151,Motherwell,"North Lanarkshire",ML1,Glasgow
ragin',56.48821194228127,-3.0022890440437866,1665001614,4009,1991,31,Male,Y,233,"Fairmuir, Dundee",Dundee,"Dundee Bluebelt","Tayside and Angus (Dundee)"
ragin',55.71807315864496,-3.5054846741392267,1665001648,4013,1982,40,Female,Y,1163,Coalburn,"South Lanarkshire",ML11,Glasgow
ragin',55.85024630139246,-4.2285615420470375,1665001681,4012,1964,58,Male,N,631,"Royston, Glasgow",Glasgow,"Glasgow Northeast",Glasgow
ragin',55.80250782031932,-3.9551622716488564,1665001706,4008,1977,45,Female,Y,1151,Motherwell,"North Lanarkshire",ML1,Glasgow
ragin',55.93245717385401,-3.2552970026414063,1665001781,4011,1970,52,Female,N,267,"Sighthill, Edinburgh",Edinburgh,"Edinburgh Central","Lothian (Edinburgh)"
ragin',55.75475588864829,-3.5643387854392117,1665001782,4016,1982,40,Female,Y,376,"West Calder","West Lothian",EH55,"Lothian (Edinburgh)"
ragin',55.802774282753475,-4.065672037585201,1665001891,4017,1973,49,Female,Y,523,Bothwell,"South Lanarkshire",G71,Glasgow
ragin',56.229595456913465,-4.473340972060015,1665002005,4023,1985,37,Male,Y,473,"Stirling (centre and west: Kings Park, Raploch, Riverside)",Stirlingshire,FK8,"Stirling and Falkirk"
ragin',55.819093004320095,-3.947575854585836,1665002008,4026,1972,50,Male,Y,1151,Motherwell,"North Lanarkshire",ML1,Glasgow
ragin',57.511820842118595,-4.316218941653889,1665002051,3945,1997,25,Female,Y,698,"North Kessock",Highland,IV1,"Highlands (Inverness)"
ragin',55.8249345267591,-4.257911382572197,1665002189,4035,1978,44,Female,Y,652,"King's Park, Glasgow",Glasgow,"Glasgow South",Glasgow
ragin',55.517657973633156,-2.7092346560640386,1665002191,4030,1972,50,Female,N,1468,Melrose,"Scottish Borders",TD6,Borders
ragin',56.20081890593816,-4.040352283773436,1665002192,4018,1975,47,Female,Y,409,Doune,Stirlingshire,FK16,"Stirling and Falkirk"
ragin',55.63548113521206,-4.718157295066392,1665002355,4019,1985,37,Female,Y,811,Stevenston,"North Ayrshire",KA20,Ayrshire
ragin',55.836346294388335,-3.8938723743449093,1665002370,4041,1989,33,Male,Y,1151,Motherwell,"North Lanarkshire",ML1,Glasgow
ragin',55.79505942653451,-4.200234568085779,1665002389,4047,1957,65,Female,Y,571,"Castlemilk, Glasgow",Glasgow,"Glasgow Castlemilk",Glasgow
ragin',55.88067955932003,-4.208464056293845,1665002426,4044,1981,41,Female,Y,598,Rutherglen,"South Lanarkshire","Glasgow Northeast",Glasgow
ragin',55.79578650084404,-4.372358376435031,1665002451,4042,1975,47,Female,Y,540,Barrhead,"East Renfrewshire",G78,Glasgow
ragin',55.95770817476674,-4.164184645690561,1665002461,4021,1995,27,Female,Y,508,Lennoxtown,"East Dunbartonshire",G66,Glasgow
ragin',55.955305127291226,-3.223598562188141,1665002473,4048,1968,54,Male,N,278,"Granton, Edinburgh",Edinburgh,"Edinburgh Clermiston Granton","Lothian (Edinburgh)"
ragin',55.977446008549954,-3.1574714843432186,1665002491,4046,1962,60,Male,N,285,"Leith, Edinburgh",Edinburgh,"Edinburgh Leith","Lothian (Edinburgh)"
ragin',55.79622388945777,-4.342169514174231,1665002520,4049,1962,60,Female,Y,672,"Govan, Glasgow",Glasgow,"Glasgow Southwest",Glasgow
ragin',57.56884105318758,-3.3741801585601277,1665002528,4050,1996,26,Male,Y,737,Elgin,Moray,IV30,"North East (Aberdeen)"
ragin',56.01208976358639,-4.120472047978288,1665002561,4038,1995,27,Male,N,506,Kilsyth,"North Lanarkshire",G65,Glasgow
ragin',55.93641194055915,-3.2601815275860417,1665002714,4054,1981,41,Female,Y,287,"Corstorphine, Edinburgh",Edinburgh,"Edinburgh North","Lothian (Edinburgh)"
ragin',57.153561625287495,-2.1103050869458677,1665002792,4058,1957,65,Female,N,107,"Rosemount, Aberdeen",Aberdeen,"Aberdeen Central","North East (Aberdeen)"
ragin',55.90384221285024,-3.5470872175621952,1665002865,4059,1984,38,Female,Y,375,Livingston,"West Lothian",EH54,"Lothian (Edinburgh)"
ragin',55.9081796583393,-4.024910459431892,1665002892,4051,1966,56,Female,N,1194,Caldercruix,"North Lanarkshire",ML6,Glasgow
ragin',55.87185035216988,-3.906232365410444,1665002898,2618,2002,20,Female,Y,1192,Airdrie,"North Lanarkshire",ML6,Glasgow
ragin',55.9516693500621,-3.194518343473255,1665002902,4063,1969,53,Female,Y,263,"Longstone, Edinburgh",Edinburgh,"Edinburgh Central","Lothian (Edinburgh)"
ragin',55.97472039455574,-3.3850213456556495,1665002920,4043,1989,33,Male,Y,306,"Queensferry, Edinburgh",Edinburgh,"Edinburgh Queensferry","Lothian (Edinburgh)"
ragin',55.902795574062814,-4.196797502767434,1665002925,4060,1979,43,Male,Y,634,"Maryhill, Glasgow",Glasgow,"Glasgow Northeast",Glasgow
ragin',55.90674653138726,-3.221486594405506,1665002930,4061,1994,28,Female,Y,305,"Oxgangs, Edinburgh",Edinburgh,"Edinburgh Oxgangs","Lothian (Edinburgh)"
ragin',55.816108040009425,-4.359389100036112,1665003004,4062,1985,37,Male,N,685,"Gorbals, Glasgow",Glasgow,"Glasgow Southwest",Glasgow
ragin',55.81814189883721,-3.9930152496437743,1665003007,4064,1999,23,Male,Y,1186,Bellshill,"North Lanarkshire",ML4,Glasgow
ragin',55.89681713528332,-4.447510252297662,1665003051,4071,1999,23,Male,N,1306,Erskine,Renfrewshire,PA8,Glasgow
ragin',55.85194019838824,-4.130110104698217,1665003136,4070,1964,58,Female,Y,627,"Dennistoun, Glasgow",Glasgow,"Glasgow Northeast",Glasgow
ragin',55.493206219222785,-4.075457869880784,1665003139,4057,1997,25,Male,Y,798,Cumnock,"East Ayrshire",KA18,Ayrshire
ragin',57.15749961823914,-2.1164690530399515,1665003181,4069,1983,39,Male,N,98,"Northfield, Aberdeen",Aberdeen,"Aberdeen Central","North East (Aberdeen)"
ragin',55.97794642975726,-3.159145927143588,1665003229,4074,1981,41,Male,N,285,"Leith, Edinburgh",Edinburgh,"Edinburgh Leith","Lothian (Edinburgh)"
ragin',57.08941884101273,-2.220219021380769,1665003340,4080,1978,44,Male,Y,7,Altens, Aberdeen,AB12,"North East (Aberdeen)"
ragin',55.56431272337451,-3.8568491410293655,1665003359,4078,1996,26,Female,Y,1167,Lanark,"South Lanarkshire",ML11,Glasgow
ragin',55.960907760069006,-3.236012179957861,1665003412,4079,1973,49,Female,Y,278,"Granton, Edinburgh",Edinburgh,"Edinburgh Clermiston Granton","Lothian (Edinburgh)"
ragin',55.70545054603115,-4.206911515302865,1665003481,4083,1982,40,Female,Y,534,"East Kilbride (south: Hairmyres, Westwood, The Murray, Murray East, Whitehills, Greenhill, Newlandsmuir, Gardenhall, Crosshouse, Newlands, Lindsayfield, Mossneuk)","South Lanarkshire",G75,Glasgow
ragin',56.487877313352776,-2.8220216028229164,1665003536,4082,1980,42,Female,Y,247,"Broughty Ferry, Dundee",Dundee,"Dundee East","Tayside and Angus (Dundee)"
ragin',55.81574144506583,-4.3556217593528475,1665003545,4088,1986,36,Female,N,661,"Govanhill, Glasgow",Glasgow,"Glasgow Southwest",Glasgow
ragin',54.840042514808815,-4.1603008986137,1665003549,4085,1982,40,Female,Y,218,Kirkcudbright,"Dumfries and Galloway",DG6,"Dumfries and Galloway"
ragin',55.94829683052694,-4.396367210305579,1665003554,4084,1974,48,Female,N,546,Clydebank,"West Dunbartonshire",G81,Glasgow
ragin',55.960562496648926,-4.208804092108085,1665003603,4087,1996,26,Male,Y,507,Kirkintilloch,"East Dunbartonshire",G66,Glasgow
ragin',57.74240708178793,-4.278618693548227,1665003692,4095,1974,48,Male,N,707,Alness,Highland,IV17,"Highlands (Inverness)"
ragin',56.29150849415155,-3.0097274635398437,1665003714,4089,1985,37,Male,Y,1639,Auchtermuchty,Fife,KY15,Fife
ragin',56.56410382317489,-3.086366455375215,1665003736,4097,1979,43,Female,N,1322,Newtyle,Angus,PH12,"Tayside and Angus (Dundee)"
ragin',55.472852437691614,-4.37466072357094,1665003743,4099,1977,45,Female,N,802,"New Cumnock","East Ayrshire",KA18,Ayrshire
ragin',55.936916746993106,-3.2316480116336774,1665003932,4109,1985,37,Female,Y,314,"Morningside, Edinburgh",Edinburgh,"Edinburgh South","Lothian (Edinburgh)"
ragin',55.83330079127874,-4.886933334328591,1665004012,4103,1984,38,Female,Y,1233,Skelmorlie,"North Ayrshire",PA17,Ayrshire
ragin',55.88908109251769,-3.7045661084465173,1665004017,4105,1972,50,Male,Y,368,Bathgate,"West Lothian",EH48,"Lothian (Edinburgh)"
ragin',57.239448842225855,-2.4414179660955893,1665004039,4110,1977,45,Female,Y,67,Oldmeldrum,Aberdeenshire,AB51,"North East (Aberdeen)"
ragin',55.85500920434314,-4.507726529238098,1665004105,4100,1970,52,Male,Y,1248,Linwood,Renfrewshire,PA3,Glasgow
ragin',56.15652227505703,-3.184372699231043,1665004144,4101,1990,32,Female,Y,1117,"Kirkcaldy (west: Hayfield, Templehall, Newliston, Chapel, Dunnikier, Bennochy)",Fife,KY2,Fife
ragin',55.951141801082876,-3.9815726577710784,1665004231,4116,1993,29,Male,Y,514,"Cumbernauld (south: Condorrat, Lenziemill, Carbrain, Kildrum, Cumbernauld Village, Abronhill, Seafar)","North Lanarkshire",G67,Glasgow
ragin',55.9300996894495,-3.110873351853153,1665004239,4114,1999,23,Other,School,325,"Niddrie, Edinburgh",Edinburgh,"Edinburgh Southeast","Lothian (Edinburgh)"
ragin',56.40164370751144,-4.201559668524012,1665004278,4119,1980,42,Female,Y,438,Killin,Stirlingshire,FK21,"Stirling and Falkirk"
ragin',55.76833204720528,-4.204691734766466,1665004290,4115,1989,33,Female,Y,530,"East Kilbride (north: The Village, East Mains, West Mains, Lymekilns, St Leonards, Calderwood, Nerston, Stewartfield, Peel Park)","South Lanarkshire",G74,Glasgow
ragin',55.93145006138986,-4.210155140149553,1665004321,4121,1970,52,Female,Y,502,Bishopbriggs,"East Dunbartonshire",G64,Glasgow
ragin',55.97334763155181,-3.237027955471964,1665004326,4112,1995,27,Female,Y,279,"Clermiston and Drumbrae, Edinburgh",Edinburgh,"Edinburgh Clermiston Granton","Lothian (Edinburgh)"
ragin',56.01159495332937,-3.7541436778565087,1665004343,4120,1954,68,Male,Y,439,Grangemouth,Falkirk,FK3,"Stirling and Falkirk"
ragin',55.87778955889272,-3.3096917778736588,1665004368,4126,1986,36,Female,Y,319,"Blackford, Edinburgh",Edinburgh,"Edinburgh South","Lothian (Edinburgh)"
ragin',55.73436009100183,-4.132830192883862,1665004412,4127,1980,42,Female,Y,534,"East Kilbride (south: Hairmyres, Westwood, The Murray, Murray East, Whitehills, Greenhill, Newlandsmuir, Gardenhall, Crosshouse, Newlands, Lindsayfield, Mossneuk)","South Lanarkshire",G75,Glasgow
ragin',55.93690298979838,-4.733437230921675,1665004412,4123,1994,28,Female,Y,1230,"Greenock (central and east: Bogston, Bridgend, Cartsdyke, Gibshill, Greenock Central, Ladyburn, Upper Ingleston)",Inverclyde,PA15,Glasgow
ragin',56.49042239519611,-2.9620585950716425,1665004416,4128,1972,50,Female,Y,255,"Fintry, Dundee",Dundee,"Dundee North","Tayside and Angus (Dundee)"
ragin',56.14749837916874,-3.7420976771094705,1665004430,4122,1971,51,Male,Y,396,Tillicoultry,Clackmannanshire,FK13,"Stirling and Falkirk"
ragin',56.29738529174079,-3.5972776222997567,1665004452,4130,1976,46,Male,Y,1353,Scone,"Perth and Kinross",PH2,Fife
ragin',55.78412947770939,-4.420778966493325,1665004516,4134,1977,45,Female,Y,541,Neilston,"East Renfrewshire",G78,Glasgow
ragin',56.22268479349085,-2.9602005348259355,1665004615,4131,1958,64,Female,N,1140,Leven,Fife,KY8,Fife
ragin',54.888547526096694,-4.8686672811590554,1665004622,4137,1982,40,Female,Y,231,Stranraer,"Dumfries and Galloway",DG9,"Dumfries and Galloway"
ragin',55.76583478058073,-4.107875342749871,1665004747,4138,1970,52,Male,Y,1183,Hamilton,"South Lanarkshire",ML3,Glasgow
ragin',59.02684344766893,-3.1231797144264006,1665004786,4132,1999,23,Male,Y,1025,"Orkney Islands",Orkney,KW17,"Orkney Islands"
ragin',55.68359678264923,-4.816464729577395,1665004870,4142,1994,28,Female,Y,813,Ardrossan,"North Ayrshire",KA22,Ayrshire
ragin',55.84848288850783,-4.374521948210374,1665004870,4144,1991,31,Female,N,1220,"Paisley (central, east and north east: Ferguslie, Oldhall, Seedhill, Williamsburgh, Whitehaugh)",Renfrewshire,PA1,Glasgow
ragin',55.95532107697268,-3.165788364292776,1665005074,4147,1959,63,Female,N,267,"Sighthill, Edinburgh",Edinburgh,"Edinburgh Central","Lothian (Edinburgh)"
ragin',55.89536380749536,-4.845661692428687,1665005108,4148,1975,47,Female,Y,1231,"Greenock (west: Bow Farm, Braeside, Branchton, Fort Matilda, Gateside, Greenock West, Overton, Pennyfern, Smithston)",Inverclyde,PA16,Glasgow
ragin',57.113681718629756,-2.236965294846964,1665005142,4149,1976,46,Female,Y,135,"Foresterhill, Aberdeen",Aberdeen,"Aberdeen Southwest","North East (Aberdeen)"
ragin',55.83590360238233,-4.360526875397955,1665005151,4151,1982,40,Male,N,664,"Toryglen, Glasgow",Glasgow,"Glasgow Southwest",Glasgow
ragin',56.47764012938877,-2.952498453875842,1665005170,4152,1988,34,Male,Y,251,"Kirkton, Dundee",Dundee,"Dundee North","Tayside and Angus (Dundee)"
ragin',57.15896041406416,-2.188080040878589,1665005196,4150,1981,41,Male,Y,97,"Mastrick, Aberdeen",Aberdeen,"Aberdeen Central","North East (Aberdeen)"
ragin',55.78601678349642,-4.080862738379251,1665005294,4159,1984,38,Female,Y,528,Blantyre,"South Lanarkshire",G72,Glasgow
ragin',55.84262231997888,-4.432832005149757,1665005318,4161,1992,30,Female,Y,1220,"Paisley (central, east and north east: Ferguslie, Oldhall, Seedhill, Williamsburgh, Whitehaugh)",Renfrewshire,PA1,Glasgow
ragin',55.93891691978537,-4.7401431199324975,1665005328,4145,1976,46,Female,Y,1230,"Greenock (central and east: Bogston, Bridgend, Cartsdyke, Gibshill, Greenock Central, Ladyburn, Upper Ingleston)",Inverclyde,PA15,Glasgow
ragin',55.82336560366379,-4.10316923735159,1665005338,4162,1957,65,Female,Y,602,"Baillieston, Glasgow",Glasgow,"Glasgow Northeast",Glasgow
ragin',55.40187071448116,-4.655935089635745,1665005368,4166,1975,47,Female,Y,856,"Ayr (Centre)","South Ayrshire",KA7,Ayrshire
ragin',57.59605636712192,-2.03015795305944,1665005391,4165,1992,30,Female,N,57,Fraserburgh,Aberdeenshire,AB43,"North East (Aberdeen)"
ragin',56.09154150625484,-3.6826718864545485,1665005431,4167,1994,28,Male,Y,389,Tullibody,Clackmannanshire,FK10,"Stirling and Falkirk"
ragin',55.89108779060624,-4.450841890994161,1665005439,4133,1998,24,Female,Y,1306,Erskine,Renfrewshire,PA8,Glasgow
ragin',55.91917376475508,-2.2614058227132237,1665005490,4168,1981,41,Female,N,1431,Eyemouth,"Scottish Borders",TD14,Borders
ragin',55.76262447051245,-4.206089092617745,1665005543,4169,1990,32,Female,Y,534,"East Kilbride (south: Hairmyres, Westwood, The Murray, Murray East, Whitehills, Greenhill, Newlandsmuir, Gardenhall, Crosshouse, Newlands, Lindsayfield, Mossneuk)","South Lanarkshire",G75,Glasgow
ragin',55.94003542668109,-4.840126214251117,1665005597,4170,1977,45,Female,Y,1235,Gourock,Inverclyde,PA19,Glasgow
ragin',55.84136368898054,-4.197742900010605,1665005735,4174,1967,55,Male,N,603,"Carntyne, Glasgow",Glasgow,"Glasgow Northeast",Glasgow
ragin',57.577603163144545,-3.2471532282784263,1665005806,4182,1970,52,Male,Y,737,Elgin,Moray,IV30,"North East (Aberdeen)"
ragin',56.094288113672384,-3.736937239529749,1665005825,4180,1964,58,Female,N,391,Alloa,Clackmannanshire,FK10,"Stirling and Falkirk"
ragin',55.947584274049866,-4.825817359793683,1665005865,4186,1982,40,Female,Y,1235,Gourock,Inverclyde,PA19,Glasgow
ragin',55.78091711634973,-6.158775880241098,1665005882,4184,1958,64,Female,Y,1268,"Bridgend, Isle of Islay","Argyll and Bute",PA44,"Argyll and Bute"
ragin',55.81767334511622,-3.8992700493563666,1665005967,4185,1970,52,Male,Y,1151,Motherwell,"North Lanarkshire",ML1,Glasgow
ragin',56.273313633496414,-3.0695935440506497,1665006014,4188,1990,32,Female,Y,1105,Cupar,Fife,KY15,Fife
ragin',55.75836335278539,-4.229774730331959,1665006034,4189,1974,48,Male,Y,530,"East Kilbride (north: The Village, East Mains, West Mains, Lymekilns, St Leonards, Calderwood, Nerston, Stewartfield, Peel Park)","South Lanarkshire",G74,Glasgow
ragin',55.95565574181449,-3.8868037259339014,1665006036,4193,1969,53,Female,N,514,"Cumbernauld (south: Condorrat, Lenziemill, Carbrain, Kildrum, Cumbernauld Village, Abronhill, Seafar)","North Lanarkshire",G67,Glasgow
ragin',56.96731254234335,-5.490191653732342,1665006058,4195,1970,52,Female,Y,1392,Mallaig,Highland,PH41,"Highlands (Inverness)"
ragin',55.797428751573904,-4.284881717575902,1665006073,4191,1980,42,Female,N,651,"Cathcart, Glasgow",Glasgow,"Glasgow South",Glasgow
ragin',56.0637176657144,-3.420719206889831,1665006107,4135,1991,31,Male,N,1090,"Dunfermline (south and east: Halbeath, Touch, Duloch, Masterton, Pitcorthie, Abbeyview, Brucefield, Hospital Hill, Camdean, Pitreavie)",Fife,KY11,Fife
ragin',55.86474571226651,-3.604370707045716,1665006125,4192,1990,32,Female,Y,366,Whitburn,"West Lothian",EH47,"Lothian (Edinburgh)"
ragin',55.776862965654786,-4.0124656602104185,1665006148,4196,1985,37,Male,N,1183,Hamilton,"South Lanarkshire",ML3,Glasgow
ragin',55.93851672795357,-3.964971651917642,1665006167,4194,1977,45,Female,Y,514,"Cumbernauld (south: Condorrat, Lenziemill, Carbrain, Kildrum, Cumbernauld Village, Abronhill, Seafar)","North Lanarkshire",G67,Glasgow
ragin',55.84524722128857,-6.400903653719325,1665006207,4184,1958,64,Female,Y,1268,"Bridgend, Isle of Islay","Argyll and Bute",PA44,"Argyll and Bute"
ragin',56.146177018321715,-3.357631599096015,1665006294,4187,1976,46,Male,N,1126,Cardenden,Fife,KY5,Fife
ragin',55.70183141745959,-3.5965189094629673,1665006326,4206,1980,42,Female,Y,1167,Lanark,"South Lanarkshire",ML11,Glasgow
ragin',55.8785411944155,-4.208040072270213,1665006369,4208,1977,45,Male,Y,634,"Maryhill, Glasgow",Glasgow,"Glasgow Northeast",Glasgow
ragin',55.71531389395997,-4.147076735108026,1665006374,4209,1998,24,Female,Y,534,"East Kilbride (south: Hairmyres, Westwood, The Murray, Murray East, Whitehills, Greenhill, Newlandsmuir, Gardenhall, Crosshouse, Newlands, Lindsayfield, Mossneuk)","South Lanarkshire",G75,Glasgow
ragin',57.51788919218761,-4.231536586038686,1665006423,4213,1990,32,Male,N,699,"Inverness (centre, north: Longman)",Highland,IV1,"Highlands (Inverness)"
ragin',57.65974181698758,-3.2870961754806194,1665006436,4212,1968,54,Female,N,737,Elgin,Moray,IV30,"North East (Aberdeen)"
ragin',57.287750991336644,-4.223941037003393,1665006446,4207,1960,62,Female,Y,713,Culloden,Highland,IV2,"Highlands (Inverness)"
ragin',55.89085111267943,-4.321070757177461,1665006557,4210,1986,36,Female,Y,593,"West End, Glasgow",Glasgow,"Glasgow Kelvin",Glasgow
ragin',57.25508604106405,-5.29046546114114,1665006602,4218,1981,41,Female,Y,746,"Kyle of Lochalsh",Highland,IV40,"Highlands (Inverness)"
ragin',56.469893145697526,-3.0498971668722117,1665006630,4222,1965,57,Male,N,240,"Ardler, Dundee",Dundee,"Dundee Central","Tayside and Angus (Dundee)"
ragin',56.40636656604145,-3.4262306527602315,1665006685,4225,1971,51,Female,Y,1354,"Perth (south and east: Barnhill, Bridgend, Craigie, Kincarrathie, Upper Craigie)","Perth and Kinross",PH2,Fife
ragin',55.946438956009565,-4.765724977412141,1665006706,4227,1963,59,Female,Y,1230,"Greenock (central and east: Bogston, Bridgend, Cartsdyke, Gibshill, Greenock Central, Ladyburn, Upper Ingleston)",Inverclyde,PA15,Glasgow
ragin',58.47151322396952,-3.3347276525421745,1665006745,4219,1993,29,Female,Y,900,"John O'Groats",Highland,KW1,"Highlands (Inverness)"
ragin',55.43440618911838,-4.615512861871436,1665006749,4223,1981,41,Male,N,856,"Ayr (Centre)","South Ayrshire",KA7,Ayrshire
ragin',55.33927403143162,-4.3735345774015455,1665006816,4224,1996,26,Female,Y,851,Coylton,"South Ayrshire",KA6,Ayrshire
ragin',55.748301395450476,-4.203013600179738,1665006820,4234,1988,34,Male,Y,534,"East Kilbride (south: Hairmyres, Westwood, The Murray, Murray East, Whitehills, Greenhill, Newlandsmuir, Gardenhall, Crosshouse, Newlands, Lindsayfield, Mossneuk)","South Lanarkshire",G75,Glasgow
ragin',55.89727392913875,-4.85920828738764,1665006824,4220,1998,24,Male,N,1231,"Greenock (west: Bow Farm, Braeside, Branchton, Fort Matilda, Gateside, Greenock West, Overton, Pennyfern, Smithston)",Inverclyde,PA16,Glasgow
ragin',55.51116270044008,-2.419667210892748,1665006892,4230,1970,52,Male,N,1446,Eckford,"Scottish Borders",TD5,Borders
ragin',57.43140003308211,-4.4179871956956696,1665006999,4237,1994,28,Female,Y,762,Kirkhill,Highland,IV5,"Highlands (Inverness)"
ragin',56.3643417713469,-3.7080124348257955,1665007081,4244,1981,41,Male,Y,1402,Crieff,"Perth and Kinross",PH7,Fife
ragin',55.87816998702014,-4.284365089027577,1665007171,4248,1979,43,Male,Y,591,"Hillhead, Glasgow",Glasgow,"Glasgow Kelvin",Glasgow
ragin',56.072565274956084,-4.8088035730548295,1665007202,4247,1982,40,Male,Y,566,Helensburgh,"Argyll and Bute",G84,"Argyll and Bute"
ragin',57.50454809370915,-3.5978097890126617,1665007309,4250,1994,28,Female,Y,740,Forres,Moray,IV36,"North East (Aberdeen)"
ragin',55.782446717001314,-4.026660356690858,1665007311,4251,1994,28,Female,Y,1183,Hamilton,"South Lanarkshire",ML3,Glasgow
ragin',56.003251698981856,-4.250769842688885,1665007335,4252,1963,59,Male,Y,507,Kirkintilloch,"East Dunbartonshire",G66,Glasgow
ragin',55.834834116728864,-4.30322825081546,1665007399,4254,1993,29,Female,Y,658,"Giffnock, Glasgow",Glasgow,"Glasgow South",Glasgow
ragin',55.92655538097602,-3.2814866539025602,1665007461,4257,1976,46,Female,Y,267,"Sighthill, Edinburgh",Edinburgh,"Edinburgh Central","Lothian (Edinburgh)"
ragin',55.90136630219847,-3.624405459717934,1665007471,4258,1977,45,Female,Y,368,Bathgate,"West Lothian",EH48,"Lothian (Edinburgh)"
ragin',55.89673923359091,-4.350472526460154,1665007502,4253,1954,68,Female,N,638,"Drumchapel, Glasgow",Glasgow,"Glasgow Northwest",Glasgow
ragin',55.396598237682895,-4.637752385587213,1665007549,4260,1966,56,Female,N,856,"Ayr (Centre)","South Ayrshire",KA7,Ayrshire
ragin',55.79514331373582,-4.0292672256664455,1665007680,4262,1971,51,Male,Y,1151,Motherwell,"North Lanarkshire",ML1,Glasgow
ragin',55.44564896281926,-4.1315431357622545,1665007702,4265,1953,69,Male,N,802,"New Cumnock","East Ayrshire",KA18,Ayrshire
ragin',55.3917311643041,-4.6091436882934635,1665007761,4267,1994,28,Female,Y,851,Coylton,"South Ayrshire",KA6,Ayrshire
ragin',55.73212246290985,-4.156631326130874,1665007827,4268,1997,25,Female,N,534,"East Kilbride (south: Hairmyres, Westwood, The Murray, Murray East, Whitehills, Greenhill, Newlandsmuir, Gardenhall, Crosshouse, Newlands, Lindsayfield, Mossneuk)","South Lanarkshire",G75,Glasgow
ragin',55.544602037485,-4.65213003337595,1665007848,4270,1971,51,Female,Y,784,Troon,"South Ayrshire",KA10,Ayrshire
ragin',55.56171636433111,-3.733160250331255,1665007897,4271,1995,27,Male,Y,1170,Biggar,"South Lanarkshire",ML12,Glasgow
ragin',55.93329136587488,-3.5528816219954495,1665008011,4274,1975,47,Female,Y,371,Broxburn,"West Lothian",EH52,"Lothian (Edinburgh)"
ragin',56.29847931858829,-2.9641080483731512,1665008131,4276,1976,46,Male,Y,1639,Auchtermuchty,Fife,KY15,Fife
ragin',55.93907363159418,-4.244321251931253,1665008133,4278,1973,49,Female,Y,502,Bishopbriggs,"East Dunbartonshire",G64,Glasgow
ragin',55.898959832299454,-4.044539624720534,1665008161,4281,1996,26,Male,Y,1189,Coatbridge,"North Lanarkshire",ML5,Glasgow
ragin',55.635170760025986,-4.710138678002781,1665008166,4279,1999,23,Female,Y,787,"Irvine (centre: Castlepark, Tarryholme)","North Ayrshire",KA12,Ayrshire
ragin',55.92767856881212,-4.426559553608461,1665008270,4283,1963,59,Female,Y,546,Clydebank,"West Dunbartonshire",G81,Glasgow
ragin',55.82541361022319,-5.058249485124366,1665008305,4284,1975,47,Female,Y,1237,"Isle of Bute","Argyll and Bute",PA20,"Argyll and Bute"
ragin',55.79787753617816,-5.090419066260239,1665008424,4269,1995,27,Male,N,1237,"Isle of Bute","Argyll and Bute",PA20,"Argyll and Bute"
ragin',55.52987828619424,-4.522876527344535,1665008735,4291,1963,59,Female,Y,779,"Kilmarnock (centre and south: Bonnyton, Grange, Bellfield, Shortlees, Caprington, Riccarton, Hurlford)","East Ayrshire",KA1,Ayrshire
ragin',55.99249391641184,-4.4658359688481974,1665008824,4292,1996,26,Female,Y,549,Dumbarton,"West Dunbartonshire",G82,Glasgow
ragin',55.562913438356354,-4.639886137970337,1665008986,4294,1989,33,Other,Y,784,Troon,"South Ayrshire",KA10,Ayrshire
ragin',55.89282629285881,-4.023872015190592,1665009042,4297,1969,53,Male,Y,1192,Airdrie,"North Lanarkshire",ML6,Glasgow
ragin',55.897129600612764,-4.132368204129054,1665009205,4303,1972,50,Male,Y,483,Stepps,"North Lanarkshire",G33,Glasgow
ragin',56.12004169310887,-4.7163548355558484,1665009274,4302,1994,28,Female,Y,557,Alexandria,"West Dunbartonshire",G83,"Argyll and Bute"
ragin',55.77314844722813,-4.108655149368235,1665009366,4306,1977,45,Female,Y,529,Cambuslang,"South Lanarkshire",G72,Glasgow
ragin',55.939849936920346,-3.105545798166891,1665009404,4305,1999,23,Female,Y,322,"Gilmerton, Edinburgh",Edinburgh,"Edinburgh Southeast","Lothian (Edinburgh)"
ragin',55.9643415971553,-3.963481214663628,1665009541,4309,1962,60,Female,Y,514,"Cumbernauld (south: Condorrat, Lenziemill, Carbrain, Kildrum, Cumbernauld Village, Abronhill, Seafar)","North Lanarkshire",G67,Glasgow
ragin',55.26918101235321,-3.668987456839736,1665009592,4307,1984,38,Female,Y,210,Thornhill,"Dumfries and Galloway",DG3,"Dumfries and Galloway"
ragin',55.99051367239918,-5.563477029579293,1665009679,4311,1990,32,Male,Y,1251,Cairnbaan,"Argyll and Bute",PA31,"Argyll and Bute"
ragin',55.95997202391163,-3.966537635234935,1665009700,4309,1962,60,Female,Y,514,"Cumbernauld (south: Condorrat, Lenziemill, Carbrain, Kildrum, Cumbernauld Village, Abronhill, Seafar)","North Lanarkshire",G67,Glasgow
ragin',55.81247721881554,-4.697656781977565,1665009791,4308,1980,42,Male,Y,1226,Lochwinnoch,Renfrewshire,PA12,Glasgow
ragin',55.88793341588391,-4.32081627022547,1665009823,4315,1990,32,Male,Y,586,"Kelvinside, Glasgow",Glasgow,"Glasgow Kelvin",Glasgow
ragin',57.1604805212679,-2.590536672074473,1665009827,4316,1984,38,Male,Y,64,Inverurie,Aberdeenshire,AB51,"North East (Aberdeen)"
ragin',57.616761666363566,-3.45448703193008,1665010045,4310,1995,27,Male,Y,737,Elgin,Moray,IV30,"North East (Aberdeen)"
ragin',55.5454601946089,-4.6307702886737285,1665010054,4321,1981,41,Male,Y,784,Troon,"South Ayrshire",KA10,Ayrshire
ragin',58.56022520604972,-3.8754987257956173,1665010055,4320,2002,20,Male,N,961,Thurso,Highland,KW14,"Highlands (Inverness)"
ragin',55.530630926496016,-3.291555255114029,1665010142,4324,1980,42,Female,Y,362,Peebles,"Scottish Borders",EH45,Borders
ragin',56.29704054838173,-3.9657769687208573,1665010209,4323,1970,52,Male,Y,405,Dunblane,Stirlingshire,FK15,"Stirling and Falkirk"
ragin',56.392296084263705,-3.269912632392028,1665010264,4325,1977,45,Male,Y,1353,Scone,"Perth and Kinross",PH2,Fife
ragin',55.904450388600594,-3.2271667623095213,1665010399,4328,1980,42,Female,Y,305,"Oxgangs, Edinburgh",Edinburgh,"Edinburgh Oxgangs","Lothian (Edinburgh)"
ragin',56.12187526341291,-4.57904236763491,1665010469,4327,1990,32,Female,Y,499,Killearn,Stirlingshire,G63,"Stirling and Falkirk"
ragin',56.460746323359714,-3.005634631829037,1665010499,4329,1990,32,Female,Y,261,"Westend, Dundee",Dundee,"Dundee West","Tayside and Angus (Dundee)"
ragin',56.0301005619745,-4.07252540399279,1665010665,4332,1972,50,Female,Y,452,Denny,Falkirk,FK6,"Stirling and Falkirk"
ragin',57.06602076411512,-2.254631546544365,1665010855,4335,1964,58,Female,N,11,Kincorth, Aberdeen,AB12,"North East (Aberdeen)"
ragin',56.74504812060865,-2.5916722488347856,1665010873,4337,1999,23,Female,Y,137,Inverbervie,Aberdeenshire,DD10,"Tayside and Angus (Dundee)"
ragin',56.083020707924526,-4.0330068102821315,1665010886,4339,1974,48,Female,Y,464,"Stirling (south and east: Braehead, Borestone, Broomridge, Torbrex)",Stirlingshire,FK7,"Stirling and Falkirk"
ragin',55.816171285699426,-4.152721198482016,1665010942,4340,1995,27,Female,Y,529,Cambuslang,"South Lanarkshire",G72,Glasgow
ragin',55.82915623054441,-4.437450217612846,1665010989,4333,1951,71,Female,Y,1236,"Paisley (south: Blackhall, Castlehead, Dykebar, Foxbar, Hunterhill, Meikleriggs)",Renfrewshire,PA2,Glasgow
ragin',57.26162311580886,-3.1848533107154133,1665011010,4341,1986,36,Other,Y,40,Strathdon,Aberdeenshire,AB36,"North East (Aberdeen)"
ragin',55.8658267718125,-4.2880894073219995,1665011174,4344,1981,41,Male,Y,592,"Dowanhill, Glasgow",Glasgow,"Glasgow Kelvin",Glasgow
ragin',56.490031123846144,-2.8512154875388913,1665011178,4342,1972,50,Female,Y,248,"Barnhill, Dundee",Dundee,"Dundee East","Tayside and Angus (Dundee)"
ragin',55.921964583199895,-2.5080469915352834,1665011261,4346,1996,26,Female,Y,359,Dunbar,"East Lothian",EH42,"Lothian (Edinburgh)"
ragin',55.99395594269153,-3.6913040772093715,1665011426,4347,1993,29,Female,Y,422,"Falkirk (north: Grahamston, Middlefield, Westfield)",Falkirk,FK2,"Stirling and Falkirk"
ragin',55.993260703480516,-3.574141671581417,1665011946,4351,1994,28,Male,Y,369,Linlithgow,"West Lothian",EH49,"Lothian (Edinburgh)"
ragin',56.18984635045458,-3.7346282268189874,1665011961,4352,1985,37,Female,Y,397,Dollar,Clackmannanshire,FK14,"Stirling and Falkirk"
ragin',55.46547188715111,-5.680513197084253,1665012013,4356,1995,27,Male,Y,1246,Campbeltown,"Argyll and Bute",PA28,"Argyll and Bute"
ragin',56.13132639514728,-3.8705170138182616,1665012035,4354,1985,37,Male,N,389,Tullibody,Clackmannanshire,FK10,"Stirling and Falkirk"
ragin',55.88807151257804,-4.35868621468804,1665012353,4359,1993,29,Other,Y,641,"Knightswood, Glasgow",Glasgow,"Glasgow Northwest",Glasgow
ragin',57.56757580823168,-4.593750863207201,1665013884,4372,1994,28,Male,Y,704,Strathpeffer,Highland,IV14,"Highlands (Inverness)"
ragin',55.816527717305895,-4.245837206561763,1665014168,4374,1982,40,Female,Y,645,Clarkston,"East Renfrewshire","Glasgow South",Glasgow
ragin',57.18120508251789,-2.3190845993232068,1665014193,4377,1986,36,Other,Y,28,Westhill,Aberdeenshire,AB32,"North East (Aberdeen)"
ragin',56.0787732198039,-3.224237945255036,1665014210,4376,1975,47,Female,Y,1117,"Kirkcaldy (west: Hayfield, Templehall, Newliston, Chapel, Dunnikier, Bennochy)",Fife,KY2,Fife
ragin',55.6610865586118,-4.535075094733162,1665014382,4379,1997,25,Male,Y,841,Stewarton,"East Ayrshire",KA3,Ayrshire
ragin',56.84171622869297,-5.023823976315324,1665014531,4381,1983,39,Male,Y,1377,"Fort William",Highland,PH33,"Highlands (Inverness)"
ragin',56.080217437503514,-3.8132156161716173,1665015158,4386,1995,27,Female,Y,425,Polmont, Falkirk,FK2,"Stirling and Falkirk"
ragin',57.47078737995282,-3.994662173588353,1665015662,4389,1990,32,Other,Y,702,Auldearn,Highland,IV12,"Highlands (Inverness)"
ragin',55.94422637284327,-3.249471284644042,1665016383,4392,1996,26,Male,Y,298,"Inverleith, Edinburgh",Edinburgh,"Edinburgh North","Lothian (Edinburgh)"
ragin',55.85206133715093,-4.203159730073483,1665016580,4393,1996,26,Female,Y,602,"Baillieston, Glasgow",Glasgow,"Glasgow Northeast",Glasgow
ragin',54.84922004536191,-5.105635252324932,1665016860,4394,1977,45,Female,N,231,Stranraer,"Dumfries and Galloway",DG9,"Dumfries and Galloway"
ragin',55.84187202442819,-4.213965619184655,1665016952,4395,1979,43,Female,Y,632,"Springburn, Glasgow",Glasgow,"Glasgow Northeast",Glasgow
ragin',55.88880317477049,-3.54930017162711,1665018137,4397,1993,29,Female,Y,375,Livingston,"West Lothian",EH54,"Lothian (Edinburgh)"
ragin',55.99623028730631,-4.3339619879905955,1665018991,4399,1976,46,Female,Y,499,Killearn,Stirlingshire,G63,"Stirling and Falkirk"
ragin',56.00897027243603,-3.7788133261657033,1665019451,4402,1993,29,Other,Y,422,"Falkirk (north: Grahamston, Middlefield, Westfield)",Falkirk,FK2,"Stirling and Falkirk"
ragin',55.84621346604507,-4.6184870854287,1665019841,4406,1988,34,Female,Y,1224,"Bridge of Weir",Renfrewshire,PA11,Glasgow
ragin',55.94692485932482,-3.103888267785785,1665020191,4408,1987,35,Other,Y,281,"Portobello, Edinburgh",Edinburgh,"Edinburgh Duddingston","Lothian (Edinburgh)"
ragin',55.84878880843617,-4.1109321777652665,1665020824,4338,1971,51,Female,Y,634,"Maryhill, Glasgow",Glasgow,"Glasgow Northeast",Glasgow
ragin',57.25157981071814,-2.1688689783360924,1665020925,4405,1957,65,Female,N,125,Whiterashes,Aberdeenshire,"Aberdeen North","North East (Aberdeen)"
ragin',56.530874324974384,-2.7042536597936757,1665021705,4409,1983,39,Female,N,178,Carnoustie,Angus,DD7,"Tayside and Angus (Dundee)"
ragin',55.963874999073894,-3.6450348521187195,1665023783,4414,1986,36,Male,Y,369,Linlithgow,"West Lothian",EH49,"Lothian (Edinburgh)"
ragin',55.906054783871106,-4.403559303498517,1665023809,4415,1976,46,Male,N,544,Faifley,"West Dunbartonshire",G81,Glasgow
ragin',56.4912018830256,-2.955983904998721,1665024410,4416,1984,38,Female,Y,254,"Douglas, Dundee",Dundee,"Dundee North","Tayside and Angus (Dundee)"
ragin',55.973811013554354,-3.2369818957416205,1665026776,4419,1966,56,Female,Y,278,"Granton, Edinburgh",Edinburgh,"Edinburgh Clermiston Granton","Lothian (Edinburgh)"
ragin',55.96515617628285,-3.1900797589129364,1665027976,4420,1980,42,Female,Y,297,"Blackhall, Edinburgh",Edinburgh,"Edinburgh North","Lothian (Edinburgh)"
ragin',56.096539039110134,-4.0780167079922816,1665028887,4423,1965,57,Male,N,464,"Stirling (south and east: Braehead, Borestone, Broomridge, Torbrex)",Stirlingshire,FK7,"Stirling and Falkirk"
ragin',55.962848081997386,-3.979228483137678,1665029095,4425,1994,28,Female,N,514,"Cumbernauld (south: Condorrat, Lenziemill, Carbrain, Kildrum, Cumbernauld Village, Abronhill, Seafar)","North Lanarkshire",G67,Glasgow
ragin',55.61490958677636,-4.650170367280507,1665029486,4426,1990,32,Female,N,787,"Irvine (centre: Castlepark, Tarryholme)","North Ayrshire",KA12,Ayrshire
ragin',56.81693343340981,-3.608621992015445,1665029555,4427,1983,39,Male,N,1318,Blairgowrie,"Perth and Kinross",PH10,Fife
ragin',55.91276055613564,-4.605188228544417,1665029672,4429,1983,39,Female,Y,1229,"Port Glasgow",Inverclyde,PA14,Glasgow
ragin',55.890829453615964,-4.792814248127803,1665029783,4428,1971,51,Female,N,1231,"Greenock (west: Bow Farm, Braeside, Branchton, Fort Matilda, Gateside, Greenock West, Overton, Pennyfern, Smithston)",Inverclyde,PA16,Glasgow
ragin',55.984797137868824,-4.163436590047513,1665032376,4434,1967,55,Female,N,508,Lennoxtown,"East Dunbartonshire",G66,Glasgow
ragin',55.38636871508404,-4.7639691612443995,1665033271,4439,1985,37,Male,Y,856,"Ayr (Centre)","South Ayrshire",KA7,Ayrshire
ragin',54.850538809836664,-5.053048042777341,1665034027,4443,1980,42,Male,Y,231,Stranraer,"Dumfries and Galloway",DG9,"Dumfries and Galloway"
ragin',56.183964003193,-3.144177507966497,1665034503,4438,1976,46,Female,Y,1136,Star,Fife,KY7,Fife
ragin',57.557525560332635,-4.496819531433095,1665034999,4448,1998,24,Male,N,774,"Conon Bridge",Highland,IV7,"Highlands (Inverness)"
ragin',56.188663811967395,-3.1262471040062025,1665035182,4438,1976,46,Female,Y,1136,Star,Fife,KY7,Fife
ragin',55.944710748386676,-4.399186832401911,1665035222,4450,1958,64,Male,N,546,Clydebank,"West Dunbartonshire",G81,Glasgow
ragin',57.69469741988959,-3.411981021216455,1665035348,4447,1966,56,Male,Y,737,Elgin,Moray,IV30,"North East (Aberdeen)"
ragin',55.4161745141811,-4.698542038179656,1665035661,4453,1972,50,Male,Y,856,"Ayr (Centre)","South Ayrshire",KA7,Ayrshire
ragin',55.88822906953163,-4.334703851418971,1665036147,4458,1990,32,Male,Y,585,"Kelvindale, Glasgow",Glasgow,"Glasgow Kelvin",Glasgow
ragin',57.642005005157756,-4.4259314970993975,1665036443,4460,1991,31,Male,N,705,Dingwall,Highland,IV15,"Highlands (Inverness)"
ragin',55.89066853578591,-4.331551925792649,1665036480,4459,1979,43,Female,Y,592,"Dowanhill, Glasgow",Glasgow,"Glasgow Kelvin",Glasgow
ragin',56.29452185330447,-3.513944840958728,1665036514,2711,1997,25,Female,Y,1345,Glencarse,"Perth and Kinross",PH2,Fife
ragin',55.94366099356115,-3.1268206155782305,1665037036,4462,1991,31,Female,Y,281,"Portobello, Edinburgh",Edinburgh,"Edinburgh Duddingston","Lothian (Edinburgh)"
ragin',57.58979154433991,-3.1667051268971598,1665037360,4466,1983,39,Male,N,739,Fochabers,Moray,IV32,"North East (Aberdeen)"
ragin',55.97529690965977,-4.6149540686514205,1665037660,4471,1990,32,Female,Y,548,Cardross,"Argyll and Bute",G82,Glasgow
ragin',55.43265993264281,-2.9407533010865055,1665037864,4473,1979,43,Male,Y,1493,Hawick,"Scottish Borders",TD9,Borders
ragin',55.39186231888898,-2.4061225663225456,1665038114,4474,1996,26,Female,Y,1483,Ancrum,"Scottish Borders",TD8,Borders
ragin',55.570170807913705,-3.7342262891207594,1665038841,4479,1999,23,Female,Y,1170,Biggar,"South Lanarkshire",ML12,Glasgow
ragin',56.83174551807342,-2.994749493840771,1665038867,4430,1969,53,Male,Y,179,Forfar,Angus,DD8,"Tayside and Angus (Dundee)"
ragin',55.83518420783894,-4.163709261818745,1665038886,4481,1960,62,Male,N,628,"Balornock, Glasgow",Glasgow,"Glasgow Northeast",Glasgow
ragin',57.615161040425484,-4.249198337961464,1665039121,4482,1980,42,Male,Y,776,Maryburgh,Highland,IV7,"Highlands (Inverness)"
ragin',57.72636042627072,-4.313468309275111,1665039320,4483,1968,54,Male,N,707,Alness,Highland,IV17,"Highlands (Inverness)"
ragin',56.03701711854362,-2.8169645678236037,1665039521,4484,1982,40,Male,Y,355,"North Berwick","East Lothian",EH39,"Lothian (Edinburgh)"
ragin',56.32169378908275,-2.8693749721190693,1665039617,4485,1998,24,Female,Y,1114,"St Andrews",Fife,KY16,Fife
ragin',55.80587852709439,-4.15693012885868,1665039723,4486,1967,55,Female,Y,529,Cambuslang,"South Lanarkshire",G72,Glasgow
ragin',55.91725535388905,-3.156825051274757,1665039855,4488,1995,27,Other,Y,325,"Niddrie, Edinburgh",Edinburgh,"Edinburgh Southeast","Lothian (Edinburgh)"
ragin',56.00749380267212,-5.03914590452195,1665040032,4490,1988,34,Male,Y,1241,Dunoon,"Argyll and Bute",PA23,"Argyll and Bute"
ragin',55.7893319668043,-4.600187973129596,1665040198,4491,1970,52,Female,N,1226,Lochwinnoch,Renfrewshire,PA12,Glasgow
ragin',55.85413318283329,-4.15571239714788,1665040259,4492,1956,66,Male,N,634,"Maryhill, Glasgow",Glasgow,"Glasgow Northeast",Glasgow
ragin',55.588164619435815,-4.616249948687972,1665040328,4493,1990,32,Female,Y,785,"Irvine (east, south: Perceton, Lawthorn, Girdle Toll, Stanecastle, Bourtreehill, Broomlands, Dreghorn, Springside)","North Ayrshire",KA11,Ayrshire
ragin',55.379018353202845,-5.542495615006684,1665040529,4495,1997,25,Female,Y,1246,Campbeltown,"Argyll and Bute",PA28,"Argyll and Bute"
ragin',55.920737712828,-4.379516414955047,1665041015,4500,1959,63,Male,N,641,"Knightswood, Glasgow",Glasgow,"Glasgow Northwest",Glasgow
ragin',55.25933241298065,-3.6228290608877987,1665041041,4499,1961,61,Female,N,186,"Dumfries (centre and east: Dalscone, Georgetown, Heathhall, Kingholm Quay, Noblehill, The Crichton)","Dumfries and Galloway",DG1,"Dumfries and Galloway"
ragin',56.47810048653764,-3.0444903083320907,1665041297,4501,1945,77,Female,N,242,"St Marys, Dundee",Dundee,"Dundee Central","Tayside and Angus (Dundee)"
ragin',55.73067272036301,-4.141534456308476,1665041408,4502,1988,34,Male,N,533,Auldhouse,"South Lanarkshire",G75,Glasgow
ragin',55.4917127023071,-3.91745611570933,1665041678,4503,1967,55,Male,Y,1167,Lanark,"South Lanarkshire",ML11,Glasgow
ragin',55.24603236430094,-4.518660312713456,1665041764,4504,1973,49,Male,Y,806,Maybole,"South Ayrshire",KA19,Ayrshire
ragin',55.937377034658134,-4.314780961502158,1665042141,4506,1990,32,Female,Y,489,Milngavie,"East Dunbartonshire",G62,Glasgow
ragin',55.85721640441341,-3.5175876320350055,1665042224,4508,1989,33,Female,Y,375,Livingston,"West Lothian",EH54,"Lothian (Edinburgh)"
ragin',55.902329142987774,-3.3107873962101184,1665042292,4507,1998,24,Female,Y,314,"Morningside, Edinburgh",Edinburgh,"Edinburgh South","Lothian (Edinburgh)"
ragin',56.77851121208687,-2.430644650639994,1665042475,4511,1998,24,Female,Y,137,Inverbervie,Aberdeenshire,DD10,"Tayside and Angus (Dundee)"
ragin',55.87687167894121,-3.9501987705194237,1665042683,4515,1987,35,Male,Y,1192,Airdrie,"North Lanarkshire",ML6,Glasgow
ragin',57.70133535996402,-3.313748694121981,1665042783,4517,2000,22,Male,Y,738,Lossiemouth,Moray,IV31,"North East (Aberdeen)"
ragin',57.62098691231711,-4.110920244924393,1665042992,4521,1990,32,Male,Y,700,Fortrose,Highland,IV10,"Highlands (Inverness)"
ragin',55.84747192762232,-4.436951821695035,1665043069,4523,1977,45,Male,Y,1248,Linwood,Renfrewshire,PA3,Glasgow
ragin',55.84595349017468,-4.3888396154272895,1665043225,4365,1980,42,Male,N,1220,"Paisley (central, east and north east: Ferguslie, Oldhall, Seedhill, Williamsburgh, Whitehaugh)",Renfrewshire,PA1,Glasgow
ragin',55.788337297087224,-4.274099009664054,1665043228,4524,1951,71,Female,Y,658,"Giffnock, Glasgow",Glasgow,"Glasgow South",Glasgow
ragin',55.85031973543735,-4.099246990036441,1665043247,4522,1990,32,Male,Y,598,Rutherglen,"South Lanarkshire","Glasgow Northeast",Glasgow
ragin',55.83302950378005,-4.168802787725649,1665043256,4527,1982,40,Female,Y,617,"Dalmarnock, Glasgow",Glasgow,"Glasgow Northeast",Glasgow
ragin',55.943085293903586,-4.312442582616921,1665043319,4526,1995,27,Female,Y,489,Milngavie,"East Dunbartonshire",G62,Glasgow
ragin',55.22894224794293,-4.510419836529342,1665043574,4525,1998,24,Male,Y,806,Maybole,"South Ayrshire",KA19,Ayrshire
ragin',55.80697880140811,-4.073337474722286,1665043722,4529,2000,22,Male,Y,523,Bothwell,"South Lanarkshire",G71,Glasgow
ragin',56.084681092120626,-3.588301302560617,1665044584,4534,1943,79,Male,Y,1096,"Dunfermline (centre, north, west: Abbey Parks, Lady's Mill, Garvock, Headwell, Kingseathill, Wellwood, Milesmark, Baldridge, Pittencrieff, Baldridgeburn)",Fife,KY12,Fife
ragin',55.735526058335424,-4.139467162041952,1665044642,4532,1983,39,Female,Y,534,"East Kilbride (south: Hairmyres, Westwood, The Murray, Murray East, Whitehills, Greenhill, Newlandsmuir, Gardenhall, Crosshouse, Newlands, Lindsayfield, Mossneuk)","South Lanarkshire",G75,Glasgow
ragin',55.93259433286658,-3.6748941895728833,1665044877,4538,1997,25,Male,Y,367,Armadale,"West Lothian",EH48,"Lothian (Edinburgh)"
ragin',56.03331937846484,-3.8120288028803104,1665044924,4539,1998,24,Female,Y,449,Larbert,Falkirk,FK5,"Stirling and Falkirk"
ragin',55.3533152433498,-3.522229970796374,1665045385,4540,1971,51,Female,Y,189,Moffat,"Dumfries and Galloway",DG10,"Dumfries and Galloway"
ragin',55.83550250761462,-4.344157134863629,1665045823,4545,1981,41,Female,Y,681,"Nitshill, Glasgow",Glasgow,"Glasgow Southwest",Glasgow
ragin',56.0546747611485,-3.505623264161247,1665045932,4547,1993,29,Female,Y,1089,"Dalgety Bay",Fife,KY11,Fife
ragin',57.119067181131776,-2.191850220855303,1665046020,4546,1978,44,Male,Y,128,"Mannofield, Aberdeen",Aberdeen,"Aberdeen Southwest","North East (Aberdeen)"
ragin',55.45184843669707,-4.641142016542269,1665046280,4550,1967,55,Male,Y,856,"Ayr (Centre)","South Ayrshire",KA7,Ayrshire
ragin',55.93578911789533,-3.259628239899841,1665046437,4557,1974,48,Male,Y,264,"Slateford, Edinburgh",Edinburgh,"Edinburgh Central","Lothian (Edinburgh)"
ragin',55.63704400007166,-3.042132319110152,1665046464,4554,1987,35,Male,Y,361,Innerleithen,"Scottish Borders",EH44,Borders
ragin',55.960034410100036,-4.004743873849122,1665046585,4560,1990,32,Female,Y,517,"Cumbernauld (north: Balloch, Eastfield, Carrickstone, Smithstone, Blackwood, Westfield)","North Lanarkshire",G68,Glasgow
ragin',56.28651158519075,-3.1785495684498253,1665046598,4558,1978,44,Other,Y,1105,Cupar,Fife,KY15,Fife
ragin',56.47996620198817,-2.96880424465206,1665046695,4555,1956,66,Female,N,252,"Linlathen and Midcraigie, Dundee",Dundee,"Dundee North","Tayside and Angus (Dundee)"
ragin',56.00668553772125,-2.8556214860507745,1665046712,4561,2000,22,Female,Y,348,Prestonpans,"East Lothian",EH32,"Lothian (Edinburgh)"
ragin',55.82085141430838,-4.241864645103516,1665046954,4563,1976,46,Female,Y,651,"Cathcart, Glasgow",Glasgow,"Glasgow South",Glasgow
ragin',56.06801229921026,-3.28015862696789,1665047149,4514,1995,27,Male,Y,1119,Burntisland,Fife,KY3,Fife
ragin',55.760409220060694,-3.84090745067458,1665048399,4570,1993,29,Female,Y,1212,Carluke,"South Lanarkshire",ML8,Glasgow
ragin',55.20086914431225,-4.678178009992809,1665048858,4573,1984,38,Female,Y,824,Girvan,"South Ayrshire",KA26,Ayrshire
ragin',55.863948108279295,-3.6717125181062746,1665048873,4574,1974,48,Female,N,366,Whitburn,"West Lothian",EH47,"Lothian (Edinburgh)"
ragin',55.83729472928513,-4.126629736108037,1665048908,4572,1977,45,Female,Y,612,"Easterhouse, Glasgow",Glasgow,"Glasgow Northeast",Glasgow
ragin',55.93954762072656,-4.190814781240847,1665049265,4578,1981,41,Female,Y,502,Bishopbriggs,"East Dunbartonshire",G64,Glasgow
ragin',57.05868193020526,-2.2096382825338905,1665049444,4579,2003,19,Female,Y,48,Stonehaven,Aberdeenshire,AB39,"North East (Aberdeen)"
ragin',55.74537476634609,-3.9103979125845068,1665049776,4582,1983,39,Female,Y,1212,Carluke,"South Lanarkshire",ML8,Glasgow
ragin',57.13429821183871,-2.084940580446585,1665050037,4587,1993,29,Male,Y,126,"Bridge of Dee, Aberdeen",Aberdeen,"Aberdeen Southeast","North East (Aberdeen)"
ragin',57.08120556725214,-2.2888695535096217,1665050517,4590,1982,40,Male,Y,130,"Ferryhill, Aberdeen",Aberdeen,"Aberdeen Southwest","North East (Aberdeen)"
ragin',58.21914791175443,-6.370050726642317,1665050528,4591,1968,54,Female,Y,686,"Stornoway, Isle of Lewis","Western Isles",HS1,"Western Isles"
ragin',55.96429455193729,-2.8778890553173135,1665050538,4594,2000,22,Female,Y,348,Prestonpans,"East Lothian",EH32,"Lothian (Edinburgh)"
ragin',57.08028906808838,-2.284018674760855,1665050764,4590,1982,40,Male,Y,130,"Ferryhill, Aberdeen",Aberdeen,"Aberdeen Southwest","North East (Aberdeen)"
ragin',56.48918709420323,-2.821039637251864,1665050795,4595,1957,65,Female,Y,247,"Broughty Ferry, Dundee",Dundee,"Dundee East","Tayside and Angus (Dundee)"
ragin',57.46779161754197,-4.200687042790035,1665051019,4584,1998,24,Male,Y,714,"Inverness (east: Culcabock, Crown, Culduthel, Drummond, Haugh, Hilton, Holm, Lochardil, Millburn, Raigmore)",Highland,IV2,"Highlands (Inverness)"
ragin',55.999367588746345,-3.9002385761403757,1665051338,4598,1955,67,Female,N,447,"High Bonnybridge",Falkirk,FK4,"Stirling and Falkirk"
ragin',55.90512881845239,-4.370372270190305,1665051486,4601,1954,68,Male,Y,644,"Partick, Glasgow",Glasgow,"Glasgow Northwest",Glasgow
ragin',55.552747692574656,-4.606896159701908,1665051565,4602,1987,35,Female,Y,784,Troon,"South Ayrshire",KA10,Ayrshire
ragin',55.949792770879924,-4.0230318506942675,1665051599,4603,1995,27,Female,Y,517,"Cumbernauld (north: Balloch, Eastfield, Carrickstone, Smithstone, Blackwood, Westfield)","North Lanarkshire",G68,Glasgow
ragin',55.71002352127217,-4.199972916373869,1665051625,4604,1974,48,Female,N,534,"East Kilbride (south: Hairmyres, Westwood, The Murray, Murray East, Whitehills, Greenhill, Newlandsmuir, Gardenhall, Crosshouse, Newlands, Lindsayfield, Mossneuk)","South Lanarkshire",G75,Glasgow
ragin',55.906281863464585,-4.392062241116878,1665051982,4608,2005,17,Female,School,546,Clydebank,"West Dunbartonshire",G81,Glasgow
ragin',55.70449774643486,-4.191850348246337,1665052061,4609,1997,25,Female,Y,534,"East Kilbride (south: Hairmyres, Westwood, The Murray, Murray East, Whitehills, Greenhill, Newlandsmuir, Gardenhall, Crosshouse, Newlands, Lindsayfield, Mossneuk)","South Lanarkshire",G75,Glasgow
ragin',55.596421420407204,-4.447929399058971,1665052097,4440,1973,49,Female,N,779,"Kilmarnock (centre and south: Bonnyton, Grange, Bellfield, Shortlees, Caprington, Riccarton, Hurlford)","East Ayrshire",KA1,Ayrshire
ragin',55.89364139853267,-3.7353914848718,1665052291,4613,1990,32,Male,Y,367,Armadale,"West Lothian",EH48,"Lothian (Edinburgh)"
ragin',55.91917428047041,-3.2747257054815746,1665052349,4614,1994,28,Female,Y,310,"Balerno, Edinburgh",Edinburgh,"Edinburgh South","Lothian (Edinburgh)"
ragin',55.2017707099201,-4.452670256841245,1665052386,4617,1987,35,Male,N,852,Dalmellington,"East Ayrshire",KA6,Ayrshire
ragin',55.67628176739632,-5.243792094617841,1665052424,4612,1955,67,Male,Y,827,"Isle of Arran","North Ayrshire",KA27,Ayrshire
ragin',55.78646522289376,-4.663003887697557,1665052451,4618,1998,24,Female,N,1226,Lochwinnoch,Renfrewshire,PA12,Glasgow
ragin',55.907778811597886,-4.232265932144173,1665052578,4622,1991,31,Male,Y,502,Bishopbriggs,"East Dunbartonshire",G64,Glasgow
ragin',55.23557672197606,-3.5706223901294463,1665052660,4625,1992,30,Female,Y,196,Lockerbie,"Dumfries and Galloway",DG11,"Dumfries and Galloway"
ragin',56.62330540148874,-2.7328972956795217,1665052662,4624,1990,32,Female,Y,179,Forfar,Angus,DD8,"Tayside and Angus (Dundee)"
ragin',57.65379936382879,-3.0583141761868458,1665052710,4621,1981,41,Male,Y,739,Fochabers,Moray,IV32,"North East (Aberdeen)"
ragin',57.162234598876864,-2.1125273038871257,1665052718,4620,1990,32,Female,Y,106,"Kittybrewster, Aberdeen",Aberdeen,"Aberdeen Central","North East (Aberdeen)"
ragin',55.8490456136378,-4.1085649086422205,1665052876,4627,1982,40,Male,Y,598,Rutherglen,"South Lanarkshire","Glasgow Northeast",Glasgow
ragin',55.80714547995548,-4.250467242111562,1665052917,4630,1962,60,Female,Y,650,"Newlands, Glasgow",Glasgow,"Glasgow South",Glasgow
ragin',56.056804506268996,-5.423350274016567,1665053103,4626,2006,16,Male,School,1254,Lochgilphead,"Argyll and Bute",PA31,"Argyll and Bute"
ragin',55.86079630060227,-4.129953956894888,1665053106,4633,1978,44,Male,Y,605,"Ruchazie, Glasgow",Glasgow,"Glasgow Northeast",Glasgow
ragin',55.84445033191407,-4.130208248959137,1665053357,4631,1984,38,Female,Y,598,Rutherglen,"South Lanarkshire","Glasgow Northeast",Glasgow
ragin',57.51795549161021,-3.8809858019739387,1665053359,4635,1976,46,Male,Y,702,Auldearn,Highland,IV12,"Highlands (Inverness)"
ragin',56.3429695554911,-5.400731843344381,1665053495,4638,1964,58,Female,Y,1257,Oban,"Argyll and Bute",PA34,"Argyll and Bute"
ragin',57.43664093597672,-4.1219664259680675,1665053540,4639,1987,35,Female,Y,714,"Inverness (east: Culcabock, Crown, Culduthel, Drummond, Haugh, Hilton, Holm, Lochardil, Millburn, Raigmore)",Highland,IV2,"Highlands (Inverness)"
ragin',57.29083288280227,-2.202122740550176,1665053555,4640,1988,34,Male,Y,49,Ellon,Aberdeenshire,AB41,"North East (Aberdeen)"
ragin',56.47562938312481,-2.8916246117432034,1665053782,4641,1984,38,Female,Y,247,"Broughty Ferry, Dundee",Dundee,"Dundee East","Tayside and Angus (Dundee)"
ragin',55.906021828241144,-4.3746340710729585,1665053859,4643,1983,39,Female,N,641,"Knightswood, Glasgow",Glasgow,"Glasgow Northwest",Glasgow
ragin',57.34162521465974,-4.215347068347878,1665054036,4644,1983,39,Male,Y,713,Culloden,Highland,IV2,"Highlands (Inverness)"
ragin',57.23960014357919,-2.2615566223562267,1665054454,4649,1990,32,Female,Y,124,Newmachar,Aberdeenshire,"Aberdeen North","North East (Aberdeen)"
ragin',55.954868605186434,-3.6430140928374657,1665054612,4653,1992,30,Female,Y,369,Linlithgow,"West Lothian",EH49,"Lothian (Edinburgh)"
ragin',56.202517464911885,-3.4819239029659825,1665055106,4657,1967,55,Male,Y,1098,Kinross,"Perth and Kinross",KY13,Fife
ragin',55.46172762345455,-4.631861803173763,1665055141,4634,1997,25,Male,Y,856,"Ayr (Centre)","South Ayrshire",KA7,Ayrshire
ragin',55.9487204091842,-4.258052648292839,1665055175,4659,1978,44,Other,Y,502,Bishopbriggs,"East Dunbartonshire",G64,Glasgow
ragin',55.44359234620178,-4.411376475097553,1665055570,4661,1979,43,Female,Y,798,Cumnock,"East Ayrshire",KA18,Ayrshire
ragin',55.94472699130155,-3.9213289858183815,1665056063,4472,1974,48,Female,Y,514,"Cumbernauld (south: Condorrat, Lenziemill, Carbrain, Kildrum, Cumbernauld Village, Abronhill, Seafar)","North Lanarkshire",G67,Glasgow
ragin',57.58797606022791,-3.324997296381768,1665056570,4670,1992,30,Female,Y,737,Elgin,Moray,IV30,"North East (Aberdeen)"
ragin',55.93159033830301,-4.065357614822199,1665056813,4671,2000,22,Male,Y,517,"Cumbernauld (north: Balloch, Eastfield, Carrickstone, Smithstone, Blackwood, Westfield)","North Lanarkshire",G68,Glasgow
ragin',57.586074711702636,-3.3230574200777605,1665056922,4673,1990,32,Male,N,737,Elgin,Moray,IV30,"North East (Aberdeen)"
ragin',57.570724453016474,-3.0261966839935424,1665057167,4678,1971,51,Female,N,88,Keith, Moray,AB55,"North East (Aberdeen)"
ragin',55.95198281230283,-3.930424008393772,1665057710,4682,1997,25,Female,N,514,"Cumbernauld (south: Condorrat, Lenziemill, Carbrain, Kildrum, Cumbernauld Village, Abronhill, Seafar)","North Lanarkshire",G67,Glasgow
ragin',55.753416045666725,-4.0537590248598985,1665058266,4683,1976,46,Female,Y,1183,Hamilton,"South Lanarkshire",ML3,Glasgow
ragin',55.92728928222574,-4.317254658398593,1665058495,4685,1974,48,Male,N,488,Bearsden,"East Dunbartonshire",G61,Glasgow
ragin',55.917222869464794,-2.5095483899839843,1665058655,4686,1979,43,Female,Y,359,Dunbar,"East Lothian",EH42,"Lothian (Edinburgh)"
ragin',55.90303239585095,-3.249423936178918,1665059094,4690,1983,39,Male,Y,305,"Oxgangs, Edinburgh",Edinburgh,"Edinburgh Oxgangs","Lothian (Edinburgh)"
ragin',55.90871489019001,-4.029930138218341,1665059251,3749,1994,28,Female,Y,1189,Coatbridge,"North Lanarkshire",ML5,Glasgow
ragin',57.9811158393021,-3.957353167983237,1665060071,4693,1996,26,Female,Y,902,Golspie,Highland,KW10,"Highlands (Inverness)"
ragin',55.40659292777932,-4.746550407925894,1665060188,4698,1965,57,Female,Y,856,"Ayr (Centre)","South Ayrshire",KA7,Ayrshire
ragin',56.07947389407584,-3.2067152176047675,1665060250,4697,1998,24,Female,Y,1117,"Kirkcaldy (west: Hayfield, Templehall, Newliston, Chapel, Dunnikier, Bennochy)",Fife,KY2,Fife
ragin',58.38414332894466,-3.477060962207625,1665061079,4699,1992,30,Male,Y,913,Halkirk,Highland,KW12,"Highlands (Inverness)"
ragin',56.45943516090914,-3.4082425499667677,1665061702,4704,1967,55,Female,N,1354,"Perth (south and east: Barnhill, Bridgend, Craigie, Kincarrathie, Upper Craigie)","Perth and Kinross",PH2,Fife
ragin',56.07488918746787,-3.5207201770446517,1665061867,4705,1989,33,Female,Y,1096,"Dunfermline (centre, north, west: Abbey Parks, Lady's Mill, Garvock, Headwell, Kingseathill, Wellwood, Milesmark, Baldridge, Pittencrieff, Baldridgeburn)",Fife,KY12,Fife
ragin',58.52122165355323,-4.105617603128986,1665062301,4706,1963,59,Female,Y,961,Thurso,Highland,KW14,"Highlands (Inverness)"
ragin',55.95336879110501,-3.2422503439712838,1665062363,4707,1992,30,Male,School,287,"Corstorphine, Edinburgh",Edinburgh,"Edinburgh North","Lothian (Edinburgh)"
ragin',56.207261607284565,-3.260220760127938,1665062708,4708,1958,64,Female,N,1129,"Glenrothes (west: Caskieberran, Rimbleton, Macedonia, Tanshall)",Fife,KY6,Fife
ragin',55.77117848655495,-4.532709795999424,1665062980,4709,1993,29,Male,Y,540,Barrhead,"East Renfrewshire",G78,Glasgow
ragin',55.75947828459046,-4.196645509432304,1665063596,4710,1979,43,Female,Y,534,"East Kilbride (south: Hairmyres, Westwood, The Murray, Murray East, Whitehills, Greenhill, Newlandsmuir, Gardenhall, Crosshouse, Newlands, Lindsayfield, Mossneuk)","South Lanarkshire",G75,Glasgow
ragin',57.55055022813574,-2.08156926207129,1665064311,4712,1979,43,Female,Y,57,Fraserburgh,Aberdeenshire,AB43,"North East (Aberdeen)"
ragin',55.96054548404965,-3.2216455488537985,1665065348,4714,1986,36,Female,Y,288,"Murrayfield, Edinburgh",Edinburgh,"Edinburgh North","Lothian (Edinburgh)"
ragin',55.79816406224262,-3.9561882201774434,1665065640,4716,1981,41,Male,Y,1151,Motherwell,"North Lanarkshire",ML1,Glasgow
ragin',60.38030982285028,-1.2001749851921097,1665065979,4695,1989,33,Female,Y,1587,Ollaberry,"Shetland Isles",ZE2,"Shetland Islands"
ragin',56.061896429317635,-3.556229952132726,1665066041,4717,1970,52,Male,Y,1096,"Dunfermline (centre, north, west: Abbey Parks, Lady's Mill, Garvock, Headwell, Kingseathill, Wellwood, Milesmark, Baldridge, Pittencrieff, Baldridgeburn)",Fife,KY12,Fife
ragin',56.05564560947358,-3.4260602808848013,1665066156,4719,1986,36,Female,Y,1090,"Dunfermline (south and east: Halbeath, Touch, Duloch, Masterton, Pitcorthie, Abbeyview, Brucefield, Hospital Hill, Camdean, Pitreavie)",Fife,KY11,Fife
ragin',55.751669290496544,-4.2013687769619015,1665067197,4724,1985,37,Female,Y,534,"East Kilbride (south: Hairmyres, Westwood, The Murray, Murray East, Whitehills, Greenhill, Newlandsmuir, Gardenhall, Crosshouse, Newlands, Lindsayfield, Mossneuk)","South Lanarkshire",G75,Glasgow
ragin',56.470564894482266,-2.8705304449861258,1665069038,4729,1997,25,Female,Y,247,"Broughty Ferry, Dundee",Dundee,"Dundee East","Tayside and Angus (Dundee)"
ragin',56.240593966790094,-2.930744729700825,1665069192,4730,1961,61,Female,Y,1141,Largo,Fife,KY8,Fife
ragin',56.12843148197206,-3.8501360519117958,1665069706,4731,1998,24,Female,Y,389,Tullibody,Clackmannanshire,FK10,"Stirling and Falkirk"
ragin',55.80647436362311,-4.056891935992424,1665070032,4732,1990,32,Female,Y,526,Viewpark,"North Lanarkshire",G71,Glasgow
ragin',55.83497309625244,-3.1943341912819614,1665070143,4735,1994,28,Female,School,342,Roslin,Midlothian,EH25,"Lothian (Edinburgh)"
ragin',57.34732675069392,-4.459262595795982,1665070379,4737,1973,49,Female,Y,772,Drumnadrochit,Highland,IV63,"Highlands (Inverness)"
ragin',55.937663446113106,-3.2628516249271518,1665070885,4739,1953,69,Male,Y,298,"Inverleith, Edinburgh",Edinburgh,"Edinburgh North","Lothian (Edinburgh)"
ragin',55.768204138521064,-4.136676348366899,1665071301,4740,2011,11,Female,School,529,Cambuslang,"South Lanarkshire",G72,Glasgow
ragin',57.14296061415245,-2.1139920314278573,1665071548,4743,1950,72,Male,N,126,"Bridge of Dee, Aberdeen",Aberdeen,"Aberdeen Southeast","North East (Aberdeen)"
ragin',55.88164195142683,-3.1720500709250654,1665071600,4744,1981,41,Female,Y,329,Loanhead,Midlothian,EH20,"Lothian (Edinburgh)"
ragin',55.92865111005504,-4.36037695527735,1665071733,4745,1959,63,Female,Y,488,Bearsden,"East Dunbartonshire",G61,Glasgow
ragin',55.97978727061168,-2.619444719496837,1665072111,4746,1987,35,Female,Y,359,Dunbar,"East Lothian",EH42,"Lothian (Edinburgh)"
ragin',55.80750293093143,-4.058602902582075,1665072798,4750,2000,22,Female,Y,525,Uddingston,"South Lanarkshire",G71,Glasgow
ragin',55.833510537938174,-4.0594841180378225,1665073168,4752,1993,29,Female,Y,526,Viewpark,"North Lanarkshire",G71,Glasgow
ragin',56.05397690684175,-3.5244785923214748,1665073495,4754,1976,46,Female,Y,1095,Culross,Fife,KY12,Fife
ragin',57.25959114634546,-2.2581222409995414,1665074121,4757,1993,29,Female,Y,113,"Bridge of Don, Aberdeen",Aberdeen,"Aberdeen North","North East (Aberdeen)"
ragin',56.49726422159427,-3.001892491083913,1665074162,4758,1968,54,Female,Y,236,"Lochee, Dundee",Dundee,"Dundee Central","Tayside and Angus (Dundee)"
ragin',55.86246202076121,-3.7205783137350266,1665074678,1157,1976,46,Male,N,364,Fauldhouse,"West Lothian",EH47,"Lothian (Edinburgh)"
ragin',55.5025876317087,-4.541810388440395,1665075844,4763,2007,15,Male,N,873,Prestwick,"South Ayrshire",KA9,Ayrshire
ragin',55.97659426041321,-3.9481466531649065,1665076421,4759,1996,26,Male,Y,514,"Cumbernauld (south: Condorrat, Lenziemill, Carbrain, Kildrum, Cumbernauld Village, Abronhill, Seafar)","North Lanarkshire",G67,Glasgow
ragin',55.6239626580202,-4.682128726213008,1665077402,4767,1968,54,Female,Y,787,"Irvine (centre: Castlepark, Tarryholme)","North Ayrshire",KA12,Ayrshire
ragin',55.83777010878894,-4.2152822862832995,1665078343,4772,1976,46,Female,N,625,"Parkhead, Glasgow",Glasgow,"Glasgow Northeast",Glasgow
ragin',56.4823418530748,-3.7034201726886886,1665078669,4773,1990,32,Female,Y,1313,"Perth (north and west: Burghmuir, Cherrybank, Hillyland, Inveralmond, Lethom, Muirton, North Muirton, Tulloch)","Perth and Kinross",PH1,Fife
ragin',55.96434643851142,-3.7609762041892494,1665079248,4778,1997,25,Male,Y,377,"Falkirk (centre and south: Arnothill, Bantaskin, Callendar Park, Glen Village, Hallglen, Lionthorn, Tamfourhill, Woodlands)",Falkirk,FK1,"Stirling and Falkirk"
ragin',55.87420931590128,-4.114424199634042,1665079916,4781,1977,45,Female,Y,612,"Easterhouse, Glasgow",Glasgow,"Glasgow Northeast",Glasgow
ragin',57.64004997793748,-2.228196560056337,1665080058,4782,1995,27,Female,Y,57,Fraserburgh,Aberdeenshire,AB43,"North East (Aberdeen)"
ragin',56.39314870069766,-3.49768792306002,1665080133,4785,1993,29,Male,Y,1313,"Perth (north and west: Burghmuir, Cherrybank, Hillyland, Inveralmond, Lethom, Muirton, North Muirton, Tulloch)","Perth and Kinross",PH1,Fife
ragin',57.312257614686295,-5.634092749370098,1665080957,4794,1996,26,Female,Y,765,Plockton,Highland,IV52,"Highlands (Inverness)"
ragin',55.59370279269181,-2.6695458715669425,1665081229,4797,1981,41,Female,Y,1470,"St Boswells","Scottish Borders",TD6,Borders
ragin',55.95532540436661,-3.180131537205812,1665081618,4798,1987,35,Female,Y,287,"Corstorphine, Edinburgh",Edinburgh,"Edinburgh North","Lothian (Edinburgh)"
ragin',55.95269939798291,-3.9740850571374624,1665081971,4787,1984,38,Female,N,514,"Cumbernauld (south: Condorrat, Lenziemill, Carbrain, Kildrum, Cumbernauld Village, Abronhill, Seafar)","North Lanarkshire",G67,Glasgow
ragin',55.888934635745635,-4.3045083465111444,1665082003,4800,1985,37,Female,Y,590,"Hyndland, Glasgow",Glasgow,"Glasgow Kelvin",Glasgow
ragin',55.16373780061672,-3.419159697657458,1665082146,4803,1992,30,Male,Y,196,Lockerbie,"Dumfries and Galloway",DG11,"Dumfries and Galloway"
ragin',55.84002976581162,-4.465449711559145,1665082161,4802,1992,30,Female,Y,1220,"Paisley (central, east and north east: Ferguslie, Oldhall, Seedhill, Williamsburgh, Whitehaugh)",Renfrewshire,PA1,Glasgow
ragin',57.122635058383565,-2.2822936639234506,1665082261,4808,1992,30,Other,Y,132,"Peterculter, Aberdeen",Aberdeen,"Aberdeen Southwest","North East (Aberdeen)"
ragin',55.003217192338454,-3.3338049799059575,1665082271,4805,1976,46,Female,Y,197,Annan,"Dumfries and Galloway",DG12,"Dumfries and Galloway"
ragin',57.59044939225382,-4.7558079376544855,1665082328,4809,1981,41,Female,Y,704,Strathpeffer,Highland,IV14,"Highlands (Inverness)"
ragin',55.682046031275355,-4.631541981825255,1665082330,4807,1984,38,Other,Y,788,Kilwinning,"North Ayrshire",KA13,Ayrshire
ragin',55.832912815828706,-4.222670464639479,1665082522,4813,1960,62,Male,N,627,"Dennistoun, Glasgow",Glasgow,"Glasgow Northeast",Glasgow
ragin',55.46625012199979,-4.623975719193483,1665082641,4815,1977,45,Other,Y,865,Dalmilling,"South Ayrshire",KA8,Ayrshire
ragin',55.90423357411125,-4.807829896897923,1665082648,4820,1996,26,Male,Y,1231,"Greenock (west: Bow Farm, Braeside, Branchton, Fort Matilda, Gateside, Greenock West, Overton, Pennyfern, Smithston)",Inverclyde,PA16,Glasgow
ragin',55.87242728734201,-4.183158741207578,1665082937,4823,1950,72,Female,Y,628,"Balornock, Glasgow",Glasgow,"Glasgow Northeast",Glasgow
ragin',57.15037634582199,-2.1081814439367363,1665083045,4829,1971,51,Female,Y,107,"Rosemount, Aberdeen",Aberdeen,"Aberdeen Central","North East (Aberdeen)"
ragin',55.672514146839056,-4.833246294767886,1665083080,4828,1984,38,Male,Y,813,Ardrossan,"North Ayrshire",KA22,Ayrshire
ragin',55.83482142994445,-4.468109914287728,1665083194,4834,1979,43,Female,N,1276,Johnstone,Renfrewshire,PA5,Glasgow
ragin',55.807773328960145,-4.309264615275875,1665083483,4845,1969,53,Male,Y,647,"Pollokshields, Glasgow",Glasgow,"Glasgow South",Glasgow
ragin',55.8668344264708,-4.2953386527003605,1665083546,4847,1985,37,Male,Y,585,"Kelvindale, Glasgow",Glasgow,"Glasgow Kelvin",Glasgow
ragin',56.225739863239866,-3.186575421568282,1665083562,4838,1961,61,Male,Y,1129,"Glenrothes (west: Caskieberran, Rimbleton, Macedonia, Tanshall)",Fife,KY6,Fife
ragin',55.94701050862056,-3.08300735911148,1665083821,4856,1980,42,Male,Y,280,"Duddingston, Edinburgh",Edinburgh,"Edinburgh Duddingston","Lothian (Edinburgh)"
ragin',57.240400537560944,-2.5057291405687687,1665083895,4859,1990,32,Male,Y,64,Inverurie,Aberdeenshire,AB51,"North East (Aberdeen)"
ragin',57.52045002410307,-3.6204567583642273,1665083976,4862,1985,37,Male,Y,740,Forres,Moray,IV36,"North East (Aberdeen)"
ragin',56.207438917275866,-3.2733425363745847,1665083996,4864,1972,50,Female,Y,1130,Leslie,Fife,KY6,Fife
ragin',55.82610949486015,-4.045358914734841,1665084064,4836,1966,56,Male,Y,1186,Bellshill,"North Lanarkshire",ML4,Glasgow
ragin',55.80919961996285,-4.26424347257405,1665084108,4861,1999,23,Female,Y,659,"Deaconsbank, Glasgow",Glasgow,"Glasgow South",Glasgow
ragin',55.75809454459577,-3.165416447755039,1665084256,4866,1985,37,Female,Y,362,Peebles,"Scottish Borders",EH45,Borders
ragin',55.50865055822704,-4.381109331964088,1665084588,4872,2004,18,Male,N,846,Mauchline,"East Ayrshire",KA5,Ayrshire
ragin',57.44769279009235,-4.106268091778504,1665084589,4871,1998,24,Male,Y,714,"Inverness (east: Culcabock, Crown, Culduthel, Drummond, Haugh, Hilton, Holm, Lochardil, Millburn, Raigmore)",Highland,IV2,"Highlands (Inverness)"
ragin',55.84666983221193,-3.3667840423575526,1665084666,4873,1998,24,Other,Y,310,"Balerno, Edinburgh",Edinburgh,"Edinburgh South","Lothian (Edinburgh)"
ragin',55.822237743753824,-4.256870188439642,1665084878,4876,1984,38,Female,Y,659,"Deaconsbank, Glasgow",Glasgow,"Glasgow South",Glasgow
ragin',55.958860438776476,-3.204040321073346,1665085163,4884,1987,35,Female,Y,287,"Corstorphine, Edinburgh",Edinburgh,"Edinburgh North","Lothian (Edinburgh)"
ragin',56.4940964770608,-3.2081138896120365,1665085277,4887,1990,32,Female,Y,1326,Inchture,"Perth and Kinross",PH14,Fife
ragin',55.64039111371225,-4.171487564772991,1665085283,4885,1958,64,Female,Y,1160,Strathaven,"North Lanarkshire",ML10,Glasgow
ragin',56.453581002090246,-2.9786519882216784,1665085362,4892,1991,31,Female,Y,261,"Westend, Dundee",Dundee,"Dundee West","Tayside and Angus (Dundee)"
ragin',55.775375646388916,-3.8286475129999773,1665085372,4888,1985,37,Male,N,1177,Newmains,"North Lanarkshire",ML2,Glasgow
ragin',55.818370778160435,-4.28371207069296,1665085451,4886,2008,14,Other,School,648,"Shawlands, Glasgow",Glasgow,"Glasgow South",Glasgow
ragin',56.26690414919432,-3.569825068347924,1665085460,4895,1988,34,Female,Y,1353,Scone,"Perth and Kinross",PH2,Fife
ragin',55.775777604608656,-4.192540131629649,1665085486,4896,1995,27,Female,N,530,"East Kilbride (north: The Village, East Mains, West Mains, Lymekilns, St Leonards, Calderwood, Nerston, Stewartfield, Peel Park)","South Lanarkshire",G74,Glasgow
ragin',55.870795495071796,-4.311715777193278,1665085498,4882,2001,21,Male,Y,643,"Anniesland, Glasgow",Glasgow,"Glasgow Northwest",Glasgow
ragin',55.957558757648556,-3.2584276749395573,1665085534,4899,1986,36,Female,Y,287,"Corstorphine, Edinburgh",Edinburgh,"Edinburgh North","Lothian (Edinburgh)"
ragin',56.45453091797423,-3.0109987494761667,1665085749,4892,1991,31,Female,Y,261,"Westend, Dundee",Dundee,"Dundee West","Tayside and Angus (Dundee)"
ragin',55.85610893588896,-4.313926759905804,1665085974,4909,1993,29,Female,Y,678,"Cardonald, Glasgow",Glasgow,"Glasgow Southwest",Glasgow
ragin',55.74837074072262,-4.18340580837747,1665086247,4911,1990,32,Female,Y,534,"East Kilbride (south: Hairmyres, Westwood, The Murray, Murray East, Whitehills, Greenhill, Newlandsmuir, Gardenhall, Crosshouse, Newlands, Lindsayfield, Mossneuk)","South Lanarkshire",G75,Glasgow
ragin',57.61788277771337,-3.031443957110394,1665086766,4915,1991,31,Female,Y,88,Keith, Moray,AB55,"North East (Aberdeen)"
ragin',55.93423236246391,-3.2833638999137955,1665087212,4920,1969,53,Male,Y,290,"North Leith, Edinburgh",Edinburgh,"Edinburgh North","Lothian (Edinburgh)"
ragin',55.79660915363282,-4.300075297439878,1665087250,4921,1972,50,Female,N,653,"Netherlee, Glasgow",Glasgow,"Glasgow South",Glasgow
ragin',55.89211385724662,-3.3005106632396406,1665087278,4923,1977,45,Male,Y,317,"Marchmont, Edinburgh",Edinburgh,"Edinburgh South","Lothian (Edinburgh)"
ragin',55.61270130875426,-4.673810357403892,1665087567,4931,1967,55,Male,Y,787,"Irvine (centre: Castlepark, Tarryholme)","North Ayrshire",KA12,Ayrshire
ragin',56.30522643732144,-3.5437682862144215,1665087609,4930,1984,38,Male,N,1354,"Perth (south and east: Barnhill, Bridgend, Craigie, Kincarrathie, Upper Craigie)","Perth and Kinross",PH2,Fife
ragin',56.44785605492448,-3.672936685449248,1665087691,4932,1961,61,Female,N,1313,"Perth (north and west: Burghmuir, Cherrybank, Hillyland, Inveralmond, Lethom, Muirton, North Muirton, Tulloch)","Perth and Kinross",PH1,Fife
ragin',55.788156633537405,-4.148873411453887,1665087703,4935,1979,43,Female,Y,529,Cambuslang,"South Lanarkshire",G72,Glasgow
ragin',55.88646451420211,-3.989165921431797,1665087725,4936,1969,53,Female,Y,1192,Airdrie,"North Lanarkshire",ML6,Glasgow
ragin',56.14543693696924,-3.502169244209739,1665087867,4938,1980,42,Female,N,1096,"Dunfermline (centre, north, west: Abbey Parks, Lady's Mill, Garvock, Headwell, Kingseathill, Wellwood, Milesmark, Baldridge, Pittencrieff, Baldridgeburn)",Fife,KY12,Fife
ragin',58.219292755518765,-6.387617981471549,1665087973,4940,1991,31,Female,Y,686,"Stornoway, Isle of Lewis","Western Isles",HS1,"Western Isles"
ragin',55.79074964837229,-4.041687575468675,1665087993,4933,1998,24,Female,Y,1183,Hamilton,"South Lanarkshire",ML3,Glasgow
ragin',56.08322154334845,-5.002196913758188,1665088069,4943,1999,23,Female,Y,1241,Dunoon,"Argyll and Bute",PA23,"Argyll and Bute"
ragin',56.35119615414745,-3.4544121841557525,1665088126,4947,2005,17,Female,School,1354,"Perth (south and east: Barnhill, Bridgend, Craigie, Kincarrathie, Upper Craigie)","Perth and Kinross",PH2,Fife
ragin',55.83233989206249,-4.280795228710334,1665088128,4939,1961,61,Female,N,655,"Simshill, Glasgow",Glasgow,"Glasgow South",Glasgow
ragin',55.76258328723865,-4.113039945329571,1665088278,4950,1985,37,Female,Y,528,Blantyre,"South Lanarkshire",G72,Glasgow
ragin',55.90477220453534,-3.1985730418397216,1665088417,4954,1994,28,Female,Y,315,"Fairmilehead, Edinburgh",Edinburgh,"Edinburgh South","Lothian (Edinburgh)"
ragin',55.88661135606961,-4.363281147532529,1665088462,4955,1971,51,Male,Y,643,"Anniesland, Glasgow",Glasgow,"Glasgow Northwest",Glasgow
ragin',55.80316710773334,-4.280169817566419,1665088544,4956,1973,49,Female,Y,645,Clarkston,"East Renfrewshire","Glasgow South",Glasgow
ragin',55.470964754180415,-4.611589159125011,1665088641,4874,1997,25,Male,N,868,"Newton on Ayr","South Ayrshire",KA8,Ayrshire
ragin',55.05223429828418,-3.484292132613284,1665088665,4961,2002,20,Male,Y,186,"Dumfries (centre and east: Dalscone, Georgetown, Heathhall, Kingholm Quay, Noblehill, The Crichton)","Dumfries and Galloway",DG1,"Dumfries and Galloway"
ragin',55.57264284483982,-4.535052770949272,1665088684,4959,1960,62,Female,Y,779,"Kilmarnock (centre and south: Bonnyton, Grange, Bellfield, Shortlees, Caprington, Riccarton, Hurlford)","East Ayrshire",KA1,Ayrshire
ragin',55.939019904138796,-3.1998579345380165,1665088694,4960,1967,55,Female,N,314,"Morningside, Edinburgh",Edinburgh,"Edinburgh South","Lothian (Edinburgh)"
ragin',56.017263299726814,-3.583825611729392,1665089223,4966,1967,55,Male,Y,370,Bo'ness,Falkirk,EH51,"Lothian (Edinburgh)"
ragin',55.84298605247948,-4.116396186075744,1665089284,4968,1981,41,Female,N,624,"Springboig, Glasgow",Glasgow,"Glasgow Northeast",Glasgow
ragin',55.91636887764689,-4.213863126796779,1665089316,4969,1976,46,Female,Y,502,Bishopbriggs,"East Dunbartonshire",G64,Glasgow
ragin',55.96359766407018,-2.9260551531395067,1665089321,4970,1972,50,Female,Y,346,"Cockenzie and Port Seton","East Lothian",EH32,"Lothian (Edinburgh)"
ragin',56.17561035498442,-3.2309827484937927,1665089487,4972,1973,49,Female,Y,1125,Ballingry,Fife,KY5,Fife
ragin',56.18620302324224,-3.2607547974240725,1665089660,4972,1973,49,Female,Y,1125,Ballingry,Fife,KY5,Fife
ragin',55.85877715473305,-4.272761048871165,1665089699,4976,1988,34,Female,Y,588,"Broomhill, Glasgow",Glasgow,"Glasgow Kelvin",Glasgow
ragin',55.957293860373504,-4.8179754101694945,1665089799,4975,1996,26,Male,Y,1235,Gourock,Inverclyde,PA19,Glasgow
ragin',56.985257623868655,-2.587574961610849,1665089819,4979,1990,32,Female,Y,22,Banchory,Aberdeenshire,AB31,"North East (Aberdeen)"
ragin',58.28115644209911,-6.287215803145941,1665089852,4982,1990,32,Female,Y,688,"Isle of Lewis","Western Isles (outside of Stornoway)",HS2,"Western Isles"
ragin',55.85176137027658,-4.290269780538393,1665089858,4980,1984,38,Male,Y,678,"Cardonald, Glasgow",Glasgow,"Glasgow Southwest",Glasgow
ragin',56.5164167115682,-3.0644588317116463,1665089920,4983,1996,26,Female,Y,150,Auchterhouse,Angus,DD3,"Tayside and Angus (Dundee)"
ragin',56.27199248594931,-2.592355382540113,1665089932,4984,1977,45,Male,N,1086,Anstruther,Fife,KY10,Fife
ragin',56.28889035454211,-3.9878247709859966,1665090015,4981,1995,27,Male,Y,405,Dunblane,Stirlingshire,FK15,"Stirling and Falkirk"
ragin',55.944770846562434,-3.2718375227153387,1665090103,4986,1988,34,Female,Y,287,"Corstorphine, Edinburgh",Edinburgh,"Edinburgh North","Lothian (Edinburgh)"
ragin',56.3001253061139,-4.22123762781291,1665090139,4985,1987,35,Male,Y,414,Strathyre,Stirlingshire,FK18,"Stirling and Falkirk"
ragin',55.96706879518755,-3.6689833165102956,1665090597,4991,1991,31,Female,Y,369,Linlithgow,"West Lothian",EH49,"Lothian (Edinburgh)"
ragin',55.81600141971663,-3.298308012760126,1665090738,4992,1986,36,Female,Y,343,Penicuik,Midlothian,EH26,"Lothian (Edinburgh)"
ragin',55.82539770124204,-4.3552277566460305,1665090771,4994,1960,62,Female,N,670,"Ibrox, Glasgow",Glasgow,"Glasgow Southwest",Glasgow
ragin',56.28917919142464,-3.047174069235146,1665090822,4995,1985,37,Female,Y,1105,Cupar,Fife,KY15,Fife
ragin',56.3278867895363,-2.960697339573456,1665090915,4995,1985,37,Female,Y,1105,Cupar,Fife,KY15,Fife
ragin',55.871958276319916,-3.2122531022958567,1665091061,4998,1962,60,Female,Y,343,Penicuik,Midlothian,EH26,"Lothian (Edinburgh)"
ragin',55.809778977902276,-4.285088280427485,1665091124,5001,1987,35,Female,Y,646,"Burnside, Glasgow",Glasgow,"Glasgow South",Glasgow
ragin',55.71089044900713,-4.549617057988388,1665091140,5002,1975,47,Male,Y,837,"Kilmarnock (north: Onthank, Townholm, Altonhill, Longpark, Beansburn, New Farm Loch, Knockinlaw, Hillhead, Crookedholm)","East Ayrshire",KA3,Ayrshire
ragin',56.544756425271025,-3.190138349549666,1665091158,4999,1996,26,Other,Y,1324,"Coupar Angus","Perth and Kinross",PH13,Fife
ragin',55.829496546562694,-4.327780391552294,1665091263,5005,1991,31,Male,Y,645,Clarkston,"East Renfrewshire","Glasgow South",Glasgow
ragin',55.76315689300304,-3.153464338443113,1665091299,5003,1995,27,Male,N,338,Gorebridge,Midlothian,EH23,"Lothian (Edinburgh)"
ragin',55.794371891491174,-3.8788449508791176,1665091319,5004,1961,61,Male,N,1180,Wishaw,"North Lanarkshire",ML2,Glasgow
ragin',57.16983599827983,-2.0999850400110205,1665091518,5007,1977,45,Female,Y,96,"Summerhill, Aberdeen",Aberdeen,"Aberdeen Central","North East (Aberdeen)"
ragin',55.91071036704267,-3.2892549269275673,1665091528,5006,1983,39,Male,N,267,"Sighthill, Edinburgh",Edinburgh,"Edinburgh Central","Lothian (Edinburgh)"
ragin',56.4425447081937,-3.2236312534898897,1665091549,5008,1989,33,Female,Y,1326,Inchture,"Perth and Kinross",PH14,Fife
ragin',55.390461036745506,-2.468095193559456,1665091825,5013,2000,22,Female,Y,1486,Jedburgh,"Scottish Borders",TD8,Borders
ragin',55.899694181676075,-4.399058404247452,1665092441,5011,1989,33,Female,Y,546,Clydebank,"West Dunbartonshire",G81,Glasgow
ragin',55.805381322830875,-4.010206237951777,1665092471,5019,1985,37,Female,Y,1151,Motherwell,"North Lanarkshire",ML1,Glasgow
ragin',55.2808076441373,-3.6072284936687327,1665092539,5022,1973,49,Female,Y,186,"Dumfries (centre and east: Dalscone, Georgetown, Heathhall, Kingholm Quay, Noblehill, The Crichton)","Dumfries and Galloway",DG1,"Dumfries and Galloway"
ragin',55.94572530107159,-4.8642725520849135,1665092572,5021,1964,58,Male,Y,1235,Gourock,Inverclyde,PA19,Glasgow
ragin',56.22307530753566,-2.7559242134576674,1665092656,5020,1970,52,Male,Y,1083,Crail,Fife,KY10,Fife
ragin',56.077104811789674,-3.2113694318822668,1665092839,5023,1996,26,Female,Y,1117,"Kirkcaldy (west: Hayfield, Templehall, Newliston, Chapel, Dunnikier, Bennochy)",Fife,KY2,Fife
ragin',55.93300989747185,-4.675605562216859,1665093025,5027,1991,31,Female,Y,1229,"Port Glasgow",Inverclyde,PA14,Glasgow
ragin',55.81415726123005,-4.334845622077784,1665093061,5030,1989,33,Female,Y,648,"Shawlands, Glasgow",Glasgow,"Glasgow South",Glasgow
ragin',56.1506896066793,-3.329227756435123,1665093129,5029,1975,47,Female,Y,1125,Ballingry,Fife,KY5,Fife
ragin',56.47884338937124,-2.977480883466027,1665093185,5028,1970,52,Female,Y,233,"Fairmuir, Dundee",Dundee,"Dundee Bluebelt","Tayside and Angus (Dundee)"
ragin',57.30541323229363,-2.1661998189851133,1665093728,5039,1980,42,Male,Y,49,Ellon,Aberdeenshire,AB41,"North East (Aberdeen)"
ragin',55.222673816527,-4.510075890089859,1665093843,5037,1984,38,Female,Y,806,Maybole,"South Ayrshire",KA19,Ayrshire
ragin',55.68352038093254,-2.7148295777024773,1665093914,5041,1985,37,Male,Y,1413,Galashiels,"Scottish Borders",TD1,Borders
ragin',56.74755252265712,-2.683817431020531,1665094260,5043,1986,36,Female,N,183,Edzell,Angus,DD9,"Tayside and Angus (Dundee)"
ragin',55.8821459788671,-4.310318479550608,1665094421,5044,1990,32,Other,Y,597,"Yorkhill, Glasgow",Glasgow,"Glasgow Kelvin",Glasgow
ragin',56.11907836580431,-3.241213182042334,1665094574,5047,1995,27,Female,Y,1117,"Kirkcaldy (west: Hayfield, Templehall, Newliston, Chapel, Dunnikier, Bennochy)",Fife,KY2,Fife
ragin',55.87499563125874,-3.135284829155246,1665095473,5050,1994,28,Female,Y,322,"Gilmerton, Edinburgh",Edinburgh,"Edinburgh Southeast","Lothian (Edinburgh)"
ragin',56.47271567443422,-2.9237459376345822,1665095615,5055,1988,34,Female,Y,250,"Downfield, Dundee",Dundee,"Dundee North","Tayside and Angus (Dundee)"
ragin',56.20351901587181,-4.84994408617297,1665096218,5052,1986,36,Male,N,558,Balloch,"West Dunbartonshire",G83,"Argyll and Bute"
ragin',56.80154541418912,-2.4393160899505006,1665096226,5057,1971,51,Male,N,140,Montrose,Angus,DD10,"Tayside and Angus (Dundee)"
ragin',57.302173399153965,-2.258144819909482,1665096533,5059,1977,45,Female,Y,112,"Dyce, Aberdeen",Aberdeen,"Aberdeen North","North East (Aberdeen)"
ragin',55.813332132525815,-4.2612763146355785,1665096781,5066,1993,29,Male,Y,656,"Croftfoot, Glasgow",Glasgow,"Glasgow South",Glasgow
ragin',56.480173978990564,-3.4684269316023757,1665096872,5065,1961,61,Female,Y,1309,Bankfoot,"Perth and Kinross",PH1,Fife
ragin',58.27345851909562,-6.632614101584076,1665097000,5069,1993,29,Female,Y,688,"Isle of Lewis","Western Isles (outside of Stornoway)",HS2,"Western Isles"
ragin',56.06449508867423,-4.73538095617839,1665097117,5070,1990,32,Female,Y,566,Helensburgh,"Argyll and Bute",G84,"Argyll and Bute"
ragin',55.95457639206196,-3.223420412815262,1665097161,5071,1989,33,Male,Y,297,"Blackhall, Edinburgh",Edinburgh,"Edinburgh North","Lothian (Edinburgh)"
ragin',55.71466929270353,-4.8406884305397995,1665097494,5074,1977,45,Male,Y,814,"West Kilbride","North Ayrshire",KA23,Ayrshire
ragin',55.96035165554733,-4.008074838175607,1665098110,5081,1993,29,Male,Y,517,"Cumbernauld (north: Balloch, Eastfield, Carrickstone, Smithstone, Blackwood, Westfield)","North Lanarkshire",G68,Glasgow
ragin',55.86452324384419,-4.267719332134048,1665098345,5084,1968,54,Female,Y,580,"Anderston, Glasgow",Glasgow,"Glasgow City Centre",Glasgow
ragin',55.47558903102169,-4.190133684732711,1665098635,5085,1982,40,Male,Y,798,Cumnock,"East Ayrshire",KA18,Ayrshire
ragin',56.48455963535053,-3.5978610581469592,1665099513,5086,1993,29,Male,Y,1313,"Perth (north and west: Burghmuir, Cherrybank, Hillyland, Inveralmond, Lethom, Muirton, North Muirton, Tulloch)","Perth and Kinross",PH1,Fife
ragin',57.07584419538681,-5.132474295526089,1665102099,5089,1991,31,Male,Y,1381,Invergarry,Highland,PH35,"Highlands (Inverness)"
ragin',55.956982460756926,-3.1421439416391017,1665104451,5090,1993,29,Female,Y,285,"Leith, Edinburgh",Edinburgh,"Edinburgh Leith","Lothian (Edinburgh)"
ragin',55.05425140185231,-3.4983742874475126,1665108824,5092,1976,46,Female,N,186,"Dumfries (centre and east: Dalscone, Georgetown, Heathhall, Kingholm Quay, Noblehill, The Crichton)","Dumfries and Galloway",DG1,"Dumfries and Galloway"
ragin',55.970973331037655,-4.669377675523552,1665112261,5094,1982,40,Female,N,549,Dumbarton,"West Dunbartonshire",G82,Glasgow
ragin',58.214585458568685,-6.367609203581309,1665116437,5096,1989,33,Male,Y,686,"Stornoway, Isle of Lewis","Western Isles",HS1,"Western Isles"
ragin',55.66045388594301,-4.670270884948578,1665118724,5098,1996,26,Female,Y,788,Kilwinning,"North Ayrshire",KA13,Ayrshire
ragin',55.95428691116861,-4.44175232520425,1665119705,5101,1991,31,Male,N,546,Clydebank,"West Dunbartonshire",G81,Glasgow
ragin',55.79472719034154,-4.329579094343374,1665121408,5104,1985,37,Female,Y,539,"Newton Mearns","East Renfrewshire",G77,Glasgow
ragin',57.05528484812882,-2.127173147257712,1665121763,5105,1976,46,Female,Y,5,"Cove Bay",Aberdeenshire,AB12,"North East (Aberdeen)"
ragin',55.96813254560816,-3.1601311602348923,1665121866,5107,1986,36,Female,Y,285,"Leith, Edinburgh",Edinburgh,"Edinburgh Leith","Lothian (Edinburgh)"
ragin',55.90948163332859,-4.356915536731837,1665123948,5109,1993,29,Female,N,638,"Drumchapel, Glasgow",Glasgow,"Glasgow Northwest",Glasgow
ragin',55.940410900777565,-3.251760477372834,1665124325,5112,1988,34,Male,Y,296,"Davidson's Mains, Edinburgh",Edinburgh,"Edinburgh North","Lothian (Edinburgh)"
ragin',56.47115056214198,-2.8497201801597556,1665124645,5113,1977,45,Male,Y,247,"Broughty Ferry, Dundee",Dundee,"Dundee East","Tayside and Angus (Dundee)"
ragin',57.148652746626986,-2.1835631457022617,1665125134,5114,1986,36,Other,Y,97,"Mastrick, Aberdeen",Aberdeen,"Aberdeen Central","North East (Aberdeen)"
ragin',56.49201367228737,-3.0510137384615756,1665125353,5115,1961,61,Female,Y,240,"Ardler, Dundee",Dundee,"Dundee Central","Tayside and Angus (Dundee)"
ragin',58.21934533189971,-6.377523886543215,1665125823,5117,1984,38,Female,N,686,"Stornoway, Isle of Lewis","Western Isles",HS1,"Western Isles"
ragin',56.2264361067729,-3.0769034512748266,1665126092,5119,1965,57,Male,Y,1141,Largo,Fife,KY8,Fife
ragin',55.683479455895075,-4.503977102921146,1665127945,5123,1987,35,Female,Y,837,"Kilmarnock (north: Onthank, Townholm, Altonhill, Longpark, Beansburn, New Farm Loch, Knockinlaw, Hillhead, Crookedholm)","East Ayrshire",KA3,Ayrshire
ragin',55.5006549924795,-3.2760634939288593,1665128771,5130,2002,20,Other,Y,1479,Selkirk,"Scottish Borders",TD7,Borders
ragin',55.480390906552934,-4.608491477327302,1665128931,5131,1961,61,Male,Y,868,"Newton on Ayr","South Ayrshire",KA8,Ayrshire
ragin',55.532916113605076,-4.483083777033553,1665129092,5134,2004,18,Male,N,846,Mauchline,"East Ayrshire",KA5,Ayrshire
ragin',55.5584297820872,-4.640060239097609,1665129147,5136,2005,17,Male,N,784,Troon,"South Ayrshire",KA10,Ayrshire
ragin',55.760198774183515,-4.164553616929934,1665129390,5139,1986,36,Male,N,530,"East Kilbride (north: The Village, East Mains, West Mains, Lymekilns, St Leonards, Calderwood, Nerston, Stewartfield, Peel Park)","South Lanarkshire",G74,Glasgow
ragin',57.423157875317244,-1.8456947008093891,1665129421,5138,1972,50,Female,Y,54,Peterhead,Aberdeenshire,AB42,"North East (Aberdeen)"
ragin',55.087205034655994,-4.66964367656148,1665129425,5140,2006,16,Male,N,824,Girvan,"South Ayrshire",KA26,Ayrshire
ragin',55.38668105326771,-4.1957507481209255,1665129564,5141,2004,18,Male,N,802,"New Cumnock","East Ayrshire",KA18,Ayrshire
ragin',58.205610831058074,-6.370871001302065,1665130208,5144,1991,31,Female,Y,686,"Stornoway, Isle of Lewis","Western Isles",HS1,"Western Isles"
ragin',55.616215044123955,-3.250726037774229,1665131189,5146,1999,23,Female,N,362,Peebles,"Scottish Borders",EH45,Borders
ragin',55.82565357702578,-4.369417472216491,1665131831,5149,1985,37,Female,N,662,"Battlefield, Glasgow",Glasgow,"Glasgow Southwest",Glasgow
ragin',56.03072088475199,-3.3736204992043555,1665133070,5154,1974,48,Male,Y,1089,"Dalgety Bay",Fife,KY11,Fife
ragin',58.21895406229328,-6.387484080346031,1665133165,5155,1990,32,Female,Y,686,"Stornoway, Isle of Lewis","Western Isles",HS1,"Western Isles"
ragin',55.39407811372937,-4.766639869300053,1665133422,5157,1963,59,Female,Y,856,"Ayr (Centre)","South Ayrshire",KA7,Ayrshire
ragin',55.72489669645962,-4.490005090674609,1665134023,5159,1995,27,Male,Y,837,"Kilmarnock (north: Onthank, Townholm, Altonhill, Longpark, Beansburn, New Farm Loch, Knockinlaw, Hillhead, Crookedholm)","East Ayrshire",KA3,Ayrshire
ragin',56.039352969030325,-3.3637974669899036,1665134178,5160,1995,27,Male,Y,1090,"Dunfermline (south and east: Halbeath, Touch, Duloch, Masterton, Pitcorthie, Abbeyview, Brucefield, Hospital Hill, Camdean, Pitreavie)",Fife,KY11,Fife
ragin',55.648069558980744,-2.931652341522662,1665135260,5164,1962,60,Female,Y,1413,Galashiels,"Scottish Borders",TD1,Borders
ragin',55.74855428600146,-4.271141238368662,1665135394,5165,1991,31,Female,Y,537,Eaglesham,"East Renfrewshire",G76,Glasgow
ragin',57.35762037369301,-2.492121120165238,1665135494,5166,1986,36,Male,Y,64,Inverurie,Aberdeenshire,AB51,"North East (Aberdeen)"
ragin',57.43728076920669,-2.448777598502984,1665135600,5166,1986,36,Male,Y,64,Inverurie,Aberdeenshire,AB51,"North East (Aberdeen)"
ragin',55.958194340930184,-3.1619680011561266,1665135787,5167,1955,67,Male,Y,288,"Murrayfield, Edinburgh",Edinburgh,"Edinburgh North","Lothian (Edinburgh)"
ragin',57.67489242159411,-3.4481633651874937,1665136383,5168,1966,56,Female,N,737,Elgin,Moray,IV30,"North East (Aberdeen)"
ragin',55.935054166626074,-3.261722329895976,1665136579,5172,1988,34,Other,Y,264,"Slateford, Edinburgh",Edinburgh,"Edinburgh Central","Lothian (Edinburgh)"
ragin',56.48954280819079,-2.7916543828674616,1665136585,5173,1993,29,Male,Y,249,Monifieth,Angus,"Dundee East","Tayside and Angus (Dundee)"
ragin',55.647260883347705,-3.7843420622502983,1665136711,5175,1963,59,Female,N,1167,Lanark,"South Lanarkshire",ML11,Glasgow
ragin',57.105870115782004,-2.2510974503310175,1665136716,5174,1971,51,Male,Y,134,"Cults, Aberdeen",Aberdeen,"Aberdeen Southwest","North East (Aberdeen)"
ragin',55.93483431087436,-3.931263277992466,1665136841,5179,1994,28,Male,Y,514,"Cumbernauld (south: Condorrat, Lenziemill, Carbrain, Kildrum, Cumbernauld Village, Abronhill, Seafar)","North Lanarkshire",G67,Glasgow
ragin',56.88784759271612,-2.3309702535270143,1665137014,5181,1997,25,Female,Y,18,Laurencekirk,Aberdeenshire,AB30,"North East (Aberdeen)"
ragin',56.53869738195914,-3.470655723817566,1665137155,5182,1954,68,Male,Y,1313,"Perth (north and west: Burghmuir, Cherrybank, Hillyland, Inveralmond, Lethom, Muirton, North Muirton, Tulloch)","Perth and Kinross",PH1,Fife
ragin',55.83720524344385,-4.240764475900186,1665137190,5184,1958,64,Female,N,664,"Toryglen, Glasgow",Glasgow,"Glasgow Southwest",Glasgow
ragin',56.01410521861642,-3.6897646422917916,1665137254,5185,1999,23,Female,Y,439,Grangemouth,Falkirk,FK3,"Stirling and Falkirk"
ragin',57.16522757198187,-2.111133049326359,1665137366,5191,2006,16,Female,School,103,"Woodside, Aberdeen",Aberdeen,"Aberdeen Central","North East (Aberdeen)"
ragin',58.56346845046748,-3.1373195152329365,1665137442,5197,1987,35,Male,Y,885,Reiss,Highland,KW1,"Highlands (Inverness)"
ragin',57.15510751879626,-2.151784316662627,1665137458,5193,2006,16,Male,School,106,"Kittybrewster, Aberdeen",Aberdeen,"Aberdeen Central","North East (Aberdeen)"
ragin',57.15756496302795,-2.1162842866163456,1665137473,5194,2006,16,Male,N,104,"Tillydrone, Aberdeen",Aberdeen,"Aberdeen Central","North East (Aberdeen)"
ragin',57.1640140646075,-2.120208312722296,1665137874,5198,2006,16,Male,School,98,"Northfield, Aberdeen",Aberdeen,"Aberdeen Central","North East (Aberdeen)"
ragin',57.1745844682547,-2.137194245538931,1665137956,5200,2006,16,Male,School,104,"Tillydrone, Aberdeen",Aberdeen,"Aberdeen Central","North East (Aberdeen)"
ragin',55.88790490173483,-4.253324811532582,1665137975,5203,1996,26,Female,Y,632,"Springburn, Glasgow",Glasgow,"Glasgow Northeast",Glasgow
ragin',55.82739866325253,-4.519060693089474,1665138000,5169,1977,45,Female,Y,1275,Elderslie,Renfrewshire,PA5,Glasgow
ragin',56.163128182984565,-3.2660234455017063,1665138073,5205,1964,58,Female,N,1128,Lochgelly,Fife,KY5,Fife
ragin',56.48280099556991,-3.0226779351043005,1665138293,5206,1992,30,Male,N,239,"Charleston, Dundee",Dundee,"Dundee Central","Tayside and Angus (Dundee)"
ragin',55.93975498963681,-3.242493081214535,1665138329,5207,1991,31,Male,Y,265,"South Gyle, Edinburgh",Edinburgh,"Edinburgh Central","Lothian (Edinburgh)"
ragin',57.15912471781434,-2.188746407248713,1665138475,5204,2006,16,Male,School,102,"Old Aberdeen, Aberdeen",Aberdeen,"Aberdeen Central","North East (Aberdeen)"
ragin',56.01958144569521,-3.7538089986127074,1665138926,5210,1962,60,Female,N,439,Grangemouth,Falkirk,FK3,"Stirling and Falkirk"
ragin',55.83777543797677,-4.165015697129,1665138950,5211,1951,71,Female,Y,627,"Dennistoun, Glasgow",Glasgow,"Glasgow Northeast",Glasgow
ragin',55.8095303996853,-4.3076781250340925,1665139581,5214,1984,38,Female,Y,645,Clarkston,"East Renfrewshire","Glasgow South",Glasgow
ragin',57.5632586238584,-3.7219606805448806,1665139843,170,2000,22,Male,Y,740,Forres,Moray,IV36,"North East (Aberdeen)"
ragin',56.29585174913846,-3.9306260197181,1665140973,5219,1989,33,Female,Y,405,Dunblane,Stirlingshire,FK15,"Stirling and Falkirk"
ragin',56.923000054165776,-2.2363703331248233,1665141471,5220,1986,36,Male,Y,48,Stonehaven,Aberdeenshire,AB39,"North East (Aberdeen)"
ragin',55.890300026389696,-4.363975482576829,1665141495,5221,1970,52,Female,N,642,"Yoker, Glasgow",Glasgow,"Glasgow Northwest",Glasgow
ragin',57.737221146724266,-4.143022915075472,1665141881,5222,1999,23,Female,Y,708,Invergordon,Highland,IV18,"Highlands (Inverness)"
ragin',55.733325717172704,-4.031946900380582,1665141922,5225,1971,51,Male,Y,1183,Hamilton,"South Lanarkshire",ML3,Glasgow
ragin',55.942524419139914,-3.0910913111285225,1665142539,5230,1970,52,Male,N,281,"Portobello, Edinburgh",Edinburgh,"Edinburgh Duddingston","Lothian (Edinburgh)"
ragin',56.0275017190044,-3.856990643225284,1665142580,5229,1975,47,Female,Y,449,Larbert,Falkirk,FK5,"Stirling and Falkirk"
ragin',55.617994466934945,-4.187305718170603,1665143157,5236,1984,38,Male,Y,1160,Strathaven,"North Lanarkshire",ML10,Glasgow
ragin',55.655129724106054,-4.104998415725983,1665143507,5236,1984,38,Male,Y,1160,Strathaven,"North Lanarkshire",ML10,Glasgow
ragin',56.01311139063076,-4.829672984044345,1665144136,5239,2000,22,Male,Y,566,Helensburgh,"Argyll and Bute",G84,"Argyll and Bute"
ragin',55.766093524124344,-4.6858944580169934,1665144624,5242,1954,68,Female,Y,817,Kilbirnie,"North Ayrshire",KA25,Ayrshire
ragin',56.501426642600826,-3.0968662935482025,1665144869,5245,1999,23,Other,Y,147,Lundie,Angus,DD2,"Tayside and Angus (Dundee)"
ragin',55.96238896057909,-3.129993548979671,1665144962,5246,1982,40,Male,Y,280,"Duddingston, Edinburgh",Edinburgh,"Edinburgh Duddingston","Lothian (Edinburgh)"
ragin',55.97251477152452,-3.1829239667895393,1665145339,5248,1992,30,Female,Y,285,"Leith, Edinburgh",Edinburgh,"Edinburgh Leith","Lothian (Edinburgh)"
ragin',55.57344246152163,-2.4136785121945357,1665146310,5252,1979,43,Male,Y,1451,Kelso,"Scottish Borders",TD5,Borders
ragin',55.91989030934969,-3.298073441772008,1665146420,5253,1966,56,Female,Y,264,"Slateford, Edinburgh",Edinburgh,"Edinburgh Central","Lothian (Edinburgh)"
ragin',56.36744753676934,-3.38864686245059,1665146666,5254,1989,33,Male,Y,1341,Errol,"Perth and Kinross",PH2,Fife
ragin',55.95352151791951,-3.1648702002588553,1665146669,5255,1995,27,Female,N,264,"Slateford, Edinburgh",Edinburgh,"Edinburgh Central","Lothian (Edinburgh)"
ragin',55.91873213186382,-4.584917391792972,1665148177,5262,1994,28,Female,Y,1229,"Port Glasgow",Inverclyde,PA14,Glasgow
ragin',55.4323593087348,-4.655350971249457,1665148271,5263,1968,54,Female,Y,856,"Ayr (Centre)","South Ayrshire",KA7,Ayrshire
ragin',55.92614437288782,-3.2637609780683094,1665149638,5264,1964,58,Female,N,310,"Balerno, Edinburgh",Edinburgh,"Edinburgh South","Lothian (Edinburgh)"
ragin',55.83060960619126,-4.371536913101717,1665150136,4909,1993,29,Female,Y,678,"Cardonald, Glasgow",Glasgow,"Glasgow Southwest",Glasgow
ragin',55.85670894470989,-3.407451019913604,1665150319,5266,1983,39,Female,Y,317,"Marchmont, Edinburgh",Edinburgh,"Edinburgh South","Lothian (Edinburgh)"
ragin',56.23583969439853,-3.1923482304424238,1665151521,5268,1994,28,Male,Y,1129,"Glenrothes (west: Caskieberran, Rimbleton, Macedonia, Tanshall)",Fife,KY6,Fife
ragin',55.94869701738059,-4.799859444614715,1665152505,5269,1953,69,Female,N,1235,Gourock,Inverclyde,PA19,Glasgow
ragin',56.199838954552014,-4.954329757620008,1665152864,5270,1989,33,Female,Y,1242,Lochgoilhead,"Argyll and Bute",PA24,"Argyll and Bute"
ragin',55.875908731140214,-4.6599517194212705,1665153700,5274,1989,33,Male,Y,1227,Kilmacolm,Inverclyde,PA13,Glasgow
ragin',57.7347395895413,-4.097650023715358,1665154085,5222,1999,23,Female,Y,708,Invergordon,Highland,IV18,"Highlands (Inverness)"
ragin',55.862631801427916,-4.105292982470988,1665154679,5276,1950,72,Female,N,634,"Maryhill, Glasgow",Glasgow,"Glasgow Northeast",Glasgow
ragin',57.32126981513731,-4.175378286356822,1665155122,5278,1984,38,Male,Y,714,"Inverness (east: Culcabock, Crown, Culduthel, Drummond, Haugh, Hilton, Holm, Lochardil, Millburn, Raigmore)",Highland,IV2,"Highlands (Inverness)"
ragin',56.21543744437578,-3.099822797481611,1665155470,5279,1995,27,Female,Y,1133,"Glenrothes (centre and east: Pitteuchar, Finglassie, Stenton, Auchmuty, Pitcoudie, Balfarg, Pircairn, Collydean)",Fife,KY7,Fife
ragin',57.44055274255206,-4.892436972350993,1665155845,5281,1987,35,Female,Y,741,Beauly,Highland,IV4,"Highlands (Inverness)"
ragin',55.95483194958431,-4.000667364522335,1665155883,5283,2001,21,Female,Y,517,"Cumbernauld (north: Balloch, Eastfield, Carrickstone, Smithstone, Blackwood, Westfield)","North Lanarkshire",G68,Glasgow
ragin',55.80384776080448,-4.682322016836155,1665155971,5285,2008,14,Male,School,1226,Lochwinnoch,Renfrewshire,PA12,Glasgow
ragin',57.24263375861196,-7.262735832064965,1665155979,5277,1989,33,Female,Y,695,"Isle of South Uist","Western Isles",HS8,"Western Isles"
ragin',55.86134933109149,-3.6465138391789114,1665156062,5287,2000,22,Female,Y,365,Stoneyburn,"West Lothian",EH47,"Lothian (Edinburgh)"
ragin',55.91376654530195,-4.391389271921304,1665156518,5290,1966,56,Female,Y,546,Clydebank,"West Dunbartonshire",G81,Glasgow
ragin',56.597881846580776,-2.5810948954636,1665156690,5288,1990,32,Female,Y,141,Arbroath,Angus,DD11,"Tayside and Angus (Dundee)"
ragin',55.80526391514366,-4.062467451530849,1665156710,5292,1991,31,Male,Y,523,Bothwell,"South Lanarkshire",G71,Glasgow
ragin',55.81865800550234,-4.762242817989756,1665156741,5293,1993,29,Female,Y,842,Largs,"North Ayrshire",KA30,Ayrshire
ragin',57.16227671838338,-2.1739260978073682,1665156792,5294,1958,64,Female,Y,105,"Seaton, Aberdeen",Aberdeen,"Aberdeen Central","North East (Aberdeen)"
ragin',55.87327900682771,-3.706320947446139,1665157554,5295,2006,16,Other,School,368,Bathgate,"West Lothian",EH48,"Lothian (Edinburgh)"
ragin',55.907040641941215,-4.294525719746094,1665157606,5297,1998,24,Female,Y,480,"Summerston, Glasgow",Glasgow,G23,Glasgow
ragin',55.95482679912771,-3.130926458304358,1665157757,5298,1960,62,Female,Y,285,"Leith, Edinburgh",Edinburgh,"Edinburgh Leith","Lothian (Edinburgh)"
ragin',55.93626095354249,-3.936268925795664,1665157808,5299,1967,55,Male,N,514,"Cumbernauld (south: Condorrat, Lenziemill, Carbrain, Kildrum, Cumbernauld Village, Abronhill, Seafar)","North Lanarkshire",G67,Glasgow
ragin',56.48166657988569,-2.920566135988013,1665160707,5307,1972,50,Male,Y,255,"Fintry, Dundee",Dundee,"Dundee North","Tayside and Angus (Dundee)"
ragin',55.478153271239194,-4.148494269895393,1665162652,5315,1960,62,Female,Y,798,Cumnock,"East Ayrshire",KA18,Ayrshire
ragin',57.51633213623696,-1.9360495587314288,1665162818,5317,1988,34,Female,Y,54,Peterhead,Aberdeenshire,AB42,"North East (Aberdeen)"
ragin',55.95960122501249,-4.433128025305509,1665163965,5318,2003,19,Male,Y,546,Clydebank,"West Dunbartonshire",G81,Glasgow
ragin',55.76044570992158,-4.2763855441457705,1665164400,5320,1972,50,Female,Y,530,"East Kilbride (north: The Village, East Mains, West Mains, Lymekilns, St Leonards, Calderwood, Nerston, Stewartfield, Peel Park)","South Lanarkshire",G74,Glasgow
ragin',57.172526569527086,-2.499186075341726,1665166422,5325,1998,24,Male,Y,64,Inverurie,Aberdeenshire,AB51,"North East (Aberdeen)"
ragin',55.9088897730096,-3.2896462089853316,1665166436,5324,1975,47,Female,Y,270,"Meadows and Southside, Edinburgh",Edinburgh,"Edinburgh Central","Lothian (Edinburgh)"
ragin',55.72236943719342,-4.849367541007517,1665167129,5328,1964,58,Female,Y,814,"West Kilbride","North Ayrshire",KA23,Ayrshire
ragin',55.84303203616383,-4.404025389141163,1665167162,5327,1998,24,Male,Y,1220,"Paisley (central, east and north east: Ferguslie, Oldhall, Seedhill, Williamsburgh, Whitehaugh)",Renfrewshire,PA1,Glasgow
ragin',56.25936274513329,-3.09934269951769,1665169615,5332,1983,39,Male,Y,1105,Cupar,Fife,KY15,Fife
ragin',57.41029764249941,-4.330102678010422,1665169690,5333,1989,33,Female,Y,736,"Inverness (west: Ballifeary, Balnafettack, Clachnaharry, Dalneigh, Kinmylies, Leachkin, Merkinch, Muirtown, South Kessock)",Highland,IV3,"Highlands (Inverness)"
ragin',55.89982155128166,-4.8506548467084025,1665169856,5334,1989,33,Male,Y,1231,"Greenock (west: Bow Farm, Braeside, Branchton, Fort Matilda, Gateside, Greenock West, Overton, Pennyfern, Smithston)",Inverclyde,PA16,Glasgow
ragin',56.46379920293004,-2.941199300052232,1665169880,5337,1986,36,Female,N,256,"Whitfield, Dundee",Dundee,"Dundee North","Tayside and Angus (Dundee)"
ragin',55.86767713264974,-4.288743185800048,1665169946,5336,1989,33,Male,Y,597,"Yorkhill, Glasgow",Glasgow,"Glasgow Kelvin",Glasgow
ragin',56.10720744584639,-4.68762234834534,1665170558,5341,1983,39,Female,N,558,Balloch,"West Dunbartonshire",G83,"Argyll and Bute"
ragin',56.48976964331762,-2.8095728942118536,1665170878,5344,1993,29,Female,Y,246,"West Ferry, Dundee",Dundee,"Dundee East","Tayside and Angus (Dundee)"
ragin',56.009378030600395,-4.092866378885468,1665171222,5329,1980,42,Female,Y,506,Kilsyth,"North Lanarkshire",G65,Glasgow
ragin',58.1622076195158,-6.488766097929137,1665171580,5347,1987,35,Female,Y,688,"Isle of Lewis","Western Isles (outside of Stornoway)",HS2,"Western Isles"
ragin',55.909283531493976,-3.6614595505050054,1665173566,5351,1993,29,Male,Y,368,Bathgate,"West Lothian",EH48,"Lothian (Edinburgh)"
ragin',55.84051662920223,-5.091426997337717,1665174015,5354,1982,40,Female,Y,1237,"Isle of Bute","Argyll and Bute",PA20,"Argyll and Bute"
ragin',56.48233515825938,-2.914768706355934,1665174677,5355,1992,30,Male,N,252,"Linlathen and Midcraigie, Dundee",Dundee,"Dundee North","Tayside and Angus (Dundee)"
ragin',56.40177736347178,-5.219087447453892,1665175269,5358,1991,31,Female,Y,1257,Oban,"Argyll and Bute",PA34,"Argyll and Bute"
ragin',56.45628985478671,-3.0190363382818406,1665176626,5362,1981,41,Female,Y,261,"Westend, Dundee",Dundee,"Dundee West","Tayside and Angus (Dundee)"
ragin',55.9639325122392,-3.1309710761441027,1665177293,5364,1980,42,Female,Y,281,"Portobello, Edinburgh",Edinburgh,"Edinburgh Duddingston","Lothian (Edinburgh)"
ragin',55.91915794186609,-3.2927444431525936,1665178188,5367,1987,35,Male,N,262,"Wester Hailes, Edinburgh",Edinburgh,"Edinburgh Central","Lothian (Edinburgh)"
ragin',55.95857222577157,-4.570908270790459,1665178230,5366,1975,47,Male,Y,549,Dumbarton,"West Dunbartonshire",G82,Glasgow
ragin',56.03823740310668,-3.830155956676114,1665178324,5368,1969,53,Male,Y,450,Stenhousemuir,Falkirk,FK5,"Stirling and Falkirk"
ragin',55.78828566613305,-4.278680757964004,1665179077,5373,1979,43,Female,Y,648,"Shawlands, Glasgow",Glasgow,"Glasgow South",Glasgow
ragin',55.83665374252671,-4.304258726463107,1665179114,5374,1977,45,Female,Y,647,"Pollokshields, Glasgow",Glasgow,"Glasgow South",Glasgow
ragin',55.959001982525606,-4.306185490592875,1665179146,5372,1976,46,Male,Y,489,Milngavie,"East Dunbartonshire",G62,Glasgow
ragin',56.17719562756773,-3.5334342783483703,1665180294,5376,1996,26,Male,Y,1100,Scotlandwell,"Perth and Kinross",KY13,Fife
ragin',55.30965195141699,-4.28128682539745,1665180904,5377,1979,43,Female,Y,798,Cumnock,"East Ayrshire",KA18,Ayrshire
ragin',55.940375984277736,-3.276392329420551,1665181319,5378,1984,38,Male,N,287,"Corstorphine, Edinburgh",Edinburgh,"Edinburgh North","Lothian (Edinburgh)"
ragin',55.816522999220986,-4.016120568028174,1665181369,5379,1979,43,Female,Y,1186,Bellshill,"North Lanarkshire",ML4,Glasgow
ragin',55.857802895948325,-4.361327859031164,1665183028,5384,1991,31,Female,N,665,"Pollockshaws, Glasgow",Glasgow,"Glasgow Southwest",Glasgow
ragin',55.857810779262195,-3.0749806312865244,1665183219,5386,1967,55,Female,Y,328,Bonnyrigg,Midlothian,EH19,"Lothian (Edinburgh)"
ragin',55.90083803897551,-3.3151868390106647,1665183264,5387,1994,28,Other,Y,309,"Cameron Toll, Edinburgh",Edinburgh,"Edinburgh South","Lothian (Edinburgh)"
ragin',55.88520287944252,-3.3255282747564636,1665185645,1044,1990,32,Male,Y,309,"Cameron Toll, Edinburgh",Edinburgh,"Edinburgh South","Lothian (Edinburgh)"
ragin',55.910439700571075,-4.176342197732466,1665189171,5392,1961,61,Female,Y,634,"Maryhill, Glasgow",Glasgow,"Glasgow Northeast",Glasgow
ragin',55.7372992160893,-4.169289574854921,1665208263,5396,1992,30,Female,Y,534,"East Kilbride (south: Hairmyres, Westwood, The Murray, Murray East, Whitehills, Greenhill, Newlandsmuir, Gardenhall, Crosshouse, Newlands, Lindsayfield, Mossneuk)","South Lanarkshire",G75,Glasgow
ragin',58.40603292821345,-6.462941108163637,1665208789,5398,1998,24,Female,Y,688,"Isle of Lewis","Western Isles (outside of Stornoway)",HS2,"Western Isles"
ragin',54.93083003413119,-4.7740770845745875,1665212366,5400,1977,45,Male,N,225,"Newton Stewart","Dumfries and Galloway",DG8,"Dumfries and Galloway"
ragin',58.93252356557786,-3.3041083326834837,1665214274,5401,1992,30,Female,Y,982,Stromness,Orkney,KW16,"Orkney Islands"
ragin',55.59921174840968,-4.606034886986204,1665214469,5402,1994,28,Female,Y,785,"Irvine (east, south: Perceton, Lawthorn, Girdle Toll, Stanecastle, Bourtreehill, Broomlands, Dreghorn, Springside)","North Ayrshire",KA11,Ayrshire
ragin',55.32287244433862,-4.490350694137879,1665215856,5405,1982,40,Male,Y,806,Maybole,"South Ayrshire",KA19,Ayrshire
ragin',55.86662385669517,-3.1049408409351593,1665217287,5407,1992,30,Female,Y,328,Bonnyrigg,Midlothian,EH19,"Lothian (Edinburgh)"
ragin',55.73317246044686,-4.066000536994755,1665217672,5409,1972,50,Female,Y,1183,Hamilton,"South Lanarkshire",ML3,Glasgow
ragin',55.21528617021759,-2.8669024235895177,1665217821,5410,1970,52,Male,Y,1492,Denholm,"Scottish Borders",TD9,Borders
ragin',55.60395244317771,-4.4240923772450005,1665218117,5411,1960,62,Male,N,779,"Kilmarnock (centre and south: Bonnyton, Grange, Bellfield, Shortlees, Caprington, Riccarton, Hurlford)","East Ayrshire",KA1,Ayrshire
ragin',56.40485416482677,-3.606802667909072,1665219269,5412,1966,56,Female,N,1313,"Perth (north and west: Burghmuir, Cherrybank, Hillyland, Inveralmond, Lethom, Muirton, North Muirton, Tulloch)","Perth and Kinross",PH1,Fife
ragin',55.40764611913763,-4.363263328966887,1665219918,5413,1988,34,Female,Y,798,Cumnock,"East Ayrshire",KA18,Ayrshire
ragin',55.43884637001611,-4.412576685483653,1665220040,5413,1988,34,Female,Y,798,Cumnock,"East Ayrshire",KA18,Ayrshire
ragin',55.9000412269003,-4.345828824991329,1665221344,5418,1991,31,Male,Y,638,"Drumchapel, Glasgow",Glasgow,"Glasgow Northwest",Glasgow
ragin',55.88307965238218,-4.79751045026926,1665222414,5419,1963,59,Male,N,1231,"Greenock (west: Bow Farm, Braeside, Branchton, Fort Matilda, Gateside, Greenock West, Overton, Pennyfern, Smithston)",Inverclyde,PA16,Glasgow
ragin',55.88475363940174,-3.242162564663894,1665225220,5424,1968,54,Other,N,311,"Currie, Edinburgh",Edinburgh,"Edinburgh South","Lothian (Edinburgh)"
ragin',56.0221453474618,-3.454283290583616,1665225360,5425,1997,25,Female,Y,1090,"Dunfermline (south and east: Halbeath, Touch, Duloch, Masterton, Pitcorthie, Abbeyview, Brucefield, Hospital Hill, Camdean, Pitreavie)",Fife,KY11,Fife
ragin',55.822104535069215,-4.2616698795430965,1665227867,5426,1957,65,Male,Y,657,"Thornliebank, Glasgow",Glasgow,"Glasgow South",Glasgow
ragin',55.835953675600926,-4.051083815432775,1665228955,5427,1996,26,Female,Y,1189,Coatbridge,"North Lanarkshire",ML5,Glasgow
ragin',57.65198902788667,-6.284030496458615,1665231221,5430,2005,17,Male,Y,763,Portree,Highland,IV51,"Highlands (Inverness)"
ragin',55.2581031492268,-3.7069475263710756,1665231775,5431,2001,21,Female,Y,210,Thornhill,"Dumfries and Galloway",DG3,"Dumfries and Galloway"
ragin',55.89081261966122,-4.32243713517129,1665233763,5436,1971,51,Female,Y,597,"Yorkhill, Glasgow",Glasgow,"Glasgow Kelvin",Glasgow
ragin',55.95456110137409,-3.9843916129777703,1665235220,5441,1994,28,Female,Y,514,"Cumbernauld (south: Condorrat, Lenziemill, Carbrain, Kildrum, Cumbernauld Village, Abronhill, Seafar)","North Lanarkshire",G67,Glasgow
ragin',55.88501906589274,-3.335048665395454,1665240829,5447,1984,38,Male,Y,314,"Morningside, Edinburgh",Edinburgh,"Edinburgh South","Lothian (Edinburgh)"
ragin',55.55470024212277,-4.590833460484864,1665241415,5448,1999,23,Male,Y,810,Knockentiber,"East Ayrshire",KA2,Ayrshire
ragin',55.55455604318435,-4.35922525160732,1665241605,5449,1988,34,Male,Y,843,Galston,"East Ayrshire",KA4,Ayrshire
ragin',55.879955196317646,-3.6700087263857744,1665241894,5450,1972,50,Male,N,368,Bathgate,"West Lothian",EH48,"Lothian (Edinburgh)"
ragin',55.87281644457334,-4.333952036090676,1665245864,5455,1995,27,Female,Y,644,"Partick, Glasgow",Glasgow,"Glasgow Northwest",Glasgow
ragin',57.698936794671305,-2.0791801751697485,1665249764,5458,1992,30,Male,Y,57,Fraserburgh,Aberdeenshire,AB43,"North East (Aberdeen)"
ragin',55.72048447361897,-4.161657991951274,1665251981,5461,1983,39,Female,N,534,"East Kilbride (south: Hairmyres, Westwood, The Murray, Murray East, Whitehills, Greenhill, Newlandsmuir, Gardenhall, Crosshouse, Newlands, Lindsayfield, Mossneuk)","South Lanarkshire",G75,Glasgow
ragin',55.80515525947141,-4.318566183070194,1665252045,5463,2003,19,Female,Y,656,"Croftfoot, Glasgow",Glasgow,"Glasgow South",Glasgow
ragin',55.83824314635139,-4.112664059077058,1665254693,5466,1999,23,Female,Y,624,"Springboig, Glasgow",Glasgow,"Glasgow Northeast",Glasgow
ragin',56.19210356935561,-3.143531607372915,1665255008,5467,1988,34,Female,N,1133,"Glenrothes (centre and east: Pitteuchar, Finglassie, Stenton, Auchmuty, Pitcoudie, Balfarg, Pircairn, Collydean)",Fife,KY7,Fife
ragin',57.24936589950089,-2.112294685911169,1665255314,5468,1962,60,Female,N,111,"Bucksburn, Aberdeen",Aberdeen,"Aberdeen North","North East (Aberdeen)"
ragin',56.27406857600702,-3.525393239812952,1665257990,5471,2000,22,Female,Y,1354,"Perth (south and east: Barnhill, Bridgend, Craigie, Kincarrathie, Upper Craigie)","Perth and Kinross",PH2,Fife
ragin',55.82451446276875,-4.290239131469458,1665258574,5473,1990,32,Male,Y,645,Clarkston,"East Renfrewshire","Glasgow South",Glasgow
ragin',55.96133780186388,-4.459616142731616,1665264402,5485,1994,28,Male,Y,546,Clydebank,"West Dunbartonshire",G81,Glasgow
ragin',55.90751999364654,-2.975425298807901,1665265752,5486,1972,50,Male,N,334,Dalkeith,Midlothian,EH22,"Lothian (Edinburgh)"
ragin',56.11892929254007,-3.378179717167429,1665267035,5487,2001,21,Male,N,1096,"Dunfermline (centre, north, west: Abbey Parks, Lady's Mill, Garvock, Headwell, Kingseathill, Wellwood, Milesmark, Baldridge, Pittencrieff, Baldridgeburn)",Fife,KY12,Fife
ragin',55.920116233505105,-4.8752354098092745,1665268903,5488,1986,36,Male,N,1231,"Greenock (west: Bow Farm, Braeside, Branchton, Fort Matilda, Gateside, Greenock West, Overton, Pennyfern, Smithston)",Inverclyde,PA16,Glasgow
ragin',55.839428796112095,-4.026572101837848,1665270490,5489,1982,40,Male,Y,1189,Coatbridge,"North Lanarkshire",ML5,Glasgow
ragin',55.818126148548764,-4.520723445282337,1665298530,5495,1997,25,Female,Y,1275,Elderslie,Renfrewshire,PA5,Glasgow
ragin',55.85199884081498,-4.142014158546771,1665298687,5496,1957,65,Female,N,632,"Springburn, Glasgow",Glasgow,"Glasgow Northeast",Glasgow
ragin',55.97907008402321,-3.18038223897693,1665299600,5497,1966,56,Female,N,285,"Leith, Edinburgh",Edinburgh,"Edinburgh Leith","Lothian (Edinburgh)"
ragin',57.62268860956885,-3.1546287295194197,1665301656,5499,1978,44,Female,Y,739,Fochabers,Moray,IV32,"North East (Aberdeen)"
ragin',57.880989937212426,-4.12865975477598,1665303554,5501,1975,47,Female,Y,726,Dornoch,Highland,IV25,"Highlands (Inverness)"
ragin',56.18714854871115,-3.5383711327029803,1665303825,5504,1995,27,Female,Y,1098,Kinross,"Perth and Kinross",KY13,Fife
ragin',55.920278335930895,-4.368110136928069,1665306186,5506,1982,40,Female,Y,643,"Anniesland, Glasgow",Glasgow,"Glasgow Northwest",Glasgow
ragin',55.97334314125023,-3.747586925001759,1665306433,5507,1975,47,Female,Y,425,Polmont, Falkirk,FK2,"Stirling and Falkirk"
ragin',57.11323145590032,-2.29417061333586,1665306734,5508,1995,27,Female,Y,128,"Mannofield, Aberdeen",Aberdeen,"Aberdeen Southwest","North East (Aberdeen)"
ragin',55.849504155123086,-4.058632985399298,1665307071,5509,1996,26,Female,Y,1189,Coatbridge,"North Lanarkshire",ML5,Glasgow
ragin',55.82443627471693,-4.158012282805393,1665307403,5512,1995,27,Male,Y,529,Cambuslang,"South Lanarkshire",G72,Glasgow
ragin',55.92832000616759,-3.0906057320872082,1665308741,554,1948,74,Female,Y,330,Musselburgh,"East Lothian",EH21,"Lothian (Edinburgh)"
ragin',57.140305102768394,-2.192550216460335,1665308758,5517,1986,36,Female,Y,124,Newmachar,Aberdeenshire,"Aberdeen North","North East (Aberdeen)"
ragin',55.924681618000456,-2.5403661356177563,1665308836,5516,1999,23,Female,Y,359,Dunbar,"East Lothian",EH42,"Lothian (Edinburgh)"
ragin',55.940639958203086,-4.869281910278924,1665313761,5521,1961,61,Female,Y,1235,Gourock,Inverclyde,PA19,Glasgow
ragin',55.75000947616704,-4.088020719139963,1665315167,5522,1981,41,Female,Y,1183,Hamilton,"South Lanarkshire",ML3,Glasgow
ragin',55.29602391655279,-4.625400657589199,1665315797,5523,1979,43,Male,N,804,Crosshill,"South Ayrshire",KA19,Ayrshire
ragin',56.47752111859048,-3.2673009238266153,1665316083,5524,1995,27,Other,Y,1324,"Coupar Angus","Perth and Kinross",PH13,Fife
ragin',56.57096741140158,-3.292916462511773,1665316516,5525,1995,27,Other,Y,1324,"Coupar Angus","Perth and Kinross",PH13,Fife
ragin',55.59735411304712,-4.678379872352869,1665318607,5530,1994,28,Male,N,787,"Irvine (centre: Castlepark, Tarryholme)","North Ayrshire",KA12,Ayrshire
ragin',55.77202415709482,-4.149407617844433,1665320764,5532,1995,27,Male,Y,530,"East Kilbride (north: The Village, East Mains, West Mains, Lymekilns, St Leonards, Calderwood, Nerston, Stewartfield, Peel Park)","South Lanarkshire",G74,Glasgow
ragin',56.47901603605986,-3.0393889521426485,1665320765,5533,1994,28,Female,Y,244,"Stobswell, Dundee",Dundee,"Dundee Central","Tayside and Angus (Dundee)"
ragin',55.85328196022366,-3.3580581240103156,1665320803,5534,1978,44,Female,Y,310,"Balerno, Edinburgh",Edinburgh,"Edinburgh South","Lothian (Edinburgh)"
ragin',56.16792480967135,-3.17666304475887,1665321829,5535,1998,24,Male,Y,1079,"Kirkcaldy (east: Linktown, Port Brae, Pathhead, Sinclairtown, Smeaton, Gallatown)",Fife,KY1,Fife
ragin',57.729397485831356,-4.315971989311334,1665324202,5537,1981,41,Male,Y,707,Alness,Highland,IV17,"Highlands (Inverness)"
ragin',55.911641186612755,-2.5861077182763994,1665328670,5542,1949,73,Male,Y,359,Dunbar,"East Lothian",EH42,"Lothian (Edinburgh)"
ragin',55.84600845764203,-4.313160098388779,1665329584,5544,1966,56,Female,Y,653,"Netherlee, Glasgow",Glasgow,"Glasgow South",Glasgow
ragin',55.931844600975914,-4.340533209644591,1665329627,5545,1996,26,Female,Y,488,Bearsden,"East Dunbartonshire",G61,Glasgow
ragin',56.1311539197099,-3.422083092478407,1665339307,5550,1977,45,Female,Y,1121,Cowdenbeath,Fife,KY4,Fife
ragin',56.094263150463235,-3.7743810146079,1665339431,5551,2003,19,Female,Y,386,Clackmannan,Clackmannanshire,FK10,"Stirling and Falkirk"
ragin',55.82023216682218,-4.210165269247342,1665340711,5552,1975,47,Male,Y,658,"Giffnock, Glasgow",Glasgow,"Glasgow South",Glasgow
ragin',55.932256728970934,-4.739064319049817,1665343281,5556,1992,30,Male,N,1230,"Greenock (central and east: Bogston, Bridgend, Cartsdyke, Gibshill, Greenock Central, Ladyburn, Upper Ingleston)",Inverclyde,PA15,Glasgow
ragin',56.811965045620745,-5.147700753629431,1665343641,5554,1995,27,Male,Y,1377,"Fort William",Highland,PH33,"Highlands (Inverness)"
ragin',57.627274329639654,-3.2563348748408423,1665344184,5560,1977,45,Female,Y,737,Elgin,Moray,IV30,"North East (Aberdeen)"
ragin',55.86468408443915,-2.723540902958336,1665345896,625,1955,67,Female,Y,357,Haddington,"East Lothian",EH41,"Lothian (Edinburgh)"
ragin',56.48840760272008,-2.9950218728545117,1665348357,5566,1979,43,Male,Y,234,"Baxter Park, Dundee",Dundee,"Dundee Bluebelt","Tayside and Angus (Dundee)"
ragin',57.5786036865296,-2.1967528246421795,1665352753,5569,1953,69,Male,N,57,Fraserburgh,Aberdeenshire,AB43,"North East (Aberdeen)"
ragin',56.97732884327251,-5.062007943117534,1665353796,5121,2002,20,Female,Y,1379,"Spean Bridge",Highland,PH34,"Highlands (Inverness)"
ragin',56.47307897088154,-2.902260061861757,1665386488,5579,1977,45,Female,Y,247,"Broughty Ferry, Dundee",Dundee,"Dundee East","Tayside and Angus (Dundee)"
ragin',57.702556511045195,-3.300953712556463,1665389663,5581,1996,26,Female,Y,738,Lossiemouth,Moray,IV31,"North East (Aberdeen)"
ragin',55.54028329738365,-4.602371944885255,1665390998,5582,1973,49,Female,Y,784,Troon,"South Ayrshire",KA10,Ayrshire
ragin',55.911920222962166,-3.0409466772689147,1665391437,5583,1981,41,Female,N,334,Dalkeith,Midlothian,EH22,"Lothian (Edinburgh)"
ragin',57.620097836408625,-3.0820242830517057,1665391710,5585,1994,28,Male,Y,739,Fochabers,Moray,IV32,"North East (Aberdeen)"
ragin',55.92187155581939,-3.0976128911253276,1665391981,5588,1960,62,Male,N,334,Dalkeith,Midlothian,EH22,"Lothian (Edinburgh)"
ragin',57.48940618878806,-1.894107953691984,1665392021,5589,1998,24,Female,Y,54,Peterhead,Aberdeenshire,AB42,"North East (Aberdeen)"
ragin',55.88793209746131,-3.022768253902219,1665392114,5590,1985,37,Female,N,334,Dalkeith,Midlothian,EH22,"Lothian (Edinburgh)"
ragin',55.96094426198245,-4.628378935329691,1665392171,5586,1980,42,Female,Y,549,Dumbarton,"West Dunbartonshire",G82,Glasgow
ragin',55.84973596348788,-4.133267341223909,1665392288,5591,1966,56,Female,Y,605,"Ruchazie, Glasgow",Glasgow,"Glasgow Northeast",Glasgow
ragin',55.82258668527836,-4.2453552570249,1665393096,5594,1968,54,Male,Y,657,"Thornliebank, Glasgow",Glasgow,"Glasgow South",Glasgow
ragin',55.8357152402455,-4.221161932142902,1665393792,5595,1994,28,Female,Y,627,"Dennistoun, Glasgow",Glasgow,"Glasgow Northeast",Glasgow
ragin',55.90804120302975,-4.244270699994131,1665404403,5598,1990,32,Male,Y,502,Bishopbriggs,"East Dunbartonshire",G64,Glasgow
ragin',54.94475611039387,-4.714606398767568,1665405281,5599,1987,35,Female,Y,225,"Newton Stewart","Dumfries and Galloway",DG8,"Dumfries and Galloway"
ragin',55.76992801656302,-3.8853893305479876,1665409380,5600,1974,48,Female,Y,1180,Wishaw,"North Lanarkshire",ML2,Glasgow
ragin',55.87065455593931,-4.116501849914255,1665410203,5601,1987,35,Female,N,612,"Easterhouse, Glasgow",Glasgow,"Glasgow Northeast",Glasgow
ragin',57.14405527082588,-2.28888238570938,1665414108,5604,1994,28,Female,Y,28,Westhill,Aberdeenshire,AB32,"North East (Aberdeen)"
ragin',55.820274472311105,-4.350487004915571,1665414472,5606,1978,44,Male,Y,681,"Nitshill, Glasgow",Glasgow,"Glasgow Southwest",Glasgow
ragin',57.45079655857429,-4.309064231521921,1665414703,5605,1992,30,Male,Y,736,"Inverness (west: Ballifeary, Balnafettack, Clachnaharry, Dalneigh, Kinmylies, Leachkin, Merkinch, Muirtown, South Kessock)",Highland,IV3,"Highlands (Inverness)"
ragin',55.930862306596936,-3.436886781277911,1665418875,5608,1987,35,Male,Y,371,Broxburn,"West Lothian",EH52,"Lothian (Edinburgh)"
ragin',57.5870741501148,-4.431520267854429,1665427631,5614,1988,34,Male,Y,705,Dingwall,Highland,IV15,"Highlands (Inverness)"
ragin',55.89108985077498,-4.643685972638485,1665431333,5612,1989,33,Male,N,1227,Kilmacolm,Inverclyde,PA13,Glasgow
ragin',55.810865967801234,-4.205616529681637,1665434009,5619,1989,33,Female,Y,571,"Castlemilk, Glasgow",Glasgow,"Glasgow Castlemilk",Glasgow
ragin',56.05066001135886,-5.10052534052611,1665434408,5621,1984,38,Female,N,1241,Dunoon,"Argyll and Bute",PA23,"Argyll and Bute"
ragin',56.015269273437674,-4.937256674285598,1665434569,5621,1984,38,Female,N,1241,Dunoon,"Argyll and Bute",PA23,"Argyll and Bute"
ragin',55.88252122066294,-4.155156219487789,1665435598,5623,1978,44,Female,N,619,"Tollcross, Glasgow",Glasgow,"Glasgow Northeast",Glasgow
ragin',56.90163280024756,-5.287513015547239,1665436421,5625,1962,60,Female,Y,1377,"Fort William",Highland,PH33,"Highlands (Inverness)"
ragin',55.76225574904679,-3.9717945060203164,1665450498,5632,1991,31,Female,Y,1217,Larkhall,"North Lanarkshire",ML9,Glasgow
ragin',56.130632342369715,-3.2052285162517573,1665461958,5633,1973,49,Female,Y,1117,"Kirkcaldy (west: Hayfield, Templehall, Newliston, Chapel, Dunnikier, Bennochy)",Fife,KY2,Fife
ragin',56.24112456437647,-2.9507415433298347,1665473706,5638,1975,47,Female,Y,1139,Kennoway,Fife,KY8,Fife
ragin',57.45287332792528,-2.249939591402626,1665475338,5641,1976,46,Female,Y,51,Tarves,Aberdeenshire,AB41,"North East (Aberdeen)"
ragin',56.172924521815915,-3.2931077349415725,1665475646,5643,1989,33,Female,Y,1126,Cardenden,Fife,KY5,Fife
ragin',56.0974936567247,-3.9085017508958955,1665476084,5644,1954,68,Male,N,457,Bannockburn,Stirlingshire,FK7,"Stirling and Falkirk"
ragin',58.927111186894656,-3.1326165415105436,1665478737,5645,1996,26,Female,Y,1025,"Orkney Islands",Orkney,KW17,"Orkney Islands"
ragin',55.93355441207725,-3.2324944770977138,1665478818,5646,1962,60,Male,Y,313,"Colinton, Edinburgh",Edinburgh,"Edinburgh South","Lothian (Edinburgh)"
ragin',56.18228584451552,-4.034357669632579,1665480714,5648,1980,42,Female,Y,405,Dunblane,Stirlingshire,FK15,"Stirling and Falkirk"
ragin',55.761832953639534,-4.145844396357192,1665481507,5650,1972,50,Male,Y,530,"East Kilbride (north: The Village, East Mains, West Mains, Lymekilns, St Leonards, Calderwood, Nerston, Stewartfield, Peel Park)","South Lanarkshire",G74,Glasgow
ragin',55.682043273073816,-4.089677970695674,1665487985,5653,1984,38,Female,N,1160,Strathaven,"North Lanarkshire",ML10,Glasgow
ragin',56.33610125040561,-3.001465697818427,1665488334,5654,1985,37,Female,Y,1106,Falkland,Fife,KY15,Fife
ragin',56.00048797513029,-3.9893421470479904,1665488537,5655,1994,28,Male,Y,506,Kilsyth,"North Lanarkshire",G65,Glasgow
ragin',55.74440870951588,-4.0332524004702,1665490197,5658,1980,42,Female,Y,1183,Hamilton,"South Lanarkshire",ML3,Glasgow
ragin',56.07377011173138,-4.853762323261028,1665490241,5659,1971,51,Female,Y,569,Rosneath,"Argyll and Bute",G84,"Argyll and Bute"
ragin',55.84993044180685,-4.056997419139605,1665495647,5660,2004,18,Female,Y,1189,Coatbridge,"North Lanarkshire",ML5,Glasgow
ragin',56.120913086165366,-3.3075694219423273,1665503317,5670,2005,17,Other,N,1126,Cardenden,Fife,KY5,Fife
ragin',55.85350473264567,-4.767695948424606,1665503732,5669,1965,57,Male,Y,842,Largs,"North Ayrshire",KA30,Ayrshire
ragin',57.62515547144309,-4.407766131720434,1665510285,5673,1994,28,Female,Y,705,Dingwall,Highland,IV15,"Highlands (Inverness)"
ragin',56.43915875688464,-2.873215032943792,1665511215,5674,1986,36,Female,Y,176,Tayport,Fife,DD6,"Tayside and Angus (Dundee)"
ragin',55.81505780508133,-4.270110971473727,1665517897,5676,1974,48,Female,N,648,"Shawlands, Glasgow",Glasgow,"Glasgow South",Glasgow
ragin',55.81651012850601,-4.120765531659538,1665525012,5677,1981,41,Female,Y,528,Blantyre,"South Lanarkshire",G72,Glasgow
ragin',56.22174460333513,-3.042743101297436,1665526178,5678,1982,40,Female,Y,1139,Kennoway,Fife,KY8,Fife
ragin',55.87039567480748,-3.0760096077750063,1665527612,5679,1993,29,Male,Y,328,Bonnyrigg,Midlothian,EH19,"Lothian (Edinburgh)"
ragin',55.61032368690994,-3.9715226198736495,1665573751,5684,1973,49,Female,Y,1168,Lesmahagow,"South Lanarkshire",ML11,Glasgow
ragin',55.88286961563122,-4.29522801013029,1665574983,5685,1991,31,Female,Y,592,"Dowanhill, Glasgow",Glasgow,"Glasgow Kelvin",Glasgow
ragin',55.77789257653831,-4.063845362067641,1665575515,5686,1980,42,Male,Y,1183,Hamilton,"South Lanarkshire",ML3,Glasgow
ragin',55.89583323021275,-4.753965612748122,1665576988,5687,1963,59,Female,Y,1231,"Greenock (west: Bow Farm, Braeside, Branchton, Fort Matilda, Gateside, Greenock West, Overton, Pennyfern, Smithston)",Inverclyde,PA16,Glasgow
ragin',58.20992387527687,-6.38324341841215,1665582283,5689,1991,31,Female,Y,686,"Stornoway, Isle of Lewis","Western Isles",HS1,"Western Isles"
ragin',55.5357593432864,-4.639874658859824,1665584273,5690,1990,32,Male,Y,784,Troon,"South Ayrshire",KA10,Ayrshire
ragin',55.9881820752807,-3.335734865031791,1665585771,5692,1979,43,Male,Y,306,"Queensferry, Edinburgh",Edinburgh,"Edinburgh Queensferry","Lothian (Edinburgh)"
ragin',57.5781541101406,-2.21504506469907,1665600387,5697,1963,59,Male,Y,57,Fraserburgh,Aberdeenshire,AB43,"North East (Aberdeen)"
ragin',55.7093724036105,-4.62370866430919,1665606099,5699,1976,46,Female,Y,791,Beith,"East Ayrshire",KA15,Ayrshire
ragin',56.054072163147424,-3.8586880488074655,1665608648,5700,1990,32,Female,Y,450,Stenhousemuir,Falkirk,FK5,"Stirling and Falkirk"
ragin',55.66898280913745,-3.7642438513663636,1665609383,5701,2002,20,Female,Y,1167,Lanark,"South Lanarkshire",ML11,Glasgow
ragin',55.24330223339525,-4.280648799243213,1665638500,5703,1977,45,Male,Y,220,"Castle Douglas","Dumfries and Galloway",DG7,"Dumfries and Galloway"
ragin',59.3577932587782,-2.447042283433785,1665648847,5706,1992,30,Male,N,1025,"Orkney Islands",Orkney,KW17,"Orkney Islands"
ragin',56.073481399467724,-3.344554319306762,1665659204,5709,1962,60,Female,Y,1124,Kelty,Fife,KY4,Fife
ragin',56.15134100948795,-3.4353521248766516,1665659433,5709,1962,60,Female,Y,1124,Kelty,Fife,KY4,Fife
ragin',55.58925418323317,-4.338474581911301,1665660643,5710,1994,28,Female,Y,795,Newmilns,"East Ayrshire",KA16,Ayrshire
ragin',55.77358029782805,-4.098497942481352,1665667800,5717,1969,53,Female,Y,528,Blantyre,"South Lanarkshire",G72,Glasgow
ragin',57.60148155694048,-3.3687670486553873,1665668499,5718,1965,57,Male,Y,737,Elgin,Moray,IV30,"North East (Aberdeen)"
ragin',55.69642864289078,-2.3897425965711347,1665680533,5724,1975,47,Male,N,1419,Greenlaw,"Scottish Borders",TD10,Borders
ragin',57.40362723900861,-2.065892231170795,1665683436,5725,1974,48,Female,Y,50,Pitmedden,Aberdeenshire,AB41,"North East (Aberdeen)"
ragin',55.91177130719732,-3.2283884573868593,1665698996,5728,1969,53,Male,N,305,"Oxgangs, Edinburgh",Edinburgh,"Edinburgh Oxgangs","Lothian (Edinburgh)"
ragin',58.220549147613454,-6.374309937251616,1665701181,5730,1987,35,Female,Y,686,"Stornoway, Isle of Lewis","Western Isles",HS1,"Western Isles"
ragin',55.779870522197186,-3.2616098689213433,1665734112,5734,1996,26,Female,Y,363,"West Linton","Scottish Borders",EH46,Borders
ragin',56.66259574653511,-3.0187308187768194,1665734174,5736,1993,29,Male,Y,181,Kirriemuir,Angus,DD8,"Tayside and Angus (Dundee)"
ragin',55.70637609006697,-4.190259049035012,1665740557,5738,1984,38,Male,Y,534,"East Kilbride (south: Hairmyres, Westwood, The Murray, Murray East, Whitehills, Greenhill, Newlandsmuir, Gardenhall, Crosshouse, Newlands, Lindsayfield, Mossneuk)","South Lanarkshire",G75,Glasgow
ragin',57.08960580337801,-2.970896007903061,1665745144,5740,1996,26,Other,N,33,Aboyne,Aberdeenshire,AB34,"North East (Aberdeen)"
ragin',55.83631852689572,-4.451204985259208,1665760458,5745,1999,23,Female,Y,1236,"Paisley (south: Blackhall, Castlehead, Dykebar, Foxbar, Hunterhill, Meikleriggs)",Renfrewshire,PA2,Glasgow
ragin',55.935043008184536,-3.939787047434171,1665761607,5746,1994,28,Female,Y,514,"Cumbernauld (south: Condorrat, Lenziemill, Carbrain, Kildrum, Cumbernauld Village, Abronhill, Seafar)","North Lanarkshire",G67,Glasgow
ragin',57.11492731494018,-2.1881832434426918,1665768209,5747,1957,65,Female,Y,128,"Mannofield, Aberdeen",Aberdeen,"Aberdeen Southwest","North East (Aberdeen)"
ragin',55.61150997739524,-4.447187078691524,1665773553,5749,1991,31,Male,Y,779,"Kilmarnock (centre and south: Bonnyton, Grange, Bellfield, Shortlees, Caprington, Riccarton, Hurlford)","East Ayrshire",KA1,Ayrshire
ragin',55.62737910530824,-4.615972617008379,1665790233,5753,2000,22,Male,N,785,"Irvine (east, south: Perceton, Lawthorn, Girdle Toll, Stanecastle, Bourtreehill, Broomlands, Dreghorn, Springside)","North Ayrshire",KA11,Ayrshire
ragin',55.898511681038386,-4.374161460029618,1665807745,5754,1959,63,Female,Y,641,"Knightswood, Glasgow",Glasgow,"Glasgow Northwest",Glasgow
ragin',55.89545618365782,-4.3415106256750455,1665819099,5757,1979,43,Female,Y,641,"Knightswood, Glasgow",Glasgow,"Glasgow Northwest",Glasgow
ragin',55.83180481357307,-4.457731205697846,1665819788,5758,1996,26,Male,N,1236,"Paisley (south: Blackhall, Castlehead, Dykebar, Foxbar, Hunterhill, Meikleriggs)",Renfrewshire,PA2,Glasgow
ragin',56.49349467323648,-2.7263755392975595,1665824249,5760,1970,52,Female,Y,178,Carnoustie,Angus,DD7,"Tayside and Angus (Dundee)"
ragin',57.697122009225616,-3.2761407241952067,1665824460,5761,1997,25,Male,Y,738,Lossiemouth,Moray,IV31,"North East (Aberdeen)"
ragin',55.86445454929358,-4.3272257381990835,1665826802,5762,1964,58,Female,Y,679,"Pollock, Glasgow",Glasgow,"Glasgow Southwest",Glasgow
ragin',55.79466510713041,-4.749236706479534,1665833875,5764,1969,53,Male,N,817,Kilbirnie,"North Ayrshire",KA25,Ayrshire
ragin',55.928695587294705,-4.829978162405326,1665834814,5765,1992,30,Male,Y,1231,"Greenock (west: Bow Farm, Braeside, Branchton, Fort Matilda, Gateside, Greenock West, Overton, Pennyfern, Smithston)",Inverclyde,PA16,Glasgow
ragin',55.80489005916462,-4.522385732848711,1665834881,5769,1978,44,Male,N,1308,Howwood,Renfrewshire,PA9,Glasgow
ragin',55.84336171994642,-4.005419289987273,1665834889,5770,1992,30,Male,Y,1189,Coatbridge,"North Lanarkshire",ML5,Glasgow
ragin',55.88785045717174,-4.7971739034162155,1665834922,5768,1973,49,Male,N,1231,"Greenock (west: Bow Farm, Braeside, Branchton, Fort Matilda, Gateside, Greenock West, Overton, Pennyfern, Smithston)",Inverclyde,PA16,Glasgow
ragin',55.911184669546536,-4.191676194723162,1665834950,5767,1994,28,Male,Y,618,"Carmyle, Glasgow",Glasgow,"Glasgow Northeast",Glasgow
ragin',57.47610703895304,-1.9430440023614197,1665834967,5776,1985,37,Male,Y,54,Peterhead,Aberdeenshire,AB42,"North East (Aberdeen)"
ragin',55.883071537211315,-4.355473644748636,1665834982,5772,1991,31,Male,N,638,"Drumchapel, Glasgow",Glasgow,"Glasgow Northwest",Glasgow
ragin',55.91644671393402,-3.51992685621091,1665834998,5775,1998,24,Male,Y,375,Livingston,"West Lothian",EH54,"Lothian (Edinburgh)"
ragin',55.94841063247819,-4.2126528266559955,1665835045,5784,2001,21,Male,Y,502,Bishopbriggs,"East Dunbartonshire",G64,Glasgow
ragin',55.958820537398836,-3.953902657097311,1665835046,5782,1995,27,Male,N,514,"Cumbernauld (south: Condorrat, Lenziemill, Carbrain, Kildrum, Cumbernauld Village, Abronhill, Seafar)","North Lanarkshire",G67,Glasgow
ragin',55.980991299879726,-3.894759054923735,1665835052,5780,1995,27,Female,Y,443,Banknock, Falkirk,FK4,"Stirling and Falkirk"
ragin',55.54325925694532,-4.6747953472077475,1665835059,5779,1992,30,Male,Y,784,Troon,"South Ayrshire",KA10,Ayrshire
ragin',55.84070442154377,-4.358803818466857,1665835063,5781,1992,30,Female,Y,678,"Cardonald, Glasgow",Glasgow,"Glasgow Southwest",Glasgow
ragin',55.861207427058964,-3.0149433289174126,1665835094,5778,1970,52,Male,Y,338,Gorebridge,Midlothian,EH23,"Lothian (Edinburgh)"
ragin',55.8428996351914,-4.484424035047854,1665835121,5790,1983,39,Male,Y,1248,Linwood,Renfrewshire,PA3,Glasgow
ragin',56.412104577599834,-3.3180246196160703,1665835129,5789,1982,40,Male,Y,1353,Scone,"Perth and Kinross",PH2,Fife
ragin',55.814317400253046,-4.102889307626572,1665835154,5791,1992,30,Male,N,529,Cambuslang,"South Lanarkshire",G72,Glasgow
ragin',55.88110671327134,-3.332378070982102,1665835208,5792,1975,47,Male,Y,321,"The Braids, Edinburgh",Edinburgh,"Edinburgh South","Lothian (Edinburgh)"
ragin',56.042702065210875,-4.855345420027828,1665835221,5786,1986,36,Male,N,566,Helensburgh,"Argyll and Bute",G84,"Argyll and Bute"
ragin',55.91114624936816,-4.193523131317008,1665835227,5794,2006,16,Female,School,605,"Ruchazie, Glasgow",Glasgow,"Glasgow Northeast",Glasgow
ragin',56.14581865498441,-4.793691402334941,1665835254,5796,1998,24,Male,N,558,Balloch,"West Dunbartonshire",G83,"Argyll and Bute"
ragin',55.912303753351075,-4.238735008486208,1665835398,5798,1985,37,Male,N,502,Bishopbriggs,"East Dunbartonshire",G64,Glasgow
ragin',55.68266792697005,-4.8004917552042,1665835530,5799,1988,34,Male,N,813,Ardrossan,"North Ayrshire",KA22,Ayrshire
ragin',56.01676904040856,-3.5854273870232065,1665835545,5803,1995,27,Male,Y,370,Bo'ness,Falkirk,EH51,"Lothian (Edinburgh)"
ragin',55.90199084091427,-4.457378078291622,1665835623,5805,1994,28,Male,N,1306,Erskine,Renfrewshire,PA8,Glasgow
ragin',55.806859025210905,-4.549687301696336,1665835636,5804,1987,35,Male,Y,1308,Howwood,Renfrewshire,PA9,Glasgow
ragin',55.392673893586995,-4.757180708106601,1665835802,5806,1989,33,Male,Y,856,"Ayr (Centre)","South Ayrshire",KA7,Ayrshire
ragin',55.846657258718004,-4.218610413165173,1665835833,5808,1996,26,Male,N,602,"Baillieston, Glasgow",Glasgow,"Glasgow Northeast",Glasgow
ragin',55.8023217760743,-4.475125330153657,1665835852,5807,1997,25,Female,Y,1236,"Paisley (south: Blackhall, Castlehead, Dykebar, Foxbar, Hunterhill, Meikleriggs)",Renfrewshire,PA2,Glasgow
ragin',55.8180587223478,-4.226855190804017,1665835901,5810,1986,36,Female,Y,656,"Croftfoot, Glasgow",Glasgow,"Glasgow South",Glasgow
ragin',55.851184201750314,-3.9647818128563275,1665836111,5814,1995,27,Male,Y,1192,Airdrie,"North Lanarkshire",ML6,Glasgow
ragin',56.22559601133152,-3.713108563254727,1665836320,5813,1996,26,Male,N,1373,Auchterarder,"Perth and Kinross",PH3,Fife
ragin',55.24415658244667,-4.3860816167325725,1665836438,5800,1997,25,Male,Y,851,Coylton,"South Ayrshire",KA6,Ayrshire
ragin',55.912391733562764,-4.4349058690910095,1665836644,5819,1991,31,Male,N,546,Clydebank,"West Dunbartonshire",G81,Glasgow
ragin',55.924620322753725,-3.50832177080691,1665836731,5816,1995,27,Male,Y,371,Broxburn,"West Lothian",EH52,"Lothian (Edinburgh)"
ragin',55.8547252284426,-4.289718906712565,1665836733,5823,1977,45,Male,Y,679,"Pollock, Glasgow",Glasgow,"Glasgow Southwest",Glasgow
ragin',55.91124355329401,-4.063284370020781,1665836767,5822,1970,52,Male,N,514,"Cumbernauld (south: Condorrat, Lenziemill, Carbrain, Kildrum, Cumbernauld Village, Abronhill, Seafar)","North Lanarkshire",G67,Glasgow
ragin',55.84451246464201,-4.370349358716675,1665836823,5824,1983,39,Male,Y,1220,"Paisley (central, east and north east: Ferguslie, Oldhall, Seedhill, Williamsburgh, Whitehaugh)",Renfrewshire,PA1,Glasgow
ragin',55.94258529679904,-3.1619677674833033,1665836891,5809,1980,42,Male,N,280,"Duddingston, Edinburgh",Edinburgh,"Edinburgh Duddingston","Lothian (Edinburgh)"
ragin',55.697448123894,-4.8075075238010125,1665836910,5826,1976,46,Male,N,813,Ardrossan,"North Ayrshire",KA22,Ayrshire
ragin',55.73249795532844,-4.147270299474856,1665836990,5827,1988,34,Male,N,534,"East Kilbride (south: Hairmyres, Westwood, The Murray, Murray East, Whitehills, Greenhill, Newlandsmuir, Gardenhall, Crosshouse, Newlands, Lindsayfield, Mossneuk)","South Lanarkshire",G75,Glasgow
ragin',55.73665720950888,-4.0558027537019194,1665837024,5820,1998,24,Male,Y,1183,Hamilton,"South Lanarkshire",ML3,Glasgow
ragin',55.832833231629884,-4.158883875665225,1665837142,5828,1981,41,Male,Y,627,"Dennistoun, Glasgow",Glasgow,"Glasgow Northeast",Glasgow
ragin',56.059690246490625,-2.689642711071,1665837268,5829,1983,39,Male,Y,355,"North Berwick","East Lothian",EH39,"Lothian (Edinburgh)"
ragin',55.85245145757949,-4.078774260252296,1665837423,5821,1988,34,Male,Y,598,Rutherglen,"South Lanarkshire","Glasgow Northeast",Glasgow
ragin',55.88579751599089,-4.045917374248279,1665837454,5830,1992,30,Male,Y,1189,Coatbridge,"North Lanarkshire",ML5,Glasgow
ragin',55.88314727141095,-4.877159270526461,1665837683,5835,1994,28,Female,Y,1234,"Wemyss Bay",Inverclyde,PA18,Glasgow
ragin',55.93992411197269,-4.848942272075213,1665837948,5838,1995,27,Male,Y,1235,Gourock,Inverclyde,PA19,Glasgow
ragin',55.654587051656165,-4.634164892904033,1665837975,5837,1968,54,Male,Y,788,Kilwinning,"North Ayrshire",KA13,Ayrshire
ragin',55.66232362346747,-4.332888039941378,1665838047,5836,1997,25,Female,Y,837,"Kilmarnock (north: Onthank, Townholm, Altonhill, Longpark, Beansburn, New Farm Loch, Knockinlaw, Hillhead, Crookedholm)","East Ayrshire",KA3,Ayrshire
ragin',55.77875730175543,-4.064698166337452,1665838340,5842,1996,26,Male,N,1183,Hamilton,"South Lanarkshire",ML3,Glasgow
ragin',55.90187293590978,-4.867473881296349,1665838348,5840,1984,38,Male,N,1231,"Greenock (west: Bow Farm, Braeside, Branchton, Fort Matilda, Gateside, Greenock West, Overton, Pennyfern, Smithston)",Inverclyde,PA16,Glasgow
ragin',55.83566545066869,-4.066237963033284,1665838786,5843,1996,26,Male,Y,526,Viewpark,"North Lanarkshire",G71,Glasgow
ragin',55.798783018884066,-3.911244403389536,1665838912,5844,1991,31,Female,Y,1151,Motherwell,"North Lanarkshire",ML1,Glasgow
ragin',57.517788617491064,-2.1945199082235693,1665839537,713,1971,51,Female,Y,78,Turriff,Aberdeenshire,AB53,"North East (Aberdeen)"
ragin',55.9141585853291,-4.515373000776598,1665839632,5846,1988,34,Female,Y,1292,Bishopton,Renfrewshire,PA7,Glasgow
ragin',55.949565463529176,-4.2072864635823795,1665840074,5848,1991,31,Male,N,502,Bishopbriggs,"East Dunbartonshire",G64,Glasgow
ragin',55.9476157164001,-4.754394757386483,1665840463,5849,1989,33,Male,N,1230,"Greenock (central and east: Bogston, Bridgend, Cartsdyke, Gibshill, Greenock Central, Ladyburn, Upper Ingleston)",Inverclyde,PA15,Glasgow
ragin',55.427549724546324,-4.710720435820034,1665842464,5851,1991,31,Female,N,856,"Ayr (Centre)","South Ayrshire",KA7,Ayrshire
ragin',55.895931227812945,-4.855843768190292,1665844290,5857,1982,40,Female,Y,1231,"Greenock (west: Bow Farm, Braeside, Branchton, Fort Matilda, Gateside, Greenock West, Overton, Pennyfern, Smithston)",Inverclyde,PA16,Glasgow
ragin',56.62563433006667,-2.614365102956195,1665844379,5858,1982,40,Male,Y,141,Arbroath,Angus,DD11,"Tayside and Angus (Dundee)"
ragin',56.58666178564168,-3.053353418412191,1665844395,5859,1982,40,Male,Y,179,Forfar,Angus,DD8,"Tayside and Angus (Dundee)"
ragin',55.976005603693125,-3.220661565881153,1665844711,5862,1982,40,Male,Y,279,"Clermiston and Drumbrae, Edinburgh",Edinburgh,"Edinburgh Clermiston Granton","Lothian (Edinburgh)"
ragin',55.88215172310369,-4.836317912762397,1665845235,5864,1957,65,Female,N,1231,"Greenock (west: Bow Farm, Braeside, Branchton, Fort Matilda, Gateside, Greenock West, Overton, Pennyfern, Smithston)",Inverclyde,PA16,Glasgow
ragin',55.88254838693312,-4.192986024579941,1665845296,5865,1991,31,Female,Y,484,"Robroyston, Glasgow",Glasgow,G33,Glasgow
ragin',55.663243112281634,-4.389575282147484,1665845331,5867,1994,28,Female,Y,841,Stewarton,"East Ayrshire",KA3,Ayrshire
ragin',55.877024439535674,-3.0179189462545337,1665845421,5866,1959,63,Male,Y,334,Dalkeith,Midlothian,EH22,"Lothian (Edinburgh)"
ragin',57.41155546097133,-1.9065064076411131,1665845552,5869,1980,42,Male,N,54,Peterhead,Aberdeenshire,AB42,"North East (Aberdeen)"
ragin',55.74445109894534,-4.461449658914563,1665845677,5871,1968,54,Female,N,540,Barrhead,"East Renfrewshire",G78,Glasgow
ragin',55.79394391103936,-4.288416039276777,1665845696,5870,1993,29,Male,Y,660,"Arden, Glasgow",Glasgow,"Glasgow South",Glasgow
ragin',55.937002463296885,-4.777767254910313,1665845824,5872,1979,43,Male,N,1231,"Greenock (west: Bow Farm, Braeside, Branchton, Fort Matilda, Gateside, Greenock West, Overton, Pennyfern, Smithston)",Inverclyde,PA16,Glasgow
ragin',55.94048405310821,-4.19404353793861,1665846403,5873,1994,28,Male,N,502,Bishopbriggs,"East Dunbartonshire",G64,Glasgow
ragin',57.22775663067164,-2.580114977439114,1665846998,5874,1992,30,Male,Y,64,Inverurie,Aberdeenshire,AB51,"North East (Aberdeen)"
ragin',56.480752295192836,-3.047535114281047,1665847864,5875,1962,60,Female,N,239,"Charleston, Dundee",Dundee,"Dundee Central","Tayside and Angus (Dundee)"
ragin',55.85359015187357,-4.149361563142142,1665849050,5876,1993,29,Female,Y,624,"Springboig, Glasgow",Glasgow,"Glasgow Northeast",Glasgow
ragin',55.72610949398694,-3.9195013812644275,1665849749,5877,1995,27,Male,N,1218,Netherburn,"North Lanarkshire",ML9,Glasgow
ragin',56.34427810411481,-2.841098419250333,1665850038,5878,1990,32,Male,N,1114,"St Andrews",Fife,KY16,Fife
ragin',56.174838811027925,-4.710146733531489,1665851238,5879,1987,35,Male,N,557,Alexandria,"West Dunbartonshire",G83,"Argyll and Bute"
ragin',55.84592811943562,-4.128935215499837,1665851422,5881,1985,37,Male,N,623,"Shettleston, Glasgow",Glasgow,"Glasgow Northeast",Glasgow
ragin',55.88027542566975,-4.1367270762613355,1665853870,5884,1974,48,Female,N,619,"Tollcross, Glasgow",Glasgow,"Glasgow Northeast",Glasgow
ragin',55.84500369364969,-4.204756818626336,1665854043,5885,2001,21,Female,Y,632,"Springburn, Glasgow",Glasgow,"Glasgow Northeast",Glasgow
ragin',55.618884939621175,-5.174940282311423,1665855483,5886,1994,28,Female,Y,827,"Isle of Arran","North Ayrshire",KA27,Ayrshire
ragin',57.00682249798491,-2.176807755821462,1665858058,5890,1999,23,Female,Y,48,Stonehaven,Aberdeenshire,AB39,"North East (Aberdeen)"
ragin',55.807220267425386,-4.222862651689382,1665861337,5892,1966,56,Female,Y,574,"Fernhill, Glasgow",Glasgow,"Glasgow Castlemilk",Glasgow
ragin',56.024887905041,-2.840610122715437,1665862662,5893,1977,45,Male,Y,348,Prestonpans,"East Lothian",EH32,"Lothian (Edinburgh)"
ragin',55.76233298841388,-4.248294821928762,1665863254,5894,1985,37,Female,Y,530,"East Kilbride (north: The Village, East Mains, West Mains, Lymekilns, St Leonards, Calderwood, Nerston, Stewartfield, Peel Park)","South Lanarkshire",G74,Glasgow
ragin',55.84643904326554,-4.5388824643697925,1665865662,5895,1970,52,Male,N,1275,Elderslie,Renfrewshire,PA5,Glasgow
ragin',56.51659198799058,-3.4999306881378347,1665867171,5896,1988,34,Male,Y,1313,"Perth (north and west: Burghmuir, Cherrybank, Hillyland, Inveralmond, Lethom, Muirton, North Muirton, Tulloch)","Perth and Kinross",PH1,Fife
ragin',59.367538321451136,-2.8920030821367995,1665870376,5897,1997,25,Female,Y,1025,"Orkney Islands",Orkney,KW17,"Orkney Islands"
ragin',55.86849551874462,-4.1373633880466745,1665875483,5900,1976,46,Female,Y,634,"Maryhill, Glasgow",Glasgow,"Glasgow Northeast",Glasgow
ragin',55.88189205587793,-4.556120529413603,1665880274,5903,1986,36,Female,Y,1278,Houston,Renfrewshire,PA6,Glasgow
ragin',55.85246325498908,-4.276753157844581,1665902902,5905,1989,33,Male,N,672,"Govan, Glasgow",Glasgow,"Glasgow Southwest",Glasgow
ragin',55.869859069507704,-4.177151344692993,1665906806,5882,1966,56,Female,Y,598,Rutherglen,"South Lanarkshire","Glasgow Northeast",Glasgow
ragin',55.902512837314994,-4.176242838966822,1665907164,5882,1966,56,Female,Y,598,Rutherglen,"South Lanarkshire","Glasgow Northeast",Glasgow
ragin',55.9333262104238,-4.248868050639689,1665907551,5906,1993,29,Male,Y,502,Bishopbriggs,"East Dunbartonshire",G64,Glasgow
ragin',57.1372635194222,-2.1100223741900015,1665908419,5907,1993,29,Male,Y,128,"Mannofield, Aberdeen",Aberdeen,"Aberdeen Southwest","North East (Aberdeen)"
ragin',55.97022783299628,-3.4351702501471015,1665909312,5908,1999,23,Male,N,371,Broxburn,"West Lothian",EH52,"Lothian (Edinburgh)"
ragin',56.43573584648804,-3.3613401965086585,1665913527,5910,1946,76,Female,Y,1353,Scone,"Perth and Kinross",PH2,Fife
ragin',57.57967410546929,-4.048327587837549,1665930642,5913,1988,34,Female,Y,714,"Inverness (east: Culcabock, Crown, Culduthel, Drummond, Haugh, Hilton, Holm, Lochardil, Millburn, Raigmore)",Highland,IV2,"Highlands (Inverness)"
ragin',55.9636501089911,-3.3267193676696047,1665947696,5692,1979,43,Male,Y,306,"Queensferry, Edinburgh",Edinburgh,"Edinburgh Queensferry","Lothian (Edinburgh)"
ragin',55.87517092303632,-3.295303110211245,1665952670,5915,1962,60,Male,Y,314,"Morningside, Edinburgh",Edinburgh,"Edinburgh South","Lothian (Edinburgh)"
ragin',57.702676703339826,-3.314675752301828,1665955006,5916,1974,48,Male,Y,738,Lossiemouth,Moray,IV31,"North East (Aberdeen)"
ragin',57.501833558476314,-1.813776473993438,1666013102,5924,1993,29,Other,Y,54,Peterhead,Aberdeenshire,AB42,"North East (Aberdeen)"
ragin',56.773419641984034,-3.0492146659169337,1666017809,5925,1984,38,Female,Y,181,Kirriemuir,Angus,DD8,"Tayside and Angus (Dundee)"
ragin',55.64155201884868,-4.666817979307399,1666036257,5930,1992,30,Male,Y,787,"Irvine (centre: Castlepark, Tarryholme)","North Ayrshire",KA12,Ayrshire
ragin',55.89716672538249,-3.0770168112480847,1666038531,5931,1991,31,Male,Y,334,Dalkeith,Midlothian,EH22,"Lothian (Edinburgh)"
ragin',55.92924042217937,-4.30418046229002,1666053778,5934,1983,39,Female,Y,488,Bearsden,"East Dunbartonshire",G61,Glasgow
ragin',55.90204689876055,-3.5102537751072096,1666110428,5937,1997,25,Female,Y,375,Livingston,"West Lothian",EH54,"Lothian (Edinburgh)"
ragin',57.45470175794389,-4.439642015538742,1666134347,5942,1991,31,Male,Y,761,Inchmore,Highland,IV5,"Highlands (Inverness)"
ragin',55.88151433890637,-4.138038393106144,1666177204,5946,1996,26,Female,N,628,"Balornock, Glasgow",Glasgow,"Glasgow Northeast",Glasgow
ragin',55.644803834311155,-4.197302885418722,1666184133,5948,1975,47,Male,Y,1160,Strathaven,"North Lanarkshire",ML10,Glasgow
ragin',56.188103030147204,-3.196803158428951,1666184926,5949,1995,27,Female,Y,1129,"Glenrothes (west: Caskieberran, Rimbleton, Macedonia, Tanshall)",Fife,KY6,Fife
ragin',55.82591685290297,-4.202110449343658,1666199263,5952,1994,28,Female,Y,659,"Deaconsbank, Glasgow",Glasgow,"Glasgow South",Glasgow
ragin',56.47255083244669,-2.9295775949054046,1666218091,5954,1972,50,Female,Y,251,"Kirkton, Dundee",Dundee,"Dundee North","Tayside and Angus (Dundee)"
ragin',56.46081701610761,-2.963671152577131,1666218366,5954,1972,50,Female,Y,251,"Kirkton, Dundee",Dundee,"Dundee North","Tayside and Angus (Dundee)"
ragin',55.634093317172415,-4.679976771134857,1666244662,5955,1999,23,Male,Y,787,"Irvine (centre: Castlepark, Tarryholme)","North Ayrshire",KA12,Ayrshire
ragin',55.92878309919599,-4.362516018370818,1666261173,5957,1984,38,Male,Y,488,Bearsden,"East Dunbartonshire",G61,Glasgow
ragin',55.947877924349186,-3.1138480695098507,1666264954,5958,1983,39,Male,Y,281,"Portobello, Edinburgh",Edinburgh,"Edinburgh Duddingston","Lothian (Edinburgh)"
ragin',56.86207309102256,-2.2946793476843843,1666269737,5960,1980,42,Female,Y,140,Montrose,Angus,DD10,"Tayside and Angus (Dundee)"
ragin',55.78353333135886,-3.9990340830832714,1666269868,5961,2004,18,Male,Y,1151,Motherwell,"North Lanarkshire",ML1,Glasgow
ragin',55.90503373189338,-4.565032451647147,1666270871,5962,1973,49,Female,Y,1228,Langbank,Renfrewshire,PA14,Glasgow
ragin',56.06376457808948,-3.690440986919804,1666272046,5963,1997,25,Female,Y,391,Alloa,Clackmannanshire,FK10,"Stirling and Falkirk"
ragin',55.74499741333705,-2.798550439673357,1666283637,5964,1995,27,Other,N,1437,Lauder,"Scottish Borders",TD2,Borders
ragin',55.678966112079905,-3.9725486131269028,1666287119,5965,1977,45,Female,Y,1217,Larkhall,"North Lanarkshire",ML9,Glasgow
ragin',55.81688836589767,-4.06665042934025,1666294469,5968,1970,52,Female,Y,525,Uddingston,"South Lanarkshire",G71,Glasgow
ragin',55.74988586579407,-4.064672840563168,1666294504,5967,2000,22,Other,Y,1183,Hamilton,"South Lanarkshire",ML3,Glasgow
ragin',56.47349051743444,-2.9055892814806903,1666294885,5969,1970,52,Male,Y,247,"Broughty Ferry, Dundee",Dundee,"Dundee East","Tayside and Angus (Dundee)"
ragin',55.86197175495766,-3.0695094413390116,1666302241,5970,1983,39,Female,Y,328,Bonnyrigg,Midlothian,EH19,"Lothian (Edinburgh)"
ragin',56.023622556840444,-3.7134679925988894,1666302901,5972,1990,32,Male,Y,439,Grangemouth,Falkirk,FK3,"Stirling and Falkirk"
ragin',55.92883488216955,-3.192826580659703,1666372250,5973,1973,49,Female,Y,314,"Morningside, Edinburgh",Edinburgh,"Edinburgh South","Lothian (Edinburgh)"
ragin',55.73509701854393,-4.4314403041498585,1666395371,5977,1999,23,Male,Y,539,"Newton Mearns","East Renfrewshire",G77,Glasgow
ragin',55.45155000417459,-4.609071273187595,1666403646,5978,1949,73,Male,N,856,"Ayr (Centre)","South Ayrshire",KA7,Ayrshire
ragin',55.51449364516259,-5.157324911063748,1666432309,5979,1985,37,Male,Y,827,"Isle of Arran","North Ayrshire",KA27,Ayrshire
ragin',55.65339000158211,-5.310072936907278,1666433062,5980,1944,78,Male,Y,825,Brodick,"North Ayrshire",KA27,Ayrshire
ragin',57.27351814577493,-2.427432670266781,1666477174,5982,1991,31,Male,N,65,Kemnay,Aberdeenshire,AB51,"North East (Aberdeen)"
ragin',56.088162710277146,-3.5275042040809557,1666488372,5983,1973,49,Male,Y,1095,Culross,Fife,KY12,Fife
ragin',55.62720661099406,-4.701679697775591,1666512354,5985,1999,23,Male,Y,787,"Irvine (centre: Castlepark, Tarryholme)","North Ayrshire",KA12,Ayrshire
ragin',55.94549141839385,-4.565562673865525,1666515475,5986,1994,28,Female,Y,549,Dumbarton,"West Dunbartonshire",G82,Glasgow
ragin',55.88271891028426,-4.3006392326508704,1666544596,5989,1974,48,Female,Y,587,"Jordanhill, Glasgow",Glasgow,"Glasgow Kelvin",Glasgow
ragin',55.686064477404386,-4.797647214217268,1666613205,5994,1979,43,Female,Y,813,Ardrossan,"North Ayrshire",KA22,Ayrshire
ragin',55.79370573856698,-3.875700687122737,1666613316,5993,1990,32,Male,Y,1180,Wishaw,"North Lanarkshire",ML2,Glasgow
ragin',56.02438544967131,-3.8338980408693044,1666613885,5995,1989,33,Female,Y,449,Larbert,Falkirk,FK5,"Stirling and Falkirk"
ragin',57.694817064385006,-5.018734812328483,1666614018,5996,1980,42,Female,Y,721,Garve,Highland,IV23,"Highlands (Inverness)"
ragin',55.839606775954806,-4.339056320903042,1666616340,5997,1975,47,Male,N,677,"Hillington, Glasgow",Glasgow,"Glasgow Southwest",Glasgow
ragin',56.25802080944878,-3.966522416634052,1666643988,5998,1997,25,Other,N,405,Dunblane,Stirlingshire,FK15,"Stirling and Falkirk"
ragin',55.90764945465124,-4.460316472404587,1666691216,6001,1995,27,Male,N,1306,Erskine,Renfrewshire,PA8,Glasgow
ragin',56.04126819448733,-3.368038099910757,1666693633,6002,1995,27,Female,Y,1091,Inverkeithing,Fife,KY11,Fife
ragin',55.85769697537342,-3.4013440199305105,1666716974,6005,1977,45,Female,Y,308,"Liberton, Edinburgh",Edinburgh,"Edinburgh South","Lothian (Edinburgh)"
ragin',55.660457163890165,-3.2285367990699445,1666717703,6006,1994,28,Male,School,362,Peebles,"Scottish Borders",EH45,Borders
ragin',56.09939042635947,-3.907290506907648,1666723001,6008,1968,54,Male,N,459,Cowie,Stirlingshire,FK7,"Stirling and Falkirk"
ragin',55.88217959071642,-3.2939999732553473,1666723118,6005,1977,45,Female,Y,308,"Liberton, Edinburgh",Edinburgh,"Edinburgh South","Lothian (Edinburgh)"
ragin',56.07732010064963,-3.8842560824943306,1666725366,6009,1974,48,Female,N,464,"Stirling (south and east: Braehead, Borestone, Broomridge, Torbrex)",Stirlingshire,FK7,"Stirling and Falkirk"
ragin',56.062982781198386,-3.9510817205902855,1666729347,6009,1974,48,Female,N,464,"Stirling (south and east: Braehead, Borestone, Broomridge, Torbrex)",Stirlingshire,FK7,"Stirling and Falkirk"
ragin',55.6531289207756,-4.787627203866394,1666827304,6015,1970,52,Female,Y,812,Saltcoats,"East Ayrshire",KA21,Ayrshire
ragin',55.96633517924639,-3.1701816348947682,1666875632,6016,2001,21,Male,Y,285,"Leith, Edinburgh",Edinburgh,"Edinburgh Leith","Lothian (Edinburgh)"
ragin',55.83979719518974,-4.557790620541807,1666906612,6018,1989,33,Female,Y,1222,Kilbarchan,Renfrewshire,PA10,Glasgow
ragin',55.8641814760356,-3.7515845995790045,1666912296,6019,1956,66,Male,N,1206,Harthill,"North Lanarkshire",ML7,Glasgow
ragin',55.68821871715777,-3.211444895544632,1666945528,6023,1986,36,Female,Y,362,Peebles,"Scottish Borders",EH45,Borders
ragin',56.655370396761334,-2.5783819511986596,1666963386,6024,1976,46,Female,N,141,Arbroath,Angus,DD11,"Tayside and Angus (Dundee)"
ragin',54.7874292229689,-4.010618205266345,1667030814,6025,1975,47,Female,Y,217,Dundrennan,"Dumfries and Galloway",DG6,"Dumfries and Galloway"
ragin',55.653425171051026,-3.9504938206409985,1667160324,6032,1954,68,Male,Y,1167,Lanark,"South Lanarkshire",ML11,Glasgow
ragin',55.81681894071086,-4.776493394222824,1667214904,6033,2006,16,Male,School,842,Largs,"North Ayrshire",KA30,Ayrshire
ragin',55.82479973335634,-4.871080225125317,1667214930,6035,2005,17,Female,School,842,Largs,"North Ayrshire",KA30,Ayrshire
ragin',55.86181358738049,-4.806309067275078,1667215010,6037,2005,17,Female,School,842,Largs,"North Ayrshire",KA30,Ayrshire
ragin',55.83243308803418,-4.786383145279518,1667215022,6034,2007,15,Male,School,842,Largs,"North Ayrshire",KA30,Ayrshire
ragin',55.76194529087583,-4.919414504870611,1667215225,6039,2005,17,Female,School,832,Millport,"North Ayrshire",KA28,Ayrshire
ragin',56.128463130573984,-3.340287917924972,1667223351,6045,1974,48,Female,Y,1121,Cowdenbeath,Fife,KY4,Fife
ragin',58.90061350849423,-2.8084465342872256,1667251438,6049,1997,25,Male,N,1025,"Orkney Islands",Orkney,KW17,"Orkney Islands"
ragin',55.95218543800489,-3.2014452680701826,1667266429,6051,1996,26,Female,Y,290,"North Leith, Edinburgh",Edinburgh,"Edinburgh North","Lothian (Edinburgh)"
ragin',57.71741413555939,-3.2845653997578337,1667313885,6053,1967,55,Female,N,738,Lossiemouth,Moray,IV31,"North East (Aberdeen)"
ragin',57.692341849460966,-3.3234551237371064,1667332168,6060,1967,55,Female,Y,738,Lossiemouth,Moray,IV31,"North East (Aberdeen)"
ragin',55.83580366529008,-3.901601316697134,1667402686,6062,1985,37,Male,Y,1151,Motherwell,"North Lanarkshire",ML1,Glasgow
ragin',55.85047856159555,-4.691429081454879,1667405494,6058,1988,34,Female,Y,1222,Kilbarchan,Renfrewshire,PA10,Glasgow
ragin',55.91530812152558,-3.1608043951676073,1667425973,6063,1987,35,Female,Y,323,"Moredun, Edinburgh",Edinburgh,"Edinburgh Southeast","Lothian (Edinburgh)"
ragin',57.59264855198694,-3.483582960574214,1667456266,6064,1986,36,Female,Y,737,Elgin,Moray,IV30,"North East (Aberdeen)"
ragin',56.456165802120324,-2.9717325107362735,1667471873,6066,1988,34,Female,Y,257,"Ninewells, Dundee",Dundee,"Dundee West","Tayside and Angus (Dundee)"
ragin',55.43869807843352,-4.608146681733319,1667472002,6065,1983,39,Female,Y,856,"Ayr (Centre)","South Ayrshire",KA7,Ayrshire
ragin',56.45771643902335,-2.9695969151197943,1667472178,6067,1988,34,Female,Y,257,"Ninewells, Dundee",Dundee,"Dundee West","Tayside and Angus (Dundee)"
ragin',57.22677652944534,-2.1010936495093864,1667545688,5468,1962,60,Female,N,111,"Bucksburn, Aberdeen",Aberdeen,"Aberdeen North","North East (Aberdeen)"
ragin',57.667462735256564,-2.943473433256944,1667729668,6073,1967,55,Male,Y,90,Buckie,Moray,AB56,"North East (Aberdeen)"
ragin',55.67527251802063,-3.208403599663326,1667751916,6074,2000,22,Male,Y,362,Peebles,"Scottish Borders",EH45,Borders
ragin',57.313578962555724,-2.230516727452936,1667752519,6075,1963,59,Male,N,111,"Bucksburn, Aberdeen",Aberdeen,"Aberdeen North","North East (Aberdeen)"
ragin',55.798992890424216,-4.630868440306823,1668007539,6080,1993,29,Male,Y,1226,Lochwinnoch,Renfrewshire,PA12,Glasgow
ragin',55.9593205250864,-4.201553653378997,1668094139,6082,1998,24,Female,Y,509,Lenzie,"East Dunbartonshire",G66,Glasgow
ragin',55.73029465053135,-4.42178530752687,1668094178,6083,1990,32,Female,Y,539,"Newton Mearns","East Renfrewshire",G77,Glasgow
ragin',55.96544254141105,-3.902448041218008,1668374183,6088,1981,41,Female,Y,441,Bonnybridge,Falkirk,FK4,"Stirling and Falkirk"
ragin',57.14153859630129,-2.347112155033978,1668454066,6089,1978,44,Female,Y,28,Westhill,Aberdeenshire,AB32,"North East (Aberdeen)"
ragin',55.954231884033426,-3.199633165326534,1668517771,6091,1977,45,Female,Y,287,"Corstorphine, Edinburgh",Edinburgh,"Edinburgh North","Lothian (Edinburgh)"
ragin',55.72172112195994,-4.382926863536225,1668539666,6093,2000,22,Other,Y,539,"Newton Mearns","East Renfrewshire",G77,Glasgow
ragin',57.53107702821251,-3.451477573293676,1668671664,6096,1994,28,Female,Y,740,Forres,Moray,IV36,"North East (Aberdeen)"
ragin',54.79889457098958,-4.090408379544847,1668700563,6098,1963,59,Female,Y,218,Kirkcudbright,"Dumfries and Galloway",DG6,"Dumfries and Galloway"
ragin',56.0274971991293,-4.054146299024776,1668700778,6100,1988,34,Female,Y,506,Kilsyth,"North Lanarkshire",G65,Glasgow
ragin',55.89592449678318,-4.14490573051897,1668707207,6101,1996,26,Female,Y,483,Stepps,"North Lanarkshire",G33,Glasgow
ragin',55.84507699098597,-4.0773223305732875,1668783237,6103,1984,38,Female,Y,602,"Baillieston, Glasgow",Glasgow,"Glasgow Northeast",Glasgow
ragin',55.87069832743174,-4.324518847819405,1668783684,6104,1957,65,Female,Y,638,"Drumchapel, Glasgow",Glasgow,"Glasgow Northwest",Glasgow
ragin',55.789965978867926,-3.987876555617756,1668901398,6105,1981,41,Male,Y,1151,Motherwell,"North Lanarkshire",ML1,Glasgow
ragin',55.8225012819371,-4.327119117171933,1668958349,6107,1980,42,Male,Y,652,"King's Park, Glasgow",Glasgow,"Glasgow South",Glasgow
ragin',55.94264424191517,-3.2498019435532535,1669033277,6111,1999,23,Female,Y,294,"Stockbridge, Edinburgh",Edinburgh,"Edinburgh North","Lothian (Edinburgh)"
ragin',55.1546553786672,-3.878898256152142,1669050483,6113,1993,29,Female,Y,207,"Dumfries (west: Broomlands, Cargenbridge, Lochside, Maxwelltown, Troqueer)","Dumfries and Galloway",DG2,"Dumfries and Galloway"
ragin',57.433060497872475,-3.6298289898479776,1669131514,6117,1994,28,Female,Y,740,Forres,Moray,IV36,"North East (Aberdeen)"
ragin',55.76550804987365,-4.154783457696139,1669132064,6118,1996,26,Female,Y,530,"East Kilbride (north: The Village, East Mains, West Mains, Lymekilns, St Leonards, Calderwood, Nerston, Stewartfield, Peel Park)","South Lanarkshire",G74,Glasgow
ragin',55.6241534696156,-4.651183008145353,1669151322,6119,1988,34,Female,N,787,"Irvine (centre: Castlepark, Tarryholme)","North Ayrshire",KA12,Ayrshire
ragin',55.02218789044927,-3.6758555664499672,1669158897,6120,1992,30,Female,Y,207,"Dumfries (west: Broomlands, Cargenbridge, Lochside, Maxwelltown, Troqueer)","Dumfries and Galloway",DG2,"Dumfries and Galloway"
ragin',55.961143028291524,-3.1752684412804952,1669412656,6124,1987,35,Female,Y,287,"Corstorphine, Edinburgh",Edinburgh,"Edinburgh North","Lothian (Edinburgh)"
ragin',55.907089806820025,-3.5937794170823794,1669566735,6125,2002,20,Male,Y,367,Armadale,"West Lothian",EH48,"Lothian (Edinburgh)"
ragin',55.84438962401024,-4.027552418231968,1669796768,6048,1978,44,Female,Y,1189,Coatbridge,"North Lanarkshire",ML5,Glasgow
ragin',55.90402663819391,-4.324828923535047,1669988126,6128,1976,46,Male,Y,488,Bearsden,"East Dunbartonshire",G61,Glasgow
ragin',55.91813061706469,-3.28444475512688,1670451558,6133,1996,26,Male,Y,269,"Gorgie, Edinburgh",Edinburgh,"Edinburgh Central","Lothian (Edinburgh)"
ragin',55.973410709236695,-4.335079904269967,1670520517,6137,1995,27,Male,Y,491,Baldernock,"East Dunbartonshire",G62,Glasgow
ragin',56.00124680085953,-3.869432401103302,1671104318,6143,1981,41,Female,Y,443,Banknock, Falkirk,FK4,"Stirling and Falkirk"
ragin',56.245711842048145,-3.9392218877869496,1671119172,6145,1990,32,Female,Y,405,Dunblane,Stirlingshire,FK15,"Stirling and Falkirk"
ragin',56.00872115417859,-3.6266696229194677,1671142132,6146,1994,28,Female,Y,370,Bo'ness,Falkirk,EH51,"Lothian (Edinburgh)"
ragin',57.59472000017741,-4.483239536188512,1671154492,6147,1971,51,Female,Y,705,Dingwall,Highland,IV15,"Highlands (Inverness)"
ragin',55.76358707807955,-4.2565649809526445,1671265950,6148,1961,61,Female,Y,530,"East Kilbride (north: The Village, East Mains, West Mains, Lymekilns, St Leonards, Calderwood, Nerston, Stewartfield, Peel Park)","South Lanarkshire",G74,Glasgow
ragin',55.74991659071619,-4.324151942929114,1671266079,6149,1968,54,Female,Y,536,"Carmunnock, Glasgow",Glasgow,G76,Glasgow
ragin',56.2183896433182,-3.243414158776655,1671272549,6150,1979,43,Male,Y,1129,"Glenrothes (west: Caskieberran, Rimbleton, Macedonia, Tanshall)",Fife,KY6,Fife
ragin',56.14150980298321,-4.6987253682981125,1671656901,6152,1993,29,Female,Y,557,Alexandria,"West Dunbartonshire",G83,"Argyll and Bute"
ragin',55.7030541564136,-4.194469094945214,1671795901,6154,1973,49,Male,N,534,"East Kilbride (south: Hairmyres, Westwood, The Murray, Murray East, Whitehills, Greenhill, Newlandsmuir, Gardenhall, Crosshouse, Newlands, Lindsayfield, Mossneuk)","South Lanarkshire",G75,Glasgow
ragin',55.956055754135534,-3.129485794547571,1671818446,6155,1991,31,Female,Y,285,"Leith, Edinburgh",Edinburgh,"Edinburgh Leith","Lothian (Edinburgh)"
ragin',55.955779461661926,-3.1613135090406876,1671818594,6155,1991,31,Female,Y,285,"Leith, Edinburgh",Edinburgh,"Edinburgh Leith","Lothian (Edinburgh)"
ragin',56.80121876325507,-2.3941123251961045,1672108723,6156,2000,22,Male,Y,136,Gourdon,Aberdeenshire,DD10,"Tayside and Angus (Dundee)"
ragin',54.891956286998315,-4.998541206265984,1672960031,6161,2000,23,Female,Y,231,Stranraer,"Dumfries and Galloway",DG9,"Dumfries and Galloway"
ragin',54.865938068225226,-5.075161110320621,1673388258,6165,1968,55,Female,Y,231,Stranraer,"Dumfries and Galloway",DG9,"Dumfries and Galloway"
ragin',55.829660776837734,-4.211655387588911,1673712773,6169,1998,25,Female,Y,634,"Maryhill, Glasgow",Glasgow,"Glasgow Northeast",Glasgow
ragin',55.93161913837567,-4.0920433664618034,1673713087,6170,1999,24,Female,Y,509,Lenzie,"East Dunbartonshire",G66,Glasgow
ragin',55.98601587396425,-3.9658683373197627,1673715923,6172,1999,24,Female,Y,444,Dennyloanhead, Falkirk,FK4,"Stirling and Falkirk"
ragin',57.63756789014569,-3.2372356007581073,1673827306,6177,1995,28,Female,Y,737,Elgin,Moray,IV30,"North East (Aberdeen)"
ragin',55.958204425157305,-4.44827049450769,1673856710,6178,1977,46,Female,N,546,Clydebank,"West Dunbartonshire",G81,Glasgow
ragin',55.81652469392745,-4.395186357301865,1674387607,6186,1970,53,Female,Y,1236,"Paisley (south: Blackhall, Castlehead, Dykebar, Foxbar, Hunterhill, Meikleriggs)",Renfrewshire,PA2,Glasgow
ragin',55.98285083882463,-4.490593396767705,1674567561,6187,1994,29,Female,Y,549,Dumbarton,"West Dunbartonshire",G82,Glasgow
ragin',55.91604002811929,-3.7013692458746887,1674683255,6190,1967,56,Male,N,368,Bathgate,"West Lothian",EH48,"Lothian (Edinburgh)"
ragin',55.758300105575735,-4.123754100410438,1675164571,6194,2002,21,Female,Y,530,"East Kilbride (north: The Village, East Mains, West Mains, Lymekilns, St Leonards, Calderwood, Nerston, Stewartfield, Peel Park)","South Lanarkshire",G74,Glasgow
ragin',55.90942250293032,-3.733527950462872,1675167036,6197,1996,27,Female,Y,368,Bathgate,"West Lothian",EH48,"Lothian (Edinburgh)"
ragin',55.764330652025485,-3.1659269579307954,1675364034,6199,2000,23,Male,N,362,Peebles,"Scottish Borders",EH45,Borders
ragin',55.61966378535742,-4.61625743658964,1675374568,6200,2001,22,Female,Y,785,"Irvine (east, south: Perceton, Lawthorn, Girdle Toll, Stanecastle, Bourtreehill, Broomlands, Dreghorn, Springside)","North Ayrshire",KA11,Ayrshire
ragin',55.91658169770495,-2.621178164459473,1675447710,6202,2001,22,Other,Y,359,Dunbar,"East Lothian",EH42,"Lothian (Edinburgh)"
ragin',55.985868250788876,-2.60705308904903,1675455409,6203,2001,22,Other,Y,359,Dunbar,"East Lothian",EH42,"Lothian (Edinburgh)"
ragin',55.946593289623166,-3.2222890168549667,1675695243,6206,2009,14,Male,School,297,"Blackhall, Edinburgh",Edinburgh,"Edinburgh North","Lothian (Edinburgh)"
ragin',55.95341762729671,-3.4420072610072583,1675695264,6208,2009,14,Male,School,371,Broxburn,"West Lothian",EH52,"Lothian (Edinburgh)"
ragin',55.961952192530546,-3.200590783714243,1675695318,6212,2009,14,Female,School,296,"Davidson's Mains, Edinburgh",Edinburgh,"Edinburgh North","Lothian (Edinburgh)"
ragin',55.93442499964349,-3.2858206288188163,1675695323,6214,2009,14,Female,School,292,"Craigleith, Edinburgh",Edinburgh,"Edinburgh North","Lothian (Edinburgh)"
ragin',55.854649060005364,-3.082429970438978,1675695537,6217,2009,14,Male,School,328,Bonnyrigg,Midlothian,EH19,"Lothian (Edinburgh)"
ragin',55.97611198201271,-3.237383522549875,1675695693,6218,2009,14,Female,N,278,"Granton, Edinburgh",Edinburgh,"Edinburgh Clermiston Granton","Lothian (Edinburgh)"
ragin',55.968568191863056,-3.2266358289143007,1675695859,6222,2009,14,Female,School,278,"Granton, Edinburgh",Edinburgh,"Edinburgh Clermiston Granton","Lothian (Edinburgh)"
ragin',55.83150788722324,-3.9320022275083946,1675954001,6227,1988,35,Female,Y,1150,Holytown,"North Lanarkshire",ML1,Glasgow
ragin',55.512716613378245,-4.6276858397718925,1676071759,6230,1983,40,Female,Y,873,Prestwick,"South Ayrshire",KA9,Ayrshire
ragin',56.573259482890954,-2.853424331952524,1676997900,6238,2004,19,Female,Y,179,Forfar,Angus,DD8,"Tayside and Angus (Dundee)"
ragin',55.888663272808685,-4.419594702699152,1677007297,6242,2003,20,Female,Y,1263,Inchinnan,Renfrewshire,PA4,Glasgow
ragin',55.742682396180676,-4.107160727559138,1677010077,6243,2003,20,Female,Y,1183,Hamilton,"South Lanarkshire",ML3,Glasgow
ragin',55.85843765908752,-3.84354841460708,1677015217,6244,2004,19,Female,Y,1209,Shotts,"North Lanarkshire",ML7,Glasgow
ragin',56.37857745389433,-3.530402895546503,1677085767,6251,2001,22,Male,Y,1354,"Perth (south and east: Barnhill, Bridgend, Craigie, Kincarrathie, Upper Craigie)","Perth and Kinross",PH2,Fife
ragin',55.97030453201794,-3.832230778651466,1677368874,6257,1955,68,Male,Y,377,"Falkirk (centre and south: Arnothill, Bantaskin, Callendar Park, Glen Village, Hallglen, Lionthorn, Tamfourhill, Woodlands)",Falkirk,FK1,"Stirling and Falkirk"
ragin',56.02191964634985,-3.455752664297206,1677597593,6264,1970,53,Male,Y,1090,"Dunfermline (south and east: Halbeath, Touch, Duloch, Masterton, Pitcorthie, Abbeyview, Brucefield, Hospital Hill, Camdean, Pitreavie)",Fife,KY11,Fife
ragin',56.074368009865886,-3.531877636738486,1677597752,6265,2003,20,Female,Y,1096,"Dunfermline (centre, north, west: Abbey Parks, Lady's Mill, Garvock, Headwell, Kingseathill, Wellwood, Milesmark, Baldridge, Pittencrieff, Baldridgeburn)",Fife,KY12,Fife
ragin',56.036516868478294,-2.857865644381084,1677598653,6267,2002,21,Female,Y,348,Prestonpans,"East Lothian",EH32,"Lothian (Edinburgh)"
ragin',55.84248634134374,-3.375790981983844,1677598671,6268,2003,20,Male,Y,319,"Blackford, Edinburgh",Edinburgh,"Edinburgh South","Lothian (Edinburgh)"
ragin',55.846872771127494,-4.302950644410598,1677607560,6279,1986,37,Male,Y,645,Clarkston,"East Renfrewshire","Glasgow South",Glasgow
ragin',55.87397203291615,-3.537862868080037,1677607613,6280,2002,21,Female,School,375,Livingston,"West Lothian",EH54,"Lothian (Edinburgh)"
ragin',57.48716371275401,-4.204856294004106,1677607615,6281,1984,39,Female,Y,699,"Inverness (centre, north: Longman)",Highland,IV1,"Highlands (Inverness)"
ragin',55.75183198587051,-4.24752479770016,1677611965,6282,2000,23,Female,Y,530,"East Kilbride (north: The Village, East Mains, West Mains, Lymekilns, St Leonards, Calderwood, Nerston, Stewartfield, Peel Park)","South Lanarkshire",G74,Glasgow
ragin',58.5368482530677,-3.182053678881435,1677612666,6284,2003,20,Male,Y,899,Wick,Highland,KW1,"Highlands (Inverness)"
ragin',55.95523285398914,-4.357526745154786,1677616242,6285,1988,35,Female,Y,489,Milngavie,"East Dunbartonshire",G62,Glasgow
ragin',55.96186074931002,-3.9962791108440845,1677618198,6286,2003,20,Female,Y,517,"Cumbernauld (north: Balloch, Eastfield, Carrickstone, Smithstone, Blackwood, Westfield)","North Lanarkshire",G68,Glasgow
ragin',55.52896109598338,-4.388068011444273,1677636462,6291,2005,18,Other,Y,847,Sorn,"East Ayrshire",KA5,Ayrshire
ragin',55.95607947241567,-3.1786600419926976,1677653202,6292,1992,31,Male,Y,287,"Corstorphine, Edinburgh",Edinburgh,"Edinburgh North","Lothian (Edinburgh)"
ragin',55.813067161033146,-4.090084204299194,1677664287,6293,2004,19,Female,Y,525,Uddingston,"South Lanarkshire",G71,Glasgow
ragin',55.80802192016155,-4.34115717448085,1677749958,6297,1968,55,Female,Y,678,"Cardonald, Glasgow",Glasgow,"Glasgow Southwest",Glasgow
ragin',55.73632736643224,-4.172793425928225,1677760526,6300,2003,20,Female,Y,534,"East Kilbride (south: Hairmyres, Westwood, The Murray, Murray East, Whitehills, Greenhill, Newlandsmuir, Gardenhall, Crosshouse, Newlands, Lindsayfield, Mossneuk)","South Lanarkshire",G75,Glasgow
ragin',55.833072761378006,-4.0890778408765796,1677761783,6293,2004,19,Female,Y,525,Uddingston,"South Lanarkshire",G71,Glasgow
ragin',55.805366296143916,-4.867670728601534,1677762308,6301,1993,30,Female,Y,842,Largs,"North Ayrshire",KA30,Ayrshire
ragin',56.05620236453805,-3.3823609378233113,1677763125,6303,2003,20,Other,Y,1090,"Dunfermline (south and east: Halbeath, Touch, Duloch, Masterton, Pitcorthie, Abbeyview, Brucefield, Hospital Hill, Camdean, Pitreavie)",Fife,KY11,Fife
ragin',55.837184178255605,-4.3429923172326355,1677853156,6306,2001,22,Male,Y,662,"Battlefield, Glasgow",Glasgow,"Glasgow Southwest",Glasgow
ragin',55.702073220329844,-3.7463532250985074,1677863290,6307,2004,19,Female,Y,1212,Carluke,"South Lanarkshire",ML8,Glasgow
ragin',55.865873550900304,-4.092418970219395,1677949653,6309,1991,32,Other,Y,598,Rutherglen,"South Lanarkshire","Glasgow Northeast",Glasgow
ragin',55.79598672919962,-4.330970277697867,1678030559,6312,2004,19,Female,Y,653,"Netherlee, Glasgow",Glasgow,"Glasgow South",Glasgow
ragin',55.84996833297743,-3.3533028340619664,1678096569,6314,1997,26,Male,Y,311,"Currie, Edinburgh",Edinburgh,"Edinburgh South","Lothian (Edinburgh)"
ragin',55.91653754084196,-4.0085982074395625,1678106428,6316,2004,19,Male,Y,514,"Cumbernauld (south: Condorrat, Lenziemill, Carbrain, Kildrum, Cumbernauld Village, Abronhill, Seafar)","North Lanarkshire",G67,Glasgow
ragin',55.84813777002398,-3.9065485827164563,1678201642,6323,2005,18,Other,Y,1153,Newarthill,"North Lanarkshire",ML1,Glasgow
ragin',55.82412808609458,-4.0079399212223805,1678202065,6324,2003,20,Female,Y,1186,Bellshill,"North Lanarkshire",ML4,Glasgow
ragin',55.943368885016916,-3.237876288605445,1678203748,6326,2003,20,Female,Y,292,"Craigleith, Edinburgh",Edinburgh,"Edinburgh North","Lothian (Edinburgh)"
ragin',55.94939055361716,-3.228507563543354,1678203752,6325,2003,20,Female,School,294,"Stockbridge, Edinburgh",Edinburgh,"Edinburgh North","Lothian (Edinburgh)"
ragin',55.83807737556577,-3.9455669687710113,1678269577,6331,2008,15,Other,School,1192,Airdrie,"North Lanarkshire",ML6,Glasgow
ragin',55.92615376275207,-4.593681153231799,1678999381,6339,1977,46,Female,Y,1229,"Port Glasgow",Inverclyde,PA14,Glasgow
ragin',55.47638133311172,-4.2119030585356745,1678999829,6340,1992,31,Female,Y,798,Cumnock,"East Ayrshire",KA18,Ayrshire
ragin',56.3717025602148,-2.9163313058544102,1678999912,6341,1975,48,Female,Y,1114,"St Andrews",Fife,KY16,Fife
ragin',56.14948450837923,-3.296468424003029,1679003812,6342,1983,40,Female,Y,1128,Lochgelly,Fife,KY5,Fife
ragin',55.90973571591358,-3.5578935309467723,1679041333,6344,1991,32,Female,Y,375,Livingston,"West Lothian",EH54,"Lothian (Edinburgh)"
ragin',55.51626045291462,-4.424522990056134,1679044023,6347,2006,17,Male,School,845,Catrine,"East Ayrshire",KA5,Ayrshire
ragin',55.30241443200188,-4.132111644173879,1679044063,6351,2006,17,Male,School,798,Cumnock,"East Ayrshire",KA18,Ayrshire
ragin',55.43074559810557,-4.035959011738986,1679044094,6353,2006,17,Male,School,802,"New Cumnock","East Ayrshire",KA18,Ayrshire
ragin',55.45517367114253,-4.457297326850572,1679044250,6352,2006,17,Male,School,845,Catrine,"East Ayrshire",KA5,Ayrshire
ragin',55.3372450410575,-4.314390569664596,1679044257,6354,2006,17,Male,School,798,Cumnock,"East Ayrshire",KA18,Ayrshire
ragin',55.82655696915547,-4.305590424177798,1679044337,6348,1989,34,Female,Y,653,"Netherlee, Glasgow",Glasgow,"Glasgow South",Glasgow
ragin',56.15581868898109,-3.1035217194098155,1679053493,6355,1994,29,Female,Y,1079,"Kirkcaldy (east: Linktown, Port Brae, Pathhead, Sinclairtown, Smeaton, Gallatown)",Fife,KY1,Fife
ragin',55.834757658825914,-4.063566485844237,1679054411,6356,2010,13,Male,School,525,Uddingston,"South Lanarkshire",G71,Glasgow
ragin',56.109727447543456,-3.258404173697504,1679055056,6358,1991,32,Male,N,1117,"Kirkcaldy (west: Hayfield, Templehall, Newliston, Chapel, Dunnikier, Bennochy)",Fife,KY2,Fife
ragin',56.21321854996754,-3.167473656778519,1679056166,6361,2008,15,Female,School,1132,"Coaltown of Balgonie",Fife,KY7,Fife
ragin',56.22371284049698,-3.119703624494282,1679056185,6367,2008,15,Male,N,1133,"Glenrothes (centre and east: Pitteuchar, Finglassie, Stenton, Auchmuty, Pitcoudie, Balfarg, Pircairn, Collydean)",Fife,KY7,Fife
ragin',56.1848665687558,-3.1135632298569824,1679056231,6364,2009,14,Male,School,1133,"Glenrothes (centre and east: Pitteuchar, Finglassie, Stenton, Auchmuty, Pitcoudie, Balfarg, Pircairn, Collydean)",Fife,KY7,Fife
ragin',56.180906875928024,-3.1703137396633805,1679056233,6368,2008,15,Female,School,1134,Markinch,Fife,KY7,Fife
ragin',56.22330610288193,-3.0949667512275516,1679056247,6365,2008,15,Male,School,1133,"Glenrothes (centre and east: Pitteuchar, Finglassie, Stenton, Auchmuty, Pitcoudie, Balfarg, Pircairn, Collydean)",Fife,KY7,Fife
ragin',56.22130291492834,-3.090407078437375,1679056255,6370,2008,15,Female,N,1133,"Glenrothes (centre and east: Pitteuchar, Finglassie, Stenton, Auchmuty, Pitcoudie, Balfarg, Pircairn, Collydean)",Fife,KY7,Fife
ragin',56.20680019331689,-3.138563141964517,1679056332,6373,2008,15,Female,School,1133,"Glenrothes (centre and east: Pitteuchar, Finglassie, Stenton, Auchmuty, Pitcoudie, Balfarg, Pircairn, Collydean)",Fife,KY7,Fife
ragin',56.20488232207705,-3.1091351633190802,1679056388,6382,2008,15,Female,School,1133,"Glenrothes (centre and east: Pitteuchar, Finglassie, Stenton, Auchmuty, Pitcoudie, Balfarg, Pircairn, Collydean)",Fife,KY7,Fife
ragin',56.246818407357395,-3.386146864069913,1679056409,6384,2008,15,Female,School,1100,Scotlandwell,"Perth and Kinross",KY13,Fife
ragin',56.223245631248375,-3.1166197277092236,1679056414,6377,2008,15,Male,School,1133,"Glenrothes (centre and east: Pitteuchar, Finglassie, Stenton, Auchmuty, Pitcoudie, Balfarg, Pircairn, Collydean)",Fife,KY7,Fife
ragin',56.20522997740452,-3.164995163503745,1679056417,6372,2008,15,Female,School,1134,Markinch,Fife,KY7,Fife
ragin',56.20068105312606,-3.1252688642610122,1679056458,6386,2008,15,Female,School,1133,"Glenrothes (centre and east: Pitteuchar, Finglassie, Stenton, Auchmuty, Pitcoudie, Balfarg, Pircairn, Collydean)",Fife,KY7,Fife
ragin',56.202378804549255,-3.118508957834994,1679056494,6385,2008,15,Male,N,1133,"Glenrothes (centre and east: Pitteuchar, Finglassie, Stenton, Auchmuty, Pitcoudie, Balfarg, Pircairn, Collydean)",Fife,KY7,Fife
ragin',56.18990232695502,-3.1410863963678204,1679056534,6389,2008,15,Female,School,1133,"Glenrothes (centre and east: Pitteuchar, Finglassie, Stenton, Auchmuty, Pitcoudie, Balfarg, Pircairn, Collydean)",Fife,KY7,Fife
ragin',56.23863556777954,-3.1263699993604765,1679056535,6388,2008,15,Female,School,1133,"Glenrothes (centre and east: Pitteuchar, Finglassie, Stenton, Auchmuty, Pitcoudie, Balfarg, Pircairn, Collydean)",Fife,KY7,Fife
ragin',56.203103455247756,-3.1578323977293548,1679056626,6392,2008,15,Male,School,1133,"Glenrothes (centre and east: Pitteuchar, Finglassie, Stenton, Auchmuty, Pitcoudie, Balfarg, Pircairn, Collydean)",Fife,KY7,Fife
ragin',56.18880301631153,-3.1523672931902302,1679056747,6393,2008,15,Male,School,1133,"Glenrothes (centre and east: Pitteuchar, Finglassie, Stenton, Auchmuty, Pitcoudie, Balfarg, Pircairn, Collydean)",Fife,KY7,Fife
ragin',56.19293295525537,-3.105796854633998,1679056853,6397,2008,15,Male,School,1133,"Glenrothes (centre and east: Pitteuchar, Finglassie, Stenton, Auchmuty, Pitcoudie, Balfarg, Pircairn, Collydean)",Fife,KY7,Fife
ragin',56.2165566235106,-3.125461887146833,1679057002,6399,2008,15,Male,School,1133,"Glenrothes (centre and east: Pitteuchar, Finglassie, Stenton, Auchmuty, Pitcoudie, Balfarg, Pircairn, Collydean)",Fife,KY7,Fife
ragin',56.20020880381637,-3.119176795465635,1679057245,6374,2008,15,Female,School,1134,Markinch,Fife,KY7,Fife
ragin',54.81098194508226,-4.605247961166287,1679058278,6402,1995,28,Female,Y,225,"Newton Stewart","Dumfries and Galloway",DG8,"Dumfries and Galloway"
ragin',57.368333049623345,-1.9244944113930422,1679349899,6409,1985,38,Female,Y,49,Ellon,Aberdeenshire,AB41,"North East (Aberdeen)"
ragin',55.8314441627174,-4.304489866407247,1679406634,6411,1988,35,Male,Y,645,Clarkston,"East Renfrewshire","Glasgow South",Glasgow
ragin',56.193815127642914,-3.1713155141594624,1679413629,6360,2008,15,Female,School,1133,"Glenrothes (centre and east: Pitteuchar, Finglassie, Stenton, Auchmuty, Pitcoudie, Balfarg, Pircairn, Collydean)",Fife,KY7,Fife
ragin',56.21903060630449,-3.1049047737841753,1679414461,6360,2008,15,Female,School,1133,"Glenrothes (centre and east: Pitteuchar, Finglassie, Stenton, Auchmuty, Pitcoudie, Balfarg, Pircairn, Collydean)",Fife,KY7,Fife
ragin',55.95285871914425,-3.991433607115613,1679495578,6413,1972,51,Female,Y,514,"Cumbernauld (south: Condorrat, Lenziemill, Carbrain, Kildrum, Cumbernauld Village, Abronhill, Seafar)","North Lanarkshire",G67,Glasgow
ragin',55.89133641321395,-4.391006021971802,1679499956,6414,1992,31,Female,Y,546,Clydebank,"West Dunbartonshire",G81,Glasgow
ragin',55.85461049710722,-4.095524316581467,1679667367,6415,2000,23,Female,Y,622,"Sandyhills, Glasgow",Glasgow,"Glasgow Northeast",Glasgow
ragin',55.922114580837274,-3.822329606149373,1679667607,6416,1997,26,Male,Y,377,"Falkirk (centre and south: Arnothill, Bantaskin, Callendar Park, Glen Village, Hallglen, Lionthorn, Tamfourhill, Woodlands)",Falkirk,FK1,"Stirling and Falkirk"
ragin',56.08477492338023,-3.4496887828523244,1679670929,6417,1994,29,Female,Y,1096,"Dunfermline (centre, north, west: Abbey Parks, Lady's Mill, Garvock, Headwell, Kingseathill, Wellwood, Milesmark, Baldridge, Pittencrieff, Baldridgeburn)",Fife,KY12,Fife
ragin',55.76970259272121,-4.408153543358324,1679687218,6419,1996,27,Female,Y,540,Barrhead,"East Renfrewshire",G78,Glasgow
ragin',55.8588729698993,-4.179670009182824,1679708770,6420,1997,26,Female,Y,600,"Garrowhill, Glasgow",Glasgow,"Glasgow Northeast",Glasgow
ragin',55.843625095783906,-4.408588479343492,1679769650,6421,1978,45,Male,Y,1220,"Paisley (central, east and north east: Ferguslie, Oldhall, Seedhill, Williamsburgh, Whitehaugh)",Renfrewshire,PA1,Glasgow
ragin',55.82213993977104,-4.32875657447716,1680009602,6425,2007,16,Male,School,645,Clarkston,"East Renfrewshire","Glasgow South",Glasgow
ragin',56.08008169468708,-4.096424697174497,1680429082,6430,1990,33,Female,Y,464,"Stirling (south and east: Braehead, Borestone, Broomridge, Torbrex)",Stirlingshire,FK7,"Stirling and Falkirk"
ragin',55.40436130068541,-4.760131064608361,1681823491,6437,2000,23,Female,Y,856,"Ayr (Centre)","South Ayrshire",KA7,Ayrshire
ragin',55.839677878430464,-4.280064947122853,1682083043,6441,2008,15,Other,N,658,"Giffnock, Glasgow",Glasgow,"Glasgow South",Glasgow
ragin',55.85043599819908,-4.592566654604032,1682429726,6443,1995,28,Female,Y,1224,"Bridge of Weir",Renfrewshire,PA11,Glasgow
ragin',56.0627933252226,-3.338760678222934,1682433005,6444,1997,26,Female,Y,1119,Burntisland,Fife,KY3,Fife
ragin',55.81394009972379,-4.510894536281823,1682511870,6448,2008,15,Other,School,1276,Johnstone,Renfrewshire,PA5,Glasgow
ragin',55.80706743289714,-4.270905597381357,1683023541,6457,1995,28,Male,Y,648,"Shawlands, Glasgow",Glasgow,"Glasgow South",Glasgow
ragin',55.88534416958708,-3.9613721216597613,1683281706,6460,1987,36,Female,Y,1192,Airdrie,"North Lanarkshire",ML6,Glasgow
ragin',56.23633630431225,-3.5025784970110463,1683325523,6465,2000,23,Female,School,1100,Scotlandwell,"Perth and Kinross",KY13,Fife
ragin',56.159579968879434,-3.4457207158453116,1683476372,6466,2001,22,Female,School,1100,Scotlandwell,"Perth and Kinross",KY13,Fife
ragin',55.86994611376654,-4.44244031115964,1683532810,6467,1987,36,Female,N,1249,"Paisley (north west: Ferguslie Park, Gallowhill, Gockston, Shortroods, )",Renfrewshire,PA3,Glasgow
ragin',55.95776986159711,-3.204541908522371,1683634382,6469,1994,29,Female,Y,289,"Newhaven, Edinburgh",Edinburgh,"Edinburgh North","Lothian (Edinburgh)"
ragin',55.84050165697648,-4.354130251804214,1683746652,6472,1988,35,Male,Y,678,"Cardonald, Glasgow",Glasgow,"Glasgow Southwest",Glasgow
ragin',55.80811579243252,-4.354136969686812,1683747344,6473,2000,23,Female,N,672,"Govan, Glasgow",Glasgow,"Glasgow Southwest",Glasgow
ragin',55.37123378164568,-4.401985012191485,1683811359,6476,1972,51,Female,Y,853,Dalrymple,"East Ayrshire",KA6,Ayrshire
ragin',55.42878971803322,-4.690716348223481,1683888756,6477,1965,58,Male,N,856,"Ayr (Centre)","South Ayrshire",KA7,Ayrshire
ragin',57.1779339282103,-2.129821798607338,1683898952,6478,1988,35,Female,N,112,"Dyce, Aberdeen",Aberdeen,"Aberdeen North","North East (Aberdeen)"
ragin',55.935752323284404,-4.874951144051521,1684073860,6483,2001,22,Female,Y,1235,Gourock,Inverclyde,PA19,Glasgow
ragin',55.9273506894574,-4.699658556792466,1684159882,6484,1979,44,Female,Y,1229,"Port Glasgow",Inverclyde,PA14,Glasgow
ragin',55.834041556193775,-4.297011808670054,1684445342,6486,1985,38,Female,Y,648,"Shawlands, Glasgow",Glasgow,"Glasgow South",Glasgow
ragin',55.84623263607586,-4.1573006913099535,1684489662,6488,1983,40,Female,Y,602,"Baillieston, Glasgow",Glasgow,"Glasgow Northeast",Glasgow
ragin',55.87982830181541,-4.001660309989631,1684492232,6489,2010,13,Other,School,1192,Airdrie,"North Lanarkshire",ML6,Glasgow
ragin',55.87115457545124,-4.239863948732496,1684508025,6487,1984,39,Male,N,616,"Calton, Glasgow",Glasgow,"Glasgow Northeast",Glasgow
ragin',55.89320229604656,-3.9802420611952205,1684528812,6490,1981,42,Female,Y,1194,Caldercruix,"North Lanarkshire",ML6,Glasgow
ragin',56.27381231989084,-3.659583831706218,1684709082,6491,1990,33,Female,Y,1372,Aberuthven,"Perth and Kinross",PH3,Fife
ragin',57.64957234377763,-2.818016888300229,1685097554,6492,2007,16,Female,School,90,Buckie,Moray,AB56,"North East (Aberdeen)"
ragin',57.669387035165386,-2.4918340210834846,1685310210,6493,1978,45,Female,Y,58,Macduff,Aberdeenshire,AB44,"North East (Aberdeen)"
ragin',57.66853470919944,-2.351994266415418,1685553093,6495,1995,28,Male,Y,59,Banff,Aberdeenshire,AB45,"North East (Aberdeen)"
ragin',57.7226120022598,-3.287519504162969,1686078383,6500,2010,13,Other,School,738,Lossiemouth,Moray,IV31,"North East (Aberdeen)"
ragin',57.68781094882704,-3.3110663977344124,1686078579,6500,2010,13,Other,School,738,Lossiemouth,Moray,IV31,"North East (Aberdeen)"
ragin',57.71299276500875,-3.3088467071198067,1686078657,6500,2010,13,Other,School,738,Lossiemouth,Moray,IV31,"North East (Aberdeen)"
ragin',55.4155731407502,-4.729062048219995,1686291645,6503,1989,34,Male,Y,856,"Ayr (Centre)","South Ayrshire",KA7,Ayrshire
ragin',55.85337540095139,-4.235164623598912,1686577014,6511,2006,17,Male,School,615,"Bridgeton, Glasgow",Glasgow,"Glasgow Northeast",Glasgow
ragin',55.91076674706289,-4.175099948696568,1686577130,6514,2007,16,Male,School,627,"Dennistoun, Glasgow",Glasgow,"Glasgow Northeast",Glasgow
ragin',55.837777650390656,-4.1458007165899575,1686577169,6519,2007,16,Female,School,627,"Dennistoun, Glasgow",Glasgow,"Glasgow Northeast",Glasgow
ragin',55.87505552065307,-4.220680322704135,1686577205,6531,2007,16,Female,School,627,"Dennistoun, Glasgow",Glasgow,"Glasgow Northeast",Glasgow
ragin',55.82432542775149,-4.094711362175413,1686577211,6513,2008,15,Female,School,615,"Bridgeton, Glasgow",Glasgow,"Glasgow Northeast",Glasgow
ragin',55.86925868606295,-4.1551662245816745,1686577233,6517,2007,16,Male,School,625,"Parkhead, Glasgow",Glasgow,"Glasgow Northeast",Glasgow
ragin',55.890795146897126,-4.240731879555995,1686577298,6526,2007,16,Male,School,617,"Dalmarnock, Glasgow",Glasgow,"Glasgow Northeast",Glasgow
ragin',55.86393762450753,-4.090140658202402,1686577304,6534,2007,16,Female,School,628,"Balornock, Glasgow",Glasgow,"Glasgow Northeast",Glasgow
ragin',55.85816022114087,-4.219763521063612,1686577316,6535,2007,16,Female,N,616,"Calton, Glasgow",Glasgow,"Glasgow Northeast",Glasgow
ragin',55.913255422980306,-4.190293323981209,1686577335,6536,2007,16,Male,School,617,"Dalmarnock, Glasgow",Glasgow,"Glasgow Northeast",Glasgow
ragin',55.83851257277026,-4.129638620764823,1686913256,6544,2008,15,Female,School,615,"Bridgeton, Glasgow",Glasgow,"Glasgow Northeast",Glasgow
ragin',55.852958353804965,-4.089440108713436,1686913286,6542,2008,15,Male,School,619,"Tollcross, Glasgow",Glasgow,"Glasgow Northeast",Glasgow
ragin',55.86125441429448,-4.183936585455969,1686913377,6541,2006,17,Male,School,617,"Dalmarnock, Glasgow",Glasgow,"Glasgow Northeast",Glasgow
ragin',55.90304684869189,-4.306954765088499,1686913377,6548,2006,17,Male,School,603,"Carntyne, Glasgow",Glasgow,"Glasgow Northeast",Glasgow
ragin',55.85955122186457,-4.180355448676415,1686913469,6551,2008,15,Male,School,619,"Tollcross, Glasgow",Glasgow,"Glasgow Northeast",Glasgow
ragin',55.82939044902821,-4.145920762898184,1686921154,6556,2007,16,Female,School,615,"Bridgeton, Glasgow",Glasgow,"Glasgow Northeast",Glasgow
ragin',55.860578447006546,-4.1639592986151275,1686921215,6559,2007,16,Female,School,623,"Shettleston, Glasgow",Glasgow,"Glasgow Northeast",Glasgow
ragin',55.853221266068104,-4.214134337587532,1686921243,6562,2006,17,Male,School,623,"Shettleston, Glasgow",Glasgow,"Glasgow Northeast",Glasgow
ragin',55.871051404093016,-4.119775419286875,1686921485,6555,2008,15,Other,School,603,"Carntyne, Glasgow",Glasgow,"Glasgow Northeast",Glasgow
ragin',55.86614914688585,-3.9565888905675015,1689060696,6565,1985,38,Male,Y,1192,Airdrie,"North Lanarkshire",ML6,Glasgow
ragin',55.80078285077043,-4.504402448660553,1690748797,6571,1995,28,Male,Y,1236,"Paisley (south: Blackhall, Castlehead, Dykebar, Foxbar, Hunterhill, Meikleriggs)",Renfrewshire,PA2,Glasgow
ragin',57.70305753099293,-3.458840417254792,1692739646,6575,1993,30,Female,Y,737,Elgin,Moray,IV30,"North East (Aberdeen)"
ragin',55.579239795929375,-4.338683061132628,1692800928,6576,2008,15,Other,School,843,Galston,"East Ayrshire",KA4,Ayrshire
ragin',55.864457948222416,-4.129113431527337,1692896211,6578,1992,31,Female,Y,598,Rutherglen,"South Lanarkshire","Glasgow Northeast",Glasgow
ragin',55.795221630627616,-4.8679244330916225,1692968583,6579,1998,25,Female,Y,842,Largs,"North Ayrshire",KA30,Ayrshire
ragin',56.03340203372115,-2.8334095836654254,1694703703,6587,2000,23,Male,N,345,Gullane,"East Lothian",EH31,"Lothian (Edinburgh)"
ragin',55.80731602217488,-4.129790580222612,1695208090,6600,2010,13,Male,N,529,Cambuslang,"South Lanarkshire",G72,Glasgow
ragin',55.8778042493207,-4.163734916589745,1695208105,6599,2010,13,Male,School,598,Rutherglen,"South Lanarkshire","Glasgow Northeast",Glasgow
ragin',55.784968912741256,-4.13119452780845,1695208126,6601,2010,13,Female,School,529,Cambuslang,"South Lanarkshire",G72,Glasgow
ragin',55.76903911010936,-4.1377735843631465,1695208135,6602,2010,13,Female,School,529,Cambuslang,"South Lanarkshire",G72,Glasgow
ragin',55.85697745527405,-4.137368721910232,1695208309,6608,2010,13,Female,School,598,Rutherglen,"South Lanarkshire","Glasgow Northeast",Glasgow
ragin',55.76982865439112,-4.1159695239241945,1695208475,6607,2010,13,Female,School,529,Cambuslang,"South Lanarkshire",G72,Glasgow
ragin',55.80854732955871,-4.209269405310413,1695208479,6614,2011,12,Female,School,575,"Springhall, Glasgow",Glasgow,"Glasgow Castlemilk",Glasgow
ragin',55.89823675831878,-4.2952931341580065,1695208577,6608,2010,13,Female,School,598,Rutherglen,"South Lanarkshire","Glasgow Northeast",Glasgow
ragin',55.80001811841207,-4.108989410764239,1695208597,6612,2010,13,Female,School,529,Cambuslang,"South Lanarkshire",G72,Glasgow
ragin',55.81769663762536,-4.179497719104807,1695208958,6615,2010,13,Female,School,529,Cambuslang,"South Lanarkshire",G72,Glasgow
ragin',55.830460419467364,-4.153258125106826,1695209060,6613,2011,12,Female,School,634,"Maryhill, Glasgow",Glasgow,"Glasgow Northeast",Glasgow
ragin',55.85909660331869,-4.333781117535343,1695209125,6605,2010,13,Male,School,661,"Govanhill, Glasgow",Glasgow,"Glasgow Southwest",Glasgow
ragin',55.85858378754958,-4.274782113266001,1695549840,6617,1978,45,Male,Y,590,"Hyndland, Glasgow",Glasgow,"Glasgow Kelvin",Glasgow
ragin',55.88988378873657,-4.258678085707299,1695822680,6620,2003,20,Female,Y,632,"Springburn, Glasgow",Glasgow,"Glasgow Northeast",Glasgow
ragin',56.64993846160273,-2.6361763468321437,1696338321,6622,2005,18,Female,Y,141,Arbroath,Angus,DD11,"Tayside and Angus (Dundee)"
ragin',55.8639752791796,-4.4462494470588565,1696422194,6623,2002,21,Other,Y,1249,"Paisley (north west: Ferguslie Park, Gallowhill, Gockston, Shortroods, )",Renfrewshire,PA3,Glasgow
ragin',55.9602764850102,-3.190942392035368,1696791069,6624,2005,18,Female,Y,287,"Corstorphine, Edinburgh",Edinburgh,"Edinburgh North","Lothian (Edinburgh)"
ragin',55.48452841021602,-4.601073786467306,1696836804,6625,2002,21,Male,Y,873,Prestwick,"South Ayrshire",KA9,Ayrshire
ragin',55.99187858601744,-2.5776083936321874,1696854594,6626,2001,22,Other,School,359,Dunbar,"East Lothian",EH42,"Lothian (Edinburgh)"
ragin',55.84805594534473,-4.113538718129509,1696981704,6628,1987,36,Male,Y,627,"Dennistoun, Glasgow",Glasgow,"Glasgow Northeast",Glasgow
ragin',57.16661350360866,-2.1554265158938324,1697305157,6631,2001,22,Female,Y,107,"Rosemount, Aberdeen",Aberdeen,"Aberdeen Central","North East (Aberdeen)"
ragin',55.81429798271759,-4.517931824486367,1697372215,6633,1966,57,Female,Y,1276,Johnstone,Renfrewshire,PA5,Glasgow
ragin',55.90681403132077,-4.375987500027939,1697862212,6636,1991,32,Male,N,644,"Partick, Glasgow",Glasgow,"Glasgow Northwest",Glasgow
ragin',55.73965443565916,-4.557431273337969,1699514321,6640,1974,49,Female,Y,791,Beith,"East Ayrshire",KA15,Ayrshire
ragin',56.07019181420305,-3.23649640187253,1699907798,6641,2003,20,Other,Y,1119,Burntisland,Fife,KY3,Fife
ragin',55.26366558109645,-3.5793667467306927,1699908163,6642,2003,20,Other,Y,186,"Dumfries (centre and east: Dalscone, Georgetown, Heathhall, Kingholm Quay, Noblehill, The Crichton)","Dumfries and Galloway",DG1,"Dumfries and Galloway"
ragin',55.902689664589154,-4.194249088348083,1700615138,6644,1992,31,Female,Y,625,"Parkhead, Glasgow",Glasgow,"Glasgow Northeast",Glasgow
ragin',55.66449005697556,-4.640066392090409,1701806140,6653,1963,60,Male,Y,788,Kilwinning,"North Ayrshire",KA13,Ayrshire
ragin',55.97613381315369,-3.198180935525938,1702050090,6655,2003,20,Female,Y,293,"Comely Bank, Edinburgh",Edinburgh,"Edinburgh North","Lothian (Edinburgh)"
ragin',55.33461034273836,-3.017678008932424,1702159784,6656,1989,34,Female,Y,1493,Hawick,"Scottish Borders",TD9,Borders
ragin',55.979771485934215,-3.172592661129281,1702419822,6659,1987,36,Male,Y,284,"Restalrig, Edinburgh",Edinburgh,"Edinburgh Leith","Lothian (Edinburgh)"
ragin',55.857368696500984,-4.344299144270916,1702420650,6661,1992,31,Male,Y,672,"Govan, Glasgow",Glasgow,"Glasgow Southwest",Glasgow
ragin',55.040592499028556,-3.618846830017312,1702422166,6662,2004,19,Male,N,207,"Dumfries (west: Broomlands, Cargenbridge, Lochside, Maxwelltown, Troqueer)","Dumfries and Galloway",DG2,"Dumfries and Galloway"
ragin',55.47566117423247,-4.594233650251309,1702425633,6663,1995,28,Male,Y,868,"Newton on Ayr","South Ayrshire",KA8,Ayrshire
ragin',56.006023035813584,-3.5372843663608107,1702432388,6664,1989,34,Male,Y,370,Bo'ness,Falkirk,EH51,"Lothian (Edinburgh)"
ragin',55.873630102201254,-4.303717132044536,1702434756,6665,1993,30,Male,Y,638,"Drumchapel, Glasgow",Glasgow,"Glasgow Northwest",Glasgow
ragin',55.95178978591986,-3.9383874805001913,1702447221,6666,1993,30,Female,Y,514,"Cumbernauld (south: Condorrat, Lenziemill, Carbrain, Kildrum, Cumbernauld Village, Abronhill, Seafar)","North Lanarkshire",G67,Glasgow
ragin',58.21317866129617,-6.365802485588398,1702453278,6669,1970,53,Male,Y,686,"Stornoway, Isle of Lewis","Western Isles",HS1,"Western Isles"
ragin',55.97517339125395,-3.603273298933791,1702455771,6670,1992,31,Male,Y,369,Linlithgow,"West Lothian",EH49,"Lothian (Edinburgh)"
ragin',55.09698566884827,-3.8402422536845124,1702456740,6671,1992,31,Male,Y,207,"Dumfries (west: Broomlands, Cargenbridge, Lochside, Maxwelltown, Troqueer)","Dumfries and Galloway",DG2,"Dumfries and Galloway"
ragin',57.121620307115776,-2.33002218766629,1702460522,6674,1968,55,Male,N,133,"Bieldside, Aberdeen",Aberdeen,"Aberdeen Southwest","North East (Aberdeen)"
ragin',55.964578433410225,-4.3358004971612285,1702461630,6675,1997,26,Male,Y,489,Milngavie,"East Dunbartonshire",G62,Glasgow
ragin',55.80128484016067,-4.006528395972589,1702462591,6676,1991,32,Male,Y,1151,Motherwell,"North Lanarkshire",ML1,Glasgow
ragin',55.76794971026595,-3.917243811009648,1702463251,6678,1981,42,Male,Y,1180,Wishaw,"North Lanarkshire",ML2,Glasgow
ragin',55.950841225640396,-3.849245704227718,1702465291,6681,1988,35,Male,N,377,"Falkirk (centre and south: Arnothill, Bantaskin, Callendar Park, Glen Village, Hallglen, Lionthorn, Tamfourhill, Woodlands)",Falkirk,FK1,"Stirling and Falkirk"
ragin',56.03221999349156,-4.050571101029271,1702468382,6684,1995,28,Male,N,452,Denny,Falkirk,FK6,"Stirling and Falkirk"
ragin',56.12910258987155,-3.515365298175849,1702471150,6686,1993,30,Male,Y,1096,"Dunfermline (centre, north, west: Abbey Parks, Lady's Mill, Garvock, Headwell, Kingseathill, Wellwood, Milesmark, Baldridge, Pittencrieff, Baldridgeburn)",Fife,KY12,Fife
ragin',55.9321745410559,-3.4758803784215013,1702473970,6689,1995,28,Male,Y,371,Broxburn,"West Lothian",EH52,"Lothian (Edinburgh)"
ragin',55.883263752351,-4.248055996735855,1702474889,6690,1965,58,Male,N,617,"Dalmarnock, Glasgow",Glasgow,"Glasgow Northeast",Glasgow
ragin',55.72614242422537,-4.052642017234408,1702478484,6691,1977,46,Male,Y,1183,Hamilton,"South Lanarkshire",ML3,Glasgow
ragin',55.9622490852123,-2.4688515589874664,1702514166,6694,1989,34,Male,Y,359,Dunbar,"East Lothian",EH42,"Lothian (Edinburgh)"
ragin',58.48368884127301,-3.1630786704146203,1702592742,6696,1994,29,Male,N,899,Wick,Highland,KW1,"Highlands (Inverness)"
ragin',55.957910533825995,-3.5164084253776933,1702668484,6698,1975,48,Male,N,371,Broxburn,"West Lothian",EH52,"Lothian (Edinburgh)"
ragin',55.723510263184814,-3.8705764100558793,1702715025,6699,1986,37,Male,Y,1212,Carluke,"South Lanarkshire",ML8,Glasgow
ragin',56.49101553282454,-3.0247471541334967,1704307102,6706,2000,24,Female,Y,244,"Stobswell, Dundee",Dundee,"Dundee Central","Tayside and Angus (Dundee)"
ragin',55.978104467862764,-3.207407427523807,1704744886,6707,1996,28,Male,Y,298,"Inverleith, Edinburgh",Edinburgh,"Edinburgh North","Lothian (Edinburgh)"
ragin',55.90673306080147,-4.535854268334779,1705414249,6708,2002,22,Male,Y,1292,Bishopton,Renfrewshire,PA7,Glasgow
ragin',57.171969309428235,-2.144149657506563,1705442725,6713,1989,35,Female,N,101,"Sheddocksley, Aberdeen",Aberdeen,"Aberdeen Central","North East (Aberdeen)"
ragin',57.23555223032868,-2.151631241397345,1705494523,6720,1989,35,Female,N,125,Whiterashes,Aberdeenshire,"Aberdeen North","North East (Aberdeen)"
ragin',57.05240970101687,-2.967795640074615,1706102060,6726,2003,21,Female,Y,33,Aboyne,Aberdeenshire,AB34,"North East (Aberdeen)"
ragin',55.700717939066685,-4.231415845797489,1706958861,6736,2003,21,Female,Y,537,Eaglesham,"East Renfrewshire",G76,Glasgow
ragin',55.856750325114206,-4.211196252797964,1707039518,6738,1969,55,Female,Y,634,"Maryhill, Glasgow",Glasgow,"Glasgow Northeast",Glasgow
ragin',55.49694451221004,-4.3103575230100715,1707061456,6739,1997,27,Female,Y,846,Mauchline,"East Ayrshire",KA5,Ayrshire
ragin',58.034567813436134,-6.6259963869369205,1707252334,6744,1999,25,Female,Y,688,"Isle of Lewis","Western Isles (outside of Stornoway)",HS2,"Western Isles"
ragin',57.60930761758901,-3.250367649805648,1707518354,6750,1987,37,Female,Y,737,Elgin,Moray,IV30,"North East (Aberdeen)"
ragin',56.086754163838975,-4.289735801785792,1707832499,6754,1997,27,Male,Y,465,Aberfoyle,Stirlingshire,FK8,"Stirling and Falkirk"
ragin',55.87707241101349,-4.291069415814612,1708079022,6757,1964,60,Female,N,591,"Hillhead, Glasgow",Glasgow,"Glasgow Kelvin",Glasgow
ragin',56.00911979886252,-4.251676176243558,1708094919,6758,1977,47,Female,Y,509,Lenzie,"East Dunbartonshire",G66,Glasgow
ragin',55.886112429950494,-3.576320150542837,1708170855,6759,1983,41,Female,N,366,Whitburn,"West Lothian",EH47,"Lothian (Edinburgh)"
ragin',54.90565835695722,-4.1254064845842064,1708170856,6760,1977,47,Male,Y,218,Kirkcudbright,"Dumfries and Galloway",DG6,"Dumfries and Galloway"
ragin',55.76813384298987,-4.681814355871863,1708377221,6761,2002,22,Other,Y,817,Kilbirnie,"North Ayrshire",KA25,Ayrshire
ragin',58.048246263883165,-6.704218971452132,1708444655,6775,2005,19,Female,Y,688,"Isle of Lewis","Western Isles (outside of Stornoway)",HS2,"Western Isles"
ragin',56.972233016205166,-2.411797112032305,1708445434,6778,2005,19,Female,Y,48,Stonehaven,Aberdeenshire,AB39,"North East (Aberdeen)"
ragin',55.63524617096718,-3.8834649217840425,1708446967,6783,2006,18,Female,Y,1168,Lesmahagow,"South Lanarkshire",ML11,Glasgow
ragin',55.935499429129926,-3.6197217580596686,1708449390,6786,2005,19,Female,Y,367,Armadale,"West Lothian",EH48,"Lothian (Edinburgh)"
ragin',55.940300016578526,-4.8345607148539,1708450747,6789,1988,36,Male,Y,1231,"Greenock (west: Bow Farm, Braeside, Branchton, Fort Matilda, Gateside, Greenock West, Overton, Pennyfern, Smithston)",Inverclyde,PA16,Glasgow
ragin',55.84835911993324,-3.35717902572996,1708450827,6774,2004,20,Male,Y,315,"Fairmilehead, Edinburgh",Edinburgh,"Edinburgh South","Lothian (Edinburgh)"
ragin',55.52695614596035,-3.8661408216515065,1708455453,6783,2006,18,Female,Y,1168,Lesmahagow,"South Lanarkshire",ML11,Glasgow
ragin',55.749248237842686,-4.703476971721245,1708456047,6797,2004,20,Female,School,817,Kilbirnie,"North Ayrshire",KA25,Ayrshire
ragin',55.43083064703707,-4.6780152187732424,1708456732,6798,2005,19,Female,Y,859,Doonfoot,"South Ayrshire",KA7,Ayrshire
ragin',55.43059691017672,-3.8294167018085394,1708457296,6800,2004,20,Female,Y,212,Kirkconnel,"Dumfries and Galloway",DG4,"Dumfries and Galloway"
ragin',55.77159955093762,-4.2128513652096755,1708459089,6801,2005,19,Female,Y,530,"East Kilbride (north: The Village, East Mains, West Mains, Lymekilns, St Leonards, Calderwood, Nerston, Stewartfield, Peel Park)","South Lanarkshire",G74,Glasgow
ragin',55.15665666435691,-4.190192124780366,1708460253,6802,2004,20,Female,Y,220,"Castle Douglas","Dumfries and Galloway",DG7,"Dumfries and Galloway"
ragin',55.7815460429584,-4.532606237645631,1708465536,6808,1984,40,Female,N,1308,Howwood,Renfrewshire,PA9,Glasgow
ragin',55.93630238940569,-3.2797683438789065,1708466362,6771,2004,20,Female,Y,287,"Corstorphine, Edinburgh",Edinburgh,"Edinburgh North","Lothian (Edinburgh)"
ragin',55.841159573068104,-4.080001004310798,1708508177,6809,2005,19,Male,Y,526,Viewpark,"North Lanarkshire",G71,Glasgow
ragin',55.60852415730895,-4.003122891350155,1708549129,6816,2004,20,Male,Y,1162,Blackwood,"South Lanarkshire",ML11,Glasgow
ragin',55.86953266002525,-4.602072946995033,1708553122,6818,1962,62,Male,Y,1224,"Bridge of Weir",Renfrewshire,PA11,Glasgow
ragin',55.89784616644906,-4.004547051455726,1708610080,6824,1977,47,Male,Y,1192,Airdrie,"North Lanarkshire",ML6,Glasgow
ragin',55.91156393012523,-3.9246794194427723,1708610941,6824,1977,47,Male,Y,1192,Airdrie,"North Lanarkshire",ML6,Glasgow
ragin',55.951762108371675,-3.2883056459196403,1708618649,6825,2002,22,Female,Y,278,"Granton, Edinburgh",Edinburgh,"Edinburgh Clermiston Granton","Lothian (Edinburgh)"
ragin',55.94370379506521,-3.236994268193234,1708627128,6826,2004,20,Female,Y,296,"Davidson's Mains, Edinburgh",Edinburgh,"Edinburgh North","Lothian (Edinburgh)"
ragin',55.8259786654297,-4.530505917515556,1708708199,6831,1976,48,Male,Y,1275,Elderslie,Renfrewshire,PA5,Glasgow
ragin',55.95904657267637,-3.2823515139028583,1708708228,6832,1974,50,Female,Y,278,"Granton, Edinburgh",Edinburgh,"Edinburgh Clermiston Granton","Lothian (Edinburgh)"
ragin',55.97090670669387,-4.607132299832907,1708792912,6834,1962,62,Female,Y,549,Dumbarton,"West Dunbartonshire",G82,Glasgow
ragin',55.99861969658851,-4.4722422633328245,1708809371,6790,2004,20,Female,Y,549,Dumbarton,"West Dunbartonshire",G82,Glasgow
ragin',55.81511454874687,-4.255102211817816,1708955155,6838,2004,20,Female,Y,658,"Giffnock, Glasgow",Glasgow,"Glasgow South",Glasgow
ragin',57.109650601358716,-2.303753077941517,1708963575,6842,1997,27,Female,Y,132,"Peterculter, Aberdeen",Aberdeen,"Aberdeen Southwest","North East (Aberdeen)"
ragin',55.83539207737886,-4.376248032461601,1708978442,6844,2006,18,Female,Y,1236,"Paisley (south: Blackhall, Castlehead, Dykebar, Foxbar, Hunterhill, Meikleriggs)",Renfrewshire,PA2,Glasgow
ragin',55.89724195805551,-4.050088643109846,1709029727,6850,2005,19,Male,Y,1189,Coatbridge,"North Lanarkshire",ML5,Glasgow
ragin',55.94289676775236,-4.295892824812345,1709033002,6853,2008,16,Other,School,489,Milngavie,"East Dunbartonshire",G62,Glasgow
ragin',55.953930526511556,-4.285992840671753,1709036541,6855,2008,16,Male,School,489,Milngavie,"East Dunbartonshire",G62,Glasgow
ragin',55.98328521626929,-3.1762151993441092,1709040581,6861,2005,19,Female,Y,285,"Leith, Edinburgh",Edinburgh,"Edinburgh Leith","Lothian (Edinburgh)"
ragin',55.965568912307006,-3.158239245305217,1709040818,6861,2005,19,Female,Y,285,"Leith, Edinburgh",Edinburgh,"Edinburgh Leith","Lothian (Edinburgh)"
ragin',55.859443212445164,-4.141027926627025,1709043848,6864,2005,19,Female,Y,615,"Bridgeton, Glasgow",Glasgow,"Glasgow Northeast",Glasgow
ragin',55.89045462716887,-3.3128713804719316,1709047228,6867,2005,19,Male,Y,317,"Marchmont, Edinburgh",Edinburgh,"Edinburgh South","Lothian (Edinburgh)"
ragin',55.72376040534931,-4.042307196519633,1709047382,6868,2005,19,Male,Y,1183,Hamilton,"South Lanarkshire",ML3,Glasgow
ragin',56.0487289263273,-4.861305075512136,1709055969,6871,2006,18,Female,Y,566,Helensburgh,"Argyll and Bute",G84,"Argyll and Bute"
ragin',56.478171794537815,-3.057821461451634,1709155836,6876,1962,62,Male,Y,238,"Menzieshill, Dundee",Dundee,"Dundee Central","Tayside and Angus (Dundee)"
ragin',55.02050801464399,-3.7867827715713447,1709213730,6877,2004,20,Female,Y,207,"Dumfries (west: Broomlands, Cargenbridge, Lochside, Maxwelltown, Troqueer)","Dumfries and Galloway",DG2,"Dumfries and Galloway"
ragin',55.928341199236954,-4.299833404189656,1709295849,6879,1979,45,Female,Y,488,Bearsden,"East Dunbartonshire",G61,Glasgow
ragin',55.86522785606496,-4.284284086028047,1709405340,6883,1939,85,Male,Y,596,"Finnieston, Glasgow",Glasgow,"Glasgow Kelvin",Glasgow
ragin',55.84645377564738,-4.013030933582501,1709670237,6889,2006,18,Female,Y,1189,Coatbridge,"North Lanarkshire",ML5,Glasgow
ragin',55.94338254609273,-3.094691962268171,1709684974,6891,2005,19,Female,School,281,"Portobello, Edinburgh",Edinburgh,"Edinburgh Duddingston","Lothian (Edinburgh)"
ragin',55.905287567595416,-3.13618527899484,1710070164,6895,1963,61,Female,Y,322,"Gilmerton, Edinburgh",Edinburgh,"Edinburgh Southeast","Lothian (Edinburgh)"
ragin',55.97971926407466,-3.1591227518365863,1710070891,6896,1984,40,Male,N,285,"Leith, Edinburgh",Edinburgh,"Edinburgh Leith","Lothian (Edinburgh)"
ragin',55.97248418066666,-3.1655168387715937,1710071821,6897,1986,38,Female,N,285,"Leith, Edinburgh",Edinburgh,"Edinburgh Leith","Lothian (Edinburgh)"
ragin',55.9178404525031,-3.2882409241450206,1710095035,6898,1959,65,Male,N,270,"Meadows and Southside, Edinburgh",Edinburgh,"Edinburgh Central","Lothian (Edinburgh)"
ragin',56.02777105704427,-2.8245616509503133,1710750113,6901,2000,24,Male,N,345,Gullane,"East Lothian",EH31,"Lothian (Edinburgh)"
ragin',56.05117980302304,-3.516692533350736,1710862275,6903,2003,21,Female,Y,1096,"Dunfermline (centre, north, west: Abbey Parks, Lady's Mill, Garvock, Headwell, Kingseathill, Wellwood, Milesmark, Baldridge, Pittencrieff, Baldridgeburn)",Fife,KY12,Fife
ragin',55.9289811035602,-3.0620542664809878,1710975665,6906,1963,61,Female,Y,330,Musselburgh,"East Lothian",EH21,"Lothian (Edinburgh)"
ragin',56.03612385304573,-3.432854946228648,1711117029,6908,2005,19,Female,Y,1090,"Dunfermline (south and east: Halbeath, Touch, Duloch, Masterton, Pitcorthie, Abbeyview, Brucefield, Hospital Hill, Camdean, Pitreavie)",Fife,KY11,Fife
ragin',55.98452423983903,-2.7057565375008092,1713091020,6913,1990,34,Male,Y,357,Haddington,"East Lothian",EH41,"Lothian (Edinburgh)"
ragin',57.51872105094875,-4.2195084158145075,1713360933,6589,1999,24,Female,Y,699,"Inverness (centre, north: Longman)",Highland,IV1,"Highlands (Inverness)"
ragin',55.80586152223125,-4.249032605277487,1713370326,6918,1957,67,Female,N,571,"Castlemilk, Glasgow",Glasgow,"Glasgow Castlemilk",Glasgow
ragin',55.802170168465416,-4.247492877093874,1713370420,6918,1957,67,Female,N,571,"Castlemilk, Glasgow",Glasgow,"Glasgow Castlemilk",Glasgow
ragin',57.14592200741728,-2.173360266751293,1713371300,6919,1957,67,Male,Y,107,"Rosemount, Aberdeen",Aberdeen,"Aberdeen Central","North East (Aberdeen)"
ragin',55.88256107348852,-4.203049115075559,1713702977,6928,2004,20,Other,Y,598,Rutherglen,"South Lanarkshire","Glasgow Northeast",Glasgow
ragin',55.9329534613319,-3.646660509187956,1714158207,6934,2005,19,Female,Y,367,Armadale,"West Lothian",EH48,"Lothian (Edinburgh)"
ragin',55.89887691481785,-4.2077155440976375,1714339251,6938,2004,20,Male,Y,634,"Maryhill, Glasgow",Glasgow,"Glasgow Northeast",Glasgow
ragin',58.63591728419333,-3.284888869021271,1716583222,6943,1992,32,Male,Y,961,Thurso,Highland,KW14,"Highlands (Inverness)"
ragin',55.77116267608091,-4.542900247595999,1718284579,6949,1988,36,Male,Y,540,Barrhead,"East Renfrewshire",G78,Glasgow
ragin',55.64438676085002,-4.335365883583142,1718785990,6576,2008,15,Other,School,843,Galston,"East Ayrshire",KA4,Ayrshire
ragin',56.96527559705664,-2.2602896479682006,1718869504,6951,1986,38,Male,Y,48,Stonehaven,Aberdeenshire,AB39,"North East (Aberdeen)"
ragin',55.81649504206018,-4.294764694658854,1719355806,6952,2004,20,Female,Y,658,"Giffnock, Glasgow",Glasgow,"Glasgow South",Glasgow
ragin',55.758789336837545,-4.156426792659032,1721384691,6958,1952,72,Female,Y,530,"East Kilbride (north: The Village, East Mains, West Mains, Lymekilns, St Leonards, Calderwood, Nerston, Stewartfield, Peel Park)","South Lanarkshire",G74,Glasgow
ragin',55.774577132397766,-4.1492858905814725,1721384742,6959,1978,46,Male,Y,530,"East Kilbride (north: The Village, East Mains, West Mains, Lymekilns, St Leonards, Calderwood, Nerston, Stewartfield, Peel Park)","South Lanarkshire",G74,Glasgow
ragin',55.763862743716125,-4.229792151111639,1721384974,6957,1992,32,Male,Y,530,"East Kilbride (north: The Village, East Mains, West Mains, Lymekilns, St Leonards, Calderwood, Nerston, Stewartfield, Peel Park)","South Lanarkshire",G74,Glasgow
ragin',56.416623772644705,-2.8245526481177103,1723114920,6966,1985,39,Male,Y,174,Gauldry,Fife,DD6,"Tayside and Angus (Dundee)"
ragin',55.84753834961444,-4.380905946866729,1724066469,6973,2009,15,Female,School,1220,"Paisley (central, east and north east: Ferguslie, Oldhall, Seedhill, Williamsburgh, Whitehaugh)",Renfrewshire,PA1,Glasgow
ragin',55.8621838042813,-4.281602431520671,1725218671,6978,1955,69,Female,Y,591,"Hillhead, Glasgow",Glasgow,"Glasgow Kelvin",Glasgow
ragin',55.82232477797364,-4.380899164178524,1725362414,6979,1995,29,Female,Y,663,"Mount Florida, Glasgow",Glasgow,"Glasgow Southwest",Glasgow
ragin',55.95660562734445,-4.8287260640778875,1725820421,6980,1966,58,Female,Y,1235,Gourock,Inverclyde,PA19,Glasgow
ragin',56.453192624082355,-2.9859018888731486,1726780858,6986,1980,44,Female,Y,258,"Balgay, Dundee",Dundee,"Dundee West","Tayside and Angus (Dundee)"
ragin',55.87226023976319,-4.292705092439867,1727127495,6987,1984,40,Male,N,591,"Hillhead, Glasgow",Glasgow,"Glasgow Kelvin",Glasgow
ragin',55.77121344961618,-3.1565217534538905,1727864283,6989,2004,20,Female,Y,343,Penicuik,Midlothian,EH26,"Lothian (Edinburgh)"
ragin',55.90286835481509,-4.8734186801517865,1727889250,6990,1985,39,Male,Y,1231,"Greenock (west: Bow Farm, Braeside, Branchton, Fort Matilda, Gateside, Greenock West, Overton, Pennyfern, Smithston)",Inverclyde,PA16,Glasgow
ragin',56.0549015026516,-4.81332556834184,1727982384,6991,1997,27,Male,Y,566,Helensburgh,"Argyll and Bute",G84,"Argyll and Bute"
ragin',57.61695013476642,-3.2312705426799457,1728553786,6995,1962,62,Female,N,737,Elgin,Moray,IV30,"North East (Aberdeen)"
ragin',55.867135013009815,-4.425838636088516,1729236623,6998,1964,60,Female,N,1249,"Paisley (north west: Ferguslie Park, Gallowhill, Gockston, Shortroods, )",Renfrewshire,PA3,Glasgow
ragin',55.687492518563275,-4.249474786943742,1730141413,6999,1987,37,Female,Y,537,Eaglesham,"East Renfrewshire",G76,Glasgow
ragin',55.76526364928664,-3.980581759102159,1730369579,7000,1961,63,Female,Y,1183,Hamilton,"South Lanarkshire",ML3,Glasgow
ragin',55.95252969026217,-3.1332172394247717,1730398791,7002,1998,26,Female,Y,283,"Craigentinny, Edinburgh",Edinburgh,"Edinburgh Duddingston","Lothian (Edinburgh)"
ragin',55.947671417062345,-3.8173748201434035,1730405333,7004,1994,30,Female,Y,377,"Falkirk (centre and south: Arnothill, Bantaskin, Callendar Park, Glen Village, Hallglen, Lionthorn, Tamfourhill, Woodlands)",Falkirk,FK1,"Stirling and Falkirk"
ragin',55.962745188458314,-4.276392461398452,1730405791,7005,1970,54,Male,N,489,Milngavie,"East Dunbartonshire",G62,Glasgow
ragin',57.019151929650974,-2.6191177371738745,1730407663,7008,1987,37,Female,Y,22,Banchory,Aberdeenshire,AB31,"North East (Aberdeen)"
ragin',57.58483865696846,-3.0803419532402323,1730409891,7009,1995,29,Male,Y,88,Keith, Moray,AB55,"North East (Aberdeen)"
ragin',55.9315705202613,-3.714889365575591,1730414429,7013,1998,26,Male,Y,377,"Falkirk (centre and south: Arnothill, Bantaskin, Callendar Park, Glen Village, Hallglen, Lionthorn, Tamfourhill, Woodlands)",Falkirk,FK1,"Stirling and Falkirk"
ragin',57.41535549397037,-4.354668458314506,1730424913,7017,2001,23,Other,N,736,"Inverness (west: Ballifeary, Balnafettack, Clachnaharry, Dalneigh, Kinmylies, Leachkin, Merkinch, Muirtown, South Kessock)",Highland,IV3,"Highlands (Inverness)"
ragin',55.40409871472571,-4.469289885718815,1730445035,7021,1985,39,Other,Y,852,Dalmellington,"East Ayrshire",KA6,Ayrshire
ragin',55.95378808671951,-3.1492370728328054,1730447632,7022,1988,36,Female,Y,281,"Portobello, Edinburgh",Edinburgh,"Edinburgh Duddingston","Lothian (Edinburgh)"
ragin',55.92190597259818,-4.236987734971079,1730456654,7030,1987,37,Female,Y,502,Bishopbriggs,"East Dunbartonshire",G64,Glasgow
ragin',55.84778256113755,-4.5192848087870985,1730469430,7040,1959,65,Female,Y,1276,Johnstone,Renfrewshire,PA5,Glasgow
ragin',55.73443391002911,-4.063099273558523,1730474254,7045,1991,33,Female,Y,1183,Hamilton,"South Lanarkshire",ML3,Glasgow
ragin',55.91344997159406,-4.247069503641867,1730483640,7047,1992,32,Female,Y,503,Torrance,"East Dunbartonshire",G64,Glasgow
ragin',58.314747297471975,-3.7431274155708616,1730487401,7048,1992,32,Male,Y,913,Halkirk,Highland,KW12,"Highlands (Inverness)"
ragin',56.063746304743034,-4.807014386002533,1730492442,7051,1980,44,Female,Y,568,Rhu,"Argyll and Bute",G84,"Argyll and Bute"
ragin',55.93665807638828,-3.82779027216931,1730542160,7013,1998,26,Male,Y,377,"Falkirk (centre and south: Arnothill, Bantaskin, Callendar Park, Glen Village, Hallglen, Lionthorn, Tamfourhill, Woodlands)",Falkirk,FK1,"Stirling and Falkirk"
ragin',55.69201960762183,-2.964327835927558,1730559477,7057,1989,35,Female,Y,1413,Galashiels,"Scottish Borders",TD1,Borders
ragin',55.861534334789006,-4.671272208945597,1730588416,7062,1968,56,Male,Y,1224,"Bridge of Weir",Renfrewshire,PA11,Glasgow
ragin',55.44835366406747,-4.46381905780496,1730590427,7021,1985,39,Other,Y,852,Dalmellington,"East Ayrshire",KA6,Ayrshire
ragin',55.942776670606705,-4.221651756419269,1730590963,7047,1992,32,Female,Y,503,Torrance,"East Dunbartonshire",G64,Glasgow
ragin',57.286242174287274,-2.4861636837029266,1730636540,7066,1978,46,Female,Y,64,Inverurie,Aberdeenshire,AB51,"North East (Aberdeen)"
ragin',55.86824165918657,-3.536353587377744,1730646800,7063,1981,43,Male,Y,375,Livingston,"West Lothian",EH54,"Lothian (Edinburgh)"
ragin',55.842901563852095,-3.9146589403873335,1730725027,7072,1966,58,Male,Y,1151,Motherwell,"North Lanarkshire",ML1,Glasgow
ragin',55.654493436574036,-4.662973292280503,1730733365,7074,1974,50,Male,Y,788,Kilwinning,"North Ayrshire",KA13,Ayrshire
ragin',56.17005917016121,-3.167786930451594,1730827718,7080,1999,25,Male,Y,1079,"Kirkcaldy (east: Linktown, Port Brae, Pathhead, Sinclairtown, Smeaton, Gallatown)",Fife,KY1,Fife
ragin',55.54258644833928,-4.67102902711741,1730848338,7082,1975,49,Male,Y,784,Troon,"South Ayrshire",KA10,Ayrshire
ragin',55.86018679119126,-4.361144670310715,1730902937,7083,1999,25,Female,Y,682,"Darnley, Glasgow",Glasgow,"Glasgow Southwest",Glasgow
ragin',56.06670879887207,-3.545281228421806,1731139352,7088,1984,40,Female,Y,1096,"Dunfermline (centre, north, west: Abbey Parks, Lady's Mill, Garvock, Headwell, Kingseathill, Wellwood, Milesmark, Baldridge, Pittencrieff, Baldridgeburn)",Fife,KY12,Fife
ragin',58.42507215115339,-3.638938957254214,1731169225,7090,2001,23,Male,Y,913,Halkirk,Highland,KW12,"Highlands (Inverness)"
ragin',56.06427466317577,-3.932903956068773,1731410976,7096,1997,27,Male,Y,464,"Stirling (south and east: Braehead, Borestone, Broomridge, Torbrex)",Stirlingshire,FK7,"Stirling and Falkirk"
ragin',57.692413159621395,-2.842842775315005,1731532027,7098,1959,65,Female,N,90,Buckie,Moray,AB56,"North East (Aberdeen)"
ragin',57.680317713140525,-2.894124970720683,1731532689,7099,1983,41,Female,Y,90,Buckie,Moray,AB56,"North East (Aberdeen)"
ragin',57.65609400943756,-2.875571005953091,1731575912,7098,1959,65,Female,N,90,Buckie,Moray,AB56,"North East (Aberdeen)"
ragin',57.62935114946708,-3.0033651905189243,1731614124,7102,2009,15,Female,School,94,Portgordon,Moray,AB56,"North East (Aberdeen)"
ragin',57.69846920048556,-2.911913771243224,1731614186,7103,1979,45,Male,N,90,Buckie,Moray,AB56,"North East (Aberdeen)"
ragin',55.95404721620631,-4.395397298033317,1731966962,7104,1992,32,Female,Y,546,Clydebank,"West Dunbartonshire",G81,Glasgow
ragin',55.41977396352678,-4.316543128728658,1732014829,7106,1984,40,Female,Y,798,Cumnock,"East Ayrshire",KA18,Ayrshire
ragin',55.462318261499696,-4.632611500887371,1732020074,7107,1957,67,Female,N,856,"Ayr (Centre)","South Ayrshire",KA7,Ayrshire
ragin',55.95886200597186,-2.494370149674676,1732108771,7110,1985,39,Female,Y,359,Dunbar,"East Lothian",EH42,"Lothian (Edinburgh)"
ragin',58.48423566982732,-4.1119464793952725,1732273515,7115,1991,33,Male,Y,961,Thurso,Highland,KW14,"Highlands (Inverness)"
ragin',57.38581014915622,-4.404915713598101,1732307961,7118,1990,34,Male,Y,736,"Inverness (west: Ballifeary, Balnafettack, Clachnaharry, Dalneigh, Kinmylies, Leachkin, Merkinch, Muirtown, South Kessock)",Highland,IV3,"Highlands (Inverness)"
ragin',57.665118377628076,-2.672803914156158,1732651780,7120,1992,32,Female,Y,63,Whitehills,Aberdeenshire,AB45,"North East (Aberdeen)"
ragin',56.44745502275667,-3.6103757857857035,1733689644,7129,1964,60,Female,N,1313,"Perth (north and west: Burghmuir, Cherrybank, Hillyland, Inveralmond, Lethom, Muirton, North Muirton, Tulloch)","Perth and Kinross",PH1,Fife
ragin',55.955248867119714,-3.1815146393015024,1733689703,7130,1956,68,Female,N,287,"Corstorphine, Edinburgh",Edinburgh,"Edinburgh North","Lothian (Edinburgh)"
ragin',55.89531426511729,-3.1793777545070188,1733691236,7132,1956,68,Male,Y,322,"Gilmerton, Edinburgh",Edinburgh,"Edinburgh Southeast","Lothian (Edinburgh)"
ragin',56.32269088773882,-3.445140342008675,1733693511,7135,1970,54,Female,Y,1335,Aberargie,"Perth and Kinross",PH2,Fife
ragin',56.38088507461504,-3.7501906440470143,1733702293,7136,1983,41,Female,Y,1402,Crieff,"Perth and Kinross",PH7,Fife
ragin',56.12233554027376,-3.2034166445753653,1733721389,7137,1964,60,Female,N,1117,"Kirkcaldy (west: Hayfield, Templehall, Newliston, Chapel, Dunnikier, Bennochy)",Fife,KY2,Fife
ragin',56.48426163493181,-2.8747695289274318,1733727194,7139,2000,24,Male,Y,162,Kellas,Angus,DD5,"Tayside and Angus (Dundee)"
ragin',56.42097908475925,-3.650168555258802,1733727732,7140,1959,65,Female,Y,1313,"Perth (north and west: Burghmuir, Cherrybank, Hillyland, Inveralmond, Lethom, Muirton, North Muirton, Tulloch)","Perth and Kinross",PH1,Fife
ragin',56.35677465288404,-3.6349868140872355,1733731126,7141,1965,59,Female,N,1402,Crieff,"Perth and Kinross",PH7,Fife
ragin',55.91213057123766,-4.380134225050598,1733738327,7144,1962,62,Female,Y,644,"Partick, Glasgow",Glasgow,"Glasgow Northwest",Glasgow
ragin',56.13359697331293,-3.3412290535268014,1733751539,7145,1969,55,Female,Y,1121,Cowdenbeath,Fife,KY4,Fife
ragin',56.44020211689837,-3.5034739988324026,1733756172,7147,1959,65,Female,Y,1313,"Perth (north and west: Burghmuir, Cherrybank, Hillyland, Inveralmond, Lethom, Muirton, North Muirton, Tulloch)","Perth and Kinross",PH1,Fife
ragin',56.089462857408876,-3.2758700899797506,1733818693,7153,1966,58,Female,Y,1117,"Kirkcaldy (west: Hayfield, Templehall, Newliston, Chapel, Dunnikier, Bennochy)",Fife,KY2,Fife
ragin',55.94871298283795,-3.2611840360666986,1733820154,7155,1962,62,Male,Y,297,"Blackhall, Edinburgh",Edinburgh,"Edinburgh North","Lothian (Edinburgh)"
ragin',57.16996535415657,-2.1097578137899173,1733820929,7156,1991,33,Female,Y,105,"Seaton, Aberdeen",Aberdeen,"Aberdeen Central","North East (Aberdeen)"
ragin',55.97147739586548,-2.938195506857655,1733825140,7157,1984,40,Male,N,348,Prestonpans,"East Lothian",EH32,"Lothian (Edinburgh)"
ragin',55.90010597229226,-4.310887496422233,1733923021,7165,1969,55,Female,Y,602,"Baillieston, Glasgow",Glasgow,"Glasgow Northeast",Glasgow
ragin',57.64514918884911,-3.214896593964824,1733931336,7166,1956,68,Male,Y,737,Elgin,Moray,IV30,"North East (Aberdeen)"
ragin',56.08950633825548,-3.6077050326885782,1733932766,7167,1962,62,Female,Y,1096,"Dunfermline (centre, north, west: Abbey Parks, Lady's Mill, Garvock, Headwell, Kingseathill, Wellwood, Milesmark, Baldridge, Pittencrieff, Baldridgeburn)",Fife,KY12,Fife
ragin',56.491713135072686,-2.946650720636553,1733945111,7168,1964,60,Male,N,253,"Pitkerro, Dundee",Dundee,"Dundee North","Tayside and Angus (Dundee)"
ragin',56.476691412645415,-2.9428390684389947,1733945275,7168,1964,60,Male,N,253,"Pitkerro, Dundee",Dundee,"Dundee North","Tayside and Angus (Dundee)"
ragin',55.954651263831586,-3.2471211413882273,1733950773,7169,1969,55,Male,Y,298,"Inverleith, Edinburgh",Edinburgh,"Edinburgh North","Lothian (Edinburgh)"
ragin',55.87332795332722,-4.307672046892414,1733951332,7170,1981,43,Female,Y,638,"Drumchapel, Glasgow",Glasgow,"Glasgow Northwest",Glasgow
ragin',55.9028862595538,-4.030091640121437,1733981244,7173,1962,62,Male,Y,1189,Coatbridge,"North Lanarkshire",ML5,Glasgow
ragin',56.3735239997783,-3.4186459657980337,1733983251,7174,1964,60,Female,Y,1351,Kintillo,"Perth and Kinross",PH2,Fife
ragin',56.30687503856793,-3.3854743564785132,1733989825,7176,1971,53,Female,Y,1340,Dunning,"Perth and Kinross",PH2,Fife
ragin',55.68555997095528,-3.971706394828489,1733990276,7178,1988,36,Female,Y,1217,Larkhall,"North Lanarkshire",ML9,Glasgow
ragin',58.55043297684768,-4.0542263776084875,1733991082,7179,1972,52,Male,Y,961,Thurso,Highland,KW14,"Highlands (Inverness)"
ragin',55.6512728576068,-3.918830969790516,1733999638,7182,1983,41,Female,Y,1167,Lanark,"South Lanarkshire",ML11,Glasgow
ragin',55.73397392890883,-4.00467392308799,1734212578,7197,1961,63,Female,Y,1217,Larkhall,"North Lanarkshire",ML9,Glasgow
ragin',56.31668065355096,-3.453022717787022,1734296328,7202,1985,39,Female,Y,1346,Glenfarg,"Perth and Kinross",PH2,Fife
ragin',55.93278407392751,-3.939488209167406,1734297791,7203,1970,54,Female,Y,514,"Cumbernauld (south: Condorrat, Lenziemill, Carbrain, Kildrum, Cumbernauld Village, Abronhill, Seafar)","North Lanarkshire",G67,Glasgow
ragin',55.867635850178665,-3.3711283867562165,1736154165,7212,1987,38,Male,Y,319,"Blackford, Edinburgh",Edinburgh,"Edinburgh South","Lothian (Edinburgh)"
ragin',56.205900769579024,-3.7464283568481176,1736198218,7221,1978,47,Female,Y,397,Dollar,Clackmannanshire,FK14,"Stirling and Falkirk"
ragin',57.58874602382766,-4.170949453970381,1736254801,7228,1995,30,Female,Y,700,Fortrose,Highland,IV10,"Highlands (Inverness)"
ragin',56.472807943520614,-2.901647116538735,1736771424,7235,2003,22,Female,Y,247,"Broughty Ferry, Dundee",Dundee,"Dundee East","Tayside and Angus (Dundee)"
ragin',55.9234612892544,-4.024691118240183,1736862433,7243,2004,21,Female,Y,514,"Cumbernauld (south: Condorrat, Lenziemill, Carbrain, Kildrum, Cumbernauld Village, Abronhill, Seafar)","North Lanarkshire",G67,Glasgow
ragin',55.90316582394386,-3.5786035658616817,1736876748,7246,1997,28,Other,Y,375,Livingston,"West Lothian",EH54,"Lothian (Edinburgh)"
ragin',57.31472383045069,-2.0608178388557796,1737369824,7257,1997,28,Male,Y,49,Ellon,Aberdeenshire,AB41,"North East (Aberdeen)"
ragin',57.11172394910781,-2.3131398632583715,1737377651,7259,1980,45,Female,Y,134,"Cults, Aberdeen",Aberdeen,"Aberdeen Southwest","North East (Aberdeen)"
ragin',55.798613927504675,-4.112196791185881,1737378285,7260,1992,33,Male,Y,528,Blantyre,"South Lanarkshire",G72,Glasgow
ragin',55.88955096099729,-3.15370525987237,1737495336,7267,1989,36,Female,Y,329,Loanhead,Midlothian,EH20,"Lothian (Edinburgh)"
ragin',55.93635809583184,-3.183280046236963,1737577117,2919,1991,31,Male,Y,311,"Currie, Edinburgh",Edinburgh,"Edinburgh South","Lothian (Edinburgh)"
ragin',55.857358833334736,-3.398593476154647,1737578221,7269,1991,34,Female,Y,312,"Juniper Green, Edinburgh",Edinburgh,"Edinburgh South","Lothian (Edinburgh)"
ragin',56.927073076448806,-2.278304521605633,1738588615,7276,2004,21,Female,Y,48,Stonehaven,Aberdeenshire,AB39,"North East (Aberdeen)"
ragin',55.88380777386307,-4.054283288471669,1739221555,7281,1995,30,Female,N,1189,Coatbridge,"North Lanarkshire",ML5,Glasgow
ragin',57.77452087682277,-4.186916584618148,1739279169,7284,2010,15,Male,School,708,Invergordon,Highland,IV18,"Highlands (Inverness)"
ragin',57.725173903766866,-4.207575916612536,1739279203,7287,2010,15,Female,School,708,Invergordon,Highland,IV18,"Highlands (Inverness)"
ragin',57.761425066473635,-4.2183175765546865,1739279316,7286,2010,15,Male,School,708,Invergordon,Highland,IV18,"Highlands (Inverness)"
ragin',55.94740523140062,-4.807289122001381,1739393562,7293,2006,19,Male,Y,1235,Gourock,Inverclyde,PA19,Glasgow
ragin',55.95635021711079,-4.808945347598736,1739402961,7293,2006,19,Male,Y,1235,Gourock,Inverclyde,PA19,Glasgow
ragin',57.72709241265146,-4.222428189990357,1739444638,7298,2012,13,Male,School,708,Invergordon,Highland,IV18,"Highlands (Inverness)"
ragin',57.783181156568,-4.314237593607275,1739444685,7297,2011,14,Male,School,707,Alness,Highland,IV17,"Highlands (Inverness)"
ragin',57.76923885482714,-4.2399741839340415,1739444734,7310,2011,14,Male,School,708,Invergordon,Highland,IV18,"Highlands (Inverness)"
ragin',57.72535596460906,-4.219117902289334,1739444769,7314,2012,13,Male,School,708,Invergordon,Highland,IV18,"Highlands (Inverness)"
ragin',57.7119140456522,-4.193339481616335,1739444831,7309,2011,14,Female,School,708,Invergordon,Highland,IV18,"Highlands (Inverness)"
ragin',55.89938514169005,-4.024146979961687,1739538536,7319,2005,20,Female,Y,1189,Coatbridge,"North Lanarkshire",ML5,Glasgow
ragin',55.80173036128152,-4.2474507329889954,1741010605,7325,2005,20,Female,Y,571,"Castlemilk, Glasgow",Glasgow,"Glasgow Castlemilk",Glasgow
ragin',55.561505285118486,-4.6146267706156285,1741096424,7326,1990,35,Female,Y,781,Barassie,"South Ayrshire",KA10,Ayrshire
ragin',57.761248890921806,-4.224633285249557,1741173238,7327,2009,16,Female,School,708,Invergordon,Highland,IV18,"Highlands (Inverness)"
ragin',57.76031297616732,-4.461433124359762,1741173256,7336,2009,16,Female,N,707,Alness,Highland,IV17,"Highlands (Inverness)"
ragin',57.513804086891895,-4.247449115891079,1741173263,7335,2009,16,Male,School,699,"Inverness (centre, north: Longman)",Highland,IV1,"Highlands (Inverness)"
ragin',57.77436956042648,-4.228132658273067,1741173268,7329,2009,16,Female,School,708,Invergordon,Highland,IV18,"Highlands (Inverness)"
ragin',57.690424349512725,-4.177731505715934,1741173276,7333,2009,16,Female,School,708,Invergordon,Highland,IV18,"Highlands (Inverness)"
ragin',57.74850832531118,-4.0442373691272495,1741173299,7332,2009,16,Male,School,708,Invergordon,Highland,IV18,"Highlands (Inverness)"
ragin',57.70021542156827,-4.173034465729852,1741173392,7283,2010,15,Other,School,708,Invergordon,Highland,IV18,"Highlands (Inverness)"
ragin',56.16918745016789,-3.4306064876776245,1741173395,7331,2009,16,Female,School,1100,Scotlandwell,"Perth and Kinross",KY13,Fife
ragin',57.723024176448824,-4.1568343959746725,1741173396,7341,2009,16,Male,School,708,Invergordon,Highland,IV18,"Highlands (Inverness)"
ragin',57.716544259255926,-4.170638026853225,1741173419,7332,2009,16,Male,School,708,Invergordon,Highland,IV18,"Highlands (Inverness)"
ragin',55.885171899088455,-3.1810268605529273,1741203405,7343,1965,60,Female,Y,308,"Liberton, Edinburgh",Edinburgh,"Edinburgh South","Lothian (Edinburgh)"
ragin',55.8066558089722,-4.411840998141751,1741205239,7346,2003,22,Female,Y,540,Barrhead,"East Renfrewshire",G78,Glasgow
ragin',56.03540340486194,-3.7562113626414964,1741620361,7352,2006,19,Male,Y,422,"Falkirk (north: Grahamston, Middlefield, Westfield)",Falkirk,FK2,"Stirling and Falkirk"
ragin',55.86567373618498,-3.40129636947787,1741679339,7354,1965,60,Female,Y,308,"Liberton, Edinburgh",Edinburgh,"Edinburgh South","Lothian (Edinburgh)"
ragin',55.55485050945209,-5.571525646057519,1744471304,7359,1976,49,Female,Y,1246,Campbeltown,"Argyll and Bute",PA28,"Argyll and Bute"
ragin',56.72932264226101,-3.3208474840858977,1744713636,7361,2005,20,Male,School,1321,Alyth,"Perth and Kinross",PH11,Fife
ragin',55.891699428349,-3.8830799996214447,1744803590,7363,2004,21,Female,Y,1192,Airdrie,"North Lanarkshire",ML6,Glasgow
ragin',55.83773141353524,-4.138700567489455,1747426478,7370,1988,37,Female,Y,620,"Mount Vernon, Glasgow",Glasgow,"Glasgow Northeast",Glasgow
ragin',55.84503006861323,-4.090418350369934,1747990234,7372,1984,41,Female,Y,627,"Dennistoun, Glasgow",Glasgow,"Glasgow Northeast",Glasgow
ragin',55.818434789374585,-3.925407080188311,1747990283,3377,1987,35,Female,Y,1147,Carfin,"North Lanarkshire",ML1,Glasgow
ragin',56.678689309279214,-2.8732607533919716,1747990309,7371,1990,35,Female,Y,181,Kirriemuir,Angus,DD8,"Tayside and Angus (Dundee)"
ragin',55.834851554801695,-4.358585259426147,1747990831,7373,1980,45,Female,N,663,"Mount Florida, Glasgow",Glasgow,"Glasgow Southwest",Glasgow
ragin',55.77362192374048,-4.158781642924488,1748729702,7375,2000,25,Female,Y,530,"East Kilbride (north: The Village, East Mains, West Mains, Lymekilns, St Leonards, Calderwood, Nerston, Stewartfield, Peel Park)","South Lanarkshire",G74,Glasgow
ragin',55.9221153195115,-3.296369912478712,1749578120,7377,1965,60,Female,Y,270,"Meadows and Southside, Edinburgh",Edinburgh,"Edinburgh Central","Lothian (Edinburgh)"
ragin',55.53875904935268,-3.8037927017327013,1751558518,7384,2008,17,Other,School,1167,Lanark,"South Lanarkshire",ML11,Glasgow
ragin',55.893862616558394,-4.329032197877466,1752510786,7386,2004,21,Female,Y,591,"Hillhead, Glasgow",Glasgow,"Glasgow Kelvin",Glasgow
ragin',55.919950518220226,-3.6607431057557127,1752843792,7388,1993,32,Male,Y,368,Bathgate,"West Lothian",EH48,"Lothian (Edinburgh)"
ragin',56.23854890637677,-2.9784966677812745,1754698783,7390,1951,74,Female,Y,1142,Methil,Fife,KY8,Fife
ragin',56.19956342101251,-3.5419249243016115,1756033939,7393,2002,23,Female,Y,1098,Kinross,"Perth and Kinross",KY13,Fife
ragin',55.81895398933738,-4.220335394340358,1757082893,7395,1967,58,Male,Y,652,"King's Park, Glasgow",Glasgow,"Glasgow South",Glasgow
ragin',57.66548503602264,-3.0875986265502,1757366844,7396,1977,48,Male,Y,739,Fochabers,Moray,IV32,"North East (Aberdeen)"
ragin',56.110437840753,-3.778173388441466,1757522841,7397,1997,28,Male,N,391,Alloa,Clackmannanshire,FK10,"Stirling and Falkirk"
ragin',56.02865500743683,-5.01578227221965,1759492023,7404,1987,38,Male,Y,1241,Dunoon,"Argyll and Bute",PA23,"Argyll and Bute"
ragin',57.604135915492044,-3.239675370029408,1760239855,7409,1993,32,Female,Y,737,Elgin,Moray,IV30,"North East (Aberdeen)"
ragin',55.9494987283178,-3.4074023431231146,1760976713,7413,1958,67,Female,Y,301,"Kirkliston, Edinburgh",Edinburgh,"Edinburgh Northwest","Lothian (Edinburgh)"
ragin',56.309268145716885,-2.925530607518941,1761077070,7415,1994,31,Other,Y,1105,Cupar,Fife,KY15,Fife
ragin',56.2989331157979,-3.1062845650305952,1761126667,7417,1994,31,Other,Y,1105,Cupar,Fife,KY15,Fife
ragin',57.61893888262942,-3.48789852548996,1761774410,7421,1996,29,Male,Y,740,Forres,Moray,IV36,"North East (Aberdeen)"
ragin',57.6017965334235,-3.7374533560972107,1761824663,7422,1996,29,Male,Y,740,Forres,Moray,IV36,"North East (Aberdeen)"
ragin',55.361128387084094,-2.7668115074591615,1763655133,7426,1946,79,Male,N,1493,Hawick,"Scottish Borders",TD9,Borders
ragin',55.97787639958042,-3.1781861704099374,1763845753,7431,1962,63,Male,N,284,"Restalrig, Edinburgh",Edinburgh,"Edinburgh Leith","Lothian (Edinburgh)"
ragin',55.92301869962797,-3.1975515383843423,1763982341,7432,1980,45,Other,Y,309,"Cameron Toll, Edinburgh",Edinburgh,"Edinburgh South","Lothian (Edinburgh)"
ragin',57.1167409302452,-2.3285781177657037,1764144188,7433,1999,26,Female,Y,128,"Mannofield, Aberdeen",Aberdeen,"Aberdeen Southwest","North East (Aberdeen)"
ragin',55.945021751453616,-3.2164880534197713,1764245574,7434,1958,67,Female,Y,287,"Corstorphine, Edinburgh",Edinburgh,"Edinburgh North","Lothian (Edinburgh)"
ragin',56.004348809145945,-3.9671902367864975,1764845865,7437,1985,40,Female,Y,452,Denny,Falkirk,FK6,"Stirling and Falkirk"
ragin',55.830646565849605,-4.289840552426214,1765221790,7440,2004,21,Female,Y,660,"Arden, Glasgow",Glasgow,"Glasgow South",Glasgow
ragin',55.73014507029353,-4.584356378952828,1766436412,7443,1983,42,Female,Y,791,Beith,"East Ayrshire",KA15,Ayrshire
ragin',56.49494854346685,-2.721329065513207,1766580117,7444,1944,81,Male,Y,178,Carnoustie,Angus,DD7,"Tayside and Angus (Dundee)"
ragin',56.84672450395196,-2.2875772039229276,1766741155,7447,1996,29,Male,Y,140,Montrose,Angus,DD10,"Tayside and Angus (Dundee)"
ragin',55.888596574803536,-4.201345950827593,1766860836,7448,2008,17,Male,School,634,"Maryhill, Glasgow",Glasgow,"Glasgow Northeast",Glasgow
ragin',55.86530171118449,-4.129660008966113,1766861260,7448,2008,17,Male,School,634,"Maryhill, Glasgow",Glasgow,"Glasgow Northeast",Glasgow
ragin',57.63547550434858,-3.0266945323510193,1767464710,7450,1966,60,Male,Y,90,Buckie,Moray,AB56,"North East (Aberdeen)"
ragin',56.4577528584506,-3.0505291608941043,1767969626,7452,1995,31,Male,Y,261,"Westend, Dundee",Dundee,"Dundee West","Tayside and Angus (Dundee)"
ragin',55.912470200257644,-4.382405935693036,1767974471,7453,1996,30,Female,Y,644,"Partick, Glasgow",Glasgow,"Glasgow Northwest",Glasgow
ragin',56.607459543961255,-2.7012463881755595,1767974650,7454,1965,61,Female,Y,141,Arbroath,Angus,DD11,"Tayside and Angus (Dundee)"
ragin',56.56827944749685,-2.623697446736901,1768313721,7460,1994,32,Male,N,141,Arbroath,Angus,DD11,"Tayside and Angus (Dundee)"
ragin',55.84754060931332,-4.411764228896676,1768382737,7463,2011,15,Other,School,1220,"Paisley (central, east and north east: Ferguslie, Oldhall, Seedhill, Williamsburgh, Whitehaugh)",Renfrewshire,PA1,Glasgow
ragin',55.96615014176836,-3.4512029744147252,1768387364,7456,2005,21,Female,Y,372,Winchburgh,"West Lothian",EH52,"Lothian (Edinburgh)"
ragin',55.88664811936593,-3.350069741123879,1768421446,7465,1993,33,Female,Y,313,"Colinton, Edinburgh",Edinburgh,"Edinburgh South","Lothian (Edinburgh)"
ragin',57.73503622617546,-4.077214066735959,1768487451,7283,2010,15,Other,School,708,Invergordon,Highland,IV18,"Highlands (Inverness)"
ragin',57.760028589163234,-4.2167745262182725,1768490522,7283,2010,15,Other,School,708,Invergordon,Highland,IV18,"Highlands (Inverness)"
ragin',55.904848201383494,-3.127924642150407,1768823926,7471,2003,23,Female,Y,322,"Gilmerton, Edinburgh",Edinburgh,"Edinburgh Southeast","Lothian (Edinburgh)"
ragin',56.11201825103941,-3.183923610678025,1768832721,7472,1975,51,Female,Y,1117,"Kirkcaldy (west: Hayfield, Templehall, Newliston, Chapel, Dunnikier, Bennochy)",Fife,KY2,Fife
ragin',55.96997026291172,-3.2117709549209543,1769025154,7475,1958,68,Male,N,294,"Stockbridge, Edinburgh",Edinburgh,"Edinburgh North","Lothian (Edinburgh)"
ragin',55.80561679913597,-4.3281781269466,1769176058,7480,1985,41,Female,Y,677,"Hillington, Glasgow",Glasgow,"Glasgow Southwest",Glasgow
ragin',55.70978188612283,-4.477607414338406,1769268475,7476,2006,20,Female,Y,837,"Kilmarnock (north: Onthank, Townholm, Altonhill, Longpark, Beansburn, New Farm Loch, Knockinlaw, Hillhead, Crookedholm)","East Ayrshire",KA3,Ayrshire
ragin',56.02786777534172,-4.252240215526836,1769528721,7485,1993,33,Male,Y,492,Balfron,Stirlingshire,G63,"Stirling and Falkirk"
ragin',55.8516768318943,-4.392994543461214,1770195941,7495,2011,15,Male,School,1220,"Paisley (central, east and north east: Ferguslie, Oldhall, Seedhill, Williamsburgh, Whitehaugh)",Renfrewshire,PA1,Glasgow
ragin',55.84053318632694,-4.449250691340698,1770196065,7497,2011,15,Female,School,1221,Ralston,Renfrewshire,PA1,Glasgow
ragin',55.807741222186216,-4.447963568141776,1770196127,7501,2011,15,Other,School,1236,"Paisley (south: Blackhall, Castlehead, Dykebar, Foxbar, Hunterhill, Meikleriggs)",Renfrewshire,PA2,Glasgow
ragin',55.842510042366,-4.403849339069722,1770197483,7505,2011,15,Male,School,1220,"Paisley (central, east and north east: Ferguslie, Oldhall, Seedhill, Williamsburgh, Whitehaugh)",Renfrewshire,PA1,Glasgow
ragin',55.851856635200704,-4.243720608489195,1770240175,7506,1996,30,Other,Y,580,"Anderston, Glasgow",Glasgow,"Glasgow City Centre",Glasgow
ragin',55.856634739807454,-4.256959148610224,1770241216,7506,1996,30,Other,Y,580,"Anderston, Glasgow",Glasgow,"Glasgow City Centre",Glasgow
ragin',55.865002477629226,-4.261285040370459,1770379771,7506,1996,30,Other,Y,580,"Anderston, Glasgow",Glasgow,"Glasgow City Centre",Glasgow
ragin',56.80606793690785,-2.4415492211901326,1770584383,7507,2015,11,Male,School,137,Inverbervie,Aberdeenshire,DD10,"Tayside and Angus (Dundee)"
fizzin',57.56544770186801,-1.8997170772997891,1653837671,5,1973,49,Female,Y,54,Peterhead,Aberdeenshire,AB42,"North East (Aberdeen)"
fizzin',55.60908789249934,-4.546694727516882,1653844471,16,1948,74,Female,Y,808,Crosshouse,"East Ayrshire",KA2,Ayrshire
fizzin',56.367774869081934,-3.4451044464461775,1653845428,18,1949,73,Male,Y,1354,"Perth (south and east: Barnhill, Bridgend, Craigie, Kincarrathie, Upper Craigie)","Perth and Kinross",PH2,Fife
fizzin',56.49681459597477,-2.794154803365998,1653851002,23,1963,59,Female,N,248,"Barnhill, Dundee",Dundee,"Dundee East","Tayside and Angus (Dundee)"
fizzin',55.966567766601074,-3.149612196023871,1653851725,24,1950,72,Female,N,285,"Leith, Edinburgh",Edinburgh,"Edinburgh Leith","Lothian (Edinburgh)"
fizzin',56.660446911370435,-2.7104814098884744,1653855872,36,1982,40,Male,Y,179,Forfar,Angus,DD8,"Tayside and Angus (Dundee)"
fizzin',56.91860193954172,-3.27254978180795,1653862225,58,1964,58,Female,N,179,Forfar,Angus,DD8,"Tayside and Angus (Dundee)"
fizzin',57.31514914411471,-2.2447025566112573,1653863237,61,1957,65,Female,Y,111,"Bucksburn, Aberdeen",Aberdeen,"Aberdeen North","North East (Aberdeen)"
fizzin',57.29494816355062,-3.1690997844804363,1653864586,64,1982,40,Female,Y,87,Glass,Aberdeenshire,AB54,"North East (Aberdeen)"
fizzin',56.12536821830857,-3.850058677282017,1653866317,67,1985,37,Female,Y,386,Clackmannan,Clackmannanshire,FK10,"Stirling and Falkirk"
fizzin',57.65558608163084,-2.557057195239654,1653883809,74,1958,64,Female,Y,59,Banff,Aberdeenshire,AB45,"North East (Aberdeen)"
fizzin',57.44531197600451,-3.070221663379674,1653892357,82,1974,48,Female,N,88,Keith, Moray,AB55,"North East (Aberdeen)"
fizzin',57.237906975393585,-3.0382153166898798,1653892902,68,1975,47,Female,N,40,Strathdon,Aberdeenshire,AB36,"North East (Aberdeen)"
fizzin',55.844946762647496,-3.4165855728807197,1653895357,86,1950,72,Female,Y,320,"Newington, Edinburgh",Edinburgh,"Edinburgh South","Lothian (Edinburgh)"
fizzin',56.34287254152848,-3.442711014230806,1653895762,18,1949,73,Male,Y,1354,"Perth (south and east: Barnhill, Bridgend, Craigie, Kincarrathie, Upper Craigie)","Perth and Kinross",PH2,Fife
fizzin',57.39709068083248,-3.0536865499959696,1653896896,89,1960,62,Female,N,88,Keith, Moray,AB55,"North East (Aberdeen)"
fizzin',57.13744985694802,-2.0615919433204257,1653902305,100,1962,60,Male,Y,126,"Bridge of Dee, Aberdeen",Aberdeen,"Aberdeen Southeast","North East (Aberdeen)"
fizzin',56.46160028737914,-2.994790722178266,1653903092,102,1969,53,Female,N,236,"Lochee, Dundee",Dundee,"Dundee Central","Tayside and Angus (Dundee)"
fizzin',57.62691607648895,-2.2840225907116722,1653908146,111,1988,34,Male,Y,57,Fraserburgh,Aberdeenshire,AB43,"North East (Aberdeen)"
fizzin',55.78150980717915,-3.8381359353328484,1653909956,115,1966,56,Female,Y,1180,Wishaw,"North Lanarkshire",ML2,Glasgow
fizzin',57.66532293387938,-3.2797423388067557,1653911950,120,1968,54,Male,Y,737,Elgin,Moray,IV30,"North East (Aberdeen)"
fizzin',55.874524671994976,-3.0986206525093403,1653929975,135,1981,41,Female,N,328,Bonnyrigg,Midlothian,EH19,"Lothian (Edinburgh)"
fizzin',57.57617153627413,-2.186635985248647,1653930387,138,1955,67,Female,N,57,Fraserburgh,Aberdeenshire,AB43,"North East (Aberdeen)"
fizzin',57.668026356589785,-2.4958648997011474,1653930491,139,1955,67,Male,N,58,Macduff,Aberdeenshire,AB44,"North East (Aberdeen)"
fizzin',55.93071593952792,-3.270296378475969,1653933395,141,1980,42,Female,Y,264,"Slateford, Edinburgh",Edinburgh,"Edinburgh Central","Lothian (Edinburgh)"
fizzin',56.86912351741696,-2.970499478653703,1653938533,146,1971,51,Female,N,182,Brechin,Angus,DD9,"Tayside and Angus (Dundee)"
fizzin',56.84034870622615,-2.812016639254343,1653938710,146,1971,51,Female,N,182,Brechin,Angus,DD9,"Tayside and Angus (Dundee)"
fizzin',56.919794889140526,-3.0382164223938397,1653938925,146,1971,51,Female,N,182,Brechin,Angus,DD9,"Tayside and Angus (Dundee)"
fizzin',57.692323496557655,-3.2278450370307956,1653939396,148,1950,72,Male,Y,737,Elgin,Moray,IV30,"North East (Aberdeen)"
fizzin',56.12752808272221,-3.712310110346922,1653944270,152,1953,69,Female,Y,391,Alloa,Clackmannanshire,FK10,"Stirling and Falkirk"
fizzin',55.84923031478558,-4.173017975746837,1654107271,169,1961,61,Female,Y,609,"Garthamlock, Glasgow",Glasgow,"Glasgow Northeast",Glasgow
fizzin',57.62684480171318,-2.715112251463628,1654289002,178,1978,44,Female,Y,59,Banff,Aberdeenshire,AB45,"North East (Aberdeen)"
fizzin',57.3574228266059,-2.3094570666075542,1654608101,185,1988,34,Female,Y,64,Inverurie,Aberdeenshire,AB51,"North East (Aberdeen)"
fizzin',0,0,1654785053,65,1986,36,Female,Y,264,"Slateford, Edinburgh",Edinburgh,"Edinburgh Central","Lothian (Edinburgh)"
fizzin',57.609692988241996,-2.7385735260469874,1655158450,194,2005,17,Female,School,59,Banff,Aberdeenshire,AB45,"North East (Aberdeen)"
fizzin',57.666387021992854,-2.9479974988425943,1655214749,233,2005,17,Female,School,90,Buckie,Moray,AB56,"North East (Aberdeen)"
fizzin',57.610868056016194,-2.8216926055193725,1655299536,297,2006,16,Female,School,90,Buckie,Moray,AB56,"North East (Aberdeen)"
fizzin',57.62595724094062,-2.9368475525064337,1655299604,287,2006,16,Female,School,91,Cullen,Moray,AB56,"North East (Aberdeen)"
fizzin',55.711194800386494,-4.449043482725671,1655324645,301,1957,65,Female,Y,837,"Kilmarnock (north: Onthank, Townholm, Altonhill, Longpark, Beansburn, New Farm Loch, Knockinlaw, Hillhead, Crookedholm)","East Ayrshire",KA3,Ayrshire
fizzin',57.65845696800095,-2.9059520864564794,1663769341,434,1962,60,Male,N,90,Buckie,Moray,AB56,"North East (Aberdeen)"
fizzin',57.68204159983408,-2.902965207065617,1663770309,435,1964,58,Female,Y,90,Buckie,Moray,AB56,"North East (Aberdeen)"
fizzin',56.78614519414471,-3.1364179720893994,1664800030,541,1973,49,Female,N,181,Kirriemuir,Angus,DD8,"Tayside and Angus (Dundee)"
fizzin',56.64834164556875,-2.9848844029675035,1664802315,559,1959,63,Female,N,181,Kirriemuir,Angus,DD8,"Tayside and Angus (Dundee)"
fizzin',55.93075258429542,-3.047487681978482,1664810122,616,1952,70,Female,Y,333,"Newcraighall, Edinburgh",Edinburgh,EH21,"Lothian (Edinburgh)"
fizzin',57.50233793747308,-1.8241737761808166,1664810240,615,1958,64,Female,N,54,Peterhead,Aberdeenshire,AB42,"North East (Aberdeen)"
fizzin',54.96734600080925,-3.512291360104756,1664813244,635,1939,83,Male,N,186,"Dumfries (centre and east: Dalscone, Georgetown, Heathhall, Kingholm Quay, Noblehill, The Crichton)","Dumfries and Galloway",DG1,"Dumfries and Galloway"
fizzin',56.32466009677991,-2.8842679501990944,1664822274,711,1960,62,Female,Y,1113,Kingsbarns,Fife,KY16,Fife
fizzin',57.16515707594067,-2.5114392468371642,1664829270,747,1944,78,Female,Y,64,Inverurie,Aberdeenshire,AB51,"North East (Aberdeen)"
fizzin',56.683805292844895,-3.0619616636908806,1664829753,753,1955,67,Male,N,181,Kirriemuir,Angus,DD8,"Tayside and Angus (Dundee)"
fizzin',55.93187881846415,-4.412367223969362,1664830616,759,1973,49,Male,Y,546,Clydebank,"West Dunbartonshire",G81,Glasgow
fizzin',56.10673073054511,-3.7359476859179077,1664844723,796,1957,65,Female,N,391,Alloa,Clackmannanshire,FK10,"Stirling and Falkirk"
fizzin',57.50938482238539,-3.180772659591654,1664870637,837,1968,54,Female,Y,44,Aberlour,Moray,AB38,"North East (Aberdeen)"
fizzin',57.558563135785654,-2.5102008452925935,1664870725,848,1964,58,Male,Y,78,Turriff,Aberdeenshire,AB53,"North East (Aberdeen)"
fizzin',57.61820693406949,-2.228561047154592,1664870822,856,1997,25,Male,Y,57,Fraserburgh,Aberdeenshire,AB43,"North East (Aberdeen)"
fizzin',57.14301782921105,-2.0908512142896885,1664870935,821,1947,75,Female,Y,126,"Bridge of Dee, Aberdeen",Aberdeen,"Aberdeen Southeast","North East (Aberdeen)"
fizzin',57.61776754817435,-2.090922591095602,1664874121,946,1960,62,Female,N,57,Fraserburgh,Aberdeenshire,AB43,"North East (Aberdeen)"
fizzin',56.45547453313409,-2.9976585459155096,1664875404,997,1980,42,Male,Y,260,"City centre, Dundee",Dundee,"Dundee West","Tayside and Angus (Dundee)"
fizzin',57.65650707679844,-2.1391977544107585,1664875870,1021,1968,54,Female,Y,57,Fraserburgh,Aberdeenshire,AB43,"North East (Aberdeen)"
fizzin',57.44067231470886,-2.8242161228679548,1664876159,1050,1953,69,Male,Y,83,Huntly,Aberdeenshire,AB54,"North East (Aberdeen)"
fizzin',56.46295923587728,-2.970471982043443,1664876210,1054,1953,69,Male,N,237,"Blackness, Dundee",Dundee,"Dundee Central","Tayside and Angus (Dundee)"
fizzin',57.111430729831724,-2.264723944596163,1664876350,1059,1954,68,Male,N,129,"Ruthrieston, Aberdeen",Aberdeen,"Aberdeen Southwest","North East (Aberdeen)"
fizzin',56.62610762455358,-2.5483674304526986,1664876882,1088,1956,66,Male,N,141,Arbroath,Angus,DD11,"Tayside and Angus (Dundee)"
fizzin',56.01919820543774,-5.224690299063054,1664877514,1120,1967,55,Male,Y,1239,"Clachan of Glendaruel","Argyll and Bute",PA22,"Argyll and Bute"
fizzin',57.503703784239256,-1.829778456452517,1664877696,1143,1962,60,Male,N,54,Peterhead,Aberdeenshire,AB42,"North East (Aberdeen)"
fizzin',57.62364946836614,-3.4141470620553735,1664878150,1160,1982,40,Other,Y,737,Elgin,Moray,IV30,"North East (Aberdeen)"
fizzin',55.839916970643145,-4.425069221367673,1664879357,1216,1946,76,Female,N,1220,"Paisley (central, east and north east: Ferguslie, Oldhall, Seedhill, Williamsburgh, Whitehaugh)",Renfrewshire,PA1,Glasgow
fizzin',56.01948881764724,-3.69932605526653,1664881710,1322,1963,59,Female,Y,439,Grangemouth,Falkirk,FK3,"Stirling and Falkirk"
fizzin',56.476569414376925,-3.005191443585412,1664886517,1495,1957,65,Female,N,236,"Lochee, Dundee",Dundee,"Dundee Central","Tayside and Angus (Dundee)"
fizzin',57.39353820579818,-3.1995418928223556,1664888180,1558,1985,37,Male,Y,88,Keith, Moray,AB55,"North East (Aberdeen)"
fizzin',57.158394842199854,-2.1614189107939294,1664890122,1608,1945,77,Female,N,107,"Rosemount, Aberdeen",Aberdeen,"Aberdeen Central","North East (Aberdeen)"
fizzin',55.195669616519446,-3.2990500565258922,1664891549,1633,1947,75,Male,Y,196,Lockerbie,"Dumfries and Galloway",DG11,"Dumfries and Galloway"
fizzin',57.29153274310575,-2.367399925454137,1664894401,1714,1962,60,Female,Y,66,Kintore,Aberdeenshire,AB51,"North East (Aberdeen)"
fizzin',57.67509194150396,-2.8538299859178484,1664898061,1818,1941,81,Female,N,92,Findochty,Moray,AB56,"North East (Aberdeen)"
fizzin',56.476118431916355,-3.054893734655415,1664899516,1855,1976,46,Male,Y,245,"Law, Dundee",Dundee,"Dundee Central","Tayside and Angus (Dundee)"
fizzin',55.38007394920791,-4.300622038828609,1664900818,1880,1944,78,Male,N,800,Lugar,"East Ayrshire",KA18,Ayrshire
fizzin',57.65984913317702,-2.9429937645767,1664901053,1889,1964,58,Female,N,90,Buckie,Moray,AB56,"North East (Aberdeen)"
fizzin',57.23980555312151,-2.3353681467592575,1664901963,1914,1967,55,Female,Y,64,Inverurie,Aberdeenshire,AB51,"North East (Aberdeen)"
fizzin',56.87172432749752,-2.4903504155087632,1664905390,1988,1959,63,Male,Y,18,Laurencekirk,Aberdeenshire,AB30,"North East (Aberdeen)"
fizzin',57.14490944343923,-2.1621408634234816,1664905770,2001,1958,64,Male,N,107,"Rosemount, Aberdeen",Aberdeen,"Aberdeen Central","North East (Aberdeen)"
fizzin',57.64605244019813,-2.2272279702524735,1664906423,2022,1952,70,Female,Y,57,Fraserburgh,Aberdeenshire,AB43,"North East (Aberdeen)"
fizzin',57.331248602895336,-2.2632689866748996,1664907718,2050,1966,56,Female,N,64,Inverurie,Aberdeenshire,AB51,"North East (Aberdeen)"
fizzin',57.58360396471816,-3.160312980777965,1664908060,2058,1983,39,Female,N,739,Fochabers,Moray,IV32,"North East (Aberdeen)"
fizzin',57.64720851012381,-2.824963891149253,1664909688,2095,1992,30,Female,Y,90,Buckie,Moray,AB56,"North East (Aberdeen)"
fizzin',55.997054874507086,-4.117875345948292,1664910582,2118,1963,59,Female,Y,506,Kilsyth,"North Lanarkshire",G65,Glasgow
fizzin',57.22053862329339,-2.1969836657246056,1664910820,2119,1941,81,Female,Y,112,"Dyce, Aberdeen",Aberdeen,"Aberdeen North","North East (Aberdeen)"
fizzin',54.90851875389628,-3.677870041097163,1664912459,2159,1997,25,Female,Y,207,"Dumfries (west: Broomlands, Cargenbridge, Lochside, Maxwelltown, Troqueer)","Dumfries and Galloway",DG2,"Dumfries and Galloway"
fizzin',57.59990440119462,-1.8812162589470613,1664913744,2194,1983,39,Male,Y,57,Fraserburgh,Aberdeenshire,AB43,"North East (Aberdeen)"
fizzin',55.872066172786404,-2.7906016709896035,1664913973,2199,1955,67,Female,Y,357,Haddington,"East Lothian",EH41,"Lothian (Edinburgh)"
fizzin',56.463914013139934,-2.9407404941240385,1664918650,2298,1966,56,Female,N,256,"Whitfield, Dundee",Dundee,"Dundee North","Tayside and Angus (Dundee)"
fizzin',56.75541397202639,-2.685562020966538,1664920090,2344,1971,51,Female,N,182,Brechin,Angus,DD9,"Tayside and Angus (Dundee)"
fizzin',57.127946538798,-3.1877512301288125,1664921491,2375,1975,47,Female,N,40,Strathdon,Aberdeenshire,AB36,"North East (Aberdeen)"
fizzin',56.92235804289032,-2.8390895275769936,1664923718,2394,1988,34,Male,N,183,Edzell,Angus,DD9,"Tayside and Angus (Dundee)"
fizzin',56.97032397027483,-2.270054929855333,1664924284,2404,1974,48,Female,Y,47,Newtonhill,Aberdeenshire,AB39,"North East (Aberdeen)"
fizzin',55.86135243998012,-4.577545434949646,1664926850,2419,1959,63,Female,N,1224,"Bridge of Weir",Renfrewshire,PA11,Glasgow
fizzin',55.02866747498303,-3.627550869678738,1664930679,2426,1965,57,Female,Y,207,"Dumfries (west: Broomlands, Cargenbridge, Lochside, Maxwelltown, Troqueer)","Dumfries and Galloway",DG2,"Dumfries and Galloway"
fizzin',56.48046795653362,-2.971117812483723,1664930912,2427,1947,75,Female,N,254,"Douglas, Dundee",Dundee,"Dundee North","Tayside and Angus (Dundee)"
fizzin',57.65309473875065,-1.9640751254228268,1664936542,2433,1966,56,Male,Y,57,Fraserburgh,Aberdeenshire,AB43,"North East (Aberdeen)"
fizzin',57.622969817757976,-2.1393572205905835,1664939594,2436,1967,55,Female,Y,57,Fraserburgh,Aberdeenshire,AB43,"North East (Aberdeen)"
fizzin',56.91303674704374,-3.0563380368638047,1664946752,2450,1992,30,Male,Y,182,Brechin,Angus,DD9,"Tayside and Angus (Dundee)"
fizzin',57.121587040986064,-2.272529492798532,1664952625,2479,1993,29,Male,Y,132,"Peterculter, Aberdeen",Aberdeen,"Aberdeen Southwest","North East (Aberdeen)"
fizzin',57.665481274179896,-2.4963765185509765,1664955984,139,1955,67,Male,N,58,Macduff,Aberdeenshire,AB44,"North East (Aberdeen)"
fizzin',57.26851912887929,-2.124181957347593,1664958186,2526,1966,56,Male,N,121,Blackburn,Aberdeenshire,"Aberdeen North","North East (Aberdeen)"
fizzin',56.105106870273325,-3.8056898353252104,1664970816,2759,1963,59,Male,N,457,Bannockburn,Stirlingshire,FK7,"Stirling and Falkirk"
fizzin',57.67271862172667,-2.7707027346558966,1664971039,2786,1997,25,Female,Y,95,Portknockie,Moray,AB56,"North East (Aberdeen)"
fizzin',56.0675428486195,-4.060884376200808,1664971929,2825,1967,55,Female,N,457,Bannockburn,Stirlingshire,FK7,"Stirling and Falkirk"
fizzin',55.851185667659486,-4.393904673291946,1664972057,2849,1968,54,Male,Y,1220,"Paisley (central, east and north east: Ferguslie, Oldhall, Seedhill, Williamsburgh, Whitehaugh)",Renfrewshire,PA1,Glasgow
fizzin',57.20347761310118,-2.0991662584979034,1664972227,2851,1997,25,Male,Y,112,"Dyce, Aberdeen",Aberdeen,"Aberdeen North","North East (Aberdeen)"
fizzin',57.16679688544366,-2.180040629612812,1664972241,2839,1959,63,Male,Y,97,"Mastrick, Aberdeen",Aberdeen,"Aberdeen Central","North East (Aberdeen)"
fizzin',56.069486024408384,-3.9936835840335076,1664973565,2913,1975,47,Female,Y,464,"Stirling (south and east: Braehead, Borestone, Broomridge, Torbrex)",Stirlingshire,FK7,"Stirling and Falkirk"
fizzin',55.87871444981346,-3.157050815303218,1664973663,2921,1980,42,Female,Y,329,Loanhead,Midlothian,EH20,"Lothian (Edinburgh)"
fizzin',55.95151217856775,-3.20089000604848,1664973751,2923,1958,64,Male,N,287,"Corstorphine, Edinburgh",Edinburgh,"Edinburgh North","Lothian (Edinburgh)"
fizzin',55.5417475998968,-4.588131684711928,1664973858,2930,1953,69,Female,Y,779,"Kilmarnock (centre and south: Bonnyton, Grange, Bellfield, Shortlees, Caprington, Riccarton, Hurlford)","East Ayrshire",KA1,Ayrshire
fizzin',56.30018451094604,-3.1284136781406247,1664974331,2959,1982,40,Female,Y,1107,Freuchie,Fife,KY15,Fife
fizzin',55.89262076666404,-4.471277772424279,1664974840,2987,1995,27,Female,Y,1264,Renfrew,Renfrewshire,PA4,Glasgow
fizzin',55.846114457746815,-4.384907401303942,1664975560,3023,1997,25,Male,Y,1220,"Paisley (central, east and north east: Ferguslie, Oldhall, Seedhill, Williamsburgh, Whitehaugh)",Renfrewshire,PA1,Glasgow
fizzin',55.90183147033473,-2.197877872018516,1664976626,3061,1964,58,Female,Y,1431,Eyemouth,"Scottish Borders",TD14,Borders
fizzin',55.69269078951427,-4.203755916879291,1664976822,3070,1994,28,Other,Y,534,"East Kilbride (south: Hairmyres, Westwood, The Murray, Murray East, Whitehills, Greenhill, Newlandsmuir, Gardenhall, Crosshouse, Newlands, Lindsayfield, Mossneuk)","South Lanarkshire",G75,Glasgow
fizzin',57.60835580793578,-2.1449929885504573,1664977930,3103,1965,57,Male,N,57,Fraserburgh,Aberdeenshire,AB43,"North East (Aberdeen)"
fizzin',57.647525573203396,-2.642368574227769,1664978253,3121,1944,78,Female,N,59,Banff,Aberdeenshire,AB45,"North East (Aberdeen)"
fizzin',57.198934664795146,-2.8066415528804014,1664978922,3155,1971,51,Female,N,29,Alford,Aberdeenshire,AB33,"North East (Aberdeen)"
fizzin',55.94427975284039,-4.22095891264271,1664978994,3158,1972,50,Male,Y,502,Bishopbriggs,"East Dunbartonshire",G64,Glasgow
fizzin',57.76076908891544,-4.369855538000023,1664981525,3232,1972,50,Female,Y,707,Alness,Highland,IV17,"Highlands (Inverness)"
fizzin',55.9573412570008,-2.577950352565347,1664983603,3334,1992,30,Male,Y,359,Dunbar,"East Lothian",EH42,"Lothian (Edinburgh)"
fizzin',57.606000646747034,-2.002119458811541,1664986129,3441,1965,57,Female,Y,57,Fraserburgh,Aberdeenshire,AB43,"North East (Aberdeen)"
fizzin',56.86265028370368,-2.4400198878334987,1664988261,3505,1968,54,Male,N,14,Arbuthnott,Aberdeenshire,AB30,"North East (Aberdeen)"
fizzin',55.40724081740289,-3.573111955422216,1664990156,3558,1970,52,Female,Y,1170,Biggar,"South Lanarkshire",ML12,Glasgow
fizzin',55.9534449247957,-3.7477002407154405,1664990517,3574,1992,30,Female,Y,377,"Falkirk (centre and south: Arnothill, Bantaskin, Callendar Park, Glen Village, Hallglen, Lionthorn, Tamfourhill, Woodlands)",Falkirk,FK1,"Stirling and Falkirk"
fizzin',56.00582177261845,-3.846025576273632,1664990762,3581,1971,51,Female,Y,450,Stenhousemuir,Falkirk,FK5,"Stirling and Falkirk"
fizzin',56.05202132490628,-3.3735800795913073,1664991286,3602,1989,33,Male,N,1089,"Dalgety Bay",Fife,KY11,Fife
fizzin',56.47962987838198,-2.9019317708353944,1664992246,3642,1953,69,Female,N,255,"Fintry, Dundee",Dundee,"Dundee North","Tayside and Angus (Dundee)"
fizzin',57.24357364901806,-2.1339602315850117,1664994929,3740,1957,65,Female,Y,111,"Bucksburn, Aberdeen",Aberdeen,"Aberdeen North","North East (Aberdeen)"
fizzin',57.38681202051944,-2.419374216764306,1664995370,3760,1947,75,Female,Y,64,Inverurie,Aberdeenshire,AB51,"North East (Aberdeen)"
fizzin',56.8517715158106,-2.3003042453701945,1664995927,3787,1960,62,Male,Y,140,Montrose,Angus,DD10,"Tayside and Angus (Dundee)"
fizzin',55.93600927633009,-2.9807286938739943,1664998870,3908,1953,69,Female,N,349,Tranent,"East Lothian",EH33,"Lothian (Edinburgh)"
fizzin',57.397219693148266,-4.382756424042857,1665001958,4022,1968,54,Female,Y,736,"Inverness (west: Ballifeary, Balnafettack, Clachnaharry, Dalneigh, Kinmylies, Leachkin, Merkinch, Muirtown, South Kessock)",Highland,IV3,"Highlands (Inverness)"
fizzin',57.535963402607415,-1.8280871789981301,1665003894,4104,1967,55,Female,Y,53,Hatton,Aberdeenshire,AB42,"North East (Aberdeen)"
fizzin',59.267254103206696,-2.5808958275998286,1665004004,4107,1978,44,Female,N,1025,"Orkney Islands",Orkney,KW17,"Orkney Islands"
fizzin',57.54165861759017,-1.8601300892275208,1665004388,4104,1967,55,Female,Y,53,Hatton,Aberdeenshire,AB42,"North East (Aberdeen)"
fizzin',55.725607272845146,-4.684364263679293,1665006357,4202,1950,72,Female,N,815,Dalry,"North Ayrshire",KA24,Ayrshire
fizzin',56.09757257523716,-3.438356475089453,1665006422,4211,1987,35,Male,Y,1096,"Dunfermline (centre, north, west: Abbey Parks, Lady's Mill, Garvock, Headwell, Kingseathill, Wellwood, Milesmark, Baldridge, Pittencrieff, Baldridgeburn)",Fife,KY12,Fife
fizzin',57.77278419749988,-4.001394237720484,1665007047,4201,1976,46,Female,Y,711,Tain,Highland,IV19,"Highlands (Inverness)"
fizzin',55.989212374001745,-2.8365028492300692,1665007592,4264,1970,52,Female,Y,346,"Cockenzie and Port Seton","East Lothian",EH32,"Lothian (Edinburgh)"
fizzin',57.38004952986332,-2.8238253287993396,1665032590,4435,1974,48,Female,Y,83,Huntly,Aberdeenshire,AB54,"North East (Aberdeen)"
fizzin',57.60931301427283,-3.197260698667999,1665034231,4441,1973,49,Male,Y,737,Elgin,Moray,IV30,"North East (Aberdeen)"
fizzin',55.39441087889788,-4.764149736332319,1665038599,4478,1962,60,Female,Y,856,"Ayr (Centre)","South Ayrshire",KA7,Ayrshire
fizzin',56.470509253462616,-2.9274969914473785,1665046169,4549,1953,69,Female,N,255,"Fintry, Dundee",Dundee,"Dundee North","Tayside and Angus (Dundee)"
fizzin',57.54071037838707,-2.1809991092076233,1665052459,4616,1976,46,Male,N,54,Peterhead,Aberdeenshire,AB42,"North East (Aberdeen)"
fizzin',55.33044816645692,-2.5350827950401094,1665055380,4658,1970,52,Male,Y,1493,Hawick,"Scottish Borders",TD9,Borders
fizzin',55.86298634955798,-4.279003131303897,1665056777,4669,1992,30,Male,Y,592,"Dowanhill, Glasgow",Glasgow,"Glasgow Kelvin",Glasgow
fizzin',55.715539937889346,-4.45725131425109,1665075617,4762,1964,58,Male,Y,835,Fenwick,"East Ayrshire",KA3,Ayrshire
fizzin',55.20513010974142,-4.276435720747578,1665082771,4821,1965,57,Male,Y,220,"Castle Douglas","Dumfries and Galloway",DG7,"Dumfries and Galloway"
fizzin',56.2051829606963,-3.195971443382285,1665083349,4838,1961,61,Male,Y,1129,"Glenrothes (west: Caskieberran, Rimbleton, Macedonia, Tanshall)",Fife,KY6,Fife
fizzin',55.962715200682055,-3.152156762899109,1665084939,4879,1964,58,Female,Y,285,"Leith, Edinburgh",Edinburgh,"Edinburgh Leith","Lothian (Edinburgh)"
fizzin',58.50369762634807,-3.2114797998615074,1665085328,4893,1964,58,Male,Y,897,Watten,Highland,KW1,"Highlands (Inverness)"
fizzin',56.482910867020685,-2.7260576759404476,1665103461,5087,1968,54,Female,N,178,Carnoustie,Angus,DD7,"Tayside and Angus (Dundee)"
fizzin',59.12802883106796,-2.82974703293564,1665124457,5111,1962,60,Female,Y,1025,"Orkney Islands",Orkney,KW17,"Orkney Islands"
fizzin',58.20924321664795,-6.3872063570127935,1665128511,5127,1995,27,Female,N,686,"Stornoway, Isle of Lewis","Western Isles",HS1,"Western Isles"
fizzin',57.469655217204725,-2.8876428450211455,1665132820,5153,1982,40,Female,Y,87,Glass,Aberdeenshire,AB54,"North East (Aberdeen)"
fizzin',57.39780494727561,-2.697164689377362,1665133211,5156,1954,68,Female,N,83,Huntly,Aberdeenshire,AB54,"North East (Aberdeen)"
fizzin',56.91122635811159,-2.5118390034458993,1665139826,5215,1973,49,Male,N,18,Laurencekirk,Aberdeenshire,AB30,"North East (Aberdeen)"
fizzin',57.62419901327678,-1.8763285074507423,1665142661,5232,1966,56,Female,Y,57,Fraserburgh,Aberdeenshire,AB43,"North East (Aberdeen)"
fizzin',60.15411607355376,-1.2718647077808058,1665147982,5260,1983,39,Male,Y,1501,Scalloway,"Shetland Isles",ZE1,"Shetland Islands"
fizzin',57.40371493079261,-2.0908251091836907,1665155918,5284,1981,41,Female,Y,49,Ellon,Aberdeenshire,AB41,"North East (Aberdeen)"
fizzin',57.61834189704398,-1.9506905506256198,1665181564,5380,1986,36,Male,Y,57,Fraserburgh,Aberdeenshire,AB43,"North East (Aberdeen)"
fizzin',57.65078333253571,-2.9016994167678525,1665229836,5428,1949,73,Female,Y,90,Buckie,Moray,AB56,"North East (Aberdeen)"
fizzin',56.91716439290031,-2.4541423883566553,1665243643,5215,1973,49,Male,N,18,Laurencekirk,Aberdeenshire,AB30,"North East (Aberdeen)"
fizzin',56.008553734234766,-3.6464568621712,1665253324,5465,1997,25,Male,Y,370,Bo'ness,Falkirk,EH51,"Lothian (Edinburgh)"
fizzin',56.6935707363368,-3.1501282244325908,1665262315,5479,1996,26,Male,Y,181,Kirriemuir,Angus,DD8,"Tayside and Angus (Dundee)"
fizzin',57.08358155631199,-2.2922736044297363,1665305814,5505,1976,46,Female,Y,128,"Mannofield, Aberdeen",Aberdeen,"Aberdeen Southwest","North East (Aberdeen)"
fizzin',57.52031197021524,-2.5969037949086777,1665340755,5553,1974,48,Male,Y,77,"New Deer",Aberdeenshire,AB53,"North East (Aberdeen)"
fizzin',57.4178911582391,-2.394483731430821,1665340903,5553,1974,48,Male,Y,77,"New Deer",Aberdeenshire,AB53,"North East (Aberdeen)"
fizzin',56.23105432018796,-3.1914212648397124,1665392416,5584,1970,52,Male,N,1129,"Glenrothes (west: Caskieberran, Rimbleton, Macedonia, Tanshall)",Fife,KY6,Fife
fizzin',57.49237354831827,-2.144933960808145,1665465131,5634,1982,40,Female,Y,54,Peterhead,Aberdeenshire,AB42,"North East (Aberdeen)"
fizzin',57.186982969875245,-2.7481813471823804,1665588965,5694,1948,74,Female,N,31,"Muir of Fowlis",Aberdeenshire,AB33,"North East (Aberdeen)"
fizzin',57.57210026143888,-2.0290490186961248,1665605902,5698,1990,32,Female,Y,57,Fraserburgh,Aberdeenshire,AB43,"North East (Aberdeen)"
fizzin',57.65056403645951,-3.467371651267773,1665666091,5714,1976,46,Female,Y,737,Elgin,Moray,IV30,"North East (Aberdeen)"
fizzin',55.8618474208967,-4.04515588603606,1665836236,5815,1978,44,Male,Y,1189,Coatbridge,"North Lanarkshire",ML5,Glasgow
fizzin',57.63988526393636,-3.3546716822575107,1665911258,5909,1969,53,Female,N,737,Elgin,Moray,IV30,"North East (Aberdeen)"
fizzin',57.3254907929099,-2.393807520000518,1666703953,6004,1956,66,Female,Y,67,Oldmeldrum,Aberdeenshire,AB51,"North East (Aberdeen)"
fizzin',57.424127324910515,-2.87399210342864,1666776046,6012,1939,83,Female,Y,83,Huntly,Aberdeenshire,AB54,"North East (Aberdeen)"
fizzin',57.70034819881413,-3.486712461370623,1667128610,6029,1953,69,Female,N,737,Elgin,Moray,IV30,"North East (Aberdeen)"
fizzin',55.83887981086642,-4.4599574004916684,1667317522,6055,1997,25,Male,Y,1220,"Paisley (central, east and north east: Ferguslie, Oldhall, Seedhill, Williamsburgh, Whitehaugh)",Renfrewshire,PA1,Glasgow
fizzin',58.08239189619529,-4.6869676840797,1667337447,6061,1968,54,Female,Y,728,Durness,Highland,IV27,"Highlands (Inverness)"
fizzin',57.242257770367615,-2.044501767765393,1670687105,6139,1968,54,Male,N,119,Potterton,Aberdeenshire,"Aberdeen North","North East (Aberdeen)"
fizzin',57.0960400258579,-2.287889142002048,1676550640,6234,1944,79,Female,Y,134,"Cults, Aberdeen",Aberdeen,"Aberdeen Southwest","North East (Aberdeen)"
fizzin',56.09100426012209,-3.5725168582086435,1679057230,6398,2008,15,Other,School,1096,"Dunfermline (centre, north, west: Abbey Parks, Lady's Mill, Garvock, Headwell, Kingseathill, Wellwood, Milesmark, Baldridge, Pittencrieff, Baldridgeburn)",Fife,KY12,Fife
fizzin',57.27344679162494,-2.565072712878907,1679470697,6412,1971,52,Female,Y,65,Kemnay,Aberdeenshire,AB51,"North East (Aberdeen)"
fizzin',55.59711529803466,-4.58090751054792,1683916272,6479,1962,61,Female,Y,809,Dundonald,"South Ayrshire",KA2,Ayrshire
fizzin',55.79010024212021,-3.9699040266331505,1686143001,6501,2005,18,Female,Y,1153,Newarthill,"North Lanarkshire",ML1,Glasgow
fizzin',55.92373385949036,-4.408635803972839,1701247533,6651,1992,31,Female,Y,546,Clydebank,"West Dunbartonshire",G81,Glasgow
fizzin',55.77654565969203,-4.683732017512891,1713369029,6916,1952,72,Male,Y,817,Kilbirnie,"North Ayrshire",KA25,Ayrshire
fizzin',55.8232173402005,-4.461601081101976,1713374064,6920,1953,71,Female,Y,1236,"Paisley (south: Blackhall, Castlehead, Dykebar, Foxbar, Hunterhill, Meikleriggs)",Renfrewshire,PA2,Glasgow
fizzin',57.400276428877916,-4.658482337500779,1730742938,7077,1964,60,Female,Y,741,Beauly,Highland,IV4,"Highlands (Inverness)"
fizzin',57.60219515178733,-2.8530913893824286,1731072715,7086,1957,67,Female,Y,88,Keith, Moray,AB55,"North East (Aberdeen)"
fizzin',57.599270847571475,-3.0081566692426205,1731293880,7092,1971,53,Female,N,88,Keith, Moray,AB55,"North East (Aberdeen)"
fizzin',57.611018950983805,-3.0244848393544634,1731357989,7094,1967,57,Female,N,95,Portknockie,Moray,AB56,"North East (Aberdeen)"
fizzin',57.54262648567635,-2.552833854111758,1731546814,7101,1952,72,Female,Y,78,Turriff,Aberdeenshire,AB53,"North East (Aberdeen)"
fizzin',56.56778463326988,-3.2299027906615216,1733693096,7133,1996,28,Female,Y,1324,"Coupar Angus","Perth and Kinross",PH13,Fife
fizzin',56.51948280378795,-3.449525018597325,1733727282,7140,1959,65,Female,Y,1313,"Perth (north and west: Burghmuir, Cherrybank, Hillyland, Inveralmond, Lethom, Muirton, North Muirton, Tulloch)","Perth and Kinross",PH1,Fife
fizzin',56.12835651878371,-3.385301670493888,1733732995,7143,1965,59,Female,Y,1124,Kelty,Fife,KY4,Fife
fizzin',56.24106398533084,-3.277771397549575,1733819036,7154,1956,68,Female,Y,1129,"Glenrothes (west: Caskieberran, Rimbleton, Macedonia, Tanshall)",Fife,KY6,Fife
fizzin',55.843886686624145,-4.3449447837046185,1734106380,7187,1945,79,Male,Y,661,"Govanhill, Glasgow",Glasgow,"Glasgow Southwest",Glasgow
fizzin',56.21381055584573,-3.9068011035578887,1734128363,7191,1962,62,Female,Y,405,Dunblane,Stirlingshire,FK15,"Stirling and Falkirk"
fizzin',56.75453920335579,-2.5783714628724477,1734801425,7207,1953,71,Female,Y,136,Gourdon,Aberdeenshire,DD10,"Tayside and Angus (Dundee)"
fizzin',56.196026853555495,-4.008867363161225,1736525500,7191,1962,62,Female,Y,405,Dunblane,Stirlingshire,FK15,"Stirling and Falkirk"
fizzin',57.116704947367424,-2.364793068357656,1738921834,7280,2010,15,Female,School,28,Westhill,Aberdeenshire,AB32,"North East (Aberdeen)"
fizzin',55.80356611758575,-3.154931839743751,1764664956,7436,1948,77,Female,Y,343,Penicuik,Midlothian,EH26,"Lothian (Edinburgh)"
fizzin',55.86471282452058,-3.207150384563415,1764703853,7436,1948,77,Female,Y,343,Penicuik,Midlothian,EH26,"Lothian (Edinburgh)"
fizzin',55.84597589245903,-4.446557609539138,1770197240,7500,2011,15,Male,School,1220,"Paisley (central, east and north east: Ferguslie, Oldhall, Seedhill, Williamsburgh, Whitehaugh)",Renfrewshire,PA1,Glasgow
fumin’,60.28675270201449,-1.4048509043672524,1663158682,341,2008,14,Male,School,1512,Brae,"Shetland Isles",ZE2,"Shetland Islands"
fumin’,59.961600330057536,-1.2563222784423347,1663161218,350,2008,14,Male,Y,1622,Voe,"Shetland Isles",ZE2,"Shetland Islands"
fumin’,60.21003346374142,-1.4822496315708635,1663161311,364,2008,14,Other,School,1582,Mossbank,"Shetland Isles",ZE2,"Shetland Islands"
fumin’,60.72397346937995,-0.9346888780907263,1663162140,361,2008,14,Female,N,1607,Sullom,"Shetland Isles",ZE2,"Shetland Islands"
fumin’,60.305407541831556,-1.4239912368232632,1663162224,354,2008,14,Female,School,1582,Mossbank,"Shetland Isles",ZE2,"Shetland Islands"
fumin’,57.660049010355685,-2.895312806253979,1663175687,375,1985,37,Female,Y,95,Portknockie,Moray,AB56,"North East (Aberdeen)"
fumin’,55.774314154966746,-4.173427482200276,1663179123,390,1993,29,Female,Y,530,"East Kilbride (north: The Village, East Mains, West Mains, Lymekilns, St Leonards, Calderwood, Nerston, Stewartfield, Peel Park)","South Lanarkshire",G74,Glasgow
fumin’,55.789733707557936,-4.381208639331236,1663844161,436,1984,38,Male,Y,540,Barrhead,"East Renfrewshire",G78,Glasgow
fumin’,56.20250503171148,-3.3005556090598596,1663861009,369,1967,55,Male,Y,1129,"Glenrothes (west: Caskieberran, Rimbleton, Macedonia, Tanshall)",Fife,KY6,Fife
fumin’,56.45612938715439,-3.0106462373340883,1664363617,443,1993,29,Male,Y,261,"Westend, Dundee",Dundee,"Dundee West","Tayside and Angus (Dundee)"
fumin’,55.4112228717056,-4.703197413826252,1664788594,460,1989,33,Male,Y,856,"Ayr (Centre)","South Ayrshire",KA7,Ayrshire
fumin’,56.138822350143485,-3.3330705216147236,1664788932,461,1965,57,Male,Y,1121,Cowdenbeath,Fife,KY4,Fife
fumin’,55.83524828062342,-3.377596098607095,1664789529,468,1975,47,Female,Y,311,"Currie, Edinburgh",Edinburgh,"Edinburgh South","Lothian (Edinburgh)"
fumin’,56.09487839448665,-3.2952109678017867,1664790237,469,1965,57,Male,Y,1121,Cowdenbeath,Fife,KY4,Fife
fumin’,56.47576238903094,-2.969762719106267,1664792208,479,1957,65,Male,N,238,"Menzieshill, Dundee",Dundee,"Dundee Central","Tayside and Angus (Dundee)"
fumin’,55.608973165487946,-4.473614038889294,1664792794,485,1947,75,Male,N,841,Stewarton,"East Ayrshire",KA3,Ayrshire
fumin’,55.880508043273686,-3.246895052349117,1664796394,514,1973,49,Female,Y,308,"Liberton, Edinburgh",Edinburgh,"Edinburgh South","Lothian (Edinburgh)"
fumin’,56.04307127639254,-3.738649215504644,1664796427,515,1989,33,Female,Y,419,Airth,Falkirk,FK2,"Stirling and Falkirk"
fumin’,55.58067709701798,-4.612569551735234,1664797328,526,1996,26,Male,Y,809,Dundonald,"South Ayrshire",KA2,Ayrshire
fumin’,59.97069377225487,-1.3565083749568778,1664798393,531,1966,56,Female,Y,1581,"Mid Yell","Shetland Isles",ZE2,"Shetland Islands"
fumin’,56.74250957054637,-2.4743583771807685,1664798522,532,1953,69,Male,Y,139,Hillside,Angus,DD10,"Tayside and Angus (Dundee)"
fumin’,55.80213969936483,-4.261516658974279,1664799078,536,1956,66,Female,Y,647,"Pollokshields, Glasgow",Glasgow,"Glasgow South",Glasgow
fumin’,55.81515304474181,-4.263827051851192,1664799356,536,1956,66,Female,Y,647,"Pollokshields, Glasgow",Glasgow,"Glasgow South",Glasgow
fumin’,56.467214190751136,-2.979204991041873,1664800795,546,1962,60,Male,Y,243,"Hilltown, Dundee",Dundee,"Dundee Central","Tayside and Angus (Dundee)"
fumin’,56.471966854458145,-3.0324075409554827,1664802263,558,1960,62,Female,Y,242,"St Marys, Dundee",Dundee,"Dundee Central","Tayside and Angus (Dundee)"
fumin’,56.46695623366345,-3.0019095517405807,1664802584,562,1952,70,Female,N,236,"Lochee, Dundee",Dundee,"Dundee Central","Tayside and Angus (Dundee)"
fumin’,59.133969176055054,-2.628099064011118,1664803240,566,1958,64,Female,N,1025,"Orkney Islands",Orkney,KW17,"Orkney Islands"
fumin’,56.225812574321374,-3.045084281763007,1664804119,571,1979,43,Female,Y,1140,Leven,Fife,KY8,Fife
fumin’,55.86373413766008,-4.288065783095998,1664804801,575,1963,59,Female,Y,590,"Hyndland, Glasgow",Glasgow,"Glasgow Kelvin",Glasgow
fumin’,55.93267784163831,-4.858822194678065,1664806084,590,1995,27,Female,Y,1235,Gourock,Inverclyde,PA19,Glasgow
fumin’,55.62766906543826,-2.86767015373488,1664806238,591,1961,61,Female,Y,1415,Stow,"Scottish Borders",TD1,Borders
fumin’,57.12949985844299,-2.1398952990404294,1664807130,600,1963,59,Male,Y,128,"Mannofield, Aberdeen",Aberdeen,"Aberdeen Southwest","North East (Aberdeen)"
fumin’,55.90780941659622,-4.42895693500813,1664807646,601,1958,64,Female,Y,546,Clydebank,"West Dunbartonshire",G81,Glasgow
fumin’,55.93995024561287,-4.392018550822979,1664808876,605,1975,47,Female,Y,546,Clydebank,"West Dunbartonshire",G81,Glasgow
fumin’,55.68525200536733,-3.8329885228290372,1664809434,611,1980,42,Female,Y,1167,Lanark,"South Lanarkshire",ML11,Glasgow
fumin’,57.681150368266735,-3.4541377209589124,1664809612,612,1966,56,Female,N,737,Elgin,Moray,IV30,"North East (Aberdeen)"
fumin’,60.528582624613335,-1.543523989150368,1664816572,660,1982,40,Female,N,1543,Girlsta,"Shetland Isles",ZE2,"Shetland Islands"
fumin’,55.75197834279688,-4.146794214367297,1664818126,673,1956,66,Female,Y,534,"East Kilbride (south: Hairmyres, Westwood, The Murray, Murray East, Whitehills, Greenhill, Newlandsmuir, Gardenhall, Crosshouse, Newlands, Lindsayfield, Mossneuk)","South Lanarkshire",G75,Glasgow
fumin’,57.38603908773442,-2.428056975999579,1664819210,682,1958,64,Female,Y,64,Inverurie,Aberdeenshire,AB51,"North East (Aberdeen)"
fumin’,55.83571187738014,-4.297655459351825,1664819682,681,2002,20,Other,Y,645,Clarkston,"East Renfrewshire","Glasgow South",Glasgow
fumin’,56.49095285639291,-2.9326681564062747,1664819770,686,1963,59,Female,N,256,"Whitfield, Dundee",Dundee,"Dundee North","Tayside and Angus (Dundee)"
fumin’,58.912422044818655,-2.9306488294151274,1664820310,689,1963,59,Female,N,1025,"Orkney Islands",Orkney,KW17,"Orkney Islands"
fumin’,55.806819966335645,-4.497621049625117,1664821448,701,1981,41,Female,Y,1236,"Paisley (south: Blackhall, Castlehead, Dykebar, Foxbar, Hunterhill, Meikleriggs)",Renfrewshire,PA2,Glasgow
fumin’,56.47843777742623,-2.8302467398305478,1664821813,709,1994,28,Female,Y,248,"Barnhill, Dundee",Dundee,"Dundee East","Tayside and Angus (Dundee)"
fumin’,57.40820721118043,-2.522565910016902,1664823383,720,1960,62,Male,Y,66,Kintore,Aberdeenshire,AB51,"North East (Aberdeen)"
fumin’,57.305721476283445,-3.6123614906228703,1664823426,719,1977,45,Female,Y,1371,Grantown-On-Spey,Highland,PH26,"Highlands (Inverness)"
fumin’,55.95531375326566,-3.9751368106333507,1664827112,736,2001,21,Female,Y,514,"Cumbernauld (south: Condorrat, Lenziemill, Carbrain, Kildrum, Cumbernauld Village, Abronhill, Seafar)","North Lanarkshire",G67,Glasgow
fumin’,56.279832300362756,-2.9709642096167803,1664827623,739,1961,61,Female,Y,1105,Cupar,Fife,KY15,Fife
fumin’,55.90067669703569,-4.333149877764897,1664830395,756,1998,24,Male,Y,638,"Drumchapel, Glasgow",Glasgow,"Glasgow Northwest",Glasgow
fumin’,55.81473240432169,-4.102287705633357,1664834743,781,1975,47,Female,Y,529,Cambuslang,"South Lanarkshire",G72,Glasgow
fumin’,60.15681518413358,-1.2786085338041753,1664836911,783,1952,70,Female,Y,1500,Lerwick,"Shetland Isles",ZE1,"Shetland Islands"
fumin’,56.493940309900175,-3.0459556844814575,1664870624,843,1979,43,Female,N,244,"Stobswell, Dundee",Dundee,"Dundee Central","Tayside and Angus (Dundee)"
fumin’,56.471974077266864,-2.913940307515169,1664870764,842,1968,54,Female,N,250,"Downfield, Dundee",Dundee,"Dundee North","Tayside and Angus (Dundee)"
fumin’,55.94143589468529,-4.255131634250572,1664871388,862,1964,58,Female,Y,502,Bishopbriggs,"East Dunbartonshire",G64,Glasgow
fumin’,56.22255117265241,-3.112218122413536,1664871679,867,1953,69,Male,N,1134,Markinch,Fife,KY7,Fife
fumin’,55.68446182957563,-4.314900990115758,1664871744,882,1959,63,Female,Y,837,"Kilmarnock (north: Onthank, Townholm, Altonhill, Longpark, Beansburn, New Farm Loch, Knockinlaw, Hillhead, Crookedholm)","East Ayrshire",KA3,Ayrshire
fumin’,55.83376119878526,-4.676338639802118,1664871923,892,1987,35,Male,Y,1226,Lochwinnoch,Renfrewshire,PA12,Glasgow
fumin’,55.673148087996886,-4.213384943058136,1664873588,935,1973,49,Female,Y,1160,Strathaven,"North Lanarkshire",ML10,Glasgow
fumin’,56.49080237391463,-3.031999664313487,1664873591,934,1957,65,Female,N,243,"Hilltown, Dundee",Dundee,"Dundee Central","Tayside and Angus (Dundee)"
fumin’,55.932496969572824,-4.733724068872569,1664874483,961,1966,56,Male,Y,1230,"Greenock (central and east: Bogston, Bridgend, Cartsdyke, Gibshill, Greenock Central, Ladyburn, Upper Ingleston)",Inverclyde,PA15,Glasgow
fumin’,55.942165557463134,-4.423698575446244,1664874495,958,1953,69,Male,N,543,Duntocher,"West Dunbartonshire",G81,Glasgow
fumin’,56.47868120131521,-2.954638546992669,1664874965,978,1956,66,Female,N,255,"Fintry, Dundee",Dundee,"Dundee North","Tayside and Angus (Dundee)"
fumin’,57.55392388829056,-1.9255333105200743,1664875026,986,1963,59,Male,Y,54,Peterhead,Aberdeenshire,AB42,"North East (Aberdeen)"
fumin’,55.87574384762103,-4.333080353702987,1664875166,991,1944,78,Male,N,638,"Drumchapel, Glasgow",Glasgow,"Glasgow Northwest",Glasgow
fumin’,56.423631955872054,-2.929704682314378,1664875241,993,1952,70,Male,N,174,Gauldry,Fife,DD6,"Tayside and Angus (Dundee)"
fumin’,55.7319964070197,-3.197472884472255,1664876051,1048,1960,62,Male,N,362,Peebles,"Scottish Borders",EH45,Borders
fumin’,56.137751217464945,-3.482094941449587,1664876458,1061,1978,44,Male,Y,1124,Kelty,Fife,KY4,Fife
fumin’,55.5244503930529,-3.7947708958957636,1664876638,1085,1995,27,Female,Y,1168,Lesmahagow,"South Lanarkshire",ML11,Glasgow
fumin’,55.93332128000956,-3.260293825757472,1664876770,1091,1976,46,Female,Y,262,"Wester Hailes, Edinburgh",Edinburgh,"Edinburgh Central","Lothian (Edinburgh)"
fumin’,55.903948944995086,-4.208283630505173,1664876773,1083,1961,61,Female,Y,598,Rutherglen,"South Lanarkshire","Glasgow Northeast",Glasgow
fumin’,55.71909038434151,-4.001602089081422,1664876789,1090,1954,68,Male,Y,1183,Hamilton,"South Lanarkshire",ML3,Glasgow
fumin’,56.29605834572297,-2.6432336464195663,1664876902,1095,1945,77,Male,N,1114,"St Andrews",Fife,KY16,Fife
fumin’,57.15417216043537,-2.0889509856172026,1664876995,1103,1962,60,Male,Y,98,"Northfield, Aberdeen",Aberdeen,"Aberdeen Central","North East (Aberdeen)"
fumin’,55.77201976979501,-3.876872908688265,1664877123,1107,1957,65,Female,Y,1180,Wishaw,"North Lanarkshire",ML2,Glasgow
fumin’,55.80147367580566,-4.332628674521459,1664877308,1123,1989,33,Female,Y,664,"Toryglen, Glasgow",Glasgow,"Glasgow Southwest",Glasgow
fumin’,60.28139102814513,-1.6687883119353646,1664877377,1112,1958,64,Female,N,1626,"West Yell","Shetland Isles",ZE2,"Shetland Islands"
fumin’,57.0998070855062,-2.730093960567409,1664877430,1127,1970,52,Female,Y,22,Banchory,Aberdeenshire,AB31,"North East (Aberdeen)"
fumin’,55.98624706365933,-3.1857348731388337,1664877620,1140,1998,24,Male,Y,285,"Leith, Edinburgh",Edinburgh,"Edinburgh Leith","Lothian (Edinburgh)"
fumin’,56.26805269801516,-4.762768001301644,1664877710,1144,1943,79,Female,Y,557,Alexandria,"West Dunbartonshire",G83,"Argyll and Bute"
fumin’,55.75475043536357,-4.157319285218635,1664877801,1146,1957,65,Female,Y,530,"East Kilbride (north: The Village, East Mains, West Mains, Lymekilns, St Leonards, Calderwood, Nerston, Stewartfield, Peel Park)","South Lanarkshire",G74,Glasgow
fumin’,55.76565602244042,-4.4547502493748725,1664878282,1164,1968,54,Female,Y,540,Barrhead,"East Renfrewshire",G78,Glasgow
fumin’,56.46941158567261,-3.0000874959185686,1664878385,1171,1996,26,Male,N,243,"Hilltown, Dundee",Dundee,"Dundee Central","Tayside and Angus (Dundee)"
fumin’,56.22603941254687,-3.6534545931711286,1664878739,1190,1992,30,Male,Y,397,Dollar,Clackmannanshire,FK14,"Stirling and Falkirk"
fumin’,55.55614992995987,-3.2958335055241688,1664878745,1187,2002,20,Male,Y,362,Peebles,"Scottish Borders",EH45,Borders
fumin’,56.15951991954265,-3.7651710334436412,1664878969,1198,1980,42,Female,Y,393,Alva,Clackmannanshire,FK12,"Stirling and Falkirk"
fumin’,55.963459963503844,-4.202824052035091,1664880410,1271,1993,29,Female,Y,509,Lenzie,"East Dunbartonshire",G66,Glasgow
fumin’,55.85861376010443,-3.06962650246281,1664880860,1285,1992,30,Female,Y,328,Bonnyrigg,Midlothian,EH19,"Lothian (Edinburgh)"
fumin’,55.42042333921238,-4.65266035243054,1664881014,1288,1956,66,Female,Y,856,"Ayr (Centre)","South Ayrshire",KA7,Ayrshire
fumin’,55.88928368141809,-4.3787578951716375,1664881154,1293,1955,67,Female,N,638,"Drumchapel, Glasgow",Glasgow,"Glasgow Northwest",Glasgow
fumin’,56.82681148404062,-2.3223698568192788,1664881229,1298,1996,26,Male,Y,140,Montrose,Angus,DD10,"Tayside and Angus (Dundee)"
fumin’,57.70583093824816,-3.3071159135952124,1664881812,1324,1961,61,Female,N,738,Lossiemouth,Moray,IV31,"North East (Aberdeen)"
fumin’,56.304904647971036,-3.212365807936663,1664882369,1354,1996,26,Male,Y,1102,Newburgh,Fife,KY14,Fife
fumin’,55.50088748418716,-4.240159321194723,1664882480,1358,1991,31,Male,Y,846,Mauchline,"East Ayrshire",KA5,Ayrshire
fumin’,57.12725118117758,-2.072114800514932,1664882717,1348,1977,45,Male,Y,5,"Cove Bay",Aberdeenshire,AB12,"North East (Aberdeen)"
fumin’,57.12282085832797,-2.1334334337669794,1664883504,1382,1995,27,Female,N,126,"Bridge of Dee, Aberdeen",Aberdeen,"Aberdeen Southeast","North East (Aberdeen)"
fumin’,55.68889432602018,-3.8994135524735563,1664883696,1394,1991,31,Male,Y,1167,Lanark,"South Lanarkshire",ML11,Glasgow
fumin’,56.15837832286383,-3.9656423056397094,1664883707,1383,1957,65,Female,Y,477,"Bridge of Allan",Stirlingshire,FK9,"Stirling and Falkirk"
fumin’,55.97096850759703,-3.1405636564852673,1664883937,1397,1948,74,Male,Y,284,"Restalrig, Edinburgh",Edinburgh,"Edinburgh Leith","Lothian (Edinburgh)"
fumin’,55.96058369112818,-4.310629041780491,1664884411,1415,1967,55,Female,Y,489,Milngavie,"East Dunbartonshire",G62,Glasgow
fumin’,55.90727250419145,-4.351788738537696,1664884763,1419,2000,22,Other,N,639,"Scotstoun, Glasgow",Glasgow,"Glasgow Northwest",Glasgow
fumin’,56.598945737573366,-3.2590488266781614,1664884803,1410,1988,34,Female,Y,1318,Blairgowrie,"Perth and Kinross",PH10,Fife
fumin’,55.10658957793494,-4.361567558696633,1664884823,1427,1997,25,Male,Y,220,"Castle Douglas","Dumfries and Galloway",DG7,"Dumfries and Galloway"
fumin’,56.962092550021964,-2.2949128010875937,1664884896,1431,1962,60,Female,N,48,Stonehaven,Aberdeenshire,AB39,"North East (Aberdeen)"
fumin’,56.86725921328482,-2.3083472438617676,1664884964,1437,1958,64,Male,N,20,Scotston,Aberdeenshire,AB30,"North East (Aberdeen)"
fumin’,55.93851925485355,-3.2664158128075487,1664885041,1439,1988,34,Other,Y,292,"Craigleith, Edinburgh",Edinburgh,"Edinburgh North","Lothian (Edinburgh)"
fumin’,55.934099925249335,-2.9327720690471746,1664885586,1460,1953,69,Male,Y,349,Tranent,"East Lothian",EH33,"Lothian (Edinburgh)"
fumin’,55.75041418353073,-3.730158247362964,1664885622,1459,1996,26,Other,Y,1214,Law,"North Lanarkshire",ML8,Glasgow
fumin’,56.19199312906109,-4.350901322475835,1664885954,1471,1967,55,Male,N,410,Callander,Stirlingshire,FK17,"Stirling and Falkirk"
fumin’,56.47656480051891,-2.9050684842841776,1664886290,1484,1962,60,Female,Y,247,"Broughty Ferry, Dundee",Dundee,"Dundee East","Tayside and Angus (Dundee)"
fumin’,55.96754433048118,-3.1783957575818986,1664886307,1487,1983,39,Male,Y,285,"Leith, Edinburgh",Edinburgh,"Edinburgh Leith","Lothian (Edinburgh)"
fumin’,56.48016437483582,-2.92322727210321,1664886525,1497,2003,19,Female,N,255,"Fintry, Dundee",Dundee,"Dundee North","Tayside and Angus (Dundee)"
fumin’,57.62983720647852,-1.8951618350085933,1664886640,1501,1988,34,Female,Y,57,Fraserburgh,Aberdeenshire,AB43,"North East (Aberdeen)"
fumin’,55.9904436035341,-3.180127586384297,1664886973,1506,1954,68,Male,N,285,"Leith, Edinburgh",Edinburgh,"Edinburgh Leith","Lothian (Edinburgh)"
fumin’,56.05089486551511,-4.035850966145899,1664887012,1509,2004,18,Female,Y,464,"Stirling (south and east: Braehead, Borestone, Broomridge, Torbrex)",Stirlingshire,FK7,"Stirling and Falkirk"
fumin’,54.9795826705629,-3.085393285272527,1664887033,1518,2003,19,Other,Y,205,Gretna,"Dumfries and Galloway",DG16,"Dumfries and Galloway"
fumin’,56.76501605607699,-3.0413464837498516,1664887553,1538,1971,51,Male,N,179,Forfar,Angus,DD8,"Tayside and Angus (Dundee)"
fumin’,56.12798167377483,-3.8258845252692084,1664887816,1547,2000,22,Male,Y,391,Alloa,Clackmannanshire,FK10,"Stirling and Falkirk"
fumin’,58.22211021065005,-6.385810279197211,1664888159,1559,1996,26,Male,Y,686,"Stornoway, Isle of Lewis","Western Isles",HS1,"Western Isles"
fumin’,55.90196390389136,-4.147002685992113,1664888476,1567,1960,62,Male,N,507,Kirkintilloch,"East Dunbartonshire",G66,Glasgow
fumin’,56.16127798962651,-3.8836768995388313,1664888822,1577,2003,19,Male,Y,479,"Stirling (north: Causewayhead, Cornton)",Stirlingshire,FK9,"Stirling and Falkirk"
fumin’,56.579160647943226,-2.539714514086182,1664888971,1578,1953,69,Female,N,141,Arbroath,Angus,DD11,"Tayside and Angus (Dundee)"
fumin’,57.31981345911731,-2.4633194025799052,1664889127,1594,1995,27,Female,Y,65,Kemnay,Aberdeenshire,AB51,"North East (Aberdeen)"
fumin’,56.190896457620816,-3.6022198367956895,1664889486,1488,1980,42,Female,N,1098,Kinross,"Perth and Kinross",KY13,Fife
fumin’,55.76245480840828,-3.861817914335491,1664890161,1612,1990,32,Female,Y,1212,Carluke,"South Lanarkshire",ML8,Glasgow
fumin’,55.91823021354847,-3.5040756073179966,1664890659,1623,1995,27,Female,Y,375,Livingston,"West Lothian",EH54,"Lothian (Edinburgh)"
fumin’,57.66245556449517,-1.9313266148873516,1664892108,1655,1969,53,Female,Y,57,Fraserburgh,Aberdeenshire,AB43,"North East (Aberdeen)"
fumin’,56.18187138097203,-3.13519309733833,1664892141,1657,1958,64,Female,Y,1079,"Kirkcaldy (east: Linktown, Port Brae, Pathhead, Sinclairtown, Smeaton, Gallatown)",Fife,KY1,Fife
fumin’,56.53802884761834,-4.415302726258381,1664892486,1665,1950,72,Female,N,1327,Aberfeldy,"Perth and Kinross",PH15,Fife
fumin’,55.89004957997483,-3.239438428328209,1664894867,1725,1963,59,Male,Y,316,"Bruntsfield, Edinburgh",Edinburgh,"Edinburgh South","Lothian (Edinburgh)"
fumin’,55.910409648089676,-4.387883152616151,1664895499,1740,1970,52,Male,Y,638,"Drumchapel, Glasgow",Glasgow,"Glasgow Northwest",Glasgow
fumin’,56.75538714855566,-2.761747811639756,1664895580,1742,1964,58,Female,N,182,Brechin,Angus,DD9,"Tayside and Angus (Dundee)"
fumin’,55.8684700102058,-4.581120612566234,1664896008,1751,1996,26,Female,Y,1224,"Bridge of Weir",Renfrewshire,PA11,Glasgow
fumin’,55.82393737425582,-4.327923799804094,1664896567,1770,2004,18,Other,School,660,"Arden, Glasgow",Glasgow,"Glasgow South",Glasgow
fumin’,55.743661390653514,-3.218444349667341,1664896593,1771,1974,48,Male,Y,362,Peebles,"Scottish Borders",EH45,Borders
fumin’,56.534518975987346,-3.0197793845623147,1664896787,1774,2000,22,Male,Y,152,Bridgefoot,Angus,DD3,"Tayside and Angus (Dundee)"
fumin’,57.466159963407264,-1.815426439591171,1664897047,1785,1972,50,Female,Y,54,Peterhead,Aberdeenshire,AB42,"North East (Aberdeen)"
fumin’,57.60176579503765,-2.248323214763296,1664897147,1786,1989,33,Female,Y,57,Fraserburgh,Aberdeenshire,AB43,"North East (Aberdeen)"
fumin’,57.53099386510181,-3.2404494462533937,1664897207,1782,1954,68,Male,Y,46,Rothes,Moray,AB38,"North East (Aberdeen)"
fumin’,55.975368318542316,-3.985538805373891,1664897907,1768,2004,18,Female,Y,517,"Cumbernauld (north: Balloch, Eastfield, Carrickstone, Smithstone, Blackwood, Westfield)","North Lanarkshire",G68,Glasgow
fumin’,55.85290402663205,-4.371832162745285,1664898207,1821,1955,67,Male,Y,662,"Battlefield, Glasgow",Glasgow,"Glasgow Southwest",Glasgow
fumin’,55.977884021196715,-3.200299206410702,1664898506,1828,1958,64,Male,Y,297,"Blackhall, Edinburgh",Edinburgh,"Edinburgh North","Lothian (Edinburgh)"
fumin’,55.94997184275729,-4.3565353887288945,1664898721,1832,2003,19,Female,Y,489,Milngavie,"East Dunbartonshire",G62,Glasgow
fumin’,55.93261426782339,-4.060534496694664,1664899154,1767,1994,28,Male,Y,517,"Cumbernauld (north: Balloch, Eastfield, Carrickstone, Smithstone, Blackwood, Westfield)","North Lanarkshire",G68,Glasgow
fumin’,55.75486225261162,-3.920821157178081,1664899535,1851,2005,17,Male,School,1180,Wishaw,"North Lanarkshire",ML2,Glasgow
fumin’,57.09121797480314,-2.294213594257991,1664899960,1860,1957,65,Female,N,22,Banchory,Aberdeenshire,AB31,"North East (Aberdeen)"
fumin’,55.65106245639264,-4.3899592725535115,1664900541,1876,1992,30,Female,N,843,Galston,"East Ayrshire",KA4,Ayrshire
fumin’,55.96948419782663,-3.1830571035513326,1664900769,1879,1948,74,Male,Y,285,"Leith, Edinburgh",Edinburgh,"Edinburgh Leith","Lothian (Edinburgh)"
fumin’,55.91420073083605,-3.5947532361695385,1664901184,1891,1954,68,Male,Y,368,Bathgate,"West Lothian",EH48,"Lothian (Edinburgh)"
fumin’,57.63792070011993,-3.157217177408254,1664901591,1904,1977,45,Male,Y,739,Fochabers,Moray,IV32,"North East (Aberdeen)"
fumin’,56.781574586110544,-2.665365016001534,1664901677,1907,1987,35,Female,Y,182,Brechin,Angus,DD9,"Tayside and Angus (Dundee)"
fumin’,57.14266458614801,-2.527094827424529,1664902002,1917,1993,29,Female,Y,67,Oldmeldrum,Aberdeenshire,AB51,"North East (Aberdeen)"
fumin’,56.24741991644364,-5.047895954514477,1664902561,1929,1998,24,Female,Y,1255,Inveraray,"Argyll and Bute",PA32,"Argyll and Bute"
fumin’,58.59852244299952,-3.672633316997975,1664903059,1939,1979,43,Male,Y,961,Thurso,Highland,KW14,"Highlands (Inverness)"
fumin’,57.08079998779,-2.280373533416434,1664904124,1965,1977,45,Male,Y,132,"Peterculter, Aberdeen",Aberdeen,"Aberdeen Southwest","North East (Aberdeen)"
fumin’,57.10057549308928,-2.2945695499640424,1664904162,1966,1999,23,Female,Y,128,"Mannofield, Aberdeen",Aberdeen,"Aberdeen Southwest","North East (Aberdeen)"
fumin’,57.113712189396516,-2.2990486145593816,1664904384,1966,1999,23,Female,Y,128,"Mannofield, Aberdeen",Aberdeen,"Aberdeen Southwest","North East (Aberdeen)"
fumin’,57.607690013851666,-3.441315697617942,1664904505,1968,1983,39,Female,Y,737,Elgin,Moray,IV30,"North East (Aberdeen)"
fumin’,58.95693580903685,-2.8550587743528464,1664904878,1979,1961,61,Female,Y,1025,"Orkney Islands",Orkney,KW17,"Orkney Islands"
fumin’,56.88452340497796,-3.0227611686743527,1664905040,1982,1996,26,Female,N,182,Brechin,Angus,DD9,"Tayside and Angus (Dundee)"
fumin’,56.58256093430883,-3.3055184365215777,1664905163,1985,1997,25,Male,Y,1318,Blairgowrie,"Perth and Kinross",PH10,Fife
fumin’,57.60616256275752,-2.2358566781437035,1664905365,1984,1965,57,Female,N,57,Fraserburgh,Aberdeenshire,AB43,"North East (Aberdeen)"
fumin’,56.48641172764657,-3.0411471013696154,1664905436,1993,1952,70,Male,Y,236,"Lochee, Dundee",Dundee,"Dundee Central","Tayside and Angus (Dundee)"
fumin’,57.150192200466066,-2.1851114802057654,1664905683,2000,1964,58,Female,N,97,"Mastrick, Aberdeen",Aberdeen,"Aberdeen Central","North East (Aberdeen)"
fumin’,55.71492992207114,-4.388708333122118,1664906572,2025,1968,54,Female,Y,539,"Newton Mearns","East Renfrewshire",G77,Glasgow
fumin’,56.48678442409128,-2.9574837796402322,1664906617,2024,1968,54,Male,Y,256,"Whitfield, Dundee",Dundee,"Dundee North","Tayside and Angus (Dundee)"
fumin’,56.48960944626149,-2.9507248929673984,1664907141,2031,1956,66,Female,N,254,"Douglas, Dundee",Dundee,"Dundee North","Tayside and Angus (Dundee)"
fumin’,55.75747437749367,-4.382249416816477,1664907337,2042,1994,28,Male,Y,539,"Newton Mearns","East Renfrewshire",G77,Glasgow
fumin’,55.517512620067684,-2.694550179446538,1664908602,2066,1996,26,Female,Y,1486,Jedburgh,"Scottish Borders",TD8,Borders
fumin’,57.570918671688986,-3.1810554056818128,1664909097,2082,1981,41,Female,N,739,Fochabers,Moray,IV32,"North East (Aberdeen)"
fumin’,56.483254626043774,-3.6253970143204364,1664909360,2088,1966,56,Male,Y,1313,"Perth (north and west: Burghmuir, Cherrybank, Hillyland, Inveralmond, Lethom, Muirton, North Muirton, Tulloch)","Perth and Kinross",PH1,Fife
fumin’,57.6983747129594,-2.849399219613767,1664909685,2094,1992,30,Female,Y,90,Buckie,Moray,AB56,"North East (Aberdeen)"
fumin’,55.724751965414974,-4.0289254453701,1664910181,2108,1956,66,Female,N,1183,Hamilton,"South Lanarkshire",ML3,Glasgow
fumin’,57.640385511763945,-2.8706654733578527,1664910570,2110,1992,30,Female,N,90,Buckie,Moray,AB56,"North East (Aberdeen)"
fumin’,57.52709199974402,-3.1548298561473302,1664910616,1782,1954,68,Male,Y,46,Rothes,Moray,AB38,"North East (Aberdeen)"
fumin’,55.92279299667783,-3.281577836307434,1664911480,2131,1982,40,Female,N,274,"Tollcross, Edinburgh",Edinburgh,"Edinburgh Central","Lothian (Edinburgh)"
fumin’,55.47060740505669,-3.772950745976097,1664911715,2142,1967,55,Male,N,1170,Biggar,"South Lanarkshire",ML12,Glasgow
fumin’,57.452581878950326,-1.9158180219110645,1664912636,2168,2003,19,Female,Y,54,Peterhead,Aberdeenshire,AB42,"North East (Aberdeen)"
fumin’,56.35275895323587,-5.146080487525355,1664912731,2167,1965,57,Female,Y,1258,Taynuilt,"Argyll and Bute",PA35,"Argyll and Bute"
fumin’,55.836192973415926,-4.094374456824744,1664913663,2185,2003,19,Other,Y,526,Viewpark,"North Lanarkshire",G71,Glasgow
fumin’,56.484570068968296,-3.0284410795746957,1664913690,2191,1964,58,Male,N,245,"Law, Dundee",Dundee,"Dundee Central","Tayside and Angus (Dundee)"
fumin’,56.21714813549541,-2.9865498308879714,1664914117,2209,1994,28,Male,Y,1140,Leven,Fife,KY8,Fife
fumin’,56.239792664406366,-2.7077195690870015,1664914691,2222,1992,30,Female,Y,1086,Anstruther,Fife,KY10,Fife
fumin’,56.78034249699998,-5.464846157839537,1664914857,2221,1995,27,Male,Y,1383,Glenfinnan,Highland,PH37,"Highlands (Inverness)"
fumin’,56.217973612693214,-2.813360739306335,1664914966,2220,1994,28,Female,Y,1145,Kilconquhar,Fife,KY9,Fife
fumin’,57.15514434434266,-2.113960796357426,1664915733,2234,1981,41,Female,Y,106,"Kittybrewster, Aberdeen",Aberdeen,"Aberdeen Central","North East (Aberdeen)"
fumin’,55.95098735075427,-3.2101459410046345,1664915814,2242,1959,63,Female,N,291,"Deans Village, Edinburgh",Edinburgh,"Edinburgh North","Lothian (Edinburgh)"
fumin’,56.307716670084034,-2.9237606665517974,1664917624,2268,1955,67,Male,N,1105,Cupar,Fife,KY15,Fife
fumin’,55.34869945282501,-3.8834002017837816,1664917788,2281,1960,62,Female,Y,212,Kirkconnel,"Dumfries and Galloway",DG4,"Dumfries and Galloway"
fumin’,56.232450879551784,-3.0594105565177276,1664917791,2275,1974,48,Female,Y,1140,Leven,Fife,KY8,Fife
fumin’,55.40563347040674,-4.746703959293072,1664917870,2283,1961,61,Female,Y,856,"Ayr (Centre)","South Ayrshire",KA7,Ayrshire
fumin’,56.467914466729454,-2.9689518895510734,1664918837,2315,1971,51,Male,Y,239,"Charleston, Dundee",Dundee,"Dundee Central","Tayside and Angus (Dundee)"
fumin’,55.77949686260803,-4.410722482399629,1664918869,2316,1970,52,Female,Y,540,Barrhead,"East Renfrewshire",G78,Glasgow
fumin’,57.149366272518094,-2.445317356945521,1664919048,2320,1987,35,Male,Y,28,Westhill,Aberdeenshire,AB32,"North East (Aberdeen)"
fumin’,57.12959842900451,-4.643534060037612,1664919369,2325,1972,50,Male,Y,1376,"Fort Augustus",Highland,PH32,"Highlands (Inverness)"
fumin’,55.86363531776061,-4.374278725057337,1664920093,2338,1978,44,Male,N,681,"Nitshill, Glasgow",Glasgow,"Glasgow Southwest",Glasgow
fumin’,55.418889704473564,-4.745102076123367,1664920146,2346,1962,60,Female,Y,856,"Ayr (Centre)","South Ayrshire",KA7,Ayrshire
fumin’,55.95130995372585,-3.129324000786997,1664920743,2361,2001,21,Male,Y,281,"Portobello, Edinburgh",Edinburgh,"Edinburgh Duddingston","Lothian (Edinburgh)"
fumin’,58.08332176109493,-3.990274423996779,1664922804,2388,1968,54,Male,Y,1071,Brora,Highland,KW9,"Highlands (Inverness)"
fumin’,56.75547134967572,-3.0877344692607,1664922969,2389,1982,40,Male,Y,179,Forfar,Angus,DD8,"Tayside and Angus (Dundee)"
fumin’,56.91678324482921,-2.95233215915452,1664923048,2383,2000,22,Female,N,182,Brechin,Angus,DD9,"Tayside and Angus (Dundee)"
fumin’,54.80698374298072,-4.487031232367698,1664923553,2392,1974,48,Female,Y,227,Wigtown,"Dumfries and Galloway",DG8,"Dumfries and Galloway"
fumin’,56.75337282282815,-2.7037618860367503,1664924613,2383,2000,22,Female,N,182,Brechin,Angus,DD9,"Tayside and Angus (Dundee)"
fumin’,55.00515011052237,-3.476462570581009,1664924626,2409,1951,71,Female,N,186,"Dumfries (centre and east: Dalscone, Georgetown, Heathhall, Kingholm Quay, Noblehill, The Crichton)","Dumfries and Galloway",DG1,"Dumfries and Galloway"
fumin’,57.58519428320638,-2.8579038758335162,1664926079,2416,1957,65,Female,N,89,Dufftown,Moray,AB55,"North East (Aberdeen)"
fumin’,56.47157671163177,-3.041742312114933,1664949513,2461,1965,57,Female,N,239,"Charleston, Dundee",Dundee,"Dundee Central","Tayside and Angus (Dundee)"
fumin’,60.570194514056844,-1.4357243299937528,1664950544,2467,1978,44,Female,N,1514,"Bridge of Walls","Shetland Isles",ZE2,"Shetland Islands"
fumin’,56.47061032109853,-2.9556043542560584,1664953084,2481,1962,60,Male,Y,234,"Baxter Park, Dundee",Dundee,"Dundee Bluebelt","Tayside and Angus (Dundee)"
fumin’,55.81350498443616,-3.8525089082746518,1664953256,2483,1950,72,Male,Y,1151,Motherwell,"North Lanarkshire",ML1,Glasgow
fumin’,57.19285389864532,-2.453248703796154,1664953314,2484,1963,59,Female,Y,67,Oldmeldrum,Aberdeenshire,AB51,"North East (Aberdeen)"
fumin’,56.4709153891597,-2.9981087912712874,1664957828,2520,1964,58,Female,Y,237,"Blackness, Dundee",Dundee,"Dundee Central","Tayside and Angus (Dundee)"
fumin’,55.78963276660407,-4.257791547481456,1664958776,2537,1966,56,Male,Y,571,"Castlemilk, Glasgow",Glasgow,"Glasgow Castlemilk",Glasgow
fumin’,55.54990133737023,-4.096712475087085,1664963864,2591,1989,33,Female,Y,797,Auchinleck,"East Ayrshire",KA18,Ayrshire
fumin’,55.801487703130164,-4.054898787352895,1664964124,2593,1986,36,Male,Y,525,Uddingston,"South Lanarkshire",G71,Glasgow
fumin’,57.44823217963705,-4.236159688007043,1664966199,2611,1969,53,Male,Y,714,"Inverness (east: Culcabock, Crown, Culduthel, Drummond, Haugh, Hilton, Holm, Lochardil, Millburn, Raigmore)",Highland,IV2,"Highlands (Inverness)"
fumin’,56.590396187235,-2.5564110113442706,1664967698,2621,1986,36,Female,Y,141,Arbroath,Angus,DD11,"Tayside and Angus (Dundee)"
fumin’,55.93567119276046,-4.24414832977699,1664969278,2639,1964,58,Male,Y,502,Bishopbriggs,"East Dunbartonshire",G64,Glasgow
fumin’,56.45209395453478,-2.9972948804840134,1664969386,2650,1998,24,Male,Y,261,"Westend, Dundee",Dundee,"Dundee West","Tayside and Angus (Dundee)"
fumin’,56.47734130148034,-3.000894107788119,1664969423,2658,1992,30,Female,Y,240,"Ardler, Dundee",Dundee,"Dundee Central","Tayside and Angus (Dundee)"
fumin’,57.16987663263516,-2.196059156571745,1664969519,2667,1979,43,Male,Y,113,"Bridge of Don, Aberdeen",Aberdeen,"Aberdeen North","North East (Aberdeen)"
fumin’,55.78490981751264,-3.966664637043017,1664969762,2695,1958,64,Female,N,1151,Motherwell,"North Lanarkshire",ML1,Glasgow
fumin’,59.24010936704313,-2.652519812944778,1664969794,2689,2001,21,Female,N,1025,"Orkney Islands",Orkney,KW17,"Orkney Islands"
fumin’,55.84703013971066,-3.3414714850749854,1664969861,2699,1978,44,Male,Y,314,"Morningside, Edinburgh",Edinburgh,"Edinburgh South","Lothian (Edinburgh)"
fumin’,56.55740325458739,-2.677682302713156,1664970096,2714,1968,54,Male,Y,141,Arbroath,Angus,DD11,"Tayside and Angus (Dundee)"
fumin’,57.42976084556033,-1.8736320234278552,1664970226,2727,1973,49,Other,N,54,Peterhead,Aberdeenshire,AB42,"North East (Aberdeen)"
fumin’,55.0455797137682,-3.5250842745928126,1664970291,2733,1976,46,Male,Y,185,Carrutherstown,"Dumfries and Galloway",DG1,"Dumfries and Galloway"
fumin’,55.920381440321364,-3.2847422366474506,1664970405,2718,1995,27,Female,Y,272,"New Town, Edinburgh",Edinburgh,"Edinburgh Central","Lothian (Edinburgh)"
fumin’,56.437095047233285,-3.4946592707911734,1664970418,2741,1979,43,Female,Y,1313,"Perth (north and west: Burghmuir, Cherrybank, Hillyland, Inveralmond, Lethom, Muirton, North Muirton, Tulloch)","Perth and Kinross",PH1,Fife
fumin’,55.40183578990192,-4.649319025208198,1664970432,2739,1964,58,Female,Y,856,"Ayr (Centre)","South Ayrshire",KA7,Ayrshire
fumin’,57.30082011288279,-2.576881681430876,1664970492,2743,1978,44,Male,N,70,Insch,Aberdeenshire,AB52,"North East (Aberdeen)"
fumin’,56.12404976424933,-3.5432243107897454,1664970577,2746,2000,22,Female,N,1096,"Dunfermline (centre, north, west: Abbey Parks, Lady's Mill, Garvock, Headwell, Kingseathill, Wellwood, Milesmark, Baldridge, Pittencrieff, Baldridgeburn)",Fife,KY12,Fife
fumin’,55.956668762158706,-4.767571098884216,1664970931,2768,1971,51,Female,Y,1231,"Greenock (west: Bow Farm, Braeside, Branchton, Fort Matilda, Gateside, Greenock West, Overton, Pennyfern, Smithston)",Inverclyde,PA16,Glasgow
fumin’,55.91544255694588,-3.2262415382761627,1664970979,2780,1972,50,Female,Y,315,"Fairmilehead, Edinburgh",Edinburgh,"Edinburgh South","Lothian (Edinburgh)"
fumin’,57.36914647895899,-2.521969659352618,1664971202,2794,1985,37,Female,Y,64,Inverurie,Aberdeenshire,AB51,"North East (Aberdeen)"
fumin’,57.67930321328139,-2.8227452395382255,1664971620,2828,1998,24,Male,Y,90,Buckie,Moray,AB56,"North East (Aberdeen)"
fumin’,55.77551126197248,-4.1403526323332525,1664971705,2831,1995,27,Male,Y,530,"East Kilbride (north: The Village, East Mains, West Mains, Lymekilns, St Leonards, Calderwood, Nerston, Stewartfield, Peel Park)","South Lanarkshire",G74,Glasgow
fumin’,56.951080974033296,-2.233779147216068,1664972097,2846,1957,65,Male,Y,48,Stonehaven,Aberdeenshire,AB39,"North East (Aberdeen)"
fumin’,57.66750266222688,-2.807665874718527,1664972186,2854,1957,65,Female,Y,91,Cullen,Moray,AB56,"North East (Aberdeen)"
fumin’,55.554437319293385,-2.4957171654403223,1664972661,2868,1977,45,Female,Y,1451,Kelso,"Scottish Borders",TD5,Borders
fumin’,56.636009780812955,-2.7757102591430156,1664973146,2891,1978,44,Female,Y,181,Kirriemuir,Angus,DD8,"Tayside and Angus (Dundee)"
fumin’,55.744976260030604,-4.2169890840646405,1664973270,2899,1994,28,Other,Y,534,"East Kilbride (south: Hairmyres, Westwood, The Murray, Murray East, Whitehills, Greenhill, Newlandsmuir, Gardenhall, Crosshouse, Newlands, Lindsayfield, Mossneuk)","South Lanarkshire",G75,Glasgow
fumin’,57.12241421738623,-2.1291934332584015,1664973622,2917,1969,53,Male,Y,127,"Torry, Aberdeen",Aberdeen,"Aberdeen Southeast","North East (Aberdeen)"
fumin’,55.85476076143613,-3.164403738732534,1664973696,2924,1970,52,Female,Y,342,Roslin,Midlothian,EH25,"Lothian (Edinburgh)"
fumin’,60.13412214140481,-1.2923411506310896,1664974407,2965,2005,17,Other,School,1500,Lerwick,"Shetland Isles",ZE1,"Shetland Islands"
fumin’,55.866452751493206,-4.3523552234858,1664974928,2988,1995,27,Other,N,678,"Cardonald, Glasgow",Glasgow,"Glasgow Southwest",Glasgow
fumin’,55.96350183266051,-3.247260268231759,1664975034,2996,1965,57,Female,N,278,"Granton, Edinburgh",Edinburgh,"Edinburgh Clermiston Granton","Lothian (Edinburgh)"
fumin’,55.362646647023,-4.09519698379266,1664975611,3020,2001,21,Female,Y,214,Sanquhar,"Dumfries and Galloway",DG4,"Dumfries and Galloway"
fumin’,55.9007503266341,-3.743134812604727,1664975898,3034,1997,25,Female,Y,377,"Falkirk (centre and south: Arnothill, Bantaskin, Callendar Park, Glen Village, Hallglen, Lionthorn, Tamfourhill, Woodlands)",Falkirk,FK1,"Stirling and Falkirk"
fumin’,55.84956896241318,-4.300654520655878,1664976406,3056,1989,33,Female,N,678,"Cardonald, Glasgow",Glasgow,"Glasgow Southwest",Glasgow
fumin’,56.4519308794575,-3.0214126186877417,1664976683,3065,1984,38,Male,Y,257,"Ninewells, Dundee",Dundee,"Dundee West","Tayside and Angus (Dundee)"
fumin’,55.864578471635085,-4.117288100484034,1664976788,3062,1939,83,Female,N,603,"Carntyne, Glasgow",Glasgow,"Glasgow Northeast",Glasgow
fumin’,57.55976129922027,-1.8271212243248394,1664976981,3076,1969,53,Female,Y,54,Peterhead,Aberdeenshire,AB42,"North East (Aberdeen)"
fumin’,56.424325874739786,-2.885145371895288,1664977163,3084,1991,31,Other,Y,175,Newport-on-Tay,Fife,DD6,"Tayside and Angus (Dundee)"
fumin’,56.087784972720684,-4.828144745501149,1664977286,3081,1996,26,Other,Y,566,Helensburgh,"Argyll and Bute",G84,"Argyll and Bute"
fumin’,55.811543418431334,-4.091158882782825,1664977330,3089,1972,50,Male,Y,526,Viewpark,"North Lanarkshire",G71,Glasgow
fumin’,57.211789229371185,-2.3473982037243886,1664977662,3100,1993,29,Male,Y,67,Oldmeldrum,Aberdeenshire,AB51,"North East (Aberdeen)"
fumin’,57.5432213736887,-4.235254443741819,1664978102,3113,1968,54,Female,N,699,"Inverness (centre, north: Longman)",Highland,IV1,"Highlands (Inverness)"
fumin’,57.60254895927904,-3.229714530160879,1664978533,3131,1945,77,Male,Y,737,Elgin,Moray,IV30,"North East (Aberdeen)"
fumin’,57.1008756738936,-2.1090004706669307,1664978683,3141,1974,48,Female,Y,6,"Kirkton of Maryculter",Aberdeenshire,AB12,"North East (Aberdeen)"
fumin’,57.61274928740764,-3.234463432439782,1664978768,3138,1997,25,Male,Y,737,Elgin,Moray,IV30,"North East (Aberdeen)"
fumin’,55.91296411922434,-4.3856660910451035,1664978873,3151,1950,72,Female,Y,641,"Knightswood, Glasgow",Glasgow,"Glasgow Northwest",Glasgow
fumin’,56.69106057019131,-5.494103929840444,1664978975,3144,1963,59,Male,Y,1377,"Fort William",Highland,PH33,"Highlands (Inverness)"
fumin’,59.05199281273406,-3.0887576258827405,1664979206,3161,1962,60,Female,N,1025,"Orkney Islands",Orkney,KW17,"Orkney Islands"
fumin’,57.634512864022454,-7.11145786388053,1664979304,3134,1967,55,Female,N,693,"Isle of North Uist","Western Isles",HS6,"Western Isles"
fumin’,57.65461679475274,-5.584353792005752,1664979989,3184,1967,55,Female,Y,720,Achnasheen,Highland,IV22,"Highlands (Inverness)"
fumin’,54.953842087262885,-5.11104939024557,1664980165,3191,1989,33,Female,Y,231,Stranraer,"Dumfries and Galloway",DG9,"Dumfries and Galloway"
fumin’,55.87729800175903,-4.326167547381985,1664980322,3201,2001,21,Other,Y,591,"Hillhead, Glasgow",Glasgow,"Glasgow Kelvin",Glasgow
fumin’,54.890044247786896,-5.1080266082326835,1664980519,3206,1979,43,Female,Y,231,Stranraer,"Dumfries and Galloway",DG9,"Dumfries and Galloway"
fumin’,55.65241912471239,-4.6306753440820625,1664980717,3212,1999,23,Male,Y,788,Kilwinning,"North Ayrshire",KA13,Ayrshire
fumin’,56.09365295164965,-3.1951429083452134,1664981451,3249,1974,48,Female,N,1117,"Kirkcaldy (west: Hayfield, Templehall, Newliston, Chapel, Dunnikier, Bennochy)",Fife,KY2,Fife
fumin’,57.158536811038,-2.1090826811585286,1664982008,3272,1973,49,Female,Y,101,"Sheddocksley, Aberdeen",Aberdeen,"Aberdeen Central","North East (Aberdeen)"
fumin’,55.7140085908832,-3.9933261175570696,1664982520,3289,1995,27,Female,Y,1183,Hamilton,"South Lanarkshire",ML3,Glasgow
fumin’,56.465717960863174,-2.971105845904302,1664982525,3286,1948,74,Male,N,236,"Lochee, Dundee",Dundee,"Dundee Central","Tayside and Angus (Dundee)"
fumin’,55.80532476101438,-4.098923712811359,1664982755,3294,1958,64,Female,N,529,Cambuslang,"South Lanarkshire",G72,Glasgow
fumin’,56.46789465368517,-2.861259328688548,1664982765,3292,1958,64,Female,Y,247,"Broughty Ferry, Dundee",Dundee,"Dundee East","Tayside and Angus (Dundee)"
fumin’,55.84525127946081,-3.408517097067282,1664983386,3321,1970,52,Male,Y,313,"Colinton, Edinburgh",Edinburgh,"Edinburgh South","Lothian (Edinburgh)"
fumin’,57.10499366574155,-2.2014798931020794,1664983683,3341,1996,26,Male,Y,134,"Cults, Aberdeen",Aberdeen,"Aberdeen Southwest","North East (Aberdeen)"
fumin’,57.57764634804064,-3.226010417436919,1664983704,3343,1976,46,Male,Y,737,Elgin,Moray,IV30,"North East (Aberdeen)"
fumin’,57.27072516375143,-2.107898226366909,1664984909,3379,1973,49,Male,N,112,"Dyce, Aberdeen",Aberdeen,"Aberdeen North","North East (Aberdeen)"
fumin’,56.010749966415595,-2.822946112664808,1664985668,3416,1988,34,Female,Y,346,"Cockenzie and Port Seton","East Lothian",EH32,"Lothian (Edinburgh)"
fumin’,57.17616759473181,-2.105962374687133,1664985854,3420,1991,31,Female,Y,98,"Northfield, Aberdeen",Aberdeen,"Aberdeen Central","North East (Aberdeen)"
fumin’,55.88279269089818,-3.284912983143291,1664986313,3453,1955,67,Male,N,310,"Balerno, Edinburgh",Edinburgh,"Edinburgh South","Lothian (Edinburgh)"
fumin’,55.059075676455734,-3.5378631389059176,1664986437,3456,1980,42,Female,Y,186,"Dumfries (centre and east: Dalscone, Georgetown, Heathhall, Kingholm Quay, Noblehill, The Crichton)","Dumfries and Galloway",DG1,"Dumfries and Galloway"
fumin’,55.656286475548306,-4.818336974449383,1664987795,3484,1989,33,Male,Y,813,Ardrossan,"North Ayrshire",KA22,Ayrshire
fumin’,57.28344480202468,-2.2056471875534553,1664987948,3488,1976,46,Female,N,112,"Dyce, Aberdeen",Aberdeen,"Aberdeen North","North East (Aberdeen)"
fumin’,55.67641248176067,-3.6428601225432806,1664990513,3572,1964,58,Female,Y,1167,Lanark,"South Lanarkshire",ML11,Glasgow
fumin’,55.65907201305924,-4.69722259314089,1664991021,3593,1972,50,Female,Y,788,Kilwinning,"North Ayrshire",KA13,Ayrshire
fumin’,57.13075111436388,-2.1085504575092795,1664991319,3601,1963,59,Female,N,127,"Torry, Aberdeen",Aberdeen,"Aberdeen Southeast","North East (Aberdeen)"
fumin’,57.644839899461374,-3.0131367472793933,1664991333,3605,1999,23,Female,Y,90,Buckie,Moray,AB56,"North East (Aberdeen)"
fumin’,56.41571362412164,-3.3199708185056744,1664991559,3619,2003,19,Female,Y,1354,"Perth (south and east: Barnhill, Bridgend, Craigie, Kincarrathie, Upper Craigie)","Perth and Kinross",PH2,Fife
fumin’,55.28591348851022,-4.561833046419888,1664991973,3636,1995,27,Female,Y,806,Maybole,"South Ayrshire",KA19,Ayrshire
fumin’,56.711875550527125,-2.5449027079572204,1664991996,3634,1968,54,Male,Y,140,Montrose,Angus,DD10,"Tayside and Angus (Dundee)"
fumin’,55.801498569957225,-4.118773966972155,1664992938,3666,1996,26,Female,Y,528,Blantyre,"South Lanarkshire",G72,Glasgow
fumin’,57.543409595346006,-1.9094355611916374,1664992949,3665,1998,24,Male,Y,54,Peterhead,Aberdeenshire,AB42,"North East (Aberdeen)"
fumin’,55.8353046913367,-4.025411856785619,1664993258,3681,1972,50,Female,Y,1189,Coatbridge,"North Lanarkshire",ML5,Glasgow
fumin’,57.1485035916293,-2.103588576499134,1664993864,3690,1971,51,Male,Y,100,"Cornhill, Aberdeen",Aberdeen,"Aberdeen Central","North East (Aberdeen)"
fumin’,54.89451523874812,-4.85066821828287,1664994084,3702,1964,58,Female,Y,225,"Newton Stewart","Dumfries and Galloway",DG8,"Dumfries and Galloway"
fumin’,55.84320547087996,-4.300920070761292,1664994147,3705,1967,55,Male,N,658,"Giffnock, Glasgow",Glasgow,"Glasgow South",Glasgow
fumin’,55.358264373229936,-3.935711345060116,1664994448,3716,1973,49,Female,N,214,Sanquhar,"Dumfries and Galloway",DG4,"Dumfries and Galloway"
fumin’,56.471997250274285,-3.0174707395719578,1664994641,3719,1992,30,Male,Y,236,"Lochee, Dundee",Dundee,"Dundee Central","Tayside and Angus (Dundee)"
fumin’,56.57881292681956,-5.9952854781435505,1664994966,3739,1976,46,Female,Y,1295,"Salen, Isle of Mull","Argyll and Bute",PA72,"Argyll and Bute"
fumin’,55.97366012192115,-3.5498300899688346,1664995257,3755,1978,44,Female,Y,369,Linlithgow,"West Lothian",EH49,"Lothian (Edinburgh)"
fumin’,57.03536807518738,-2.8815914427423044,1664995304,3753,1966,56,Female,Y,33,Aboyne,Aberdeenshire,AB34,"North East (Aberdeen)"
fumin’,55.847491506035944,-4.135838063975021,1664995734,3778,1946,76,Female,Y,628,"Balornock, Glasgow",Glasgow,"Glasgow Northeast",Glasgow
fumin’,56.186844697662096,-3.0031727684371856,1664995909,3782,1993,29,Male,Y,1142,Methil,Fife,KY8,Fife
fumin’,57.12854504712968,-2.102625104607056,1664997026,3814,1993,29,Male,Y,128,"Mannofield, Aberdeen",Aberdeen,"Aberdeen Southwest","North East (Aberdeen)"
fumin’,55.93050094381045,-3.2643489612013497,1664997165,3830,1970,52,Female,Y,262,"Wester Hailes, Edinburgh",Edinburgh,"Edinburgh Central","Lothian (Edinburgh)"
fumin’,56.469698419620414,-3.6574102724345563,1664997347,3841,1987,35,Female,Y,1313,"Perth (north and west: Burghmuir, Cherrybank, Hillyland, Inveralmond, Lethom, Muirton, North Muirton, Tulloch)","Perth and Kinross",PH1,Fife
fumin’,56.13727047074125,-3.2300631694266713,1664997803,3863,1978,44,Female,Y,1117,"Kirkcaldy (west: Hayfield, Templehall, Newliston, Chapel, Dunnikier, Bennochy)",Fife,KY2,Fife
fumin’,56.98429699508411,-2.7627740335161386,1664997940,3867,1973,49,Male,Y,25,Torphins,Aberdeenshire,AB31,"North East (Aberdeen)"
fumin’,55.987921750128535,-3.937030164177555,1664998089,3870,1960,62,Male,N,444,Dennyloanhead, Falkirk,FK4,"Stirling and Falkirk"
fumin’,55.91969148479328,-4.329607532316127,1664998376,3573,1998,24,Male,Y,488,Bearsden,"East Dunbartonshire",G61,Glasgow
fumin’,56.11351983223039,-3.484274069971199,1664998703,3907,1974,48,Female,N,1096,"Dunfermline (centre, north, west: Abbey Parks, Lady's Mill, Garvock, Headwell, Kingseathill, Wellwood, Milesmark, Baldridge, Pittencrieff, Baldridgeburn)",Fife,KY12,Fife
fumin’,57.4819102242917,-3.4815784672322234,1664998801,3903,1973,49,Female,Y,740,Forres,Moray,IV36,"North East (Aberdeen)"
fumin’,56.96631406383096,-2.4687267848476777,1664998927,3913,1964,58,Male,Y,18,Laurencekirk,Aberdeenshire,AB30,"North East (Aberdeen)"
fumin’,55.86964060878423,-4.455649665073846,1664999313,3932,1986,36,Female,Y,1264,Renfrew,Renfrewshire,PA4,Glasgow
fumin’,55.44375020459961,-2.7692207962443893,1665000183,3955,1964,58,Female,Y,1493,Hawick,"Scottish Borders",TD9,Borders
fumin’,57.177622457024945,-2.135293200420825,1665000318,3960,1977,45,Female,N,114,"Danestone, Aberdeen",Aberdeen,"Aberdeen North","North East (Aberdeen)"
fumin’,56.48035409747567,-3.0118998479642474,1665000549,3942,1954,68,Female,Y,239,"Charleston, Dundee",Dundee,"Dundee Central","Tayside and Angus (Dundee)"
fumin’,55.49863706159113,-4.378588709309459,1665000815,3981,1998,24,Female,Y,846,Mauchline,"East Ayrshire",KA5,Ayrshire
fumin’,55.80354545243856,-4.299641532695002,1665000974,3986,1972,50,Female,Y,652,"King's Park, Glasgow",Glasgow,"Glasgow South",Glasgow
fumin’,56.03604725087507,-3.3491900507477324,1665001004,3985,1987,35,Male,Y,1090,"Dunfermline (south and east: Halbeath, Touch, Duloch, Masterton, Pitcorthie, Abbeyview, Brucefield, Hospital Hill, Camdean, Pitreavie)",Fife,KY11,Fife
fumin’,56.47113084262855,-2.92928391007172,1665001302,3996,1968,54,Female,N,255,"Fintry, Dundee",Dundee,"Dundee North","Tayside and Angus (Dundee)"
fumin’,57.24221559595746,-2.241021007162453,1665001304,3995,1977,45,Male,Y,113,"Bridge of Don, Aberdeen",Aberdeen,"Aberdeen North","North East (Aberdeen)"
fumin’,56.21518463226028,-2.9584847766753293,1665001453,4006,1958,64,Female,N,1140,Leven,Fife,KY8,Fife
fumin’,60.45668598997366,-1.3761279753589308,1665001868,4015,1989,33,Male,N,1552,Gulberwick,"Shetland Isles",ZE2,"Shetland Islands"
fumin’,56.75691856893032,-5.266294102037799,1665001989,4024,1971,51,Female,N,1377,"Fort William",Highland,PH33,"Highlands (Inverness)"
fumin’,55.827530569393744,-3.3579064516422563,1665002035,4029,1961,61,Female,Y,308,"Liberton, Edinburgh",Edinburgh,"Edinburgh South","Lothian (Edinburgh)"
fumin’,57.64692235858608,-2.9284592404438023,1665003456,4072,1996,26,Female,Y,90,Buckie,Moray,AB56,"North East (Aberdeen)"
fumin’,55.89890467777175,-3.5356333116878167,1665003659,4093,1995,27,Male,N,375,Livingston,"West Lothian",EH54,"Lothian (Edinburgh)"
fumin’,55.88686835476709,-3.516259966110613,1665003815,4094,1967,55,Female,Y,375,Livingston,"West Lothian",EH54,"Lothian (Edinburgh)"
fumin’,60.14881135723362,-1.1749717736146348,1665003933,4102,1958,64,Female,N,1500,Lerwick,"Shetland Isles",ZE1,"Shetland Islands"
fumin’,57.35054075774936,-2.0741850231192767,1665004073,4111,1983,39,Female,Y,49,Ellon,Aberdeenshire,AB41,"North East (Aberdeen)"
fumin’,55.81390808290329,-4.238212489254434,1665004667,4136,1972,50,Female,Y,645,Clarkston,"East Renfrewshire","Glasgow South",Glasgow
fumin’,55.84872104297332,-4.053251150776876,1665004774,4139,1975,47,Female,Y,1189,Coatbridge,"North Lanarkshire",ML5,Glasgow
fumin’,55.603355959267276,-2.6898671680358825,1665005460,4155,1971,51,Female,Y,1468,Melrose,"Scottish Borders",TD6,Borders
fumin’,57.37090677008967,-4.43097947424449,1665005651,4172,1963,59,Other,N,736,"Inverness (west: Ballifeary, Balnafettack, Clachnaharry, Dalneigh, Kinmylies, Leachkin, Merkinch, Muirtown, South Kessock)",Highland,IV3,"Highlands (Inverness)"
fumin’,58.215648671436654,-6.383762608460268,1665005780,4176,1977,45,Female,Y,686,"Stornoway, Isle of Lewis","Western Isles",HS1,"Western Isles"
fumin’,57.493008228908984,-4.57468354140315,1665005802,4175,2005,17,Male,School,743,Kiltarlity,Highland,IV4,"Highlands (Inverness)"
fumin’,55.074115342609275,-3.5963665598844905,1665006508,4215,1975,47,Male,Y,186,"Dumfries (centre and east: Dalscone, Georgetown, Heathhall, Kingholm Quay, Noblehill, The Crichton)","Dumfries and Galloway",DG1,"Dumfries and Galloway"
fumin’,57.404889525918186,-2.5759803578812517,1665006517,4216,1974,48,Female,Y,70,Insch,Aberdeenshire,AB52,"North East (Aberdeen)"
fumin’,56.111180902361376,-3.5223932741404465,1665006531,4214,1982,40,Female,Y,1096,"Dunfermline (centre, north, west: Abbey Parks, Lady's Mill, Garvock, Headwell, Kingseathill, Wellwood, Milesmark, Baldridge, Pittencrieff, Baldridgeburn)",Fife,KY12,Fife
fumin’,55.83836595829184,-3.3589524776491357,1665006838,4235,1975,47,Female,Y,320,"Newington, Edinburgh",Edinburgh,"Edinburgh South","Lothian (Edinburgh)"
fumin’,55.942880288544494,-2.8621250086060845,1665006921,4231,1952,70,Female,Y,349,Tranent,"East Lothian",EH33,"Lothian (Edinburgh)"
fumin’,55.92880718467659,-4.3725434625041375,1665007047,4243,1970,52,Female,Y,488,Bearsden,"East Dunbartonshire",G61,Glasgow
fumin’,55.77170193389657,-4.165963592925874,1665008182,4282,1995,27,Other,N,530,"East Kilbride (north: The Village, East Mains, West Mains, Lymekilns, St Leonards, Calderwood, Nerston, Stewartfield, Peel Park)","South Lanarkshire",G74,Glasgow
fumin’,57.60832171968893,-4.43196794975841,1665008503,4288,1979,43,Male,Y,705,Dingwall,Highland,IV15,"Highlands (Inverness)"
fumin’,55.8821039647915,-3.230515551149721,1665009138,4298,1971,51,Female,N,314,"Morningside, Edinburgh",Edinburgh,"Edinburgh South","Lothian (Edinburgh)"
fumin’,56.22041002142469,-3.2790872143357,1665009282,4304,1957,65,Female,N,1130,Leslie,Fife,KY6,Fife
fumin’,56.23619462726454,-3.0600796494674207,1665009732,4312,1987,35,Male,Y,1141,Largo,Fife,KY8,Fife
fumin’,55.996418991011836,-3.8735875826487254,1665011074,4343,1992,30,Male,Y,441,Bonnybridge,Falkirk,FK4,"Stirling and Falkirk"
fumin’,56.1171495849034,-3.216890633180525,1665013119,3249,1974,48,Female,N,1117,"Kirkcaldy (west: Hayfield, Templehall, Newliston, Chapel, Dunnikier, Bennochy)",Fife,KY2,Fife
fumin’,55.96153255916706,-3.252305659381015,1665013761,4368,1965,57,Female,Y,278,"Granton, Edinburgh",Edinburgh,"Edinburgh Clermiston Granton","Lothian (Edinburgh)"
fumin’,59.24764322533939,-2.574134987174634,1665013872,4373,1994,28,Female,Y,1025,"Orkney Islands",Orkney,KW17,"Orkney Islands"
fumin’,57.80737930224703,-4.549995444523484,1665014701,4382,1991,31,Female,Y,707,Alness,Highland,IV17,"Highlands (Inverness)"
fumin’,56.91964040481418,-2.2123732295550242,1665015475,4388,1999,23,Female,Y,48,Stonehaven,Aberdeenshire,AB39,"North East (Aberdeen)"
fumin’,55.71277906048837,-4.260991431029252,1665015498,4387,1949,73,Female,Y,535,Busby,"East Renfrewshire",G76,Glasgow
fumin’,56.00551869750583,-4.211598968425662,1665015817,4390,1999,23,Female,Y,507,Kirkintilloch,"East Dunbartonshire",G66,Glasgow
fumin’,57.604355137458015,-3.43291174270734,1665032732,4436,1988,34,Female,Y,737,Elgin,Moray,IV30,"North East (Aberdeen)"
fumin’,56.18187486354576,-3.0948431793741977,1665034395,4438,1976,46,Female,Y,1136,Star,Fife,KY7,Fife
fumin’,56.02945542021289,-4.751675431254384,1665035214,4449,1965,57,Female,Y,566,Helensburgh,"Argyll and Bute",G84,"Argyll and Bute"
fumin’,57.27726523315536,-2.208454534939259,1665036050,4457,1996,26,Female,Y,113,"Bridge of Don, Aberdeen",Aberdeen,"Aberdeen North","North East (Aberdeen)"
fumin’,56.88693778105233,-2.5110056960439895,1665037053,4464,1994,28,Female,Y,18,Laurencekirk,Aberdeenshire,AB30,"North East (Aberdeen)"
fumin’,56.26745820843167,-2.7843203276442967,1665037130,4465,1988,34,Female,Y,1086,Anstruther,Fife,KY10,Fife
fumin’,56.66799293518737,-2.9288605212329166,1665038351,4475,1971,51,Female,Y,179,Forfar,Angus,DD8,"Tayside and Angus (Dundee)"
fumin’,56.47709968746335,-2.9525691348227703,1665040502,4494,1948,74,Female,Y,254,"Douglas, Dundee",Dundee,"Dundee North","Tayside and Angus (Dundee)"
fumin’,56.47308492810475,-2.998339438020958,1665040841,4498,1991,31,Male,N,244,"Stobswell, Dundee",Dundee,"Dundee Central","Tayside and Angus (Dundee)"
fumin’,55.981916333311986,-2.8078611197899184,1665041898,4505,1945,77,Female,N,355,"North Berwick","East Lothian",EH39,"Lothian (Edinburgh)"
fumin’,56.45615907210479,-3.0479834045253424,1665042431,4509,1982,40,Male,Y,261,"Westend, Dundee",Dundee,"Dundee West","Tayside and Angus (Dundee)"
fumin’,57.55114686574918,-3.1490192558673367,1665042618,4512,2001,21,Female,Y,739,Fochabers,Moray,IV32,"North East (Aberdeen)"
fumin’,55.88584662349381,-3.2037816024739008,1665043086,4519,1958,64,Male,Y,313,"Colinton, Edinburgh",Edinburgh,"Edinburgh South","Lothian (Edinburgh)"
fumin’,56.41893902576588,-3.301781839114623,1665043901,4531,1989,33,Female,Y,1354,"Perth (south and east: Barnhill, Bridgend, Craigie, Kincarrathie, Upper Craigie)","Perth and Kinross",PH2,Fife
fumin’,56.48064009952121,-3.04750160725578,1665043956,4530,1966,56,Female,Y,236,"Lochee, Dundee",Dundee,"Dundee Central","Tayside and Angus (Dundee)"
fumin’,55.87622472044326,-4.257110267506109,1665046311,4548,1972,50,Male,Y,591,"Hillhead, Glasgow",Glasgow,"Glasgow Kelvin",Glasgow
fumin’,57.28647834961137,-2.2628201669455055,1665046917,4562,1971,51,Female,N,115,"Grandholm, Aberdeen",Aberdeen,"Aberdeen North","North East (Aberdeen)"
fumin’,55.90746603143616,-4.1982486099958445,1665047742,4565,1949,73,Female,N,606,"Cranhill, Glasgow",Glasgow,"Glasgow Northeast",Glasgow
fumin’,56.47639104934163,-3.4932057835551493,1665047916,4567,1954,68,Female,Y,1313,"Perth (north and west: Burghmuir, Cherrybank, Hillyland, Inveralmond, Lethom, Muirton, North Muirton, Tulloch)","Perth and Kinross",PH1,Fife
fumin’,55.886287491176695,-3.2199063541607336,1665048486,4571,1998,24,Other,Y,319,"Blackford, Edinburgh",Edinburgh,"Edinburgh South","Lothian (Edinburgh)"
fumin’,56.11123219302117,-3.173073503976517,1665049694,4580,1998,24,Female,Y,1117,"Kirkcaldy (west: Hayfield, Templehall, Newliston, Chapel, Dunnikier, Bennochy)",Fife,KY2,Fife
fumin’,55.789333983442816,-3.9218158476736438,1665049933,4583,1961,61,Female,N,1151,Motherwell,"North Lanarkshire",ML1,Glasgow
fumin’,57.712166913376045,-3.3755417048538767,1665050283,4589,1978,44,Female,Y,737,Elgin,Moray,IV30,"North East (Aberdeen)"
fumin’,57.219717456373864,-2.395137847750041,1665050600,4592,1958,64,Male,Y,65,Kemnay,Aberdeenshire,AB51,"North East (Aberdeen)"
fumin’,55.870656120462804,-3.491939622102106,1665051111,4597,2002,20,Female,Y,375,Livingston,"West Lothian",EH54,"Lothian (Edinburgh)"
fumin’,55.871992410413604,-3.527692174530646,1665052021,4610,1996,26,Female,Y,375,Livingston,"West Lothian",EH54,"Lothian (Edinburgh)"
fumin’,60.50378063301101,-1.4826830530160158,1665052518,4619,1992,30,Female,N,1505,Baltasound,"Shetland Isles",ZE2,"Shetland Islands"
fumin’,55.781459498665996,-4.283693331186695,1665052760,4524,1951,71,Female,Y,658,"Giffnock, Glasgow",Glasgow,"Glasgow South",Glasgow
fumin’,55.85866579611303,-4.47716491992339,1665052882,4629,1995,27,Female,Y,1278,Houston,Renfrewshire,PA6,Glasgow
fumin’,55.864778557245266,-4.186118556427318,1665054452,4648,1968,54,Female,Y,598,Rutherglen,"South Lanarkshire","Glasgow Northeast",Glasgow
fumin’,56.45377695824941,-3.040345626814545,1665054617,4652,1992,30,Male,Y,261,"Westend, Dundee",Dundee,"Dundee West","Tayside and Angus (Dundee)"
fumin’,55.42939967911042,-4.563417307113842,1665057277,4677,1979,43,Male,Y,851,Coylton,"South Ayrshire",KA6,Ayrshire
fumin’,57.667630722114254,-1.9536817567498606,1665059752,4692,1976,46,Female,Y,57,Fraserburgh,Aberdeenshire,AB43,"North East (Aberdeen)"
fumin’,56.223193219725665,-3.0586236123042903,1665061465,4702,1975,47,Female,N,1140,Leven,Fife,KY8,Fife
fumin’,55.900688566337536,-4.372155869651026,1665065424,4715,1972,50,Female,N,644,"Partick, Glasgow",Glasgow,"Glasgow Northwest",Glasgow
fumin’,55.96396949207438,-3.1513881789905507,1665067630,4728,1947,75,Female,Y,285,"Leith, Edinburgh",Edinburgh,"Edinburgh Leith","Lothian (Edinburgh)"
fumin’,56.472569696972485,-3.022848769166646,1665073475,4753,1987,35,Female,Y,238,"Menzieshill, Dundee",Dundee,"Dundee Central","Tayside and Angus (Dundee)"
fumin’,55.60400439020022,-3.9637693477653424,1665076712,4765,2004,18,Female,Y,1167,Lanark,"South Lanarkshire",ML11,Glasgow
fumin’,56.56621904727903,-3.0425857165592793,1665078281,4768,1994,28,Female,Y,179,Forfar,Angus,DD8,"Tayside and Angus (Dundee)"
fumin’,56.47976735666382,-2.973698625414076,1665080666,4790,1975,47,Female,Y,232,"Craigiebank, Dundee",Dundee,"Dundee Bluebelt","Tayside and Angus (Dundee)"
fumin’,55.91294905445878,-4.6085251020514955,1665081173,4791,1982,40,Male,N,1229,"Port Glasgow",Inverclyde,PA14,Glasgow
fumin’,55.85433960147838,-4.021630125551141,1665082628,4819,1960,62,Female,Y,1189,Coatbridge,"North Lanarkshire",ML5,Glasgow
fumin’,57.48591766016831,-2.8081478491348584,1665084563,4868,1954,68,Male,N,79,Aberchirder,Aberdeenshire,AB54,"North East (Aberdeen)"
fumin’,57.65245354243211,-3.218640092974128,1665085935,4907,1967,55,Female,N,737,Elgin,Moray,IV30,"North East (Aberdeen)"
fumin’,55.76352979314418,-4.175165241916289,1665086520,4912,1970,52,Male,N,530,"East Kilbride (north: The Village, East Mains, West Mains, Lymekilns, St Leonards, Calderwood, Nerston, Stewartfield, Peel Park)","South Lanarkshire",G74,Glasgow
fumin’,57.4342744353434,-2.240129566018372,1665087370,4919,1979,43,Male,Y,49,Ellon,Aberdeenshire,AB41,"North East (Aberdeen)"
fumin’,56.14348025231011,-3.4756138058192056,1665087462,4927,1961,61,Male,Y,1096,"Dunfermline (centre, north, west: Abbey Parks, Lady's Mill, Garvock, Headwell, Kingseathill, Wellwood, Milesmark, Baldridge, Pittencrieff, Baldridgeburn)",Fife,KY12,Fife
fumin’,55.94226866162121,-4.313622021421805,1665087563,4928,1985,37,Female,Y,489,Milngavie,"East Dunbartonshire",G62,Glasgow
fumin’,57.0196215262062,-2.2777238559443114,1665087908,4942,2002,20,Other,Y,47,Newtonhill,Aberdeenshire,AB39,"North East (Aberdeen)"
fumin’,57.19457173781505,-4.190224184389481,1665088217,4949,1996,26,Other,Y,703,Tomatin,Highland,IV13,"Highlands (Inverness)"
fumin’,56.643601293588404,-2.9239030190482156,1665088720,4957,1984,38,Female,Y,179,Forfar,Angus,DD8,"Tayside and Angus (Dundee)"
fumin’,55.51664728374866,-2.332723274410609,1665088818,4964,1981,41,Female,N,1451,Kelso,"Scottish Borders",TD5,Borders
fumin’,56.48407772122968,-2.789509075047025,1665088855,4958,1963,59,Male,Y,178,Carnoustie,Angus,DD7,"Tayside and Angus (Dundee)"
fumin’,56.10047451889001,-3.2837355076740224,1665090975,4996,2008,14,Other,School,1117,"Kirkcaldy (west: Hayfield, Templehall, Newliston, Chapel, Dunnikier, Bennochy)",Fife,KY2,Fife
fumin’,57.103078881604155,-2.33756073078752,1665091731,5010,1997,25,Female,Y,22,Banchory,Aberdeenshire,AB31,"North East (Aberdeen)"
fumin’,55.959785818893785,-4.4279864799058055,1665092551,5016,1970,52,Female,N,543,Duntocher,"West Dunbartonshire",G81,Glasgow
fumin’,55.80087268788493,-4.261776477537662,1665098064,5080,1994,28,Male,Y,658,"Giffnock, Glasgow",Glasgow,"Glasgow South",Glasgow
fumin’,55.789321894554135,-3.878442393269919,1665101244,5088,1966,56,Male,Y,1180,Wishaw,"North Lanarkshire",ML2,Glasgow
fumin’,56.30304931196401,-3.3321579379209427,1665128270,5124,1966,56,Female,N,1338,"Bridge of Earn","Perth and Kinross",PH2,Fife
fumin’,55.5440649335752,-4.599818160883064,1665129189,5133,2000,22,Male,N,784,Troon,"South Ayrshire",KA10,Ayrshire
fumin’,55.51847007916773,-4.396042148291994,1665129406,5142,2004,18,Male,School,848,Tarbolton,"South Ayrshire",KA5,Ayrshire
fumin’,57.19680193259961,-2.087202938446305,1665131760,5147,1975,47,Female,Y,108,"Craigiebuckler, Aberdeen",Aberdeen,"Aberdeen North","North East (Aberdeen)"
fumin’,56.490499172952305,-2.7907425661078595,1665134625,5162,1966,56,Female,Y,249,Monifieth,Angus,"Dundee East","Tayside and Angus (Dundee)"
fumin’,55.93169981094733,-3.2732367408549816,1665136867,5178,1995,27,Female,Y,277,"Canongate, Edinburgh",Edinburgh,"Edinburgh Central","Lothian (Edinburgh)"
fumin’,57.21787575124604,-2.29939741151737,1665137347,5189,2006,16,Male,N,113,"Bridge of Don, Aberdeen",Aberdeen,"Aberdeen North","North East (Aberdeen)"
fumin’,57.292241505985515,-2.2194947645288097,1665137819,5196,2006,16,Male,School,112,"Dyce, Aberdeen",Aberdeen,"Aberdeen North","North East (Aberdeen)"
fumin’,57.23827650967632,-2.1710588915198925,1665141671,5223,1970,52,Female,N,123,Kinellar,Aberdeenshire,"Aberdeen North","North East (Aberdeen)"
fumin’,55.83762414215755,-3.886768961304765,1665142230,5227,1996,26,Female,Y,1151,Motherwell,"North Lanarkshire",ML1,Glasgow
fumin’,57.647251310330525,-2.2994156510680344,1665143199,5237,1998,24,Other,School,59,Banff,Aberdeenshire,AB45,"North East (Aberdeen)"
fumin’,55.73669094954859,-3.7573673456599552,1665144574,5240,1968,54,Male,Y,1211,Braidwood,"South Lanarkshire",ML8,Glasgow
fumin’,56.22038444915118,-4.808460529652165,1665147952,5259,1998,24,Male,N,553,Arrochar,"Argyll and Bute",G83,"Argyll and Bute"
fumin’,55.81886886040533,-4.1761909699708,1665152809,5271,1997,25,Female,Y,528,Blantyre,"South Lanarkshire",G72,Glasgow
fumin’,56.490760770583925,-2.8179987484426983,1665155848,5282,1978,44,Other,Y,247,"Broughty Ferry, Dundee",Dundee,"Dundee East","Tayside and Angus (Dundee)"
fumin’,57.223206485552666,-3.4792060617392995,1665157395,5296,1990,32,Female,Y,1367,"Nethy Bridge",Highland,PH25,"Highlands (Inverness)"
fumin’,57.15856193217996,-2.113776299785902,1665159108,5304,1959,63,Female,Y,107,"Rosemount, Aberdeen",Aberdeen,"Aberdeen Central","North East (Aberdeen)"
fumin’,54.89118546230183,-4.037321645900782,1665175499,5359,1978,44,Female,Y,216,Borgue,"Dumfries and Galloway",DG6,"Dumfries and Galloway"
fumin’,57.6790681492223,-2.919026354763276,1665176471,5361,1981,41,Male,Y,91,Cullen,Moray,AB56,"North East (Aberdeen)"
fumin’,55.93632149565317,-3.6844896959947646,1665181722,5381,1958,64,Female,N,368,Bathgate,"West Lothian",EH48,"Lothian (Edinburgh)"
fumin’,55.913411655293935,-4.301677731310362,1665182971,5383,1965,57,Male,Y,488,Bearsden,"East Dunbartonshire",G61,Glasgow
fumin’,55.932951856776626,-4.367235860663711,1665183194,5383,1965,57,Male,Y,488,Bearsden,"East Dunbartonshire",G61,Glasgow
fumin’,55.89886028672222,-3.6237298435522587,1665184487,5381,1958,64,Female,N,368,Bathgate,"West Lothian",EH48,"Lothian (Edinburgh)"
fumin’,55.924460313682935,-4.433979061822494,1665216692,5406,1974,48,Male,Y,544,Faifley,"West Dunbartonshire",G81,Glasgow
fumin’,55.79758605989326,-4.81629167652873,1665219968,5415,1994,28,Male,Y,842,Largs,"North Ayrshire",KA30,Ayrshire
fumin’,58.79446150185896,-3.1469087244510323,1665220180,5416,1992,30,Female,Y,982,Stromness,Orkney,KW16,"Orkney Islands"
fumin’,56.935230129595574,-2.30987021850082,1665235933,5442,1962,60,Female,N,48,Stonehaven,Aberdeenshire,AB39,"North East (Aberdeen)"
fumin’,55.9323655757128,-3.6774544035187824,1665236860,5444,1972,50,Female,N,368,Bathgate,"West Lothian",EH48,"Lothian (Edinburgh)"
fumin’,56.175587532845185,-3.2967452296207185,1665242527,5452,1971,51,Female,Y,1125,Ballingry,Fife,KY5,Fife
fumin’,57.7051777711011,-3.3751113701727675,1665251981,5462,1963,59,Male,N,737,Elgin,Moray,IV30,"North East (Aberdeen)"
fumin’,55.04587050144643,-3.595314718871132,1665255447,5469,2007,15,Male,School,186,"Dumfries (centre and east: Dalscone, Georgetown, Heathhall, Kingholm Quay, Noblehill, The Crichton)","Dumfries and Galloway",DG1,"Dumfries and Galloway"
fumin’,57.089571074483985,-2.2317275306444104,1665257922,5470,1964,58,Female,Y,13,"Tullos, Aberdeen",Aberdeen,AB12,"North East (Aberdeen)"
fumin’,55.36402820611582,-2.449964698864883,1665258316,5446,1970,52,Female,Y,1486,Jedburgh,"Scottish Borders",TD8,Borders
fumin’,55.908967742044275,-3.5350466348482987,1665258474,5474,1965,57,Female,Y,375,Livingston,"West Lothian",EH54,"Lothian (Edinburgh)"
fumin’,54.981284309675296,-3.236523392154916,1665262488,5481,1997,25,Female,Y,200,Eastriggs,"Dumfries and Galloway",DG12,"Dumfries and Galloway"
fumin’,55.971872499612175,-3.1692580920862365,1665276663,5490,1948,74,Female,Y,285,"Leith, Edinburgh",Edinburgh,"Edinburgh Leith","Lothian (Edinburgh)"
fumin’,57.62413461725136,-2.804598238988231,1665300479,5498,1948,74,Female,N,90,Buckie,Moray,AB56,"North East (Aberdeen)"
fumin’,57.16354251092018,-2.0904767982520545,1665303746,5502,1962,60,Female,N,100,"Cornhill, Aberdeen",Aberdeen,"Aberdeen Central","North East (Aberdeen)"
fumin’,55.89094950031367,-4.341214820185042,1665307038,5510,1995,27,Male,Y,587,"Jordanhill, Glasgow",Glasgow,"Glasgow Kelvin",Glasgow
fumin’,56.53594785309419,-2.661048307158534,1665312165,5518,1967,55,Female,N,141,Arbroath,Angus,DD11,"Tayside and Angus (Dundee)"
fumin’,57.105429009605125,-2.3332703699157347,1665323726,5536,1992,30,Female,Y,132,"Peterculter, Aberdeen",Aberdeen,"Aberdeen Southwest","North East (Aberdeen)"
fumin’,55.95290626839951,-3.169123184026781,1665327695,5541,1964,58,Female,Y,272,"New Town, Edinburgh",Edinburgh,"Edinburgh Central","Lothian (Edinburgh)"
fumin’,56.47651018171692,-2.990877347676646,1665337944,5548,1960,62,Male,Y,234,"Baxter Park, Dundee",Dundee,"Dundee Bluebelt","Tayside and Angus (Dundee)"
fumin’,57.12985188455207,-2.0864240258169837,1665346062,5562,1988,34,Female,N,126,"Bridge of Dee, Aberdeen",Aberdeen,"Aberdeen Southeast","North East (Aberdeen)"
fumin’,57.68896104793671,-3.3244507267030934,1665352155,5568,1996,26,Female,Y,738,Lossiemouth,Moray,IV31,"North East (Aberdeen)"
fumin’,55.88486301943197,-4.4744295835643975,1665354662,5570,1963,59,Female,N,1264,Renfrew,Renfrewshire,PA4,Glasgow
fumin’,57.15058945737372,-2.1812217803945586,1665358296,5572,1972,50,Female,Y,98,"Northfield, Aberdeen",Aberdeen,"Aberdeen Central","North East (Aberdeen)"
fumin’,55.924937486449274,-3.069213144228829,1665384937,5578,1953,69,Female,Y,330,Musselburgh,"East Lothian",EH21,"Lothian (Edinburgh)"
fumin’,55.74301719160775,-4.652417697249012,1665392388,5592,1959,63,Female,Y,791,Beith,"East Ayrshire",KA15,Ayrshire
fumin’,56.195852838823036,-3.0196221219694452,1665429686,5615,1953,69,Female,Y,1140,Leven,Fife,KY8,Fife
fumin’,55.93077443836525,-3.1265339005858186,1665434772,5622,1964,58,Female,N,322,"Gilmerton, Edinburgh",Edinburgh,"Edinburgh Southeast","Lothian (Edinburgh)"
fumin’,56.581041439986166,-3.036242965218544,1665439860,5627,1966,56,Female,Y,179,Forfar,Angus,DD8,"Tayside and Angus (Dundee)"
fumin’,55.67704205804977,-4.759382632341134,1665447400,5631,1943,79,Female,Y,812,Saltcoats,"East Ayrshire",KA21,Ayrshire
fumin’,55.87429311018271,-4.307672687137932,1665473773,5639,1972,50,Female,N,644,"Partick, Glasgow",Glasgow,"Glasgow Northwest",Glasgow
fumin’,56.13913012690795,-3.2222307838978965,1665479476,5647,1998,24,Female,Y,1117,"Kirkcaldy (west: Hayfield, Templehall, Newliston, Chapel, Dunnikier, Bennochy)",Fife,KY2,Fife
fumin’,56.22086051403289,-2.8849033905120365,1665481160,5649,1978,44,Female,N,1142,Methil,Fife,KY8,Fife
fumin’,56.22703071758119,-4.717584614828225,1665486584,5651,1998,24,Female,Y,558,Balloch,"West Dunbartonshire",G83,"Argyll and Bute"
fumin’,57.339500184765576,-2.5142910540562404,1665502399,5667,1962,60,Female,Y,74,"Old Rayne",Aberdeenshire,AB52,"North East (Aberdeen)"
fumin’,57.28400299821559,-2.8106039426957334,1665502463,5668,1999,23,Male,Y,83,Huntly,Aberdeenshire,AB54,"North East (Aberdeen)"
fumin’,55.47284646186617,-4.617717005816408,1665527660,5680,1957,65,Female,N,868,"Newton on Ayr","South Ayrshire",KA8,Ayrshire
fumin’,56.18676521135473,-4.748649244126405,1665563250,5681,1961,61,Female,Y,557,Alexandria,"West Dunbartonshire",G83,"Argyll and Bute"
fumin’,55.70432529125043,-3.7666443201326314,1665572618,5683,1955,67,Female,Y,1212,Carluke,"South Lanarkshire",ML8,Glasgow
fumin’,56.57638737653809,-2.8410863039985497,1665582338,5688,2003,19,Other,School,181,Kirriemuir,Angus,DD8,"Tayside and Angus (Dundee)"
fumin’,56.46106989113389,-3.3801092983794963,1665585057,5691,1980,42,Male,Y,1354,"Perth (south and east: Barnhill, Bridgend, Craigie, Kincarrathie, Upper Craigie)","Perth and Kinross",PH2,Fife
fumin’,56.02825308930636,-4.579485002782227,1665585724,5693,1952,70,Female,Y,557,Alexandria,"West Dunbartonshire",G83,"Argyll and Bute"
fumin’,55.93663866220567,-4.33653587144174,1665645080,5705,1985,37,Female,Y,488,Bearsden,"East Dunbartonshire",G61,Glasgow
fumin’,55.954412973650754,-3.297110739876965,1665656623,5708,2005,17,Female,School,279,"Clermiston and Drumbrae, Edinburgh",Edinburgh,"Edinburgh Clermiston Granton","Lothian (Edinburgh)"
fumin’,57.162339457605576,-2.111018622213957,1665664673,5713,1968,54,Male,Y,97,"Mastrick, Aberdeen",Aberdeen,"Aberdeen Central","North East (Aberdeen)"
fumin’,54.99811018707922,-3.349269106920261,1665671443,5719,1963,59,Female,Y,197,Annan,"Dumfries and Galloway",DG12,"Dumfries and Galloway"
fumin’,55.95342441992909,-3.1781907895918535,1665738313,464,2009,13,Female,School,274,"Tollcross, Edinburgh",Edinburgh,"Edinburgh Central","Lothian (Edinburgh)"
fumin’,59.14201301773747,-2.932027865970557,1665738492,5737,1959,63,Female,Y,1025,"Orkney Islands",Orkney,KW17,"Orkney Islands"
fumin’,55.907408625858814,-2.218116854881216,1665744837,5739,1949,73,Female,Y,1431,Eyemouth,"Scottish Borders",TD14,Borders
fumin’,58.98193020190491,-3.020103077315985,1665752167,5742,1980,42,Female,N,967,Kirkwall,Orkney,KW15,"Orkney Islands"
fumin’,57.45880771048004,-6.389189137589333,1665758969,5743,1996,26,Female,Y,763,Portree,Highland,IV51,"Highlands (Inverness)"
fumin’,55.87115729169255,-3.8413695633163583,1665759098,5744,1997,25,Male,Y,1192,Airdrie,"North Lanarkshire",ML6,Glasgow
fumin’,55.84951610735569,-4.366314108154976,1665811127,5755,1963,59,Female,N,679,"Pollock, Glasgow",Glasgow,"Glasgow Southwest",Glasgow
fumin’,57.18783251231771,-2.3600822983059597,1665835081,5777,1999,23,Male,Y,28,Westhill,Aberdeenshire,AB32,"North East (Aberdeen)"
fumin’,55.92733835175563,-3.0558064821290625,1665837463,5834,1989,33,Female,Y,330,Musselburgh,"East Lothian",EH21,"Lothian (Edinburgh)"
fumin’,55.915799426210164,-4.828079383020657,1665838227,5841,1987,35,Male,Y,1231,"Greenock (west: Bow Farm, Braeside, Branchton, Fort Matilda, Gateside, Greenock West, Overton, Pennyfern, Smithston)",Inverclyde,PA16,Glasgow
fumin’,55.469995050772624,-4.632566985718892,1665862451,5680,1957,65,Female,N,868,"Newton on Ayr","South Ayrshire",KA8,Ayrshire
fumin’,55.947591956277044,-4.264692020916415,1665883098,5904,1995,27,Female,Y,502,Bishopbriggs,"East Dunbartonshire",G64,Glasgow
fumin’,57.37735191802778,-2.011525295064916,1665951104,5914,1979,43,Female,N,49,Ellon,Aberdeenshire,AB41,"North East (Aberdeen)"
fumin’,57.46898809457067,-2.349062762435773,1666003057,5917,1939,83,Female,N,78,Turriff,Aberdeenshire,AB53,"North East (Aberdeen)"
fumin’,59.00000999660558,-3.092869341706177,1666005197,5920,1980,42,Female,N,967,Kirkwall,Orkney,KW15,"Orkney Islands"
fumin’,58.95025084709074,-3.0026111937474322,1666006764,5920,1980,42,Female,N,967,Kirkwall,Orkney,KW15,"Orkney Islands"
fumin’,55.91070090899216,-3.1709663389559664,1666012980,5923,1990,32,Other,Y,322,"Gilmerton, Edinburgh",Edinburgh,"Edinburgh Southeast","Lothian (Edinburgh)"
fumin’,57.161363510126854,-2.1323979393598744,1666096424,5936,1961,61,Male,Y,97,"Mastrick, Aberdeen",Aberdeen,"Aberdeen Central","North East (Aberdeen)"
fumin’,57.87101702844252,-4.949407425234643,1666113286,5938,1981,41,Female,Y,727,Ullapool,Highland,IV26,"Highlands (Inverness)"
fumin’,60.14073269498809,-1.2564872815479753,1666127969,5939,1966,56,Male,N,1500,Lerwick,"Shetland Isles",ZE1,"Shetland Islands"
fumin’,55.730457194474226,-4.342536578029271,1666128562,5941,1966,56,Female,Y,539,"Newton Mearns","East Renfrewshire",G77,Glasgow
fumin’,56.67136663276559,-3.0174668159966997,1666287281,5966,1993,29,Female,Y,179,Forfar,Angus,DD8,"Tayside and Angus (Dundee)"
fumin’,56.250888362504746,-2.8931858694895207,1666511751,5984,1962,60,Female,Y,1140,Leven,Fife,KY8,Fife
fumin’,56.05638186398253,-3.617124011762589,1666522841,5987,1996,26,Female,Y,1096,"Dunfermline (centre, north, west: Abbey Parks, Lady's Mill, Garvock, Headwell, Kingseathill, Wellwood, Milesmark, Baldridge, Pittencrieff, Baldridgeburn)",Fife,KY12,Fife
fumin’,57.130588202998965,-2.0760359294290884,1666532641,5988,1974,48,Male,Y,126,"Bridge of Dee, Aberdeen",Aberdeen,"Aberdeen Southeast","North East (Aberdeen)"
fumin’,56.2529174046247,-2.8961782096291393,1666722570,6007,1947,75,Female,N,1140,Leven,Fife,KY8,Fife
fumin’,55.586654643840184,-3.3215052438638306,1666819996,6014,2002,20,Female,Y,362,Peebles,"Scottish Borders",EH45,Borders
fumin’,55.706171472962346,-4.7341093626000985,1667113219,6028,1969,53,Female,Y,815,Dalry,"North Ayrshire",KA24,Ayrshire
fumin’,55.855723132764574,-4.81364466037865,1667215298,6042,2005,17,Male,School,842,Largs,"North Ayrshire",KA30,Ayrshire
fumin’,55.85369345586198,-4.880847174534665,1667215448,6040,2007,15,Male,School,1233,Skelmorlie,"North Ayrshire",PA17,Ayrshire
fumin’,57.668518382442144,-2.806550356551608,1667255251,6050,1977,45,Female,Y,90,Buckie,Moray,AB56,"North East (Aberdeen)"
fumin’,55.84620392429373,-4.440932149903415,1667319025,6056,1995,27,Male,Y,1220,"Paisley (central, east and north east: Ferguslie, Oldhall, Seedhill, Williamsburgh, Whitehaugh)",Renfrewshire,PA1,Glasgow
fumin’,55.579783754492205,-4.502253723384264,1668648978,6095,2000,22,Male,Y,779,"Kilmarnock (centre and south: Bonnyton, Grange, Bellfield, Shortlees, Caprington, Riccarton, Hurlford)","East Ayrshire",KA1,Ayrshire
fumin’,56.02167058933089,-3.8201551015619346,1669051493,6114,1972,50,Female,N,450,Stenhousemuir,Falkirk,FK5,"Stirling and Falkirk"
fumin’,55.56369516272999,-4.552180500113745,1670518556,6136,1995,27,Female,Y,779,"Kilmarnock (centre and south: Bonnyton, Grange, Bellfield, Shortlees, Caprington, Riccarton, Hurlford)","East Ayrshire",KA1,Ayrshire
fumin’,56.93653331963982,-5.37790393143912,1670693394,6140,2001,21,Female,Y,1377,"Fort William",Highland,PH33,"Highlands (Inverness)"
fumin’,55.94804412331169,-3.267372609110127,1671084462,6142,1995,27,Female,Y,292,"Craigleith, Edinburgh",Edinburgh,"Edinburgh North","Lothian (Edinburgh)"
fumin’,55.95540950907315,-4.813563477420697,1672143588,6157,1966,56,Female,Y,1235,Gourock,Inverclyde,PA19,Glasgow
fumin’,55.774098030601664,-4.701848829422936,1675164469,6195,2002,21,Female,Y,817,Kilbirnie,"North Ayrshire",KA25,Ayrshire
fumin’,58.64881234487387,-3.2082644788927035,1675446682,6201,2003,20,Female,School,961,Thurso,Highland,KW14,"Highlands (Inverness)"
fumin’,55.95534474901054,-3.2293334985759934,1675695226,6207,2009,14,Male,School,278,"Granton, Edinburgh",Edinburgh,"Edinburgh Clermiston Granton","Lothian (Edinburgh)"
fumin’,55.944760379552676,-3.2259925928687396,1675695563,6220,2009,14,Male,School,292,"Craigleith, Edinburgh",Edinburgh,"Edinburgh North","Lothian (Edinburgh)"
fumin’,55.42403719615826,-4.61644311999109,1675730333,6224,1997,26,Male,Y,852,Dalmellington,"East Ayrshire",KA6,Ayrshire
fumin’,55.80659633752176,-4.0328680722258605,1677022232,6246,2004,19,Female,Y,1186,Bellshill,"North Lanarkshire",ML4,Glasgow
fumin’,56.26037355502078,-4.636514906853058,1677605330,6277,2004,19,Male,Y,470,Kippen,Stirlingshire,FK8,"Stirling and Falkirk"
fumin’,57.638078380425924,-4.503974179470509,1677607141,6278,2004,19,Female,Y,704,Strathpeffer,Highland,IV14,"Highlands (Inverness)"
fumin’,55.959741706212306,-4.319899760958733,1677613093,3156,1999,23,Female,Y,489,Milngavie,"East Dunbartonshire",G62,Glasgow
fumin’,55.86451718641575,-4.296168949128908,1677626117,6287,2002,21,Male,Y,590,"Hyndland, Glasgow",Glasgow,"Glasgow Kelvin",Glasgow
fumin’,55.91377738395526,-4.378652799240284,1677681852,6294,1978,45,Female,Y,638,"Drumchapel, Glasgow",Glasgow,"Glasgow Northwest",Glasgow
fumin’,56.23129427207557,-2.7515522692803374,1677968005,6310,2004,19,Female,Y,1083,Crail,Fife,KY10,Fife
fumin’,55.82297290669133,-4.23030895411587,1678028219,6312,2004,19,Female,Y,653,"Netherlee, Glasgow",Glasgow,"Glasgow South",Glasgow
fumin’,55.830567127671124,-4.2644602309248,1678116973,6319,2005,18,Female,Y,658,"Giffnock, Glasgow",Glasgow,"Glasgow South",Glasgow
fumin’,55.8946366380165,-4.294820023389157,1678117025,6320,2004,19,Female,Y,623,"Shettleston, Glasgow",Glasgow,"Glasgow Northeast",Glasgow
fumin’,55.87814811846451,-3.2200592853173475,1678137058,6321,1965,58,Female,Y,320,"Newington, Edinburgh",Edinburgh,"Edinburgh South","Lothian (Edinburgh)"
fumin’,57.118436087389064,-3.685160488259553,1678204632,6327,2004,19,Female,Y,1363,Aviemore,Highland,PH22,"Highlands (Inverness)"
fumin’,55.88431224036534,-3.5342246508778756,1678219518,6329,2004,19,Male,Y,375,Livingston,"West Lothian",EH54,"Lothian (Edinburgh)"
fumin’,57.3897009427372,-6.2796300254683874,1678453017,6336,2001,22,Other,Y,763,Portree,Highland,IV51,"Highlands (Inverness)"
fumin’,55.67895989533619,-3.1731144967777207,1678654370,6337,2004,19,Female,Y,362,Peebles,"Scottish Borders",EH45,Borders
fumin’,55.826164137084454,-4.01589307080237,1679054438,6357,2008,15,Male,School,1186,Bellshill,"North Lanarkshire",ML4,Glasgow
fumin’,56.2059463805206,-3.123457135081682,1679056139,6362,2008,15,Female,School,1133,"Glenrothes (centre and east: Pitteuchar, Finglassie, Stenton, Auchmuty, Pitcoudie, Balfarg, Pircairn, Collydean)",Fife,KY7,Fife
fumin’,56.192426740713415,-3.1351602591644827,1679056245,6366,2008,15,Male,School,1134,Markinch,Fife,KY7,Fife
fumin’,56.20394071156815,-3.149961842395111,1679056289,6379,2008,15,Male,School,1133,"Glenrothes (centre and east: Pitteuchar, Finglassie, Stenton, Auchmuty, Pitcoudie, Balfarg, Pircairn, Collydean)",Fife,KY7,Fife
fumin’,56.224947347948856,-3.131603630013582,1679056392,6360,2008,15,Female,School,1133,"Glenrothes (centre and east: Pitteuchar, Finglassie, Stenton, Auchmuty, Pitcoudie, Balfarg, Pircairn, Collydean)",Fife,KY7,Fife
fumin’,56.21221215894838,-3.115752791796261,1679056414,6378,2008,15,Female,School,1133,"Glenrothes (centre and east: Pitteuchar, Finglassie, Stenton, Auchmuty, Pitcoudie, Balfarg, Pircairn, Collydean)",Fife,KY7,Fife
fumin’,56.19342358469688,-3.0949717345266006,1679056493,6391,2008,15,Female,School,1133,"Glenrothes (centre and east: Pitteuchar, Finglassie, Stenton, Auchmuty, Pitcoudie, Balfarg, Pircairn, Collydean)",Fife,KY7,Fife
fumin’,56.19811317040151,-3.170875656275206,1679056507,6381,2008,15,Male,School,1133,"Glenrothes (centre and east: Pitteuchar, Finglassie, Stenton, Auchmuty, Pitcoudie, Balfarg, Pircairn, Collydean)",Fife,KY7,Fife
fumin’,56.208035466060096,-3.1063145551324647,1679056519,6387,2008,15,Male,School,1133,"Glenrothes (centre and east: Pitteuchar, Finglassie, Stenton, Auchmuty, Pitcoudie, Balfarg, Pircairn, Collydean)",Fife,KY7,Fife
fumin’,56.22496240090713,-3.1556003495004,1679056525,6390,2009,14,Male,School,1133,"Glenrothes (centre and east: Pitteuchar, Finglassie, Stenton, Auchmuty, Pitcoudie, Balfarg, Pircairn, Collydean)",Fife,KY7,Fife
fumin’,56.21116433513392,-3.1863539045698954,1679056780,6395,2009,14,Male,School,1133,"Glenrothes (centre and east: Pitteuchar, Finglassie, Stenton, Auchmuty, Pitcoudie, Balfarg, Pircairn, Collydean)",Fife,KY7,Fife
fumin’,56.166007177773025,-3.1696100037132293,1679057787,6401,2008,15,Male,School,1080,Thornton,Fife,KY1,Fife
fumin’,55.94537545014744,-3.249362605770465,1679153505,6404,1970,53,Female,Y,289,"Newhaven, Edinburgh",Edinburgh,"Edinburgh North","Lothian (Edinburgh)"
fumin’,55.84263869820033,-4.174603918892197,1679323728,6407,2000,23,Female,N,620,"Mount Vernon, Glasgow",Glasgow,"Glasgow Northeast",Glasgow
fumin’,55.83871153360011,-4.289207165584939,1680010009,6427,2007,16,Female,School,645,Clarkston,"East Renfrewshire","Glasgow South",Glasgow
fumin’,55.826692184427536,-4.260481048397756,1680196749,6429,1979,44,Female,Y,653,"Netherlee, Glasgow",Glasgow,"Glasgow South",Glasgow
fumin’,55.96813402751452,-3.751050314719249,1681113676,6433,1991,32,Female,Y,383,Slamannan, Falkirk,FK1,"Stirling and Falkirk"
fumin’,55.87958835115478,-3.0965906034408612,1681937752,6438,2000,23,Male,Y,328,Bonnyrigg,Midlothian,EH19,"Lothian (Edinburgh)"
fumin’,55.80302985666155,-4.319058319719474,1683280499,6461,1959,64,Male,Y,655,"Simshill, Glasgow",Glasgow,"Glasgow South",Glasgow
fumin’,55.82025032277529,-4.063692354379075,1683283853,6462,2008,15,Male,School,525,Uddingston,"South Lanarkshire",G71,Glasgow
fumin’,55.813220203270106,-4.009772494569096,1683283944,6463,2008,15,Male,School,1186,Bellshill,"North Lanarkshire",ML4,Glasgow
fumin’,55.90244946247711,-4.486041732853017,1685823187,6496,1999,24,Female,Y,1292,Bishopton,Renfrewshire,PA7,Glasgow
fumin’,55.866508779541455,-4.260127195087306,1686322557,6504,2001,22,Male,School,581,"Merchant City, Glasgow",Glasgow,"Glasgow City Centre",Glasgow
fumin’,56.165090264720966,-3.3871089121513633,1686577143,6512,2008,15,Female,N,1100,Scotlandwell,"Perth and Kinross",KY13,Fife
fumin’,55.879517579586235,-4.27622645881037,1686577158,6516,2007,16,Other,School,617,"Dalmarnock, Glasgow",Glasgow,"Glasgow Northeast",Glasgow
fumin’,55.8568933627851,-4.145639341282268,1686577180,6518,2008,15,Female,School,617,"Dalmarnock, Glasgow",Glasgow,"Glasgow Northeast",Glasgow
fumin’,55.8556037239149,-4.069936425740165,1686577335,6533,2007,16,Male,School,617,"Dalmarnock, Glasgow",Glasgow,"Glasgow Northeast",Glasgow
fumin’,55.836388528685,-4.146274321275102,1686577347,6527,2007,16,Male,N,616,"Calton, Glasgow",Glasgow,"Glasgow Northeast",Glasgow
fumin’,55.87319834299659,-4.160697213685501,1686913257,6543,2008,15,Female,School,615,"Bridgeton, Glasgow",Glasgow,"Glasgow Northeast",Glasgow
fumin’,55.846841536394294,-4.119054743847118,1686921177,6557,2007,16,Female,School,626,"Haghill, Glasgow",Glasgow,"Glasgow Northeast",Glasgow
fumin’,55.5561178912125,-4.330920417676934,1694442611,6576,2008,15,Other,School,843,Galston,"East Ayrshire",KA4,Ayrshire
fumin’,56.030372634813645,-2.824575425829653,1694517197,6587,2000,23,Male,N,345,Gullane,"East Lothian",EH31,"Lothian (Edinburgh)"
fumin’,55.46516478055085,-4.621407904251497,1694983256,6596,1957,66,Female,N,868,"Newton on Ayr","South Ayrshire",KA8,Ayrshire
fumin’,54.977676045129265,-4.374117908953293,1695036934,6597,2005,18,Male,School,227,Wigtown,"Dumfries and Galloway",DG8,"Dumfries and Galloway"
fumin’,55.827579945114515,-4.142146322153965,1695208080,6598,2011,12,Male,School,529,Cambuslang,"South Lanarkshire",G72,Glasgow
fumin’,55.80079147579562,-4.184597787690336,1695208435,6609,2010,13,Male,School,575,"Springhall, Glasgow",Glasgow,"Glasgow Castlemilk",Glasgow
fumin’,55.92443098836001,-4.380533627834478,1697543364,6635,2005,18,Female,Y,488,Bearsden,"East Dunbartonshire",G61,Glasgow
fumin’,55.81218640154072,-4.0278329142306575,1702465856,6682,1992,31,Male,Y,1186,Bellshill,"North Lanarkshire",ML4,Glasgow
fumin’,55.853842187788985,-4.289153297216156,1703689513,6702,1957,66,Female,Y,672,"Govan, Glasgow",Glasgow,"Glasgow Southwest",Glasgow
fumin’,55.43649658226197,-4.622932429714016,1705500401,6718,2003,21,Female,Y,856,"Ayr (Centre)","South Ayrshire",KA7,Ayrshire
fumin’,55.42126213526121,-4.6711226763016676,1705685444,6722,2003,21,Female,Y,855,Alloway,"South Ayrshire",KA7,Ayrshire
fumin’,55.4090573007206,-4.653499304316708,1705685803,6722,2003,21,Female,Y,855,Alloway,"South Ayrshire",KA7,Ayrshire
fumin’,55.45146138296769,-4.63138367130591,1705685830,6723,1973,51,Female,Y,856,"Ayr (Centre)","South Ayrshire",KA7,Ayrshire
fumin’,55.9234769563882,-3.011572966042846,1706540996,6728,1995,29,Female,Y,330,Musselburgh,"East Lothian",EH21,"Lothian (Edinburgh)"
fumin’,57.5525861522165,-3.043706541837685,1706706142,6733,1998,26,Female,Y,88,Keith, Moray,AB55,"North East (Aberdeen)"
fumin’,57.10266610664812,-2.2937045007974937,1707158587,6740,2000,24,Female,Y,131,"Milltimber, Aberdeen",Aberdeen,"Aberdeen Southwest","North East (Aberdeen)"
fumin’,58.20921101508487,-6.363400589852676,1707832826,6755,1982,42,Male,Y,686,"Stornoway, Isle of Lewis","Western Isles",HS1,"Western Isles"
fumin’,55.823940749326695,-4.327046999915392,1708446762,6772,2005,19,Female,Y,652,"King's Park, Glasgow",Glasgow,"Glasgow South",Glasgow
fumin’,55.963811786157464,-4.640801012746758,1708451160,6790,2004,20,Female,Y,549,Dumbarton,"West Dunbartonshire",G82,Glasgow
fumin’,55.40402802049596,-4.736996596974119,1708458542,6765,2005,19,Female,Y,856,"Ayr (Centre)","South Ayrshire",KA7,Ayrshire
fumin’,55.87444647245614,-4.445116030532816,1708633861,6827,1950,74,Female,Y,1264,Renfrew,Renfrewshire,PA4,Glasgow
fumin’,55.88850523326525,-4.325579980966956,1708700521,6829,2004,20,Female,Y,594,"Woodlands, Glasgow",Glasgow,"Glasgow Kelvin",Glasgow
fumin’,55.938409003923184,-2.8433385977442724,1709031182,6852,2005,19,Female,Y,357,Haddington,"East Lothian",EH41,"Lothian (Edinburgh)"
fumin’,55.82431348595918,-4.224197737905269,1709037072,6859,2005,19,Female,Y,652,"King's Park, Glasgow",Glasgow,"Glasgow South",Glasgow
fumin’,55.68139357546341,-4.745391628977481,1709120397,6873,2004,20,Male,Y,812,Saltcoats,"East Ayrshire",KA21,Ayrshire
fumin’,56.85720080921879,-2.468074149976596,1709150385,6875,2004,20,Female,Y,15,Auchenblae,Aberdeenshire,AB30,"North East (Aberdeen)"
fumin’,55.91161261970217,-4.305140356376677,1709404399,6881,1970,54,Female,Y,488,Bearsden,"East Dunbartonshire",G61,Glasgow
fumin’,55.92764869878683,-2.834808871520293,1709592489,6852,2005,19,Female,Y,357,Haddington,"East Lothian",EH41,"Lothian (Edinburgh)"
fumin’,55.966162381705,-4.5091391955857345,1709678974,6890,1999,25,Female,Y,549,Dumbarton,"West Dunbartonshire",G82,Glasgow
fumin’,55.94758009781377,-3.1337660637291886,1710359414,6899,1968,56,Female,N,281,"Portobello, Edinburgh",Edinburgh,"Edinburgh Duddingston","Lothian (Edinburgh)"
fumin’,55.82838421010564,-4.315914015256954,1713452046,6925,1963,61,Female,Y,653,"Netherlee, Glasgow",Glasgow,"Glasgow South",Glasgow
fumin’,55.96735355685653,-4.102173268083202,1714038249,6931,2005,19,Female,School,507,Kirkintilloch,"East Dunbartonshire",G66,Glasgow
fumin’,55.68446747460946,-4.8411736401525,1714158527,6839,2004,20,Female,Y,813,Ardrossan,"North Ayrshire",KA22,Ayrshire
fumin’,55.88178433925423,-3.321515641512588,1714167666,6937,2004,20,Male,Y,319,"Blackford, Edinburgh",Edinburgh,"Edinburgh South","Lothian (Edinburgh)"
fumin’,57.01097902583375,-2.1753952340635196,1718827960,6950,1991,33,Female,Y,48,Stonehaven,Aberdeenshire,AB39,"North East (Aberdeen)"
fumin’,57.17512359659124,-2.1135730976630165,1719355775,6953,2004,20,Female,Y,107,"Rosemount, Aberdeen",Aberdeen,"Aberdeen Central","North East (Aberdeen)"
fumin’,56.69847359952514,-3.8707961152411454,1719430243,6955,1976,48,Female,Y,1329,Pitlochry,"Perth and Kinross",PH16,Fife
fumin’,55.81310305979401,-4.253202790859001,1721857730,6961,1993,31,Female,Y,653,"Netherlee, Glasgow",Glasgow,"Glasgow South",Glasgow
fumin’,55.38978406743927,-4.766653776579099,1726269424,6983,2003,21,Female,Y,856,"Ayr (Centre)","South Ayrshire",KA7,Ayrshire
fumin’,55.44738528399614,-2.9608517144092006,1730410685,7010,1955,69,Male,Y,1493,Hawick,"Scottish Borders",TD9,Borders
fumin’,55.24391493252219,-3.1569499927270788,1730415043,7014,1967,57,Other,Y,203,Langholm,"Dumfries and Galloway",DG13,"Dumfries and Galloway"
fumin’,55.90471554065364,-3.290670855193488,1730448341,7023,1970,54,Male,Y,312,"Juniper Green, Edinburgh",Edinburgh,"Edinburgh South","Lothian (Edinburgh)"
fumin’,55.07386871313995,-3.519572368152219,1730466318,7038,1971,53,Female,Y,186,"Dumfries (centre and east: Dalscone, Georgetown, Heathhall, Kingholm Quay, Noblehill, The Crichton)","Dumfries and Galloway",DG1,"Dumfries and Galloway"
fumin’,56.34270035602459,-3.965013636851986,1730488183,7049,1983,41,Female,Y,1399,Comrie,"Perth and Kinross",PH6,Fife
fumin’,57.152967493474435,-2.1552634311280117,1730534473,7053,1972,52,Female,Y,107,"Rosemount, Aberdeen",Aberdeen,"Aberdeen Central","North East (Aberdeen)"
fumin’,55.89312347398298,-4.266779798534841,1730541222,7055,1973,51,Female,Y,598,Rutherglen,"South Lanarkshire","Glasgow Northeast",Glasgow
fumin’,56.56387241386264,-2.692847860843877,1730655099,7067,1993,31,Female,Y,141,Arbroath,Angus,DD11,"Tayside and Angus (Dundee)"
fumin’,57.463820240017355,-2.301907140303159,1730721030,7070,1968,56,Male,Y,78,Turriff,Aberdeenshire,AB53,"North East (Aberdeen)"
fumin’,56.1997611169956,-3.07588603893203,1730724009,7071,1989,35,Male,Y,1140,Leven,Fife,KY8,Fife
fumin’,56.19521246483454,-3.0156170455426947,1730725561,7073,1995,29,Male,Y,1140,Leven,Fife,KY8,Fife
fumin’,56.204632880986125,-2.9836143495646446,1730739610,7075,1989,35,Male,Y,1140,Leven,Fife,KY8,Fife
fumin’,56.24301149036602,-3.0576416183358277,1730744301,7078,1995,29,Male,Y,1140,Leven,Fife,KY8,Fife
fumin’,56.396608325015606,-3.810941253536867,1730847917,7081,1977,47,Female,Y,1402,Crieff,"Perth and Kinross",PH7,Fife
fumin’,56.235623738641635,-3.2643030430641704,1730934817,7084,1954,70,Female,Y,1129,"Glenrothes (west: Caskieberran, Rimbleton, Macedonia, Tanshall)",Fife,KY6,Fife
fumin’,55.7979967980732,-3.7738394934482424,1731168759,7089,1970,54,Male,N,366,Whitburn,"West Lothian",EH47,"Lothian (Edinburgh)"
fumin’,57.78097786992901,-4.53764986748384,1732307960,7117,1991,33,Female,N,707,Alness,Highland,IV17,"Highlands (Inverness)"
fumin’,56.164902248553155,-3.7810867911371067,1733686436,7127,1954,70,Male,Y,393,Alva,Clackmannanshire,FK12,"Stirling and Falkirk"
fumin’,55.839662438866725,-4.4159116983278395,1733686729,7128,1954,70,Female,Y,1220,"Paisley (central, east and north east: Ferguslie, Oldhall, Seedhill, Williamsburgh, Whitehaugh)",Renfrewshire,PA1,Glasgow
fumin’,55.84070979529837,-4.800042763469594,1733772617,7149,1967,57,Female,Y,842,Largs,"North Ayrshire",KA30,Ayrshire
fumin’,55.52190389119564,-4.6329717798280665,1733874332,7160,1965,59,Female,N,781,Barassie,"South Ayrshire",KA10,Ayrshire
fumin’,56.09580915533605,-3.1853354897999266,1733914571,7162,1952,72,Male,N,1117,"Kirkcaldy (west: Hayfield, Templehall, Newliston, Chapel, Dunnikier, Bennochy)",Fife,KY2,Fife
fumin’,55.885265331463835,-4.212309790545654,1733999101,7181,1959,65,Female,N,636,"Ruchill, Glasgow",Glasgow,"Glasgow Northeast",Glasgow
fumin’,55.86272054101651,-4.2145127095263515,1734024607,7183,1959,65,Female,N,636,"Ruchill, Glasgow",Glasgow,"Glasgow Northeast",Glasgow
fumin’,56.489437795718736,-2.8404477789841542,1734026080,7185,2000,24,Male,Y,247,"Broughty Ferry, Dundee",Dundee,"Dundee East","Tayside and Angus (Dundee)"
fumin’,55.85190710453128,-3.3986813678735253,1734129875,7193,1964,60,Female,Y,317,"Marchmont, Edinburgh",Edinburgh,"Edinburgh South","Lothian (Edinburgh)"
fumin’,56.760207478412006,-3.615663690909929,1734175189,7195,1963,61,Female,Y,1318,Blairgowrie,"Perth and Kinross",PH10,Fife
fumin’,56.064689777094415,-4.076560198526967,1734293440,7201,1963,61,Female,Y,464,"Stirling (south and east: Braehead, Borestone, Broomridge, Torbrex)",Stirlingshire,FK7,"Stirling and Falkirk"
fumin’,56.214182613912115,-3.572847838264973,1734479377,7206,1958,66,Other,Y,1100,Scotlandwell,"Perth and Kinross",KY13,Fife
fumin’,56.07100677759817,-3.6178630059022887,1735721929,7209,1949,76,Male,Y,1096,"Dunfermline (centre, north, west: Abbey Parks, Lady's Mill, Garvock, Headwell, Kingseathill, Wellwood, Milesmark, Baldridge, Pittencrieff, Baldridgeburn)",Fife,KY12,Fife
fumin’,56.11566016243132,-3.4692558941500122,1735734851,7210,1948,77,Male,Y,1096,"Dunfermline (centre, north, west: Abbey Parks, Lady's Mill, Garvock, Headwell, Kingseathill, Wellwood, Milesmark, Baldridge, Pittencrieff, Baldridgeburn)",Fife,KY12,Fife
fumin’,55.93540921443232,-3.07972079945596,1736179269,7219,1955,70,Female,N,330,Musselburgh,"East Lothian",EH21,"Lothian (Edinburgh)"
fumin’,56.093490117067255,-3.8474279093396846,1738096568,7274,2004,21,Female,Y,464,"Stirling (south and east: Braehead, Borestone, Broomridge, Torbrex)",Stirlingshire,FK7,"Stirling and Falkirk"
fumin’,57.68762104836044,-4.165883600180865,1739279243,7283,2010,15,Other,School,708,Invergordon,Highland,IV18,"Highlands (Inverness)"
fumin’,57.174412586347756,-2.258835712863065,1739279351,7289,2010,15,Male,N,109,"Hazelhead, Aberdeen",Aberdeen,"Aberdeen North","North East (Aberdeen)"
fumin’,55.9468242961207,-4.854367772158815,1739289399,7293,2006,19,Male,Y,1235,Gourock,Inverclyde,PA19,Glasgow
fumin’,55.94703833353728,-4.854220664232608,1739289642,7293,2006,19,Male,Y,1235,Gourock,Inverclyde,PA19,Glasgow
fumin’,57.73890019283084,-4.178067407125763,1739444661,7299,2011,14,Female,School,708,Invergordon,Highland,IV18,"Highlands (Inverness)"
fumin’,57.72610655203213,-4.217261971384701,1739444679,7305,2011,14,Male,School,708,Invergordon,Highland,IV18,"Highlands (Inverness)"
fumin’,57.76515668495634,-4.166490564832302,1739444684,7301,2011,14,Female,School,708,Invergordon,Highland,IV18,"Highlands (Inverness)"
fumin’,57.776895003956604,-4.127552025922243,1739444716,7296,2011,14,Male,N,708,Invergordon,Highland,IV18,"Highlands (Inverness)"
fumin’,57.75870524407474,-4.164425991553481,1739444718,7295,2011,14,Male,School,708,Invergordon,Highland,IV18,"Highlands (Inverness)"
fumin’,57.71989336708955,-4.189693642444543,1739444777,7303,2011,14,Female,School,708,Invergordon,Highland,IV18,"Highlands (Inverness)"
fumin’,57.7980818571295,-4.172019518800446,1739444828,7312,2011,14,Female,School,711,Tain,Highland,IV19,"Highlands (Inverness)"
fumin’,56.24479751570944,-3.4648900483560396,1739444832,7311,2011,14,Male,School,1100,Scotlandwell,"Perth and Kinross",KY13,Fife
fumin’,57.19663903778153,-2.2127466837062797,1739450811,7289,2010,15,Male,N,109,"Hazelhead, Aberdeen",Aberdeen,"Aberdeen North","North East (Aberdeen)"
fumin’,57.691845411944215,-4.164850815808462,1739451040,7317,2010,15,Male,School,708,Invergordon,Highland,IV18,"Highlands (Inverness)"
fumin’,57.706158793392675,-4.3739938653753265,1739451356,7316,2010,15,Male,School,707,Alness,Highland,IV17,"Highlands (Inverness)"
fumin’,57.76504378293298,-4.226023782804434,1739451771,7315,2010,15,Male,School,708,Invergordon,Highland,IV18,"Highlands (Inverness)"
fumin’,55.942895024813865,-4.746986797144006,1739802856,7320,1997,28,Female,Y,1230,"Greenock (central and east: Bogston, Bridgend, Cartsdyke, Gibshill, Greenock Central, Ladyburn, Upper Ingleston)",Inverclyde,PA15,Glasgow
fumin’,55.92322049005627,-3.2821901942400045,1740041325,7321,1951,74,Female,N,275,"Fountainbridge, Edinburgh",Edinburgh,"Edinburgh Central","Lothian (Edinburgh)"
fumin’,57.717838871458454,-4.208171885351479,1741173257,7328,2009,16,Male,School,708,Invergordon,Highland,IV18,"Highlands (Inverness)"
fumin’,57.77509155379779,-4.2017084788771895,1741173284,7340,2009,16,Male,School,708,Invergordon,Highland,IV18,"Highlands (Inverness)"
fumin’,57.76768071208749,-4.104068595410391,1741173357,7339,2009,16,Male,School,708,Invergordon,Highland,IV18,"Highlands (Inverness)"
fumin’,55.81651220939321,-4.494473997872567,1746903188,7369,1977,48,Female,Y,1236,"Paisley (south: Blackhall, Castlehead, Dykebar, Foxbar, Hunterhill, Meikleriggs)",Renfrewshire,PA2,Glasgow
fumin’,55.91759954563713,-4.3409468486586915,1759487848,7402,2005,20,Female,Y,488,Bearsden,"East Dunbartonshire",G61,Glasgow
fumin’,55.96513391138726,-3.221169812430529,1760962224,7412,2004,21,Female,Y,287,"Corstorphine, Edinburgh",Edinburgh,"Edinburgh North","Lothian (Edinburgh)"
fumin’,58.22345330244589,-6.389399103303508,1761066806,7414,1968,57,Female,Y,686,"Stornoway, Isle of Lewis","Western Isles",HS1,"Western Isles"
fumin’,56.1210700364918,-3.2504737240130637,1767489906,7451,2007,19,Female,Y,1126,Cardenden,Fife,KY5,Fife
fumin’,56.4539572405229,-2.9935430456677894,1768320046,7461,2021,5,Female,Y,258,"Balgay, Dundee",Dundee,"Dundee West","Tayside and Angus (Dundee)"
fumin’,55.9262367575614,-3.2362807216904637,1769526820,7484,1968,58,Male,N,309,"Cameron Toll, Edinburgh",Edinburgh,"Edinburgh South","Lothian (Edinburgh)"
fumin’,56.05086715370074,-3.864462242351623,1769782092,7492,1963,63,Female,Y,464,"Stirling (south and east: Braehead, Borestone, Broomridge, Torbrex)",Stirlingshire,FK7,"Stirling and Falkirk"
fumin’,55.86421272752664,-4.372994657440608,1770196108,7499,2011,15,Male,School,675,"Penilee, Glasgow",Glasgow,"Glasgow Southwest",Glasgow
furious,55.97222374937218,-3.2025007001915164,1663177750,382,1993,29,Female,Y,287,"Corstorphine, Edinburgh",Edinburgh,"Edinburgh North","Lothian (Edinburgh)"
furious,55.86187933654983,-4.336817945601915,1663180747,398,1965,57,Female,N,685,"Gorbals, Glasgow",Glasgow,"Glasgow Southwest",Glasgow
furious,55.958504795248004,-4.225774532995523,1663189438,407,1969,53,Female,Y,502,Bishopbriggs,"East Dunbartonshire",G64,Glasgow
furious,55.79606105545816,-4.31361902297694,1664786144,456,1959,63,Male,Y,646,"Burnside, Glasgow",Glasgow,"Glasgow South",Glasgow
furious,57.63267486739351,-4.456799991710963,1664789126,463,1958,64,Male,N,705,Dingwall,Highland,IV15,"Highlands (Inverness)"
furious,55.78159777949918,-4.2836495130649075,1664796941,512,1941,81,Female,N,656,"Croftfoot, Glasgow",Glasgow,"Glasgow South",Glasgow
furious,56.20094744698575,-3.2011241794442804,1664801989,556,1975,47,Female,Y,1130,Leslie,Fife,KY6,Fife
furious,57.56678431614928,-2.2332562157426796,1664805449,586,1968,54,Male,Y,78,Turriff,Aberdeenshire,AB53,"North East (Aberdeen)"
furious,55.46127154061986,-4.637226645275043,1664806080,592,1959,63,Female,Y,856,"Ayr (Centre)","South Ayrshire",KA7,Ayrshire
furious,56.89814174362015,-3.182818085257875,1664809965,614,1954,68,Male,Y,181,Kirriemuir,Angus,DD8,"Tayside and Angus (Dundee)"
furious,55.81864734597878,-4.208866593030852,1664821677,708,1958,64,Female,Y,658,"Giffnock, Glasgow",Glasgow,"Glasgow South",Glasgow
furious,55.91413056529729,-3.3050274229825463,1664825704,730,1999,23,Female,Y,314,"Morningside, Edinburgh",Edinburgh,"Edinburgh South","Lothian (Edinburgh)"
furious,56.71760381777356,-5.138824207530621,1664838254,786,1967,55,Female,Y,1377,"Fort William",Highland,PH33,"Highlands (Inverness)"
furious,56.59689877825517,-2.794892520875808,1664866065,807,1972,50,Female,Y,179,Forfar,Angus,DD8,"Tayside and Angus (Dundee)"
furious,55.81685363656319,-4.365556025903633,1664867716,816,1954,68,Male,N,672,"Govan, Glasgow",Glasgow,"Glasgow Southwest",Glasgow
furious,56.48913493036497,-2.9308052235707143,1664872249,901,1958,64,Male,Y,250,"Downfield, Dundee",Dundee,"Dundee North","Tayside and Angus (Dundee)"
furious,56.66810335252779,-2.6950709184822768,1664872803,920,1959,63,Male,Y,181,Kirriemuir,Angus,DD8,"Tayside and Angus (Dundee)"
furious,56.34228078960056,-3.7712785633134787,1664873077,44,1958,64,Male,N,1402,Crieff,"Perth and Kinross",PH7,Fife
furious,57.51059418779025,-4.142648658405567,1664873703,936,1976,46,Male,Y,713,Culloden,Highland,IV2,"Highlands (Inverness)"
furious,55.81356814373004,-4.235234191067236,1664876017,1037,1973,49,Female,Y,651,"Cathcart, Glasgow",Glasgow,"Glasgow South",Glasgow
furious,56.81073473765469,-2.35130398152013,1664876461,1071,1995,27,Male,School,137,Inverbervie,Aberdeenshire,DD10,"Tayside and Angus (Dundee)"
furious,55.41789902941153,-4.667859985698032,1664877448,1130,1964,58,Female,Y,856,"Ayr (Centre)","South Ayrshire",KA7,Ayrshire
furious,56.07959824337818,-3.2050033251336187,1664878341,1166,1954,68,Female,N,1117,"Kirkcaldy (west: Hayfield, Templehall, Newliston, Chapel, Dunnikier, Bennochy)",Fife,KY2,Fife
furious,55.91789476888238,-4.867592881640864,1664879026,1201,1967,55,Male,Y,1231,"Greenock (west: Bow Farm, Braeside, Branchton, Fort Matilda, Gateside, Greenock West, Overton, Pennyfern, Smithston)",Inverclyde,PA16,Glasgow
furious,55.93900248839039,-3.14364891807715,1664879043,1199,1971,51,Female,N,322,"Gilmerton, Edinburgh",Edinburgh,"Edinburgh Southeast","Lothian (Edinburgh)"
furious,56.355114304621814,-3.701151520113791,1664879175,1212,1977,45,Female,Y,1402,Crieff,"Perth and Kinross",PH7,Fife
furious,56.996488359676356,-3.169653536339715,1664880879,1284,1961,61,Male,Y,37,Braemar,Aberdeenshire,AB35,"North East (Aberdeen)"
furious,55.71592176295469,-4.266940641102221,1664881125,1296,1960,62,Female,Y,537,Eaglesham,"East Renfrewshire",G76,Glasgow
furious,55.88893487488866,-3.3281602768737093,1664882010,1336,1964,58,Female,Y,314,"Morningside, Edinburgh",Edinburgh,"Edinburgh South","Lothian (Edinburgh)"
furious,55.91580596043722,-3.684819927750741,1664882033,1337,1970,52,Male,Y,367,Armadale,"West Lothian",EH48,"Lothian (Edinburgh)"
furious,57.48483407422986,-2.0344089733765256,1664885015,1434,1985,37,Female,Y,54,Peterhead,Aberdeenshire,AB42,"North East (Aberdeen)"
furious,55.86818686946356,-3.2707041634638663,1664885418,1448,1969,53,Female,Y,343,Penicuik,Midlothian,EH26,"Lothian (Edinburgh)"
furious,57.041034026699286,-5.6813211759511715,1664886442,1374,1983,39,Male,Y,1392,Mallaig,Highland,PH41,"Highlands (Inverness)"
furious,55.98882448459962,-2.547053729153626,1664887456,1531,1984,38,Male,Y,359,Dunbar,"East Lothian",EH42,"Lothian (Edinburgh)"
furious,56.00658671774236,-3.558085828165687,1664887520,1539,1969,53,Female,Y,370,Bo'ness,Falkirk,EH51,"Lothian (Edinburgh)"
furious,55.951575150933664,-4.349597378896121,1664888084,1556,1978,44,Male,Y,491,Baldernock,"East Dunbartonshire",G62,Glasgow
furious,55.85132201244152,-3.343575150753512,1664892262,1663,1963,59,Male,N,310,"Balerno, Edinburgh",Edinburgh,"Edinburgh South","Lothian (Edinburgh)"
furious,56.37859619742919,-3.665051111185169,1664893337,1686,1965,57,Female,N,1402,Crieff,"Perth and Kinross",PH7,Fife
furious,56.12857186002278,-3.8213710965978605,1664893820,1696,1965,57,Female,N,391,Alloa,Clackmannanshire,FK10,"Stirling and Falkirk"
furious,57.565239680656994,-4.349183864663495,1664894258,1710,1984,38,Male,Y,775,Culbokie,Highland,IV7,"Highlands (Inverness)"
furious,57.592129483167554,-4.43483455408929,1664896764,1778,1990,32,Male,Y,705,Dingwall,Highland,IV15,"Highlands (Inverness)"
furious,59.127139996554575,-3.006199068130054,1664898028,1816,1956,66,Female,Y,1025,"Orkney Islands",Orkney,KW17,"Orkney Islands"
furious,55.8097661333138,-4.0953751015729765,1664899118,1843,1956,66,Female,N,525,Uddingston,"South Lanarkshire",G71,Glasgow
furious,56.4614853711158,-3.000336044774233,1664899391,1853,1978,44,Male,Y,238,"Menzieshill, Dundee",Dundee,"Dundee Central","Tayside and Angus (Dundee)"
furious,55.916611348536186,-4.178641830200773,1664899876,1861,1962,60,Female,Y,502,Bishopbriggs,"East Dunbartonshire",G64,Glasgow
furious,55.86312660455209,-3.32979716079672,1664900037,1863,1946,76,Other,Y,314,"Morningside, Edinburgh",Edinburgh,"Edinburgh South","Lothian (Edinburgh)"
furious,55.89552864863136,-4.7358981968884315,1664901743,1910,1957,65,Male,Y,1227,Kilmacolm,Inverclyde,PA13,Glasgow
furious,55.966051527252276,-3.16592745552149,1664903603,1950,1959,63,Female,Y,285,"Leith, Edinburgh",Edinburgh,"Edinburgh Leith","Lothian (Edinburgh)"
furious,55.83382582401664,-3.3926008407359274,1664906123,2012,1969,53,Male,Y,313,"Colinton, Edinburgh",Edinburgh,"Edinburgh South","Lothian (Edinburgh)"
furious,55.70079263382019,-4.866600297625125,1664910368,2113,1975,47,Female,Y,814,"West Kilbride","North Ayrshire",KA23,Ayrshire
furious,58.057492756737865,-3.9955885367883175,1664910963,2127,1955,67,Female,Y,1071,Brora,Highland,KW9,"Highlands (Inverness)"
furious,57.70310190613499,-3.256988794896649,1664911098,2026,1976,46,Male,Y,738,Lossiemouth,Moray,IV31,"North East (Aberdeen)"
furious,56.015742311892986,-5.047660085746562,1664913037,2172,1951,71,Male,Y,1241,Dunoon,"Argyll and Bute",PA23,"Argyll and Bute"
furious,56.04541188745059,-5.009450508878362,1664913176,2172,1951,71,Male,Y,1241,Dunoon,"Argyll and Bute",PA23,"Argyll and Bute"
furious,56.47435435321591,-2.9745036468068413,1664913447,2181,1955,67,Female,N,240,"Ardler, Dundee",Dundee,"Dundee Central","Tayside and Angus (Dundee)"
furious,56.166813158479535,-3.106830440591854,1664915647,2239,1952,70,Female,Y,1079,"Kirkcaldy (east: Linktown, Port Brae, Pathhead, Sinclairtown, Smeaton, Gallatown)",Fife,KY1,Fife
furious,55.83094250189277,-4.384271851591728,1664916819,2258,1956,66,Male,Y,1236,"Paisley (south: Blackhall, Castlehead, Dykebar, Foxbar, Hunterhill, Meikleriggs)",Renfrewshire,PA2,Glasgow
furious,55.8778697260226,-4.345795234674338,1664918711,2310,1942,80,Male,Y,641,"Knightswood, Glasgow",Glasgow,"Glasgow Northwest",Glasgow
furious,57.17555944970804,-2.1162972032765848,1664919931,2337,1963,59,Female,Y,107,"Rosemount, Aberdeen",Aberdeen,"Aberdeen Central","North East (Aberdeen)"
furious,55.74108779081794,-4.2476621412770275,1664921019,2370,2003,19,Other,N,534,"East Kilbride (south: Hairmyres, Westwood, The Murray, Murray East, Whitehills, Greenhill, Newlandsmuir, Gardenhall, Crosshouse, Newlands, Lindsayfield, Mossneuk)","South Lanarkshire",G75,Glasgow
furious,56.40443770508003,-3.55398809117026,1664922666,2386,1999,23,Male,Y,1313,"Perth (north and west: Burghmuir, Cherrybank, Hillyland, Inveralmond, Lethom, Muirton, North Muirton, Tulloch)","Perth and Kinross",PH1,Fife
furious,56.18379894626312,-3.0850722841153853,1664962859,2576,1967,55,Male,Y,1133,"Glenrothes (centre and east: Pitteuchar, Finglassie, Stenton, Auchmuty, Pitcoudie, Balfarg, Pircairn, Collydean)",Fife,KY7,Fife
furious,57.2362409165752,-4.315478557185868,1664963206,2581,1980,42,Female,Y,714,"Inverness (east: Culcabock, Crown, Culduthel, Drummond, Haugh, Hilton, Holm, Lochardil, Millburn, Raigmore)",Highland,IV2,"Highlands (Inverness)"
furious,55.9160151243899,-2.774339049951471,1664963621,2586,1967,55,Male,Y,357,Haddington,"East Lothian",EH41,"Lothian (Edinburgh)"
furious,57.15429580615581,-2.0892803843390104,1664970034,2712,1964,58,Male,Y,98,"Northfield, Aberdeen",Aberdeen,"Aberdeen Central","North East (Aberdeen)"
furious,56.08861098555968,-3.3073338783788495,1664970269,2729,1976,46,Male,Y,1120,Kinghorn,Fife,KY3,Fife
furious,55.02963749997343,-3.455938635928079,1664971004,2773,1957,65,Female,Y,186,"Dumfries (centre and east: Dalscone, Georgetown, Heathhall, Kingholm Quay, Noblehill, The Crichton)","Dumfries and Galloway",DG1,"Dumfries and Galloway"
furious,55.42002551523155,-4.669836649749493,1664971158,2791,1959,63,Female,Y,856,"Ayr (Centre)","South Ayrshire",KA7,Ayrshire
furious,55.91466885467984,-4.254324488592492,1664971482,2819,1956,66,Female,Y,502,Bishopbriggs,"East Dunbartonshire",G64,Glasgow
furious,55.298841130586744,-3.530419458917564,1664972030,2838,1961,61,Female,Y,189,Moffat,"Dumfries and Galloway",DG10,"Dumfries and Galloway"
furious,55.85195342481919,-3.767275709112103,1664973290,2894,1952,70,Male,Y,1209,Shotts,"North Lanarkshire",ML7,Glasgow
furious,57.03018348192749,-2.2622413887732424,1664973961,2933,1970,52,Female,Y,48,Stonehaven,Aberdeenshire,AB39,"North East (Aberdeen)"
furious,55.64976901674858,-4.588854052053021,1664974335,2956,1956,66,Male,Y,837,"Kilmarnock (north: Onthank, Townholm, Altonhill, Longpark, Beansburn, New Farm Loch, Knockinlaw, Hillhead, Crookedholm)","East Ayrshire",KA3,Ayrshire
furious,55.929912523461745,-4.112498611701287,1664974420,2963,1961,61,Female,Y,507,Kirkintilloch,"East Dunbartonshire",G66,Glasgow
furious,56.4799031623941,-2.9088321584835617,1664975663,3015,1956,66,Female,N,254,"Douglas, Dundee",Dundee,"Dundee North","Tayside and Angus (Dundee)"
furious,57.365271076080504,-4.279265056552286,1664975800,3027,1970,52,Male,N,714,"Inverness (east: Culcabock, Crown, Culduthel, Drummond, Haugh, Hilton, Holm, Lochardil, Millburn, Raigmore)",Highland,IV2,"Highlands (Inverness)"
furious,56.46274804244016,-2.9651052752457656,1664976060,3015,1956,66,Female,N,254,"Douglas, Dundee",Dundee,"Dundee North","Tayside and Angus (Dundee)"
furious,56.1328914371582,-3.5436438058208544,1664976216,3042,1969,53,Male,Y,1096,"Dunfermline (centre, north, west: Abbey Parks, Lady's Mill, Garvock, Headwell, Kingseathill, Wellwood, Milesmark, Baldridge, Pittencrieff, Baldridgeburn)",Fife,KY12,Fife
furious,55.9553041400523,-3.1881884130719196,1664976525,3055,1964,58,Female,Y,293,"Comely Bank, Edinburgh",Edinburgh,"Edinburgh North","Lothian (Edinburgh)"
furious,56.030639294127255,-3.3876097356827386,1664976910,3071,1954,68,Male,Y,1090,"Dunfermline (south and east: Halbeath, Touch, Duloch, Masterton, Pitcorthie, Abbeyview, Brucefield, Hospital Hill, Camdean, Pitreavie)",Fife,KY11,Fife
furious,55.912941651569355,-3.2080110499956977,1664978078,3111,1961,61,Male,Y,317,"Marchmont, Edinburgh",Edinburgh,"Edinburgh South","Lothian (Edinburgh)"
furious,55.939838365942606,-3.95525391997709,1664980055,3182,1958,64,Male,Y,514,"Cumbernauld (south: Condorrat, Lenziemill, Carbrain, Kildrum, Cumbernauld Village, Abronhill, Seafar)","North Lanarkshire",G67,Glasgow
furious,55.99503650451752,-3.961676462414846,1664980701,3216,1959,63,Female,N,441,Bonnybridge,Falkirk,FK4,"Stirling and Falkirk"
furious,55.93747506908475,-3.2844935453426585,1664980886,3215,1986,36,Female,Y,288,"Murrayfield, Edinburgh",Edinburgh,"Edinburgh North","Lothian (Edinburgh)"
furious,55.86637363222774,-4.293739142009694,1664981142,3238,1949,73,Male,Y,586,"Kelvinside, Glasgow",Glasgow,"Glasgow Kelvin",Glasgow
furious,55.77140181205531,-4.3505411439239605,1664981295,3245,1973,49,Female,Y,539,"Newton Mearns","East Renfrewshire",G77,Glasgow
furious,55.83713643758645,-4.358715643411168,1664981297,3235,1954,68,Male,Y,665,"Pollockshaws, Glasgow",Glasgow,"Glasgow Southwest",Glasgow
furious,55.661927013473296,-4.593639046958462,1664982037,3273,1961,61,Male,Y,838,Kilmaurs,"East Ayrshire",KA3,Ayrshire
furious,55.681390029698846,-2.6879186637577406,1664982127,3275,1981,41,Other,Y,1442,Earlston,"Scottish Borders",TD4,Borders
furious,60.34798048999781,-1.270107927343008,1664982717,3293,1980,42,Female,Y,1555,Hamnavoe,"Shetland Isles",ZE2,"Shetland Islands"
furious,55.86161735965935,-4.363453912588761,1664985538,3405,1948,74,Female,N,672,"Govan, Glasgow",Glasgow,"Glasgow Southwest",Glasgow
furious,55.903479698149916,-3.209210109086772,1664985593,3410,1966,56,Female,Y,314,"Morningside, Edinburgh",Edinburgh,"Edinburgh South","Lothian (Edinburgh)"
furious,55.898248936231795,-4.647441963631359,1664985617,3413,1969,53,Male,Y,1227,Kilmacolm,Inverclyde,PA13,Glasgow
furious,57.07887616599028,-2.588269037364566,1664987138,3466,2003,19,Other,School,22,Banchory,Aberdeenshire,AB31,"North East (Aberdeen)"
furious,55.245097917991814,-3.5248363289494007,1664988951,3525,1981,41,Male,Y,196,Lockerbie,"Dumfries and Galloway",DG11,"Dumfries and Galloway"
furious,57.23893277814794,-2.682157708146641,1664991337,3604,1957,65,Female,N,29,Alford,Aberdeenshire,AB33,"North East (Aberdeen)"
furious,56.516409185288445,-2.760935778764285,1664995042,3744,1967,55,Female,Y,178,Carnoustie,Angus,DD7,"Tayside and Angus (Dundee)"
furious,55.90626426149652,-4.742243131648539,1664996090,1201,1967,55,Male,Y,1231,"Greenock (west: Bow Farm, Braeside, Branchton, Fort Matilda, Gateside, Greenock West, Overton, Pennyfern, Smithston)",Inverclyde,PA16,Glasgow
furious,55.906103121370165,-4.87105030870098,1664996095,3785,1939,83,Female,Y,1231,"Greenock (west: Bow Farm, Braeside, Branchton, Fort Matilda, Gateside, Greenock West, Overton, Pennyfern, Smithston)",Inverclyde,PA16,Glasgow
furious,57.122820660949664,-2.232316970554782,1664998795,3909,1973,49,Male,Y,128,"Mannofield, Aberdeen",Aberdeen,"Aberdeen Southwest","North East (Aberdeen)"
furious,55.95154841625154,-4.023146213247066,1664998799,3818,1972,50,Female,N,517,"Cumbernauld (north: Balloch, Eastfield, Carrickstone, Smithstone, Blackwood, Westfield)","North Lanarkshire",G68,Glasgow
furious,57.21494366207471,-2.2935201319083816,1664999264,3930,1976,46,Female,Y,112,"Dyce, Aberdeen",Aberdeen,"Aberdeen North","North East (Aberdeen)"
furious,55.77932237558428,-4.179847487615263,1664999748,3943,1966,56,Female,Y,530,"East Kilbride (north: The Village, East Mains, West Mains, Lymekilns, St Leonards, Calderwood, Nerston, Stewartfield, Peel Park)","South Lanarkshire",G74,Glasgow
furious,56.05501635572758,-3.916148245501241,1664999986,3953,1984,38,Male,Y,452,Denny,Falkirk,FK6,"Stirling and Falkirk"
furious,56.16013102092826,-3.970901745753537,1665000385,3970,1980,42,Male,Y,479,"Stirling (north: Causewayhead, Cornton)",Stirlingshire,FK9,"Stirling and Falkirk"
furious,56.13141280603915,-3.631396105815586,1665001282,3997,1976,46,Female,Y,397,Dollar,Clackmannanshire,FK14,"Stirling and Falkirk"
furious,56.21925039152444,-3.2236121490264615,1665002094,3623,1949,73,Female,N,1130,Leslie,Fife,KY6,Fife
furious,55.916278121327586,-4.386772525613368,1665006260,4204,1972,50,Female,Y,644,"Partick, Glasgow",Glasgow,"Glasgow Northwest",Glasgow
furious,55.91679916932583,-4.359709322722741,1665006753,4221,1963,59,Male,Y,641,"Knightswood, Glasgow",Glasgow,"Glasgow Northwest",Glasgow
furious,55.455566527460505,-4.540989692823695,1665006930,4232,1977,45,Female,Y,851,Coylton,"South Ayrshire",KA6,Ayrshire
furious,57.82468305781965,-4.013990675899205,1665006956,4240,1964,58,Male,Y,711,Tain,Highland,IV19,"Highlands (Inverness)"
furious,57.130145085664495,-2.458520853394531,1665007453,4255,1976,46,Male,Y,28,Westhill,Aberdeenshire,AB32,"North East (Aberdeen)"
furious,55.94748832146705,-3.0049738225532434,1665008184,4280,1998,24,Female,Y,330,Musselburgh,"East Lothian",EH21,"Lothian (Edinburgh)"
furious,55.92611680575025,-4.243767348016056,1665008507,4286,1970,52,Female,N,502,Bishopbriggs,"East Dunbartonshire",G64,Glasgow
furious,55.94352759183957,-3.224435794548851,1665009252,4295,1967,55,Female,Y,270,"Meadows and Southside, Edinburgh",Edinburgh,"Edinburgh Central","Lothian (Edinburgh)"
furious,55.87895460409325,-3.1993801592788316,1665010103,4322,1981,41,Female,Y,313,"Colinton, Edinburgh",Edinburgh,"Edinburgh South","Lothian (Edinburgh)"
furious,56.782290462132615,-5.351316912164298,1665010555,4326,1947,75,Male,Y,1377,"Fort William",Highland,PH33,"Highlands (Inverness)"
furious,55.94643911231121,-3.252826870207517,1665010584,4330,1977,45,Female,Y,292,"Craigleith, Edinburgh",Edinburgh,"Edinburgh North","Lothian (Edinburgh)"
furious,55.955694747120525,-3.17374177253652,1665010881,4334,1950,72,Male,Y,289,"Newhaven, Edinburgh",Edinburgh,"Edinburgh North","Lothian (Edinburgh)"
furious,57.88394450017399,-4.8234969314907135,1665012444,4357,1945,77,Male,Y,729,Lairg,Highland,IV27,"Highlands (Inverness)"
furious,55.62767881765406,-3.230735330281831,1665029984,4431,1950,72,Female,Y,362,Peebles,"Scottish Borders",EH45,Borders
furious,55.96275547820343,-3.697814364576322,1665031936,4432,1965,57,Female,N,430,Brightons,Falkirk,FK2,"Stirling and Falkirk"
furious,55.771234102030746,-4.078335563073719,1665034877,4446,1956,66,Female,Y,1183,Hamilton,"South Lanarkshire",ML3,Glasgow
furious,55.81065890828515,-4.097536167700996,1665035194,4451,1982,40,Female,Y,529,Cambuslang,"South Lanarkshire",G72,Glasgow
furious,55.94174467718055,-3.9304395230726183,1665042736,4516,1973,49,Male,Y,514,"Cumbernauld (south: Condorrat, Lenziemill, Carbrain, Kildrum, Cumbernauld Village, Abronhill, Seafar)","North Lanarkshire",G67,Glasgow
furious,56.462043999631206,-2.985394453145392,1665044653,4535,1949,73,Female,Y,243,"Hilltown, Dundee",Dundee,"Dundee Central","Tayside and Angus (Dundee)"
furious,56.454246489568824,-2.9933690454051045,1665055790,4647,2004,18,Other,Y,260,"City centre, Dundee",Dundee,"Dundee West","Tayside and Angus (Dundee)"
furious,56.40802826545166,-3.4395200066759744,1665056161,4666,1979,43,Male,Y,1313,"Perth (north and west: Burghmuir, Cherrybank, Hillyland, Inveralmond, Lethom, Muirton, North Muirton, Tulloch)","Perth and Kinross",PH1,Fife
furious,56.49604231004515,-2.9514117059206573,1665064253,4711,1963,59,Female,N,250,"Downfield, Dundee",Dundee,"Dundee North","Tayside and Angus (Dundee)"
furious,56.0272565829147,-4.4271861434627136,1665075275,4761,1967,55,Female,N,499,Killearn,Stirlingshire,G63,"Stirling and Falkirk"
furious,58.56700062271204,-3.4731134289094188,1665075616,4755,1992,30,Male,Y,961,Thurso,Highland,KW14,"Highlands (Inverness)"
furious,57.61852795322303,-2.3215289104627974,1665082538,4811,1988,34,Male,Y,78,Turriff,Aberdeenshire,AB53,"North East (Aberdeen)"
furious,55.988814839134285,-4.20355271868124,1665082915,4824,1969,53,Female,Y,507,Kirkintilloch,"East Dunbartonshire",G66,Glasgow
furious,55.85849543532361,-3.2377616018156563,1665083757,4855,1972,50,Male,Y,343,Penicuik,Midlothian,EH26,"Lothian (Edinburgh)"
furious,55.30557978992027,-4.0931229240608324,1665085585,4889,2000,22,Male,Y,220,"Castle Douglas","Dumfries and Galloway",DG7,"Dumfries and Galloway"
furious,55.89465728776297,-4.350480991594555,1665088024,4945,2003,19,Female,Y,641,"Knightswood, Glasgow",Glasgow,"Glasgow Northwest",Glasgow
furious,56.0966479670736,-3.978045712165536,1665090215,4987,1966,56,Female,Y,464,"Stirling (south and east: Braehead, Borestone, Broomridge, Torbrex)",Stirlingshire,FK7,"Stirling and Falkirk"
furious,55.89273068721206,-3.834015803272962,1665090451,4990,1973,49,Female,Y,1192,Airdrie,"North Lanarkshire",ML6,Glasgow
furious,55.95290124809684,-3.1450296746635797,1665097869,5078,1977,45,Male,Y,281,"Portobello, Edinburgh",Edinburgh,"Edinburgh Duddingston","Lothian (Edinburgh)"
furious,57.185619752938216,-4.443943356610976,1665130575,5145,1992,30,Female,Y,713,Culloden,Highland,IV2,"Highlands (Inverness)"
furious,55.928730721596295,-4.383540356172827,1665134490,4606,1946,76,Female,N,545,Hardgate,"West Dunbartonshire",G81,Glasgow
furious,55.797449066133446,-4.319269858540539,1665144621,5241,1955,67,Female,Y,650,"Newlands, Glasgow",Glasgow,"Glasgow South",Glasgow
furious,55.97236499873166,-4.589056486678306,1665153700,5275,1962,60,Female,Y,549,Dumbarton,"West Dunbartonshire",G82,Glasgow
furious,55.86691381439351,-3.3338233897518004,1665157793,5300,1995,27,Female,Y,318,"The Grange, Edinburgh",Edinburgh,"Edinburgh South","Lothian (Edinburgh)"
furious,55.56139379922411,-4.618372384310895,1665159080,5303,1961,61,Female,N,782,Loans,"South Ayrshire",KA10,Ayrshire
furious,55.94923116602832,-4.769175470480155,1665162633,5313,1961,61,Female,N,1231,"Greenock (west: Bow Farm, Braeside, Branchton, Fort Matilda, Gateside, Greenock West, Overton, Pennyfern, Smithston)",Inverclyde,PA16,Glasgow
furious,55.87261548923794,-3.338692423159025,1665162811,5316,1954,68,Male,Y,316,"Bruntsfield, Edinburgh",Edinburgh,"Edinburgh South","Lothian (Edinburgh)"
furious,58.5874287174967,-3.1901605863064986,1665169439,5331,1952,70,Male,Y,899,Wick,Highland,KW1,"Highlands (Inverness)"
furious,56.32674987896738,-3.2812566324683994,1665170837,5342,2005,17,Other,N,1354,"Perth (south and east: Barnhill, Bridgend, Craigie, Kincarrathie, Upper Craigie)","Perth and Kinross",PH2,Fife
furious,58.21240167545832,-6.3798468781334785,1665171426,5345,1957,65,Female,N,686,"Stornoway, Isle of Lewis","Western Isles",HS1,"Western Isles"
furious,56.260962004829594,-2.7681157349904515,1665178505,5370,1979,43,Female,Y,1086,Anstruther,Fife,KY10,Fife
furious,55.390552499087065,-2.3647368483208417,1665239485,5446,1970,52,Female,Y,1486,Jedburgh,"Scottish Borders",TD8,Borders
furious,56.56807270202732,-3.00024664717189,1665258511,5472,1957,65,Female,Y,179,Forfar,Angus,DD8,"Tayside and Angus (Dundee)"
furious,58.32892716244685,-6.252230554494407,1665262368,5478,1990,32,Female,Y,688,"Isle of Lewis","Western Isles (outside of Stornoway)",HS2,"Western Isles"
furious,55.47644116184112,-4.58839624028342,1665297213,5494,1949,73,Female,N,868,"Newton on Ayr","South Ayrshire",KA8,Ayrshire
furious,55.958772775312255,-3.2682710441517138,1665303937,5503,1975,47,Female,Y,297,"Blackhall, Edinburgh",Edinburgh,"Edinburgh North","Lothian (Edinburgh)"
furious,57.12977063691588,-2.43048237424082,1665343303,5555,1972,50,Female,N,28,Westhill,Aberdeenshire,AB32,"North East (Aberdeen)"
furious,57.66386830190596,-7.283624611453914,1665388352,5580,1977,45,Male,Y,693,"Isle of North Uist","Western Isles",HS6,"Western Isles"
furious,56.48092147697613,-2.894756240339921,1665391603,5307,1972,50,Male,Y,255,"Fintry, Dundee",Dundee,"Dundee North","Tayside and Angus (Dundee)"
furious,55.82528456243835,-4.2436652096750045,1665396479,5596,1963,59,Female,N,652,"King's Park, Glasgow",Glasgow,"Glasgow South",Glasgow
furious,55.937402672881504,-3.2334056485127003,1665413393,5602,1963,59,Female,Y,316,"Bruntsfield, Edinburgh",Edinburgh,"Edinburgh South","Lothian (Edinburgh)"
furious,56.02419222450892,-3.695934519751115,1665417829,5607,1971,51,Female,Y,439,Grangemouth,Falkirk,FK3,"Stirling and Falkirk"
furious,55.8729230939802,-4.136199247837006,1665434107,5620,1959,63,Other,Y,634,"Maryhill, Glasgow",Glasgow,"Glasgow Northeast",Glasgow
furious,55.49240366446614,-3.5552289933003753,1665487248,5652,1970,52,Female,Y,1170,Biggar,"South Lanarkshire",ML12,Glasgow
furious,55.855036889793254,-4.345031997962256,1665845590,5868,1959,63,Female,N,680,"Crookston, Glasgow",Glasgow,"Glasgow Southwest",Glasgow
furious,56.851297984237384,-2.2929238609248976,1666011558,5922,1964,58,Female,Y,140,Montrose,Angus,DD10,"Tayside and Angus (Dundee)"
furious,55.875273922111106,-3.9809041346211846,1666044427,5933,1982,40,Male,Y,1192,Airdrie,"North Lanarkshire",ML6,Glasgow
furious,56.58964775149526,-2.654612572589487,1666734280,6011,1947,75,Female,N,141,Arbroath,Angus,DD11,"Tayside and Angus (Dundee)"
furious,57.66743940776698,-3.4454182575407826,1667068954,6026,1978,44,Female,Y,737,Elgin,Moray,IV30,"North East (Aberdeen)"
furious,56.49337342026028,-2.9381896140264074,1667232486,6046,1949,73,Male,Y,254,"Douglas, Dundee",Dundee,"Dundee North","Tayside and Angus (Dundee)"
furious,55.80369813229857,-4.257845710944446,1667320028,6057,1996,26,Female,Y,654,"Muirend, Glasgow",Glasgow,"Glasgow South",Glasgow
furious,56.48048585377643,-2.8847459774054385,1667753157,6076,1960,62,Female,N,256,"Whitfield, Dundee",Dundee,"Dundee North","Tayside and Angus (Dundee)"
furious,55.95111543647767,-3.228162081591195,1675695315,6215,2009,14,Female,School,294,"Stockbridge, Edinburgh",Edinburgh,"Edinburgh North","Lothian (Edinburgh)"
furious,55.95441756317311,-3.296455340001236,1675696214,6223,2009,14,Male,School,278,"Granton, Edinburgh",Edinburgh,"Edinburgh Clermiston Granton","Lothian (Edinburgh)"
furious,56.13345607404872,-4.290200722124059,1675947390,6228,1989,34,Female,Y,473,"Stirling (centre and west: Kings Park, Raploch, Riverside)",Stirlingshire,FK8,"Stirling and Falkirk"
furious,55.836937431532995,-4.138059366088589,1678106558,6318,1939,84,Other,School,603,"Carntyne, Glasgow",Glasgow,"Glasgow Northeast",Glasgow
furious,57.47246940416495,-4.338993899452445,1678189544,6322,1987,36,Male,Y,736,"Inverness (west: Ballifeary, Balnafettack, Clachnaharry, Dalneigh, Kinmylies, Leachkin, Merkinch, Muirtown, South Kessock)",Highland,IV3,"Highlands (Inverness)"
furious,56.22032175195548,-3.1164852489585493,1679056266,6369,2009,14,Female,School,1133,"Glenrothes (centre and east: Pitteuchar, Finglassie, Stenton, Auchmuty, Pitcoudie, Balfarg, Pircairn, Collydean)",Fife,KY7,Fife
furious,55.86990857418756,-3.3203902503345204,1679078666,6403,1974,49,Female,Y,313,"Colinton, Edinburgh",Edinburgh,"Edinburgh South","Lothian (Edinburgh)"
furious,56.459625998590816,-3.0198237487080006,1679676484,6418,1998,25,Female,Y,261,"Westend, Dundee",Dundee,"Dundee West","Tayside and Angus (Dundee)"
furious,55.950417897522,-4.505780685468857,1682166540,6442,1994,29,Female,Y,549,Dumbarton,"West Dunbartonshire",G82,Glasgow
furious,57.664138554620536,-2.7671551808981847,1682631342,6451,1967,56,Female,Y,91,Cullen,Moray,AB56,"North East (Aberdeen)"
furious,55.79815640793873,-4.335022087597095,1686577055,6509,2007,16,Male,N,682,"Darnley, Glasgow",Glasgow,"Glasgow Southwest",Glasgow
furious,55.83495380374938,-4.141819137283481,1686577105,6525,2006,17,Male,School,617,"Dalmarnock, Glasgow",Glasgow,"Glasgow Northeast",Glasgow
furious,55.8309083825417,-4.201428175859811,1686577162,6515,2007,16,Male,N,625,"Parkhead, Glasgow",Glasgow,"Glasgow Northeast",Glasgow
furious,55.88933679232665,-4.2509690092144945,1686577235,6529,2007,16,Male,School,615,"Bridgeton, Glasgow",Glasgow,"Glasgow Northeast",Glasgow
furious,55.86751661136822,-4.255654085087196,1686577389,6520,2006,17,Female,N,580,"Anderston, Glasgow",Glasgow,"Glasgow City Centre",Glasgow
furious,55.85315576308189,-4.155551150178555,1686593082,6537,2008,15,Female,School,615,"Bridgeton, Glasgow",Glasgow,"Glasgow Northeast",Glasgow
furious,55.862829593130385,-4.127931610860135,1686913276,6545,2006,17,Female,School,615,"Bridgeton, Glasgow",Glasgow,"Glasgow Northeast",Glasgow
furious,55.904640672442625,-4.300140079510773,1686921172,6561,2007,16,Other,School,617,"Dalmarnock, Glasgow",Glasgow,"Glasgow Northeast",Glasgow
furious,55.840350804552045,-4.1085779213015385,1686921206,6563,2007,16,Male,School,619,"Tollcross, Glasgow",Glasgow,"Glasgow Northeast",Glasgow
furious,57.16917319109482,-2.1064925681809914,1702420340,6660,1996,27,Male,Y,96,"Summerhill, Aberdeen",Aberdeen,"Aberdeen Central","North East (Aberdeen)"
furious,56.36494963776615,-3.84704109391033,1706879685,6735,1957,67,Female,Y,1402,Crieff,"Perth and Kinross",PH7,Fife
furious,55.942847534806596,-3.2445462984467426,1709035480,6856,2005,19,Male,Y,294,"Stockbridge, Edinburgh",Edinburgh,"Edinburgh North","Lothian (Edinburgh)"
furious,56.00189001228937,-4.082499822604604,1730398054,7001,1944,80,Male,Y,506,Kilsyth,"North Lanarkshire",G65,Glasgow
furious,55.00761304325269,-3.4476975673922596,1730411765,7011,1971,53,Female,Y,186,"Dumfries (centre and east: Dalscone, Georgetown, Heathhall, Kingholm Quay, Noblehill, The Crichton)","Dumfries and Galloway",DG1,"Dumfries and Galloway"
furious,55.925589032459584,-4.2189519513402765,1730413495,7012,1956,68,Female,Y,502,Bishopbriggs,"East Dunbartonshire",G64,Glasgow
furious,55.479790046383464,-4.603698480304878,1730466570,7039,1954,70,Female,Y,868,"Newton on Ayr","South Ayrshire",KA8,Ayrshire
furious,55.851240384709385,-3.3317190250700914,1730475100,7046,1947,77,Male,Y,316,"Bruntsfield, Edinburgh",Edinburgh,"Edinburgh South","Lothian (Edinburgh)"
furious,57.116164852065275,-2.3642879905439926,1730618711,7064,2010,14,Male,School,28,Westhill,Aberdeenshire,AB32,"North East (Aberdeen)"
furious,58.55825616000345,-3.273080126350036,1730621409,7065,1960,64,Female,Y,899,Wick,Highland,KW1,"Highlands (Inverness)"
furious,56.456820949880495,-2.9870472458539257,1731187311,7091,1953,71,Female,Y,261,"Westend, Dundee",Dundee,"Dundee West","Tayside and Angus (Dundee)"
furious,57.1141737343775,-2.2746264442731055,1731344047,7093,1955,69,Male,Y,133,"Bieldside, Aberdeen",Aberdeen,"Aberdeen Southwest","North East (Aberdeen)"
furious,55.96691437791923,-4.498709444629808,1733691110,7131,1962,62,Female,Y,549,Dumbarton,"West Dunbartonshire",G82,Glasgow
furious,56.48065215573679,-3.0501542119312353,1733782357,7152,1949,75,Male,Y,245,"Law, Dundee",Dundee,"Dundee Central","Tayside and Angus (Dundee)"
furious,55.760828306801216,-4.694673400348678,1733841608,7159,1955,69,Female,Y,817,Kilbirnie,"North Ayrshire",KA25,Ayrshire
furious,55.88266621662458,-4.354099154024357,1733997876,7180,1944,80,Female,N,638,"Drumchapel, Glasgow",Glasgow,"Glasgow Northwest",Glasgow
furious,56.48228660612878,-2.9946141219658555,1734024679,7184,1961,63,Male,N,232,"Craigiebank, Dundee",Dundee,"Dundee Bluebelt","Tayside and Angus (Dundee)"
furious,55.938417639976194,-4.346793673644914,1734026059,7186,1943,81,Male,Y,489,Milngavie,"East Dunbartonshire",G62,Glasgow
furious,55.857951071813616,-4.291677154163728,1734110637,7187,1945,79,Male,Y,661,"Govanhill, Glasgow",Glasgow,"Glasgow Southwest",Glasgow
furious,56.12717264574738,-3.142231871262664,1734125093,7190,1950,74,Male,Y,1079,"Kirkcaldy (east: Linktown, Port Brae, Pathhead, Sinclairtown, Smeaton, Gallatown)",Fife,KY1,Fife
furious,59.261025897825135,-2.538636902750645,1734216036,7198,1962,62,Female,Y,1025,"Orkney Islands",Orkney,KW17,"Orkney Islands"
furious,56.278838782181346,-3.874810469100188,1737379868,7261,1977,48,Male,Y,405,Dunblane,Stirlingshire,FK15,"Stirling and Falkirk"
furious,56.46368421594768,-3.05942779199429,1737403726,7262,2000,25,Other,Y,261,"Westend, Dundee",Dundee,"Dundee West","Tayside and Angus (Dundee)"
furious,57.736633547311044,-4.53052523990461,1739444732,7304,2011,14,Female,School,707,Alness,Highland,IV17,"Highlands (Inverness)"
furious,55.966794129258076,-3.2302160269415396,1739523828,7318,2012,13,Male,School,298,"Inverleith, Edinburgh",Edinburgh,"Edinburgh North","Lothian (Edinburgh)"
furious,57.48874457088193,-6.536593863222197,1740179567,7323,1956,69,Female,Y,768,"Dunvegan, Isle of Skye",Highland,IV55,"Highlands (Inverness)"
furious,57.59773110327287,-3.6218081726442275,1744569901,7360,1985,40,Female,Y,740,Forres,Moray,IV36,"North East (Aberdeen)"
furious,55.9383273379387,-3.2627970147900878,1758981496,7400,2005,20,Male,Y,294,"Stockbridge, Edinburgh",Edinburgh,"Edinburgh North","Lothian (Edinburgh)"
furious,56.06617280881047,-3.324003670693364,1765742004,7442,2012,13,Male,School,1119,Burntisland,Fife,KY3,Fife
furious,55.90353566337163,-4.362864434386456,1766626946,7445,2008,17,Male,School,641,"Knightswood, Glasgow",Glasgow,"Glasgow Northwest",Glasgow
