answer,lat,lng,submitted,pid,born,age,gender,uni,lid,location,county,area,region
crying,55.94544716322147,-4.344982762609995,1653842794,10,1995,27,Female,Y,489,Milngavie,"East Dunbartonshire",G62,Glasgow
crying,55.80739004809998,-4.058072280364215,1653844809,17,1965,57,Female,Y,526,Viewpark,"North Lanarkshire",G71,Glasgow
crying,55.8838876206663,-4.3342706809228,1653856367,40,2002,20,Female,Y,590,"Hyndland, Glasgow",Glasgow,"Glasgow Kelvin",Glasgow
crying,55.81823081090858,-4.455093262916758,1653857044,45,1980,42,Female,Y,1236,"Paisley (south: Blackhall, Castlehead, Dykebar, Foxbar, Hunterhill, Meikleriggs)",Renfrewshire,PA2,Glasgow
crying,56.47597797457635,-2.8541029100407025,1653859974,52,1958,64,Female,N,247,"Broughty Ferry, Dundee",Dundee,"Dundee East","Tayside and Angus (Dundee)"
crying,57.49791875358805,-5.516645206773891,1653860402,55,1975,47,Female,Y,767,Applecross,Highland,IV54,"Highlands (Inverness)"
crying,56.08920692716637,-4.813575914391831,1653862307,59,1973,49,Female,Y,565,Garelochhead,"Argyll and Bute",G84,"Argyll and Bute"
crying,56.026567554897944,-2.850466356408215,1653862884,60,1978,44,Other,N,348,Prestonpans,"East Lothian",EH32,"Lothian (Edinburgh)"
crying,55.82095519638465,-4.292995008297675,1653864119,63,1962,60,Female,Y,658,"Giffnock, Glasgow",Glasgow,"Glasgow South",Glasgow
crying,56.123350247709034,-3.694606260658937,1653866342,67,1985,37,Female,Y,386,Clackmannan,Clackmannanshire,FK10,"Stirling and Falkirk"
crying,55.944203842140666,-3.1312290687242914,1653885862,75,1986,36,Female,Y,280,"Duddingston, Edinburgh",Edinburgh,"Edinburgh Duddingston","Lothian (Edinburgh)"
crying,56.0056213982032,-3.657392944328658,1653891921,81,1963,59,Female,Y,370,Bo'ness,Falkirk,EH51,"Lothian (Edinburgh)"
crying,55.88454150491354,-4.292792352632509,1653899697,94,1964,58,Male,Y,587,"Jordanhill, Glasgow",Glasgow,"Glasgow Kelvin",Glasgow
crying,55.837472562468044,-4.458438889235416,1653901049,97,1972,50,Male,Y,1236,"Paisley (south: Blackhall, Castlehead, Dykebar, Foxbar, Hunterhill, Meikleriggs)",Renfrewshire,PA2,Glasgow
crying,55.942457640170375,-3.2378885942496223,1653906439,108,1984,38,Male,Y,294,"Stockbridge, Edinburgh",Edinburgh,"Edinburgh North","Lothian (Edinburgh)"
crying,57.15473139001763,-2.1828571561389487,1653909756,114,1997,25,Female,Y,107,"Rosemount, Aberdeen",Aberdeen,"Aberdeen Central","North East (Aberdeen)"
crying,55.77294158056977,-3.8743233501041665,1653910012,115,1966,56,Female,Y,1180,Wishaw,"North Lanarkshire",ML2,Glasgow
crying,55.967647119074584,-3.206030502373236,1653910813,112,1988,34,Female,Y,293,"Comely Bank, Edinburgh",Edinburgh,"Edinburgh North","Lothian (Edinburgh)"
crying,55.965175597540615,-3.2022135229924347,1653911330,118,1988,34,Female,N,299,"Broughton, Edinburgh",Edinburgh,"Edinburgh North","Lothian (Edinburgh)"
crying,57.21632999892139,-2.11402393889797,1653914613,122,1955,67,Female,Y,124,Newmachar,Aberdeenshire,"Aberdeen North","North East (Aberdeen)"
crying,55.82573050139065,-4.770910364967192,1653924539,127,1989,33,Female,Y,842,Largs,"North Ayrshire",KA30,Ayrshire
crying,55.91118334534316,-4.467309502584276,1653925942,129,1986,36,Female,Y,1306,Erskine,Renfrewshire,PA8,Glasgow
crying,55.60285792042203,-3.1685239077774647,1653934658,143,1970,52,Male,N,362,Peebles,"Scottish Borders",EH45,Borders
crying,57.68229939509846,-3.452506437306705,1653973218,159,1983,39,Male,Y,737,Elgin,Moray,IV30,"North East (Aberdeen)"
crying,55.86676957477483,-4.292793161324963,1654057637,166,1978,44,Female,Y,585,"Kelvindale, Glasgow",Glasgow,"Glasgow Kelvin",Glasgow
crying,57.52903553040164,-3.6535120439636604,1654124012,170,2000,22,Male,Y,740,Forres,Moray,IV36,"North East (Aberdeen)"
crying,55.735524599728436,-4.009514405385975,1654169026,173,1972,50,Female,Y,1183,Hamilton,"South Lanarkshire",ML3,Glasgow
crying,55.768128372924565,-3.850953002261588,1654213971,175,2005,17,Male,School,1180,Wishaw,"North Lanarkshire",ML2,Glasgow
crying,55.607834773789456,-4.672706279765611,1654289683,179,1972,50,Male,Y,787,"Irvine (centre: Castlepark, Tarryholme)","North Ayrshire",KA12,Ayrshire
crying,0,0,1654513203,65,1986,36,Female,Y,264,"Slateford, Edinburgh",Edinburgh,"Edinburgh Central","Lothian (Edinburgh)"
crying,0,0,1654767324,65,1986,36,Female,Y,264,"Slateford, Edinburgh",Edinburgh,"Edinburgh Central","Lothian (Edinburgh)"
crying,0,0,1654785062,65,1986,36,Female,Y,264,"Slateford, Edinburgh",Edinburgh,"Edinburgh Central","Lothian (Edinburgh)"
crying,57.653950900663844,-2.9679176940766134,1655212997,230,2006,16,Male,N,90,Buckie,Moray,AB56,"North East (Aberdeen)"
crying,57.66053843260851,-2.9139056749064376,1655214600,218,2006,16,Male,School,90,Buckie,Moray,AB56,"North East (Aberdeen)"
crying,57.68732346559455,-2.904736630993092,1655214640,223,2006,16,Male,N,94,Portgordon,Moray,AB56,"North East (Aberdeen)"
crying,57.61702844917314,-2.8232526928979023,1655214689,219,2006,16,Male,N,90,Buckie,Moray,AB56,"North East (Aberdeen)"
crying,57.66085792887967,-3.011967000437324,1655214770,233,2005,17,Female,School,90,Buckie,Moray,AB56,"North East (Aberdeen)"
crying,57.610916271546344,-2.8515573836900554,1655214812,224,2006,16,Male,School,94,Portgordon,Moray,AB56,"North East (Aberdeen)"
crying,57.66658310584331,-2.937889476104835,1655215008,229,2006,16,Female,N,90,Buckie,Moray,AB56,"North East (Aberdeen)"
crying,57.700110475428865,-2.8886972315305406,1655290657,246,2008,14,Male,School,90,Buckie,Moray,AB56,"North East (Aberdeen)"
crying,57.651678211470134,-3.0201910995227363,1655290686,247,2008,14,Female,School,95,Portknockie,Moray,AB56,"North East (Aberdeen)"
crying,57.682657971755994,-2.8253762802163274,1655290698,252,2007,15,Other,N,90,Buckie,Moray,AB56,"North East (Aberdeen)"
crying,57.63271675765393,-2.8556168937745126,1655290699,243,2008,14,Male,School,90,Buckie,Moray,AB56,"North East (Aberdeen)"
crying,57.68797114983522,-2.891269393001257,1655290745,250,2009,13,Female,School,90,Buckie,Moray,AB56,"North East (Aberdeen)"
crying,57.62941935296675,-3.0219525853231617,1655290747,255,2008,14,Male,School,90,Buckie,Moray,AB56,"North East (Aberdeen)"
crying,57.61727913931984,-2.8724872965850645,1655290784,240,2008,14,Male,School,90,Buckie,Moray,AB56,"North East (Aberdeen)"
crying,57.64117919287579,-2.8920861305393952,1655293133,261,2005,17,Male,School,90,Buckie,Moray,AB56,"North East (Aberdeen)"
crying,57.64609942430226,-2.99533678547009,1655293154,264,2006,16,Female,School,90,Buckie,Moray,AB56,"North East (Aberdeen)"
crying,57.61870405838172,-2.9126317101168206,1655293201,271,2006,16,Female,School,90,Buckie,Moray,AB56,"North East (Aberdeen)"
crying,57.635775943407374,-2.8157097491844105,1655293210,269,2006,16,Female,School,90,Buckie,Moray,AB56,"North East (Aberdeen)"
crying,57.65458872681548,-2.9952373282114486,1655293267,270,2006,16,Male,N,90,Buckie,Moray,AB56,"North East (Aberdeen)"
crying,57.41922576648077,-3.099521826965562,1655293283,274,2006,16,Female,N,88,Keith, Moray,AB55,"North East (Aberdeen)"
crying,57.66691104742805,-2.781159023870486,1655293312,275,2006,16,Male,School,94,Portgordon,Moray,AB56,"North East (Aberdeen)"
crying,57.67581163996512,-2.7990133390905307,1655293354,278,2006,16,Male,N,91,Cullen,Moray,AB56,"North East (Aberdeen)"
crying,57.61163742464081,-2.976978780341207,1655299357,288,2006,16,Female,School,93,Portessie,Moray,AB56,"North East (Aberdeen)"
crying,57.62670181696254,-2.9211488007730986,1655299357,285,2006,16,Female,School,91,Cullen,Moray,AB56,"North East (Aberdeen)"
crying,57.69839814151315,-2.898585029149102,1655299390,291,2006,16,Male,School,90,Buckie,Moray,AB56,"North East (Aberdeen)"
crying,57.63617285848873,-2.975254760303074,1655299565,296,2006,16,Female,School,90,Buckie,Moray,AB56,"North East (Aberdeen)"
crying,57.63910366865828,-2.8992720271550665,1655299681,293,2006,16,Male,School,90,Buckie,Moray,AB56,"North East (Aberdeen)"
crying,0,0,1655819970,65,1986,36,Female,Y,264,"Slateford, Edinburgh",Edinburgh,"Edinburgh Central","Lothian (Edinburgh)"
crying,57.53849222284613,-3.576738336529485,1655896809,305,1990,32,Male,Y,740,Forres,Moray,IV36,"North East (Aberdeen)"
crying,59.96736914672382,-1.3299527238172306,1663158217,333,2008,14,Female,School,1582,Mossbank,"Shetland Isles",ZE2,"Shetland Islands"
crying,60.327608319679165,-1.2138324936680918,1663158243,339,2008,14,Male,School,1512,Brae,"Shetland Isles",ZE2,"Shetland Islands"
crying,60.24560569094843,-1.609600796384147,1663158386,344,2008,14,Female,School,1521,Busta,"Shetland Isles",ZE2,"Shetland Islands"
crying,60.7094702276278,-0.883255610766486,1663159591,340,2008,14,Female,School,1561,Hillswick,"Shetland Isles",ZE2,"Shetland Islands"
crying,60.75474274920939,-0.8708410390425874,1663161336,364,2008,14,Other,School,1582,Mossbank,"Shetland Isles",ZE2,"Shetland Islands"
crying,60.36159337748682,-1.1111757722003994,1663161368,356,2008,14,Male,School,1621,Vidlin,"Shetland Isles",ZE2,"Shetland Islands"
crying,60.53503898979806,-1.1436755490577388,1663161452,365,2008,14,Male,School,1607,Sullom,"Shetland Isles",ZE2,"Shetland Islands"
crying,60.71664378651891,-1.018553874417732,1663162350,352,2008,14,Male,N,1584,"North Roe","Shetland Isles",ZE2,"Shetland Islands"
crying,60.08567359847456,-1.2441062236970941,1663162701,366,2008,14,Male,School,1512,Brae,"Shetland Isles",ZE2,"Shetland Islands"
crying,55.9705888270405,-3.252483214041406,1663175726,376,1976,46,Male,Y,279,"Clermiston and Drumbrae, Edinburgh",Edinburgh,"Edinburgh Clermiston Granton","Lothian (Edinburgh)"
crying,55.8567896309657,-4.304140920979953,1663176658,380,1959,63,Female,N,675,"Penilee, Glasgow",Glasgow,"Glasgow Southwest",Glasgow
crying,55.973140693113315,-3.198180828427825,1663177761,382,1993,29,Female,Y,287,"Corstorphine, Edinburgh",Edinburgh,"Edinburgh North","Lothian (Edinburgh)"
crying,55.8832898141318,-4.340609778343562,1663177885,383,1982,40,Female,Y,587,"Jordanhill, Glasgow",Glasgow,"Glasgow Kelvin",Glasgow
crying,57.51991387059667,-7.26062764728937,1663178502,386,1988,34,Female,Y,693,"Isle of North Uist","Western Isles",HS6,"Western Isles"
crying,55.77730409957762,-4.142786423337819,1663179208,390,1993,29,Female,Y,530,"East Kilbride (north: The Village, East Mains, West Mains, Lymekilns, St Leonards, Calderwood, Nerston, Stewartfield, Peel Park)","South Lanarkshire",G74,Glasgow
crying,55.92626132505231,-4.337311217749286,1663179513,392,1996,26,Female,Y,488,Bearsden,"East Dunbartonshire",G61,Glasgow
crying,55.83545616145707,-4.298087968817835,1663180468,397,1988,34,Female,Y,652,"King's Park, Glasgow",Glasgow,"Glasgow South",Glasgow
crying,55.85241481155653,-4.337842070765333,1663180769,398,1965,57,Female,N,685,"Gorbals, Glasgow",Glasgow,"Glasgow Southwest",Glasgow
crying,55.88450355328291,-4.291498705242976,1663181278,399,1996,26,Female,Y,587,"Jordanhill, Glasgow",Glasgow,"Glasgow Kelvin",Glasgow
crying,56.25458470570466,-3.482797570168695,1663182524,402,1960,62,Female,Y,1100,Scotlandwell,"Perth and Kinross",KY13,Fife
crying,56.73441275792911,-2.858383300145783,1663184252,404,1990,32,Female,Y,179,Forfar,Angus,DD8,"Tayside and Angus (Dundee)"
crying,55.85674363917304,-4.342157961655539,1663187159,405,1979,43,Female,Y,678,"Cardonald, Glasgow",Glasgow,"Glasgow Southwest",Glasgow
crying,55.84947422311966,-4.172092209685591,1663188281,406,1990,32,Female,Y,598,Rutherglen,"South Lanarkshire","Glasgow Northeast",Glasgow
crying,55.913278376148966,-4.252677489252745,1663189454,407,1969,53,Female,Y,502,Bishopbriggs,"East Dunbartonshire",G64,Glasgow
crying,55.83340501042067,-4.266028921614838,1663191260,408,1984,38,Male,N,675,"Penilee, Glasgow",Glasgow,"Glasgow Southwest",Glasgow
crying,55.831352216446824,-4.236623380855778,1663191354,408,1984,38,Male,N,675,"Penilee, Glasgow",Glasgow,"Glasgow Southwest",Glasgow
crying,55.83410374396638,-4.365360082888697,1663225515,413,1991,31,Female,Y,675,"Penilee, Glasgow",Glasgow,"Glasgow Southwest",Glasgow
crying,55.86110755788591,-3.3886681442629274,1663231851,415,1987,35,Male,Y,319,"Blackford, Edinburgh",Edinburgh,"Edinburgh South","Lothian (Edinburgh)"
crying,57.663477534181695,-4.178290167454581,1663233265,416,1986,36,Male,Y,774,"Conon Bridge",Highland,IV7,"Highlands (Inverness)"
crying,55.97534219652936,-3.705964041910184,1663239677,421,1992,30,Female,Y,425,Polmont, Falkirk,FK2,"Stirling and Falkirk"
crying,55.73039173614441,-4.159288692071101,1663248289,419,1982,40,Male,Y,534,"East Kilbride (south: Hairmyres, Westwood, The Murray, Murray East, Whitehills, Greenhill, Newlandsmuir, Gardenhall, Crosshouse, Newlands, Lindsayfield, Mossneuk)","South Lanarkshire",G75,Glasgow
crying,55.737870631726686,-4.405296097667438,1663248325,423,1983,39,Female,Y,539,"Newton Mearns","East Renfrewshire",G77,Glasgow
crying,55.86710577810886,-4.350390310680799,1663249830,424,1985,37,Male,Y,675,"Penilee, Glasgow",Glasgow,"Glasgow Southwest",Glasgow
crying,55.756030534379654,-4.3437226014620585,1663253938,426,1982,40,Female,Y,539,"Newton Mearns","East Renfrewshire",G77,Glasgow
crying,55.77744899069099,-4.414996248511511,1663844188,436,1984,38,Male,Y,540,Barrhead,"East Renfrewshire",G78,Glasgow
crying,55.37862747060682,-4.334535170505278,1664214748,437,1977,45,Female,N,798,Cumnock,"East Ayrshire",KA18,Ayrshire
crying,56.31911176533967,-4.781485048083398,1664387697,444,1989,33,Female,Y,557,Alexandria,"West Dunbartonshire",G83,"Argyll and Bute"
crying,57.582439190693336,-3.381211043613845,1664776845,451,1965,57,Female,Y,737,Elgin,Moray,IV30,"North East (Aberdeen)"
crying,55.808852441502445,-4.261056575169721,1664777419,454,1955,67,Male,Y,648,"Shawlands, Glasgow",Glasgow,"Glasgow South",Glasgow
crying,55.84284003464821,-4.3049358110781375,1664786343,456,1959,63,Male,Y,646,"Burnside, Glasgow",Glasgow,"Glasgow South",Glasgow
crying,55.45184557303464,-4.596955291502897,1664788621,460,1989,33,Male,Y,856,"Ayr (Centre)","South Ayrshire",KA7,Ayrshire
crying,55.90919986095481,-3.242442263776848,1664789541,468,1975,47,Female,Y,311,"Currie, Edinburgh",Edinburgh,"Edinburgh South","Lothian (Edinburgh)"
crying,56.36606031200902,-5.523436061244145,1664792754,484,1952,70,Male,N,1257,Oban,"Argyll and Bute",PA34,"Argyll and Bute"
crying,55.67244865525023,-4.408846642141393,1664792836,485,1947,75,Male,N,841,Stewarton,"East Ayrshire",KA3,Ayrshire
crying,55.69256580342515,-4.353096762954656,1664793908,494,1963,59,Male,Y,837,"Kilmarnock (north: Onthank, Townholm, Altonhill, Longpark, Beansburn, New Farm Loch, Knockinlaw, Hillhead, Crookedholm)","East Ayrshire",KA3,Ayrshire
crying,55.92517834768004,-3.3110815343111293,1664794776,496,1987,35,Male,Y,269,"Gorgie, Edinburgh",Edinburgh,"Edinburgh Central","Lothian (Edinburgh)"
crying,55.97676408438,-4.527638308137332,1664795062,505,1992,30,Other,Y,548,Cardross,"Argyll and Bute",G82,Glasgow
crying,55.88905601158304,-3.283512884808714,1664796414,514,1973,49,Female,Y,308,"Liberton, Edinburgh",Edinburgh,"Edinburgh South","Lothian (Edinburgh)"
crying,55.82462127365175,-4.198945480776544,1664796960,512,1941,81,Female,N,656,"Croftfoot, Glasgow",Glasgow,"Glasgow South",Glasgow
crying,55.91655214735874,-4.285474624978553,1664797350,524,1986,36,Female,Y,480,"Summerston, Glasgow",Glasgow,G23,Glasgow
crying,55.47435965020991,-4.308738414656922,1664797383,523,1963,59,Female,Y,798,Cumnock,"East Ayrshire",KA18,Ayrshire
crying,55.81237475695506,-4.277447586873665,1664799115,536,1956,66,Female,Y,647,"Pollokshields, Glasgow",Glasgow,"Glasgow South",Glasgow
crying,55.788408203952805,-4.292423575333525,1664799368,536,1956,66,Female,Y,647,"Pollokshields, Glasgow",Glasgow,"Glasgow South",Glasgow
crying,56.09618889683959,-3.724429741560985,1664800706,545,1971,51,Female,Y,390,Kincardine,Fife,FK10,"Stirling and Falkirk"
crying,56.06342838127715,-3.9124402294014375,1664800891,547,1996,26,Male,Y,464,"Stirling (south and east: Braehead, Borestone, Broomridge, Torbrex)",Stirlingshire,FK7,"Stirling and Falkirk"
crying,56.8178510962475,-3.071623643228581,1664801204,549,1976,46,Female,Y,181,Kirriemuir,Angus,DD8,"Tayside and Angus (Dundee)"
crying,56.18629586682958,-3.184044848431434,1664802008,556,1975,47,Female,Y,1130,Leslie,Fife,KY6,Fife
crying,57.80549773627881,-3.953520481613982,1664802403,557,1958,64,Male,Y,717,"Hill of Fearn",Highland,IV20,"Highlands (Inverness)"
crying,56.68519353963352,-2.550323220453801,1664802535,560,1968,54,Female,N,141,Arbroath,Angus,DD11,"Tayside and Angus (Dundee)"
crying,56.489627857279935,-3.0093259733381097,1664802605,562,1952,70,Female,N,236,"Lochee, Dundee",Dundee,"Dundee Central","Tayside and Angus (Dundee)"
crying,55.43052587677414,-2.772913423665048,1664805099,580,2000,22,Male,N,1493,Hawick,"Scottish Borders",TD9,Borders
crying,55.81609446541465,-3.903694774331771,1664805398,584,1951,71,Male,Y,1151,Motherwell,"North Lanarkshire",ML1,Glasgow
crying,55.06815284688649,-3.5160657660264665,1664805568,587,1959,63,Female,Y,186,"Dumfries (centre and east: Dalscone, Georgetown, Heathhall, Kingholm Quay, Noblehill, The Crichton)","Dumfries and Galloway",DG1,"Dumfries and Galloway"
crying,56.3903411580398,-3.6381814628391633,1664805839,589,1963,59,Female,Y,1313,"Perth (north and west: Burghmuir, Cherrybank, Hillyland, Inveralmond, Lethom, Muirton, North Muirton, Tulloch)","Perth and Kinross",PH1,Fife
crying,55.44986402999317,-4.617043900363609,1664806102,592,1959,63,Female,Y,856,"Ayr (Centre)","South Ayrshire",KA7,Ayrshire
crying,55.92955054510479,-4.2476383265746245,1664806463,569,1970,52,Female,Y,502,Bishopbriggs,"East Dunbartonshire",G64,Glasgow
crying,55.912111506524255,-4.4022029572430945,1664807670,601,1958,64,Female,Y,546,Clydebank,"West Dunbartonshire",G81,Glasgow
crying,55.990202178163635,-2.734487125180498,1664808451,603,2004,18,Male,N,355,"North Berwick","East Lothian",EH39,"Lothian (Edinburgh)"
crying,55.928123805826495,-4.368822553699264,1664813475,638,1965,57,Female,Y,488,Bearsden,"East Dunbartonshire",G61,Glasgow
crying,55.88181638789508,-6.054505740383162,1664813816,642,1981,41,Female,Y,1280,"Isle of Jura, Inner Hebrides","Argyll and Bute",PA60,"Argyll and Bute"
crying,55.81326121875706,-4.593392000540865,1664813866,643,1975,47,Male,Y,1226,Lochwinnoch,Renfrewshire,PA12,Glasgow
crying,54.90634395192332,-5.04312859720414,1664815912,654,1997,25,Male,N,231,Stranraer,"Dumfries and Galloway",DG9,"Dumfries and Galloway"
crying,55.72192898908689,-4.150153523019841,1664816130,655,1986,36,Female,Y,534,"East Kilbride (south: Hairmyres, Westwood, The Murray, Murray East, Whitehills, Greenhill, Newlandsmuir, Gardenhall, Crosshouse, Newlands, Lindsayfield, Mossneuk)","South Lanarkshire",G75,Glasgow
crying,56.33223386416354,-3.0758662471713976,1664816998,666,1986,36,Male,Y,1105,Cupar,Fife,KY15,Fife
crying,56.01934481981158,-4.524852288601678,1664818666,676,1994,28,Female,Y,553,Arrochar,"Argyll and Bute",G83,"Argyll and Bute"
crying,55.88624506066449,-4.35608192575604,1664818820,677,1978,44,Female,N,638,"Drumchapel, Glasgow",Glasgow,"Glasgow Northwest",Glasgow
crying,55.90957798761228,-3.5150736655384542,1664819066,678,2002,20,Female,Y,375,Livingston,"West Lothian",EH54,"Lothian (Edinburgh)"
crying,55.806090969174996,-4.250523220099863,1664819702,681,2002,20,Other,Y,645,Clarkston,"East Renfrewshire","Glasgow South",Glasgow
crying,55.69762113506147,-4.164738279502067,1664820397,691,1984,38,Female,Y,534,"East Kilbride (south: Hairmyres, Westwood, The Murray, Murray East, Whitehills, Greenhill, Newlandsmuir, Gardenhall, Crosshouse, Newlands, Lindsayfield, Mossneuk)","South Lanarkshire",G75,Glasgow
crying,57.05360806129349,-2.8739463723617313,1664820611,693,2001,21,Female,School,33,Aboyne,Aberdeenshire,AB34,"North East (Aberdeen)"
crying,55.79011832020863,-4.519994826374929,1664820667,680,2004,18,Female,Y,1236,"Paisley (south: Blackhall, Castlehead, Dykebar, Foxbar, Hunterhill, Meikleriggs)",Renfrewshire,PA2,Glasgow
crying,55.859681864234425,-4.433198434758257,1664820737,695,2004,18,Male,School,1249,"Paisley (north west: Ferguslie Park, Gallowhill, Gockston, Shortroods, )",Renfrewshire,PA3,Glasgow
crying,55.0293546162251,-3.4203069245538438,1664820972,697,1985,37,Male,Y,186,"Dumfries (centre and east: Dalscone, Georgetown, Heathhall, Kingholm Quay, Noblehill, The Crichton)","Dumfries and Galloway",DG1,"Dumfries and Galloway"
crying,55.891399700662845,-4.05565472664934,1664821367,702,1996,26,Male,Y,1189,Coatbridge,"North Lanarkshire",ML5,Glasgow
crying,55.81901983023717,-4.4776700584738816,1664821477,701,1981,41,Female,Y,1236,"Paisley (south: Blackhall, Castlehead, Dykebar, Foxbar, Hunterhill, Meikleriggs)",Renfrewshire,PA2,Glasgow
crying,55.88353702837908,-4.319537651721905,1664821687,707,1948,74,Female,N,589,"Partickhill, Glasgow",Glasgow,"Glasgow Kelvin",Glasgow
crying,55.823135610682804,-4.325188034452969,1664821696,708,1958,64,Female,Y,658,"Giffnock, Glasgow",Glasgow,"Glasgow South",Glasgow
crying,57.630422295400514,-4.560184669372433,1664823015,714,2004,18,Female,Y,704,Strathpeffer,Highland,IV14,"Highlands (Inverness)"
crying,57.361632679237125,-3.7402259071219506,1664823448,719,1977,45,Female,Y,1371,Grantown-On-Spey,Highland,PH26,"Highlands (Inverness)"
crying,55.87872239719278,-3.3021528786659284,1664823908,722,1991,31,Male,Y,313,"Colinton, Edinburgh",Edinburgh,"Edinburgh South","Lothian (Edinburgh)"
crying,57.50732555157847,-4.034720205711463,1664824436,723,2004,18,Female,Y,714,"Inverness (east: Culcabock, Crown, Culduthel, Drummond, Haugh, Hilton, Holm, Lochardil, Millburn, Raigmore)",Highland,IV2,"Highlands (Inverness)"
crying,56.71872755694244,-3.0955095858240487,1664824487,724,1974,48,Female,Y,181,Kirriemuir,Angus,DD8,"Tayside and Angus (Dundee)"
crying,55.89799727243067,-3.303334912138414,1664825724,730,1999,23,Female,Y,314,"Morningside, Edinburgh",Edinburgh,"Edinburgh South","Lothian (Edinburgh)"
crying,55.83560488059503,-4.558788702475335,1664826359,731,1996,26,Female,Y,1222,Kilbarchan,Renfrewshire,PA10,Glasgow
crying,58.47640144364724,-3.6097773194003295,1664828190,741,1944,78,Male,N,931,Borgie,Highland,KW14,"Highlands (Inverness)"
crying,55.66060495642733,-4.790817951402106,1664829088,743,1952,70,Female,Y,813,Ardrossan,"North Ayrshire",KA22,Ayrshire
crying,57.51865196271284,-4.2142836606691665,1664829113,746,1994,28,Female,Y,698,"North Kessock",Highland,IV1,"Highlands (Inverness)"
crying,55.92905131813013,-4.233772763896201,1664830492,757,1976,46,Female,Y,502,Bishopbriggs,"East Dunbartonshire",G64,Glasgow
crying,55.71671746414318,-4.296484633500657,1664832495,767,1988,34,Male,Y,535,Busby,"East Renfrewshire",G76,Glasgow
crying,57.68243988827472,-5.72488756114731,1664832568,770,1976,46,Female,Y,719,Gairloch,Highland,IV21,"Highlands (Inverness)"
crying,57.19032543345624,-5.874362148634797,1664833416,774,1966,56,Female,Y,759,"Broadford, Isle of Skye",Highland,IV49,"Highlands (Inverness)"
crying,57.19971032366948,-6.155613511141915,1664833653,774,1966,56,Female,Y,759,"Broadford, Isle of Skye",Highland,IV49,"Highlands (Inverness)"
crying,55.80642642338959,-4.08683622274867,1664833666,775,1977,45,Male,Y,526,Viewpark,"North Lanarkshire",G71,Glasgow
crying,55.76058616406418,-4.067006631559778,1664834374,779,2003,19,Female,Y,1183,Hamilton,"South Lanarkshire",ML3,Glasgow
crying,56.90937149332786,-5.120438801099523,1664838288,786,1967,55,Female,Y,1377,"Fort William",Highland,PH33,"Highlands (Inverness)"
crying,56.16624536587612,-4.04955113171079,1664848819,798,2004,18,Female,School,479,"Stirling (north: Causewayhead, Cornton)",Stirlingshire,FK9,"Stirling and Falkirk"
crying,55.88149442893328,-4.3011183198728675,1664864658,805,1962,60,Female,Y,586,"Kelvinside, Glasgow",Glasgow,"Glasgow Kelvin",Glasgow
crying,56.84974494730882,-3.2144969360658053,1664866089,807,1972,50,Female,Y,179,Forfar,Angus,DD8,"Tayside and Angus (Dundee)"
crying,55.8300113905626,-4.250164498661773,1664867750,816,1954,68,Male,N,672,"Govan, Glasgow",Glasgow,"Glasgow Southwest",Glasgow
crying,56.015784754967484,-5.096485228887236,1664868877,823,1964,58,Male,Y,1241,Dunoon,"Argyll and Bute",PA23,"Argyll and Bute"
crying,55.953331603163385,-3.6210349588690653,1664869240,825,1980,42,Female,Y,369,Linlithgow,"West Lothian",EH49,"Lothian (Edinburgh)"
crying,55.88072517791624,-4.8725669710413895,1664870398,830,1982,40,Male,Y,1234,"Wemyss Bay",Inverclyde,PA18,Glasgow
crying,55.8815415829044,-3.3370544836652245,1664870475,836,1998,24,Male,Y,319,"Blackford, Edinburgh",Edinburgh,"Edinburgh South","Lothian (Edinburgh)"
crying,56.46522575116186,-3.0360092555908023,1664870562,831,2004,18,Male,School,244,"Stobswell, Dundee",Dundee,"Dundee Central","Tayside and Angus (Dundee)"
crying,55.99845949201431,-3.64747941568188,1664870653,845,1998,24,Male,Y,369,Linlithgow,"West Lothian",EH49,"Lothian (Edinburgh)"
crying,56.72661483797121,-5.085479318741039,1664870936,857,1960,62,Female,Y,1377,"Fort William",Highland,PH33,"Highlands (Inverness)"
crying,55.933666267505394,-4.216687726474342,1664871062,861,1990,32,Male,Y,503,Torrance,"East Dunbartonshire",G64,Glasgow
crying,56.45435964820649,-3.0285965806250017,1664871253,872,1986,36,Male,Y,261,"Westend, Dundee",Dundee,"Dundee West","Tayside and Angus (Dundee)"
crying,55.98684989684718,-3.5720833259542695,1664871253,865,1998,24,Male,Y,369,Linlithgow,"West Lothian",EH49,"Lothian (Edinburgh)"
crying,55.6144510664244,-4.248035876995577,1664871535,877,1974,48,Male,Y,796,Darvel,"East Ayrshire",KA17,Ayrshire
crying,55.54296164718976,-4.650642849557895,1664871655,879,1978,44,Female,Y,784,Troon,"South Ayrshire",KA10,Ayrshire
crying,55.832614538222735,-4.171873548899347,1664871758,888,1988,34,Female,Y,620,"Mount Vernon, Glasgow",Glasgow,"Glasgow Northeast",Glasgow
crying,56.10432025698037,-3.416931492153155,1664871906,891,1992,30,Female,Y,1096,"Dunfermline (centre, north, west: Abbey Parks, Lady's Mill, Garvock, Headwell, Kingseathill, Wellwood, Milesmark, Baldridge, Pittencrieff, Baldridgeburn)",Fife,KY12,Fife
crying,56.2686575080268,-4.231604702426419,1664872194,897,1994,28,Female,Y,410,Callander,Stirlingshire,FK17,"Stirling and Falkirk"
crying,58.492783809952485,-3.700260742027445,1664872357,903,1989,33,Male,Y,961,Thurso,Highland,KW14,"Highlands (Inverness)"
crying,57.3270092726799,-2.357796630379377,1664872513,906,1986,36,Male,Y,64,Inverurie,Aberdeenshire,AB51,"North East (Aberdeen)"
crying,55.62838097565572,-4.089057376598202,1664872793,919,1989,33,Male,Y,1160,Strathaven,"North Lanarkshire",ML10,Glasgow
crying,56.76737891415199,-3.004279691747656,1664872819,920,1959,63,Male,Y,181,Kirriemuir,Angus,DD8,"Tayside and Angus (Dundee)"
crying,58.117296523523216,-6.791998488253723,1664873059,923,1997,25,Male,Y,688,"Isle of Lewis","Western Isles (outside of Stornoway)",HS2,"Western Isles"
crying,57.21431761575849,-4.276449469448461,1664873722,936,1976,46,Male,Y,713,Culloden,Highland,IV2,"Highlands (Inverness)"
crying,60.54464468520989,-1.5435142682468008,1664873837,940,1995,27,Male,Y,1555,Hamnavoe,"Shetland Isles",ZE2,"Shetland Islands"
crying,55.96165628290701,-4.597999042218594,1664874025,941,1987,35,Male,Y,549,Dumbarton,"West Dunbartonshire",G82,Glasgow
crying,56.093661222316456,-3.801657371162563,1664874537,959,1999,23,Female,Y,420,Carron,Falkirk,FK2,"Stirling and Falkirk"
crying,57.44855744229921,-4.241363974689204,1664874835,954,1996,26,Male,Y,714,"Inverness (east: Culcabock, Crown, Culduthel, Drummond, Haugh, Hilton, Holm, Lochardil, Millburn, Raigmore)",Highland,IV2,"Highlands (Inverness)"
crying,56.46979921910989,-2.858037283100859,1664875008,982,1989,33,Female,Y,247,"Broughty Ferry, Dundee",Dundee,"Dundee East","Tayside and Angus (Dundee)"
crying,58.00700496492079,-3.883134229441177,1664875080,988,1998,24,Male,Y,1071,Brora,Highland,KW9,"Highlands (Inverness)"
crying,56.34487660528931,-2.8522744282498325,1664875631,1006,1961,61,Female,Y,1114,"St Andrews",Fife,KY16,Fife
crying,55.86885094958308,-3.0977001842259253,1664875691,1010,1997,25,Male,Y,328,Bonnyrigg,Midlothian,EH19,"Lothian (Edinburgh)"
crying,57.59106614367934,-3.7315400667482272,1664875731,1009,1992,30,Female,Y,740,Forres,Moray,IV36,"North East (Aberdeen)"
crying,57.25319997044333,-7.257237500242191,1664875952,1023,1978,44,Female,Y,695,"Isle of South Uist","Western Isles",HS8,"Western Isles"
crying,55.82106986776595,-4.18820601596864,1664876030,1037,1973,49,Female,Y,651,"Cathcart, Glasgow",Glasgow,"Glasgow South",Glasgow
crying,57.22204297605504,-4.447321773059106,1664876085,1033,1952,70,Male,N,714,"Inverness (east: Culcabock, Crown, Culduthel, Drummond, Haugh, Hilton, Holm, Lochardil, Millburn, Raigmore)",Highland,IV2,"Highlands (Inverness)"
crying,58.31857583954577,-4.676923505260006,1664876467,1064,1950,72,Male,Y,729,Lairg,Highland,IV27,"Highlands (Inverness)"
crying,56.672971942073744,-2.523511920309769,1664876476,1071,1995,27,Male,School,137,Inverbervie,Aberdeenshire,DD10,"Tayside and Angus (Dundee)"
crying,55.69838387819307,-3.637051400012745,1664876653,1085,1995,27,Female,Y,1168,Lesmahagow,"South Lanarkshire",ML11,Glasgow
crying,55.95576785423327,-3.179574679392643,1664876770,1084,1978,44,Female,Y,294,"Stockbridge, Edinburgh",Edinburgh,"Edinburgh North","Lothian (Edinburgh)"
crying,56.582675819472655,-4.515549812520424,1664876797,1092,1992,30,Female,Y,1327,Aberfeldy,"Perth and Kinross",PH15,Fife
crying,56.01519469583843,-3.7971100585251625,1664876854,1097,1987,35,Male,Y,425,Polmont, Falkirk,FK2,"Stirling and Falkirk"
crying,57.1892615381582,-4.394306562236229,1664877259,1109,1985,37,Male,Y,714,"Inverness (east: Culcabock, Crown, Culduthel, Drummond, Haugh, Hilton, Holm, Lochardil, Millburn, Raigmore)",Highland,IV2,"Highlands (Inverness)"
crying,57.41666271711232,-4.077219168087814,1664877372,1122,1988,34,Male,Y,712,Ardersier,Highland,IV2,"Highlands (Inverness)"
crying,55.688973245179454,-3.1523960952587626,1664877406,1128,1987,35,Female,Y,362,Peebles,"Scottish Borders",EH45,Borders
crying,55.85921920188838,-3.972496618101748,1664877553,1136,1983,39,Female,Y,1192,Airdrie,"North Lanarkshire",ML6,Glasgow
crying,57.71426941666655,-3.966340676614752,1664877663,1137,1983,39,Female,Y,711,Tain,Highland,IV19,"Highlands (Inverness)"
crying,55.70564666614823,-3.835683288654273,1664877666,1075,1988,34,Female,Y,1215,Rosebank,"South Lanarkshire",ML8,Glasgow
crying,55.78759639012952,-4.188121797326802,1664877823,1146,1957,65,Female,Y,530,"East Kilbride (north: The Village, East Mains, West Mains, Lymekilns, St Leonards, Calderwood, Nerston, Stewartfield, Peel Park)","South Lanarkshire",G74,Glasgow
crying,56.105827928804125,-3.17646135425795,1664878370,1166,1954,68,Female,N,1117,"Kirkcaldy (west: Hayfield, Templehall, Newliston, Chapel, Dunnikier, Bennochy)",Fife,KY2,Fife
crying,56.47653298467229,-2.903970164909306,1664878375,989,2003,19,Male,Y,249,Monifieth,Angus,"Dundee East","Tayside and Angus (Dundee)"
crying,57.22690579114696,-2.4601984564733432,1664878643,1178,1989,33,Female,N,65,Kemnay,Aberdeenshire,AB51,"North East (Aberdeen)"
crying,56.00392429804584,-4.2554918419446786,1664878673,1180,1996,26,Male,Y,507,Kirkintilloch,"East Dunbartonshire",G66,Glasgow
crying,55.615815105792535,-2.7741505526427925,1664878675,1172,1990,32,Male,Y,1413,Galashiels,"Scottish Borders",TD1,Borders
crying,55.65398809268991,-3.2457060559206443,1664878780,1187,2002,20,Male,Y,362,Peebles,"Scottish Borders",EH45,Borders
crying,56.154078818672424,-3.819418609217719,1664878994,1198,1980,42,Female,Y,393,Alva,Clackmannanshire,FK12,"Stirling and Falkirk"
crying,55.91490088360116,-4.763092236893028,1664879057,1201,1967,55,Male,Y,1231,"Greenock (west: Bow Farm, Braeside, Branchton, Fort Matilda, Gateside, Greenock West, Overton, Pennyfern, Smithston)",Inverclyde,PA16,Glasgow
crying,55.92089084808961,-3.1473787318432165,1664879066,1199,1971,51,Female,N,322,"Gilmerton, Edinburgh",Edinburgh,"Edinburgh Southeast","Lothian (Edinburgh)"
crying,55.894079813205046,-3.2129173423423945,1664879072,1200,1965,57,Male,Y,320,"Newington, Edinburgh",Edinburgh,"Edinburgh South","Lothian (Edinburgh)"
crying,55.82765161609536,-4.084901038094011,1664879198,1210,1991,31,Male,Y,525,Uddingston,"South Lanarkshire",G71,Glasgow
crying,57.7774789335671,-4.180780585330581,1664879315,1218,1970,52,Female,Y,708,Invergordon,Highland,IV18,"Highlands (Inverness)"
crying,55.87772402776228,-2.6529033451601203,1664879360,1217,2000,22,Male,Y,357,Haddington,"East Lothian",EH41,"Lothian (Edinburgh)"
crying,55.77051396583296,-4.2463559125828505,1664879430,1220,1968,54,Male,Y,530,"East Kilbride (north: The Village, East Mains, West Mains, Lymekilns, St Leonards, Calderwood, Nerston, Stewartfield, Peel Park)","South Lanarkshire",G74,Glasgow
crying,57.14986745065307,-2.1386711403049627,1664879586,1225,1958,64,Female,N,133,"Bieldside, Aberdeen",Aberdeen,"Aberdeen Southwest","North East (Aberdeen)"
crying,55.64003836290029,-4.504723635240328,1664879782,1236,1961,61,Female,Y,837,"Kilmarnock (north: Onthank, Townholm, Altonhill, Longpark, Beansburn, New Farm Loch, Knockinlaw, Hillhead, Crookedholm)","East Ayrshire",KA3,Ayrshire
crying,56.095343576585016,-3.8327261730329947,1664879880,1238,1996,26,Male,Y,464,"Stirling (south and east: Braehead, Borestone, Broomridge, Torbrex)",Stirlingshire,FK7,"Stirling and Falkirk"
crying,56.04997967233789,-2.7612162184085323,1664880225,1266,1993,29,Male,Y,355,"North Berwick","East Lothian",EH39,"Lothian (Edinburgh)"
crying,56.484849311063364,-2.9830026765449738,1664880247,1255,1987,35,Female,Y,234,"Baxter Park, Dundee",Dundee,"Dundee Bluebelt","Tayside and Angus (Dundee)"
crying,55.80488763419895,-4.0912530224855,1664880293,1263,1975,47,Female,Y,523,Bothwell,"South Lanarkshire",G71,Glasgow
crying,56.047045700389155,-3.5991345060409548,1664880344,1260,1985,37,Male,Y,1096,"Dunfermline (centre, north, west: Abbey Parks, Lady's Mill, Garvock, Headwell, Kingseathill, Wellwood, Milesmark, Baldridge, Pittencrieff, Baldridgeburn)",Fife,KY12,Fife
crying,58.121386433175374,-3.9781630462370665,1664880465,1272,1981,41,Male,Y,1071,Brora,Highland,KW9,"Highlands (Inverness)"
crying,55.741695814587196,-4.2231203867767455,1664880708,1277,1987,35,Female,N,534,"East Kilbride (south: Hairmyres, Westwood, The Murray, Murray East, Whitehills, Greenhill, Newlandsmuir, Gardenhall, Crosshouse, Newlands, Lindsayfield, Mossneuk)","South Lanarkshire",G75,Glasgow
crying,56.07679148085122,-3.346141504419618,1664880742,1279,1986,36,Male,Y,1121,Cowdenbeath,Fife,KY4,Fife
crying,55.86338286596678,-3.0781732596915994,1664880884,1285,1992,30,Female,Y,328,Bonnyrigg,Midlothian,EH19,"Lothian (Edinburgh)"
crying,56.97489355873587,-3.4393093287126293,1664880899,1284,1961,61,Male,Y,37,Braemar,Aberdeenshire,AB35,"North East (Aberdeen)"
crying,55.41623479504899,-4.675342482102561,1664881030,1288,1956,66,Female,Y,856,"Ayr (Centre)","South Ayrshire",KA7,Ayrshire
crying,57.1370542797135,-2.160995575013033,1664881099,1289,1997,25,Male,Y,112,"Dyce, Aberdeen",Aberdeen,"Aberdeen North","North East (Aberdeen)"
crying,55.81844409058889,-4.3192720904120785,1664881108,1292,1952,70,Female,Y,658,"Giffnock, Glasgow",Glasgow,"Glasgow South",Glasgow
crying,55.71981616341165,-4.30705220190224,1664881141,1296,1960,62,Female,Y,537,Eaglesham,"East Renfrewshire",G76,Glasgow
crying,55.85590992578108,-3.554320901625854,1664881279,1302,1954,68,Male,Y,376,"West Calder","West Lothian",EH55,"Lothian (Edinburgh)"
crying,55.912204735673456,-3.2992881313793117,1664881519,1314,1981,41,Female,Y,316,"Bruntsfield, Edinburgh",Edinburgh,"Edinburgh South","Lothian (Edinburgh)"
crying,55.97566081073039,-3.2015011889479097,1664881579,1317,1989,33,Female,Y,288,"Murrayfield, Edinburgh",Edinburgh,"Edinburgh North","Lothian (Edinburgh)"
crying,58.21423524006805,-6.381468207509674,1664881585,1316,1997,25,Male,Y,686,"Stornoway, Isle of Lewis","Western Isles",HS1,"Western Isles"
crying,56.492311479743755,-3.057511128836333,1664881722,1315,1987,35,Male,Y,145,Liff,Angus,DD2,"Tayside and Angus (Dundee)"
crying,55.85988548264126,-4.086914057793219,1664881744,1321,1993,29,Male,Y,600,"Garrowhill, Glasgow",Glasgow,"Glasgow Northeast",Glasgow
crying,55.83246642848434,-3.3899775207506235,1664882023,1336,1964,58,Female,Y,314,"Morningside, Edinburgh",Edinburgh,"Edinburgh South","Lothian (Edinburgh)"
crying,55.87054002903843,-3.6771064520981653,1664882057,1337,1970,52,Male,Y,367,Armadale,"West Lothian",EH48,"Lothian (Edinburgh)"
crying,57.15604755347023,-2.293421210410041,1664882134,1340,1990,32,Female,Y,26,Echt,Aberdeenshire,AB32,"North East (Aberdeen)"
crying,56.072270583295065,-3.629354006734983,1664882280,1342,1982,40,Female,Y,1096,"Dunfermline (centre, north, west: Abbey Parks, Lady's Mill, Garvock, Headwell, Kingseathill, Wellwood, Milesmark, Baldridge, Pittencrieff, Baldridgeburn)",Fife,KY12,Fife
crying,55.58809013328466,-4.344364590970461,1664882416,1345,1985,37,Female,Y,795,Newmilns,"East Ayrshire",KA16,Ayrshire
crying,55.72523302338021,-4.819724496047905,1664882519,1355,1985,37,Male,Y,814,"West Kilbride","North Ayrshire",KA23,Ayrshire
crying,56.01381626470868,-3.73996248210691,1664882705,1365,1977,45,Male,N,439,Grangemouth,Falkirk,FK3,"Stirling and Falkirk"
crying,57.34895062761787,-4.175567842939609,1664882708,1357,1980,42,Female,Y,715,Balloch,Highland,IV2,"Highlands (Inverness)"
crying,55.86258162059703,-4.831344856551846,1664882780,1361,2003,19,Male,Y,1233,Skelmorlie,"North Ayrshire",PA17,Ayrshire
crying,55.954749187424554,-3.6786730524642963,1664882787,1366,1993,29,Male,Y,369,Linlithgow,"West Lothian",EH49,"Lothian (Edinburgh)"
crying,55.91910174601329,-4.2491237512529665,1664883078,1371,1980,42,Female,Y,502,Bishopbriggs,"East Dunbartonshire",G64,Glasgow
crying,55.8479196048078,-3.408173307429381,1664883399,1376,1990,32,Female,Y,308,"Liberton, Edinburgh",Edinburgh,"Edinburgh South","Lothian (Edinburgh)"
crying,55.62192262249853,-4.498031825699547,1664883536,1384,1996,26,Female,Y,841,Stewarton,"East Ayrshire",KA3,Ayrshire
crying,55.93660030876877,-4.853662110133029,1664883582,1385,1991,31,Male,School,1235,Gourock,Inverclyde,PA19,Glasgow
crying,58.21512110400674,-6.36242772790791,1664883659,1388,1991,31,Male,Y,686,"Stornoway, Isle of Lewis","Western Isles",HS1,"Western Isles"
crying,55.98126533476908,-4.157748223880001,1664883842,1387,1984,38,Male,Y,507,Kirkintilloch,"East Dunbartonshire",G66,Glasgow
crying,55.9335181088262,-4.302783575373846,1664884348,1411,1995,27,Female,Y,489,Milngavie,"East Dunbartonshire",G62,Glasgow
crying,55.993732730541936,-3.736919226960212,1664884665,1421,1984,38,Female,Y,430,Brightons,Falkirk,FK2,"Stirling and Falkirk"
crying,56.222675183836216,-4.157615429440886,1664884713,1420,1988,34,Male,Y,410,Callander,Stirlingshire,FK17,"Stirling and Falkirk"
crying,55.95215324180716,-3.2144093582814715,1664884857,1428,1977,45,Female,Y,297,"Blackhall, Edinburgh",Edinburgh,"Edinburgh North","Lothian (Edinburgh)"
crying,56.00469993612812,-3.7349721168917944,1664884950,1432,1969,53,Male,N,439,Grangemouth,Falkirk,FK3,"Stirling and Falkirk"
crying,55.796709584164816,-4.2859850468553224,1664885035,1438,1984,38,Female,Y,648,"Shawlands, Glasgow",Glasgow,"Glasgow South",Glasgow
crying,57.47616320677114,-1.9211047967449137,1664885041,1434,1985,37,Female,Y,54,Peterhead,Aberdeenshire,AB42,"North East (Aberdeen)"
crying,55.95221440539926,-3.2212002206711063,1664885062,1439,1988,34,Other,Y,292,"Craigleith, Edinburgh",Edinburgh,"Edinburgh North","Lothian (Edinburgh)"
crying,55.801050017379,-3.9209495364576243,1664885295,1445,2001,21,Male,Y,1151,Motherwell,"North Lanarkshire",ML1,Glasgow
crying,55.84791520297892,-3.29469276328462,1664885430,1448,1969,53,Female,Y,343,Penicuik,Midlothian,EH26,"Lothian (Edinburgh)"
crying,56.43136387324086,-3.923551953991277,1664885448,1451,1990,32,Male,Y,1402,Crieff,"Perth and Kinross",PH7,Fife
crying,56.91336212642227,-2.7205569150790434,1664885648,1463,1995,27,Female,Y,182,Brechin,Angus,DD9,"Tayside and Angus (Dundee)"
crying,57.79462074787161,-3.8770773409546058,1664885674,557,1958,64,Male,Y,717,"Hill of Fearn",Highland,IV20,"Highlands (Inverness)"
crying,56.203354500480486,-3.436976050195645,1664885867,1469,1996,26,Female,Y,1098,Kinross,"Perth and Kinross",KY13,Fife
crying,55.97352642207185,-3.1875438987455267,1664885955,1467,1995,27,Male,Y,288,"Murrayfield, Edinburgh",Edinburgh,"Edinburgh North","Lothian (Edinburgh)"
crying,57.12835672919264,-2.2757644371004977,1664886274,1478,1976,46,Female,Y,130,"Ferryhill, Aberdeen",Aberdeen,"Aberdeen Southwest","North East (Aberdeen)"
crying,56.48685002551881,-2.833414899431895,1664886308,1484,1962,60,Female,Y,247,"Broughty Ferry, Dundee",Dundee,"Dundee East","Tayside and Angus (Dundee)"
crying,55.96549625484308,-3.162868346101722,1664886322,1487,1983,39,Male,Y,285,"Leith, Edinburgh",Edinburgh,"Edinburgh Leith","Lothian (Edinburgh)"
crying,55.843578455299074,-4.143177897431424,1664886460,1485,1956,66,Female,N,618,"Carmyle, Glasgow",Glasgow,"Glasgow Northeast",Glasgow
crying,57.03799834542266,-5.680878601947664,1664886467,1374,1983,39,Male,Y,1392,Mallaig,Highland,PH41,"Highlands (Inverness)"
crying,56.76954151799564,-2.894138165278969,1664886857,1502,1995,27,Female,Y,181,Kirriemuir,Angus,DD8,"Tayside and Angus (Dundee)"
crying,56.810432848038836,-2.723353313630175,1664887030,1511,1956,66,Female,N,182,Brechin,Angus,DD9,"Tayside and Angus (Dundee)"
crying,56.08894118169637,-3.854874048932406,1664887066,1509,2004,18,Female,Y,464,"Stirling (south and east: Braehead, Borestone, Broomridge, Torbrex)",Stirlingshire,FK7,"Stirling and Falkirk"
crying,57.22607830152633,-2.380776818303665,1664887449,1537,1976,46,Male,Y,64,Inverurie,Aberdeenshire,AB51,"North East (Aberdeen)"
crying,55.9351180934917,-2.4602260868397217,1664887476,1531,1984,38,Male,Y,359,Dunbar,"East Lothian",EH42,"Lothian (Edinburgh)"
crying,57.07232382310644,-2.2553742334490305,1664887693,1543,1979,43,Female,N,11,Kincorth, Aberdeen,AB12,"North East (Aberdeen)"
crying,58.58657125412473,-3.381806587473888,1664887761,1544,1992,30,Other,Y,961,Thurso,Highland,KW14,"Highlands (Inverness)"
crying,55.253974839303204,-4.738868530639233,1664887892,1548,1986,36,Female,Y,824,Girvan,"South Ayrshire",KA26,Ayrshire
crying,55.93288993285702,-4.353507567693033,1664887966,1552,1985,37,Male,Y,488,Bearsden,"East Dunbartonshire",G61,Glasgow
crying,55.159767662520004,-4.644522928862792,1664888070,1548,1986,36,Female,Y,824,Girvan,"South Ayrshire",KA26,Ayrshire
crying,58.211749429055324,-6.370321301135499,1664888177,1559,1996,26,Male,Y,686,"Stornoway, Isle of Lewis","Western Isles",HS1,"Western Isles"
crying,55.96118652923729,-4.346886017022057,1664888186,1556,1978,44,Male,Y,491,Baldernock,"East Dunbartonshire",G62,Glasgow
crying,55.942345072941336,-3.073737459319792,1664888207,1561,1995,27,Female,Y,330,Musselburgh,"East Lothian",EH21,"Lothian (Edinburgh)"
crying,55.940264940487154,-3.275939437867024,1664888459,1570,1989,33,Female,Y,287,"Corstorphine, Edinburgh",Edinburgh,"Edinburgh North","Lothian (Edinburgh)"
crying,55.8833328586413,-3.2118305307935766,1664888470,1569,1973,49,Female,Y,315,"Fairmilehead, Edinburgh",Edinburgh,"Edinburgh South","Lothian (Edinburgh)"
crying,55.823272618878946,-4.19204873383005,1664888481,1565,2000,22,Female,Y,645,Clarkston,"East Renfrewshire","Glasgow South",Glasgow
crying,55.79597704092324,-4.336454618154067,1664888715,1576,1955,67,Female,N,672,"Govan, Glasgow",Glasgow,"Glasgow Southwest",Glasgow
crying,56.148586084984935,-4.042889605666292,1664888851,1577,2003,19,Male,Y,479,"Stirling (north: Causewayhead, Cornton)",Stirlingshire,FK9,"Stirling and Falkirk"
crying,55.833604048200456,-3.3552091573275287,1664888869,1582,2002,20,Male,Y,308,"Liberton, Edinburgh",Edinburgh,"Edinburgh South","Lothian (Edinburgh)"
crying,57.337802719931894,-2.3941765235409833,1664889379,1597,1987,35,Female,Y,64,Inverurie,Aberdeenshire,AB51,"North East (Aberdeen)"
crying,55.82869105925353,-4.369047530033156,1664890166,1609,1986,36,Female,Y,661,"Govanhill, Glasgow",Glasgow,"Glasgow Southwest",Glasgow
crying,55.396883859470535,-4.637807087904454,1664890167,1389,2004,18,Male,Y,855,Alloway,"South Ayrshire",KA7,Ayrshire
crying,57.10196409185891,-2.2113999531601727,1664890194,1610,1968,54,Male,N,128,"Mannofield, Aberdeen",Aberdeen,"Aberdeen Southwest","North East (Aberdeen)"
crying,57.583985039457296,-4.162723599869282,1664890248,1611,1980,42,Male,Y,700,Fortrose,Highland,IV10,"Highlands (Inverness)"
crying,55.87398066354277,-3.5160783936825792,1664890677,1623,1995,27,Female,Y,375,Livingston,"West Lothian",EH54,"Lothian (Edinburgh)"
crying,56.14768272271488,-3.419442953151508,1664891243,1632,1955,67,Male,Y,1124,Kelty,Fife,KY4,Fife
crying,55.94018576217375,-3.2659328140462027,1664891285,1634,1991,31,Male,Y,297,"Blackhall, Edinburgh",Edinburgh,"Edinburgh North","Lothian (Edinburgh)"
crying,55.99074172950586,-3.6175549474753375,1664891353,1631,1996,26,Male,Y,369,Linlithgow,"West Lothian",EH49,"Lothian (Edinburgh)"
crying,55.92692981708432,-3.308657795608787,1664891423,1635,1958,64,Female,Y,272,"New Town, Edinburgh",Edinburgh,"Edinburgh Central","Lothian (Edinburgh)"
crying,55.91257371503996,-4.457551495983283,1664891475,1639,1982,40,Female,Y,1306,Erskine,Renfrewshire,PA8,Glasgow
crying,55.68357371479358,-5.284375721380776,1664892005,1646,1999,23,Male,Y,827,"Isle of Arran","North Ayrshire",KA27,Ayrshire
crying,55.46225319323252,-4.636460367042897,1664892084,1653,1988,34,Female,Y,856,"Ayr (Centre)","South Ayrshire",KA7,Ayrshire
crying,55.946059885916576,-4.424887378226395,1664892206,1656,1956,66,Male,Y,546,Clydebank,"West Dunbartonshire",G81,Glasgow
crying,56.57800561511175,-4.34938170776007,1664892510,1665,1950,72,Female,N,1327,Aberfeldy,"Perth and Kinross",PH15,Fife
crying,57.671754802712655,-2.4982689113383487,1664892593,1667,2003,19,Male,Y,58,Macduff,Aberdeenshire,AB44,"North East (Aberdeen)"
crying,55.87272807081899,-4.434274872575656,1664892729,1669,1994,28,Male,N,1249,"Paisley (north west: Ferguslie Park, Gallowhill, Gockston, Shortroods, )",Renfrewshire,PA3,Glasgow
crying,56.100050252880486,-3.9117278655387886,1664892825,1676,1995,27,Female,Y,464,"Stirling (south and east: Braehead, Borestone, Broomridge, Torbrex)",Stirlingshire,FK7,"Stirling and Falkirk"
crying,56.451802861788465,-2.992778604178652,1664893120,1687,1978,44,Female,Y,261,"Westend, Dundee",Dundee,"Dundee West","Tayside and Angus (Dundee)"
crying,55.91640852573053,-4.313914499424323,1664893359,1690,1973,49,Female,Y,488,Bearsden,"East Dunbartonshire",G61,Glasgow
crying,56.368606064038374,-3.613511722666083,1664893406,1686,1965,57,Female,N,1402,Crieff,"Perth and Kinross",PH7,Fife
crying,57.40417636683655,-6.69449330374612,1664893830,1701,1994,28,Female,Y,768,"Dunvegan, Isle of Skye",Highland,IV55,"Highlands (Inverness)"
crying,57.138893887610834,-2.221320146846626,1664893982,1704,2003,19,Male,Y,111,"Bucksburn, Aberdeen",Aberdeen,"Aberdeen North","North East (Aberdeen)"
crying,57.15098888060272,-2.097446036395072,1664894056,1699,1988,34,Female,Y,105,"Seaton, Aberdeen",Aberdeen,"Aberdeen Central","North East (Aberdeen)"
crying,57.55729010794923,-4.481918370650469,1664894275,1710,1984,38,Male,Y,775,Culbokie,Highland,IV7,"Highlands (Inverness)"
crying,56.116253183214866,-3.284936989215987,1664894487,1713,1980,42,Male,Y,1125,Ballingry,Fife,KY5,Fife
crying,56.31736619328542,-5.51426982007853,1664894595,1716,1985,37,Female,Y,1257,Oban,"Argyll and Bute",PA34,"Argyll and Bute"
crying,55.80683103292288,-4.297708483095324,1664894690,1721,1970,52,Female,Y,653,"Netherlee, Glasgow",Glasgow,"Glasgow South",Glasgow
crying,57.00817354782806,-5.643652936089541,1664894725,1374,1983,39,Male,Y,1392,Mallaig,Highland,PH41,"Highlands (Inverness)"
crying,55.89911223147908,-3.200732377018534,1664894891,1725,1963,59,Male,Y,316,"Bruntsfield, Edinburgh",Edinburgh,"Edinburgh South","Lothian (Edinburgh)"
crying,55.88353750593779,-4.0197487003814585,1664894966,1715,1962,60,Female,N,1192,Airdrie,"North Lanarkshire",ML6,Glasgow
crying,55.90923067168907,-3.5473904783198935,1664894981,1731,2004,18,Female,Y,375,Livingston,"West Lothian",EH54,"Lothian (Edinburgh)"
crying,55.74001785535517,-3.806616010305704,1664895157,1729,1995,27,Male,Y,1212,Carluke,"South Lanarkshire",ML8,Glasgow
crying,55.90851931495802,-3.1801849586129833,1664895504,1743,1958,64,Female,N,322,"Gilmerton, Edinburgh",Edinburgh,"Edinburgh Southeast","Lothian (Edinburgh)"
crying,55.92905959657377,-3.9532179480121896,1664895557,1744,1987,35,Female,Y,1192,Airdrie,"North Lanarkshire",ML6,Glasgow
crying,55.87631204093028,-4.5882928707280115,1664896025,1751,1996,26,Female,Y,1224,"Bridge of Weir",Renfrewshire,PA11,Glasgow
crying,57.64236018467959,-4.430481957273464,1664896782,1778,1990,32,Male,Y,705,Dingwall,Highland,IV15,"Highlands (Inverness)"
crying,57.62697584366479,-3.1723734995497455,1664897082,1761,1999,23,Female,Y,737,Elgin,Moray,IV30,"North East (Aberdeen)"
crying,55.810649444562195,-4.284972571519402,1664897184,1787,1964,58,Male,N,646,"Burnside, Glasgow",Glasgow,"Glasgow South",Glasgow
crying,57.477272350454484,-4.179731245297187,1664897273,1791,1985,37,Male,Y,714,"Inverness (east: Culcabock, Crown, Culduthel, Drummond, Haugh, Hilton, Holm, Lochardil, Millburn, Raigmore)",Highland,IV2,"Highlands (Inverness)"
crying,55.91062351946929,-4.354457447734963,1664897359,1796,2001,21,Female,Y,644,"Partick, Glasgow",Glasgow,"Glasgow Northwest",Glasgow
crying,55.7664896344633,-4.1633376463407865,1664897819,1809,1960,62,Male,Y,530,"East Kilbride (north: The Village, East Mains, West Mains, Lymekilns, St Leonards, Calderwood, Nerston, Stewartfield, Peel Park)","South Lanarkshire",G74,Glasgow
crying,55.65648314690178,-4.262792918999022,1664897922,1811,1971,51,Female,Y,796,Darvel,"East Ayrshire",KA17,Ayrshire
crying,55.943373451725805,-4.8411877390707145,1664897951,1817,1989,33,Female,Y,1235,Gourock,Inverclyde,PA19,Glasgow
crying,57.697440578636304,-3.4043976411638672,1664897983,1772,1996,26,Other,Y,737,Elgin,Moray,IV30,"North East (Aberdeen)"
crying,55.93059369842455,-4.487416751562935,1664898041,1812,1960,62,Female,Y,486,"Old Kilpatrick","West Dunbartonshire",G60,Glasgow
crying,59.0447875436416,-3.082500832577859,1664898048,1816,1956,66,Female,Y,1025,"Orkney Islands",Orkney,KW17,"Orkney Islands"
crying,55.891756189649364,-4.391523424302744,1664898114,1815,1964,58,Male,Y,546,Clydebank,"West Dunbartonshire",G81,Glasgow
crying,56.162013732281956,-3.4658897695883484,1664898293,1823,1988,34,Male,Y,1098,Kinross,"Perth and Kinross",KY13,Fife
crying,55.781649288135576,-4.064373342171036,1664898352,1825,1976,46,Female,Y,1183,Hamilton,"South Lanarkshire",ML3,Glasgow
crying,55.92946202171172,-3.234772960615397,1664898390,1826,1977,45,Female,Y,317,"Marchmont, Edinburgh",Edinburgh,"Edinburgh South","Lothian (Edinburgh)"
crying,56.019247112572046,-2.7660787689951194,1664898598,1830,1996,26,Male,Y,355,"North Berwick","East Lothian",EH39,"Lothian (Edinburgh)"
crying,55.86632960810003,-4.310351842736473,1664898676,1827,1996,26,Female,Y,639,"Scotstoun, Glasgow",Glasgow,"Glasgow Northwest",Glasgow
crying,55.93875767063676,-4.278720778196955,1664898752,1832,2003,19,Female,Y,489,Milngavie,"East Dunbartonshire",G62,Glasgow
crying,56.48475492537019,-3.1416396082763516,1664898768,1835,2004,18,Female,School,146,Longforgan,"Perth and Kinross",DD2,"Tayside and Angus (Dundee)"
crying,55.80260254168099,-4.081595414166423,1664899135,1843,1956,66,Female,N,525,Uddingston,"South Lanarkshire",G71,Glasgow
crying,55.968905382871725,-3.9912048846010832,1664899172,1767,1994,28,Male,Y,517,"Cumbernauld (north: Balloch, Eastfield, Carrickstone, Smithstone, Blackwood, Westfield)","North Lanarkshire",G68,Glasgow
crying,55.83824679861589,-4.351891365983005,1664899273,1847,1966,56,Female,Y,678,"Cardonald, Glasgow",Glasgow,"Glasgow Southwest",Glasgow
crying,55.897002486063336,-4.031611152008876,1664899378,1850,1967,55,Female,Y,1189,Coatbridge,"North Lanarkshire",ML5,Glasgow
crying,56.472410448099545,-2.9867762200651553,1664899406,1853,1978,44,Male,Y,238,"Menzieshill, Dundee",Dundee,"Dundee Central","Tayside and Angus (Dundee)"
crying,55.77208960012104,-3.8694835500543996,1664899568,1851,2005,17,Male,School,1180,Wishaw,"North Lanarkshire",ML2,Glasgow
crying,55.920018953008125,-4.204304258467697,1664899896,1861,1962,60,Female,Y,502,Bishopbriggs,"East Dunbartonshire",G64,Glasgow
crying,55.86123320855443,-3.355480337160145,1664900069,1863,1946,76,Other,Y,314,"Morningside, Edinburgh",Edinburgh,"Edinburgh South","Lothian (Edinburgh)"
crying,55.748787091452265,-4.446816102345758,1664900284,1865,1990,32,Female,Y,540,Barrhead,"East Renfrewshire",G78,Glasgow
crying,55.85039773430289,-4.406175162053131,1664900683,1875,1986,36,Male,N,1220,"Paisley (central, east and north east: Ferguslie, Oldhall, Seedhill, Williamsburgh, Whitehaugh)",Renfrewshire,PA1,Glasgow
crying,58.51655757072194,-4.243894940781273,1664901046,1884,1983,39,Male,Y,961,Thurso,Highland,KW14,"Highlands (Inverness)"
crying,55.940393572107986,-4.712193600476029,1664901345,1896,1998,24,Male,Y,1230,"Greenock (central and east: Bogston, Bridgend, Cartsdyke, Gibshill, Greenock Central, Ladyburn, Upper Ingleston)",Inverclyde,PA15,Glasgow
crying,55.95665482115453,-3.916927783118756,1664901474,1901,1968,54,Female,N,514,"Cumbernauld (south: Condorrat, Lenziemill, Carbrain, Kildrum, Cumbernauld Village, Abronhill, Seafar)","North Lanarkshire",G67,Glasgow
crying,57.02886069772755,-2.2516407584046054,1664901542,1902,1970,52,Female,N,48,Stonehaven,Aberdeenshire,AB39,"North East (Aberdeen)"
crying,57.63936540815041,-4.445728186563929,1664901894,1912,1973,49,Male,Y,705,Dingwall,Highland,IV15,"Highlands (Inverness)"
crying,55.756404801437704,-3.8189540615763726,1664902010,1916,1980,42,Male,Y,1212,Carluke,"South Lanarkshire",ML8,Glasgow
crying,57.263222564922586,-2.4384372225285347,1664902016,1917,1993,29,Female,Y,67,Oldmeldrum,Aberdeenshire,AB51,"North East (Aberdeen)"
crying,55.83990718846842,-4.139200333059633,1664902259,1921,1980,42,Male,Y,598,Rutherglen,"South Lanarkshire","Glasgow Northeast",Glasgow
crying,55.89410869194398,-4.467892707839342,1664902351,1924,2004,18,Male,Y,1264,Renfrew,Renfrewshire,PA4,Glasgow
crying,56.16844174107152,-5.216686508322966,1664902580,1929,1998,24,Female,Y,1255,Inveraray,"Argyll and Bute",PA32,"Argyll and Bute"
crying,55.92236136929684,-4.790373693607893,1664902993,1936,1993,29,Male,Y,1231,"Greenock (west: Bow Farm, Braeside, Branchton, Fort Matilda, Gateside, Greenock West, Overton, Pennyfern, Smithston)",Inverclyde,PA16,Glasgow
crying,55.47114737802096,-4.6161428138246405,1664903018,1940,1950,72,Female,Y,868,"Newton on Ayr","South Ayrshire",KA8,Ayrshire
crying,55.97162379465584,-3.1683581097568956,1664903621,1950,1959,63,Female,Y,285,"Leith, Edinburgh",Edinburgh,"Edinburgh Leith","Lothian (Edinburgh)"
crying,55.68978683529279,-3.950100133541392,1664903706,1956,1994,28,Female,Y,1217,Larkhall,"North Lanarkshire",ML9,Glasgow
crying,55.91064137573681,-3.283123200588518,1664903991,1962,1966,56,Female,Y,262,"Wester Hailes, Edinburgh",Edinburgh,"Edinburgh Central","Lothian (Edinburgh)"
crying,56.132337880817246,-3.1248966092637707,1664904538,1969,1956,66,Female,Y,1080,Thornton,Fife,KY1,Fife
crying,57.45910246532599,-4.314679954163601,1664904600,1970,1956,66,Male,N,736,"Inverness (west: Ballifeary, Balnafettack, Clachnaharry, Dalneigh, Kinmylies, Leachkin, Merkinch, Muirtown, South Kessock)",Highland,IV3,"Highlands (Inverness)"
crying,55.850342397542356,-4.149629593286,1664904710,1975,1965,57,Male,N,634,"Maryhill, Glasgow",Glasgow,"Glasgow Northeast",Glasgow
crying,55.70921941899582,-3.9640779299827966,1664904748,1978,1964,58,Female,Y,1217,Larkhall,"North Lanarkshire",ML9,Glasgow
crying,56.01346204995544,-3.7719615254598478,1664905209,1986,2001,21,Other,Y,420,Carron,Falkirk,FK2,"Stirling and Falkirk"
crying,55.911387877431586,-3.27353703300498,1664905433,1991,1977,45,Female,N,267,"Sighthill, Edinburgh",Edinburgh,"Edinburgh Central","Lothian (Edinburgh)"
crying,55.862885267604746,-3.0712149944710894,1664905664,1997,1973,49,Female,Y,328,Bonnyrigg,Midlothian,EH19,"Lothian (Edinburgh)"
crying,55.53621999532179,-2.318418987092064,1664906035,2010,1997,25,Female,Y,1451,Kelso,"Scottish Borders",TD5,Borders
crying,55.889725736181944,-3.305249780281336,1664906140,2012,1969,53,Male,Y,313,"Colinton, Edinburgh",Edinburgh,"Edinburgh South","Lothian (Edinburgh)"
crying,55.155350179661944,-4.350764758493942,1664906591,2023,1997,25,Female,Y,220,"Castle Douglas","Dumfries and Galloway",DG7,"Dumfries and Galloway"
crying,55.786588496025075,-4.156599915642461,1664907018,2030,1958,64,Female,N,530,"East Kilbride (north: The Village, East Mains, West Mains, Lymekilns, St Leonards, Calderwood, Nerston, Stewartfield, Peel Park)","South Lanarkshire",G74,Glasgow
crying,57.62902621264745,-4.644802616184804,1664907081,2028,1955,67,Female,N,721,Garve,Highland,IV23,"Highlands (Inverness)"
crying,56.48330276452563,-2.8400128270898346,1664907263,2039,1990,32,Female,Y,247,"Broughty Ferry, Dundee",Dundee,"Dundee East","Tayside and Angus (Dundee)"
crying,55.68059657437065,-4.828575927814115,1664907294,2037,1985,37,Female,Y,813,Ardrossan,"North Ayrshire",KA22,Ayrshire
crying,55.77906933834108,-4.35561767918611,1664907353,2042,1994,28,Male,Y,539,"Newton Mearns","East Renfrewshire",G77,Glasgow
crying,58.39461876874546,-6.368844675487177,1664907580,2046,1986,36,Male,Y,688,"Isle of Lewis","Western Isles (outside of Stornoway)",HS2,"Western Isles"
crying,55.66267428551756,-4.432816915992973,1664907716,2043,1992,30,Female,Y,835,Fenwick,"East Ayrshire",KA3,Ayrshire
crying,56.00692313892263,-2.709923654687097,1664907733,2048,1993,29,Male,Y,355,"North Berwick","East Lothian",EH39,"Lothian (Edinburgh)"
crying,55.82583557573135,-3.2185455024940133,1664907790,2049,1993,29,Female,Y,343,Penicuik,Midlothian,EH26,"Lothian (Edinburgh)"
crying,55.886122874658035,-3.487202334788958,1664907793,2051,1976,46,Female,Y,373,"Mid Calder","West Lothian",EH53,"Lothian (Edinburgh)"
crying,55.60104981360548,-4.581864481415094,1664907856,2053,1977,45,Female,Y,808,Crosshouse,"East Ayrshire",KA2,Ayrshire
crying,55.9729976809225,-3.203915048199998,1664908212,2062,1992,30,Male,Y,297,"Blackhall, Edinburgh",Edinburgh,"Edinburgh North","Lothian (Edinburgh)"
crying,55.964175705568564,-3.172993942224937,1664908443,2067,1955,67,Female,Y,285,"Leith, Edinburgh",Edinburgh,"Edinburgh Leith","Lothian (Edinburgh)"
crying,55.94425683482433,-3.7643327433912583,1664909040,2081,1983,39,Male,Y,377,"Falkirk (centre and south: Arnothill, Bantaskin, Callendar Park, Glen Village, Hallglen, Lionthorn, Tamfourhill, Woodlands)",Falkirk,FK1,"Stirling and Falkirk"
crying,55.967510135234065,-4.137713739400415,1664909233,2084,1993,29,Female,Y,507,Kirkintilloch,"East Dunbartonshire",G66,Glasgow
crying,55.78371686511693,-4.2865162872364575,1664909254,1037,1973,49,Female,Y,651,"Cathcart, Glasgow",Glasgow,"Glasgow South",Glasgow
crying,57.638017708209254,-3.194290886727608,1664909826,2098,1989,33,Female,Y,737,Elgin,Moray,IV30,"North East (Aberdeen)"
crying,56.46342518645517,-2.9684558521296514,1664909941,2102,1973,49,Female,N,238,"Menzieshill, Dundee",Dundee,"Dundee Central","Tayside and Angus (Dundee)"
crying,57.61233419393849,-3.0137221105448555,1664910280,2112,1993,29,Female,Y,90,Buckie,Moray,AB56,"North East (Aberdeen)"
crying,55.72244536961181,-4.878943261929979,1664910383,2113,1975,47,Female,Y,814,"West Kilbride","North Ayrshire",KA23,Ayrshire
crying,57.33779397304103,-5.479292690243786,1664910823,2122,1973,49,Male,N,746,"Kyle of Lochalsh",Highland,IV40,"Highlands (Inverness)"
crying,56.066787762067115,-5.369311647691585,1664910886,2125,1983,39,Female,Y,1254,Lochgilphead,"Argyll and Bute",PA31,"Argyll and Bute"
crying,56.34985535484244,-3.012501811382249,1664910947,2126,2000,22,Female,Y,1105,Cupar,Fife,KY15,Fife
crying,58.13972426823229,-4.042878042690982,1664910975,2127,1955,67,Female,Y,1071,Brora,Highland,KW9,"Highlands (Inverness)"
crying,57.68489910349689,-3.3099866356977756,1664911135,2026,1976,46,Male,Y,738,Lossiemouth,Moray,IV31,"North East (Aberdeen)"
crying,56.77780893624706,-2.9380434903705535,1664911359,2133,1986,36,Male,Y,181,Kirriemuir,Angus,DD8,"Tayside and Angus (Dundee)"
crying,55.788631882371014,-4.1800361233301295,1664911362,2134,1981,41,Male,Y,530,"East Kilbride (north: The Village, East Mains, West Mains, Lymekilns, St Leonards, Calderwood, Nerston, Stewartfield, Peel Park)","South Lanarkshire",G74,Glasgow
crying,55.942339791600794,-3.2260776562465248,1664911538,2131,1982,40,Female,N,274,"Tollcross, Edinburgh",Edinburgh,"Edinburgh Central","Lothian (Edinburgh)"
crying,56.00301664047924,-3.8453782658719224,1664911868,2147,1973,49,Male,Y,449,Larbert,Falkirk,FK5,"Stirling and Falkirk"
crying,55.707343191662524,-4.171363247541981,1664911872,2148,1995,27,Female,Y,534,"East Kilbride (south: Hairmyres, Westwood, The Murray, Murray East, Whitehills, Greenhill, Newlandsmuir, Gardenhall, Crosshouse, Newlands, Lindsayfield, Mossneuk)","South Lanarkshire",G75,Glasgow
crying,55.759555812320876,-4.067736740470558,1664912258,2152,2000,22,Female,Y,1183,Hamilton,"South Lanarkshire",ML3,Glasgow
crying,55.69604252587206,-4.152983915998892,1664912467,2161,1962,60,Female,N,534,"East Kilbride (south: Hairmyres, Westwood, The Murray, Murray East, Whitehills, Greenhill, Newlandsmuir, Gardenhall, Crosshouse, Newlands, Lindsayfield, Mossneuk)","South Lanarkshire",G75,Glasgow
crying,56.049987880088906,-3.5035019609549294,1664912567,2158,1992,30,Female,Y,1088,Charlestown,Fife,KY11,Fife
crying,57.15296523607039,-5.463315071258127,1664912586,2162,1980,42,Female,Y,746,"Kyle of Lochalsh",Highland,IV40,"Highlands (Inverness)"
crying,56.329326497213884,-5.2119932372857996,1664912750,2167,1965,57,Female,Y,1258,Taynuilt,"Argyll and Bute",PA35,"Argyll and Bute"
crying,57.11675414387306,-2.1840875615477957,1664912978,2174,1999,23,Female,Y,130,"Ferryhill, Aberdeen",Aberdeen,"Aberdeen Southwest","North East (Aberdeen)"
crying,55.782547039597965,-4.176897149937613,1664913007,2170,2002,20,Male,Y,530,"East Kilbride (north: The Village, East Mains, West Mains, Lymekilns, St Leonards, Calderwood, Nerston, Stewartfield, Peel Park)","South Lanarkshire",G74,Glasgow
crying,57.459759581826496,-4.309987032524511,1664913164,2177,1991,31,Male,Y,736,"Inverness (west: Ballifeary, Balnafettack, Clachnaharry, Dalneigh, Kinmylies, Leachkin, Merkinch, Muirtown, South Kessock)",Highland,IV3,"Highlands (Inverness)"
crying,56.01778038988825,-5.048640219234088,1664913195,2172,1951,71,Male,Y,1241,Dunoon,"Argyll and Bute",PA23,"Argyll and Bute"
crying,55.76843817887924,-4.174956565632594,1664913408,1416,1966,56,Male,Y,530,"East Kilbride (north: The Village, East Mains, West Mains, Lymekilns, St Leonards, Calderwood, Nerston, Stewartfield, Peel Park)","South Lanarkshire",G74,Glasgow
crying,57.92815548000611,-4.418763368112182,1664913671,2189,2003,19,Male,N,723,"Bonar Bridge",Highland,IV24,"Highlands (Inverness)"
crying,55.81731306354587,-4.309555708305088,1664913983,2200,1972,50,Female,N,656,"Croftfoot, Glasgow",Glasgow,"Glasgow South",Glasgow
crying,55.89505334947711,-2.756570946997549,1664914001,2199,1955,67,Female,Y,357,Haddington,"East Lothian",EH41,"Lothian (Edinburgh)"
crying,58.92800819626089,-3.1746527642173987,1664914004,2197,1974,48,Female,Y,1025,"Orkney Islands",Orkney,KW17,"Orkney Islands"
crying,56.7330021260384,-5.16520632049118,1664914097,2207,1987,35,Female,Y,1377,"Fort William",Highland,PH33,"Highlands (Inverness)"
crying,56.37417394848672,-4.029882209578002,1664914107,2204,1992,30,Other,Y,1399,Comrie,"Perth and Kinross",PH6,Fife
crying,55.84100142604149,-4.063367371824273,1664914119,2211,1976,46,Female,Y,525,Uddingston,"South Lanarkshire",G71,Glasgow
crying,55.95652784834294,-3.188352080406166,1664914140,2203,2003,19,Female,Y,288,"Murrayfield, Edinburgh",Edinburgh,"Edinburgh North","Lothian (Edinburgh)"
crying,55.91867280900358,-4.863092175771852,1664914650,2219,1962,60,Male,Y,1231,"Greenock (west: Bow Farm, Braeside, Branchton, Fort Matilda, Gateside, Greenock West, Overton, Pennyfern, Smithston)",Inverclyde,PA16,Glasgow
crying,56.230488122123504,-2.7779282181960783,1664914716,2222,1992,30,Female,Y,1086,Anstruther,Fife,KY10,Fife
crying,56.8729843653913,-5.421250297059158,1664915026,2221,1995,27,Male,Y,1383,Glenfinnan,Highland,PH37,"Highlands (Inverness)"
crying,56.24332830251046,-2.847082847631434,1664915033,2220,1994,28,Female,Y,1145,Kilconquhar,Fife,KY9,Fife
crying,56.14697266787539,-3.0874066000971325,1664915665,2239,1952,70,Female,Y,1079,"Kirkcaldy (east: Linktown, Port Brae, Pathhead, Sinclairtown, Smeaton, Gallatown)",Fife,KY1,Fife
crying,55.99938855277172,-2.8262615754678846,1664916857,2260,1993,29,Male,N,355,"North Berwick","East Lothian",EH39,"Lothian (Edinburgh)"
crying,55.15225245015731,-3.2691220348953793,1664917484,2269,1993,29,Female,N,195,Kirtlebridge,"Dumfries and Galloway",DG11,"Dumfries and Galloway"
crying,55.904278415597005,-4.320586780268026,1664917677,2274,1982,40,Male,Y,488,Bearsden,"East Dunbartonshire",G61,Glasgow
crying,55.7794468799737,-4.177594204428957,1664917720,2273,2004,18,Male,Y,530,"East Kilbride (north: The Village, East Mains, West Mains, Lymekilns, St Leonards, Calderwood, Nerston, Stewartfield, Peel Park)","South Lanarkshire",G74,Glasgow
crying,56.24398594242653,-2.937689261806131,1664917827,2275,1974,48,Female,Y,1140,Leven,Fife,KY8,Fife
crying,55.42159434902186,-4.69685113663802,1664917887,2283,1961,61,Female,Y,856,"Ayr (Centre)","South Ayrshire",KA7,Ayrshire
crying,55.787648686351055,-4.309341466733021,1664918125,2288,1988,34,Male,Y,658,"Giffnock, Glasgow",Glasgow,"Glasgow South",Glasgow
crying,57.763557545606965,-7.002508322203849,1664918153,2286,1994,28,Male,Y,692,"Leverburgh, Isle of Harris","Western Isles",HS5,"Western Isles"
crying,55.94673103234536,-4.387161943879351,1664918347,2291,1953,69,Female,Y,546,Clydebank,"West Dunbartonshire",G81,Glasgow
crying,56.39799555544013,-3.812240118543264,1664918650,2302,1987,35,Male,Y,1402,Crieff,"Perth and Kinross",PH7,Fife
crying,55.86460413520489,-4.335335319951016,1664918776,2314,1967,55,Male,Y,683,"Priesthill, Glasgow",Glasgow,"Glasgow Southwest",Glasgow
crying,56.48554449107192,-2.8242181942931897,1664918789,2308,1968,54,Male,N,246,"West Ferry, Dundee",Dundee,"Dundee East","Tayside and Angus (Dundee)"
crying,55.75456454746319,-4.254946685451906,1664918795,2306,1976,46,Male,Y,530,"East Kilbride (north: The Village, East Mains, West Mains, Lymekilns, St Leonards, Calderwood, Nerston, Stewartfield, Peel Park)","South Lanarkshire",G74,Glasgow
crying,58.163167890452854,-3.900832178932668,1664918898,2318,1982,40,Female,Y,1060,"East Helmsdale",Highland,KW8,"Highlands (Inverness)"
crying,57.10976785646555,-4.46297010593046,1664919386,2325,1972,50,Male,Y,1376,"Fort Augustus",Highland,PH32,"Highlands (Inverness)"
crying,55.73455627441205,-4.624846399358878,1664920081,2342,1966,56,Male,Y,791,Beith,"East Ayrshire",KA15,Ayrshire
crying,55.5361012009838,-5.509361572644189,1664920113,2348,1997,25,Female,Y,1246,Campbeltown,"Argyll and Bute",PA28,"Argyll and Bute"
crying,55.413710163121884,-4.741222500194694,1664920185,2346,1962,60,Female,Y,856,"Ayr (Centre)","South Ayrshire",KA7,Ayrshire
crying,55.571971566268054,-4.358533779565061,1664920308,2351,1979,43,Female,Y,844,Moscow,"East Ayrshire",KA4,Ayrshire
crying,55.87382101478054,-5.172578118414763,1664920339,2350,1981,41,Female,Y,1237,"Isle of Bute","Argyll and Bute",PA20,"Argyll and Bute"
crying,55.805505840235895,-4.378216207744516,1664920622,2362,1998,24,Male,Y,540,Barrhead,"East Renfrewshire",G78,Glasgow
crying,56.18701702247329,-3.4770386607531147,1664920703,2364,1976,46,Male,Y,1097,Kinnesswood,"Perth and Kinross",KY13,Fife
crying,55.0390330165408,-3.4721254716383965,1664920748,2363,1989,33,Male,Y,186,"Dumfries (centre and east: Dalscone, Georgetown, Heathhall, Kingholm Quay, Noblehill, The Crichton)","Dumfries and Galloway",DG1,"Dumfries and Galloway"
crying,55.94805817537103,-3.0955643842471954,1664920763,2361,2001,21,Male,Y,281,"Portobello, Edinburgh",Edinburgh,"Edinburgh Duddingston","Lothian (Edinburgh)"
crying,56.01508423855459,-4.281302459000961,1664920984,2301,2006,16,Female,School,509,Lenzie,"East Dunbartonshire",G66,Glasgow
crying,55.751621830578905,-4.229068259094304,1664921066,2370,2003,19,Other,N,534,"East Kilbride (south: Hairmyres, Westwood, The Murray, Murray East, Whitehills, Greenhill, Newlandsmuir, Gardenhall, Crosshouse, Newlands, Lindsayfield, Mossneuk)","South Lanarkshire",G75,Glasgow
crying,57.52853443284339,-2.8936685966837,1664922263,2376,1961,61,Female,N,88,Keith, Moray,AB55,"North East (Aberdeen)"
crying,55.956678754606784,-4.303487108656933,1664922490,2381,1975,47,Female,Y,489,Milngavie,"East Dunbartonshire",G62,Glasgow
crying,56.43305651982566,-3.8186365680237806,1664922680,2386,1999,23,Male,Y,1313,"Perth (north and west: Burghmuir, Cherrybank, Hillyland, Inveralmond, Lethom, Muirton, North Muirton, Tulloch)","Perth and Kinross",PH1,Fife
crying,58.05163952586741,-4.031368460893026,1664922826,2388,1968,54,Male,Y,1071,Brora,Highland,KW9,"Highlands (Inverness)"
crying,56.76785313104878,-2.8219650428044427,1664923080,2383,2000,22,Female,N,182,Brechin,Angus,DD9,"Tayside and Angus (Dundee)"
crying,57.121871875156245,-2.627695432612197,1664923168,2390,1980,42,Female,Y,25,Torphins,Aberdeenshire,AB31,"North East (Aberdeen)"
crying,55.98512771169729,-3.3747695240110103,1664923915,2397,2000,22,Male,N,306,"Queensferry, Edinburgh",Edinburgh,"Edinburgh Queensferry","Lothian (Edinburgh)"
crying,56.47340631304742,-2.964530835770284,1664924215,2403,1990,32,Female,N,243,"Hilltown, Dundee",Dundee,"Dundee Central","Tayside and Angus (Dundee)"
crying,57.914325834967904,-4.1760143164822905,1664924482,2405,1987,35,Female,Y,726,Dornoch,Highland,IV25,"Highlands (Inverness)"
crying,56.76903207132344,-2.863528033488142,1664924623,2383,2000,22,Female,N,182,Brechin,Angus,DD9,"Tayside and Angus (Dundee)"
crying,54.9861318103558,-3.5436299753643525,1664924651,2409,1951,71,Female,N,186,"Dumfries (centre and east: Dalscone, Georgetown, Heathhall, Kingholm Quay, Noblehill, The Crichton)","Dumfries and Galloway",DG1,"Dumfries and Galloway"
crying,55.94120018816146,-3.0876636295139557,1664924974,2408,1992,30,Female,Y,281,"Portobello, Edinburgh",Edinburgh,"Edinburgh Duddingston","Lothian (Edinburgh)"
crying,55.133729224365126,-3.6648851535953204,1664927999,2424,1997,25,Male,Y,186,"Dumfries (centre and east: Dalscone, Georgetown, Heathhall, Kingholm Quay, Noblehill, The Crichton)","Dumfries and Galloway",DG1,"Dumfries and Galloway"
crying,55.90094910067434,-3.235078042751222,1664945572,2446,1983,39,Female,N,305,"Oxgangs, Edinburgh",Edinburgh,"Edinburgh Oxgangs","Lothian (Edinburgh)"
crying,56.62197395917227,-3.072402493541658,1664947062,2447,1994,28,Female,Y,181,Kirriemuir,Angus,DD8,"Tayside and Angus (Dundee)"
crying,56.82872095626212,-2.683648896557073,1664948171,2454,1990,32,Female,Y,182,Brechin,Angus,DD9,"Tayside and Angus (Dundee)"
crying,55.9513305672538,-3.189766255378445,1664948257,2455,1979,43,Female,Y,267,"Sighthill, Edinburgh",Edinburgh,"Edinburgh Central","Lothian (Edinburgh)"
crying,56.98900834129548,-2.3108988375781236,1664948986,2457,1976,46,Female,Y,48,Stonehaven,Aberdeenshire,AB39,"North East (Aberdeen)"
crying,56.04566438677719,-3.4662185849543086,1664949097,2459,1978,44,Male,Y,1091,Inverkeithing,Fife,KY11,Fife
crying,55.7533904842354,-4.1407181179169985,1664949952,2465,1953,69,Female,N,530,"East Kilbride (north: The Village, East Mains, West Mains, Lymekilns, St Leonards, Calderwood, Nerston, Stewartfield, Peel Park)","South Lanarkshire",G74,Glasgow
crying,55.41802448216322,-4.692498978215364,1664951263,2471,1994,28,Female,Y,856,"Ayr (Centre)","South Ayrshire",KA7,Ayrshire
crying,56.47949975006971,-2.9838938624901417,1664953116,2481,1962,60,Male,Y,234,"Baxter Park, Dundee",Dundee,"Dundee Bluebelt","Tayside and Angus (Dundee)"
crying,55.78707179625165,-4.004688667531861,1664953275,2483,1950,72,Male,Y,1151,Motherwell,"North Lanarkshire",ML1,Glasgow
crying,56.5643651097409,-6.071345435273759,1664953588,2486,1976,46,Male,N,1295,"Salen, Isle of Mull","Argyll and Bute",PA72,"Argyll and Bute"
crying,55.8163137906202,-4.3403195822887515,1664953777,2488,1988,34,Male,Y,680,"Crookston, Glasgow",Glasgow,"Glasgow Southwest",Glasgow
crying,55.857905663733504,-4.234960906635563,1664955301,2498,1954,68,Female,Y,577,"City centre, Glasgow",Glasgow,"Glasgow City Centre",Glasgow
crying,57.08963650279847,-2.263176967782105,1664955732,2501,1993,29,Male,Y,131,"Milltimber, Aberdeen",Aberdeen,"Aberdeen Southwest","North East (Aberdeen)"
crying,55.95819886435199,-3.925240318557209,1664956403,2505,1970,52,Female,Y,514,"Cumbernauld (south: Condorrat, Lenziemill, Carbrain, Kildrum, Cumbernauld Village, Abronhill, Seafar)","North Lanarkshire",G67,Glasgow
crying,57.67275136506743,-3.326007905436443,1664956853,2510,1994,28,Female,Y,737,Elgin,Moray,IV30,"North East (Aberdeen)"
crying,55.9095988709212,-4.326309426433739,1664957898,2518,1993,29,Female,Y,488,Bearsden,"East Dunbartonshire",G61,Glasgow
crying,56.14924980237398,-5.419815335058981,1664957920,2522,1983,39,Female,Y,1254,Lochgilphead,"Argyll and Bute",PA31,"Argyll and Bute"
crying,55.885469203337244,-3.2805975476879756,1664958236,2523,1977,45,Male,N,311,"Currie, Edinburgh",Edinburgh,"Edinburgh South","Lothian (Edinburgh)"
crying,57.11858086619371,-2.153613511800821,1664958452,2516,1993,29,Male,Y,132,"Peterculter, Aberdeen",Aberdeen,"Aberdeen Southwest","North East (Aberdeen)"
crying,55.82115609762631,-4.207497678593489,1664958680,2535,2000,22,Female,Y,648,"Shawlands, Glasgow",Glasgow,"Glasgow South",Glasgow
crying,56.13575126880736,-4.5245384613630275,1664958847,2536,1999,23,Female,Y,465,Aberfoyle,Stirlingshire,FK8,"Stirling and Falkirk"
crying,54.9890059741037,-4.553618211454333,1664959375,2546,2004,18,Female,Y,226,"Port William","Dumfries and Galloway",DG8,"Dumfries and Galloway"
crying,55.435790916068356,-4.627093455613668,1664959492,2545,1952,70,Female,N,856,"Ayr (Centre)","South Ayrshire",KA7,Ayrshire
crying,55.89492057223735,-4.379189435848685,1664961477,2563,1994,28,Female,Y,641,"Knightswood, Glasgow",Glasgow,"Glasgow Northwest",Glasgow
crying,56.4684133782133,-3.021344405952667,1664961502,2564,1961,61,Female,N,236,"Lochee, Dundee",Dundee,"Dundee Central","Tayside and Angus (Dundee)"
crying,57.46863797547187,-2.526793301697728,1664962623,2575,1977,45,Female,Y,78,Turriff,Aberdeenshire,AB53,"North East (Aberdeen)"
crying,55.87012626941657,-4.439755039222883,1664963176,2580,1964,58,Female,N,1249,"Paisley (north west: Ferguslie Park, Gallowhill, Gockston, Shortroods, )",Renfrewshire,PA3,Glasgow
crying,57.41837803436185,-4.2761409493176386,1664963228,2581,1980,42,Female,Y,714,"Inverness (east: Culcabock, Crown, Culduthel, Drummond, Haugh, Hilton, Holm, Lochardil, Millburn, Raigmore)",Highland,IV2,"Highlands (Inverness)"
crying,57.57365505644314,-7.192496783221817,1664964476,2599,1985,37,Female,Y,693,"Isle of North Uist","Western Isles",HS6,"Western Isles"
crying,58.48679353856891,-3.5676196238017006,1664965682,2606,1992,30,Female,Y,913,Halkirk,Highland,KW12,"Highlands (Inverness)"
crying,57.18187129874057,-2.3375165286631887,1664966446,2612,2004,18,Other,Y,28,Westhill,Aberdeenshire,AB32,"North East (Aberdeen)"
crying,55.01746046815788,-3.8138450800860304,1664967083,2595,1992,30,Female,Y,207,"Dumfries (west: Broomlands, Cargenbridge, Lochside, Maxwelltown, Troqueer)","Dumfries and Galloway",DG2,"Dumfries and Galloway"
crying,55.88210336050385,-4.344470302802541,1664967785,2622,1986,36,Female,Y,639,"Scotstoun, Glasgow",Glasgow,"Glasgow Northwest",Glasgow
crying,57.5799925804261,-3.237261264197347,1664968151,2627,1994,28,Female,Y,737,Elgin,Moray,IV30,"North East (Aberdeen)"
crying,56.930187578397245,-2.3541734409535695,1664968338,2628,1981,41,Female,Y,48,Stonehaven,Aberdeenshire,AB39,"North East (Aberdeen)"
crying,55.83624233012521,-4.067779056367593,1664969321,2632,1988,34,Male,Y,523,Bothwell,"South Lanarkshire",G71,Glasgow
crying,55.918013742522284,-4.081611724148366,1664969454,2659,1994,28,Male,Y,520,Gartcosh,"North Lanarkshire",G69,Glasgow
crying,56.97703909202306,-2.319999729557189,1664969472,2646,1978,44,Male,Y,48,Stonehaven,Aberdeenshire,AB39,"North East (Aberdeen)"
crying,55.84347164181396,-3.5034192099831634,1664969559,2672,1978,44,Male,N,375,Livingston,"West Lothian",EH54,"Lothian (Edinburgh)"
crying,55.499376724383744,-3.8884625081618482,1664969573,2670,1987,35,Female,Y,1167,Lanark,"South Lanarkshire",ML11,Glasgow
crying,56.211611518215705,-3.148565642222315,1664969639,2677,1997,25,Male,Y,1133,"Glenrothes (centre and east: Pitteuchar, Finglassie, Stenton, Auchmuty, Pitcoudie, Balfarg, Pircairn, Collydean)",Fife,KY7,Fife
crying,56.057217196185995,-3.4001824444637143,1664969715,2674,1990,32,Female,Y,1089,"Dalgety Bay",Fife,KY11,Fife
crying,55.86930618903053,-3.3738627014634694,1664969859,2697,1991,31,Female,Y,312,"Juniper Green, Edinburgh",Edinburgh,"Edinburgh South","Lothian (Edinburgh)"
crying,55.62032364443546,-4.304540718717201,1664970010,2708,1978,44,Male,Y,795,Newmilns,"East Ayrshire",KA16,Ayrshire
crying,55.88359405347838,-4.361172846393086,1664970233,2701,1996,26,Female,Y,640,"Whiteinch, Glasgow",Glasgow,"Glasgow Northwest",Glasgow
crying,56.0516387564693,-3.3139199910345893,1664970289,2729,1976,46,Male,Y,1120,Kinghorn,Fife,KY3,Fife
crying,56.704174894846574,-3.1035892824574987,1664970290,2732,1990,32,Male,Y,179,Forfar,Angus,DD8,"Tayside and Angus (Dundee)"
crying,56.484503579502544,-3.5952061002285705,1664970436,2741,1979,43,Female,Y,1313,"Perth (north and west: Burghmuir, Cherrybank, Hillyland, Inveralmond, Lethom, Muirton, North Muirton, Tulloch)","Perth and Kinross",PH1,Fife
crying,55.87437906172963,-4.196177320613231,1664970494,2745,1996,26,Female,Y,483,Stepps,"North Lanarkshire",G33,Glasgow
crying,55.923156872299316,-3.306490160215321,1664970547,2718,1995,27,Female,Y,272,"New Town, Edinburgh",Edinburgh,"Edinburgh Central","Lothian (Edinburgh)"
crying,55.76923410271278,-4.145185047054001,1664970593,2749,1971,51,Female,Y,530,"East Kilbride (north: The Village, East Mains, West Mains, Lymekilns, St Leonards, Calderwood, Nerston, Stewartfield, Peel Park)","South Lanarkshire",G74,Glasgow
crying,55.88196158539701,-3.2759681633197513,1664970675,2748,1972,50,Female,Y,314,"Morningside, Edinburgh",Edinburgh,"Edinburgh South","Lothian (Edinburgh)"
crying,54.94363661242024,-4.216531056687744,1664970687,2751,1976,46,Female,N,222,"New Galloway","Dumfries and Galloway",DG7,"Dumfries and Galloway"
crying,56.30437408652814,-5.528178938620861,1664970774,2756,1993,29,Other,Y,1257,Oban,"Argyll and Bute",PA34,"Argyll and Bute"
crying,55.92246544271342,-4.369223699488725,1664970825,2764,1964,58,Male,Y,488,Bearsden,"East Dunbartonshire",G61,Glasgow
crying,55.857706481956065,-4.276623536107186,1664970869,2763,1996,26,Male,N,588,"Broomhill, Glasgow",Glasgow,"Glasgow Kelvin",Glasgow
crying,55.96198804549283,-4.437318425710548,1664970907,2777,1992,30,Female,N,546,Clydebank,"West Dunbartonshire",G81,Glasgow
crying,55.89133471136904,-4.855201983036515,1664970958,2768,1971,51,Female,Y,1231,"Greenock (west: Bow Farm, Braeside, Branchton, Fort Matilda, Gateside, Greenock West, Overton, Pennyfern, Smithston)",Inverclyde,PA16,Glasgow
crying,55.824471669096255,-4.428861718799806,1664970973,2782,1997,25,Male,Y,1236,"Paisley (south: Blackhall, Castlehead, Dykebar, Foxbar, Hunterhill, Meikleriggs)",Renfrewshire,PA2,Glasgow
crying,55.8929784008252,-3.237871936045207,1664970994,2780,1972,50,Female,Y,315,"Fairmilehead, Edinburgh",Edinburgh,"Edinburgh South","Lothian (Edinburgh)"
crying,57.680025804303455,-3.480743760204182,1664971062,2784,1994,28,Other,Y,737,Elgin,Moray,IV30,"North East (Aberdeen)"
crying,55.39132281914558,-4.763780879994261,1664971203,2791,1959,63,Female,Y,856,"Ayr (Centre)","South Ayrshire",KA7,Ayrshire
crying,55.51028691541045,-4.577219730659122,1664971227,2778,1992,30,Female,Y,873,Prestwick,"South Ayrshire",KA9,Ayrshire
crying,55.910230472156115,-4.467640307054605,1664971367,2811,1982,40,Female,Y,1306,Erskine,Renfrewshire,PA8,Glasgow
crying,55.90907490538537,-4.225589929697116,1664971495,2819,1956,66,Female,Y,502,Bishopbriggs,"East Dunbartonshire",G64,Glasgow
crying,55.93904269642412,-4.232098739002746,1664971535,2817,1982,40,Male,Y,503,Torrance,"East Dunbartonshire",G64,Glasgow
crying,55.8622551681144,-3.1156740491084958,1664971708,2826,1946,76,Female,Y,328,Bonnyrigg,Midlothian,EH19,"Lothian (Edinburgh)"
crying,55.93657267166456,-4.210511239275923,1664972006,2836,1979,43,Female,Y,503,Torrance,"East Dunbartonshire",G64,Glasgow
crying,55.84709409664989,-4.384376085372875,1664972073,2849,1968,54,Male,Y,1220,"Paisley (central, east and north east: Ferguslie, Oldhall, Seedhill, Williamsburgh, Whitehaugh)",Renfrewshire,PA1,Glasgow
crying,56.80222239171437,-3.084808746925452,1664972111,2850,2007,15,Male,School,179,Forfar,Angus,DD8,"Tayside and Angus (Dundee)"
crying,57.27228889328042,-2.2148820516446692,1664972248,2851,1997,25,Male,Y,112,"Dyce, Aberdeen",Aberdeen,"Aberdeen North","North East (Aberdeen)"
crying,55.933677962941616,-3.9280836396906755,1664972473,2863,1982,40,Male,Y,514,"Cumbernauld (south: Condorrat, Lenziemill, Carbrain, Kildrum, Cumbernauld Village, Abronhill, Seafar)","North Lanarkshire",G67,Glasgow
crying,55.56361198008809,-2.480522602030245,1664972704,2868,1977,45,Female,Y,1451,Kelso,"Scottish Borders",TD5,Borders
crying,56.223569992648805,-3.3424383931207227,1664972770,2873,1984,38,Female,Y,1098,Kinross,"Perth and Kinross",KY13,Fife
crying,55.93280453408126,-3.3770356646449025,1664972800,2876,1970,52,Male,Y,304,"Cramond, Edinburgh",Edinburgh,"Edinburgh Northwest","Lothian (Edinburgh)"
crying,55.87055814432543,-4.437180647685053,1664973181,2887,1992,30,Female,Y,1248,Linwood,Renfrewshire,PA3,Glasgow
crying,55.94011019819622,-4.869512034587963,1664973201,2888,1972,50,Male,Y,1235,Gourock,Inverclyde,PA19,Glasgow
crying,55.7103000017763,-4.57206641911334,1664973269,2896,1996,26,Female,Y,841,Stewarton,"East Ayrshire",KA3,Ayrshire
crying,55.71229165822301,-4.203190854686771,1664973289,2899,1994,28,Other,Y,534,"East Kilbride (south: Hairmyres, Westwood, The Murray, Murray East, Whitehills, Greenhill, Newlandsmuir, Gardenhall, Crosshouse, Newlands, Lindsayfield, Mossneuk)","South Lanarkshire",G75,Glasgow
crying,55.829261172942516,-3.7178681428705946,1664973310,2894,1952,70,Male,Y,1209,Shotts,"North Lanarkshire",ML7,Glasgow
crying,57.35869495486896,-2.0527117163662174,1664973416,2907,1999,23,Male,Y,50,Pitmedden,Aberdeenshire,AB41,"North East (Aberdeen)"
crying,55.99824786126402,-3.3573261655503073,1664973565,2912,2000,22,Male,Y,306,"Queensferry, Edinburgh",Edinburgh,"Edinburgh Queensferry","Lothian (Edinburgh)"
crying,55.92158403122303,-4.15760496743918,1664973652,2909,1989,33,Male,Y,509,Lenzie,"East Dunbartonshire",G66,Glasgow
crying,55.86953660722843,-3.2872048740316395,1664973740,2919,1991,31,Male,Y,311,"Currie, Edinburgh",Edinburgh,"Edinburgh South","Lothian (Edinburgh)"
crying,55.676123447588694,-3.3849233336660034,1664973876,2929,1994,28,Male,Y,363,"West Linton","Scottish Borders",EH46,Borders
crying,55.908123537996765,-3.2027198804768586,1664973888,2919,1991,31,Male,Y,311,"Currie, Edinburgh",Edinburgh,"Edinburgh South","Lothian (Edinburgh)"
crying,56.00903059133553,-3.9003309417075225,1664973926,2928,1977,45,Male,Y,453,Dunipace,Falkirk,FK6,"Stirling and Falkirk"
crying,57.00482393091192,-2.2066203047799817,1664973985,2933,1970,52,Female,Y,48,Stonehaven,Aberdeenshire,AB39,"North East (Aberdeen)"
crying,55.87257977642473,-3.2576860692308687,1664974015,2938,1991,31,Female,Y,314,"Morningside, Edinburgh",Edinburgh,"Edinburgh South","Lothian (Edinburgh)"
crying,55.93052506415686,-3.568404431427337,1664974129,2942,1962,60,Female,Y,371,Broxburn,"West Lothian",EH52,"Lothian (Edinburgh)"
crying,56.58735163564601,-3.272950295065559,1664974327,2947,1991,31,Female,Y,1318,Blairgowrie,"Perth and Kinross",PH10,Fife
crying,55.673186417359844,-4.507014872441994,1664974355,2956,1956,66,Male,Y,837,"Kilmarnock (north: Onthank, Townholm, Altonhill, Longpark, Beansburn, New Farm Loch, Knockinlaw, Hillhead, Crookedholm)","East Ayrshire",KA3,Ayrshire
crying,55.9307678189142,-4.178222803036255,1664974445,2963,1961,61,Female,Y,507,Kirkintilloch,"East Dunbartonshire",G66,Glasgow
crying,55.78790001872756,-4.171932338909381,1664974689,2980,1995,27,Female,Y,530,"East Kilbride (north: The Village, East Mains, West Mains, Lymekilns, St Leonards, Calderwood, Nerston, Stewartfield, Peel Park)","South Lanarkshire",G74,Glasgow
crying,56.65277760578485,-5.499883735557419,1664974853,2986,1997,25,Male,Y,1377,"Fort William",Highland,PH33,"Highlands (Inverness)"
crying,55.820129455564654,-4.2751383846862465,1664975322,2999,2001,21,Male,Y,660,"Arden, Glasgow",Glasgow,"Glasgow South",Glasgow
crying,55.9377737661866,-3.3862726711610565,1664975458,3013,1992,30,Male,Y,301,"Kirkliston, Edinburgh",Edinburgh,"Edinburgh Northwest","Lothian (Edinburgh)"
crying,55.86122929136641,-4.032532013031495,1664975505,3016,1988,34,Male,Y,1189,Coatbridge,"North Lanarkshire",ML5,Glasgow
crying,55.906094567546134,-4.228996217269607,1664975862,3030,1971,51,Male,N,502,Bishopbriggs,"East Dunbartonshire",G64,Glasgow
crying,55.99233273330458,-3.849745540352353,1664975915,3034,1997,25,Female,Y,377,"Falkirk (centre and south: Arnothill, Bantaskin, Callendar Park, Glen Village, Hallglen, Lionthorn, Tamfourhill, Woodlands)",Falkirk,FK1,"Stirling and Falkirk"
crying,55.95692203371575,-4.218472875261976,1664975961,3037,1973,49,Female,Y,502,Bishopbriggs,"East Dunbartonshire",G64,Glasgow
crying,55.82688409814975,-4.2899438586954055,1664976145,3043,1986,36,Female,Y,650,"Newlands, Glasgow",Glasgow,"Glasgow South",Glasgow
crying,56.119615764359075,-3.457009573179018,1664976236,3042,1969,53,Male,Y,1096,"Dunfermline (centre, north, west: Abbey Parks, Lady's Mill, Garvock, Headwell, Kingseathill, Wellwood, Milesmark, Baldridge, Pittencrieff, Baldridgeburn)",Fife,KY12,Fife
crying,55.926836394912534,-2.974159960059119,1664976314,3045,1977,45,Male,N,349,Tranent,"East Lothian",EH33,"Lothian (Edinburgh)"
crying,55.8917445522236,-4.56415856798575,1664976320,3046,1974,48,Female,Y,1278,Houston,Renfrewshire,PA6,Glasgow
crying,55.850534323568354,-4.363888460587424,1664976423,3056,1989,33,Female,N,678,"Cardonald, Glasgow",Glasgow,"Glasgow Southwest",Glasgow
crying,57.87265901738948,-6.827183294126876,1664976513,3059,2002,20,Female,Y,689,"Isle of Harris","Western Isles (excluding Leverburgh and Rodel areas)",HS3,"Western Isles"
crying,55.95147173824788,-3.241095923083671,1664976559,3055,1964,58,Female,Y,293,"Comely Bank, Edinburgh",Edinburgh,"Edinburgh North","Lothian (Edinburgh)"
crying,55.8825617058423,-3.920991346632186,1664976714,3063,1980,42,Male,Y,1192,Airdrie,"North Lanarkshire",ML6,Glasgow
crying,55.9387726329571,-3.9287882177449336,1664976797,3069,1986,36,Female,Y,514,"Cumbernauld (south: Condorrat, Lenziemill, Carbrain, Kildrum, Cumbernauld Village, Abronhill, Seafar)","North Lanarkshire",G67,Glasgow
crying,55.840603382938795,-4.2726116332821045,1664976952,3072,1964,58,Female,Y,647,"Pollokshields, Glasgow",Glasgow,"Glasgow South",Glasgow
crying,55.94587225475693,-3.6070058672192844,1664977024,3074,1997,25,Male,Y,369,Linlithgow,"West Lothian",EH49,"Lothian (Edinburgh)"
crying,56.42734451817675,-2.8436292518498645,1664977189,3084,1991,31,Other,Y,175,Newport-on-Tay,Fife,DD6,"Tayside and Angus (Dundee)"
crying,55.83548775597126,-3.369585254654325,1664977328,3083,1962,60,Female,Y,313,"Colinton, Edinburgh",Edinburgh,"Edinburgh South","Lothian (Edinburgh)"
crying,57.141124107189,-2.405840694332613,1664977455,3090,2001,21,Male,Y,28,Westhill,Aberdeenshire,AB32,"North East (Aberdeen)"
crying,55.66821970095587,-4.4217624146064995,1664977583,3095,1986,36,Male,Y,838,Kilmaurs,"East Ayrshire",KA3,Ayrshire
crying,57.26072496870937,-3.7263149497148063,1664978083,3108,1992,30,Female,Y,1366,"Boat of Garten",Highland,PH24,"Highlands (Inverness)"
crying,55.763614033562206,-4.2379049924017,1664978097,3117,1975,47,Female,Y,530,"East Kilbride (north: The Village, East Mains, West Mains, Lymekilns, St Leonards, Calderwood, Nerston, Stewartfield, Peel Park)","South Lanarkshire",G74,Glasgow
crying,55.9011524076412,-3.275477309172268,1664978100,3111,1961,61,Male,Y,317,"Marchmont, Edinburgh",Edinburgh,"Edinburgh South","Lothian (Edinburgh)"
crying,57.14592681692371,-2.792980179765321,1664978343,3124,1998,24,Male,Y,35,"Kincardine O'Neil",Aberdeenshire,AB34,"North East (Aberdeen)"
crying,55.95920221716169,-3.176856003801575,1664978689,3142,1996,26,Female,Y,288,"Murrayfield, Edinburgh",Edinburgh,"Edinburgh North","Lothian (Edinburgh)"
crying,56.735158638917866,-4.094301886896588,1664978766,3143,1973,49,Female,Y,1329,Pitlochry,"Perth and Kinross",PH16,Fife
crying,55.74260206425257,-4.211090172793723,1664978772,3146,1986,36,Female,Y,534,"East Kilbride (south: Hairmyres, Westwood, The Murray, Murray East, Whitehills, Greenhill, Newlandsmuir, Gardenhall, Crosshouse, Newlands, Lindsayfield, Mossneuk)","South Lanarkshire",G75,Glasgow
crying,55.71634868002662,-3.8585323222885317,1664978877,3147,1996,26,Female,Y,1212,Carluke,"South Lanarkshire",ML8,Glasgow
crying,56.71591172415707,-5.214941236171465,1664978998,3144,1963,59,Male,Y,1377,"Fort William",Highland,PH33,"Highlands (Inverness)"
crying,55.87050548320763,-4.334283924949344,1664978999,3151,1950,72,Female,Y,641,"Knightswood, Glasgow",Glasgow,"Glasgow Northwest",Glasgow
crying,55.95505951772348,-4.247620457149493,1664979012,3158,1972,50,Male,Y,502,Bishopbriggs,"East Dunbartonshire",G64,Glasgow
crying,56.04196377362261,-3.378513357647243,1664979297,3166,1972,50,Female,N,1089,"Dalgety Bay",Fife,KY11,Fife
crying,57.63150278336425,-7.4731156300488415,1664979635,3134,1967,55,Female,N,693,"Isle of North Uist","Western Isles",HS6,"Western Isles"
crying,58.2100959161309,-6.3701529950564755,1664979757,3176,1972,50,Male,N,686,"Stornoway, Isle of Lewis","Western Isles",HS1,"Western Isles"
crying,57.546007166127254,-5.3620867644844505,1664980013,3184,1967,55,Female,Y,720,Achnasheen,Highland,IV22,"Highlands (Inverness)"
crying,55.914676642592156,-4.010488882070976,1664980089,3182,1958,64,Male,Y,514,"Cumbernauld (south: Condorrat, Lenziemill, Carbrain, Kildrum, Cumbernauld Village, Abronhill, Seafar)","North Lanarkshire",G67,Glasgow
crying,55.913678555507026,-4.370930547434268,1664980151,3189,1983,39,Female,Y,639,"Scotstoun, Glasgow",Glasgow,"Glasgow Northwest",Glasgow
crying,56.4078632603124,-2.859696065974969,1664980224,3193,1989,33,Male,Y,175,Newport-on-Tay,Fife,DD6,"Tayside and Angus (Dundee)"
crying,57.49012929516838,-4.045273070115429,1664980248,3194,1980,42,Female,N,714,"Inverness (east: Culcabock, Crown, Culduthel, Drummond, Haugh, Hilton, Holm, Lochardil, Millburn, Raigmore)",Highland,IV2,"Highlands (Inverness)"
crying,56.04382612130666,-3.7643070235420653,1664980437,3199,1998,24,Male,Y,422,"Falkirk (north: Grahamston, Middlefield, Westfield)",Falkirk,FK2,"Stirling and Falkirk"
crying,57.40554968581204,-4.312566111043883,1664980641,3209,1959,63,Female,Y,714,"Inverness (east: Culcabock, Crown, Culduthel, Drummond, Haugh, Hilton, Holm, Lochardil, Millburn, Raigmore)",Highland,IV2,"Highlands (Inverness)"
crying,55.87828451279909,-3.381519663299825,1664980673,3214,1984,38,Female,Y,314,"Morningside, Edinburgh",Edinburgh,"Edinburgh South","Lothian (Edinburgh)"
crying,55.98439659054841,-3.980727287090187,1664980725,3216,1959,63,Female,N,441,Bonnybridge,Falkirk,FK4,"Stirling and Falkirk"
crying,55.836748190752026,-4.28883182629159,1664980748,3203,1988,34,Female,Y,653,"Netherlee, Glasgow",Glasgow,"Glasgow South",Glasgow
crying,56.50526587938461,-2.907264787601582,1664980811,3223,1976,46,Female,Y,156,Tealing,Angus,DD4,"Tayside and Angus (Dundee)"
crying,55.94002326589391,-3.266923087929819,1664980898,3215,1986,36,Female,Y,288,"Murrayfield, Edinburgh",Edinburgh,"Edinburgh North","Lothian (Edinburgh)"
crying,56.458507338174826,-2.9964854898399094,1664980906,3228,1973,49,Male,Y,261,"Westend, Dundee",Dundee,"Dundee West","Tayside and Angus (Dundee)"
crying,56.13351176870953,-3.9410686360836906,1664980959,3208,1987,35,Female,Y,477,"Bridge of Allan",Stirlingshire,FK9,"Stirling and Falkirk"
crying,55.86528414223893,-4.412015619314653,1664981311,3242,1980,42,Female,Y,1264,Renfrew,Renfrewshire,PA4,Glasgow
crying,55.768858275292644,-4.372831852767832,1664981311,3245,1973,49,Female,Y,539,"Newton Mearns","East Renfrewshire",G77,Glasgow
crying,55.1467665352459,-3.528914892431715,1664981447,3248,1991,31,Male,Y,196,Lockerbie,"Dumfries and Galloway",DG11,"Dumfries and Galloway"
crying,55.290404419518225,-2.9572837701441195,1664981815,3260,1998,24,Female,Y,1493,Hawick,"Scottish Borders",TD9,Borders
crying,55.67396534730576,-4.4645562810866615,1664982067,3273,1961,61,Male,Y,838,Kilmaurs,"East Ayrshire",KA3,Ayrshire
crying,56.293948863391066,-2.9742782309247526,1664982079,3269,1977,45,Female,Y,1639,Auchtermuchty,Fife,KY15,Fife
crying,55.70220772253925,-2.620768117320025,1664982146,3275,1981,41,Other,Y,1442,Earlston,"Scottish Borders",TD4,Borders
crying,55.94524852452479,-3.083526236032935,1664982531,3288,1985,37,Female,Y,281,"Portobello, Edinburgh",Edinburgh,"Edinburgh Duddingston","Lothian (Edinburgh)"
crying,56.01179231475947,-3.81021566765913,1664982620,3290,2002,20,Other,School,422,"Falkirk (north: Grahamston, Middlefield, Westfield)",Falkirk,FK2,"Stirling and Falkirk"
crying,56.48891806793134,-2.7980482093312875,1664982799,3292,1958,64,Female,Y,247,"Broughty Ferry, Dundee",Dundee,"Dundee East","Tayside and Angus (Dundee)"
crying,55.950301824022176,-3.248109322134958,1664982999,3302,1993,29,Male,Y,298,"Inverleith, Edinburgh",Edinburgh,"Edinburgh North","Lothian (Edinburgh)"
crying,56.16337859570025,-3.7672032932000903,1664983106,3309,1982,40,Male,Y,393,Alva,Clackmannanshire,FK12,"Stirling and Falkirk"
crying,55.97333870297018,-2.8164181938817614,1664983378,3320,1990,32,Male,Y,357,Haddington,"East Lothian",EH41,"Lothian (Edinburgh)"
crying,55.87180812377815,-3.2890733527663,1664983411,3321,1970,52,Male,Y,313,"Colinton, Edinburgh",Edinburgh,"Edinburgh South","Lothian (Edinburgh)"
crying,55.96631634537129,-3.5377196882187167,1664983469,3326,1990,32,Female,Y,369,Linlithgow,"West Lothian",EH49,"Lothian (Edinburgh)"
crying,55.761496280897916,-4.019653264561643,1664983487,3312,1967,55,Female,Y,1183,Hamilton,"South Lanarkshire",ML3,Glasgow
crying,55.974731453429705,-2.562476687181087,1664983620,3334,1992,30,Male,Y,359,Dunbar,"East Lothian",EH42,"Lothian (Edinburgh)"
crying,55.93623704293037,-3.280762448409068,1664983667,3344,1983,39,Female,Y,296,"Davidson's Mains, Edinburgh",Edinburgh,"Edinburgh North","Lothian (Edinburgh)"
crying,56.37150582441269,-3.277384942751505,1664983733,3346,1992,30,Female,Y,1353,Scone,"Perth and Kinross",PH2,Fife
crying,55.97835474225816,-3.652652657300589,1664983767,3339,1997,25,Other,Y,369,Linlithgow,"West Lothian",EH49,"Lothian (Edinburgh)"
crying,55.68524152549813,-4.400923984524849,1664983769,3347,1991,31,Male,Y,834,Dunlop,"East Ayrshire",KA3,Ayrshire
crying,55.79515291742571,-4.063513083284914,1664983829,3350,1996,26,Female,Y,1183,Hamilton,"South Lanarkshire",ML3,Glasgow
crying,55.52997064831346,-4.54241837605243,1664984190,3366,1991,31,Female,Y,779,"Kilmarnock (centre and south: Bonnyton, Grange, Bellfield, Shortlees, Caprington, Riccarton, Hurlford)","East Ayrshire",KA1,Ayrshire
crying,55.56857783275781,-4.617626939404438,1664984856,3384,1992,30,Male,Y,784,Troon,"South Ayrshire",KA10,Ayrshire
crying,56.074341744151845,-3.1991100927755287,1664984986,3392,1979,43,Female,Y,1119,Burntisland,Fife,KY3,Fife
crying,57.11180762407214,-2.3318845200773866,1664984994,3387,1978,44,Female,Y,128,"Mannofield, Aberdeen",Aberdeen,"Aberdeen Southwest","North East (Aberdeen)"
crying,55.84045587469459,-4.306213312048333,1664985031,3389,1993,29,Female,Y,653,"Netherlee, Glasgow",Glasgow,"Glasgow South",Glasgow
crying,57.77030678035428,-4.111720426334861,1664985205,3399,1969,53,Female,Y,708,Invergordon,Highland,IV18,"Highlands (Inverness)"
crying,56.281753132843576,-3.594801362621919,1664985343,3356,1976,46,Female,Y,1354,"Perth (south and east: Barnhill, Bridgend, Craigie, Kincarrathie, Upper Craigie)","Perth and Kinross",PH2,Fife
crying,56.081617871319146,-4.458354198999158,1664985544,3408,1979,43,Female,Y,501,Strathblane,Stirlingshire,G63,"Stirling and Falkirk"
crying,55.93165487036841,-3.514983246330987,1664985574,3411,1959,63,Female,Y,371,Broxburn,"West Lothian",EH52,"Lothian (Edinburgh)"
crying,55.87083862035759,-3.369706097602425,1664985617,3410,1966,56,Female,Y,314,"Morningside, Edinburgh",Edinburgh,"Edinburgh South","Lothian (Edinburgh)"
crying,55.889604047608934,-4.737302016593448,1664985639,3413,1969,53,Male,Y,1227,Kilmacolm,Inverclyde,PA13,Glasgow
crying,57.239745546924105,-2.2464272590045384,1664985671,3415,1982,40,Female,Y,113,"Bridge of Don, Aberdeen",Aberdeen,"Aberdeen North","North East (Aberdeen)"
crying,55.78549758058809,-4.129938056829022,1664985780,3414,1980,42,Female,Y,529,Cambuslang,"South Lanarkshire",G72,Glasgow
crying,55.93961368979397,-4.343605222647816,1664985833,3424,1984,38,Female,Y,489,Milngavie,"East Dunbartonshire",G62,Glasgow
crying,56.00507217772887,-4.595896738392402,1664985840,3425,1986,36,Male,Y,557,Alexandria,"West Dunbartonshire",G83,"Argyll and Bute"
crying,55.94052992750726,-3.2823507680875545,1664985983,3438,1986,36,Male,Y,292,"Craigleith, Edinburgh",Edinburgh,"Edinburgh North","Lothian (Edinburgh)"
crying,55.86570035327649,-3.320686148758546,1664986125,3432,1977,45,Female,Y,313,"Colinton, Edinburgh",Edinburgh,"Edinburgh South","Lothian (Edinburgh)"
crying,55.882583179784525,-3.1847888768063575,1664986336,3432,1977,45,Female,Y,313,"Colinton, Edinburgh",Edinburgh,"Edinburgh South","Lothian (Edinburgh)"
crying,55.84210232612363,-4.482232476444903,1664986459,3446,1992,30,Female,Y,1248,Linwood,Renfrewshire,PA3,Glasgow
crying,55.186107399066,-3.6151120695419126,1664986476,3456,1980,42,Female,Y,186,"Dumfries (centre and east: Dalscone, Georgetown, Heathhall, Kingholm Quay, Noblehill, The Crichton)","Dumfries and Galloway",DG1,"Dumfries and Galloway"
crying,55.866929410922964,-4.340325815727577,1664986643,3460,1993,29,Female,Y,676,"Mosspark, Glasgow",Glasgow,"Glasgow Southwest",Glasgow
crying,55.98680492686388,-3.4880242409583695,1664987073,3467,1963,59,Female,Y,371,Broxburn,"West Lothian",EH52,"Lothian (Edinburgh)"
crying,56.99220628239257,-2.618555852286676,1664987192,3466,2003,19,Other,School,22,Banchory,Aberdeenshire,AB31,"North East (Aberdeen)"
crying,55.850804531351855,-4.166316467681958,1664987357,3470,1983,39,Female,Y,598,Rutherglen,"South Lanarkshire","Glasgow Northeast",Glasgow
crying,55.744031724567115,-4.200374360103922,1664987658,3480,1998,24,Male,Y,534,"East Kilbride (south: Hairmyres, Westwood, The Murray, Murray East, Whitehills, Greenhill, Newlandsmuir, Gardenhall, Crosshouse, Newlands, Lindsayfield, Mossneuk)","South Lanarkshire",G75,Glasgow
crying,57.202993425786644,-2.3239172556877574,1664988129,3494,1999,23,Male,School,112,"Dyce, Aberdeen",Aberdeen,"Aberdeen North","North East (Aberdeen)"
crying,55.84269509695357,-4.307520227352865,1664988420,3510,1996,26,Female,Y,648,"Shawlands, Glasgow",Glasgow,"Glasgow South",Glasgow
crying,56.34762075953044,-5.538627479171339,1664988549,3512,1973,49,Female,Y,1257,Oban,"Argyll and Bute",PA34,"Argyll and Bute"
crying,55.880750283827126,-3.8979386918476084,1664988685,3515,1955,67,Female,Y,1192,Airdrie,"North Lanarkshire",ML6,Glasgow
crying,54.928251945613745,-3.7847228940500237,1664988934,3522,1953,69,Female,N,215,Dalbeattie,"Dumfries and Galloway",DG5,"Dumfries and Galloway"
crying,55.24513687603137,-3.506906257015036,1664988968,3525,1981,41,Male,Y,196,Lockerbie,"Dumfries and Galloway",DG11,"Dumfries and Galloway"
crying,55.41029459037425,-3.600894589341968,1664990176,3558,1970,52,Female,Y,1170,Biggar,"South Lanarkshire",ML12,Glasgow
crying,56.290971725846525,-3.4393976991938686,1664990490,3566,1967,55,Female,N,1354,"Perth (south and east: Barnhill, Bridgend, Craigie, Kincarrathie, Upper Craigie)","Perth and Kinross",PH2,Fife
crying,56.12656634996417,-3.478930852790956,1664990622,3571,1996,26,Female,Y,1096,"Dunfermline (centre, north, west: Abbey Parks, Lady's Mill, Garvock, Headwell, Kingseathill, Wellwood, Milesmark, Baldridge, Pittencrieff, Baldridgeburn)",Fife,KY12,Fife
crying,55.75806901667402,-4.346706133299633,1664990669,3582,1998,24,Female,Y,539,"Newton Mearns","East Renfrewshire",G77,Glasgow
crying,57.209980469946494,-7.3650513131789594,1664990741,3579,1961,61,Male,Y,695,"Isle of South Uist","Western Isles",HS8,"Western Isles"
crying,56.01861284284672,-3.865560954755396,1664990792,3581,1971,51,Female,Y,450,Stenhousemuir,Falkirk,FK5,"Stirling and Falkirk"
crying,55.93710899194782,-3.8110514747043545,1664990941,3590,1965,57,Female,Y,379,California, Falkirk,FK1,"Stirling and Falkirk"
crying,55.96547969719657,-2.9482118693500228,1664991155,3597,1996,26,Male,Y,347,Longniddry,"East Lothian",EH32,"Lothian (Edinburgh)"
crying,56.41826306119337,-3.223317963364506,1664991578,3619,2003,19,Female,Y,1354,"Perth (south and east: Barnhill, Bridgend, Craigie, Kincarrathie, Upper Craigie)","Perth and Kinross",PH2,Fife
crying,55.84377754872446,-3.103785007981058,1664992094,3635,1999,23,Female,Y,328,Bonnyrigg,Midlothian,EH19,"Lothian (Edinburgh)"
crying,55.670242235992234,-4.439620039384468,1664992481,3650,1989,33,Female,Y,837,"Kilmarnock (north: Onthank, Townholm, Altonhill, Longpark, Beansburn, New Farm Loch, Knockinlaw, Hillhead, Crookedholm)","East Ayrshire",KA3,Ayrshire
crying,57.22471088259753,-4.532638078869475,1664992511,3647,1998,24,Female,Y,713,Culloden,Highland,IV2,"Highlands (Inverness)"
crying,55.80371300817993,-4.305618697274404,1664992554,3651,1986,36,Female,Y,658,"Giffnock, Glasgow",Glasgow,"Glasgow South",Glasgow
crying,55.79841731977064,-3.215408999479785,1664992661,3656,1991,31,Male,Y,343,Penicuik,Midlothian,EH26,"Lothian (Edinburgh)"
crying,58.44823271922047,-3.765063819360657,1664992796,3660,1974,48,Female,Y,953,Reay,Highland,KW14,"Highlands (Inverness)"
crying,55.90805287996732,-4.026897456200118,1664992913,3662,1984,38,Male,Y,514,"Cumbernauld (south: Condorrat, Lenziemill, Carbrain, Kildrum, Cumbernauld Village, Abronhill, Seafar)","North Lanarkshire",G67,Glasgow
crying,55.93920956345038,-3.2672074346226454,1664993000,3670,1968,54,Male,Y,287,"Corstorphine, Edinburgh",Edinburgh,"Edinburgh North","Lothian (Edinburgh)"
crying,55.95649118259558,-4.768418376413537,1664993084,3672,1996,26,Male,Y,1231,"Greenock (west: Bow Farm, Braeside, Branchton, Fort Matilda, Gateside, Greenock West, Overton, Pennyfern, Smithston)",Inverclyde,PA16,Glasgow
crying,55.46765068519306,-4.635069147942122,1664993194,3659,1995,27,Other,Y,868,"Newton on Ayr","South Ayrshire",KA8,Ayrshire
crying,55.835682792230614,-4.0710202179875505,1664993265,3679,1959,63,Female,Y,523,Bothwell,"South Lanarkshire",G71,Glasgow
crying,55.850715115613845,-4.426241206192496,1664993427,3682,1959,63,Female,Y,1249,"Paisley (north west: Ferguslie Park, Gallowhill, Gockston, Shortroods, )",Renfrewshire,PA3,Glasgow
crying,56.246377180804494,-2.7673381237350587,1664993476,3683,1973,49,Female,Y,1082,Cellardyke,Fife,KY10,Fife
crying,55.89207661961338,-4.316410001412923,1664993647,3687,1979,43,Female,Y,587,"Jordanhill, Glasgow",Glasgow,"Glasgow Kelvin",Glasgow
crying,55.81166727243951,-4.867374629817115,1664994090,3700,1989,33,Female,Y,842,Largs,"North Ayrshire",KA30,Ayrshire
crying,55.84616959271095,-4.301556673192433,1664994170,3705,1967,55,Male,N,658,"Giffnock, Glasgow",Glasgow,"Glasgow South",Glasgow
crying,55.57166608314851,-4.389283668545493,1664994223,3710,1996,26,Female,Y,779,"Kilmarnock (centre and south: Bonnyton, Grange, Bellfield, Shortlees, Caprington, Riccarton, Hurlford)","East Ayrshire",KA1,Ayrshire
crying,55.95559307023065,-3.5319664308256122,1664994266,3709,1971,51,Female,Y,371,Broxburn,"West Lothian",EH52,"Lothian (Edinburgh)"
crying,55.86538587890605,-3.078967026333676,1664994271,3707,1973,49,Female,Y,328,Bonnyrigg,Midlothian,EH19,"Lothian (Edinburgh)"
crying,55.56665123786677,-4.398238600505395,1664994304,2704,1991,31,Male,N,779,"Kilmarnock (centre and south: Bonnyton, Grange, Bellfield, Shortlees, Caprington, Riccarton, Hurlford)","East Ayrshire",KA1,Ayrshire
crying,55.940805006666345,-3.285149834893034,1664994515,3717,1983,39,Female,Y,288,"Murrayfield, Edinburgh",Edinburgh,"Edinburgh North","Lothian (Edinburgh)"
crying,56.482240697009416,-3.0056607062786487,1664994665,3719,1992,30,Male,Y,236,"Lochee, Dundee",Dundee,"Dundee Central","Tayside and Angus (Dundee)"
crying,55.84374989439616,-4.4703060124388285,1664994710,3722,1990,32,Female,Y,1220,"Paisley (central, east and north east: Ferguslie, Oldhall, Seedhill, Williamsburgh, Whitehaugh)",Renfrewshire,PA1,Glasgow
crying,55.846278893816184,-4.42014979834549,1664994786,3727,1988,34,Female,Y,1220,"Paisley (central, east and north east: Ferguslie, Oldhall, Seedhill, Williamsburgh, Whitehaugh)",Renfrewshire,PA1,Glasgow
crying,56.47058545995351,-2.874781040631819,1664994788,3725,1988,34,Male,Y,247,"Broughty Ferry, Dundee",Dundee,"Dundee East","Tayside and Angus (Dundee)"
crying,57.718992296670635,-4.128909635818832,1664995407,3764,1987,35,Female,Y,708,Invergordon,Highland,IV18,"Highlands (Inverness)"
crying,57.57318288884671,-3.5067706720187983,1664995456,3762,1963,59,Female,N,740,Forres,Moray,IV36,"North East (Aberdeen)"
crying,58.218100217292175,-6.3724756181474085,1664995485,3766,1974,48,Female,Y,686,"Stornoway, Isle of Lewis","Western Isles",HS1,"Western Isles"
crying,58.53108184850622,-4.176234353684994,1664995535,3767,1994,28,Female,Y,941,Invernaver,Highland,KW14,"Highlands (Inverness)"
crying,55.920719517834364,-3.19525611310224,1664995583,3771,1998,24,Male,Y,317,"Marchmont, Edinburgh",Edinburgh,"Edinburgh South","Lothian (Edinburgh)"
crying,55.83096783974295,-4.450185983032184,1664995769,3777,1982,40,Female,Y,1236,"Paisley (south: Blackhall, Castlehead, Dykebar, Foxbar, Hunterhill, Meikleriggs)",Renfrewshire,PA2,Glasgow
crying,55.99645048620573,-3.5180279746190157,1664995894,825,1980,42,Female,Y,369,Linlithgow,"West Lothian",EH49,"Lothian (Edinburgh)"
crying,55.79504790852164,-4.327661651917403,1664996190,3795,1979,43,Female,Y,645,Clarkston,"East Renfrewshire","Glasgow South",Glasgow
crying,58.43706389064226,-3.367255687860399,1664996285,3797,1970,52,Female,Y,897,Watten,Highland,KW1,"Highlands (Inverness)"
crying,55.90420079646891,-4.778221989638147,1664996352,1201,1967,55,Male,Y,1231,"Greenock (west: Bow Farm, Braeside, Branchton, Fort Matilda, Gateside, Greenock West, Overton, Pennyfern, Smithston)",Inverclyde,PA16,Glasgow
crying,55.827471120651865,-4.281427469572921,1664996377,3799,1979,43,Female,Y,652,"King's Park, Glasgow",Glasgow,"Glasgow South",Glasgow
crying,55.59282190732003,-4.618792325624122,1664996382,3796,1996,26,Female,Y,785,"Irvine (east, south: Perceton, Lawthorn, Girdle Toll, Stanecastle, Bourtreehill, Broomlands, Dreghorn, Springside)","North Ayrshire",KA11,Ayrshire
crying,56.72575189106775,-3.3827968158121373,1664996433,3804,1981,41,Female,Y,1318,Blairgowrie,"Perth and Kinross",PH10,Fife
crying,56.833093069276266,-3.38315361274307,1664996630,3813,1988,34,Other,N,1318,Blairgowrie,"Perth and Kinross",PH10,Fife
crying,55.86076544572656,-4.889816610970244,1664996747,3811,1989,33,Female,Y,1233,Skelmorlie,"North Ayrshire",PA17,Ayrshire
crying,56.062097194374175,-3.2512983570501492,1664996831,3809,2004,18,Female,Y,1118,Aberdour,Fife,KY3,Fife
crying,56.0201709242659,-3.838300372587986,1664996891,3819,1988,34,Female,Y,449,Larbert,Falkirk,FK5,"Stirling and Falkirk"
crying,55.163337545007394,-3.6548864043959517,1664996949,3822,1997,25,Male,Y,207,"Dumfries (west: Broomlands, Cargenbridge, Lochside, Maxwelltown, Troqueer)","Dumfries and Galloway",DG2,"Dumfries and Galloway"
crying,55.88230619886215,-4.29489382560356,1664997016,3825,1997,25,Female,Y,587,"Jordanhill, Glasgow",Glasgow,"Glasgow Kelvin",Glasgow
crying,56.043499998368986,-2.776836538148041,1664997483,3842,1991,31,Male,Y,355,"North Berwick","East Lothian",EH39,"Lothian (Edinburgh)"
crying,55.87157998800793,-4.128673031289356,1664997516,3851,1973,49,Female,N,598,Rutherglen,"South Lanarkshire","Glasgow Northeast",Glasgow
crying,56.86595232741372,-2.659546569968048,1664997846,3868,1999,23,Male,Y,18,Laurencekirk,Aberdeenshire,AB30,"North East (Aberdeen)"
crying,55.644912774701325,-4.62148274152994,1664998225,3884,1995,27,Female,Y,785,"Irvine (east, south: Perceton, Lawthorn, Girdle Toll, Stanecastle, Bourtreehill, Broomlands, Dreghorn, Springside)","North Ayrshire",KA11,Ayrshire
crying,56.316616175108535,-3.6216735845412154,1664998429,3880,1988,34,Female,Y,1352,Meikleour,"Perth and Kinross",PH2,Fife
crying,55.7946968269736,-4.133142130377019,1664998457,3891,1981,41,Female,Y,528,Blantyre,"South Lanarkshire",G72,Glasgow
crying,55.88562187480578,-4.157009380364976,1664998564,3888,1996,26,Female,Y,483,Stepps,"North Lanarkshire",G33,Glasgow
crying,55.846876253786526,-4.52612463271448,1664998808,3905,1985,37,Female,N,1276,Johnstone,Renfrewshire,PA5,Glasgow
crying,57.0987426512807,-2.2914340724401208,1664998827,3909,1973,49,Male,Y,128,"Mannofield, Aberdeen",Aberdeen,"Aberdeen Southwest","North East (Aberdeen)"
crying,55.92741644700617,-4.057411598782891,1664998835,3818,1972,50,Female,N,517,"Cumbernauld (north: Balloch, Eastfield, Carrickstone, Smithstone, Blackwood, Westfield)","North Lanarkshire",G68,Glasgow
crying,56.33038184858672,-3.254472484681759,1664999004,3914,2008,14,Male,School,1102,Newburgh,Fife,KY14,Fife
crying,56.12139014337397,-3.23311701213268,1664999035,3916,1965,57,Female,N,1117,"Kirkcaldy (west: Hayfield, Templehall, Newliston, Chapel, Dunnikier, Bennochy)",Fife,KY2,Fife
crying,55.94080903174964,-3.18996896600552,1664999065,3906,1996,26,Female,Y,313,"Colinton, Edinburgh",Edinburgh,"Edinburgh South","Lothian (Edinburgh)"
crying,57.70548952963064,-3.301130350350154,1664999192,3925,1993,29,Female,N,738,Lossiemouth,Moray,IV31,"North East (Aberdeen)"
crying,57.22511215862081,-4.514079130046772,1664999218,3922,1971,51,Male,Y,714,"Inverness (east: Culcabock, Crown, Culduthel, Drummond, Haugh, Hilton, Holm, Lochardil, Millburn, Raigmore)",Highland,IV2,"Highlands (Inverness)"
crying,56.02139665013811,-3.8331104613113807,1664999250,3927,1986,36,Other,Y,450,Stenhousemuir,Falkirk,FK5,"Stirling and Falkirk"
crying,56.156544514252104,-4.069332080772963,1664999268,3929,1961,61,Female,N,477,"Bridge of Allan",Stirlingshire,FK9,"Stirling and Falkirk"
crying,57.20356679387674,-2.1562313288130577,1664999281,3930,1976,46,Female,Y,112,"Dyce, Aberdeen",Aberdeen,"Aberdeen North","North East (Aberdeen)"
crying,55.62992792112304,-4.198569051197324,1664999466,3935,1997,25,Female,Y,1160,Strathaven,"North Lanarkshire",ML10,Glasgow
crying,55.80741700545082,-4.276546761916158,1664999578,3936,1969,53,Female,Y,653,"Netherlee, Glasgow",Glasgow,"Glasgow South",Glasgow
crying,55.94396816283382,-3.727125732138421,1664999582,3939,1981,41,Female,Y,377,"Falkirk (centre and south: Arnothill, Bantaskin, Callendar Park, Glen Village, Hallglen, Lionthorn, Tamfourhill, Woodlands)",Falkirk,FK1,"Stirling and Falkirk"
crying,55.892539651341615,-3.251287557508846,1664999685,3933,1996,26,Male,Y,314,"Morningside, Edinburgh",Edinburgh,"Edinburgh South","Lothian (Edinburgh)"
crying,55.75366216016197,-4.2548181974831865,1664999781,3943,1966,56,Female,Y,530,"East Kilbride (north: The Village, East Mains, West Mains, Lymekilns, St Leonards, Calderwood, Nerston, Stewartfield, Peel Park)","South Lanarkshire",G74,Glasgow
crying,57.51283263578617,-4.226162357892601,1664999863,3945,1997,25,Female,Y,698,"North Kessock",Highland,IV1,"Highlands (Inverness)"
crying,55.87153546979016,-3.2518483847917996,1664999899,3949,1994,28,Male,Y,319,"Blackford, Edinburgh",Edinburgh,"Edinburgh South","Lothian (Edinburgh)"
crying,56.24461217325835,-4.47574173288916,1664999977,3934,1975,47,Female,Y,473,"Stirling (centre and west: Kings Park, Raploch, Riverside)",Stirlingshire,FK8,"Stirling and Falkirk"
crying,56.032387791072225,-4.088869228439394,1665000005,3953,1984,38,Male,Y,452,Denny,Falkirk,FK6,"Stirling and Falkirk"
crying,55.96660605443189,-3.9535948769712315,1665000010,3948,1987,35,Female,N,514,"Cumbernauld (south: Condorrat, Lenziemill, Carbrain, Kildrum, Cumbernauld Village, Abronhill, Seafar)","North Lanarkshire",G67,Glasgow
crying,55.9217991895841,-3.1446512587085134,1665000054,3951,1957,65,Female,N,322,"Gilmerton, Edinburgh",Edinburgh,"Edinburgh Southeast","Lothian (Edinburgh)"
crying,56.13969255341118,-3.971066845703008,1665000395,3970,1980,42,Male,Y,479,"Stirling (north: Causewayhead, Cornton)",Stirlingshire,FK9,"Stirling and Falkirk"
crying,55.83525099673242,-4.476992892163006,1665000472,3963,1977,45,Female,N,1276,Johnstone,Renfrewshire,PA5,Glasgow
crying,56.14839525873156,-3.806102743525752,1665000534,3975,1961,61,Male,N,391,Alloa,Clackmannanshire,FK10,"Stirling and Falkirk"
crying,56.534310806651725,-3.499457442579086,1665000558,3974,1986,36,Female,Y,1313,"Perth (north and west: Burghmuir, Cherrybank, Hillyland, Inveralmond, Lethom, Muirton, North Muirton, Tulloch)","Perth and Kinross",PH1,Fife
crying,55.80210952367122,-3.4829185363649,1665000632,3899,1976,46,Male,Y,344,Kirknewton,"West Lothian",EH27,"Lothian (Edinburgh)"
crying,55.95964898389421,-4.776564172789933,1665000896,3979,1975,47,Female,Y,1231,"Greenock (west: Bow Farm, Braeside, Branchton, Fort Matilda, Gateside, Greenock West, Overton, Pennyfern, Smithston)",Inverclyde,PA16,Glasgow
crying,55.87659973294919,-3.2547952361993815,1665001040,3967,1980,42,Female,Y,308,"Liberton, Edinburgh",Edinburgh,"Edinburgh South","Lothian (Edinburgh)"
crying,56.20139846830575,-3.611125254640127,1665001302,3997,1976,46,Female,Y,397,Dollar,Clackmannanshire,FK14,"Stirling and Falkirk"
crying,55.94770437403436,-4.249169037002379,1665001497,3999,1968,54,Female,Y,502,Bishopbriggs,"East Dunbartonshire",G64,Glasgow
crying,55.78879738697636,-3.5897780699487516,1665001804,4016,1982,40,Female,Y,376,"West Calder","West Lothian",EH55,"Lothian (Edinburgh)"
crying,57.52666530126472,-4.240969599670865,1665001849,4020,1997,25,Female,Y,698,"North Kessock",Highland,IV1,"Highlands (Inverness)"
crying,55.80799477397088,-4.082657500061606,1665001919,4017,1973,49,Female,Y,523,Bothwell,"South Lanarkshire",G71,Glasgow
crying,57.4693421930616,-4.377180192560314,1665001980,4022,1968,54,Female,Y,736,"Inverness (west: Ballifeary, Balnafettack, Clachnaharry, Dalneigh, Kinmylies, Leachkin, Merkinch, Muirtown, South Kessock)",Highland,IV3,"Highlands (Inverness)"
crying,55.896986852375576,-3.322094239121804,1665002051,4029,1961,61,Female,Y,308,"Liberton, Edinburgh",Edinburgh,"Edinburgh South","Lothian (Edinburgh)"
crying,56.146895552873175,-4.323510085631649,1665002075,4023,1985,37,Male,Y,473,"Stirling (centre and west: Kings Park, Raploch, Riverside)",Stirlingshire,FK8,"Stirling and Falkirk"
crying,57.50715283745456,-4.324528638942742,1665002079,3945,1997,25,Female,Y,698,"North Kessock",Highland,IV1,"Highlands (Inverness)"
crying,56.18959212976692,-3.2639619261823642,1665002110,3623,1949,73,Female,N,1130,Leslie,Fife,KY6,Fife
crying,55.826290509195225,-4.2095270848738915,1665002208,4035,1978,44,Female,Y,652,"King's Park, Glasgow",Glasgow,"Glasgow South",Glasgow
crying,55.83405701794571,-3.957885463291272,1665002391,4041,1989,33,Male,Y,1151,Motherwell,"North Lanarkshire",ML1,Glasgow
crying,57.552711077014465,-3.3368217512767555,1665002548,4050,1996,26,Male,Y,737,Elgin,Moray,IV30,"North East (Aberdeen)"
crying,55.94783297651307,-3.2299543934919526,1665002734,4054,1981,41,Female,Y,287,"Corstorphine, Edinburgh",Edinburgh,"Edinburgh North","Lothian (Edinburgh)"
crying,55.91752464821266,-3.5180302648097,1665002890,4059,1984,38,Female,Y,375,Livingston,"West Lothian",EH54,"Lothian (Edinburgh)"
crying,55.83892987884468,-4.193256280392516,1665002952,4060,1979,43,Male,Y,634,"Maryhill, Glasgow",Glasgow,"Glasgow Northeast",Glasgow
crying,55.965084813105996,-3.3331773473100315,1665002978,4043,1989,33,Male,Y,306,"Queensferry, Edinburgh",Edinburgh,"Edinburgh Queensferry","Lothian (Edinburgh)"
crying,55.86536946265139,-3.9800357947629528,1665002981,4051,1966,56,Female,N,1194,Caldercruix,"North Lanarkshire",ML6,Glasgow
crying,55.83360831295036,-3.938841676001621,1665002996,2618,2002,20,Female,Y,1192,Airdrie,"North Lanarkshire",ML6,Glasgow
crying,55.86463957957787,-4.083928591851603,1665003156,4070,1964,58,Female,Y,627,"Dennistoun, Glasgow",Glasgow,"Glasgow Northeast",Glasgow
crying,55.87539414167043,-3.387011350607647,1665003430,4081,1944,78,Female,N,308,"Liberton, Edinburgh",Edinburgh,"Edinburgh South","Lothian (Edinburgh)"
crying,55.93970246933698,-3.088609818270621,1665003538,3877,1957,65,Male,N,281,"Portobello, Edinburgh",Edinburgh,"Edinburgh Duddingston","Lothian (Edinburgh)"
crying,56.497235412297506,-2.8174724792070167,1665003566,4082,1980,42,Female,Y,247,"Broughty Ferry, Dundee",Dundee,"Dundee East","Tayside and Angus (Dundee)"
crying,54.831038141146124,-4.020522467110324,1665003572,4085,1982,40,Female,Y,218,Kirkcudbright,"Dumfries and Galloway",DG6,"Dumfries and Galloway"
crying,55.933674112200514,-4.153155716577669,1665003626,4087,1996,26,Male,Y,507,Kirkintilloch,"East Dunbartonshire",G66,Glasgow
crying,55.877258563076836,-4.439860333958348,1665003652,4090,1972,50,Female,Y,1264,Renfrew,Renfrewshire,PA4,Glasgow
crying,57.808361326258904,-4.555317156902755,1665003716,4095,1974,48,Male,N,707,Alness,Highland,IV17,"Highlands (Inverness)"
crying,56.289833997103244,-3.0966371304387357,1665003793,4096,1960,62,Female,Y,1104,Ceres,Fife,KY15,Fife
crying,55.94159797380349,-3.1984738773470096,1665003948,4109,1985,37,Female,Y,314,"Morningside, Edinburgh",Edinburgh,"Edinburgh South","Lothian (Edinburgh)"
crying,55.87935989622049,-4.430254322259168,1665004122,4100,1970,52,Male,Y,1248,Linwood,Renfrewshire,PA3,Glasgow
crying,56.10215657376154,-3.181406869627074,1665004234,4101,1990,32,Female,Y,1117,"Kirkcaldy (west: Hayfield, Templehall, Newliston, Chapel, Dunnikier, Bennochy)",Fife,KY2,Fife
crying,56.475289337844785,-4.252041341673706,1665004292,4119,1980,42,Female,Y,438,Killin,Stirlingshire,FK21,"Stirling and Falkirk"
crying,55.87202804610497,-3.383915923975567,1665004332,4118,1966,56,Female,Y,316,"Bruntsfield, Edinburgh",Edinburgh,"Edinburgh South","Lothian (Edinburgh)"
crying,55.91738804739955,-3.2589719879102,1665004389,4126,1986,36,Female,Y,319,"Blackford, Edinburgh",Edinburgh,"Edinburgh South","Lothian (Edinburgh)"
crying,55.935028046020534,-4.713416925299743,1665004461,4123,1994,28,Female,Y,1230,"Greenock (central and east: Bogston, Bridgend, Cartsdyke, Gibshill, Greenock Central, Ladyburn, Upper Ingleston)",Inverclyde,PA15,Glasgow
crying,56.51346937550706,-3.377343737870507,1665004473,4130,1976,46,Male,Y,1353,Scone,"Perth and Kinross",PH2,Fife
crying,55.8291614187764,-4.295505939726854,1665004697,4136,1972,50,Female,Y,645,Clarkston,"East Renfrewshire","Glasgow South",Glasgow
crying,59.25199514787956,-2.538207288512241,1665004875,4132,1999,23,Male,Y,1025,"Orkney Islands",Orkney,KW17,"Orkney Islands"
crying,55.68679297450378,-4.831870012711132,1665004886,4142,1994,28,Female,Y,813,Ardrossan,"North Ayrshire",KA22,Ayrshire
crying,57.13627618130229,-2.0972602993507987,1665005155,4149,1976,46,Female,Y,135,"Foresterhill, Aberdeen",Aberdeen,"Aberdeen Southwest","North East (Aberdeen)"
crying,55.88776029928733,-3.755948971732353,1665005161,4143,1981,41,Male,Y,368,Bathgate,"West Lothian",EH48,"Lothian (Edinburgh)"
crying,55.58721729218605,-2.9189505353011946,1665005191,4146,1971,51,Male,Y,1413,Galashiels,"Scottish Borders",TD1,Borders
crying,55.936353905336745,-4.712124182814621,1665005394,4145,1976,46,Female,Y,1230,"Greenock (central and east: Bogston, Bridgend, Cartsdyke, Gibshill, Greenock Central, Ladyburn, Upper Ingleston)",Inverclyde,PA15,Glasgow
crying,55.533318250707254,-2.678364752690916,1665005484,4155,1971,51,Female,Y,1468,Melrose,"Scottish Borders",TD6,Borders
crying,55.945611086591995,-4.8570535031262265,1665005617,4170,1977,45,Female,Y,1235,Gourock,Inverclyde,PA19,Glasgow
crying,57.44531077797484,-4.28077444718441,1665005683,4172,1963,59,Other,N,736,"Inverness (west: Ballifeary, Balnafettack, Clachnaharry, Dalneigh, Kinmylies, Leachkin, Merkinch, Muirtown, South Kessock)",Highland,IV3,"Highlands (Inverness)"
crying,58.21104660157567,-6.384955025347045,1665005805,4176,1977,45,Female,Y,686,"Stornoway, Isle of Lewis","Western Isles",HS1,"Western Isles"
crying,57.28357835524581,-4.836235152359388,1665005833,4175,2005,17,Male,School,743,Kiltarlity,Highland,IV4,"Highlands (Inverness)"
crying,55.83755661345131,-6.3754778198792135,1665005904,4184,1958,64,Female,Y,1268,"Bridgend, Isle of Islay","Argyll and Bute",PA44,"Argyll and Bute"
crying,55.89981983020303,-4.635609036926954,1665006105,4200,1994,28,Male,Y,1227,Kilmacolm,Inverclyde,PA13,Glasgow
crying,55.821130957722616,-6.351312650366397,1665006226,4184,1958,64,Female,Y,1268,"Bridgend, Isle of Islay","Argyll and Bute",PA44,"Argyll and Bute"
crying,55.914351191060405,-4.385171948446892,1665006278,4204,1972,50,Female,Y,644,"Partick, Glasgow",Glasgow,"Glasgow Northwest",Glasgow
crying,56.31261456937705,-2.9126797679217757,1665006309,4190,1967,55,Female,Y,1105,Cupar,Fife,KY15,Fife
crying,55.72463494967673,-4.176683638900438,1665006388,4209,1998,24,Female,Y,534,"East Kilbride (south: Hairmyres, Westwood, The Murray, Murray East, Whitehills, Greenhill, Newlandsmuir, Gardenhall, Crosshouse, Newlands, Lindsayfield, Mossneuk)","South Lanarkshire",G75,Glasgow
crying,57.52791604381834,-4.331849085653033,1665006436,4213,1990,32,Male,N,699,"Inverness (centre, north: Longman)",Highland,IV1,"Highlands (Inverness)"
crying,57.41093982240187,-4.323758324419235,1665006481,4207,1960,62,Female,Y,713,Culloden,Highland,IV2,"Highlands (Inverness)"
crying,56.120685048915014,-3.484944040893147,1665006548,4214,1982,40,Female,Y,1096,"Dunfermline (centre, north, west: Abbey Parks, Lady's Mill, Garvock, Headwell, Kingseathill, Wellwood, Milesmark, Baldridge, Pittencrieff, Baldridgeburn)",Fife,KY12,Fife
crying,55.88583619931334,-4.334442726440115,1665006603,4210,1986,36,Female,Y,593,"West End, Glasgow",Glasgow,"Glasgow Kelvin",Glasgow
crying,57.13437537103633,-5.529888338491193,1665006624,4218,1981,41,Female,Y,746,"Kyle of Lochalsh",Highland,IV40,"Highlands (Inverness)"
crying,58.444171782421655,-3.3474450100024122,1665006798,4219,1993,29,Female,Y,900,"John O'Groats",Highland,KW1,"Highlands (Inverness)"
crying,55.885166938992334,-3.213717261029355,1665006853,4235,1975,47,Female,Y,320,"Newington, Edinburgh",Edinburgh,"Edinburgh South","Lothian (Edinburgh)"
crying,55.3908373139294,-4.618801099200409,1665006951,4232,1977,45,Female,Y,851,Coylton,"South Ayrshire",KA6,Ayrshire
crying,57.799353933330366,-4.2002498598041775,1665006973,4240,1964,58,Male,Y,711,Tain,Highland,IV19,"Highlands (Inverness)"
crying,57.472516050582506,-4.378691946090969,1665007033,4237,1994,28,Female,Y,762,Kirkhill,Highland,IV5,"Highlands (Inverness)"
crying,55.8804228330256,-3.7188566899656164,1665007231,4143,1981,41,Male,Y,368,Bathgate,"West Lothian",EH48,"Lothian (Edinburgh)"
crying,57.51702602630006,-3.6114015686813357,1665007331,4250,1994,28,Female,Y,740,Forres,Moray,IV36,"North East (Aberdeen)"
crying,55.83256801037528,-4.313813338133291,1665007435,4254,1993,29,Female,Y,658,"Giffnock, Glasgow",Glasgow,"Glasgow South",Glasgow
crying,57.17952488524522,-2.4356963563975653,1665007469,4255,1976,46,Male,Y,28,Westhill,Aberdeenshire,AB32,"North East (Aberdeen)"
crying,56.01623906217279,-4.690102328608916,1665007480,4247,1982,40,Male,Y,566,Helensburgh,"Argyll and Bute",G84,"Argyll and Bute"
crying,55.95024908983179,-3.202884116630004,1665007481,4257,1976,46,Female,Y,267,"Sighthill, Edinburgh",Edinburgh,"Edinburgh Central","Lothian (Edinburgh)"
crying,55.80816153856844,-4.010694901033943,1665007603,4261,1956,66,Male,N,1151,Motherwell,"North Lanarkshire",ML1,Glasgow
crying,55.372199702806135,-4.5273714815120405,1665007788,4267,1994,28,Female,Y,851,Coylton,"South Ayrshire",KA6,Ayrshire
crying,55.529043528889964,-4.642689870847912,1665007873,4270,1971,51,Female,Y,784,Troon,"South Ayrshire",KA10,Ayrshire
crying,55.93597997736813,-4.217418723610881,1665008157,4278,1973,49,Female,Y,502,Bishopbriggs,"East Dunbartonshire",G64,Glasgow
crying,55.93040637983589,-3.0244286836582823,1665008226,4280,1998,24,Female,Y,330,Musselburgh,"East Lothian",EH21,"Lothian (Edinburgh)"
crying,55.946920146261235,-4.428823670552174,1665008249,4273,2012,10,Female,N,546,Clydebank,"West Dunbartonshire",G81,Glasgow
crying,55.587160316798396,-4.432535811951962,1665008779,4291,1963,59,Female,Y,779,"Kilmarnock (centre and south: Bonnyton, Grange, Bellfield, Shortlees, Caprington, Riccarton, Hurlford)","East Ayrshire",KA1,Ayrshire
crying,55.95323754708868,-4.630810531430407,1665008853,4292,1996,26,Female,Y,549,Dumbarton,"West Dunbartonshire",G82,Glasgow
crying,55.559793023728375,-4.655210891439759,1665009004,4294,1989,33,Other,Y,784,Troon,"South Ayrshire",KA10,Ayrshire
crying,55.928911406829876,-3.258103140472633,1665009307,4295,1967,55,Female,Y,270,"Meadows and Southside, Edinburgh",Edinburgh,"Edinburgh Central","Lothian (Edinburgh)"
crying,55.9470418037146,-3.9712999148770027,1665009565,4309,1962,60,Female,Y,514,"Cumbernauld (south: Condorrat, Lenziemill, Carbrain, Kildrum, Cumbernauld Village, Abronhill, Seafar)","North Lanarkshire",G67,Glasgow
crying,55.94246763184175,-3.9953867401778913,1665009713,4309,1962,60,Female,Y,514,"Cumbernauld (south: Condorrat, Lenziemill, Carbrain, Kildrum, Cumbernauld Village, Abronhill, Seafar)","North Lanarkshire",G67,Glasgow
crying,55.85217441423075,-5.642268945731592,1665009728,4311,1990,32,Male,Y,1251,Cairnbaan,"Argyll and Bute",PA31,"Argyll and Bute"
crying,55.88517105755016,-4.310347407305564,1665009851,4315,1990,32,Male,Y,586,"Kelvinside, Glasgow",Glasgow,"Glasgow Kelvin",Glasgow
crying,55.5674122479736,-4.639509868013041,1665010079,4321,1981,41,Male,Y,784,Troon,"South Ayrshire",KA10,Ayrshire
crying,55.65092095618281,-3.206286940145823,1665010157,4324,1980,42,Female,Y,362,Peebles,"Scottish Borders",EH45,Borders
crying,56.47776070595142,-3.325335930706388,1665010285,4325,1977,45,Male,Y,1353,Scone,"Perth and Kinross",PH2,Fife
crying,55.90193866817177,-3.2495572432437267,1665010418,4328,1980,42,Female,Y,305,"Oxgangs, Edinburgh",Edinburgh,"Edinburgh Oxgangs","Lothian (Edinburgh)"
crying,56.0735080003235,-4.367047503477709,1665010498,4327,1990,32,Female,Y,499,Killearn,Stirlingshire,G63,"Stirling and Falkirk"
crying,55.953460737718636,-3.217580961208921,1665010616,4330,1977,45,Female,Y,292,"Craigleith, Edinburgh",Edinburgh,"Edinburgh North","Lothian (Edinburgh)"
crying,57.19421419141681,-4.355200143758533,1665010757,4331,1968,54,Male,Y,714,"Inverness (east: Culcabock, Crown, Culduthel, Drummond, Haugh, Hilton, Holm, Lochardil, Millburn, Raigmore)",Highland,IV2,"Highlands (Inverness)"
crying,56.66498313902361,-2.500865492225943,1665010907,4337,1999,23,Female,Y,137,Inverbervie,Aberdeenshire,DD10,"Tayside and Angus (Dundee)"
crying,55.96433613141027,-3.2327653509715937,1665010917,4334,1950,72,Male,Y,289,"Newhaven, Edinburgh",Edinburgh,"Edinburgh North","Lothian (Edinburgh)"
crying,55.835562401832654,-4.45048616738101,1665011019,4333,1951,71,Female,Y,1236,"Paisley (south: Blackhall, Castlehead, Dykebar, Foxbar, Hunterhill, Meikleriggs)",Renfrewshire,PA2,Glasgow
crying,55.87361068203102,-4.315208394700912,1665011198,4344,1981,41,Male,Y,592,"Dowanhill, Glasgow",Glasgow,"Glasgow Kelvin",Glasgow
crying,56.493739506659026,-2.8278272724333897,1665011224,4342,1972,50,Female,Y,248,"Barnhill, Dundee",Dundee,"Dundee East","Tayside and Angus (Dundee)"
crying,55.96832190728009,-3.596394388525647,1665011976,4351,1994,28,Male,Y,369,Linlithgow,"West Lothian",EH49,"Lothian (Edinburgh)"
crying,56.16564307960924,-3.6051859917586087,1665011991,4352,1985,37,Female,Y,397,Dollar,Clackmannanshire,FK14,"Stirling and Falkirk"
crying,58.30793126629318,-4.545153318264988,1665012497,4357,1945,77,Male,Y,729,Lairg,Highland,IV27,"Highlands (Inverness)"
crying,57.70529771110125,-3.302353224355895,1665012516,4361,1968,54,Female,Y,738,Lossiemouth,Moray,IV31,"North East (Aberdeen)"
crying,57.603108864376956,-4.527717764744646,1665013916,4372,1994,28,Male,Y,704,Strathpeffer,Highland,IV14,"Highlands (Inverness)"
crying,57.18789898582842,-2.3621318659435913,1665014216,4377,1986,36,Other,Y,28,Westhill,Aberdeenshire,AB32,"North East (Aberdeen)"
crying,55.833947883071254,-4.285664076125269,1665014227,4374,1982,40,Female,Y,645,Clarkston,"East Renfrewshire","Glasgow South",Glasgow
crying,58.36607453932841,-3.219745942790161,1665014268,4378,1971,51,Male,N,899,Wick,Highland,KW1,"Highlands (Inverness)"
crying,56.914078009562175,-5.353672531581602,1665014563,4381,1983,39,Male,Y,1377,"Fort William",Highland,PH33,"Highlands (Inverness)"
crying,57.799213994894316,-4.413157417984141,1665014731,4382,1991,31,Female,Y,707,Alness,Highland,IV17,"Highlands (Inverness)"
crying,55.722328081542344,-4.346092806734224,1665015517,4387,1949,73,Female,Y,535,Busby,"East Renfrewshire",G76,Glasgow
crying,55.9509523297651,-3.2705453849144424,1665016435,4392,1996,26,Male,Y,298,"Inverleith, Edinburgh",Edinburgh,"Edinburgh North","Lothian (Edinburgh)"
crying,55.846542790528545,-4.091551236101862,1665016993,4395,1979,43,Female,Y,632,"Springburn, Glasgow",Glasgow,"Glasgow Northeast",Glasgow
crying,55.9227460660965,-4.259379365392753,1665019156,4400,1957,65,Female,Y,502,Bishopbriggs,"East Dunbartonshire",G64,Glasgow
crying,56.07412809550051,-3.549185543138911,1665019643,4404,1961,61,Female,Y,1096,"Dunfermline (centre, north, west: Abbey Parks, Lady's Mill, Garvock, Headwell, Kingseathill, Wellwood, Milesmark, Baldridge, Pittencrieff, Baldridgeburn)",Fife,KY12,Fife
crying,55.78618957408663,-4.290833965606786,1665019905,4407,1968,54,Female,Y,645,Clarkston,"East Renfrewshire","Glasgow South",Glasgow
crying,55.94838074602453,-3.1694901000500217,1665020208,4408,1987,35,Other,Y,281,"Portobello, Edinburgh",Edinburgh,"Edinburgh Duddingston","Lothian (Edinburgh)"
crying,55.958159989998876,-3.6166397741897773,1665023806,4414,1986,36,Male,Y,369,Linlithgow,"West Lothian",EH49,"Lothian (Edinburgh)"
crying,55.976316218808265,-3.199954760361229,1665027997,4420,1980,42,Female,Y,297,"Blackhall, Edinburgh",Edinburgh,"Edinburgh North","Lothian (Edinburgh)"
crying,55.66319570765319,-3.133536086454267,1665030001,4431,1950,72,Female,Y,362,Peebles,"Scottish Borders",EH45,Borders
crying,55.76317370626331,-4.029662936061456,1665034903,4446,1956,66,Female,Y,1183,Hamilton,"South Lanarkshire",ML3,Glasgow
crying,55.77313321197811,-4.113220572258969,1665035216,4451,1982,40,Female,Y,529,Cambuslang,"South Lanarkshire",G72,Glasgow
crying,57.65949180737551,-3.4410858138840186,1665035365,4447,1966,56,Male,Y,737,Elgin,Moray,IV30,"North East (Aberdeen)"
crying,55.875410775908996,-4.287865740943894,1665036178,4458,1990,32,Male,Y,585,"Kelvindale, Glasgow",Glasgow,"Glasgow Kelvin",Glasgow
crying,56.33061780875933,-5.490853735890296,1665036561,4461,1966,56,Male,N,1257,Oban,"Argyll and Bute",PA34,"Argyll and Bute"
crying,55.94671511012027,-3.1057089119569277,1665037064,4462,1991,31,Female,Y,281,"Portobello, Edinburgh",Edinburgh,"Edinburgh Duddingston","Lothian (Edinburgh)"
crying,55.79826484058249,-4.299135681428983,1665037895,4455,1972,50,Female,Y,645,Clarkston,"East Renfrewshire","Glasgow South",Glasgow
crying,56.28568305007915,-4.259451778899824,1665038709,4477,1962,60,Female,Y,410,Callander,Stirlingshire,FK17,"Stirling and Falkirk"
crying,57.65683074781569,-4.174576068674874,1665039167,4482,1980,42,Male,Y,776,Maryburgh,Highland,IV7,"Highlands (Inverness)"
crying,57.781685817935504,-4.554283292968862,1665039350,4483,1968,54,Male,N,707,Alness,Highland,IV17,"Highlands (Inverness)"
crying,56.33081686537338,-2.8285469702360966,1665039655,4485,1998,24,Female,Y,1114,"St Andrews",Fife,KY16,Fife
crying,55.99046324696993,-4.903212621981126,1665040061,4490,1988,34,Male,Y,1241,Dunoon,"Argyll and Bute",PA23,"Argyll and Bute"
crying,55.50145716661561,-5.605852882911929,1665040562,4495,1997,25,Female,Y,1246,Campbeltown,"Argyll and Bute",PA28,"Argyll and Bute"
crying,55.87570637416439,-4.311698485088103,1665041037,4500,1959,63,Male,N,641,"Knightswood, Glasgow",Glasgow,"Glasgow Northwest",Glasgow
crying,55.950365211442666,-4.298421182488039,1665042163,4506,1990,32,Female,Y,489,Milngavie,"East Dunbartonshire",G62,Glasgow
crying,55.79239950269268,-4.27891412184306,1665042693,4510,1969,53,Female,Y,645,Clarkston,"East Renfrewshire","Glasgow South",Glasgow
crying,55.949427978065756,-3.9350438614844148,1665042753,4516,1973,49,Male,Y,514,"Cumbernauld (south: Condorrat, Lenziemill, Carbrain, Kildrum, Cumbernauld Village, Abronhill, Seafar)","North Lanarkshire",G67,Glasgow
crying,55.77836005406308,-2.933696111734857,1665042917,4518,1977,45,Male,Y,354,Heriot,"Scottish Borders",EH38,"Lothian (Edinburgh)"
crying,57.61610530879818,-4.127081438620997,1665043010,4521,1990,32,Male,Y,700,Fortrose,Highland,IV10,"Highlands (Inverness)"
crying,55.81554511505978,-4.078025554457436,1665043261,4522,1990,32,Male,Y,598,Rutherglen,"South Lanarkshire","Glasgow Northeast",Glasgow
crying,55.80046899306829,-4.3162781497422795,1665043267,4524,1951,71,Female,Y,658,"Giffnock, Glasgow",Glasgow,"Glasgow South",Glasgow
crying,55.955644465586744,-4.327616657564102,1665043365,4526,1995,27,Female,Y,489,Milngavie,"East Dunbartonshire",G62,Glasgow
crying,55.83761795601739,-4.063105839207655,1665043746,4529,2000,22,Male,Y,523,Bothwell,"South Lanarkshire",G71,Glasgow
crying,56.462796033050275,-3.395276188904383,1665043917,4531,1989,33,Female,Y,1354,"Perth (south and east: Barnhill, Bridgend, Craigie, Kincarrathie, Upper Craigie)","Perth and Kinross",PH2,Fife
crying,56.46911502533847,-2.971939095270844,1665044674,4535,1949,73,Female,Y,243,"Hilltown, Dundee",Dundee,"Dundee Central","Tayside and Angus (Dundee)"
crying,55.75740080448671,-4.212306698361745,1665044687,4532,1983,39,Female,Y,534,"East Kilbride (south: Hairmyres, Westwood, The Murray, Murray East, Whitehills, Greenhill, Newlandsmuir, Gardenhall, Crosshouse, Newlands, Lindsayfield, Mossneuk)","South Lanarkshire",G75,Glasgow
crying,55.240553324903814,-3.4104232404689783,1665045415,4540,1971,51,Female,Y,189,Moffat,"Dumfries and Galloway",DG10,"Dumfries and Galloway"
crying,56.06150329284264,-3.500754920773833,1665045944,4547,1993,29,Female,Y,1089,"Dalgety Bay",Fife,KY11,Fife
crying,55.95169012232811,-3.179313435847998,1665046451,4557,1974,48,Male,Y,264,"Slateford, Edinburgh",Edinburgh,"Edinburgh Central","Lothian (Edinburgh)"
crying,55.990032207064225,-2.822743220863901,1665046726,4561,2000,22,Female,Y,348,Prestonpans,"East Lothian",EH32,"Lothian (Edinburgh)"
crying,55.82379051607166,-4.236301480889015,1665046973,4563,1976,46,Female,Y,651,"Cathcart, Glasgow",Glasgow,"Glasgow South",Glasgow
crying,56.07925322147273,-3.285914818317227,1665047186,4514,1995,27,Male,Y,1119,Burntisland,Fife,KY3,Fife
crying,56.43866318547655,-3.528239047389757,1665047947,4567,1954,68,Female,Y,1313,"Perth (north and west: Burghmuir, Cherrybank, Hillyland, Inveralmond, Lethom, Muirton, North Muirton, Tulloch)","Perth and Kinross",PH1,Fife
crying,55.76164841031431,-3.8074972623474954,1665048425,4570,1993,29,Female,Y,1212,Carluke,"South Lanarkshire",ML8,Glasgow
crying,55.88767985569894,-3.316740862021039,1665048508,4571,1998,24,Other,Y,319,"Blackford, Edinburgh",Edinburgh,"Edinburgh South","Lothian (Edinburgh)"
crying,55.935745555619086,-4.234966131997338,1665049279,4578,1981,41,Female,Y,502,Bishopbriggs,"East Dunbartonshire",G64,Glasgow
crying,57.013639572066346,-2.178147207725572,1665049460,4579,2003,19,Female,Y,48,Stonehaven,Aberdeenshire,AB39,"North East (Aberdeen)"
crying,57.134606683495754,-2.06303187485924,1665050059,4587,1993,29,Male,Y,126,"Bridge of Dee, Aberdeen",Aberdeen,"Aberdeen Southeast","North East (Aberdeen)"
crying,58.2163453324861,-6.377688162148921,1665050548,4591,1968,54,Female,Y,686,"Stornoway, Isle of Lewis","Western Isles",HS1,"Western Isles"
crying,55.97158303906516,-2.8981432755504706,1665050550,4594,2000,22,Female,Y,348,Prestonpans,"East Lothian",EH32,"Lothian (Edinburgh)"
crying,55.824826176550054,-4.096821875090403,1665050834,4588,1988,34,Male,Y,598,Rutherglen,"South Lanarkshire","Glasgow Northeast",Glasgow
crying,57.28312699963366,-4.280529694461544,1665051049,4584,1998,24,Male,Y,714,"Inverness (east: Culcabock, Crown, Culduthel, Drummond, Haugh, Hilton, Holm, Lochardil, Millburn, Raigmore)",Highland,IV2,"Highlands (Inverness)"
crying,55.85961636503298,-4.094391835253677,1665051247,4599,1980,42,Female,Y,619,"Tollcross, Glasgow",Glasgow,"Glasgow Northeast",Glasgow
crying,55.54559864108522,-4.601806049693488,1665051601,4602,1987,35,Female,Y,784,Troon,"South Ayrshire",KA10,Ayrshire
crying,55.95352649567558,-4.42683922556761,1665051997,4608,2005,17,Female,School,546,Clydebank,"West Dunbartonshire",G81,Glasgow
crying,55.793831122762136,-4.572178898600685,1665052466,4618,1998,24,Female,N,1226,Lochwinnoch,Renfrewshire,PA12,Glasgow
crying,55.91170430116856,-4.216401350218593,1665052594,4622,1991,31,Male,Y,502,Bishopbriggs,"East Dunbartonshire",G64,Glasgow
crying,55.17497567636019,-3.4309296419023085,1665052669,4625,1992,30,Female,Y,196,Lockerbie,"Dumfries and Galloway",DG11,"Dumfries and Galloway"
crying,57.5999947474966,-3.0972810787128826,1665052735,4621,1981,41,Male,Y,739,Fochabers,Moray,IV32,"North East (Aberdeen)"
crying,57.153005381752756,-2.184934709792925,1665052767,4620,1990,32,Female,Y,106,"Kittybrewster, Aberdeen",Aberdeen,"Aberdeen Central","North East (Aberdeen)"
crying,55.84226406944873,-4.307306034504644,1665052785,4524,1951,71,Female,Y,658,"Giffnock, Glasgow",Glasgow,"Glasgow South",Glasgow
crying,55.78561958184874,-4.304541062622135,1665052933,4630,1962,60,Female,Y,650,"Newlands, Glasgow",Glasgow,"Glasgow South",Glasgow
crying,56.487558812649375,-2.8381234222047818,1665053804,4641,1984,38,Female,Y,247,"Broughty Ferry, Dundee",Dundee,"Dundee East","Tayside and Angus (Dundee)"
crying,55.84415121517462,-4.035914735995184,1665054958,4656,1966,56,Male,Y,1189,Coatbridge,"North Lanarkshire",ML5,Glasgow
crying,56.45559150271158,-2.988694810798242,1665055818,4647,2004,18,Other,Y,260,"City centre, Dundee",Dundee,"Dundee West","Tayside and Angus (Dundee)"
crying,55.93342246104829,-3.9686874808331964,1665056085,4472,1974,48,Female,Y,514,"Cumbernauld (south: Condorrat, Lenziemill, Carbrain, Kildrum, Cumbernauld Village, Abronhill, Seafar)","North Lanarkshire",G67,Glasgow
crying,56.51175054829945,-3.6301658142408546,1665056181,4666,1979,43,Male,Y,1313,"Perth (north and west: Burghmuir, Cherrybank, Hillyland, Inveralmond, Lethom, Muirton, North Muirton, Tulloch)","Perth and Kinross",PH1,Fife
crying,56.47463430223294,-3.290300862118845,1665056428,4668,1993,29,Male,Y,1354,"Perth (south and east: Barnhill, Bridgend, Craigie, Kincarrathie, Upper Craigie)","Perth and Kinross",PH2,Fife
crying,55.88639688467344,-4.345055251919389,1665056842,4669,1992,30,Male,Y,592,"Dowanhill, Glasgow",Glasgow,"Glasgow Kelvin",Glasgow
crying,55.9268647170845,-4.030509149504441,1665057727,4682,1997,25,Female,N,514,"Cumbernauld (south: Condorrat, Lenziemill, Carbrain, Kildrum, Cumbernauld Village, Abronhill, Seafar)","North Lanarkshire",G67,Glasgow
crying,56.14874490733335,-3.200579503304376,1665058527,4580,1998,24,Female,Y,1117,"Kirkcaldy (west: Hayfield, Templehall, Newliston, Chapel, Dunnikier, Bennochy)",Fife,KY2,Fife
crying,55.40566890078384,-4.713923354184285,1665060216,4698,1965,57,Female,Y,856,"Ayr (Centre)","South Ayrshire",KA7,Ayrshire
crying,56.10738373545249,-3.4637642041839865,1665061887,4705,1989,33,Female,Y,1096,"Dunfermline (centre, north, west: Abbey Parks, Lady's Mill, Garvock, Headwell, Kingseathill, Wellwood, Milesmark, Baldridge, Pittencrieff, Baldridgeburn)",Fife,KY12,Fife
crying,55.95136764388378,-3.2786058395771933,1665062382,4707,1992,30,Male,School,287,"Corstorphine, Edinburgh",Edinburgh,"Edinburgh North","Lothian (Edinburgh)"
crying,55.78359217863847,-4.426631149092565,1665062999,4709,1993,29,Male,Y,540,Barrhead,"East Renfrewshire",G78,Glasgow
crying,56.48578250929704,-2.936698081427346,1665064268,4711,1963,59,Female,N,250,"Downfield, Dundee",Dundee,"Dundee North","Tayside and Angus (Dundee)"
crying,55.96412542580065,-3.1815429570669473,1665065373,4714,1986,36,Female,Y,288,"Murrayfield, Edinburgh",Edinburgh,"Edinburgh North","Lothian (Edinburgh)"
crying,56.03607038086952,-3.356474427679931,1665066205,4719,1986,36,Female,Y,1090,"Dunfermline (south and east: Halbeath, Touch, Duloch, Masterton, Pitcorthie, Abbeyview, Brucefield, Hospital Hill, Camdean, Pitreavie)",Fife,KY11,Fife
crying,55.71393051719597,-4.214288728939958,1665067242,4724,1985,37,Female,Y,534,"East Kilbride (south: Hairmyres, Westwood, The Murray, Murray East, Whitehills, Greenhill, Newlandsmuir, Gardenhall, Crosshouse, Newlands, Lindsayfield, Mossneuk)","South Lanarkshire",G75,Glasgow
crying,56.48594819295636,-2.8359777289146573,1665069052,4729,1997,25,Female,Y,247,"Broughty Ferry, Dundee",Dundee,"Dundee East","Tayside and Angus (Dundee)"
crying,56.23702557968778,-2.8838467607327516,1665069218,4730,1961,61,Female,Y,1141,Largo,Fife,KY8,Fife
crying,56.12137259015464,-3.7846577826684964,1665069722,4731,1998,24,Female,Y,389,Tullibody,Clackmannanshire,FK10,"Stirling and Falkirk"
crying,55.822617460017966,-4.164299997697697,1665071329,4740,2011,11,Female,School,529,Cambuslang,"South Lanarkshire",G72,Glasgow
crying,55.97321603307709,-2.610757150515116,1665072127,4746,1987,35,Female,Y,359,Dunbar,"East Lothian",EH42,"Lothian (Edinburgh)"
crying,56.108836277063745,-3.6130116113890267,1665073518,4754,1976,46,Female,Y,1095,Culross,Fife,KY12,Fife
crying,56.081887532448384,-4.6069812544801305,1665075291,4761,1967,55,Female,N,499,Killearn,Stirlingshire,G63,"Stirling and Falkirk"
crying,58.49816204065337,-4.086242765063067,1665075682,4755,1992,30,Male,Y,961,Thurso,Highland,KW14,"Highlands (Inverness)"
crying,56.3701849591407,-3.5835758961806703,1665078720,4773,1990,32,Female,Y,1313,"Perth (north and west: Burghmuir, Cherrybank, Hillyland, Inveralmond, Lethom, Muirton, North Muirton, Tulloch)","Perth and Kinross",PH1,Fife
crying,56.116590820480184,-4.809686381620753,1665078826,4775,1939,83,Female,Y,566,Helensburgh,"Argyll and Bute",G84,"Argyll and Bute"
crying,55.97649316055174,-3.1591951397730433,1665078938,4776,1953,69,Female,N,285,"Leith, Edinburgh",Edinburgh,"Edinburgh Leith","Lothian (Edinburgh)"
crying,55.93860142572035,-3.9090715972338694,1665079269,4778,1997,25,Male,Y,377,"Falkirk (centre and south: Arnothill, Bantaskin, Callendar Park, Glen Village, Hallglen, Lionthorn, Tamfourhill, Woodlands)",Falkirk,FK1,"Stirling and Falkirk"
crying,56.483102024969526,-2.9885552133022992,1665080688,4790,1975,47,Female,Y,232,"Craigiebank, Dundee",Dundee,"Dundee Bluebelt","Tayside and Angus (Dundee)"
crying,57.33200383190655,-5.609089714839004,1665080981,4794,1996,26,Female,Y,765,Plockton,Highland,IV52,"Highlands (Inverness)"
crying,55.949299196937496,-3.2330466311690973,1665081636,4798,1987,35,Female,Y,287,"Corstorphine, Edinburgh",Edinburgh,"Edinburgh North","Lothian (Edinburgh)"
crying,55.93797556614108,-3.9672355278655456,1665081996,4787,1984,38,Female,N,514,"Cumbernauld (south: Condorrat, Lenziemill, Carbrain, Kildrum, Cumbernauld Village, Abronhill, Seafar)","North Lanarkshire",G67,Glasgow
crying,57.1123190033389,-2.2226928996689614,1665082281,4808,1992,30,Other,Y,132,"Peterculter, Aberdeen",Aberdeen,"Aberdeen Southwest","North East (Aberdeen)"
crying,54.987293935519254,-3.340580452873325,1665082292,4805,1976,46,Female,Y,197,Annan,"Dumfries and Galloway",DG12,"Dumfries and Galloway"
crying,57.595896801493666,-4.633227583012188,1665082354,4809,1981,41,Female,Y,704,Strathpeffer,Highland,IV14,"Highlands (Inverness)"
crying,55.87914720392355,-4.796351626471712,1665082681,4820,1996,26,Male,Y,1231,"Greenock (west: Bow Farm, Braeside, Branchton, Fort Matilda, Gateside, Greenock West, Overton, Pennyfern, Smithston)",Inverclyde,PA16,Glasgow
crying,55.9522153753838,-3.9347504780688696,1665082829,4822,1976,46,Male,N,514,"Cumbernauld (south: Condorrat, Lenziemill, Carbrain, Kildrum, Cumbernauld Village, Abronhill, Seafar)","North Lanarkshire",G67,Glasgow
crying,55.92378452922101,-4.098733352168719,1665082932,4824,1969,53,Female,Y,507,Kirkintilloch,"East Dunbartonshire",G66,Glasgow
crying,55.83262820105132,-4.157826695142521,1665082963,4823,1950,72,Female,Y,628,"Balornock, Glasgow",Glasgow,"Glasgow Northeast",Glasgow
crying,55.94214174481824,-3.2302439785594403,1665083435,4844,1972,50,Male,Y,277,"Canongate, Edinburgh",Edinburgh,"Edinburgh Central","Lothian (Edinburgh)"
crying,56.054212450314594,-3.586455167191882,1665083728,4857,1993,29,Other,Y,1096,"Dunfermline (centre, north, west: Abbey Parks, Lady's Mill, Garvock, Headwell, Kingseathill, Wellwood, Milesmark, Baldridge, Pittencrieff, Baldridgeburn)",Fife,KY12,Fife
crying,55.8189573897326,-3.2819154386001514,1665083779,4855,1972,50,Male,Y,343,Penicuik,Midlothian,EH26,"Lothian (Edinburgh)"
crying,55.824866573222394,-4.209958116245165,1665084913,4876,1984,38,Female,Y,659,"Deaconsbank, Glasgow",Glasgow,"Glasgow South",Glasgow
crying,55.954328137666195,-3.198032840316107,1665085179,4884,1987,35,Female,Y,287,"Corstorphine, Edinburgh",Edinburgh,"Edinburgh North","Lothian (Edinburgh)"
crying,56.46902595187807,-3.2208920929475027,1665085295,4887,1990,32,Female,Y,1326,Inchture,"Perth and Kinross",PH14,Fife
crying,55.60318392309497,-4.172584603319637,1665085316,4885,1958,64,Female,Y,1160,Strathaven,"North Lanarkshire",ML10,Glasgow
crying,55.83536404715388,-4.278906686788586,1665085503,4886,2008,14,Other,School,648,"Shawlands, Glasgow",Glasgow,"Glasgow South",Glasgow
crying,55.89208274027912,-4.382259691265662,1665085516,4882,2001,21,Male,Y,643,"Anniesland, Glasgow",Glasgow,"Glasgow Northwest",Glasgow
crying,55.15473073237184,-4.116289753864144,1665085609,4889,2000,22,Male,Y,220,"Castle Douglas","Dumfries and Galloway",DG7,"Dumfries and Galloway"
crying,55.80313566272655,-4.354853915093264,1665085999,4909,1993,29,Female,Y,678,"Cardonald, Glasgow",Glasgow,"Glasgow Southwest",Glasgow
crying,55.828978019055555,-4.261622710228374,1665087277,4921,1972,50,Female,N,653,"Netherlee, Glasgow",Glasgow,"Glasgow South",Glasgow
crying,57.42688263021881,-2.2365336474584354,1665087419,4919,1979,43,Male,Y,49,Ellon,Aberdeenshire,AB41,"North East (Aberdeen)"
crying,55.966438735802264,-4.348469197496507,1665087581,4928,1985,37,Female,Y,489,Milngavie,"East Dunbartonshire",G62,Glasgow
crying,56.45055416611261,-3.7929092383984724,1665087713,4932,1961,61,Female,N,1313,"Perth (north and west: Burghmuir, Cherrybank, Hillyland, Inveralmond, Lethom, Muirton, North Muirton, Tulloch)","Perth and Kinross",PH1,Fife
crying,56.96652662572831,-2.401696016170925,1665087920,4942,2002,20,Other,Y,47,Newtonhill,Aberdeenshire,AB39,"North East (Aberdeen)"
crying,55.90373227677257,-4.376800028639313,1665088045,4945,2003,19,Female,Y,641,"Knightswood, Glasgow",Glasgow,"Glasgow Northwest",Glasgow
crying,57.154251854701066,-4.151637947376093,1665088236,4949,1996,26,Other,Y,703,Tomatin,Highland,IV13,"Highlands (Inverness)"
crying,55.832070833712805,-3.3801377514621413,1665088434,4954,1994,28,Female,Y,315,"Fairmilehead, Edinburgh",Edinburgh,"Edinburgh South","Lothian (Edinburgh)"
crying,55.8410194342752,-4.287788411676069,1665088591,4956,1973,49,Female,Y,645,Clarkston,"East Renfrewshire","Glasgow South",Glasgow
crying,55.04873678013386,-3.440124008016038,1665088677,4961,2002,20,Male,Y,186,"Dumfries (centre and east: Dalscone, Georgetown, Heathhall, Kingholm Quay, Noblehill, The Crichton)","Dumfries and Galloway",DG1,"Dumfries and Galloway"
crying,55.92547426993882,-4.212867872146222,1665089336,4969,1976,46,Female,Y,502,Bishopbriggs,"East Dunbartonshire",G64,Glasgow
crying,55.84826799575425,-4.297023656690239,1665089878,4980,1984,38,Male,Y,678,"Cardonald, Glasgow",Glasgow,"Glasgow Southwest",Glasgow
crying,56.536977362446265,-3.0161768301438814,1665089938,4983,1996,26,Female,Y,150,Auchterhouse,Angus,DD3,"Tayside and Angus (Dundee)"
crying,56.26576619910523,-3.954029239616034,1665090095,4981,1995,27,Male,Y,405,Dunblane,Stirlingshire,FK15,"Stirling and Falkirk"
crying,56.06960544627368,-3.9766222409143643,1665090230,4987,1966,56,Female,Y,464,"Stirling (south and east: Braehead, Borestone, Broomridge, Torbrex)",Stirlingshire,FK7,"Stirling and Falkirk"
crying,55.91826537392164,-3.8730278970021463,1665090472,4990,1973,49,Female,Y,1192,Airdrie,"North Lanarkshire",ML6,Glasgow
crying,55.84003453522086,-4.352285745904736,1665090790,4994,1960,62,Female,N,670,"Ibrox, Glasgow",Glasgow,"Glasgow Southwest",Glasgow
crying,56.259925754236356,-2.8703552572668016,1665090937,4995,1985,37,Female,Y,1105,Cupar,Fife,KY15,Fife
crying,56.158017932744364,-3.212008513494375,1665090994,4996,2008,14,Other,School,1117,"Kirkcaldy (west: Hayfield, Templehall, Newliston, Chapel, Dunnikier, Bennochy)",Fife,KY2,Fife
crying,55.806084159329515,-3.180566261491647,1665091088,4998,1962,60,Female,Y,343,Penicuik,Midlothian,EH26,"Lothian (Edinburgh)"
crying,55.976941635622346,-3.2261262272809326,1665091094,4997,1985,37,Female,Y,279,"Clermiston and Drumbrae, Edinburgh",Edinburgh,"Edinburgh Clermiston Granton","Lothian (Edinburgh)"
crying,56.56666100079468,-3.2456309396345855,1665091192,4999,1996,26,Other,Y,1324,"Coupar Angus","Perth and Kinross",PH13,Fife
crying,55.944331344060814,-4.440532404348891,1665092463,5011,1989,33,Female,Y,546,Clydebank,"West Dunbartonshire",G81,Glasgow
crying,55.07676407488354,-3.583346978851766,1665092565,5022,1973,49,Female,Y,186,"Dumfries (centre and east: Dalscone, Georgetown, Heathhall, Kingholm Quay, Noblehill, The Crichton)","Dumfries and Galloway",DG1,"Dumfries and Galloway"
crying,55.8217956892657,-4.190437243790332,1665093073,5030,1989,33,Female,Y,648,"Shawlands, Glasgow",Glasgow,"Glasgow South",Glasgow
crying,56.48664906564369,-2.9881291182223437,1665093210,5028,1970,52,Female,Y,233,"Fairmuir, Dundee",Dundee,"Dundee Bluebelt","Tayside and Angus (Dundee)"
crying,56.200933207378675,-3.1394159471749385,1665093373,5032,1956,66,Female,Y,1133,"Glenrothes (centre and east: Pitteuchar, Finglassie, Stenton, Auchmuty, Pitcoudie, Balfarg, Pircairn, Collydean)",Fife,KY7,Fife
crying,55.891988759928175,-4.320577891154629,1665094449,5044,1990,32,Other,Y,597,"Yorkhill, Glasgow",Glasgow,"Glasgow Kelvin",Glasgow
crying,57.994089879161,-6.633618224382354,1665097028,5069,1993,29,Female,Y,688,"Isle of Lewis","Western Isles (outside of Stornoway)",HS2,"Western Isles"
crying,56.035479202275134,-4.76832765137373,1665097156,5070,1990,32,Female,Y,566,Helensburgh,"Argyll and Bute",G84,"Argyll and Bute"
crying,55.954641367755016,-3.196714059923305,1665097179,5071,1989,33,Male,Y,297,"Blackhall, Edinburgh",Edinburgh,"Edinburgh North","Lothian (Edinburgh)"
crying,55.94242353454751,-3.163705309323079,1665097886,5078,1977,45,Male,Y,281,"Portobello, Edinburgh",Edinburgh,"Edinburgh Duddingston","Lothian (Edinburgh)"
crying,55.86316446429456,-4.247443621867122,1665098367,5084,1968,54,Female,Y,580,"Anderston, Glasgow",Glasgow,"Glasgow City Centre",Glasgow
crying,57.032095130265404,-5.058857348763046,1665102131,5089,1991,31,Male,Y,1381,Invergarry,Highland,PH35,"Highlands (Inverness)"
crying,55.969584691596445,-3.154031669447635,1665104475,5090,1993,29,Female,Y,285,"Leith, Edinburgh",Edinburgh,"Edinburgh Leith","Lothian (Edinburgh)"
crying,58.209786380006285,-6.362143785088087,1665116458,5096,1989,33,Male,Y,686,"Stornoway, Isle of Lewis","Western Isles",HS1,"Western Isles"
crying,55.917549147875874,-4.43889243048102,1665119755,5101,1991,31,Male,N,546,Clydebank,"West Dunbartonshire",G81,Glasgow
crying,55.88200875175045,-4.353554913169266,1665124017,5109,1993,29,Female,N,638,"Drumchapel, Glasgow",Glasgow,"Glasgow Northwest",Glasgow
crying,56.485958701331356,-2.82568077286586,1665124673,5113,1977,45,Male,Y,247,"Broughty Ferry, Dundee",Dundee,"Dundee East","Tayside and Angus (Dundee)"
crying,58.21562025215102,-6.376678063276872,1665125845,5117,1984,38,Female,N,686,"Stornoway, Isle of Lewis","Western Isles",HS1,"Western Isles"
crying,55.7084138160317,-3.9774487814298096,1665128091,5125,1954,68,Female,Y,1183,Hamilton,"South Lanarkshire",ML3,Glasgow
crying,58.22296008151821,-6.382967295563037,1665128531,5127,1995,27,Female,N,686,"Stornoway, Isle of Lewis","Western Isles",HS1,"Western Isles"
crying,55.529147035111656,-2.7811465035400516,1665128794,5130,2002,20,Other,Y,1479,Selkirk,"Scottish Borders",TD7,Borders
crying,55.566863238594955,-4.6189826019863185,1665129166,5136,2005,17,Male,N,784,Troon,"South Ayrshire",KA10,Ayrshire
crying,55.532350583494825,-4.6345264265190185,1665129218,5133,2000,22,Male,N,784,Troon,"South Ayrshire",KA10,Ayrshire
crying,57.525868446335586,-2.05881123237774,1665129450,5138,1972,50,Female,Y,54,Peterhead,Aberdeenshire,AB42,"North East (Aberdeen)"
crying,58.20335712636246,-6.375029417361619,1665130225,5144,1991,31,Female,Y,686,"Stornoway, Isle of Lewis","Western Isles",HS1,"Western Isles"
crying,57.461138881255,-4.059778862942768,1665130620,5145,1992,30,Female,Y,713,Culloden,Highland,IV2,"Highlands (Inverness)"
crying,56.05811482140331,-3.4567619878637847,1665133085,5154,1974,48,Male,Y,1089,"Dalgety Bay",Fife,KY11,Fife
crying,58.211696741293565,-6.361284219803479,1665133201,5155,1990,32,Female,Y,686,"Stornoway, Isle of Lewis","Western Isles",HS1,"Western Isles"
crying,55.40078448672138,-4.6242496483280195,1665133450,5157,1963,59,Female,Y,856,"Ayr (Centre)","South Ayrshire",KA7,Ayrshire
crying,56.047632727449006,-3.4730114245883046,1665134272,5160,1995,27,Male,Y,1090,"Dunfermline (south and east: Halbeath, Touch, Duloch, Masterton, Pitcorthie, Abbeyview, Brucefield, Hospital Hill, Camdean, Pitreavie)",Fife,KY11,Fife
crying,55.93137819136446,-4.404654858623772,1665134516,4606,1946,76,Female,N,545,Hardgate,"West Dunbartonshire",G81,Glasgow
crying,57.86359700818648,-3.7953356845926773,1665137099,5180,1964,58,Female,Y,717,"Hill of Fearn",Highland,IV20,"Highlands (Inverness)"
crying,56.01242952011415,-3.7547907848546513,1665137285,5185,1999,23,Female,Y,439,Grangemouth,Falkirk,FK3,"Stirling and Falkirk"
crying,57.23274997094694,-2.15197488140374,1665137521,5192,2006,16,Female,School,112,"Dyce, Aberdeen",Aberdeen,"Aberdeen North","North East (Aberdeen)"
crying,57.164470426639205,-2.12891071451098,1665137664,5188,2006,16,Male,School,100,"Cornhill, Aberdeen",Aberdeen,"Aberdeen Central","North East (Aberdeen)"
crying,57.17141092879212,-2.1318574761945026,1665137970,5200,2006,16,Male,School,104,"Tillydrone, Aberdeen",Aberdeen,"Aberdeen Central","North East (Aberdeen)"
crying,57.156554739606555,-2.0985715191337055,1665137975,5199,2006,16,Male,N,98,"Northfield, Aberdeen",Aberdeen,"Aberdeen Central","North East (Aberdeen)"
crying,57.254869196760346,-2.062053888850368,1665137984,5196,2006,16,Male,School,112,"Dyce, Aberdeen",Aberdeen,"Aberdeen North","North East (Aberdeen)"
crying,55.83195708705984,-4.500447352151557,1665138136,5169,1977,45,Female,Y,1275,Elderslie,Renfrewshire,PA5,Glasgow
crying,57.606033967285285,-3.6588140279049766,1665139876,170,2000,22,Male,Y,740,Forres,Moray,IV36,"North East (Aberdeen)"
crying,56.25040783579543,-3.9090693454695877,1665141017,5219,1989,33,Female,Y,405,Dunblane,Stirlingshire,FK15,"Stirling and Falkirk"
crying,57.047160080869375,-2.1861116570672197,1665141491,5220,1986,36,Male,Y,48,Stonehaven,Aberdeenshire,AB39,"North East (Aberdeen)"
crying,57.76674659362371,-4.185770229995203,1665142048,5222,1999,23,Female,Y,708,Invergordon,Highland,IV18,"Highlands (Inverness)"
crying,55.69243184982034,-4.043934573838285,1665143204,5236,1984,38,Male,Y,1160,Strathaven,"North Lanarkshire",ML10,Glasgow
crying,55.59207179170862,-4.121723435254854,1665143531,5236,1984,38,Male,Y,1160,Strathaven,"North Lanarkshire",ML10,Glasgow
crying,56.0831659275685,-4.814283956462693,1665144148,5239,2000,22,Male,Y,566,Helensburgh,"Argyll and Bute",G84,"Argyll and Bute"
crying,55.797353661488216,-4.310303817900538,1665144654,5241,1955,67,Female,Y,650,"Newlands, Glasgow",Glasgow,"Glasgow South",Glasgow
crying,58.3886027654731,-6.419483229132391,1665144832,5244,1949,73,Female,Y,688,"Isle of Lewis","Western Isles (outside of Stornoway)",HS2,"Western Isles"
crying,56.4799958352783,-3.158356639575376,1665144886,5245,1999,23,Other,Y,147,Lundie,Angus,DD2,"Tayside and Angus (Dundee)"
crying,58.122002917219575,-6.843167206669525,1665145014,5244,1949,73,Female,Y,688,"Isle of Lewis","Western Isles (outside of Stornoway)",HS2,"Western Isles"
crying,55.92530325206507,-3.3008656421610185,1665146437,5253,1966,56,Female,Y,264,"Slateford, Edinburgh",Edinburgh,"Edinburgh Central","Lothian (Edinburgh)"
crying,55.93354746643516,-3.2507988898654694,1665146709,5255,1995,27,Female,N,264,"Slateford, Edinburgh",Edinburgh,"Edinburgh Central","Lothian (Edinburgh)"
crying,56.25613606864475,-3.511572550245563,1665146731,5254,1989,33,Male,Y,1341,Errol,"Perth and Kinross",PH2,Fife
crying,56.14127345091262,-4.87710100493858,1665152903,5270,1989,33,Female,Y,1242,Lochgoilhead,"Argyll and Bute",PA24,"Argyll and Bute"
crying,55.85843620023035,-4.138694661037226,1665153380,5273,1987,35,Male,Y,610,"Provanmill, Glasgow",Glasgow,"Glasgow Northeast",Glasgow
crying,55.97309355323309,-4.4644738326628515,1665153719,5275,1962,60,Female,Y,549,Dumbarton,"West Dunbartonshire",G82,Glasgow
crying,55.816795421282386,-4.089362156831691,1665154724,5276,1950,72,Female,N,634,"Maryhill, Glasgow",Glasgow,"Glasgow Northeast",Glasgow
crying,57.2163842012392,-4.517889344934598,1665155279,5278,1984,38,Male,Y,714,"Inverness (east: Culcabock, Crown, Culduthel, Drummond, Haugh, Hilton, Holm, Lochardil, Millburn, Raigmore)",Highland,IV2,"Highlands (Inverness)"
crying,56.205397603031145,-3.123039729912935,1665155495,5279,1995,27,Female,Y,1133,"Glenrothes (centre and east: Pitteuchar, Finglassie, Stenton, Auchmuty, Pitcoudie, Balfarg, Pircairn, Collydean)",Fife,KY7,Fife
crying,56.49208094522848,-2.819785255622242,1665155865,5282,1978,44,Other,Y,247,"Broughty Ferry, Dundee",Dundee,"Dundee East","Tayside and Angus (Dundee)"
crying,57.30507162884505,-7.375228545472255,1665156011,5277,1989,33,Female,Y,695,"Isle of South Uist","Western Isles",HS8,"Western Isles"
crying,55.923090129256735,-4.42926418423848,1665156553,5290,1966,56,Female,Y,546,Clydebank,"West Dunbartonshire",G81,Glasgow
crying,55.807414216567814,-4.0712562529400875,1665156728,5292,1991,31,Male,Y,523,Bothwell,"South Lanarkshire",G71,Glasgow
crying,56.5466184182444,-2.671450143384611,1665156734,5288,1990,32,Female,Y,141,Arbroath,Angus,DD11,"Tayside and Angus (Dundee)"
crying,55.809351795332724,-4.852506391335756,1665156772,5293,1993,29,Female,Y,842,Largs,"North Ayrshire",KA30,Ayrshire
crying,57.19792710004624,-3.6371486521060383,1665157430,5296,1990,32,Female,Y,1367,"Nethy Bridge",Highland,PH25,"Highlands (Inverness)"
crying,55.90576983446368,-4.286388482683997,1665157626,5297,1998,24,Female,Y,480,"Summerston, Glasgow",Glasgow,G23,Glasgow
crying,55.87781400975148,-3.2419649206637073,1665157823,5300,1995,27,Female,Y,318,"The Grange, Edinburgh",Edinburgh,"Edinburgh South","Lothian (Edinburgh)"
crying,55.53363644963228,-4.622025476614147,1665159099,5303,1961,61,Female,N,782,Loans,"South Ayrshire",KA10,Ayrshire
crying,55.5584327209972,-4.608326369340303,1665161544,5310,1985,37,Female,Y,784,Troon,"South Ayrshire",KA10,Ayrshire
crying,55.894781831133365,-4.822505029535473,1665162647,5313,1961,61,Female,N,1231,"Greenock (west: Bow Farm, Braeside, Branchton, Fort Matilda, Gateside, Greenock West, Overton, Pennyfern, Smithston)",Inverclyde,PA16,Glasgow
crying,55.95969933800037,-4.46400820499646,1665163994,5318,2003,19,Male,Y,546,Clydebank,"West Dunbartonshire",G81,Glasgow
crying,55.8153168431097,-4.345408596389852,1665165142,5321,1953,69,Female,Y,679,"Pollock, Glasgow",Glasgow,"Glasgow Southwest",Glasgow
crying,58.4559696724667,-3.1615304876934514,1665169458,5331,1952,70,Male,Y,899,Wick,Highland,KW1,"Highlands (Inverness)"
crying,56.31844884528365,-3.0859754469847163,1665169633,5332,1983,39,Male,Y,1105,Cupar,Fife,KY15,Fife
crying,55.93705571158852,-4.792226883017947,1665169877,5334,1989,33,Male,Y,1231,"Greenock (west: Bow Farm, Braeside, Branchton, Fort Matilda, Gateside, Greenock West, Overton, Pennyfern, Smithston)",Inverclyde,PA16,Glasgow
crying,55.878734417139796,-3.0238493853196275,1665169898,5335,1978,44,Female,N,334,Dalkeith,Midlothian,EH22,"Lothian (Edinburgh)"
crying,56.478742113486774,-2.8935561292232506,1665169929,5337,1986,36,Female,N,256,"Whitfield, Dundee",Dundee,"Dundee North","Tayside and Angus (Dundee)"
crying,56.3820492624069,-3.5107344710251693,1665170864,5342,2005,17,Other,N,1354,"Perth (south and east: Barnhill, Bridgend, Craigie, Kincarrathie, Upper Craigie)","Perth and Kinross",PH2,Fife
crying,56.48709267426752,-2.8086127750291747,1665170892,5344,1993,29,Female,Y,246,"West Ferry, Dundee",Dundee,"Dundee East","Tayside and Angus (Dundee)"
crying,58.21784185173063,-6.367300250026026,1665171449,5345,1957,65,Female,N,686,"Stornoway, Isle of Lewis","Western Isles",HS1,"Western Isles"
crying,58.36672137482293,-6.421364472557165,1665171601,5347,1987,35,Female,Y,688,"Isle of Lewis","Western Isles (outside of Stornoway)",HS2,"Western Isles"
crying,55.87674479948924,-3.7165923005761194,1665173651,5351,1993,29,Male,Y,368,Bathgate,"West Lothian",EH48,"Lothian (Edinburgh)"
crying,55.841725536254785,-5.029534723148658,1665174038,5354,1982,40,Female,Y,1237,"Isle of Bute","Argyll and Bute",PA20,"Argyll and Bute"
crying,56.495927965338055,-2.9500026544831455,1665174703,5355,1992,30,Male,N,252,"Linlathen and Midcraigie, Dundee",Dundee,"Dundee North","Tayside and Angus (Dundee)"
crying,56.33183550186985,-5.390217112579176,1665175297,5358,1991,31,Female,Y,1257,Oban,"Argyll and Bute",PA34,"Argyll and Bute"
crying,54.80931628379668,-3.9139768853431978,1665175580,5359,1978,44,Female,Y,216,Borgue,"Dumfries and Galloway",DG6,"Dumfries and Galloway"
crying,56.455692284185915,-3.008142847480131,1665176650,5362,1981,41,Female,Y,261,"Westend, Dundee",Dundee,"Dundee West","Tayside and Angus (Dundee)"
crying,55.940841606379706,-3.1610399803027285,1665177312,5364,1980,42,Female,Y,281,"Portobello, Edinburgh",Edinburgh,"Edinburgh Duddingston","Lothian (Edinburgh)"
crying,56.22200085360666,-2.7233165713343674,1665178521,5370,1979,43,Female,Y,1086,Anstruther,Fife,KY10,Fife
crying,55.59914719430613,-3.2085456646624944,1665178662,5371,1972,50,Female,Y,362,Peebles,"Scottish Borders",EH45,Borders
crying,55.824154681702076,-4.279289603282437,1665179095,5373,1979,43,Female,Y,648,"Shawlands, Glasgow",Glasgow,"Glasgow South",Glasgow
crying,55.80753780151016,-4.302580433507668,1665179144,5374,1977,45,Female,Y,647,"Pollokshields, Glasgow",Glasgow,"Glasgow South",Glasgow
crying,56.176388809019635,-3.60723325588283,1665180410,5376,1996,26,Male,Y,1100,Scotlandwell,"Perth and Kinross",KY13,Fife
crying,55.916722142853345,-4.332408744953822,1665183004,5383,1965,57,Male,Y,488,Bearsden,"East Dunbartonshire",G61,Glasgow
crying,55.83341352287201,-4.360198461396229,1665183054,5384,1991,31,Female,N,665,"Pollockshaws, Glasgow",Glasgow,"Glasgow Southwest",Glasgow
crying,55.91338606833746,-4.338220820094445,1665183208,5383,1965,57,Male,Y,488,Bearsden,"East Dunbartonshire",G61,Glasgow
crying,55.904219960781475,-3.3254325047961832,1665183283,5387,1994,28,Other,Y,309,"Cameron Toll, Edinburgh",Edinburgh,"Edinburgh South","Lothian (Edinburgh)"
crying,55.74960412243309,-4.131867437715435,1665208288,5396,1992,30,Female,Y,534,"East Kilbride (south: Hairmyres, Westwood, The Murray, Murray East, Whitehills, Greenhill, Newlandsmuir, Gardenhall, Crosshouse, Newlands, Lindsayfield, Mossneuk)","South Lanarkshire",G75,Glasgow
crying,55.87466087589348,-3.94114009435228,1665208792,5397,1967,55,Female,Y,1192,Airdrie,"North Lanarkshire",ML6,Glasgow
crying,58.16851150675481,-6.789665732253932,1665208813,5398,1998,24,Female,Y,688,"Isle of Lewis","Western Isles (outside of Stornoway)",HS2,"Western Isles"
crying,55.641213936167226,-4.632324820992947,1665214479,5402,1994,28,Female,Y,785,"Irvine (east, south: Perceton, Lawthorn, Girdle Toll, Stanecastle, Bourtreehill, Broomlands, Dreghorn, Springside)","North Ayrshire",KA11,Ayrshire
crying,55.872897178122706,-4.318156294893163,1665214837,5403,1964,58,Male,Y,591,"Hillhead, Glasgow",Glasgow,"Glasgow Kelvin",Glasgow
crying,55.34816615290183,-4.564245532378859,1665215877,5405,1982,40,Male,Y,806,Maybole,"South Ayrshire",KA19,Ayrshire
crying,56.52705328178541,-3.5549551785012206,1665219336,5412,1966,56,Female,N,1313,"Perth (north and west: Burghmuir, Cherrybank, Hillyland, Inveralmond, Lethom, Muirton, North Muirton, Tulloch)","Perth and Kinross",PH1,Fife
crying,55.82161584442139,-4.841787790969444,1665219982,5415,1994,28,Male,Y,842,Largs,"North Ayrshire",KA30,Ayrshire
crying,58.793541173079284,-3.2027779646076797,1665220214,5416,1992,30,Female,Y,982,Stromness,Orkney,KW16,"Orkney Islands"
crying,55.8830347504897,-4.3698108989613065,1665221441,5418,1991,31,Male,Y,638,"Drumchapel, Glasgow",Glasgow,"Glasgow Northwest",Glasgow
crying,57.619559011886665,-6.224036512272163,1665231240,5430,2005,17,Male,Y,763,Portree,Highland,IV51,"Highlands (Inverness)"
crying,55.227298689435216,-3.8859084427341535,1665231802,5431,2001,21,Female,Y,210,Thornhill,"Dumfries and Galloway",DG3,"Dumfries and Galloway"
crying,55.81289034454174,-4.058766795231346,1665234823,5438,1984,38,Male,Y,525,Uddingston,"South Lanarkshire",G71,Glasgow
crying,56.2165917369572,-3.1573349078266304,1665236251,5443,2007,15,Female,School,1133,"Glenrothes (centre and east: Pitteuchar, Finglassie, Stenton, Auchmuty, Pitcoudie, Balfarg, Pircairn, Collydean)",Fife,KY7,Fife
crying,55.886102429737555,-3.2693892658952723,1665240849,5447,1984,38,Male,Y,314,"Morningside, Edinburgh",Edinburgh,"Edinburgh South","Lothian (Edinburgh)"
crying,55.64342383399078,-4.36995576016286,1665241628,5449,1988,34,Male,Y,843,Galston,"East Ayrshire",KA4,Ayrshire
crying,56.91970353897805,-2.511790013574159,1665243721,5215,1973,49,Male,N,18,Laurencekirk,Aberdeenshire,AB30,"North East (Aberdeen)"
crying,57.58340874656416,-2.0146723342734325,1665249782,5458,1992,30,Male,Y,57,Fraserburgh,Aberdeenshire,AB43,"North East (Aberdeen)"
crying,55.048737224905445,-3.5353688963221512,1665255477,5469,2007,15,Male,School,186,"Dumfries (centre and east: Dalscone, Georgetown, Heathhall, Kingholm Quay, Noblehill, The Crichton)","Dumfries and Galloway",DG1,"Dumfries and Galloway"
crying,57.064192196356615,-2.1263359410219653,1665257949,5470,1964,58,Female,Y,13,"Tullos, Aberdeen",Aberdeen,AB12,"North East (Aberdeen)"
crying,56.34171873339938,-3.351946398025204,1665258002,5471,2000,22,Female,Y,1354,"Perth (south and east: Barnhill, Bridgend, Craigie, Kincarrathie, Upper Craigie)","Perth and Kinross",PH2,Fife
crying,56.83786309203121,-3.1310476561269085,1665258562,5472,1957,65,Female,Y,179,Forfar,Angus,DD8,"Tayside and Angus (Dundee)"
crying,58.1277481886173,-7.022139837897405,1665262402,5478,1990,32,Female,Y,688,"Isle of Lewis","Western Isles (outside of Stornoway)",HS2,"Western Isles"
crying,57.42566877783314,-1.8476816054443286,1665263051,5482,1968,54,Female,N,54,Peterhead,Aberdeenshire,AB42,"North East (Aberdeen)"
crying,55.94632590374373,-4.7964366175652575,1665268925,5488,1986,36,Male,N,1231,"Greenock (west: Bow Farm, Braeside, Branchton, Fort Matilda, Gateside, Greenock West, Overton, Pennyfern, Smithston)",Inverclyde,PA16,Glasgow
crying,55.48284307197974,-4.625080516366047,1665297251,5494,1949,73,Female,N,868,"Newton on Ayr","South Ayrshire",KA8,Ayrshire
crying,55.8696519825256,-4.1960630575066995,1665298715,5496,1957,65,Female,N,632,"Springburn, Glasgow",Glasgow,"Glasgow Northeast",Glasgow
crying,57.88205506889955,-4.135289853374811,1665303596,5501,1975,47,Female,Y,726,Dornoch,Highland,IV25,"Highlands (Inverness)"
crying,56.232398158515394,-3.3209748397139784,1665303844,5504,1995,27,Female,Y,1098,Kinross,"Perth and Kinross",KY13,Fife
crying,55.96655118020648,-3.2254017717693992,1665303991,5503,1975,47,Female,Y,297,"Blackhall, Edinburgh",Edinburgh,"Edinburgh North","Lothian (Edinburgh)"
crying,57.13656538260327,-2.1012864248162653,1665305837,5505,1976,46,Female,Y,128,"Mannofield, Aberdeen",Aberdeen,"Aberdeen Southwest","North East (Aberdeen)"
crying,55.883315826973664,-4.345587085248495,1665306207,5506,1982,40,Female,Y,643,"Anniesland, Glasgow",Glasgow,"Glasgow Northwest",Glasgow
crying,57.11560899580681,-2.332614431635789,1665306753,5508,1995,27,Female,Y,128,"Mannofield, Aberdeen",Aberdeen,"Aberdeen Southwest","North East (Aberdeen)"
crying,56.42590343977298,-3.3852790957991847,1665308369,5515,1962,60,Female,N,1354,"Perth (south and east: Barnhill, Bridgend, Craigie, Kincarrathie, Upper Craigie)","Perth and Kinross",PH2,Fife
crying,57.203955241215844,-2.257818139994556,1665308783,5517,1986,36,Female,Y,124,Newmachar,Aberdeenshire,"Aberdeen North","North East (Aberdeen)"
crying,55.95183392886796,-4.810941632360496,1665313778,5521,1961,61,Female,Y,1235,Gourock,Inverclyde,PA19,Glasgow
crying,55.73367799517342,-4.08242305678166,1665315227,5522,1981,41,Female,Y,1183,Hamilton,"South Lanarkshire",ML3,Glasgow
crying,56.55862157558942,-3.2860072682812955,1665316108,5524,1995,27,Other,Y,1324,"Coupar Angus","Perth and Kinross",PH13,Fife
crying,56.512131959797706,-3.211273488207826,1665316527,5525,1995,27,Other,Y,1324,"Coupar Angus","Perth and Kinross",PH13,Fife
crying,55.88723517707804,-3.3330121733031706,1665320823,5534,1978,44,Female,Y,310,"Balerno, Edinburgh",Edinburgh,"Edinburgh South","Lothian (Edinburgh)"
crying,55.816042417072104,-4.267426609453423,1665325974,5540,1979,43,Male,Y,658,"Giffnock, Glasgow",Glasgow,"Glasgow South",Glasgow
crying,55.9217314891108,-3.288906232476249,1665327718,5541,1964,58,Female,Y,272,"New Town, Edinburgh",Edinburgh,"Edinburgh Central","Lothian (Edinburgh)"
crying,55.92171000654777,-4.324519898606223,1665329656,5545,1996,26,Female,Y,488,Bearsden,"East Dunbartonshire",G61,Glasgow
crying,55.82040186097264,-4.246733797073816,1665340725,5552,1975,47,Male,Y,658,"Giffnock, Glasgow",Glasgow,"Glasgow South",Glasgow
crying,57.16092306980927,-2.400180959192036,1665343322,5555,1972,50,Female,N,28,Westhill,Aberdeenshire,AB32,"North East (Aberdeen)"
crying,55.98203204631915,-4.6698650855606445,1665343552,5557,1997,25,Male,Y,549,Dumbarton,"West Dunbartonshire",G82,Glasgow
crying,56.91271590818091,-5.1558009941575875,1665343673,5554,1995,27,Male,Y,1377,"Fort William",Highland,PH33,"Highlands (Inverness)"
crying,56.99535245685566,-4.899811030217898,1665353840,5121,2002,20,Female,Y,1379,"Spean Bridge",Highland,PH34,"Highlands (Inverness)"
crying,55.87693056071567,-4.472354134379435,1665354687,5570,1963,59,Female,N,1264,Renfrew,Renfrewshire,PA4,Glasgow
crying,55.89687977747946,-3.5717325931627695,1665384167,5577,1957,65,Male,Y,375,Livingston,"West Lothian",EH54,"Lothian (Edinburgh)"
crying,57.618100831218726,-7.413390877572198,1665388376,5580,1977,45,Male,Y,693,"Isle of North Uist","Western Isles",HS6,"Western Isles"
crying,55.90783089511748,-3.071936580648883,1665391452,5583,1981,41,Female,N,334,Dalkeith,Midlothian,EH22,"Lothian (Edinburgh)"
crying,55.948067160830426,-4.577165397787516,1665392230,5586,1980,42,Female,Y,549,Dumbarton,"West Dunbartonshire",G82,Glasgow
crying,55.881608134512064,-4.219970259186391,1665393834,5595,1994,28,Female,Y,627,"Dennistoun, Glasgow",Glasgow,"Glasgow Northeast",Glasgow
crying,55.828436142924204,-4.310963460908793,1665396498,5596,1963,59,Female,N,652,"King's Park, Glasgow",Glasgow,"Glasgow South",Glasgow
crying,55.914918790372084,-3.305965201412382,1665413417,5602,1963,59,Female,Y,316,"Bruntsfield, Edinburgh",Edinburgh,"Edinburgh South","Lothian (Edinburgh)"
crying,57.46547149186607,-4.2926239524689915,1665414759,5605,1992,30,Male,Y,736,"Inverness (west: Ballifeary, Balnafettack, Clachnaharry, Dalneigh, Kinmylies, Leachkin, Merkinch, Muirtown, South Kessock)",Highland,IV3,"Highlands (Inverness)"
crying,56.014172326319304,-3.6980219142034016,1665417858,5607,1971,51,Female,Y,439,Grangemouth,Falkirk,FK3,"Stirling and Falkirk"
crying,57.58924647925941,-4.511181648278962,1665427646,5614,1988,34,Male,Y,705,Dingwall,Highland,IV15,"Highlands (Inverness)"
crying,55.839503805015205,-4.209061150040797,1665434123,5620,1959,63,Other,Y,634,"Maryhill, Glasgow",Glasgow,"Glasgow Northeast",Glasgow
crying,55.71058508846993,-3.9645669099934975,1665450513,5632,1991,31,Female,Y,1217,Larkhall,"North Lanarkshire",ML9,Glasgow
crying,57.36313945798084,-1.9986337808126748,1665475364,5641,1976,46,Female,Y,51,Tarves,Aberdeenshire,AB41,"North East (Aberdeen)"
crying,55.90996107936271,-3.1944229200341168,1665478866,5646,1962,60,Male,Y,313,"Colinton, Edinburgh",Edinburgh,"Edinburgh South","Lothian (Edinburgh)"
crying,56.006836289716226,-4.614573223039488,1665486602,5651,1998,24,Female,Y,558,Balloch,"West Dunbartonshire",G83,"Argyll and Bute"
crying,55.54641496977381,-3.706997312845341,1665487263,5652,1970,52,Female,Y,1170,Biggar,"South Lanarkshire",ML12,Glasgow
crying,55.6934717102834,-4.061562897213889,1665488000,5653,1984,38,Female,N,1160,Strathaven,"North Lanarkshire",ML10,Glasgow
crying,55.86660570507391,-4.070875015118554,1665495665,5660,2004,18,Female,Y,1189,Coatbridge,"North Lanarkshire",ML5,Glasgow
crying,57.58737808144587,-4.516255864942245,1665510355,5673,1994,28,Female,Y,705,Dingwall,Highland,IV15,"Highlands (Inverness)"
crying,55.46815763695164,-4.606891691594586,1665527694,5680,1957,65,Female,N,868,"Newton on Ayr","South Ayrshire",KA8,Ayrshire
crying,55.86099091869623,-4.290285406255823,1665574996,5685,1991,31,Female,Y,592,"Dowanhill, Glasgow",Glasgow,"Glasgow Kelvin",Glasgow
crying,55.906147583453624,-4.7877543598867565,1665577005,5687,1963,59,Female,Y,1231,"Greenock (west: Bow Farm, Braeside, Branchton, Fort Matilda, Gateside, Greenock West, Overton, Pennyfern, Smithston)",Inverclyde,PA16,Glasgow
crying,56.69496751040353,-3.013813831277063,1665582385,5688,2003,19,Other,School,181,Kirriemuir,Angus,DD8,"Tayside and Angus (Dundee)"
crying,55.5468692055097,-4.619885118575993,1665584302,5690,1990,32,Male,Y,784,Troon,"South Ayrshire",KA10,Ayrshire
crying,55.98532636565208,-3.339023850340381,1665585827,5692,1979,43,Male,Y,306,"Queensferry, Edinburgh",Edinburgh,"Edinburgh Queensferry","Lothian (Edinburgh)"
crying,55.68829309584979,-3.689285983306458,1665609406,5701,2002,20,Female,Y,1167,Lanark,"South Lanarkshire",ML11,Glasgow
crying,55.93295846034406,-4.326039849467186,1665645095,5705,1985,37,Female,Y,488,Bearsden,"East Dunbartonshire",G61,Glasgow
crying,56.12583020023017,-3.360715309682043,1665659246,5709,1962,60,Female,Y,1124,Kelty,Fife,KY4,Fife
crying,56.13293347485603,-3.4286204590344513,1665659446,5709,1962,60,Female,Y,1124,Kelty,Fife,KY4,Fife
crying,56.01745753265925,-3.395869181827471,1665697099,5727,1964,58,Female,Y,1092,Limekilns,Fife,KY11,Fife
crying,58.21751509909357,-6.3767369436405135,1665701203,5730,1987,35,Female,Y,686,"Stornoway, Isle of Lewis","Western Isles",HS1,"Western Isles"
crying,55.94990144540883,-3.1896569893050253,1665738335,464,2009,13,Female,School,274,"Tollcross, Edinburgh",Edinburgh,"Edinburgh Central","Lothian (Edinburgh)"
crying,57.13631398984759,-2.820888186340109,1665745164,5740,1996,26,Other,N,33,Aboyne,Aberdeenshire,AB34,"North East (Aberdeen)"
crying,57.45069016018491,-6.453005429454372,1665758990,5743,1996,26,Female,Y,763,Portree,Highland,IV51,"Highlands (Inverness)"
crying,55.815157359734584,-4.434863166580962,1665760479,5745,1999,23,Female,Y,1236,"Paisley (south: Blackhall, Castlehead, Dykebar, Foxbar, Hunterhill, Meikleriggs)",Renfrewshire,PA2,Glasgow
crying,57.18407519135954,-2.1420953887596763,1665811912,5756,1964,58,Female,Y,111,"Bucksburn, Aberdeen",Aberdeen,"Aberdeen North","North East (Aberdeen)"
crying,55.869460745590054,-4.324125079180376,1665819132,5757,1979,43,Female,Y,641,"Knightswood, Glasgow",Glasgow,"Glasgow Northwest",Glasgow
crying,57.68748149515791,-3.2792095751035033,1665824477,5761,1997,25,Male,Y,738,Lossiemouth,Moray,IV31,"North East (Aberdeen)"
crying,55.88700347421832,-4.767228458312063,1665834834,5765,1992,30,Male,Y,1231,"Greenock (west: Bow Farm, Braeside, Branchton, Fort Matilda, Gateside, Greenock West, Overton, Pennyfern, Smithston)",Inverclyde,PA16,Glasgow
crying,55.53827305720645,-4.614295560224253,1665835076,5779,1992,30,Male,Y,784,Troon,"South Ayrshire",KA10,Ayrshire
crying,57.12059017656363,-2.412931381038004,1665835107,5777,1999,23,Male,Y,28,Westhill,Aberdeenshire,AB32,"North East (Aberdeen)"
crying,55.81474004064477,-3.0358758949171154,1665835119,5778,1970,52,Male,Y,338,Gorebridge,Midlothian,EH23,"Lothian (Edinburgh)"
crying,56.486484338213096,-3.317129969230397,1665835143,5789,1982,40,Male,Y,1353,Scone,"Perth and Kinross",PH2,Fife
crying,55.93422021313442,-3.1906698977743293,1665835223,5792,1975,47,Male,Y,321,"The Braids, Edinburgh",Edinburgh,"Edinburgh South","Lothian (Edinburgh)"
crying,55.819578765802255,-4.245582836553575,1665835949,5810,1986,36,Female,Y,656,"Croftfoot, Glasgow",Glasgow,"Glasgow South",Glasgow
crying,55.904731189520945,-4.168268502601729,1665837450,5821,1988,34,Male,Y,598,Rutherglen,"South Lanarkshire","Glasgow Northeast",Glasgow
crying,55.94825773423723,-4.839131717226349,1665837968,5838,1995,27,Male,Y,1235,Gourock,Inverclyde,PA19,Glasgow
crying,55.75485274853685,-4.086520206273221,1665838354,5842,1996,26,Male,N,1183,Hamilton,"South Lanarkshire",ML3,Glasgow
crying,55.80154556366235,-3.964945360640967,1665838947,5844,1991,31,Female,Y,1151,Motherwell,"North Lanarkshire",ML1,Glasgow
crying,55.941853295454926,-4.251159361326726,1665840087,5848,1991,31,Male,N,502,Bishopbriggs,"East Dunbartonshire",G64,Glasgow
crying,56.5541621131153,-2.724956960130567,1665844397,5858,1982,40,Male,Y,141,Arbroath,Angus,DD11,"Tayside and Angus (Dundee)"
crying,55.98529406297524,-3.223833488875385,1665844732,5862,1982,40,Male,Y,279,"Clermiston and Drumbrae, Edinburgh",Edinburgh,"Edinburgh Clermiston Granton","Lothian (Edinburgh)"
crying,55.62055895421493,-4.4536263384428985,1665845350,5867,1994,28,Female,Y,841,Stewarton,"East Ayrshire",KA3,Ayrshire
crying,55.74106708648682,-4.624544057246586,1665851267,5880,1964,58,Male,Y,791,Beith,"East Ayrshire",KA15,Ayrshire
crying,55.565540472926806,-5.277410051006877,1665855505,5886,1994,28,Female,Y,827,"Isle of Arran","North Ayrshire",KA27,Ayrshire
crying,55.467440247814636,-4.6088268729609,1665862479,5680,1957,65,Female,N,868,"Newton on Ayr","South Ayrshire",KA8,Ayrshire
crying,56.52090141787063,-3.4834084783180206,1665867195,5896,1988,34,Male,Y,1313,"Perth (north and west: Burghmuir, Cherrybank, Hillyland, Inveralmond, Lethom, Muirton, North Muirton, Tulloch)","Perth and Kinross",PH1,Fife
crying,55.600242141436205,-4.423399300909356,1665874175,5899,1995,27,Male,Y,779,"Kilmarnock (centre and south: Bonnyton, Grange, Bellfield, Shortlees, Caprington, Riccarton, Hurlford)","East Ayrshire",KA1,Ayrshire
crying,55.911226537489696,-4.218715892628283,1665883135,5904,1995,27,Female,Y,502,Bishopbriggs,"East Dunbartonshire",G64,Glasgow
crying,55.868285119300445,-4.185819821002743,1665907215,5882,1966,56,Female,Y,598,Rutherglen,"South Lanarkshire","Glasgow Northeast",Glasgow
crying,57.11946750560772,-2.3006940005620864,1665908446,5907,1993,29,Male,Y,128,"Mannofield, Aberdeen",Aberdeen,"Aberdeen Southwest","North East (Aberdeen)"
crying,55.98034150481561,-3.450006415153217,1665947723,5692,1979,43,Male,Y,306,"Queensferry, Edinburgh",Edinburgh,"Edinburgh Queensferry","Lothian (Edinburgh)"
crying,55.91092265895237,-3.2991128935923357,1665952713,5915,1962,60,Male,Y,314,"Morningside, Edinburgh",Edinburgh,"Edinburgh South","Lothian (Edinburgh)"
crying,55.732034607755814,-4.223221713007406,1666003739,5919,1979,43,Male,Y,534,"East Kilbride (south: Hairmyres, Westwood, The Murray, Murray East, Whitehills, Greenhill, Newlandsmuir, Gardenhall, Crosshouse, Newlands, Lindsayfield, Mossneuk)","South Lanarkshire",G75,Glasgow
crying,56.61850998066478,-2.814150650568039,1666017834,5925,1984,38,Female,Y,181,Kirriemuir,Angus,DD8,"Tayside and Angus (Dundee)"
crying,55.873446303405146,-3.9909207519147425,1666044456,5933,1982,40,Male,Y,1192,Airdrie,"North Lanarkshire",ML6,Glasgow
crying,55.93562055780607,-4.338485592502742,1666053806,5934,1983,39,Female,Y,488,Bearsden,"East Dunbartonshire",G61,Glasgow
crying,58.01868166585373,-5.252308662489323,1666113359,5938,1981,41,Female,Y,727,Ullapool,Highland,IV26,"Highlands (Inverness)"
crying,55.77315802382981,-4.395549222681688,1666128619,5941,1966,56,Female,Y,539,"Newton Mearns","East Renfrewshire",G77,Glasgow
crying,57.49479914966463,-4.234508351125963,1666172597,5943,1983,39,Male,Y,699,"Inverness (centre, north: Longman)",Highland,IV1,"Highlands (Inverness)"
crying,56.649623527713246,-2.916756001025392,1666182410,5947,2003,19,Female,School,181,Kirriemuir,Angus,DD8,"Tayside and Angus (Dundee)"
crying,55.95242996321827,-3.1552384771318667,1666264991,5958,1983,39,Male,Y,281,"Portobello, Edinburgh",Edinburgh,"Edinburgh Duddingston","Lothian (Edinburgh)"
crying,56.77362204402564,-2.4205992889584578,1666269752,5960,1980,42,Female,Y,140,Montrose,Angus,DD10,"Tayside and Angus (Dundee)"
crying,55.827155604668,-3.9730504195167584,1666269880,5961,2004,18,Male,Y,1151,Motherwell,"North Lanarkshire",ML1,Glasgow
crying,55.91295708066513,-4.561901296824629,1666270890,5962,1973,49,Female,Y,1228,Langbank,Renfrewshire,PA14,Glasgow
crying,55.73762450213539,-2.819756746879966,1666283814,5964,1995,27,Other,N,1437,Lauder,"Scottish Borders",TD2,Borders
crying,56.578460434659874,-3.0442466068551237,1666287299,5966,1993,29,Female,Y,179,Forfar,Angus,DD8,"Tayside and Angus (Dundee)"
crying,55.756235434957425,-4.060686676177239,1666294583,5967,2000,22,Other,Y,1183,Hamilton,"South Lanarkshire",ML3,Glasgow
crying,55.884246601602555,-3.2043229665036432,1666372269,5973,1973,49,Female,Y,314,"Morningside, Edinburgh",Edinburgh,"Edinburgh South","Lothian (Edinburgh)"
crying,55.77939300203459,-4.354539158399945,1666395389,5977,1999,23,Male,Y,539,"Newton Mearns","East Renfrewshire",G77,Glasgow
crying,55.585639530941485,-5.317044926552174,1666432627,5979,1985,37,Male,Y,827,"Isle of Arran","North Ayrshire",KA27,Ayrshire
crying,55.61474466339349,-4.65483419553799,1666512386,5985,1999,23,Male,Y,787,"Irvine (centre: Castlepark, Tarryholme)","North Ayrshire",KA12,Ayrshire
crying,55.96112129783163,-4.513509352245556,1666515522,5986,1994,28,Female,Y,549,Dumbarton,"West Dunbartonshire",G82,Glasgow
crying,56.08417216290043,-3.6101891558667787,1666522889,5987,1996,26,Female,Y,1096,"Dunfermline (centre, north, west: Abbey Parks, Lady's Mill, Garvock, Headwell, Kingseathill, Wellwood, Milesmark, Baldridge, Pittencrieff, Baldridgeburn)",Fife,KY12,Fife
crying,55.713371171516194,-4.369158848631969,1666563652,5992,1984,38,Female,Y,539,"Newton Mearns","East Renfrewshire",G77,Glasgow
crying,57.813570572196255,-4.9871194116640565,1666614037,5996,1980,42,Female,Y,721,Garve,Highland,IV23,"Highlands (Inverness)"
crying,56.05551974171551,-3.468699182095512,1666693657,6002,1995,27,Female,Y,1091,Inverkeithing,Fife,KY11,Fife
crying,55.90743686741325,-3.350757592730498,1666717011,6005,1977,45,Female,Y,308,"Liberton, Edinburgh",Edinburgh,"Edinburgh South","Lothian (Edinburgh)"
crying,55.83613789171655,-3.403340899070204,1666723129,6005,1977,45,Female,Y,308,"Liberton, Edinburgh",Edinburgh,"Edinburgh South","Lothian (Edinburgh)"
crying,56.06237028549809,-3.92105046333771,1666729367,6009,1974,48,Female,N,464,"Stirling (south and east: Braehead, Borestone, Broomridge, Torbrex)",Stirlingshire,FK7,"Stirling and Falkirk"
crying,56.560466802688936,-2.6259316097604004,1666734312,6011,1947,75,Female,N,141,Arbroath,Angus,DD11,"Tayside and Angus (Dundee)"
crying,58.3900222219226,-4.374789336482679,1666944371,6022,1957,65,Male,Y,729,Lairg,Highland,IV27,"Highlands (Inverness)"
crying,55.649674623389124,-3.273075326194112,1666945548,6023,1986,36,Female,Y,362,Peebles,"Scottish Borders",EH45,Borders
crying,55.82826603847583,-4.8247831071566925,1667214952,6035,2005,17,Female,School,842,Largs,"North Ayrshire",KA30,Ayrshire
crying,55.818530370677976,-4.7697379660380035,1667215038,6037,2005,17,Female,School,842,Largs,"North Ayrshire",KA30,Ayrshire
crying,55.814122980933845,-4.7826507026775875,1667215052,6034,2007,15,Male,School,842,Largs,"North Ayrshire",KA30,Ayrshire
crying,55.78013557625207,-4.911375159288519,1667215273,6039,2005,17,Female,School,832,Millport,"North Ayrshire",KA28,Ayrshire
crying,55.83965482892668,-4.865473417486112,1667215345,6041,2005,17,Male,School,1233,Skelmorlie,"North Ayrshire",PA17,Ayrshire
crying,56.471480896898,-2.919681696265923,1667232511,6046,1949,73,Male,Y,254,"Douglas, Dundee",Dundee,"Dundee North","Tayside and Angus (Dundee)"
crying,57.71024314274396,-3.3282202175710887,1667313908,6053,1967,55,Female,N,738,Lossiemouth,Moray,IV31,"North East (Aberdeen)"
crying,55.849649450103826,-4.666077777521005,1667320053,6058,1988,34,Female,Y,1222,Kilbarchan,Renfrewshire,PA10,Glasgow
crying,55.81294831276042,-4.234629037772391,1667320054,6057,1996,26,Female,Y,654,"Muirend, Glasgow",Glasgow,"Glasgow South",Glasgow
crying,57.69657867524936,-3.2583672677201436,1667332184,6060,1967,55,Female,Y,738,Lossiemouth,Moray,IV31,"North East (Aberdeen)"
crying,58.26607203428561,-4.547986356208118,1667337466,6061,1968,54,Female,Y,728,Durness,Highland,IV27,"Highlands (Inverness)"
crying,55.81842722356969,-4.590971344119477,1667405548,6058,1988,34,Female,Y,1222,Kilbarchan,Renfrewshire,PA10,Glasgow
crying,55.91650507931069,-3.1608835794927823,1667425988,6063,1987,35,Female,Y,323,"Moredun, Edinburgh",Edinburgh,"Edinburgh Southeast","Lothian (Edinburgh)"
crying,57.6918370411097,-3.4390928017181857,1667456301,6064,1986,36,Female,Y,737,Elgin,Moray,IV30,"North East (Aberdeen)"
crying,56.458523037910595,-3.045683291742512,1667472195,6067,1988,34,Female,Y,257,"Ninewells, Dundee",Dundee,"Dundee West","Tayside and Angus (Dundee)"
crying,55.75623158833137,-3.2239454216525334,1667751945,6074,2000,22,Male,Y,362,Peebles,"Scottish Borders",EH45,Borders
crying,57.26015510637624,-2.0782400860473866,1667752552,6075,1963,59,Male,N,111,"Bucksburn, Aberdeen",Aberdeen,"Aberdeen North","North East (Aberdeen)"
crying,56.488426849244476,-2.894762768848255,1667753187,6076,1960,62,Female,N,256,"Whitfield, Dundee",Dundee,"Dundee North","Tayside and Angus (Dundee)"
crying,55.828315190268626,-4.658558792132623,1668007554,6080,1993,29,Male,Y,1226,Lochwinnoch,Renfrewshire,PA12,Glasgow
crying,55.960468901539095,-4.157414450724728,1668094159,6082,1998,24,Female,Y,509,Lenzie,"East Dunbartonshire",G66,Glasgow
crying,55.746517870441,-4.384559088316135,1668094208,6083,1990,32,Female,Y,539,"Newton Mearns","East Renfrewshire",G77,Glasgow
crying,55.83579061029711,-4.19586741473138,1668110995,6084,1957,65,Female,Y,627,"Dennistoun, Glasgow",Glasgow,"Glasgow Northeast",Glasgow
crying,55.96749378989898,-3.8982341748223632,1668374211,6088,1981,41,Female,Y,441,Bonnybridge,Falkirk,FK4,"Stirling and Falkirk"
crying,57.60076229259034,-3.5500932942091263,1668671679,6096,1994,28,Female,Y,740,Forres,Moray,IV36,"North East (Aberdeen)"
crying,55.845492956654134,-4.2201465979082675,1668783256,6103,1984,38,Female,Y,602,"Baillieston, Glasgow",Glasgow,"Glasgow Northeast",Glasgow
crying,56.00962583130612,-3.877133492867962,1669051526,6114,1972,50,Female,N,450,Stenhousemuir,Falkirk,FK5,"Stirling and Falkirk"
crying,57.47798313474702,-3.539888502890083,1669131529,6117,1994,28,Female,Y,740,Forres,Moray,IV36,"North East (Aberdeen)"
crying,55.767742015630716,-4.184073564098677,1669132085,6118,1996,26,Female,Y,530,"East Kilbride (north: The Village, East Mains, West Mains, Lymekilns, St Leonards, Calderwood, Nerston, Stewartfield, Peel Park)","South Lanarkshire",G74,Glasgow
crying,55.60489319670578,-4.663539022152715,1669151343,6119,1988,34,Female,N,787,"Irvine (centre: Castlepark, Tarryholme)","North Ayrshire",KA12,Ayrshire
crying,57.17894420100157,-2.468878164315652,1669387223,6123,1980,42,Male,Y,28,Westhill,Aberdeenshire,AB32,"North East (Aberdeen)"
crying,55.9481039150724,-3.2176244963585763,1669412684,6124,1987,35,Female,Y,287,"Corstorphine, Edinburgh",Edinburgh,"Edinburgh North","Lothian (Edinburgh)"
crying,55.91049045781751,-4.302040913389482,1669988142,6128,1976,46,Male,Y,488,Bearsden,"East Dunbartonshire",G61,Glasgow
crying,55.964084545097556,-4.3816011142997775,1670521176,6137,1995,27,Male,Y,491,Baldernock,"East Dunbartonshire",G62,Glasgow
crying,55.95389941072892,-3.251436644807046,1671084486,6142,1995,27,Female,Y,292,"Craigleith, Edinburgh",Edinburgh,"Edinburgh North","Lothian (Edinburgh)"
crying,55.9835921346398,-3.9681814373245845,1671104334,6143,1981,41,Female,Y,443,Banknock, Falkirk,FK4,"Stirling and Falkirk"
crying,56.259901216208895,-3.882803494531161,1671119205,6145,1990,32,Female,Y,405,Dunblane,Stirlingshire,FK15,"Stirling and Falkirk"
crying,56.00312976542157,-3.5568379039598694,1671142149,6146,1994,28,Female,Y,370,Bo'ness,Falkirk,EH51,"Lothian (Edinburgh)"
crying,57.6079590407558,-4.4566607807002585,1671728032,6153,1981,41,Male,Y,705,Dingwall,Highland,IV15,"Highlands (Inverness)"
crying,55.96566110995896,-3.1419981146962495,1671818609,6155,1991,31,Female,Y,285,"Leith, Edinburgh",Edinburgh,"Edinburgh Leith","Lothian (Edinburgh)"
crying,56.748491804470696,-2.5231907060171017,1672108744,6156,2000,22,Male,Y,136,Gourdon,Aberdeenshire,DD10,"Tayside and Angus (Dundee)"
crying,54.965050803375036,-4.982817616868563,1672960057,6161,2000,23,Female,Y,231,Stranraer,"Dumfries and Galloway",DG9,"Dumfries and Galloway"
crying,55.87309954552687,-4.230323056335482,1673712844,6169,1998,25,Female,Y,634,"Maryhill, Glasgow",Glasgow,"Glasgow Northeast",Glasgow
crying,56.017592752780274,-4.2649463104472645,1673713100,6170,1999,24,Female,Y,509,Lenzie,"East Dunbartonshire",G66,Glasgow
crying,55.98044747180025,-3.8753066751659313,1673715964,6172,1999,24,Female,Y,444,Dennyloanhead, Falkirk,FK4,"Stirling and Falkirk"
crying,57.640929346495106,-3.209958384829798,1673827332,6177,1995,28,Female,Y,737,Elgin,Moray,IV30,"North East (Aberdeen)"
crying,55.788210544263244,-4.512588547359879,1674387624,6186,1970,53,Female,Y,1236,"Paisley (south: Blackhall, Castlehead, Dykebar, Foxbar, Hunterhill, Meikleriggs)",Renfrewshire,PA2,Glasgow
crying,55.968541582243155,-4.57019429263455,1674567613,6187,1994,29,Female,Y,549,Dumbarton,"West Dunbartonshire",G82,Glasgow
crying,55.729919756077855,-4.703910178730002,1675164484,6195,2002,21,Female,Y,817,Kilbirnie,"North Ayrshire",KA25,Ayrshire
crying,55.770493650803054,-4.253469604729426,1675164592,6194,2002,21,Female,Y,530,"East Kilbride (north: The Village, East Mains, West Mains, Lymekilns, St Leonards, Calderwood, Nerston, Stewartfield, Peel Park)","South Lanarkshire",G74,Glasgow
crying,55.6527541171335,-4.6041123982149585,1675374617,6200,2001,22,Female,Y,785,"Irvine (east, south: Perceton, Lawthorn, Girdle Toll, Stanecastle, Bourtreehill, Broomlands, Dreghorn, Springside)","North Ayrshire",KA11,Ayrshire
crying,58.51418158491276,-4.211512503703657,1675446706,6201,2003,20,Female,School,961,Thurso,Highland,KW14,"Highlands (Inverness)"
crying,55.94529117092787,-3.2601951623343193,1675695329,6215,2009,14,Female,School,294,"Stockbridge, Edinburgh",Edinburgh,"Edinburgh North","Lothian (Edinburgh)"
crying,55.94370731013713,-3.269671262232913,1675695338,6213,2009,14,Female,N,293,"Comely Bank, Edinburgh",Edinburgh,"Edinburgh North","Lothian (Edinburgh)"
crying,55.94317049606122,-3.270346335689783,1675695340,6212,2009,14,Female,School,296,"Davidson's Mains, Edinburgh",Edinburgh,"Edinburgh North","Lothian (Edinburgh)"
crying,55.93582763862553,-3.287204342752961,1675695360,6214,2009,14,Female,School,292,"Craigleith, Edinburgh",Edinburgh,"Edinburgh North","Lothian (Edinburgh)"
crying,55.95979537113451,-3.2036113107483524,1675695501,6219,2009,14,Male,N,291,"Deans Village, Edinburgh",Edinburgh,"Edinburgh North","Lothian (Edinburgh)"
crying,55.942463504710986,-3.260142044243006,1675695590,6220,2009,14,Male,School,292,"Craigleith, Edinburgh",Edinburgh,"Edinburgh North","Lothian (Edinburgh)"
crying,55.95202729138099,-3.286551318422933,1675695720,6218,2009,14,Female,N,278,"Granton, Edinburgh",Edinburgh,"Edinburgh Clermiston Granton","Lothian (Edinburgh)"
crying,55.96238852505581,-3.23859088946081,1675695896,6222,2009,14,Female,School,278,"Granton, Edinburgh",Edinburgh,"Edinburgh Clermiston Granton","Lothian (Edinburgh)"
crying,55.96103295849816,-3.2918691441324324,1675696239,6223,2009,14,Male,School,278,"Granton, Edinburgh",Edinburgh,"Edinburgh Clermiston Granton","Lothian (Edinburgh)"
crying,56.20256851322014,-4.585849387963521,1675947402,6228,1989,34,Female,Y,473,"Stirling (centre and west: Kings Park, Raploch, Riverside)",Stirlingshire,FK8,"Stirling and Falkirk"
crying,55.5048189459885,-4.601747614568662,1676071775,6230,1983,40,Female,Y,873,Prestwick,"South Ayrshire",KA9,Ayrshire
crying,55.858264856878684,-3.5093283323932845,1676994465,6235,2004,19,Female,Y,375,Livingston,"West Lothian",EH54,"Lothian (Edinburgh)"
crying,55.74183276328572,-4.110831728787586,1677010094,6243,2003,20,Female,Y,1183,Hamilton,"South Lanarkshire",ML3,Glasgow
crying,55.843570673931104,-3.8764104257369,1677015242,6244,2004,19,Female,Y,1209,Shotts,"North Lanarkshire",ML7,Glasgow
crying,56.34628846518393,-3.352137691055252,1677085813,6251,2001,22,Male,Y,1354,"Perth (south and east: Barnhill, Bridgend, Craigie, Kincarrathie, Upper Craigie)","Perth and Kinross",PH2,Fife
crying,55.847521312696,-3.3733517316280017,1677202849,6253,1970,53,Female,Y,314,"Morningside, Edinburgh",Edinburgh,"Edinburgh South","Lothian (Edinburgh)"
crying,56.145892509626,-3.4712678848998277,1677597796,6265,2003,20,Female,Y,1096,"Dunfermline (centre, north, west: Abbey Parks, Lady's Mill, Garvock, Headwell, Kingseathill, Wellwood, Milesmark, Baldridge, Pittencrieff, Baldridgeburn)",Fife,KY12,Fife
crying,55.89402259613245,-3.2878949032645757,1677598688,6268,2003,20,Male,Y,319,"Blackford, Edinburgh",Edinburgh,"Edinburgh South","Lothian (Edinburgh)"
crying,55.94301055643936,-4.298055908674122,1677604212,6275,2003,20,Female,Y,489,Milngavie,"East Dunbartonshire",G62,Glasgow
crying,56.309613397654545,-4.671394318529571,1677605422,6277,2004,19,Male,Y,470,Kippen,Stirlingshire,FK8,"Stirling and Falkirk"
crying,57.565234018344555,-4.559410562297996,1677607235,6278,2004,19,Female,Y,704,Strathpeffer,Highland,IV14,"Highlands (Inverness)"
crying,57.51378222898081,-4.249361506525361,1677607647,6281,1984,39,Female,Y,699,"Inverness (centre, north: Longman)",Highland,IV1,"Highlands (Inverness)"
crying,55.8143985390105,-4.29156429278907,1677607656,6279,1986,37,Male,Y,645,Clarkston,"East Renfrewshire","Glasgow South",Glasgow
crying,55.88409148906315,-3.5169215644181735,1677607661,6280,2002,21,Female,School,375,Livingston,"West Lothian",EH54,"Lothian (Edinburgh)"
crying,58.55254589241004,-3.115964153939348,1677612695,6284,2003,20,Male,Y,899,Wick,Highland,KW1,"Highlands (Inverness)"
crying,55.96714194655949,-4.337584574533022,1677613130,3156,1999,23,Female,Y,489,Milngavie,"East Dunbartonshire",G62,Glasgow
crying,55.965857105943215,-4.365847432190597,1677616271,6285,1988,35,Female,Y,489,Milngavie,"East Dunbartonshire",G62,Glasgow
crying,55.69085928740099,-2.5315993010462727,1677616899,6272,2003,20,Female,Y,1441,Westruther,"Scottish Borders",TD3,Borders
crying,55.943779840063144,-4.05152999657782,1677618233,6286,2003,20,Female,Y,517,"Cumbernauld (north: Balloch, Eastfield, Carrickstone, Smithstone, Blackwood, Westfield)","North Lanarkshire",G68,Glasgow
crying,55.88408692103589,-4.299703174955167,1677626145,6287,2002,21,Male,Y,590,"Hyndland, Glasgow",Glasgow,"Glasgow Kelvin",Glasgow
crying,55.952233102117155,-3.2586453724133557,1677653221,6292,1992,31,Male,Y,287,"Corstorphine, Edinburgh",Edinburgh,"Edinburgh North","Lothian (Edinburgh)"
crying,55.837231331036314,-4.080823278081631,1677664439,6293,2004,19,Female,Y,525,Uddingston,"South Lanarkshire",G71,Glasgow
crying,55.80173921174998,-4.043033803686482,1677761794,6293,2004,19,Female,Y,525,Uddingston,"South Lanarkshire",G71,Glasgow
crying,55.817575179860256,-4.842146154244037,1677762324,6301,1993,30,Female,Y,842,Largs,"North Ayrshire",KA30,Ayrshire
crying,56.03061090948253,-3.471785406419949,1677763148,6303,2003,20,Other,Y,1090,"Dunfermline (south and east: Halbeath, Touch, Duloch, Masterton, Pitcorthie, Abbeyview, Brucefield, Hospital Hill, Camdean, Pitreavie)",Fife,KY11,Fife
crying,55.85719045455707,-4.313983696426692,1677853182,6306,2001,22,Male,Y,662,"Battlefield, Glasgow",Glasgow,"Glasgow Southwest",Glasgow
crying,55.72580450427595,-3.7527653025368317,1677863312,6307,2004,19,Female,Y,1212,Carluke,"South Lanarkshire",ML8,Glasgow
crying,56.21355658555456,-4.728075266752086,1677947025,6308,1994,29,Female,Y,553,Arrochar,"Argyll and Bute",G83,"Argyll and Bute"
crying,55.86453428907157,-4.1457724986628675,1677949681,6309,1991,32,Other,Y,598,Rutherglen,"South Lanarkshire","Glasgow Northeast",Glasgow
crying,55.9475948155533,-3.977897482218792,1678106449,6316,2004,19,Male,Y,514,"Cumbernauld (south: Condorrat, Lenziemill, Carbrain, Kildrum, Cumbernauld Village, Abronhill, Seafar)","North Lanarkshire",G67,Glasgow
crying,55.88545958835173,-4.235609308153198,1678106581,6318,1939,84,Other,School,603,"Carntyne, Glasgow",Glasgow,"Glasgow Northeast",Glasgow
crying,55.79329694575526,-4.317723966092685,1678116987,6319,2005,18,Female,Y,658,"Giffnock, Glasgow",Glasgow,"Glasgow South",Glasgow
crying,55.854002210943854,-3.342267012484894,1678137109,6321,1965,58,Female,Y,320,"Newington, Edinburgh",Edinburgh,"Edinburgh South","Lothian (Edinburgh)"
crying,57.407352631858316,-4.355223265766923,1678189582,6322,1987,36,Male,Y,736,"Inverness (west: Ballifeary, Balnafettack, Clachnaharry, Dalneigh, Kinmylies, Leachkin, Merkinch, Muirtown, South Kessock)",Highland,IV3,"Highlands (Inverness)"
crying,55.81677195893058,-4.05115393118869,1678202099,6324,2003,20,Female,Y,1186,Bellshill,"North Lanarkshire",ML4,Glasgow
crying,55.93555073539216,-3.2642638554067025,1678203805,6326,2003,20,Female,Y,292,"Craigleith, Edinburgh",Edinburgh,"Edinburgh North","Lothian (Edinburgh)"
crying,55.93714364453434,-3.297858616445564,1678203806,6325,2003,20,Female,School,294,"Stockbridge, Edinburgh",Edinburgh,"Edinburgh North","Lothian (Edinburgh)"
crying,57.13243652669775,-3.7879614485857243,1678204645,6327,2004,19,Female,Y,1363,Aviemore,Highland,PH22,"Highlands (Inverness)"
crying,55.871817612122626,-3.5065131009335495,1678219555,6329,2004,19,Male,Y,375,Livingston,"West Lothian",EH54,"Lothian (Edinburgh)"
crying,57.41947244143163,-6.341242656085943,1678453038,6336,2001,22,Other,Y,763,Portree,Highland,IV51,"Highlands (Inverness)"
crying,55.64746645569418,-3.16947924123013,1678654389,6337,2004,19,Female,Y,362,Peebles,"Scottish Borders",EH45,Borders
crying,55.38913648955087,-4.354915095160927,1679044112,6350,2006,17,Female,School,798,Cumnock,"East Ayrshire",KA18,Ayrshire
crying,55.83386986348816,-4.306373289953716,1679044362,6348,1989,34,Female,Y,653,"Netherlee, Glasgow",Glasgow,"Glasgow South",Glasgow
crying,56.19572179439712,-3.119160313951437,1679056164,6362,2008,15,Female,School,1133,"Glenrothes (centre and east: Pitteuchar, Finglassie, Stenton, Auchmuty, Pitcoudie, Balfarg, Pircairn, Collydean)",Fife,KY7,Fife
crying,56.181760921284436,-3.109955934953715,1679056198,6367,2008,15,Male,N,1133,"Glenrothes (centre and east: Pitteuchar, Finglassie, Stenton, Auchmuty, Pitcoudie, Balfarg, Pircairn, Collydean)",Fife,KY7,Fife
crying,56.173014077689096,-3.156908397320573,1679056223,6359,2008,15,Female,School,1133,"Glenrothes (centre and east: Pitteuchar, Finglassie, Stenton, Auchmuty, Pitcoudie, Balfarg, Pircairn, Collydean)",Fife,KY7,Fife
crying,56.22048510873365,-3.1317139006720667,1679056258,6364,2009,14,Male,School,1133,"Glenrothes (centre and east: Pitteuchar, Finglassie, Stenton, Auchmuty, Pitcoudie, Balfarg, Pircairn, Collydean)",Fife,KY7,Fife
crying,56.186846345619045,-3.111128867040653,1679056259,6368,2008,15,Female,School,1134,Markinch,Fife,KY7,Fife
crying,56.21788102974191,-3.139407775441916,1679056289,6369,2009,14,Female,School,1133,"Glenrothes (centre and east: Pitteuchar, Finglassie, Stenton, Auchmuty, Pitcoudie, Balfarg, Pircairn, Collydean)",Fife,KY7,Fife
crying,56.18392320606006,-3.098371047996178,1679056309,6379,2008,15,Male,School,1133,"Glenrothes (centre and east: Pitteuchar, Finglassie, Stenton, Auchmuty, Pitcoudie, Balfarg, Pircairn, Collydean)",Fife,KY7,Fife
crying,56.195474174663715,-3.1101290786120668,1679056340,6375,2008,15,Female,School,1133,"Glenrothes (centre and east: Pitteuchar, Finglassie, Stenton, Auchmuty, Pitcoudie, Balfarg, Pircairn, Collydean)",Fife,KY7,Fife
crying,56.20198327464358,-3.1097038762539757,1679056364,6363,2008,15,Female,School,1133,"Glenrothes (centre and east: Pitteuchar, Finglassie, Stenton, Auchmuty, Pitcoudie, Balfarg, Pircairn, Collydean)",Fife,KY7,Fife
crying,56.209646949967066,-3.1684471643173473,1679056417,6382,2008,15,Female,School,1133,"Glenrothes (centre and east: Pitteuchar, Finglassie, Stenton, Auchmuty, Pitcoudie, Balfarg, Pircairn, Collydean)",Fife,KY7,Fife
crying,56.22900829441763,-3.1734121482314834,1679056435,6383,2008,15,Female,School,1133,"Glenrothes (centre and east: Pitteuchar, Finglassie, Stenton, Auchmuty, Pitcoudie, Balfarg, Pircairn, Collydean)",Fife,KY7,Fife
crying,56.23489606122676,-3.121017270853922,1679056457,6380,2008,15,Female,School,1133,"Glenrothes (centre and east: Pitteuchar, Finglassie, Stenton, Auchmuty, Pitcoudie, Balfarg, Pircairn, Collydean)",Fife,KY7,Fife
crying,56.22352438419343,-3.1709506873818394,1679056469,6372,2008,15,Female,School,1134,Markinch,Fife,KY7,Fife
crying,56.22087312421806,-3.166884969209082,1679056505,6391,2008,15,Female,School,1133,"Glenrothes (centre and east: Pitteuchar, Finglassie, Stenton, Auchmuty, Pitcoudie, Balfarg, Pircairn, Collydean)",Fife,KY7,Fife
crying,56.198206826635925,-3.165507628294323,1679056509,6386,2008,15,Female,School,1133,"Glenrothes (centre and east: Pitteuchar, Finglassie, Stenton, Auchmuty, Pitcoudie, Balfarg, Pircairn, Collydean)",Fife,KY7,Fife
crying,56.20176050575497,-3.146607354034615,1679056524,6385,2008,15,Male,N,1133,"Glenrothes (centre and east: Pitteuchar, Finglassie, Stenton, Auchmuty, Pitcoudie, Balfarg, Pircairn, Collydean)",Fife,KY7,Fife
crying,56.215212980094705,-3.0854400525121193,1679056531,6387,2008,15,Male,School,1133,"Glenrothes (centre and east: Pitteuchar, Finglassie, Stenton, Auchmuty, Pitcoudie, Balfarg, Pircairn, Collydean)",Fife,KY7,Fife
crying,56.196808116135536,-3.157741587518429,1679056562,6381,2008,15,Male,School,1133,"Glenrothes (centre and east: Pitteuchar, Finglassie, Stenton, Auchmuty, Pitcoudie, Balfarg, Pircairn, Collydean)",Fife,KY7,Fife
crying,56.22556742476908,-3.0992076962267845,1679056672,6392,2008,15,Male,School,1133,"Glenrothes (centre and east: Pitteuchar, Finglassie, Stenton, Auchmuty, Pitcoudie, Balfarg, Pircairn, Collydean)",Fife,KY7,Fife
crying,56.18231271137412,-3.0854287618514253,1679056778,6393,2008,15,Male,School,1133,"Glenrothes (centre and east: Pitteuchar, Finglassie, Stenton, Auchmuty, Pitcoudie, Balfarg, Pircairn, Collydean)",Fife,KY7,Fife
crying,56.20220199122054,-3.138031106575563,1679056808,6395,2009,14,Male,School,1133,"Glenrothes (centre and east: Pitteuchar, Finglassie, Stenton, Auchmuty, Pitcoudie, Balfarg, Pircairn, Collydean)",Fife,KY7,Fife
crying,56.18354694666942,-3.094634517594578,1679056839,6388,2008,15,Female,School,1133,"Glenrothes (centre and east: Pitteuchar, Finglassie, Stenton, Auchmuty, Pitcoudie, Balfarg, Pircairn, Collydean)",Fife,KY7,Fife
crying,56.205147882193025,-3.1243578236153082,1679056941,6389,2008,15,Female,School,1133,"Glenrothes (centre and east: Pitteuchar, Finglassie, Stenton, Auchmuty, Pitcoudie, Balfarg, Pircairn, Collydean)",Fife,KY7,Fife
crying,56.22334075650743,-3.1391137662365916,1679057034,6399,2008,15,Male,School,1133,"Glenrothes (centre and east: Pitteuchar, Finglassie, Stenton, Auchmuty, Pitcoudie, Balfarg, Pircairn, Collydean)",Fife,KY7,Fife
crying,56.20529836399257,-3.139035213479742,1679057263,6374,2008,15,Female,School,1134,Markinch,Fife,KY7,Fife
crying,55.83704957730915,-3.3848944521784117,1679078680,6403,1974,49,Female,Y,313,"Colinton, Edinburgh",Edinburgh,"Edinburgh South","Lothian (Edinburgh)"
crying,55.96627178124914,-3.190813957903577,1679153540,6404,1970,53,Female,Y,289,"Newhaven, Edinburgh",Edinburgh,"Edinburgh North","Lothian (Edinburgh)"
crying,57.42575972618047,-2.0308207583413767,1679349925,6409,1985,38,Female,Y,49,Ellon,Aberdeenshire,AB41,"North East (Aberdeen)"
crying,55.816114137618975,-4.240368713520171,1679406656,6411,1988,35,Male,Y,645,Clarkston,"East Renfrewshire","Glasgow South",Glasgow
crying,55.950122156030126,-3.979535273022611,1679495597,6413,1972,51,Female,Y,514,"Cumbernauld (south: Condorrat, Lenziemill, Carbrain, Kildrum, Cumbernauld Village, Abronhill, Seafar)","North Lanarkshire",G67,Glasgow
crying,56.45190791205723,-3.027345253383198,1679676516,6418,1998,25,Female,Y,261,"Westend, Dundee",Dundee,"Dundee West","Tayside and Angus (Dundee)"
crying,55.8757155924895,-4.2624041596726485,1679708794,6420,1997,26,Female,Y,600,"Garrowhill, Glasgow",Glasgow,"Glasgow Northeast",Glasgow
crying,55.72137120986338,-4.380969376952022,1680009417,6423,2007,16,Male,N,539,"Newton Mearns","East Renfrewshire",G77,Glasgow
crying,55.80904865178545,-4.281591844010716,1680009625,6425,2007,16,Male,School,645,Clarkston,"East Renfrewshire","Glasgow South",Glasgow
crying,55.77248072601111,-4.387758500733707,1680009652,6426,2007,16,Female,School,539,"Newton Mearns","East Renfrewshire",G77,Glasgow
crying,55.82934596974397,-4.283154000888794,1680010047,6427,2007,16,Female,School,645,Clarkston,"East Renfrewshire","Glasgow South",Glasgow
crying,56.07438310215543,-3.905236710835894,1680429095,6430,1990,33,Female,Y,464,"Stirling (south and east: Braehead, Borestone, Broomridge, Torbrex)",Stirlingshire,FK7,"Stirling and Falkirk"
crying,55.88140358696226,-3.1005684855807956,1681937772,6438,2000,23,Male,Y,328,Bonnyrigg,Midlothian,EH19,"Lothian (Edinburgh)"
crying,55.78288881903528,-4.28486971171123,1682083141,6441,2008,15,Other,N,658,"Giffnock, Glasgow",Glasgow,"Glasgow South",Glasgow
crying,55.95072830961998,-4.610233378997244,1682166679,6442,1994,29,Female,Y,549,Dumbarton,"West Dunbartonshire",G82,Glasgow
crying,57.61801848953472,-2.850149025215262,1682631363,6451,1967,56,Female,Y,91,Cullen,Moray,AB56,"North East (Aberdeen)"
crying,55.82924275663854,-4.069677920798605,1683283880,6462,2008,15,Male,School,525,Uddingston,"South Lanarkshire",G71,Glasgow
crying,56.248044977944176,-3.5400393030576818,1683325539,6465,2000,23,Female,School,1100,Scotlandwell,"Perth and Kinross",KY13,Fife
crying,56.226337246334516,-3.517939710699448,1683476418,6466,2001,22,Female,School,1100,Scotlandwell,"Perth and Kinross",KY13,Fife
crying,55.870475524297916,-4.430498784279777,1683532843,6467,1987,36,Female,N,1249,"Paisley (north west: Ferguslie Park, Gallowhill, Gockston, Shortroods, )",Renfrewshire,PA3,Glasgow
crying,55.94246077051915,-3.2706111844489882,1683634416,6469,1994,29,Female,Y,289,"Newhaven, Edinburgh",Edinburgh,"Edinburgh North","Lothian (Edinburgh)"
crying,55.83738177037394,-4.179877971406418,1684489684,6488,1983,40,Female,Y,602,"Baillieston, Glasgow",Glasgow,"Glasgow Northeast",Glasgow
crying,55.91686379267197,-3.955172604647564,1684528848,6490,1981,42,Female,Y,1194,Caldercruix,"North Lanarkshire",ML6,Glasgow
crying,55.90455465785212,-4.51745895580158,1685823217,6496,1999,24,Female,Y,1292,Bishopton,Renfrewshire,PA7,Glasgow
crying,55.812472112955916,-4.340093248930221,1686577075,6509,2007,16,Male,N,682,"Darnley, Glasgow",Glasgow,"Glasgow Southwest",Glasgow
crying,55.85354209339668,-4.19825603700717,1686577089,6506,2007,16,Female,N,616,"Calton, Glasgow",Glasgow,"Glasgow Northeast",Glasgow
crying,55.90201571220463,-4.247863478849866,1686577105,6505,2007,16,Female,School,615,"Bridgeton, Glasgow",Glasgow,"Glasgow Northeast",Glasgow
crying,55.89294972191155,-4.2689939636847525,1686577116,6523,2007,16,Male,School,631,"Royston, Glasgow",Glasgow,"Glasgow Northeast",Glasgow
crying,55.900943019660176,-4.242942010316769,1686577116,6507,2007,16,Female,School,616,"Calton, Glasgow",Glasgow,"Glasgow Northeast",Glasgow
crying,55.860287491354434,-4.230689696848235,1686577150,6510,2007,16,Male,School,615,"Bridgeton, Glasgow",Glasgow,"Glasgow Northeast",Glasgow
crying,55.84747944457791,-4.157282140372452,1686577184,6522,2007,16,Male,N,617,"Dalmarnock, Glasgow",Glasgow,"Glasgow Northeast",Glasgow
crying,55.860942102403406,-4.182876251829421,1686577187,6524,2007,16,Male,School,615,"Bridgeton, Glasgow",Glasgow,"Glasgow Northeast",Glasgow
crying,55.873237358198026,-4.219865256016975,1686577187,6515,2007,16,Male,N,625,"Parkhead, Glasgow",Glasgow,"Glasgow Northeast",Glasgow
crying,55.83858885517174,-4.18532520955297,1686577219,6531,2007,16,Female,School,627,"Dennistoun, Glasgow",Glasgow,"Glasgow Northeast",Glasgow
crying,55.8731636900396,-4.181934922776997,1686577224,6518,2008,15,Female,School,617,"Dalmarnock, Glasgow",Glasgow,"Glasgow Northeast",Glasgow
crying,55.871744072374625,-4.209052214232297,1686577258,6529,2007,16,Male,School,615,"Bridgeton, Glasgow",Glasgow,"Glasgow Northeast",Glasgow
crying,55.82526683817669,-4.227575697935271,1686577290,6530,2008,15,Female,School,624,"Springboig, Glasgow",Glasgow,"Glasgow Northeast",Glasgow
crying,55.84448646390558,-4.170451263257074,1686577325,6526,2007,16,Male,School,617,"Dalmarnock, Glasgow",Glasgow,"Glasgow Northeast",Glasgow
crying,55.89299174930774,-4.292957302626802,1686577337,6534,2007,16,Female,School,628,"Balornock, Glasgow",Glasgow,"Glasgow Northeast",Glasgow
crying,55.89500268540795,-4.206108924115179,1686577367,6527,2007,16,Male,N,616,"Calton, Glasgow",Glasgow,"Glasgow Northeast",Glasgow
crying,55.85593001563059,-4.24306026976759,1686577404,6520,2006,17,Female,N,580,"Anderston, Glasgow",Glasgow,"Glasgow City Centre",Glasgow
crying,55.891707540781795,-4.192089632707204,1686593172,6537,2008,15,Female,School,615,"Bridgeton, Glasgow",Glasgow,"Glasgow Northeast",Glasgow
crying,55.8445118074406,-4.105622793846723,1686913273,6543,2008,15,Female,School,615,"Bridgeton, Glasgow",Glasgow,"Glasgow Northeast",Glasgow
crying,55.82950355225283,-4.229868689802466,1686913273,6544,2008,15,Female,School,615,"Bridgeton, Glasgow",Glasgow,"Glasgow Northeast",Glasgow
crying,55.857669466037734,-4.174243314699325,1686913295,6545,2006,17,Female,School,615,"Bridgeton, Glasgow",Glasgow,"Glasgow Northeast",Glasgow
crying,55.84477704310155,-4.117123087083759,1686913414,6548,2006,17,Male,School,603,"Carntyne, Glasgow",Glasgow,"Glasgow Northeast",Glasgow
crying,55.906906652306695,-4.181502543259838,1686921198,6561,2007,16,Other,School,617,"Dalmarnock, Glasgow",Glasgow,"Glasgow Northeast",Glasgow
crying,55.8559396708848,-4.207388504301707,1686921227,6557,2007,16,Female,School,626,"Haghill, Glasgow",Glasgow,"Glasgow Northeast",Glasgow
crying,55.854636151950125,-4.222939622914895,1686921231,6563,2007,16,Male,School,619,"Tollcross, Glasgow",Glasgow,"Glasgow Northeast",Glasgow
crying,55.85534838087536,-4.111424322490808,1686921244,6559,2007,16,Female,School,623,"Shettleston, Glasgow",Glasgow,"Glasgow Northeast",Glasgow
crying,55.85129176749352,-4.156983584373893,1686921278,6562,2006,17,Male,School,623,"Shettleston, Glasgow",Glasgow,"Glasgow Northeast",Glasgow
crying,55.90823554448069,-3.916302040633528,1689060717,6565,1985,38,Male,Y,1192,Airdrie,"North Lanarkshire",ML6,Glasgow
crying,56.301701982964644,-3.0265022036083153,1689436382,6568,1994,29,Male,Y,1105,Cupar,Fife,KY15,Fife
crying,57.606433796960786,-3.4222106822951455,1690479082,6570,1994,29,Female,N,737,Elgin,Moray,IV30,"North East (Aberdeen)"
crying,57.57199638595701,-3.417462893066869,1692739661,6575,1993,30,Female,Y,737,Elgin,Moray,IV30,"North East (Aberdeen)"
crying,55.835583776050626,-4.839910121658009,1692968619,6579,1998,25,Female,Y,842,Largs,"North Ayrshire",KA30,Ayrshire
crying,55.472019601818204,-4.597044855906965,1694983284,6596,1957,66,Female,N,868,"Newton on Ayr","South Ayrshire",KA8,Ayrshire
crying,55.770333589198785,-4.110653944164467,1695208125,6598,2011,12,Male,School,529,Cambuslang,"South Lanarkshire",G72,Glasgow
crying,55.7918839987128,-4.115420109383568,1695208157,6602,2010,13,Female,School,529,Cambuslang,"South Lanarkshire",G72,Glasgow
crying,55.79487751532269,-4.089136554994471,1695208219,6603,2010,13,Male,School,529,Cambuslang,"South Lanarkshire",G72,Glasgow
crying,55.78697588483307,-4.117724946944928,1695208247,6606,2010,13,Female,School,529,Cambuslang,"South Lanarkshire",G72,Glasgow
crying,55.85005293441706,-4.081882314139983,1695208320,6610,2011,12,Male,School,598,Rutherglen,"South Lanarkshire","Glasgow Northeast",Glasgow
crying,55.88959855905508,-4.312186381095169,1695549852,6617,1978,45,Male,Y,590,"Hyndland, Glasgow",Glasgow,"Glasgow Kelvin",Glasgow
crying,56.56538554665256,-2.7445861833326517,1696338348,6622,2005,18,Female,Y,141,Arbroath,Angus,DD11,"Tayside and Angus (Dundee)"
crying,55.83885672596345,-4.484724565646199,1696422235,6623,2002,21,Other,Y,1249,"Paisley (north west: Ferguslie Park, Gallowhill, Gockston, Shortroods, )",Renfrewshire,PA3,Glasgow
crying,55.961269181215,-3.180895722969737,1696791089,6624,2005,18,Female,Y,287,"Corstorphine, Edinburgh",Edinburgh,"Edinburgh North","Lothian (Edinburgh)"
crying,55.82760033751509,-4.478221805289593,1697372319,6633,1966,57,Female,Y,1276,Johnstone,Renfrewshire,PA5,Glasgow
crying,55.933008316681814,-4.344413101323439,1697543383,6635,2005,18,Female,Y,488,Bearsden,"East Dunbartonshire",G61,Glasgow
crying,55.95831770311097,-3.169505628657089,1702050100,6655,2003,20,Female,Y,293,"Comely Bank, Edinburgh",Edinburgh,"Edinburgh North","Lothian (Edinburgh)"
crying,57.16396804348937,-2.1686194807334647,1702420368,6660,1996,27,Male,Y,96,"Summerhill, Aberdeen",Aberdeen,"Aberdeen Central","North East (Aberdeen)"
crying,55.82283445404973,-4.383200238192532,1702420690,6661,1992,31,Male,Y,672,"Govan, Glasgow",Glasgow,"Glasgow Southwest",Glasgow
crying,55.480218167346735,-4.613599738277591,1702425678,6663,1995,28,Male,Y,868,"Newton on Ayr","South Ayrshire",KA8,Ayrshire
crying,55.98855344887984,-3.5516833064616047,1702455784,6670,1992,31,Male,Y,369,Linlithgow,"West Lothian",EH49,"Lothian (Edinburgh)"
crying,55.944610286319104,-4.389858809356737,1702461668,6675,1997,26,Male,Y,489,Milngavie,"East Dunbartonshire",G62,Glasgow
crying,55.8022173066465,-4.04844103613324,1702462622,6676,1991,32,Male,Y,1151,Motherwell,"North Lanarkshire",ML1,Glasgow
crying,56.07734968203375,-3.4790765248086153,1702471169,6686,1993,30,Male,Y,1096,"Dunfermline (centre, north, west: Abbey Parks, Lady's Mill, Garvock, Headwell, Kingseathill, Wellwood, Milesmark, Baldridge, Pittencrieff, Baldridgeburn)",Fife,KY12,Fife
crying,55.95888554229439,-3.4820357647328875,1702474040,6689,1995,28,Male,Y,371,Broxburn,"West Lothian",EH52,"Lothian (Edinburgh)"
crying,58.54064080164925,-3.201928211882002,1702592793,6696,1994,29,Male,N,899,Wick,Highland,KW1,"Highlands (Inverness)"
crying,55.75474455797609,-3.820492027612102,1702715064,6699,1986,37,Male,Y,1212,Carluke,"South Lanarkshire",ML8,Glasgow
crying,55.94066034838644,-3.28848091650623,1704744956,6707,1996,28,Male,Y,298,"Inverleith, Edinburgh",Edinburgh,"Edinburgh North","Lothian (Edinburgh)"
crying,55.90759382450338,-4.478625843871126,1705414274,6708,2002,22,Male,Y,1292,Bishopton,Renfrewshire,PA7,Glasgow
crying,57.15878962484666,-2.099949688856136,1705442747,6713,1989,35,Female,N,101,"Sheddocksley, Aberdeen",Aberdeen,"Aberdeen Central","North East (Aberdeen)"
crying,55.41799699282518,-4.749125553344846,1705500430,6718,2003,21,Female,Y,856,"Ayr (Centre)","South Ayrshire",KA7,Ayrshire
crying,55.40105794152614,-4.62540272626757,1705685467,6722,2003,21,Female,Y,855,Alloway,"South Ayrshire",KA7,Ayrshire
crying,55.42089233477648,-4.691709997794481,1705685812,6722,2003,21,Female,Y,855,Alloway,"South Ayrshire",KA7,Ayrshire
crying,55.421469698603936,-4.735347710185802,1705685851,6723,1973,51,Female,Y,856,"Ayr (Centre)","South Ayrshire",KA7,Ayrshire
crying,56.98469873676942,-2.979771122220384,1706102120,6726,2003,21,Female,Y,33,Aboyne,Aberdeenshire,AB34,"North East (Aberdeen)"
crying,55.91969487090318,-4.332815152662848,1706541595,6730,2000,24,Male,Y,488,Bearsden,"East Dunbartonshire",G61,Glasgow
crying,56.35828289440609,-3.73957298400036,1706879712,6735,1957,67,Female,Y,1402,Crieff,"Perth and Kinross",PH7,Fife
crying,56.38786868555367,-3.2122071094379043,1706958596,6737,2003,21,Female,Y,1354,"Perth (south and east: Barnhill, Bridgend, Craigie, Kincarrathie, Upper Craigie)","Perth and Kinross",PH2,Fife
crying,55.778355387844485,-4.259439290455713,1706958882,6736,2003,21,Female,Y,537,Eaglesham,"East Renfrewshire",G76,Glasgow
crying,58.40075832150634,-6.397020177872927,1707252355,6744,1999,25,Female,Y,688,"Isle of Lewis","Western Isles (outside of Stornoway)",HS2,"Western Isles"
crying,57.57131016769634,-3.4087712116733653,1707518367,6750,1987,37,Female,Y,737,Elgin,Moray,IV30,"North East (Aberdeen)"
crying,55.99284816025911,-4.249223687080134,1707657610,6753,1979,45,Female,Y,507,Kirkintilloch,"East Dunbartonshire",G66,Glasgow
crying,58.02920010948561,-6.6695359001901595,1708444701,6775,2005,19,Female,Y,688,"Isle of Lewis","Western Isles (outside of Stornoway)",HS2,"Western Isles"
crying,56.901788514599794,-2.2181487932521717,1708445467,6778,2005,19,Female,Y,48,Stonehaven,Aberdeenshire,AB39,"North East (Aberdeen)"
crying,55.80891576500718,-4.261864953836948,1708446800,6772,2005,19,Female,Y,652,"King's Park, Glasgow",Glasgow,"Glasgow South",Glasgow
crying,55.692165691305895,-3.6680169230945343,1708446981,6783,2006,18,Female,Y,1168,Lesmahagow,"South Lanarkshire",ML11,Glasgow
crying,56.451724099427274,-3.4885497179419622,1708449779,6785,2004,20,Male,Y,1313,"Perth (north and west: Burghmuir, Cherrybank, Hillyland, Inveralmond, Lethom, Muirton, North Muirton, Tulloch)","Perth and Kinross",PH1,Fife
crying,55.90714672923056,-3.210058433223728,1708450717,6788,2005,19,Male,Y,314,"Morningside, Edinburgh",Edinburgh,"Edinburgh South","Lothian (Edinburgh)"
crying,55.94068355623158,-3.2077564486034067,1708450848,6774,2004,20,Male,Y,315,"Fairmilehead, Edinburgh",Edinburgh,"Edinburgh South","Lothian (Edinburgh)"
crying,55.586411681779495,-3.9961152039737438,1708455469,6783,2006,18,Female,Y,1168,Lesmahagow,"South Lanarkshire",ML11,Glasgow
crying,55.784495235804094,-4.728375318591872,1708456076,6797,2004,20,Female,School,817,Kilbirnie,"North Ayrshire",KA25,Ayrshire
crying,55.41920525051595,-4.680396395185716,1708456752,6798,2005,19,Female,Y,859,Doonfoot,"South Ayrshire",KA7,Ayrshire
crying,55.41580439283878,-4.661941360328635,1708458592,6765,2005,19,Female,Y,856,"Ayr (Centre)","South Ayrshire",KA7,Ayrshire
crying,55.77474926356315,-4.180183106337182,1708459116,6801,2005,19,Female,Y,530,"East Kilbride (north: The Village, East Mains, West Mains, Lymekilns, St Leonards, Calderwood, Nerston, Stewartfield, Peel Park)","South Lanarkshire",G74,Glasgow
crying,54.8620699971942,-4.2513475640340435,1708460274,6802,2004,20,Female,Y,220,"Castle Douglas","Dumfries and Galloway",DG7,"Dumfries and Galloway"
crying,55.45259757098265,-4.613017462675426,1708462850,6766,2005,19,Female,Y,856,"Ayr (Centre)","South Ayrshire",KA7,Ayrshire
crying,55.95642166701705,-3.1887746851453627,1708466420,6771,2004,20,Female,Y,287,"Corstorphine, Edinburgh",Edinburgh,"Edinburgh North","Lothian (Edinburgh)"
crying,55.8040942615887,-4.091953094224824,1708508197,6809,2005,19,Male,Y,526,Viewpark,"North Lanarkshire",G71,Glasgow
crying,55.798032236338045,-4.289138622764892,1708536087,6814,2004,20,Female,Y,653,"Netherlee, Glasgow",Glasgow,"Glasgow South",Glasgow
crying,55.827553517839924,-4.031883947015748,1708541692,6815,2004,20,Female,Y,1186,Bellshill,"North Lanarkshire",ML4,Glasgow
crying,55.96785887713534,-3.2032431895799816,1708627155,6826,2004,20,Female,Y,296,"Davidson's Mains, Edinburgh",Edinburgh,"Edinburgh North","Lothian (Edinburgh)"
crying,55.87263695159352,-4.461581414322785,1708633909,6827,1950,74,Female,Y,1264,Renfrew,Renfrewshire,PA4,Glasgow
crying,55.81410424125069,-4.51017120691915,1708708229,6831,1976,48,Male,Y,1275,Elderslie,Renfrewshire,PA5,Glasgow
crying,55.960083915585074,-4.62857365328186,1708792939,6834,1962,62,Female,Y,549,Dumbarton,"West Dunbartonshire",G82,Glasgow
crying,55.991627681567486,-4.685175582802099,1708809429,6790,2004,20,Female,Y,549,Dumbarton,"West Dunbartonshire",G82,Glasgow
crying,55.78831832769243,-4.284961713030602,1708955179,6838,2004,20,Female,Y,658,"Giffnock, Glasgow",Glasgow,"Glasgow South",Glasgow
crying,55.86509288040439,-4.022349211208025,1709029746,6850,2005,19,Male,Y,1189,Coatbridge,"North Lanarkshire",ML5,Glasgow
crying,55.92947966299339,-4.261010673623861,1709033059,6853,2008,16,Other,School,489,Milngavie,"East Dunbartonshire",G62,Glasgow
crying,55.961476015996695,-4.369384066105716,1709035346,6854,2008,16,Male,School,489,Milngavie,"East Dunbartonshire",G62,Glasgow
crying,55.953538474434936,-3.2542903266461605,1709035493,6856,2005,19,Male,Y,294,"Stockbridge, Edinburgh",Edinburgh,"Edinburgh North","Lothian (Edinburgh)"
crying,55.964984868001714,-4.397782142979572,1709036561,6855,2008,16,Male,School,489,Milngavie,"East Dunbartonshire",G62,Glasgow
crying,55.80908311154613,-4.295477012708502,1709037089,6859,2005,19,Female,Y,652,"King's Park, Glasgow",Glasgow,"Glasgow South",Glasgow
crying,55.92888594083886,-3.2186089617097795,1709047266,6867,2005,19,Male,Y,317,"Marchmont, Edinburgh",Edinburgh,"Edinburgh South","Lothian (Edinburgh)"
crying,55.793011691543484,-4.040335144671387,1709047398,6868,2005,19,Male,Y,1183,Hamilton,"South Lanarkshire",ML3,Glasgow
crying,56.0573292742832,-4.760696867285441,1709056002,6871,2006,18,Female,Y,566,Helensburgh,"Argyll and Bute",G84,"Argyll and Bute"
crying,55.94017347485017,-4.266978542824339,1709062824,6835,2005,19,Male,Y,489,Milngavie,"East Dunbartonshire",G62,Glasgow
crying,56.87892887547033,-2.3551988908589303,1709150403,6875,2004,20,Female,Y,15,Auchenblae,Aberdeenshire,AB30,"North East (Aberdeen)"
crying,55.11752582303951,-3.79500937695183,1709213748,6877,2004,20,Female,Y,207,"Dumfries (west: Broomlands, Cargenbridge, Lochside, Maxwelltown, Troqueer)","Dumfries and Galloway",DG2,"Dumfries and Galloway"
crying,55.929540007981934,-4.362226950064823,1709404491,6881,1970,54,Female,Y,488,Bearsden,"East Dunbartonshire",G61,Glasgow
crying,55.857570922413814,-4.2705738584572215,1709405363,6883,1939,85,Male,Y,596,"Finnieston, Glasgow",Glasgow,"Glasgow Kelvin",Glasgow
crying,55.94430963512334,-2.712397464382316,1709592620,6852,2005,19,Female,Y,357,Haddington,"East Lothian",EH41,"Lothian (Edinburgh)"
crying,55.94365582222551,-3.089900643205491,1709685677,6891,2005,19,Female,School,281,"Portobello, Edinburgh",Edinburgh,"Edinburgh Duddingston","Lothian (Edinburgh)"
crying,55.983789465245366,-3.1877442261885305,1710071867,6897,1986,38,Female,N,285,"Leith, Edinburgh",Edinburgh,"Edinburgh Leith","Lothian (Edinburgh)"
crying,56.09136613031616,-3.549261289333986,1710862303,6903,2003,21,Female,Y,1096,"Dunfermline (centre, north, west: Abbey Parks, Lady's Mill, Garvock, Headwell, Kingseathill, Wellwood, Milesmark, Baldridge, Pittencrieff, Baldridgeburn)",Fife,KY12,Fife
crying,56.04458703354522,-3.3451955828939277,1711117167,6908,2005,19,Female,Y,1090,"Dunfermline (south and east: Halbeath, Touch, Duloch, Masterton, Pitcorthie, Abbeyview, Brucefield, Hospital Hill, Camdean, Pitreavie)",Fife,KY11,Fife
crying,55.89504249040993,-2.7732350805302715,1713091049,6913,1990,34,Male,Y,357,Haddington,"East Lothian",EH41,"Lothian (Edinburgh)"
crying,57.4903429273758,-4.21946707402031,1713361009,6589,1999,24,Female,Y,699,"Inverness (centre, north: Longman)",Highland,IV1,"Highlands (Inverness)"
crying,55.99221325481613,-4.256687321897661,1713451990,6924,1963,61,Female,Y,507,Kirkintilloch,"East Dunbartonshire",G66,Glasgow
crying,56.26894699007909,-2.977326323021574,1714159597,6935,2005,19,Male,Y,1105,Cupar,Fife,KY15,Fife
crying,55.88178886952598,-4.877526601333193,1714163497,6936,2005,19,Female,Y,1234,"Wemyss Bay",Inverclyde,PA18,Glasgow
crying,55.942506830685566,-3.207506536654044,1714167688,6937,2004,20,Male,Y,319,"Blackford, Edinburgh",Edinburgh,"Edinburgh South","Lothian (Edinburgh)"
crying,55.837740110564845,-4.138293101886055,1714339282,6938,2004,20,Male,Y,634,"Maryhill, Glasgow",Glasgow,"Glasgow Northeast",Glasgow
crying,58.527077931767245,-3.9818361535574134,1716583264,6943,1992,32,Male,Y,961,Thurso,Highland,KW14,"Highlands (Inverness)"
crying,55.779274200278515,-4.47516042443581,1718284591,6949,1988,36,Male,Y,540,Barrhead,"East Renfrewshire",G78,Glasgow
crying,55.833565669602635,-4.288357177044769,1719355820,6952,2004,20,Female,Y,658,"Giffnock, Glasgow",Glasgow,"Glasgow South",Glasgow
crying,55.8201276417046,-4.314484980411331,1721857763,6961,1993,31,Female,Y,653,"Netherlee, Glasgow",Glasgow,"Glasgow South",Glasgow
crying,55.83789531817404,-4.242243556419088,1725362478,6979,1995,29,Female,Y,663,"Mount Florida, Glasgow",Glasgow,"Glasgow Southwest",Glasgow
crying,55.40494268655511,-4.702383617601865,1726269451,6983,2003,21,Female,Y,856,"Ayr (Centre)","South Ayrshire",KA7,Ayrshire
crying,56.43112930787624,-2.874682903583825,1726269700,6984,2003,21,Female,Y,177,Wormit,Fife,DD6,"Tayside and Angus (Dundee)"
crying,56.41096774522497,-2.808860381111958,1726269944,6984,2003,21,Female,Y,177,Wormit,Fife,DD6,"Tayside and Angus (Dundee)"
crying,55.80555953775119,-3.3390372958399124,1727864298,6989,2004,20,Female,Y,343,Penicuik,Midlothian,EH26,"Lothian (Edinburgh)"
crying,55.9327143792973,-4.837024147346935,1727889283,6990,1985,39,Male,Y,1231,"Greenock (west: Bow Farm, Braeside, Branchton, Fort Matilda, Gateside, Greenock West, Overton, Pennyfern, Smithston)",Inverclyde,PA16,Glasgow
crying,56.008905646514805,-4.666234467650788,1727982486,6991,1997,27,Male,Y,566,Helensburgh,"Argyll and Bute",G84,"Argyll and Bute"
crying,55.85477989144384,-4.487732056177046,1729236646,6998,1964,60,Female,N,1249,"Paisley (north west: Ferguslie Park, Gallowhill, Gockston, Shortroods, )",Renfrewshire,PA3,Glasgow
crying,55.67965122287537,-4.2804941277650395,1730141434,6999,1987,37,Female,Y,537,Eaglesham,"East Renfrewshire",G76,Glasgow
crying,56.01232396738052,-4.060150634306207,1730398077,7001,1944,80,Male,Y,506,Kilsyth,"North Lanarkshire",G65,Glasgow
crying,56.94907048398182,-2.5786031284513107,1730407689,7008,1987,37,Female,Y,22,Banchory,Aberdeenshire,AB31,"North East (Aberdeen)"
crying,55.125903388979836,-3.5590132972721467,1730411799,7011,1971,53,Female,Y,186,"Dumfries (centre and east: Dalscone, Georgetown, Heathhall, Kingholm Quay, Noblehill, The Crichton)","Dumfries and Galloway",DG1,"Dumfries and Galloway"
crying,55.93253827222266,-4.227819002728639,1730413524,7012,1956,68,Female,Y,502,Bishopbriggs,"East Dunbartonshire",G64,Glasgow
crying,57.45324276457532,-4.381283230156585,1730424947,7017,2001,23,Other,N,736,"Inverness (west: Ballifeary, Balnafettack, Clachnaharry, Dalneigh, Kinmylies, Leachkin, Merkinch, Muirtown, South Kessock)",Highland,IV3,"Highlands (Inverness)"
crying,55.94522980777018,-3.169847662302602,1730447652,7022,1988,36,Female,Y,281,"Portobello, Edinburgh",Edinburgh,"Edinburgh Duddingston","Lothian (Edinburgh)"
crying,55.85722051153884,-3.350893451203251,1730448368,7023,1970,54,Male,Y,312,"Juniper Green, Edinburgh",Edinburgh,"Edinburgh South","Lothian (Edinburgh)"
crying,55.94530927656194,-4.271937871859354,1730456680,7030,1987,37,Female,Y,502,Bishopbriggs,"East Dunbartonshire",G64,Glasgow
crying,56.49661023530543,-3.0443019035304686,1730464787,7036,1986,38,Female,Y,243,"Hilltown, Dundee",Dundee,"Dundee Central","Tayside and Angus (Dundee)"
crying,55.100950289389,-3.5678353773425826,1730466336,7038,1971,53,Female,Y,186,"Dumfries (centre and east: Dalscone, Georgetown, Heathhall, Kingholm Quay, Noblehill, The Crichton)","Dumfries and Galloway",DG1,"Dumfries and Galloway"
crying,55.47691452313317,-4.622741103048045,1730466604,7039,1954,70,Female,Y,868,"Newton on Ayr","South Ayrshire",KA8,Ayrshire
crying,55.925041071571016,-3.304760399993109,1730474037,7044,1950,74,Female,N,263,"Longstone, Edinburgh",Edinburgh,"Edinburgh Central","Lothian (Edinburgh)"
crying,55.88073223907894,-3.3506602016193567,1730475130,7046,1947,77,Male,Y,316,"Bruntsfield, Edinburgh",Edinburgh,"Edinburgh South","Lothian (Edinburgh)"
crying,55.91994672675215,-4.252485638121056,1730483765,7047,1992,32,Female,Y,503,Torrance,"East Dunbartonshire",G64,Glasgow
crying,57.16582858851054,-2.1791226105411283,1730534505,7053,1972,52,Female,Y,107,"Rosemount, Aberdeen",Aberdeen,"Aberdeen Central","North East (Aberdeen)"
crying,57.56429548869515,-2.7000469717931694,1730535604,7054,1972,52,Male,Y,83,Huntly,Aberdeenshire,AB54,"North East (Aberdeen)"
crying,55.578051978051214,-2.8254867022826677,1730559500,7057,1989,35,Female,Y,1413,Galashiels,"Scottish Borders",TD1,Borders
crying,55.40936623960896,-4.419480489544236,1730590574,7021,1985,39,Other,Y,852,Dalmellington,"East Ayrshire",KA6,Ayrshire
crying,57.14988474765224,-2.2804191427762164,1730618729,7064,2010,14,Male,School,28,Westhill,Aberdeenshire,AB32,"North East (Aberdeen)"
crying,58.555511193616006,-3.222287836825537,1730621447,7065,1960,64,Female,Y,899,Wick,Highland,KW1,"Highlands (Inverness)"
crying,57.41631513889358,-4.521729530603054,1730742983,7077,1964,60,Female,Y,741,Beauly,Highland,IV4,"Highlands (Inverness)"
crying,56.42549665319339,-3.8569543744066457,1730847953,7081,1977,47,Female,Y,1402,Crieff,"Perth and Kinross",PH7,Fife
crying,56.20688131599547,-3.2868688857237314,1730934858,7084,1954,70,Female,Y,1129,"Glenrothes (west: Caskieberran, Rimbleton, Macedonia, Tanshall)",Fife,KY6,Fife
crying,56.08364159310075,-3.434639919340262,1731139375,7088,1984,40,Female,Y,1096,"Dunfermline (centre, north, west: Abbey Parks, Lady's Mill, Garvock, Headwell, Kingseathill, Wellwood, Milesmark, Baldridge, Pittencrieff, Baldridgeburn)",Fife,KY12,Fife
crying,58.51643743691895,-3.5008742125467043,1731169248,7090,2001,23,Male,Y,913,Halkirk,Highland,KW12,"Highlands (Inverness)"
crying,56.46161943701425,-3.03743110803575,1731187472,7091,1953,71,Female,Y,261,"Westend, Dundee",Dundee,"Dundee West","Tayside and Angus (Dundee)"
crying,57.114703289029606,-2.1746269147669786,1731344069,7093,1955,69,Male,Y,133,"Bieldside, Aberdeen",Aberdeen,"Aberdeen Southwest","North East (Aberdeen)"
crying,56.044159421200405,-4.101453984332795,1731410995,7096,1997,27,Male,Y,464,"Stirling (south and east: Braehead, Borestone, Broomridge, Torbrex)",Stirlingshire,FK7,"Stirling and Falkirk"
crying,55.95050207244758,-4.433893847592334,1731966984,7104,1992,32,Female,Y,546,Clydebank,"West Dunbartonshire",G81,Glasgow
crying,55.44405443909653,-4.0891938529557335,1732014876,7106,1984,40,Female,Y,798,Cumnock,"East Ayrshire",KA18,Ayrshire
crying,55.97783697225245,-4.670580552040853,1732046033,7108,1991,33,Male,Y,548,Cardross,"Argyll and Bute",G82,Glasgow
crying,57.412007270845855,-4.38983299696529,1732307973,7118,1990,34,Male,Y,736,"Inverness (west: Ballifeary, Balnafettack, Clachnaharry, Dalneigh, Kinmylies, Leachkin, Merkinch, Muirtown, South Kessock)",Highland,IV3,"Highlands (Inverness)"
crying,55.852096397707015,-4.398205495875929,1733686785,7128,1954,70,Female,Y,1220,"Paisley (central, east and north east: Ferguslie, Oldhall, Seedhill, Williamsburgh, Whitehaugh)",Renfrewshire,PA1,Glasgow
crying,55.966112449148035,-3.2071233267650934,1733689722,7130,1956,68,Female,N,287,"Corstorphine, Edinburgh",Edinburgh,"Edinburgh North","Lothian (Edinburgh)"
crying,55.96615756364375,-4.628699322413727,1733691126,7131,1962,62,Female,Y,549,Dumbarton,"West Dunbartonshire",G82,Glasgow
crying,56.34476889487191,-3.908518784211461,1733702317,7136,1983,41,Female,Y,1402,Crieff,"Perth and Kinross",PH7,Fife
crying,57.68655302328536,-3.4144233123562473,1733724743,7138,1958,66,Male,Y,737,Elgin,Moray,IV30,"North East (Aberdeen)"
crying,56.54637056789175,-2.772303283085214,1733727223,7139,2000,24,Male,Y,162,Kellas,Angus,DD5,"Tayside and Angus (Dundee)"
crying,56.48973162041345,-2.99637363522862,1733751948,7146,1960,64,Male,Y,245,"Law, Dundee",Dundee,"Dundee Central","Tayside and Angus (Dundee)"
crying,57.28425153659753,-4.4199339685347026,1733779865,7151,1980,44,Male,Y,714,"Inverness (east: Culcabock, Crown, Culduthel, Drummond, Haugh, Hilton, Holm, Lochardil, Millburn, Raigmore)",Highland,IV2,"Highlands (Inverness)"
crying,56.47464148678813,-3.0568349652032523,1733782365,7152,1949,75,Male,Y,245,"Law, Dundee",Dundee,"Dundee Central","Tayside and Angus (Dundee)"
crying,56.18971270696081,-3.1823480625669585,1733819050,7154,1956,68,Female,Y,1129,"Glenrothes (west: Caskieberran, Rimbleton, Macedonia, Tanshall)",Fife,KY6,Fife
crying,55.75699980398358,-4.7320767736531995,1733841647,7159,1955,69,Female,Y,817,Kilbirnie,"North Ayrshire",KA25,Ayrshire
crying,55.53698288434608,-4.640839690322518,1733874364,7160,1965,59,Female,N,781,Barassie,"South Ayrshire",KA10,Ayrshire
crying,55.89432391114053,-4.212981054024702,1733923039,7165,1969,55,Female,Y,602,"Baillieston, Glasgow",Glasgow,"Glasgow Northeast",Glasgow
crying,55.616440705764894,-4.647316423995179,1733956659,7171,1960,64,Female,Y,787,"Irvine (centre: Castlepark, Tarryholme)","North Ayrshire",KA12,Ayrshire
crying,56.327498989205296,-3.612431871551507,1733962187,7172,1973,51,Female,Y,1354,"Perth (south and east: Barnhill, Bridgend, Craigie, Kincarrathie, Upper Craigie)","Perth and Kinross",PH2,Fife
crying,55.75653279998966,-3.987111354731217,1733990306,7178,1988,36,Female,Y,1217,Larkhall,"North Lanarkshire",ML9,Glasgow
crying,55.91317191767663,-4.378954067892233,1733997915,7180,1944,80,Female,N,638,"Drumchapel, Glasgow",Glasgow,"Glasgow Northwest",Glasgow
crying,55.84115948851122,-4.1474907937946055,1734024627,7183,1959,65,Female,N,636,"Ruchill, Glasgow",Glasgow,"Glasgow Northeast",Glasgow
crying,55.96675224541796,-4.3272028645491245,1734026092,7186,1943,81,Male,Y,489,Milngavie,"East Dunbartonshire",G62,Glasgow
crying,56.49170242609558,-2.8409776537174096,1734026123,7185,2000,24,Male,Y,247,"Broughty Ferry, Dundee",Dundee,"Dundee East","Tayside and Angus (Dundee)"
crying,55.82726175825184,-4.347172829135243,1734110711,7187,1945,79,Male,Y,661,"Govanhill, Glasgow",Glasgow,"Glasgow Southwest",Glasgow
crying,56.34368930418493,-3.441454029157736,1734296348,7202,1985,39,Female,Y,1346,Glenfarg,"Perth and Kinross",PH2,Fife
crying,56.75918111786468,-2.426190222127048,1734801467,7207,1953,71,Female,Y,136,Gourdon,Aberdeenshire,DD10,"Tayside and Angus (Dundee)"
crying,56.07644936154606,-3.43135427330002,1735734916,7210,1948,77,Male,Y,1096,"Dunfermline (centre, north, west: Abbey Parks, Lady's Mill, Garvock, Headwell, Kingseathill, Wellwood, Milesmark, Baldridge, Pittencrieff, Baldridgeburn)",Fife,KY12,Fife
crying,55.942264651442116,-3.200903519060205,1736154188,7212,1987,38,Male,Y,319,"Blackford, Edinburgh",Edinburgh,"Edinburgh South","Lothian (Edinburgh)"
crying,56.1656309966333,-3.5804208106599873,1736198239,7221,1978,47,Female,Y,397,Dollar,Clackmannanshire,FK14,"Stirling and Falkirk"
crying,55.946096946378766,-3.178003127050831,1736206832,7224,1988,37,Male,Y,316,"Bruntsfield, Edinburgh",Edinburgh,"Edinburgh South","Lothian (Edinburgh)"
crying,57.63081811845556,-4.1112814772678,1736254830,7228,1995,30,Female,Y,700,Fortrose,Highland,IV10,"Highlands (Inverness)"
crying,55.953397505679284,-3.9782209352641553,1736862448,7243,2004,21,Female,Y,514,"Cumbernauld (south: Condorrat, Lenziemill, Carbrain, Kildrum, Cumbernauld Village, Abronhill, Seafar)","North Lanarkshire",G67,Glasgow
crying,57.44825129452457,-2.1960031046809028,1737369846,7257,1997,28,Male,Y,49,Ellon,Aberdeenshire,AB41,"North East (Aberdeen)"
crying,57.12337535573198,-2.2256769632730116,1737377665,7259,1980,45,Female,Y,134,"Cults, Aberdeen",Aberdeen,"Aberdeen Southwest","North East (Aberdeen)"
crying,55.802930599194696,-4.164975763069949,1737378312,7260,1992,33,Male,Y,528,Blantyre,"South Lanarkshire",G72,Glasgow
crying,56.28578278394353,-3.9236687356628015,1737379896,7261,1977,48,Male,Y,405,Dunblane,Stirlingshire,FK15,"Stirling and Falkirk"
crying,56.45877779302108,-2.9713057135558016,1737403762,7262,2000,25,Other,Y,261,"Westend, Dundee",Dundee,"Dundee West","Tayside and Angus (Dundee)"
crying,55.957391755032816,-3.1689445243978773,1737414602,7263,1978,47,Female,Y,288,"Murrayfield, Edinburgh",Edinburgh,"Edinburgh North","Lothian (Edinburgh)"
crying,55.82517642876252,-3.368600814706987,1737577133,2919,1991,31,Male,Y,311,"Currie, Edinburgh",Edinburgh,"Edinburgh South","Lothian (Edinburgh)"
crying,55.91565493647625,-3.2077312881568463,1737578251,7269,1991,34,Female,Y,312,"Juniper Green, Edinburgh",Edinburgh,"Edinburgh South","Lothian (Edinburgh)"
crying,56.04901475029625,-4.092877298104412,1738096586,7274,2004,21,Female,Y,464,"Stirling (south and east: Braehead, Borestone, Broomridge, Torbrex)",Stirlingshire,FK7,"Stirling and Falkirk"
crying,57.02180441199672,-2.1898733770588477,1738588630,7276,2004,21,Female,Y,48,Stonehaven,Aberdeenshire,AB39,"North East (Aberdeen)"
crying,57.12134539402509,-2.390200944921179,1738921857,7280,2010,15,Female,School,28,Westhill,Aberdeenshire,AB32,"North East (Aberdeen)"
crying,57.77507072786101,-4.2119584515931,1739279222,7285,2010,15,Female,School,708,Invergordon,Highland,IV18,"Highlands (Inverness)"
crying,57.78492578671821,-4.155482063291704,1739279280,7283,2010,15,Other,School,708,Invergordon,Highland,IV18,"Highlands (Inverness)"
crying,57.76468202404369,-4.21440358865667,1739279284,7288,2010,15,Female,School,708,Invergordon,Highland,IV18,"Highlands (Inverness)"
crying,57.77188468660593,-4.114135392021221,1739279316,7290,2010,15,Female,School,708,Invergordon,Highland,IV18,"Highlands (Inverness)"
crying,57.73941606988642,-4.154656457821573,1739279364,7286,2010,15,Male,School,708,Invergordon,Highland,IV18,"Highlands (Inverness)"
crying,57.23266881445015,-2.05126263418581,1739279367,7289,2010,15,Male,N,109,"Hazelhead, Aberdeen",Aberdeen,"Aberdeen North","North East (Aberdeen)"
crying,57.83397202823017,-3.93546325856548,1739444646,7302,2011,14,Female,School,711,Tain,Highland,IV19,"Highlands (Inverness)"
crying,57.74518094229507,-4.093186509892347,1739444653,7298,2012,13,Male,School,708,Invergordon,Highland,IV18,"Highlands (Inverness)"
crying,57.73024448425258,-4.197721394750155,1739444677,7300,2011,14,Female,School,708,Invergordon,Highland,IV18,"Highlands (Inverness)"
crying,57.73534726715351,-4.195641389196387,1739444682,7299,2011,14,Female,School,708,Invergordon,Highland,IV18,"Highlands (Inverness)"
crying,57.793207576123386,-4.236065161256755,1739444701,7305,2011,14,Male,School,708,Invergordon,Highland,IV18,"Highlands (Inverness)"
crying,57.714777757578744,-4.399949348918749,1739444727,7297,2011,14,Male,School,707,Alness,Highland,IV17,"Highlands (Inverness)"
crying,57.76672975729502,-4.21801114275827,1739444744,7296,2011,14,Male,N,708,Invergordon,Highland,IV18,"Highlands (Inverness)"
crying,57.72155389801484,-4.1173654621651155,1739444748,7310,2011,14,Male,School,708,Invergordon,Highland,IV18,"Highlands (Inverness)"
crying,57.7586925229701,-4.365884526010079,1739444752,7304,2011,14,Female,School,707,Alness,Highland,IV17,"Highlands (Inverness)"
crying,57.74943516491117,-4.124173423638737,1739444768,7295,2011,14,Male,School,708,Invergordon,Highland,IV18,"Highlands (Inverness)"
crying,57.73355169978921,-4.1627115622124435,1739444786,7308,2012,13,Male,N,708,Invergordon,Highland,IV18,"Highlands (Inverness)"
crying,57.78218284439539,-4.158970557406193,1739444788,7306,2011,14,Male,School,708,Invergordon,Highland,IV18,"Highlands (Inverness)"
crying,57.7878053270824,-4.2310517176956814,1739444797,7307,2011,14,Female,School,708,Invergordon,Highland,IV18,"Highlands (Inverness)"
crying,57.718361245973334,-4.206572227532118,1739444800,7303,2011,14,Female,School,708,Invergordon,Highland,IV18,"Highlands (Inverness)"
crying,57.7315437709195,-4.109031741462674,1739444843,7309,2011,14,Female,School,708,Invergordon,Highland,IV18,"Highlands (Inverness)"
crying,56.17138348717887,-3.442643537082863,1739444845,7311,2011,14,Male,School,1100,Scotlandwell,"Perth and Kinross",KY13,Fife
crying,57.82405785310506,-4.168808245122287,1739444848,7312,2011,14,Female,School,711,Tain,Highland,IV19,"Highlands (Inverness)"
crying,56.187579610177465,-3.487476002023903,1739444927,7313,2011,14,Male,School,1100,Scotlandwell,"Perth and Kinross",KY13,Fife
crying,57.296485534464125,-2.2409288421596125,1739450851,7289,2010,15,Male,N,109,"Hazelhead, Aberdeen",Aberdeen,"Aberdeen North","North East (Aberdeen)"
crying,57.75774646402162,-4.376444928543842,1739451369,7316,2010,15,Male,School,707,Alness,Highland,IV17,"Highlands (Inverness)"
crying,57.714479078576986,-4.233601714248341,1739451789,7315,2010,15,Male,School,708,Invergordon,Highland,IV18,"Highlands (Inverness)"
crying,55.96173920259691,-3.189170749646702,1739523839,7318,2012,13,Male,School,298,"Inverleith, Edinburgh",Edinburgh,"Edinburgh North","Lothian (Edinburgh)"
crying,55.94424441037065,-4.772787537591878,1739802877,7320,1997,28,Female,Y,1230,"Greenock (central and east: Bogston, Bridgend, Cartsdyke, Gibshill, Greenock Central, Ladyburn, Upper Ingleston)",Inverclyde,PA15,Glasgow
crying,57.47633113098348,-6.540737553019496,1740179588,7323,1956,69,Female,Y,768,"Dunvegan, Isle of Skye",Highland,IV55,"Highlands (Inverness)"
crying,55.80457075277735,-4.191522810681603,1741010624,7325,2005,20,Female,Y,571,"Castlemilk, Glasgow",Glasgow,"Glasgow Castlemilk",Glasgow
crying,55.5613992496007,-4.618623057309881,1741096460,7326,1990,35,Female,Y,781,Barassie,"South Ayrshire",KA10,Ayrshire
crying,57.7146000916168,-4.135369308856498,1741173259,7327,2009,16,Female,School,708,Invergordon,Highland,IV18,"Highlands (Inverness)"
crying,57.74968163067969,-4.3391280168117365,1741173266,7336,2009,16,Female,N,707,Alness,Highland,IV17,"Highlands (Inverness)"
crying,57.505428147471534,-4.281782732055442,1741173275,7335,2009,16,Male,School,699,"Inverness (centre, north: Longman)",Highland,IV1,"Highlands (Inverness)"
crying,57.76781151818031,-4.060956688435565,1741173276,7328,2009,16,Male,School,708,Invergordon,Highland,IV18,"Highlands (Inverness)"
crying,57.7601209914105,-4.179036123323503,1741173284,7329,2009,16,Female,School,708,Invergordon,Highland,IV18,"Highlands (Inverness)"
crying,57.77648253264349,-4.163671541168989,1741173314,7334,2009,16,Male,School,708,Invergordon,Highland,IV18,"Highlands (Inverness)"
crying,57.69781657977945,-4.217370895752775,1741173317,7338,2009,16,Male,School,708,Invergordon,Highland,IV18,"Highlands (Inverness)"
crying,57.70017435147663,-4.142618426359177,1741173421,7283,2010,15,Other,School,708,Invergordon,Highland,IV18,"Highlands (Inverness)"
crying,56.238139241711565,-3.543582032664231,1741173429,7331,2009,16,Female,School,1100,Scotlandwell,"Perth and Kinross",KY13,Fife
crying,57.7381713198504,-4.07319105224144,1741173430,7332,2009,16,Male,School,708,Invergordon,Highland,IV18,"Highlands (Inverness)"
crying,57.738669089269614,-4.123487383297666,1741173462,7337,2009,16,Male,N,708,Invergordon,Highland,IV18,"Highlands (Inverness)"
crying,57.75463039334005,-4.160016224448157,1741173722,7334,2009,16,Male,School,708,Invergordon,Highland,IV18,"Highlands (Inverness)"
crying,57.51499112020112,-4.222762684324892,1741204966,7345,2003,22,Male,Y,699,"Inverness (centre, north: Longman)",Highland,IV1,"Highlands (Inverness)"
crying,55.83591533591329,-4.44164726979015,1746903219,7369,1977,48,Female,Y,1236,"Paisley (south: Blackhall, Castlehead, Dykebar, Foxbar, Hunterhill, Meikleriggs)",Renfrewshire,PA2,Glasgow
crying,55.8320342130011,-4.203829077797051,1747426488,7370,1988,37,Female,Y,620,"Mount Vernon, Glasgow",Glasgow,"Glasgow Northeast",Glasgow
crying,56.729545578920835,-3.0181582951556725,1747990354,7371,1990,35,Female,Y,181,Kirriemuir,Angus,DD8,"Tayside and Angus (Dundee)"
crying,55.775143726425,-4.213190153998241,1748729871,7375,2000,25,Female,Y,530,"East Kilbride (north: The Village, East Mains, West Mains, Lymekilns, St Leonards, Calderwood, Nerston, Stewartfield, Peel Park)","South Lanarkshire",G74,Glasgow
crying,55.93996938167659,-3.2434836588352836,1749578143,7377,1965,60,Female,Y,270,"Meadows and Southside, Edinburgh",Edinburgh,"Edinburgh Central","Lothian (Edinburgh)"
crying,55.86974479619617,-4.262206292361346,1752510855,7386,2004,21,Female,Y,591,"Hillhead, Glasgow",Glasgow,"Glasgow Kelvin",Glasgow
crying,55.87730422802203,-3.788199327899417,1752843820,7388,1993,32,Male,Y,368,Bathgate,"West Lothian",EH48,"Lothian (Edinburgh)"
crying,56.222440490446004,-3.027358930587661,1754698828,7390,1951,74,Female,Y,1142,Methil,Fife,KY8,Fife
crying,56.17282138716819,-3.420674392035636,1756033956,7393,2002,23,Female,Y,1098,Kinross,"Perth and Kinross",KY13,Fife
crying,56.12172989969837,-3.7496679599745515,1757522869,7397,1997,28,Male,N,391,Alloa,Clackmannanshire,FK10,"Stirling and Falkirk"
crying,55.91528306489858,-4.311772136643237,1759487982,7402,2005,20,Female,Y,488,Bearsden,"East Dunbartonshire",G61,Glasgow
crying,57.652337027590725,-3.2420831261541405,1760239876,7409,1993,32,Female,Y,737,Elgin,Moray,IV30,"North East (Aberdeen)"
crying,57.12363354778702,-2.266241203237857,1760907298,7411,1958,67,Female,Y,132,"Peterculter, Aberdeen",Aberdeen,"Aberdeen Southwest","North East (Aberdeen)"
crying,55.94680815441778,-3.2794940613726906,1760962237,7412,2004,21,Female,Y,287,"Corstorphine, Edinburgh",Edinburgh,"Edinburgh North","Lothian (Edinburgh)"
crying,58.21293065248152,-6.358819725991942,1761066843,7414,1968,57,Female,Y,686,"Stornoway, Isle of Lewis","Western Isles",HS1,"Western Isles"
crying,56.49342206839639,-3.0208450610074093,1763661089,7427,1962,63,Female,Y,244,"Stobswell, Dundee",Dundee,"Dundee Central","Tayside and Angus (Dundee)"
crying,55.88174558291725,-3.2062831129634892,1763759401,7430,1970,55,Male,Y,317,"Marchmont, Edinburgh",Edinburgh,"Edinburgh South","Lothian (Edinburgh)"
crying,57.11623137619953,-2.1547822102263625,1764144439,7433,1999,26,Female,Y,128,"Mannofield, Aberdeen",Aberdeen,"Aberdeen Southwest","North East (Aberdeen)"
crying,55.960303361908835,-3.189051482021819,1764245589,7434,1958,67,Female,Y,287,"Corstorphine, Edinburgh",Edinburgh,"Edinburgh North","Lothian (Edinburgh)"
crying,55.83510407878887,-3.279606128056561,1764664990,7436,1948,77,Female,Y,343,Penicuik,Midlothian,EH26,"Lothian (Edinburgh)"
crying,55.80691506803881,-3.2895632902390135,1764703869,7436,1948,77,Female,Y,343,Penicuik,Midlothian,EH26,"Lothian (Edinburgh)"
crying,55.81357793635066,-4.33159760900859,1765221847,7440,2004,21,Female,Y,660,"Arden, Glasgow",Glasgow,"Glasgow South",Glasgow
crying,56.076591981244945,-3.221767112532136,1765742034,7442,2012,13,Male,School,1119,Burntisland,Fife,KY3,Fife
crying,56.534844651350895,-2.765397139298413,1766580141,7444,1944,81,Male,Y,178,Carnoustie,Angus,DD7,"Tayside and Angus (Dundee)"
crying,55.914596243559785,-4.361854742018205,1766626974,7445,2008,17,Male,School,641,"Knightswood, Glasgow",Glasgow,"Glasgow Northwest",Glasgow
crying,55.8556764519205,-4.212158622804001,1766860873,7448,2008,17,Male,School,634,"Maryhill, Glasgow",Glasgow,"Glasgow Northeast",Glasgow
crying,55.853783894306076,-4.136079436741932,1766861285,7448,2008,17,Male,School,634,"Maryhill, Glasgow",Glasgow,"Glasgow Northeast",Glasgow
crying,55.805557167365215,-3.087682885931924,1767201727,7449,1951,74,Female,N,338,Gorebridge,Midlothian,EH23,"Lothian (Edinburgh)"
crying,56.45695228753106,-2.9864493524458977,1767969645,7452,1995,31,Male,Y,261,"Westend, Dundee",Dundee,"Dundee West","Tayside and Angus (Dundee)"
crying,56.46165608431069,-3.045531518881775,1768320123,7461,2021,5,Female,Y,258,"Balgay, Dundee",Dundee,"Dundee West","Tayside and Angus (Dundee)"
crying,55.84778575222869,-4.478232326803491,1768382811,7463,2011,15,Other,School,1220,"Paisley (central, east and north east: Ferguslie, Oldhall, Seedhill, Williamsburgh, Whitehaugh)",Renfrewshire,PA1,Glasgow
crying,55.91494120623933,-3.543682337699796,1768387434,7456,2005,21,Female,Y,372,Winchburgh,"West Lothian",EH52,"Lothian (Edinburgh)"
crying,55.896488785757384,-3.2936007728627743,1768421472,7465,1993,33,Female,Y,313,"Colinton, Edinburgh",Edinburgh,"Edinburgh South","Lothian (Edinburgh)"
crying,57.748077526188425,-4.1918181072501115,1768490590,7283,2010,15,Other,School,708,Invergordon,Highland,IV18,"Highlands (Inverness)"
crying,55.899531969195955,-3.119934116801636,1768846813,7471,2003,23,Female,Y,322,"Gilmerton, Edinburgh",Edinburgh,"Edinburgh Southeast","Lothian (Edinburgh)"
crying,55.95874555839111,-3.212361074825391,1769025241,7475,1958,68,Male,N,294,"Stockbridge, Edinburgh",Edinburgh,"Edinburgh North","Lothian (Edinburgh)"
crying,55.72967548052618,-4.498337825823981,1769268514,7476,2006,20,Female,Y,837,"Kilmarnock (north: Onthank, Townholm, Altonhill, Longpark, Beansburn, New Farm Loch, Knockinlaw, Hillhead, Crookedholm)","East Ayrshire",KA3,Ayrshire
crying,55.84448372810206,-3.3780882499113614,1769526898,7484,1968,58,Male,N,309,"Cameron Toll, Edinburgh",Edinburgh,"Edinburgh South","Lothian (Edinburgh)"
crying,56.017435759261794,-4.349202749065683,1769528734,7485,1993,33,Male,Y,492,Balfron,Stirlingshire,G63,"Stirling and Falkirk"
crying,55.95856577372001,-3.2454378221487032,1770120406,7494,1986,40,Male,N,278,"Granton, Edinburgh",Edinburgh,"Edinburgh Clermiston Granton","Lothian (Edinburgh)"
crying,55.85395693580927,-4.466184566314235,1770196100,7497,2011,15,Female,School,1221,Ralston,Renfrewshire,PA1,Glasgow
crying,55.81616560944728,-4.411944461306887,1770196160,7501,2011,15,Other,School,1236,"Paisley (south: Blackhall, Castlehead, Dykebar, Foxbar, Hunterhill, Meikleriggs)",Renfrewshire,PA2,Glasgow
crying,55.84842442779472,-4.385152812048888,1770197259,7500,2011,15,Male,School,1220,"Paisley (central, east and north east: Ferguslie, Oldhall, Seedhill, Williamsburgh, Whitehaugh)",Renfrewshire,PA1,Glasgow
crying,55.86861091226443,-4.247556987327852,1770240267,7506,1996,30,Other,Y,580,"Anderston, Glasgow",Glasgow,"Glasgow City Centre",Glasgow
crying,55.868216421864865,-4.265084965448727,1770241263,7506,1996,30,Other,Y,580,"Anderston, Glasgow",Glasgow,"Glasgow City Centre",Glasgow
crying,55.85961553876407,-4.258502275248394,1770379799,7506,1996,30,Other,Y,580,"Anderston, Glasgow",Glasgow,"Glasgow City Centre",Glasgow
greetin',56.498535101851665,-2.793798852860592,1653835823,2,1986,36,Male,Y,247,"Broughty Ferry, Dundee",Dundee,"Dundee East","Tayside and Angus (Dundee)"
greetin',56.29477173744889,-3.410258773247446,1653836323,3,1965,57,Male,Y,1342,Forgandenny,"Perth and Kinross",PH2,Fife
greetin',56.0082503322975,-3.5746147074637395,1653836797,4,2000,22,Male,Y,370,Bo'ness,Falkirk,EH51,"Lothian (Edinburgh)"
greetin',57.51571823689461,-1.894097392308896,1653837699,5,1973,49,Female,Y,54,Peterhead,Aberdeenshire,AB42,"North East (Aberdeen)"
greetin',56.47075492426761,-2.9202962080380126,1653838134,6,1991,31,Female,Y,256,"Whitfield, Dundee",Dundee,"Dundee North","Tayside and Angus (Dundee)"
greetin',57.25771379396544,-2.0536709484745104,1653838606,8,1986,36,Female,Y,117,Balmedie,Aberdeenshire,"Aberdeen North","North East (Aberdeen)"
greetin',55.87374635209759,-3.7463885206499765,1653842889,12,1956,66,Female,Y,368,Bathgate,"West Lothian",EH48,"Lothian (Edinburgh)"
greetin',55.600105450185794,-4.569006880471851,1653844493,16,1948,74,Female,Y,808,Crosshouse,"East Ayrshire",KA2,Ayrshire
greetin',56.35888836445276,-3.32866446825225,1653845460,18,1949,73,Male,Y,1354,"Perth (south and east: Barnhill, Bridgend, Craigie, Kincarrathie, Upper Craigie)","Perth and Kinross",PH2,Fife
greetin',56.671205937918586,-2.8036206942053443,1653846372,20,1958,64,Female,N,181,Kirriemuir,Angus,DD8,"Tayside and Angus (Dundee)"
greetin',56.67806652446498,-3.1716180855948806,1653846737,21,1952,70,Female,Y,181,Kirriemuir,Angus,DD8,"Tayside and Angus (Dundee)"
greetin',55.76539679025977,-4.217558860156894,1653847651,22,1963,59,Female,Y,530,"East Kilbride (north: The Village, East Mains, West Mains, Lymekilns, St Leonards, Calderwood, Nerston, Stewartfield, Peel Park)","South Lanarkshire",G74,Glasgow
greetin',56.47002933754169,-2.867540435015405,1653851034,23,1963,59,Female,N,248,"Barnhill, Dundee",Dundee,"Dundee East","Tayside and Angus (Dundee)"
greetin',55.14650439794093,-3.6010048554219267,1653851498,26,1978,44,Female,N,186,"Dumfries (centre and east: Dalscone, Georgetown, Heathhall, Kingholm Quay, Noblehill, The Crichton)","Dumfries and Galloway",DG1,"Dumfries and Galloway"
greetin',55.96375505969819,-3.1716861141921204,1653851766,24,1950,72,Female,N,285,"Leith, Edinburgh",Edinburgh,"Edinburgh Leith","Lothian (Edinburgh)"
greetin',55.95014645916972,-4.847757413201092,1653851781,27,1975,47,Male,Y,1235,Gourock,Inverclyde,PA19,Glasgow
greetin',56.485337404633306,-2.9911762666209762,1653852161,29,1945,77,Male,N,233,"Fairmuir, Dundee",Dundee,"Dundee Bluebelt","Tayside and Angus (Dundee)"
greetin',55.77965742001461,-4.182436413794068,1653853850,31,1962,60,Female,Y,530,"East Kilbride (north: The Village, East Mains, West Mains, Lymekilns, St Leonards, Calderwood, Nerston, Stewartfield, Peel Park)","South Lanarkshire",G74,Glasgow
greetin',56.580513195882816,-3.037706794622919,1653854068,33,1966,56,Female,Y,179,Forfar,Angus,DD8,"Tayside and Angus (Dundee)"
greetin',57.19514673888938,-2.3247721291273598,1653855573,35,1959,63,Male,N,113,"Bridge of Don, Aberdeen",Aberdeen,"Aberdeen North","North East (Aberdeen)"
greetin',56.20207666155142,-3.0822616628136106,1653855850,38,1980,42,Male,N,1133,"Glenrothes (centre and east: Pitteuchar, Finglassie, Stenton, Auchmuty, Pitcoudie, Balfarg, Pircairn, Collydean)",Fife,KY7,Fife
greetin',56.64511479752926,-3.0431488520400625,1653855889,36,1982,40,Male,Y,179,Forfar,Angus,DD8,"Tayside and Angus (Dundee)"
greetin',55.95014795069544,-2.563540561110106,1653856134,39,1958,64,Male,Y,359,Dunbar,"East Lothian",EH42,"Lothian (Edinburgh)"
greetin',55.93098532604428,-3.9786681366695564,1653856340,41,1981,41,Female,Y,514,"Cumbernauld (south: Condorrat, Lenziemill, Carbrain, Kildrum, Cumbernauld Village, Abronhill, Seafar)","North Lanarkshire",G67,Glasgow
greetin',57.1805366541815,-2.144496790168758,1653856842,43,1955,67,Female,Y,115,"Grandholm, Aberdeen",Aberdeen,"Aberdeen North","North East (Aberdeen)"
greetin',56.39898050844354,-3.72295663747807,1653857127,44,1958,64,Male,N,1402,Crieff,"Perth and Kinross",PH7,Fife
greetin',55.934786466037636,-3.838282996917234,1653859052,46,1961,61,Male,Y,377,"Falkirk (centre and south: Arnothill, Bantaskin, Callendar Park, Glen Village, Hallglen, Lionthorn, Tamfourhill, Woodlands)",Falkirk,FK1,"Stirling and Falkirk"
greetin',57.14931946207343,-2.1645557413959065,1653859448,48,1969,53,Female,N,98,"Northfield, Aberdeen",Aberdeen,"Aberdeen Central","North East (Aberdeen)"
greetin',55.75388826209226,-4.309068997997972,1653859449,49,1980,42,Male,Y,535,Busby,"East Renfrewshire",G76,Glasgow
greetin',57.17092724042388,-2.120728014661792,1653861173,56,1963,59,Male,N,104,"Tillydrone, Aberdeen",Aberdeen,"Aberdeen Central","North East (Aberdeen)"
greetin',55.86335431315373,-3.022592397510222,1653861533,57,1939,83,Other,Y,334,Dalkeith,Midlothian,EH22,"Lothian (Edinburgh)"
greetin',56.916385559075565,-3.2554221066113573,1653862249,58,1964,58,Female,N,179,Forfar,Angus,DD8,"Tayside and Angus (Dundee)"
greetin',57.221759051598326,-2.069806256432943,1653863312,61,1957,65,Female,Y,111,"Bucksburn, Aberdeen",Aberdeen,"Aberdeen North","North East (Aberdeen)"
greetin',55.955715042805245,-3.1708120057050615,1653864017,65,1986,36,Female,Y,264,"Slateford, Edinburgh",Edinburgh,"Edinburgh Central","Lothian (Edinburgh)"
greetin',57.31116034441525,-2.7431094846984583,1653864602,64,1982,40,Female,Y,87,Glass,Aberdeenshire,AB54,"North East (Aberdeen)"
greetin',55.86848894116154,-4.126026678670528,1653868225,70,1958,64,Female,Y,612,"Easterhouse, Glasgow",Glasgow,"Glasgow Northeast",Glasgow
greetin',57.658081083185124,-2.6428406299549594,1653868686,69,1967,55,Female,N,62,Portsoy,Aberdeenshire,AB45,"North East (Aberdeen)"
greetin',56.18305123471923,-3.113113241152925,1653872920,71,1952,70,Other,N,1133,"Glenrothes (centre and east: Pitteuchar, Finglassie, Stenton, Auchmuty, Pitcoudie, Balfarg, Pircairn, Collydean)",Fife,KY7,Fife
greetin',57.66169034326353,-2.5153396409434783,1653883832,74,1958,64,Female,Y,59,Banff,Aberdeenshire,AB45,"North East (Aberdeen)"
greetin',55.67336653264874,-4.476070853952125,1653883856,73,1955,67,Male,N,837,"Kilmarnock (north: Onthank, Townholm, Altonhill, Longpark, Beansburn, New Farm Loch, Knockinlaw, Hillhead, Crookedholm)","East Ayrshire",KA3,Ayrshire
greetin',57.251242898444026,-2.276022048558472,1653888567,77,1976,46,Female,N,113,"Bridge of Don, Aberdeen",Aberdeen,"Aberdeen North","North East (Aberdeen)"
greetin',55.83982242795518,-4.362420450602374,1653891772,76,1959,63,Female,Y,677,"Hillington, Glasgow",Glasgow,"Glasgow Southwest",Glasgow
greetin',57.3596258723501,-3.1378609639947976,1653892388,82,1974,48,Female,N,88,Keith, Moray,AB55,"North East (Aberdeen)"
greetin',57.236356870624164,-3.218192701656692,1653892938,68,1975,47,Female,N,40,Strathdon,Aberdeenshire,AB36,"North East (Aberdeen)"
greetin',57.182212472202885,-2.2252446965191615,1653894483,85,1996,26,Male,Y,109,"Hazelhead, Aberdeen",Aberdeen,"Aberdeen North","North East (Aberdeen)"
greetin',55.89058691948585,-3.3122569122359575,1653895382,86,1950,72,Female,Y,320,"Newington, Edinburgh",Edinburgh,"Edinburgh South","Lothian (Edinburgh)"
greetin',56.56450299281219,-3.4098887075968656,1653895794,18,1949,73,Male,Y,1354,"Perth (south and east: Barnhill, Bridgend, Craigie, Kincarrathie, Upper Craigie)","Perth and Kinross",PH2,Fife
greetin',57.62064793238264,-2.017150514596281,1653896701,88,1953,69,Male,N,57,Fraserburgh,Aberdeenshire,AB43,"North East (Aberdeen)"
greetin',57.49037184445863,-2.4403463945670967,1653896770,87,1960,62,Female,Y,78,Turriff,Aberdeenshire,AB53,"North East (Aberdeen)"
greetin',57.423559946729284,-2.9981236801707647,1653896970,89,1960,62,Female,N,88,Keith, Moray,AB55,"North East (Aberdeen)"
greetin',55.79548416830896,-4.0673991713445234,1653897503,90,1947,75,Female,Y,1183,Hamilton,"South Lanarkshire",ML3,Glasgow
greetin',55.420850778926074,-4.568883745174758,1653898555,91,2003,19,Female,Y,852,Dalmellington,"East Ayrshire",KA6,Ayrshire
greetin',57.543625895726294,-3.0881255682888575,1653898722,92,1961,61,Female,Y,89,Dufftown,Moray,AB55,"North East (Aberdeen)"
greetin',55.60974431793734,-4.671030557244038,1653899425,93,1979,43,Female,Y,787,"Irvine (centre: Castlepark, Tarryholme)","North Ayrshire",KA12,Ayrshire
greetin',55.88832973010523,-3.538818004042424,1653900399,95,1955,67,Female,Y,375,Livingston,"West Lothian",EH54,"Lothian (Edinburgh)"
greetin',57.61736833595773,-3.2311541542778834,1653902226,99,1942,80,Male,Y,737,Elgin,Moray,IV30,"North East (Aberdeen)"
greetin',57.13189329219723,-2.079626585979403,1653902323,100,1962,60,Male,Y,126,"Bridge of Dee, Aberdeen",Aberdeen,"Aberdeen Southeast","North East (Aberdeen)"
greetin',56.47246415007336,-2.978567771824331,1653902462,101,1961,61,Female,Y,240,"Ardler, Dundee",Dundee,"Dundee Central","Tayside and Angus (Dundee)"
greetin',56.478372642696264,-3.0219606762585762,1653903109,102,1969,53,Female,N,236,"Lochee, Dundee",Dundee,"Dundee Central","Tayside and Angus (Dundee)"
greetin',56.13768937744947,-3.8817392500939327,1653904361,105,1954,68,Male,Y,479,"Stirling (north: Causewayhead, Cornton)",Stirlingshire,FK9,"Stirling and Falkirk"
greetin',55.86865965128266,-4.358750781403308,1653907768,106,1981,41,Male,N,670,"Ibrox, Glasgow",Glasgow,"Glasgow Southwest",Glasgow
greetin',57.68746872758107,-2.017876093721403,1653908164,111,1988,34,Male,Y,57,Fraserburgh,Aberdeenshire,AB43,"North East (Aberdeen)"
greetin',57.16585977546604,-2.0854633650787933,1653909315,113,1989,33,Male,N,101,"Sheddocksley, Aberdeen",Aberdeen,"Aberdeen Central","North East (Aberdeen)"
greetin',57.67962031775209,-3.3327678715216322,1653909607,110,1984,38,Female,Y,737,Elgin,Moray,IV30,"North East (Aberdeen)"
greetin',57.6544415989477,-3.2315509535499984,1653910117,116,1968,54,Male,Y,737,Elgin,Moray,IV30,"North East (Aberdeen)"
greetin',55.91658574681287,-4.38709865365109,1653910599,117,1939,83,Male,Y,643,"Anniesland, Glasgow",Glasgow,"Glasgow Northwest",Glasgow
greetin',57.70490853705274,-3.383537168073179,1653911972,120,1968,54,Male,Y,737,Elgin,Moray,IV30,"North East (Aberdeen)"
greetin',56.473102354331026,-3.041904976563601,1653913056,121,1954,68,Female,Y,239,"Charleston, Dundee",Dundee,"Dundee Central","Tayside and Angus (Dundee)"
greetin',55.91806222839274,-4.350720107607942,1653915929,124,1946,76,Female,N,643,"Anniesland, Glasgow",Glasgow,"Glasgow Northwest",Glasgow
greetin',56.153582499283644,-3.4141363190992404,1653919084,125,1994,28,Male,Y,1121,Cowdenbeath,Fife,KY4,Fife
greetin',55.53464885197171,-4.5578842016555585,1653924475,128,1996,26,Female,Y,779,"Kilmarnock (centre and south: Bonnyton, Grange, Bellfield, Shortlees, Caprington, Riccarton, Hurlford)","East Ayrshire",KA1,Ayrshire
greetin',55.88227389291175,-4.191306140302063,1653926628,130,1982,40,Female,Y,483,Stepps,"North Lanarkshire",G33,Glasgow
greetin',57.77956220599049,-4.071219007313661,1653928001,131,1976,46,Female,Y,711,Tain,Highland,IV19,"Highlands (Inverness)"
greetin',55.94597671606236,-4.854199311694235,1653929466,134,1958,64,Female,Y,1235,Gourock,Inverclyde,PA19,Glasgow
greetin',55.864477752843726,-3.0785389875973075,1653929993,135,1981,41,Female,N,328,Bonnyrigg,Midlothian,EH19,"Lothian (Edinburgh)"
greetin',57.63784359474903,-2.066749296347396,1653930415,138,1955,67,Female,N,57,Fraserburgh,Aberdeenshire,AB43,"North East (Aberdeen)"
greetin',57.66541247371288,-2.4794484657236384,1653930518,139,1955,67,Male,N,58,Macduff,Aberdeenshire,AB44,"North East (Aberdeen)"
greetin',55.93277201787185,-3.2552601239994403,1653933417,141,1980,42,Female,Y,264,"Slateford, Edinburgh",Edinburgh,"Edinburgh Central","Lothian (Edinburgh)"
greetin',55.87115051721836,-4.2856614450273325,1653935661,144,1982,40,Female,Y,591,"Hillhead, Glasgow",Glasgow,"Glasgow Kelvin",Glasgow
greetin',56.315612573910016,-3.2589284469502124,1653936984,145,1955,67,Female,Y,1101,Gateside,Fife,KY14,Fife
greetin',56.896897034469376,-2.951839157392742,1653938172,146,1971,51,Female,N,182,Brechin,Angus,DD9,"Tayside and Angus (Dundee)"
greetin',56.89396189042878,-2.849786850712394,1653938550,146,1971,51,Female,N,182,Brechin,Angus,DD9,"Tayside and Angus (Dundee)"
greetin',56.86204562370058,-2.8004773103983887,1653938733,146,1971,51,Female,N,182,Brechin,Angus,DD9,"Tayside and Angus (Dundee)"
greetin',56.954010228964336,-3.0180443945271347,1653938937,146,1971,51,Female,N,182,Brechin,Angus,DD9,"Tayside and Angus (Dundee)"
greetin',57.31299872581787,-2.2818291110268167,1653939397,147,1964,58,Female,Y,64,Inverurie,Aberdeenshire,AB51,"North East (Aberdeen)"
greetin',57.666233380888855,-3.2738224634172797,1653939416,148,1950,72,Male,Y,737,Elgin,Moray,IV30,"North East (Aberdeen)"
greetin',57.29263063882343,-2.2259980286279806,1653942078,149,1977,45,Female,N,112,"Dyce, Aberdeen",Aberdeen,"Aberdeen North","North East (Aberdeen)"
greetin',55.410615018289946,-4.7493606852130466,1653942545,150,1962,60,Male,N,856,"Ayr (Centre)","South Ayrshire",KA7,Ayrshire
greetin',56.08573203991232,-3.6945692155370806,1653944290,152,1953,69,Female,Y,391,Alloa,Clackmannanshire,FK10,"Stirling and Falkirk"
greetin',56.251141277516474,-3.2819626874834062,1653947037,153,1973,49,Male,Y,1105,Cupar,Fife,KY15,Fife
greetin',56.48106938672779,-2.9647226774810242,1653947302,154,1972,50,Female,Y,250,"Downfield, Dundee",Dundee,"Dundee North","Tayside and Angus (Dundee)"
greetin',55.65650225315161,-4.6470822799480125,1653949201,155,1989,33,Female,Y,788,Kilwinning,"North Ayrshire",KA13,Ayrshire
greetin',55.920718444533875,-2.87448288340948,1653953434,158,1998,24,Other,Y,350,Pencaitland,"East Lothian",EH34,"Lothian (Edinburgh)"
greetin',57.645009570806856,-3.1918709153274767,1653981532,160,1977,45,Female,Y,737,Elgin,Moray,IV30,"North East (Aberdeen)"
greetin',56.743723000507885,-3.190587285096828,1653992181,161,1984,38,Female,Y,181,Kirriemuir,Angus,DD8,"Tayside and Angus (Dundee)"
greetin',56.49518441637816,-2.8171812688516846,1654046842,163,1968,54,Female,Y,247,"Broughty Ferry, Dundee",Dundee,"Dundee East","Tayside and Angus (Dundee)"
greetin',57.62991256319359,-2.2309613235061296,1654064559,167,1958,64,Male,N,57,Fraserburgh,Aberdeenshire,AB43,"North East (Aberdeen)"
greetin',55.908981524159294,-4.194335338950579,1654107032,169,1961,61,Female,Y,609,"Garthamlock, Glasgow",Glasgow,"Glasgow Northeast",Glasgow
greetin',55.89577628494511,-4.293365993196376,1654107287,169,1961,61,Female,Y,609,"Garthamlock, Glasgow",Glasgow,"Glasgow Northeast",Glasgow
greetin',57.550392764087455,-1.9287236096164733,1654149898,171,1956,66,Female,Y,54,Peterhead,Aberdeenshire,AB42,"North East (Aberdeen)"
greetin',56.48109904062733,-3.0061683406286335,1654167917,172,1952,70,Female,Y,236,"Lochee, Dundee",Dundee,"Dundee Central","Tayside and Angus (Dundee)"
greetin',57.649802937646754,-2.5094870503553275,1654289025,178,1978,44,Female,Y,59,Banff,Aberdeenshire,AB45,"North East (Aberdeen)"
greetin',55.94665945628451,-3.968454731876091,1654592448,184,2002,20,Other,School,514,"Cumbernauld (south: Condorrat, Lenziemill, Carbrain, Kildrum, Cumbernauld Village, Abronhill, Seafar)","North Lanarkshire",G67,Glasgow
greetin',57.31606785407373,-2.3145030709471563,1654608117,185,1988,34,Female,Y,64,Inverurie,Aberdeenshire,AB51,"North East (Aberdeen)"
greetin',57.608182115550356,-2.645704629108055,1655112558,187,2005,17,Male,School,62,Portsoy,Aberdeenshire,AB45,"North East (Aberdeen)"
greetin',57.668367900815085,-2.48744619369729,1655113815,204,2007,15,Male,School,58,Macduff,Aberdeenshire,AB44,"North East (Aberdeen)"
greetin',57.59425798888286,-2.5384668069412393,1655113939,194,2005,17,Female,School,59,Banff,Aberdeenshire,AB45,"North East (Aberdeen)"
greetin',57.61648077484763,-2.530499763972894,1655158465,194,2005,17,Female,School,59,Banff,Aberdeenshire,AB45,"North East (Aberdeen)"
greetin',57.62412119182078,-2.8236525518539803,1655214407,221,2006,16,Female,School,90,Buckie,Moray,AB56,"North East (Aberdeen)"
greetin',57.65225148383315,-2.036141381430533,1655214426,222,2006,16,Female,School,56,Crimond,Aberdeenshire,AB43,"North East (Aberdeen)"
greetin',57.58327464829175,-2.1913397061744515,1655214561,222,2006,16,Female,School,56,Crimond,Aberdeenshire,AB43,"North East (Aberdeen)"
greetin',57.63835361353654,-2.8757718994482184,1655214575,225,2006,16,Male,School,90,Buckie,Moray,AB56,"North East (Aberdeen)"
greetin',57.685426205543045,-2.8819126466758602,1655214705,228,2006,16,Male,School,95,Portknockie,Moray,AB56,"North East (Aberdeen)"
greetin',57.631879815138795,-2.81774109694446,1655214708,234,2006,16,Female,School,94,Portgordon,Moray,AB56,"North East (Aberdeen)"
greetin',57.650811635658066,-2.981602724211434,1655214719,226,2006,16,Male,School,90,Buckie,Moray,AB56,"North East (Aberdeen)"
greetin',57.616986175133,-2.8176195897484546,1655214746,216,2006,16,Female,School,90,Buckie,Moray,AB56,"North East (Aberdeen)"
greetin',57.6173560752721,-2.9882623539933015,1655214754,215,2006,16,Male,School,94,Portgordon,Moray,AB56,"North East (Aberdeen)"
greetin',57.616359301137805,-2.9138393687359905,1655214794,220,2007,15,Male,N,90,Buckie,Moray,AB56,"North East (Aberdeen)"
greetin',55.865111365026294,-4.181106919841694,1655219267,214,1999,23,Female,Y,634,"Maryhill, Glasgow",Glasgow,"Glasgow Northeast",Glasgow
greetin',56.0255815565544,-4.834530671911747,1655282031,235,1996,26,Male,Y,566,Helensburgh,"Argyll and Bute",G84,"Argyll and Bute"
greetin',57.64976657188777,-2.988689363879196,1655290592,236,2008,14,Male,School,90,Buckie,Moray,AB56,"North East (Aberdeen)"
greetin',57.67452510382508,-2.89510167932966,1655290629,244,2008,14,Male,School,90,Buckie,Moray,AB56,"North East (Aberdeen)"
greetin',57.639471640663274,-2.9527688768605747,1655290639,238,2008,14,Female,N,90,Buckie,Moray,AB56,"North East (Aberdeen)"
greetin',57.63177192882328,-2.9973418283030986,1655290651,241,2008,14,Female,N,90,Buckie,Moray,AB56,"North East (Aberdeen)"
greetin',57.69700910156389,-2.8724294824501313,1655290662,245,2008,14,Female,School,95,Portknockie,Moray,AB56,"North East (Aberdeen)"
greetin',57.62687148617046,-2.8683050865081348,1655290672,237,2009,13,Female,School,90,Buckie,Moray,AB56,"North East (Aberdeen)"
greetin',57.65116703250762,-2.9897197881120223,1655290717,254,2008,14,Female,School,92,Findochty,Moray,AB56,"North East (Aberdeen)"
greetin',57.63622112646637,-3.0393648048209885,1655290719,239,2008,14,Female,School,90,Buckie,Moray,AB56,"North East (Aberdeen)"
greetin',57.693262748156506,-2.817641529169917,1655290759,242,2008,14,Male,School,90,Buckie,Moray,AB56,"North East (Aberdeen)"
greetin',57.631530395844074,-2.9207203160200264,1655290768,248,2008,14,Male,School,90,Buckie,Moray,AB56,"North East (Aberdeen)"
greetin',55.287257282172966,-2.6054817994743233,1655290849,256,2008,14,Female,School,1493,Hawick,"Scottish Borders",TD9,Borders
greetin',57.63119019768351,-2.9660924396948785,1655290866,253,2008,14,Other,N,90,Buckie,Moray,AB56,"North East (Aberdeen)"
greetin',57.68991566037593,-2.8196368049958123,1655290896,251,2009,13,Male,School,95,Portknockie,Moray,AB56,"North East (Aberdeen)"
greetin',57.618765853075296,-2.887785767187843,1655291126,251,2009,13,Male,School,95,Portknockie,Moray,AB56,"North East (Aberdeen)"
greetin',55.46474142784243,-2.701378679583698,1655291281,256,2008,14,Female,School,1493,Hawick,"Scottish Borders",TD9,Borders
greetin',57.65145502960746,-2.92248434939573,1655293122,258,2006,16,Female,School,90,Buckie,Moray,AB56,"North East (Aberdeen)"
greetin',57.63485563681892,-2.9938813645051594,1655293139,265,2006,16,Female,School,95,Portknockie,Moray,AB56,"North East (Aberdeen)"
greetin',57.612612750978556,-2.8771055497120845,1655293145,259,2006,16,Male,N,90,Buckie,Moray,AB56,"North East (Aberdeen)"
greetin',57.62336467708997,-2.9597062445535536,1655293159,262,2005,17,Male,School,90,Buckie,Moray,AB56,"North East (Aberdeen)"
greetin',57.6761424481641,-2.9002092528316843,1655293166,257,2005,17,Male,School,90,Buckie,Moray,AB56,"North East (Aberdeen)"
greetin',57.637319417582,-2.9892975067416607,1655293178,268,2006,16,Female,School,90,Buckie,Moray,AB56,"North East (Aberdeen)"
greetin',57.62229770743816,-2.8932478912123485,1655293186,263,2006,16,Other,N,90,Buckie,Moray,AB56,"North East (Aberdeen)"
greetin',57.68551482264523,-2.779972136727828,1655293189,267,2006,16,Female,School,90,Buckie,Moray,AB56,"North East (Aberdeen)"
greetin',57.65666683035867,-2.9392388525885975,1655293210,266,2005,17,Female,School,94,Portgordon,Moray,AB56,"North East (Aberdeen)"
greetin',57.64916568664776,-2.914199241679669,1655293213,272,2005,17,Female,School,90,Buckie,Moray,AB56,"North East (Aberdeen)"
greetin',57.69882406904062,-2.7913609206099035,1655293239,276,2006,16,Male,School,90,Buckie,Moray,AB56,"North East (Aberdeen)"
greetin',55.80504817557649,-4.217864267050007,1655293258,277,2006,16,Female,School,571,"Castlemilk, Glasgow",Glasgow,"Glasgow Castlemilk",Glasgow
greetin',57.651037574011625,-2.960861342967455,1655293275,273,2005,17,Male,School,91,Cullen,Moray,AB56,"North East (Aberdeen)"
greetin',57.622426368501564,-2.2214347407904937,1655299346,289,2006,16,Female,School,57,Fraserburgh,Aberdeenshire,AB43,"North East (Aberdeen)"
greetin',57.632588249540966,-3.0388538690633538,1655299360,283,2006,16,Male,School,90,Buckie,Moray,AB56,"North East (Aberdeen)"
greetin',57.64596231467209,-2.9180739686053774,1655299361,286,2006,16,Male,School,90,Buckie,Moray,AB56,"North East (Aberdeen)"
greetin',57.672880899600685,-2.9415163279457457,1655299379,292,2006,16,Male,School,90,Buckie,Moray,AB56,"North East (Aberdeen)"
greetin',57.65966228129532,-2.930133678396413,1655299391,290,2006,16,Female,School,94,Portgordon,Moray,AB56,"North East (Aberdeen)"
greetin',57.614861027728566,-2.872834505177645,1655299401,294,2005,17,Male,School,95,Portknockie,Moray,AB56,"North East (Aberdeen)"
greetin',57.63533997542206,-2.9550130859393766,1655299442,282,2005,17,Male,School,90,Buckie,Moray,AB56,"North East (Aberdeen)"
greetin',57.650576113230066,-3.1759893762891402,1655299513,281,2006,16,Female,School,737,Elgin,Moray,IV30,"North East (Aberdeen)"
greetin',57.62459334715585,-2.853753771499513,1655299538,280,2006,16,Female,School,90,Buckie,Moray,AB56,"North East (Aberdeen)"
greetin',57.66076668717774,-2.918742101307487,1655299574,297,2006,16,Female,School,90,Buckie,Moray,AB56,"North East (Aberdeen)"
greetin',57.66830408166744,-2.8015134066913303,1655299623,284,2006,16,Male,School,90,Buckie,Moray,AB56,"North East (Aberdeen)"
greetin',57.67486827964323,-2.929752616709883,1655299641,287,2006,16,Female,School,91,Cullen,Moray,AB56,"North East (Aberdeen)"
greetin',57.62784296759832,-2.938901775705165,1655299679,279,2006,16,Female,School,90,Buckie,Moray,AB56,"North East (Aberdeen)"
greetin',57.64925470486198,-2.8182401679229194,1655299778,295,2006,16,Female,School,90,Buckie,Moray,AB56,"North East (Aberdeen)"
greetin',57.65556505234496,-2.3911728819144096,1655299782,298,2006,16,Male,School,62,Portsoy,Aberdeenshire,AB45,"North East (Aberdeen)"
greetin',56.027717699769546,-3.3661482334451387,1655307566,300,1939,83,Male,Y,1090,"Dunfermline (south and east: Halbeath, Touch, Duloch, Masterton, Pitcorthie, Abbeyview, Brucefield, Hospital Hill, Camdean, Pitreavie)",Fife,KY11,Fife
greetin',55.729083130503184,-4.507654155242748,1655324692,301,1957,65,Female,Y,837,"Kilmarnock (north: Onthank, Townholm, Altonhill, Longpark, Beansburn, New Farm Loch, Knockinlaw, Hillhead, Crookedholm)","East Ayrshire",KA3,Ayrshire
greetin',55.936869037564925,-4.341485277890633,1655565883,302,1991,31,Female,Y,488,Bearsden,"East Dunbartonshire",G61,Glasgow
greetin',60.17440928303814,-1.164352977409377,1663062790,331,1985,37,Male,Y,1501,Scalloway,"Shetland Isles",ZE1,"Shetland Islands"
greetin',60.33967401851133,-1.0001686948149766,1663158397,338,2008,14,Female,School,1512,Brae,"Shetland Isles",ZE2,"Shetland Islands"
greetin',60.60960184275716,-0.8966515036905895,1663158767,341,2008,14,Male,School,1512,Brae,"Shetland Isles",ZE2,"Shetland Islands"
greetin',60.37469534242987,-1.4052647585499782,1663159357,343,2008,14,Female,School,1622,Voe,"Shetland Isles",ZE2,"Shetland Islands"
greetin',60.21438256346942,-1.2987539296677018,1663161256,350,2008,14,Male,Y,1622,Voe,"Shetland Isles",ZE2,"Shetland Islands"
greetin',60.11597180440749,-1.1006567840967154,1663162136,355,2008,14,Female,N,1584,"North Roe","Shetland Isles",ZE2,"Shetland Islands"
greetin',60.623297024467206,-1.331718979858096,1663162166,361,2008,14,Female,N,1607,Sullom,"Shetland Isles",ZE2,"Shetland Islands"
greetin',60.14240275052944,-1.267129328985379,1663162202,351,2008,14,Male,School,1500,Lerwick,"Shetland Isles",ZE1,"Shetland Islands"
greetin',60.297390846705376,-1.4252132021360937,1663162242,354,2008,14,Female,School,1582,Mossbank,"Shetland Isles",ZE2,"Shetland Islands"
greetin',60.480400495417555,-1.411764964252576,1663162419,358,2008,14,Female,School,1561,Hillswick,"Shetland Isles",ZE2,"Shetland Islands"
greetin',60.44617869978773,-1.2392392501516092,1663162679,362,2008,14,Male,School,1621,Vidlin,"Shetland Isles",ZE2,"Shetland Islands"
greetin',55.885845393031424,-4.363055444259508,1663165398,367,1988,34,Female,N,641,"Knightswood, Glasgow",Glasgow,"Glasgow Northwest",Glasgow
greetin',55.57172239732747,-4.446732813965988,1663166743,368,1980,42,Female,N,779,"Kilmarnock (centre and south: Bonnyton, Grange, Bellfield, Shortlees, Caprington, Riccarton, Hurlford)","East Ayrshire",KA1,Ayrshire
greetin',56.1794069514759,-3.187255610211995,1663172032,369,1967,55,Male,Y,1129,"Glenrothes (west: Caskieberran, Rimbleton, Macedonia, Tanshall)",Fife,KY6,Fife
greetin',55.8552647356872,-4.31238440155059,1663172722,370,1971,51,Female,Y,675,"Penilee, Glasgow",Glasgow,"Glasgow Southwest",Glasgow
greetin',55.76167217110755,-4.19572443633159,1663173413,371,1984,38,Male,Y,534,"East Kilbride (south: Hairmyres, Westwood, The Murray, Murray East, Whitehills, Greenhill, Newlandsmuir, Gardenhall, Crosshouse, Newlands, Lindsayfield, Mossneuk)","South Lanarkshire",G75,Glasgow
greetin',57.66694611375789,-2.853818791300382,1663175710,375,1985,37,Female,Y,95,Portknockie,Moray,AB56,"North East (Aberdeen)"
greetin',55.96004126490605,-3.7362806756902724,1663176146,377,1972,50,Female,Y,377,"Falkirk (centre and south: Arnothill, Bantaskin, Callendar Park, Glen Village, Hallglen, Lionthorn, Tamfourhill, Woodlands)",Falkirk,FK1,"Stirling and Falkirk"
greetin',55.953749545697114,-4.795843409292334,1663176174,378,1971,51,Female,Y,1231,"Greenock (west: Bow Farm, Braeside, Branchton, Fort Matilda, Gateside, Greenock West, Overton, Pennyfern, Smithston)",Inverclyde,PA16,Glasgow
greetin',55.8734942473983,-3.526273636452419,1663176342,379,1992,30,Male,Y,375,Livingston,"West Lothian",EH54,"Lothian (Edinburgh)"
greetin',55.891975954641254,-4.369098113951189,1663176739,381,1960,62,Female,Y,643,"Anniesland, Glasgow",Glasgow,"Glasgow Northwest",Glasgow
greetin',55.863929196952746,-4.341355428980653,1663178061,384,1971,51,Female,N,673,"Drumoyne, Glasgow",Glasgow,"Glasgow Southwest",Glasgow
greetin',55.85113743445249,-4.294508237800512,1663178259,385,1958,64,Female,Y,678,"Cardonald, Glasgow",Glasgow,"Glasgow Southwest",Glasgow
greetin',55.943446139213385,-4.753620476131314,1663178571,387,1991,31,Female,Y,1230,"Greenock (central and east: Bogston, Bridgend, Cartsdyke, Gibshill, Greenock Central, Ladyburn, Upper Ingleston)",Inverclyde,PA15,Glasgow
greetin',55.90686289801829,-4.378270940737473,1663180062,394,1964,58,Female,Y,641,"Knightswood, Glasgow",Glasgow,"Glasgow Northwest",Glasgow
greetin',55.86444259249983,-4.3640803980636855,1663180414,396,1975,47,Female,N,672,"Govan, Glasgow",Glasgow,"Glasgow Southwest",Glasgow
greetin',55.829116261415614,-4.3496247272858,1663180450,395,1993,29,Female,Y,678,"Cardonald, Glasgow",Glasgow,"Glasgow Southwest",Glasgow
greetin',55.83559844539025,-4.288541414661702,1663181860,400,1976,46,Female,Y,645,Clarkston,"East Renfrewshire","Glasgow South",Glasgow
greetin',55.88070539520024,-4.387842199969321,1663182149,401,1984,38,Female,Y,1264,Renfrew,Renfrewshire,PA4,Glasgow
greetin',55.86293972385813,-4.324074662290062,1663192330,409,1984,38,Female,N,685,"Gorbals, Glasgow",Glasgow,"Glasgow Southwest",Glasgow
greetin',55.88157956440766,-4.188113925373987,1663218281,410,1974,48,Male,Y,483,Stepps,"North Lanarkshire",G33,Glasgow
greetin',55.848632397299845,-4.260046002782937,1663222561,412,1984,38,Male,Y,675,"Penilee, Glasgow",Glasgow,"Glasgow Southwest",Glasgow
greetin',59.86365374392827,-1.2734634785008478,1663231127,414,1992,30,Other,Y,1638,Virkie,"Shetland Isles",ZE3,"Shetland Islands"
greetin',56.21720307322087,-3.089045849916202,1663234147,418,1990,32,Male,Y,1133,"Glenrothes (centre and east: Pitteuchar, Finglassie, Stenton, Auchmuty, Pitcoudie, Balfarg, Pircairn, Collydean)",Fife,KY7,Fife
greetin',55.84456920327882,-4.298969670364385,1663250006,425,1982,40,Female,Y,645,Clarkston,"East Renfrewshire","Glasgow South",Glasgow
greetin',55.812290785049676,-4.2426921865596245,1663271520,428,1963,59,Male,Y,646,"Burnside, Glasgow",Glasgow,"Glasgow South",Glasgow
greetin',55.87148091680375,-4.076864628730223,1663325209,429,1962,60,Female,N,1190,Glenboig,"North Lanarkshire",ML5,Glasgow
greetin',55.805084189768365,-4.241529971788162,1663345597,430,1960,62,Female,N,571,"Castlemilk, Glasgow",Glasgow,"Glasgow Castlemilk",Glasgow
greetin',55.819042580897325,-3.6895615192502036,1663430220,431,1982,40,Male,Y,366,Whitburn,"West Lothian",EH47,"Lothian (Edinburgh)"
greetin',55.86315445758949,-3.692471755182026,1663430456,431,1982,40,Male,Y,366,Whitburn,"West Lothian",EH47,"Lothian (Edinburgh)"
greetin',55.83895884362383,-4.311487211506926,1663662910,432,1986,36,Male,N,651,"Cathcart, Glasgow",Glasgow,"Glasgow South",Glasgow
greetin',57.651284899626816,-2.838812246027116,1663769367,434,1962,60,Male,N,90,Buckie,Moray,AB56,"North East (Aberdeen)"
greetin',57.677287816929585,-2.839344316286096,1663770329,435,1964,58,Female,Y,90,Buckie,Moray,AB56,"North East (Aberdeen)"
greetin',56.1983617933755,-3.245496409381148,1663861038,369,1967,55,Male,Y,1129,"Glenrothes (west: Caskieberran, Rimbleton, Macedonia, Tanshall)",Fife,KY6,Fife
greetin',55.371273787613504,-4.281912590415514,1663960917,437,1977,45,Female,N,798,Cumnock,"East Ayrshire",KA18,Ayrshire
greetin',55.660467685534876,-4.048528532451663,1664260501,438,1975,47,Female,Y,1160,Strathaven,"North Lanarkshire",ML10,Glasgow
greetin',56.46217367024544,-3.0078681832115715,1664363641,443,1993,29,Male,Y,261,"Westend, Dundee",Dundee,"Dundee West","Tayside and Angus (Dundee)"
greetin',54.799626461359885,-4.511987552449033,1664646826,447,1952,70,Female,Y,225,"Newton Stewart","Dumfries and Galloway",DG8,"Dumfries and Galloway"
greetin',56.49046064909108,-3.0001333815257656,1664714374,448,1953,69,Female,Y,239,"Charleston, Dundee",Dundee,"Dundee Central","Tayside and Angus (Dundee)"
greetin',55.84067026256959,-4.319905246963222,1664774250,449,1957,65,Male,N,678,"Cardonald, Glasgow",Glasgow,"Glasgow Southwest",Glasgow
greetin',57.20323572822991,-2.1266353406945036,1664776737,450,1976,46,Female,Y,113,"Bridge of Don, Aberdeen",Aberdeen,"Aberdeen North","North East (Aberdeen)"
greetin',57.63547444142103,-2.827652739982142,1664782700,455,1948,74,Male,Y,90,Buckie,Moray,AB56,"North East (Aberdeen)"
greetin',55.83326866136557,-4.320548343116535,1664788359,457,1953,69,Male,Y,677,"Hillington, Glasgow",Glasgow,"Glasgow Southwest",Glasgow
greetin',55.94069523448557,-3.269759306314327,1664788507,459,1965,57,Female,N,288,"Murrayfield, Edinburgh",Edinburgh,"Edinburgh North","Lothian (Edinburgh)"
greetin',56.12897356328403,-3.4636531578458363,1664789011,461,1965,57,Male,Y,1121,Cowdenbeath,Fife,KY4,Fife
greetin',60.144584572950194,-1.293009047214285,1664789089,465,1990,32,Male,Y,1501,Scalloway,"Shetland Isles",ZE1,"Shetland Islands"
greetin',57.589602558409645,-4.480399122527655,1664789152,463,1958,64,Male,N,705,Dingwall,Highland,IV15,"Highlands (Inverness)"
greetin',56.528615366238725,-4.248136964434989,1664789288,466,1971,51,Male,Y,1327,Aberfeldy,"Perth and Kinross",PH15,Fife
greetin',56.07306636616857,-3.3268870236051096,1664790252,469,1965,57,Male,Y,1121,Cowdenbeath,Fife,KY4,Fife
greetin',56.115530290733645,-3.9901076641160156,1664791087,470,1995,27,Female,Y,470,Kippen,Stirlingshire,FK8,"Stirling and Falkirk"
greetin',55.89663111802685,-4.283316503584273,1664791480,472,1999,23,Female,Y,601,Bargeddie,"North Lanarkshire","Glasgow Northeast",Glasgow
greetin',55.964371264647774,-3.60285002498499,1664791748,473,1992,30,Female,School,369,Linlithgow,"West Lothian",EH49,"Lothian (Edinburgh)"
greetin',60.25567305429558,-1.6204630327137575,1664791889,474,1997,25,Female,Y,1595,Sandwick,"Shetland Isles",ZE2,"Shetland Islands"
greetin',55.735200466963576,-2.931225371903649,1664792177,476,1951,71,Female,Y,1415,Stow,"Scottish Borders",TD1,Borders
greetin',59.275013960707405,-2.5882025989871167,1664792200,477,1966,56,Female,Y,1025,"Orkney Islands",Orkney,KW17,"Orkney Islands"
greetin',56.48665012801568,-3.0347437144609755,1664792229,479,1957,65,Male,N,238,"Menzieshill, Dundee",Dundee,"Dundee Central","Tayside and Angus (Dundee)"
greetin',55.70888699805899,-4.4187843187168605,1664792423,482,1944,78,Male,N,837,"Kilmarnock (north: Onthank, Townholm, Altonhill, Longpark, Beansburn, New Farm Loch, Knockinlaw, Hillhead, Crookedholm)","East Ayrshire",KA3,Ayrshire
greetin',55.86662629646013,-4.366185461978723,1664792425,481,1955,67,Female,Y,678,"Cardonald, Glasgow",Glasgow,"Glasgow Southwest",Glasgow
greetin',58.99274473509719,-3.113198065580318,1664792943,487,1943,79,Male,N,967,Kirkwall,Orkney,KW15,"Orkney Islands"
greetin',56.228357851332646,-3.0288027345937425,1664792970,488,1948,74,Female,School,1142,Methil,Fife,KY8,Fife
greetin',55.818914204935155,-4.465422276870137,1664793279,486,1955,67,Female,N,1236,"Paisley (south: Blackhall, Castlehead, Dykebar, Foxbar, Hunterhill, Meikleriggs)",Renfrewshire,PA2,Glasgow
greetin',56.280895516487,-2.9815806192517287,1664793526,493,1968,54,Male,Y,1105,Cupar,Fife,KY15,Fife
greetin',55.57196590889241,-4.40998785909508,1664793557,492,1970,52,Male,Y,779,"Kilmarnock (centre and south: Bonnyton, Grange, Bellfield, Shortlees, Caprington, Riccarton, Hurlford)","East Ayrshire",KA1,Ayrshire
greetin',55.76580958106123,-4.084359637688627,1664794061,495,1955,67,Male,Y,1183,Hamilton,"South Lanarkshire",ML3,Glasgow
greetin',56.49623595372734,-3.022128249339418,1664794340,498,1950,72,Female,N,245,"Law, Dundee",Dundee,"Dundee Central","Tayside and Angus (Dundee)"
greetin',55.565204198364896,-2.887212060674337,1664794411,501,1949,73,Male,Y,1479,Selkirk,"Scottish Borders",TD7,Borders
greetin',56.493254678464716,-3.0386524365951564,1664794685,502,1960,62,Male,N,243,"Hilltown, Dundee",Dundee,"Dundee Central","Tayside and Angus (Dundee)"
greetin',57.20986941079821,-2.2329216161028835,1664794804,503,1952,70,Male,N,121,Blackburn,Aberdeenshire,"Aberdeen North","North East (Aberdeen)"
greetin',56.46535657585661,-3.018003551449783,1664794809,504,1964,58,Female,N,236,"Lochee, Dundee",Dundee,"Dundee Central","Tayside and Angus (Dundee)"
greetin',55.684010514701335,-4.770662917162144,1664795094,506,1981,41,Female,Y,812,Saltcoats,"East Ayrshire",KA21,Ayrshire
greetin',56.15657546440696,-4.377280770775522,1664795455,509,1992,30,Female,Y,473,"Stirling (centre and west: Kings Park, Raploch, Riverside)",Stirlingshire,FK8,"Stirling and Falkirk"
greetin',57.962625067559365,-4.231753069903159,1664795488,508,1953,69,Female,Y,726,Dornoch,Highland,IV25,"Highlands (Inverness)"
greetin',55.96489670904299,-4.476689030116614,1664795747,511,1987,35,Female,Y,549,Dumbarton,"West Dunbartonshire",G82,Glasgow
greetin',56.04493139804387,-3.8319856758065893,1664796445,515,1989,33,Female,Y,419,Airth,Falkirk,FK2,"Stirling and Falkirk"
greetin',58.80194978607186,-3.010941226488483,1664796530,513,1953,69,Female,Y,1025,"Orkney Islands",Orkney,KW17,"Orkney Islands"
greetin',54.92066497551537,-5.158528800296289,1664796576,516,1988,34,Male,Y,230,Sandhead,"Dumfries and Galloway",DG9,"Dumfries and Galloway"
greetin',56.484428124042566,-2.8964331780793615,1664796687,517,1976,46,Male,Y,251,"Kirkton, Dundee",Dundee,"Dundee North","Tayside and Angus (Dundee)"
greetin',56.329667715944105,-3.6146589543010554,1664796764,518,1965,57,Male,Y,1342,Forgandenny,"Perth and Kinross",PH2,Fife
greetin',55.14767168582133,-3.815641859429724,1664796892,520,1991,31,Male,Y,207,"Dumfries (west: Broomlands, Cargenbridge, Lochside, Maxwelltown, Troqueer)","Dumfries and Galloway",DG2,"Dumfries and Galloway"
greetin',57.371868752189,-2.2027174861326553,1664796904,519,1999,23,Male,Y,49,Ellon,Aberdeenshire,AB41,"North East (Aberdeen)"
greetin',55.80940167188605,-3.7561915618642643,1664796910,521,1980,42,Female,Y,366,Whitburn,"West Lothian",EH47,"Lothian (Edinburgh)"
greetin',55.623337026960904,-2.66068897109105,1664797093,522,1977,45,Female,Y,1442,Earlston,"Scottish Borders",TD4,Borders
greetin',55.624174213531916,-4.584913148322457,1664797380,526,1996,26,Male,Y,809,Dundonald,"South Ayrshire",KA2,Ayrshire
greetin',55.931207989774364,-4.668585485854629,1664797395,525,1996,26,Female,N,1229,"Port Glasgow",Inverclyde,PA14,Glasgow
greetin',59.29179288949692,-2.9531770708896636,1664797473,527,1947,75,Female,Y,1025,"Orkney Islands",Orkney,KW17,"Orkney Islands"
greetin',55.893779923703484,-4.359937152075667,1664797479,528,1965,57,Female,N,641,"Knightswood, Glasgow",Glasgow,"Glasgow Northwest",Glasgow
greetin',55.96540461241971,-3.2267622726696525,1664797909,529,1995,27,Female,Y,287,"Corstorphine, Edinburgh",Edinburgh,"Edinburgh North","Lothian (Edinburgh)"
greetin',59.975776746182866,-1.2834706477508764,1664798419,531,1966,56,Female,Y,1581,"Mid Yell","Shetland Isles",ZE2,"Shetland Islands"
greetin',56.75198941047412,-2.530243046437001,1664798543,532,1953,69,Male,Y,139,Hillside,Angus,DD10,"Tayside and Angus (Dundee)"
greetin',55.91682101268981,-4.668983915191531,1664798919,534,1952,70,Male,Y,1229,"Port Glasgow",Inverclyde,PA14,Glasgow
greetin',55.94362705798368,-4.394362896024868,1664799056,535,1956,66,Male,Y,546,Clydebank,"West Dunbartonshire",G81,Glasgow
greetin',55.76587438669203,-4.171332876766118,1664799188,537,1952,70,Female,N,530,"East Kilbride (north: The Village, East Mains, West Mains, Lymekilns, St Leonards, Calderwood, Nerston, Stewartfield, Peel Park)","South Lanarkshire",G74,Glasgow
greetin',55.813911341395716,-4.045831056012539,1664799409,538,1964,58,Female,Y,1186,Bellshill,"North Lanarkshire",ML4,Glasgow
greetin',59.21909802949406,-2.660785065992439,1664799568,539,1949,73,Female,Y,1025,"Orkney Islands",Orkney,KW17,"Orkney Islands"
greetin',55.82578379887229,-4.299604813944802,1664799729,540,1979,43,Male,Y,658,"Giffnock, Glasgow",Glasgow,"Glasgow South",Glasgow
greetin',56.88341721330041,-3.258469131014562,1664800045,541,1973,49,Female,N,181,Kirriemuir,Angus,DD8,"Tayside and Angus (Dundee)"
greetin',55.895282546531874,-3.011355793287349,1664800137,543,1947,75,Female,Y,336,Newtongrange,Midlothian,EH22,"Lothian (Edinburgh)"
greetin',56.0360436979714,-3.4733471678983725,1664800461,544,1966,56,Female,Y,1094,Rosyth,Fife,KY11,Fife
greetin',56.47460610935395,-3.000910851097833,1664800819,546,1962,60,Male,Y,243,"Hilltown, Dundee",Dundee,"Dundee Central","Tayside and Angus (Dundee)"
greetin',56.7711664166831,-2.727241899579287,1664801355,550,1980,42,Female,Y,182,Brechin,Angus,DD9,"Tayside and Angus (Dundee)"
greetin',55.94020978970791,-3.079917737472496,1664801794,554,1948,74,Female,Y,330,Musselburgh,"East Lothian",EH21,"Lothian (Edinburgh)"
greetin',56.74708237317343,-2.8889042407464576,1664801862,555,1970,52,Male,N,180,Glamis,Angus,DD8,"Tayside and Angus (Dundee)"
greetin',56.80395882882608,-3.0454226856551996,1664801976,553,1956,66,Female,N,181,Kirriemuir,Angus,DD8,"Tayside and Angus (Dundee)"
greetin',56.489743897373174,-3.0256152508787384,1664802280,558,1960,62,Female,Y,242,"St Marys, Dundee",Dundee,"Dundee Central","Tayside and Angus (Dundee)"
greetin',56.65684197956182,-3.1008083816829655,1664802334,559,1959,63,Female,N,181,Kirriemuir,Angus,DD8,"Tayside and Angus (Dundee)"
greetin',56.103219711622366,-3.2934121168193076,1664802648,563,1968,54,Female,N,1124,Kelty,Fife,KY4,Fife
greetin',55.839124040457804,-4.457817758838264,1664802688,561,1971,51,Female,N,1220,"Paisley (central, east and north east: Ferguslie, Oldhall, Seedhill, Williamsburgh, Whitehaugh)",Renfrewshire,PA1,Glasgow
greetin',55.91488483668596,-4.369252714872333,1664802922,565,1986,36,Female,Y,641,"Knightswood, Glasgow",Glasgow,"Glasgow Northwest",Glasgow
greetin',59.08397737008062,-3.100807862936918,1664802932,564,1956,66,Female,N,1025,"Orkney Islands",Orkney,KW17,"Orkney Islands"
greetin',58.8285108905724,-2.9744370459980156,1664803261,566,1958,64,Female,N,1025,"Orkney Islands",Orkney,KW17,"Orkney Islands"
greetin',55.94994757148886,-3.2124971379761997,1664803883,109,1954,68,Female,N,299,"Broughton, Edinburgh",Edinburgh,"Edinburgh North","Lothian (Edinburgh)"
greetin',56.242080891301754,-2.967855524976864,1664804138,571,1979,43,Female,Y,1140,Leven,Fife,KY8,Fife
greetin',55.89473944863713,-4.331975550954994,1664804815,575,1963,59,Female,Y,590,"Hyndland, Glasgow",Glasgow,"Glasgow Kelvin",Glasgow
greetin',60.06939865866258,-1.3226383357650802,1664804894,576,1953,69,Male,N,1622,Voe,"Shetland Isles",ZE2,"Shetland Islands"
greetin',55.96642819239138,-3.213860019230462,1664805023,577,1951,71,Female,Y,299,"Broughton, Edinburgh",Edinburgh,"Edinburgh North","Lothian (Edinburgh)"
greetin',56.24660064615686,-3.040768992273646,1664805031,579,1959,63,Female,Y,1140,Leven,Fife,KY8,Fife
greetin',56.049700724920015,-3.4825232063663556,1664805212,581,1996,26,Male,Y,1094,Rosyth,Fife,KY11,Fife
greetin',55.98988537769325,-5.45680867765208,1664805469,585,1994,28,Female,Y,1250,Ardrishaig,"Argyll and Bute",PA30,"Argyll and Bute"
greetin',57.58869577838108,-2.3911466369088337,1664805547,586,1968,54,Male,Y,78,Turriff,Aberdeenshire,AB53,"North East (Aberdeen)"
greetin',56.4696043783346,-2.910049193260883,1664805616,588,1979,43,Male,Y,247,"Broughty Ferry, Dundee",Dundee,"Dundee East","Tayside and Angus (Dundee)"
greetin',55.955970256447834,-4.804086604125836,1664806112,590,1995,27,Female,Y,1235,Gourock,Inverclyde,PA19,Glasgow
greetin',55.73100698897452,-2.9233328337969287,1664806302,591,1961,61,Female,Y,1415,Stow,"Scottish Borders",TD1,Borders
greetin',59.35906432523343,-2.406658093328625,1664806452,593,1957,65,Female,N,1025,"Orkney Islands",Orkney,KW17,"Orkney Islands"
greetin',56.488158299340554,-2.8946884277720737,1664806638,594,1978,44,Female,Y,255,"Fintry, Dundee",Dundee,"Dundee North","Tayside and Angus (Dundee)"
greetin',56.11708231547486,-3.2189881786977477,1664806830,596,1956,66,Female,Y,1117,"Kirkcaldy (west: Hayfield, Templehall, Newliston, Chapel, Dunnikier, Bennochy)",Fife,KY2,Fife
greetin',58.99133065903791,-3.014469949901991,1664806832,595,1984,38,Female,N,967,Kirkwall,Orkney,KW15,"Orkney Islands"
greetin',56.321313152659854,-5.130124317501627,1664807091,597,1970,52,Male,Y,1255,Inveraray,"Argyll and Bute",PA32,"Argyll and Bute"
greetin',55.918001354562385,-3.3187911501036105,1664807100,599,1985,37,Male,Y,319,"Blackford, Edinburgh",Edinburgh,"Edinburgh South","Lothian (Edinburgh)"
greetin',56.641220752959555,-3.047743695482316,1664807122,598,1962,60,Female,N,181,Kirriemuir,Angus,DD8,"Tayside and Angus (Dundee)"
greetin',57.123752992905814,-2.2683813534522455,1664807144,600,1963,59,Male,Y,128,"Mannofield, Aberdeen",Aberdeen,"Aberdeen Southwest","North East (Aberdeen)"
greetin',55.77939900013872,-3.7855643813127973,1664808557,604,1953,69,Female,N,1180,Wishaw,"North Lanarkshire",ML2,Glasgow
greetin',55.956372451121,-4.449782963875246,1664808904,605,1975,47,Female,Y,546,Clydebank,"West Dunbartonshire",G81,Glasgow
greetin',56.48404574666166,-2.976050034665853,1664809083,610,1956,66,Female,Y,234,"Baxter Park, Dundee",Dundee,"Dundee Bluebelt","Tayside and Angus (Dundee)"
greetin',55.592617418243876,-4.136419114333764,1664809089,609,1968,54,Male,Y,1160,Strathaven,"North Lanarkshire",ML10,Glasgow
greetin',56.677306352641246,-3.086452450825882,1664809163,608,1975,47,Male,Y,181,Kirriemuir,Angus,DD8,"Tayside and Angus (Dundee)"
greetin',55.67600095500078,-3.80202399232031,1664809451,611,1980,42,Female,Y,1167,Lanark,"South Lanarkshire",ML11,Glasgow
greetin',57.6766741272807,-3.3565634330963787,1664809643,612,1966,56,Female,N,737,Elgin,Moray,IV30,"North East (Aberdeen)"
greetin',55.87341132781332,-4.225048992994996,1664809762,613,1983,39,Female,Y,623,"Shettleston, Glasgow",Glasgow,"Glasgow Northeast",Glasgow
greetin',56.76673866608843,-3.1048334675352827,1664809981,614,1954,68,Male,Y,181,Kirriemuir,Angus,DD8,"Tayside and Angus (Dundee)"
greetin',55.91121662055509,-3.010479335395746,1664810150,616,1952,70,Female,Y,333,"Newcraighall, Edinburgh",Edinburgh,EH21,"Lothian (Edinburgh)"
greetin',55.93074675120063,-3.2809493866811197,1664810164,617,1995,27,Male,N,267,"Sighthill, Edinburgh",Edinburgh,"Edinburgh Central","Lothian (Edinburgh)"
greetin',57.46205880453517,-1.8870818647700056,1664810258,615,1958,64,Female,N,54,Peterhead,Aberdeenshire,AB42,"North East (Aberdeen)"
greetin',55.89976828434427,-3.0694792764691683,1664810346,620,1962,60,Male,Y,336,Newtongrange,Midlothian,EH22,"Lothian (Edinburgh)"
greetin',60.79586171929263,-0.9465885792279005,1664810401,621,1959,63,Female,N,1509,Bigton,"Shetland Isles",ZE2,"Shetland Islands"
greetin',55.83219176037403,-4.141108393882866,1664810542,619,1957,65,Male,Y,600,"Garrowhill, Glasgow",Glasgow,"Glasgow Northeast",Glasgow
greetin',58.38905476518799,-3.1700944558871966,1664811194,622,1982,40,Female,Y,899,Wick,Highland,KW1,"Highlands (Inverness)"
greetin',56.62210390546403,-2.8659778745975864,1664811335,623,1960,62,Male,Y,181,Kirriemuir,Angus,DD8,"Tayside and Angus (Dundee)"
greetin',56.017208745899296,-3.608818696385325,1664811372,624,1981,41,Other,Y,370,Bo'ness,Falkirk,EH51,"Lothian (Edinburgh)"
greetin',55.96152190293189,-2.8538036159664353,1664811671,625,1955,67,Female,Y,357,Haddington,"East Lothian",EH41,"Lothian (Edinburgh)"
greetin',55.94697731934674,-3.1255693561549194,1664812060,627,1958,64,Male,Y,283,"Craigentinny, Edinburgh",Edinburgh,"Edinburgh Duddingston","Lothian (Edinburgh)"
greetin',55.9243832752825,-4.313239226026632,1664812468,628,1975,47,Female,Y,488,Bearsden,"East Dunbartonshire",G61,Glasgow
greetin',55.84341850432819,-4.098604759952646,1664812660,630,1987,35,Female,N,623,"Shettleston, Glasgow",Glasgow,"Glasgow Northeast",Glasgow
greetin',55.85222443132414,-4.228599067891847,1664812714,632,1959,63,Female,Y,623,"Shettleston, Glasgow",Glasgow,"Glasgow Northeast",Glasgow
greetin',55.93511983096332,-3.2417131649832815,1664812786,633,1955,67,Male,Y,271,"Abbeyhill, Edinburgh",Edinburgh,"Edinburgh Central","Lothian (Edinburgh)"
greetin',56.27324640239589,-2.768350947986347,1664812809,629,1993,29,Male,Y,1114,"St Andrews",Fife,KY16,Fife
greetin',55.98914233776836,-4.214404432531566,1664812831,631,1953,69,Female,N,508,Lennoxtown,"East Dunbartonshire",G66,Glasgow
greetin',55.87968953365158,-4.328981908626212,1664812907,634,1994,28,Male,Y,644,"Partick, Glasgow",Glasgow,"Glasgow Northwest",Glasgow
greetin',55.868472368002145,-4.112178040329298,1664813190,637,1989,33,Male,N,623,"Shettleston, Glasgow",Glasgow,"Glasgow Northeast",Glasgow
greetin',55.62236659521905,-5.232334951793936,1664813197,636,1980,42,Male,Y,827,"Isle of Arran","North Ayrshire",KA27,Ayrshire
greetin',54.989160325085315,-3.427284475258214,1664813271,635,1939,83,Male,N,186,"Dumfries (centre and east: Dalscone, Georgetown, Heathhall, Kingholm Quay, Noblehill, The Crichton)","Dumfries and Galloway",DG1,"Dumfries and Galloway"
greetin',55.88790267059706,-4.378718653518051,1664813600,639,1984,38,Female,Y,644,"Partick, Glasgow",Glasgow,"Glasgow Northwest",Glasgow
greetin',55.92321773897175,-4.411347007452659,1664813719,640,1984,38,Male,Y,546,Clydebank,"West Dunbartonshire",G81,Glasgow
greetin',55.89332408889478,-4.044198981639624,1664813807,641,1956,66,Male,Y,1189,Coatbridge,"North Lanarkshire",ML5,Glasgow
greetin',55.81168212811651,-4.215374410817321,1664814093,647,1998,24,Male,Y,571,"Castlemilk, Glasgow",Glasgow,"Glasgow Castlemilk",Glasgow
greetin',56.00420290412638,-3.8095987586790794,1664814184,646,1964,58,Female,N,380,Camelon, Falkirk,FK1,"Stirling and Falkirk"
greetin',55.789739881977,-3.7687939521923366,1664814284,648,1949,73,Male,Y,364,Fauldhouse,"West Lothian",EH47,"Lothian (Edinburgh)"
greetin',55.955293433200495,-3.756274111278726,1664814569,646,1964,58,Female,N,380,Camelon, Falkirk,FK1,"Stirling and Falkirk"
greetin',54.8055829789894,-5.014974976795199,1664815124,651,1980,42,Female,N,231,Stranraer,"Dumfries and Galloway",DG9,"Dumfries and Galloway"
greetin',55.95024771025232,-3.1654403671876667,1664815191,650,1993,29,Male,Y,281,"Portobello, Edinburgh",Edinburgh,"Edinburgh Duddingston","Lothian (Edinburgh)"
greetin',58.83284071484895,-2.9419536610629438,1664815264,649,1960,62,Male,N,1025,"Orkney Islands",Orkney,KW17,"Orkney Islands"
greetin',60.339964665560125,-1.7217318891915514,1664815361,652,1968,54,Male,Y,1623,Walls,"Shetland Isles",ZE2,"Shetland Islands"
greetin',55.883774109526215,-4.369461565935434,1664815558,639,1984,38,Female,Y,644,"Partick, Glasgow",Glasgow,"Glasgow Northwest",Glasgow
greetin',55.75887536551988,-4.245102874485882,1664816115,656,1994,28,Male,Y,530,"East Kilbride (north: The Village, East Mains, West Mains, Lymekilns, St Leonards, Calderwood, Nerston, Stewartfield, Peel Park)","South Lanarkshire",G74,Glasgow
greetin',55.74561944767911,-4.245848219373476,1664816550,661,1983,39,Female,Y,534,"East Kilbride (south: Hairmyres, Westwood, The Murray, Murray East, Whitehills, Greenhill, Newlandsmuir, Gardenhall, Crosshouse, Newlands, Lindsayfield, Mossneuk)","South Lanarkshire",G75,Glasgow
greetin',55.733743998766165,-4.229349781995377,1664816616,659,1986,36,Female,Y,534,"East Kilbride (south: Hairmyres, Westwood, The Murray, Murray East, Whitehills, Greenhill, Newlandsmuir, Gardenhall, Crosshouse, Newlands, Lindsayfield, Mossneuk)","South Lanarkshire",G75,Glasgow
greetin',60.226083103854755,-1.3895948656359116,1664816671,660,1982,40,Female,N,1543,Girlsta,"Shetland Isles",ZE2,"Shetland Islands"
greetin',55.96082451060579,-3.1767696828405687,1664816790,663,1982,40,Female,Y,287,"Corstorphine, Edinburgh",Edinburgh,"Edinburgh North","Lothian (Edinburgh)"
greetin',55.84960494919961,-4.043295771788619,1664816850,664,1980,42,Female,N,1189,Coatbridge,"North Lanarkshire",ML5,Glasgow
greetin',55.88387837861039,-3.5261234272686046,1664816880,665,1969,53,Male,N,375,Livingston,"West Lothian",EH54,"Lothian (Edinburgh)"
greetin',57.34917976492189,-2.6966327876342167,1664816899,662,2003,19,Female,Y,68,Auchleven,Aberdeenshire,AB52,"North East (Aberdeen)"
greetin',55.498421826921515,-4.322791134732337,1664817024,657,1970,52,Male,Y,845,Catrine,"East Ayrshire",KA5,Ayrshire
greetin',55.706937563408914,-4.154568827918482,1664817304,669,1986,36,Female,Y,534,"East Kilbride (south: Hairmyres, Westwood, The Murray, Murray East, Whitehills, Greenhill, Newlandsmuir, Gardenhall, Crosshouse, Newlands, Lindsayfield, Mossneuk)","South Lanarkshire",G75,Glasgow
greetin',55.8089104289348,-4.252836996427592,1664817339,667,1954,68,Male,N,651,"Cathcart, Glasgow",Glasgow,"Glasgow South",Glasgow
greetin',57.63948145425369,-4.478479307370661,1664817440,671,1987,35,Female,Y,705,Dingwall,Highland,IV15,"Highlands (Inverness)"
greetin',55.812586036491304,-4.264244392811046,1664817757,670,1981,41,Male,N,651,"Cathcart, Glasgow",Glasgow,"Glasgow South",Glasgow
greetin',55.74081645238854,-4.129268398920308,1664818149,673,1956,66,Female,Y,534,"East Kilbride (south: Hairmyres, Westwood, The Murray, Murray East, Whitehills, Greenhill, Newlandsmuir, Gardenhall, Crosshouse, Newlands, Lindsayfield, Mossneuk)","South Lanarkshire",G75,Glasgow
greetin',55.95104781087014,-3.1962185553123197,1664819102,679,1952,70,Female,Y,271,"Abbeyhill, Edinburgh",Edinburgh,"Edinburgh Central","Lothian (Edinburgh)"
greetin',57.2186407703111,-2.576054395379271,1664819228,682,1958,64,Female,Y,64,Inverurie,Aberdeenshire,AB51,"North East (Aberdeen)"
greetin',60.788595267133275,-0.8523779223819532,1664819624,684,1981,41,Female,N,1596,Scousburgh,"Shetland Isles",ZE2,"Shetland Islands"
greetin',56.13279860123664,-3.275945050075568,1664819711,685,1993,29,Female,Y,1128,Lochgelly,Fife,KY5,Fife
greetin',56.482738489873384,-2.9249649000475872,1664819785,686,1963,59,Female,N,256,"Whitfield, Dundee",Dundee,"Dundee North","Tayside and Angus (Dundee)"
greetin',55.01417189137487,-3.377345470243662,1664820289,688,1969,53,Female,Y,186,"Dumfries (centre and east: Dalscone, Georgetown, Heathhall, Kingholm Quay, Noblehill, The Crichton)","Dumfries and Galloway",DG1,"Dumfries and Galloway"
greetin',59.05616645806077,-2.8798057122648153,1664820335,689,1963,59,Female,N,1025,"Orkney Islands",Orkney,KW17,"Orkney Islands"
greetin',55.80208860110072,-4.056060419363053,1664820422,690,1965,57,Male,Y,523,Bothwell,"South Lanarkshire",G71,Glasgow
greetin',55.936394829730354,-3.278771923083374,1664820488,692,1969,53,Female,Y,289,"Newhaven, Edinburgh",Edinburgh,"Edinburgh North","Lothian (Edinburgh)"
greetin',56.15166139860932,-4.059959293650954,1664820573,694,2000,22,Male,Y,479,"Stirling (north: Causewayhead, Cornton)",Stirlingshire,FK9,"Stirling and Falkirk"
greetin',56.156816082395686,-4.776238232122261,1664821000,698,1953,69,Female,Y,557,Alexandria,"West Dunbartonshire",G83,"Argyll and Bute"
greetin',56.00689399101032,-4.519153909670165,1664821133,698,1953,69,Female,Y,557,Alexandria,"West Dunbartonshire",G83,"Argyll and Bute"
greetin',55.86395935159017,-4.0320454324358845,1664821245,696,1987,35,Female,Y,1189,Coatbridge,"North Lanarkshire",ML5,Glasgow
greetin',57.65214439942421,-4.521504293654779,1664821441,704,1998,24,Male,Y,705,Dingwall,Highland,IV15,"Highlands (Inverness)"
greetin',56.446507132751265,-3.6081025969927882,1664821605,705,1947,75,Male,Y,1313,"Perth (north and west: Burghmuir, Cherrybank, Hillyland, Inveralmond, Lethom, Muirton, North Muirton, Tulloch)","Perth and Kinross",PH1,Fife
greetin',56.491758599339576,-2.8266859863095357,1664821841,709,1994,28,Female,Y,248,"Barnhill, Dundee",Dundee,"Dundee East","Tayside and Angus (Dundee)"
greetin',55.84940537537677,-4.336286478803705,1664821941,710,1999,23,Male,Y,672,"Govan, Glasgow",Glasgow,"Glasgow Southwest",Glasgow
greetin',56.31546645453062,-2.782943457698093,1664822303,711,1960,62,Female,Y,1113,Kingsbarns,Fife,KY16,Fife
greetin',55.936820254063804,-3.9438125041247507,1664822987,715,1963,59,Female,School,514,"Cumbernauld (south: Condorrat, Lenziemill, Carbrain, Kildrum, Cumbernauld Village, Abronhill, Seafar)","North Lanarkshire",G67,Glasgow
greetin',56.464352029811124,-3.0198099030360637,1664823047,712,1956,66,Female,Y,239,"Charleston, Dundee",Dundee,"Dundee Central","Tayside and Angus (Dundee)"
greetin',55.909992524001126,-4.8538919376405065,1664823254,718,1982,40,Female,Y,1231,"Greenock (west: Bow Farm, Braeside, Branchton, Fort Matilda, Gateside, Greenock West, Overton, Pennyfern, Smithston)",Inverclyde,PA16,Glasgow
greetin',55.00677957096509,-3.528465466478513,1664823373,683,1986,36,Male,Y,186,"Dumfries (centre and east: Dalscone, Georgetown, Heathhall, Kingholm Quay, Noblehill, The Crichton)","Dumfries and Galloway",DG1,"Dumfries and Galloway"
greetin',57.21382135708579,-2.366656230194276,1664823401,720,1960,62,Male,Y,66,Kintore,Aberdeenshire,AB51,"North East (Aberdeen)"
greetin',55.830310717443396,-4.516785587337195,1664824659,725,1989,33,Male,Y,1276,Johnstone,Renfrewshire,PA5,Glasgow
greetin',54.9770292981052,-3.79577489956687,1664825221,727,1986,36,Male,Y,215,Dalbeattie,"Dumfries and Galloway",DG5,"Dumfries and Galloway"
greetin',55.876861381224636,-4.145290124772458,1664825514,728,1964,58,Female,Y,634,"Maryhill, Glasgow",Glasgow,"Glasgow Northeast",Glasgow
greetin',56.08531228724616,-3.785029827049941,1664825632,729,1966,56,Male,Y,422,"Falkirk (north: Grahamston, Middlefield, Westfield)",Falkirk,FK2,"Stirling and Falkirk"
greetin',55.89304947474029,-4.328138431002918,1664826394,732,1958,64,Female,Y,585,"Kelvindale, Glasgow",Glasgow,"Glasgow Kelvin",Glasgow
greetin',55.98718715528091,-3.6507741441300277,1664826804,473,1992,30,Female,School,369,Linlithgow,"West Lothian",EH49,"Lothian (Edinburgh)"
greetin',55.68543908679032,-4.1622369674844535,1664827037,734,1984,38,Male,Y,534,"East Kilbride (south: Hairmyres, Westwood, The Murray, Murray East, Whitehills, Greenhill, Newlandsmuir, Gardenhall, Crosshouse, Newlands, Lindsayfield, Mossneuk)","South Lanarkshire",G75,Glasgow
greetin',60.14296068015405,-1.242314333316123,1664827108,735,1982,40,Female,Y,1500,Lerwick,"Shetland Isles",ZE1,"Shetland Islands"
greetin',55.96105616715266,-3.894805723476208,1664827129,736,2001,21,Female,Y,514,"Cumbernauld (south: Condorrat, Lenziemill, Carbrain, Kildrum, Cumbernauld Village, Abronhill, Seafar)","North Lanarkshire",G67,Glasgow
greetin',56.30261733527554,-3.1790475300817223,1664827637,739,1961,61,Female,Y,1105,Cupar,Fife,KY15,Fife
greetin',55.835503032351326,-3.8846433911299107,1664827663,738,1978,44,Female,Y,1151,Motherwell,"North Lanarkshire",ML1,Glasgow
greetin',55.75114667783773,-4.049982416532262,1664827753,737,1994,28,Male,Y,1183,Hamilton,"South Lanarkshire",ML3,Glasgow
greetin',55.9110322538241,-4.290394401417019,1664828197,740,1967,55,Male,N,481,"Lambhill, Glasgow",Glasgow,G23,Glasgow
greetin',58.79934595021361,-3.1094781982068005,1664828518,742,1977,45,Female,Y,982,Stromness,Orkney,KW16,"Orkney Islands"
greetin',55.90223453875021,-4.354720817131411,1664828963,744,1980,42,Male,Y,638,"Drumchapel, Glasgow",Glasgow,"Glasgow Northwest",Glasgow
greetin',55.76910857883411,-4.199570209402413,1664829128,745,1992,30,Female,Y,530,"East Kilbride (north: The Village, East Mains, West Mains, Lymekilns, St Leonards, Calderwood, Nerston, Stewartfield, Peel Park)","South Lanarkshire",G74,Glasgow
greetin',57.64162360522136,-4.470410102268658,1664829177,748,1982,40,Male,Y,705,Dingwall,Highland,IV15,"Highlands (Inverness)"
greetin',55.84962671243871,-4.055121304858404,1664829191,749,1975,47,Female,Y,1189,Coatbridge,"North Lanarkshire",ML5,Glasgow
greetin',57.437645422312926,-2.528597736476529,1664829316,747,1944,78,Female,Y,64,Inverurie,Aberdeenshire,AB51,"North East (Aberdeen)"
greetin',56.620583821141345,-2.5602082913017283,1664829323,750,1997,25,Female,Y,141,Arbroath,Angus,DD11,"Tayside and Angus (Dundee)"
greetin',56.65578568816274,-2.7473364663389064,1664829414,751,1998,24,Female,Y,179,Forfar,Angus,DD8,"Tayside and Angus (Dundee)"
greetin',55.91154542798626,-4.438619544461087,1664829650,752,1980,42,Male,Y,546,Clydebank,"West Dunbartonshire",G81,Glasgow
greetin',56.68768291273617,-3.1052048594569386,1664829772,753,1955,67,Male,N,181,Kirriemuir,Angus,DD8,"Tayside and Angus (Dundee)"
greetin',59.22771881050174,-2.5717363320858517,1664830254,755,1958,64,Female,Y,1025,"Orkney Islands",Orkney,KW17,"Orkney Islands"
greetin',55.89527233109507,-4.358547827930893,1664830412,756,1998,24,Male,Y,638,"Drumchapel, Glasgow",Glasgow,"Glasgow Northwest",Glasgow
greetin',55.934782367509214,-4.383272405181981,1664830630,759,1973,49,Male,Y,546,Clydebank,"West Dunbartonshire",G81,Glasgow
greetin',55.73625098634899,-3.941980841117976,1664830703,758,1962,60,Female,Y,1217,Larkhall,"North Lanarkshire",ML9,Glasgow
greetin',55.768256171259985,-4.307327892981953,1664830791,761,1985,37,Female,Y,539,"Newton Mearns","East Renfrewshire",G77,Glasgow
greetin',55.80379366902074,-4.485850705134107,1664830812,760,1989,33,Female,N,1236,"Paisley (south: Blackhall, Castlehead, Dykebar, Foxbar, Hunterhill, Meikleriggs)",Renfrewshire,PA2,Glasgow
greetin',57.51362964689869,-2.903009607852941,1664831410,762,1945,77,Male,Y,88,Keith, Moray,AB55,"North East (Aberdeen)"
greetin',57.23028110592192,-2.0648553429063017,1664831649,763,1986,36,Female,Y,117,Balmedie,Aberdeenshire,"Aberdeen North","North East (Aberdeen)"
greetin',55.94556888198579,-3.725560092238046,1664831737,764,1991,31,Female,Y,383,Slamannan, Falkirk,FK1,"Stirling and Falkirk"
greetin',56.074026633041996,-4.004562547750124,1664831854,765,1984,38,Female,Y,464,"Stirling (south and east: Braehead, Borestone, Broomridge, Torbrex)",Stirlingshire,FK7,"Stirling and Falkirk"
greetin',56.089330882800915,-4.800951707534824,1664831967,766,1964,58,Male,Y,566,Helensburgh,"Argyll and Bute",G84,"Argyll and Bute"
greetin',55.726915205467094,-4.1890680408622565,1664832592,768,1984,38,Female,Y,534,"East Kilbride (south: Hairmyres, Westwood, The Murray, Murray East, Whitehills, Greenhill, Newlandsmuir, Gardenhall, Crosshouse, Newlands, Lindsayfield, Mossneuk)","South Lanarkshire",G75,Glasgow
greetin',55.76402118496995,-4.2091185045984725,1664832634,769,1953,69,Male,N,530,"East Kilbride (north: The Village, East Mains, West Mains, Lymekilns, St Leonards, Calderwood, Nerston, Stewartfield, Peel Park)","South Lanarkshire",G74,Glasgow
greetin',56.69403216412528,-3.0675156884694372,1664832675,771,1981,41,Male,Y,179,Forfar,Angus,DD8,"Tayside and Angus (Dundee)"
greetin',57.34130530632716,-2.7798983901173697,1664833019,772,1973,49,Male,Y,86,Rhynie,Aberdeenshire,AB54,"North East (Aberdeen)"
greetin',57.07193509099499,-2.3413393213223412,1664833862,773,1960,62,Female,N,22,Banchory,Aberdeenshire,AB31,"North East (Aberdeen)"
greetin',55.82735305554706,-4.493216944442806,1664833887,778,1952,70,Female,Y,1276,Johnstone,Renfrewshire,PA5,Glasgow
greetin',55.86994974410253,-4.3342480901488365,1664834544,780,1987,35,Female,Y,641,"Knightswood, Glasgow",Glasgow,"Glasgow Northwest",Glasgow
greetin',55.78764284987571,-4.092467671429542,1664834814,781,1975,47,Female,Y,529,Cambuslang,"South Lanarkshire",G72,Glasgow
greetin',55.551394920621426,-4.459694575666521,1664835218,782,1988,34,Male,Y,779,"Kilmarnock (centre and south: Bonnyton, Grange, Bellfield, Shortlees, Caprington, Riccarton, Hurlford)","East Ayrshire",KA1,Ayrshire
greetin',60.14509895073675,-1.2855645091777055,1664836938,783,1952,70,Female,Y,1500,Lerwick,"Shetland Isles",ZE1,"Shetland Islands"
greetin',55.69003893688279,-4.789759376979015,1664837219,784,1959,63,Female,Y,813,Ardrossan,"North Ayrshire",KA22,Ayrshire
greetin',55.8134856823354,-4.3678903792764885,1664839609,789,1971,51,Male,Y,672,"Govan, Glasgow",Glasgow,"Glasgow Southwest",Glasgow
greetin',55.76168832559102,-4.706893751086761,1664839901,790,2004,18,Male,Y,817,Kilbirnie,"North Ayrshire",KA25,Ayrshire
greetin',55.81384032900489,-4.360816398855753,1664840108,791,1979,43,Female,Y,664,"Toryglen, Glasgow",Glasgow,"Glasgow Southwest",Glasgow
greetin',55.97277263664261,-3.7975636915643287,1664840874,792,2004,18,Female,Y,377,"Falkirk (centre and south: Arnothill, Bantaskin, Callendar Park, Glen Village, Hallglen, Lionthorn, Tamfourhill, Woodlands)",Falkirk,FK1,"Stirling and Falkirk"
greetin',55.85101656701958,-3.089873205042835,1664840994,793,1965,57,Male,Y,328,Bonnyrigg,Midlothian,EH19,"Lothian (Edinburgh)"
greetin',55.85567584423454,-4.377237384138536,1664842095,794,1947,75,Male,N,676,"Mosspark, Glasgow",Glasgow,"Glasgow Southwest",Glasgow
greetin',56.10068875781764,-3.6865641728033993,1664844736,796,1957,65,Female,N,391,Alloa,Clackmannanshire,FK10,"Stirling and Falkirk"
greetin',55.85023876599289,-3.1797483999089518,1664847558,797,1980,42,Male,Y,341,Bilston,Midlothian,EH25,"Lothian (Edinburgh)"
greetin',56.888508707880796,-3.2013894382881247,1664851059,799,1953,69,Female,Y,181,Kirriemuir,Angus,DD8,"Tayside and Angus (Dundee)"
greetin',56.67419081480886,-2.854334736111698,1664851651,799,1953,69,Female,Y,181,Kirriemuir,Angus,DD8,"Tayside and Angus (Dundee)"
greetin',56.69032039281166,-2.9657657920483014,1664862899,802,1972,50,Female,Y,179,Forfar,Angus,DD8,"Tayside and Angus (Dundee)"
greetin',60.580601988286624,-1.0857812532666202,1664862936,801,1992,30,Female,Y,1595,Sandwick,"Shetland Isles",ZE2,"Shetland Islands"
greetin',55.911892338169736,-4.248746958414265,1664864686,804,1978,44,Male,Y,502,Bishopbriggs,"East Dunbartonshire",G64,Glasgow
greetin',56.481310111036464,-2.9790602392548275,1664864988,806,1956,66,Female,Y,234,"Baxter Park, Dundee",Dundee,"Dundee Bluebelt","Tayside and Angus (Dundee)"
greetin',56.46433905297181,-3.0511664196966257,1664866432,809,1971,51,Female,Y,237,"Blackness, Dundee",Dundee,"Dundee Central","Tayside and Angus (Dundee)"
greetin',57.59594509902052,-4.115666304562882,1664866451,808,1983,39,Female,Y,700,Fortrose,Highland,IV10,"Highlands (Inverness)"
greetin',57.69457742864459,-3.2614467344325555,1664866695,811,1961,61,Female,Y,738,Lossiemouth,Moray,IV31,"North East (Aberdeen)"
greetin',55.91587775525726,-4.5267758252339325,1664866857,812,1970,52,Female,Y,1292,Bishopton,Renfrewshire,PA7,Glasgow
greetin',55.823805565108586,-4.290662653522693,1664867342,813,1957,65,Male,N,656,"Croftfoot, Glasgow",Glasgow,"Glasgow South",Glasgow
greetin',55.92318162793912,-3.2939073753881036,1664867471,815,1958,64,Male,N,272,"New Town, Edinburgh",Edinburgh,"Edinburgh Central","Lothian (Edinburgh)"
greetin',55.88632284857276,-4.37831673760179,1664867508,814,1956,66,Male,Y,641,"Knightswood, Glasgow",Glasgow,"Glasgow Northwest",Glasgow
greetin',55.922596523646384,-4.281861024825461,1664867923,817,1962,60,Male,N,481,"Lambhill, Glasgow",Glasgow,G23,Glasgow
greetin',57.64307567778016,-1.9116015800546164,1664868232,818,1952,70,Female,N,57,Fraserburgh,Aberdeenshire,AB43,"North East (Aberdeen)"
greetin',57.62680796225946,-2.227364438978244,1664868379,818,1952,70,Female,N,57,Fraserburgh,Aberdeenshire,AB43,"North East (Aberdeen)"
greetin',59.29343745514785,-2.424321223181157,1664869225,824,1987,35,Male,Y,1025,"Orkney Islands",Orkney,KW17,"Orkney Islands"
greetin',57.17187080559901,-2.1681622503195563,1664869824,827,1947,75,Female,Y,107,"Rosemount, Aberdeen",Aberdeen,"Aberdeen Central","North East (Aberdeen)"
greetin',55.95267554431526,-3.9420369707858183,1664870109,822,1992,30,Male,Y,514,"Cumbernauld (south: Condorrat, Lenziemill, Carbrain, Kildrum, Cumbernauld Village, Abronhill, Seafar)","North Lanarkshire",G67,Glasgow
greetin',56.041136473314616,-4.839446658985431,1664870439,829,1972,50,Male,N,566,Helensburgh,"Argyll and Bute",G84,"Argyll and Bute"
greetin',57.43738179086176,-2.367318047032083,1664870470,835,1987,35,Male,Y,78,Turriff,Aberdeenshire,AB53,"North East (Aberdeen)"
greetin',55.8801336715972,-3.9665123238117825,1664870492,833,1966,56,Male,Y,1192,Airdrie,"North Lanarkshire",ML6,Glasgow
greetin',56.4705429133904,-2.9569900353938396,1664870512,834,1974,48,Male,N,232,"Craigiebank, Dundee",Dundee,"Dundee Bluebelt","Tayside and Angus (Dundee)"
greetin',55.90530650930667,-4.356779920755213,1664870569,838,1960,62,Male,Y,641,"Knightswood, Glasgow",Glasgow,"Glasgow Northwest",Glasgow
greetin',57.12052650525393,-2.500082865335393,1664870627,840,1964,58,Male,Y,25,Torphins,Aberdeenshire,AB31,"North East (Aberdeen)"
greetin',56.49505226909003,-3.029227872571281,1664870639,843,1979,43,Female,N,244,"Stobswell, Dundee",Dundee,"Dundee Central","Tayside and Angus (Dundee)"
greetin',57.48808232961365,-3.2956826847243073,1664870668,837,1968,54,Female,Y,44,Aberlour,Moray,AB38,"North East (Aberdeen)"
greetin',54.70815168955669,-4.921515034379773,1664870703,846,1984,38,Male,Y,231,Stranraer,"Dumfries and Galloway",DG9,"Dumfries and Galloway"
greetin',55.85446295208854,-4.131300219181725,1664870738,854,1979,43,Male,Y,598,Rutherglen,"South Lanarkshire","Glasgow Northeast",Glasgow
greetin',57.59227686232636,-2.488478047855924,1664870746,848,1964,58,Male,Y,78,Turriff,Aberdeenshire,AB53,"North East (Aberdeen)"
greetin',54.79000518532395,-3.936324982288305,1664870758,850,1967,55,Female,N,218,Kirkcudbright,"Dumfries and Galloway",DG6,"Dumfries and Galloway"
greetin',55.798728113230254,-4.318813388921321,1664870765,847,1977,45,Female,Y,648,"Shawlands, Glasgow",Glasgow,"Glasgow South",Glasgow
greetin',57.51242318474141,-4.251631289013652,1664870767,853,1984,38,Male,Y,699,"Inverness (centre, north: Longman)",Highland,IV1,"Highlands (Inverness)"
greetin',56.487965936341745,-2.9401008922737404,1664870788,842,1968,54,Female,N,250,"Downfield, Dundee",Dundee,"Dundee North","Tayside and Angus (Dundee)"
greetin',56.009938511970795,-3.759067734902353,1664870811,844,1971,51,Male,N,439,Grangemouth,Falkirk,FK3,"Stirling and Falkirk"
greetin',56.98132018008005,-3.0185727077061286,1664870828,851,1975,47,Female,Y,33,Aboyne,Aberdeenshire,AB34,"North East (Aberdeen)"
greetin',55.872035512719734,-2.976877500063491,1664870836,852,1971,51,Female,Y,353,Pathhead,Midlothian,EH37,"Lothian (Edinburgh)"
greetin',57.60242402520321,-2.073108934902854,1664870846,856,1997,25,Male,Y,57,Fraserburgh,Aberdeenshire,AB43,"North East (Aberdeen)"
greetin',57.146357288523944,-2.11142612269871,1664870955,821,1947,75,Female,Y,126,"Bridge of Dee, Aberdeen",Aberdeen,"Aberdeen Southeast","North East (Aberdeen)"
greetin',56.07594976683694,-3.4197613841086016,1664871029,859,1939,83,Male,Y,1090,"Dunfermline (south and east: Halbeath, Touch, Duloch, Masterton, Pitcorthie, Abbeyview, Brucefield, Hospital Hill, Camdean, Pitreavie)",Fife,KY11,Fife
greetin',55.88614833453933,-3.7149827313325945,1664871045,858,1984,38,Female,Y,368,Bathgate,"West Lothian",EH48,"Lothian (Edinburgh)"
greetin',55.92666702665505,-4.431019722542754,1664871089,855,1954,68,Male,Y,546,Clydebank,"West Dunbartonshire",G81,Glasgow
greetin',56.47715702993559,-3.0465405095831204,1664871090,864,1977,45,Male,Y,238,"Menzieshill, Dundee",Dundee,"Dundee Central","Tayside and Angus (Dundee)"
greetin',56.490052729273444,-2.9625413530449802,1664871168,866,1956,66,Male,Y,255,"Fintry, Dundee",Dundee,"Dundee North","Tayside and Angus (Dundee)"
greetin',55.91679585865282,-4.017331912498461,1664871185,870,1993,29,Male,Y,514,"Cumbernauld (south: Condorrat, Lenziemill, Carbrain, Kildrum, Cumbernauld Village, Abronhill, Seafar)","North Lanarkshire",G67,Glasgow
greetin',56.469757821259364,-2.937240806250525,1664871210,863,1972,50,Male,N,251,"Kirkton, Dundee",Dundee,"Dundee North","Tayside and Angus (Dundee)"
greetin',56.292187236874646,-3.046511953716607,1664871227,868,1992,30,Female,Y,1105,Cupar,Fife,KY15,Fife
greetin',56.45706627358456,-3.0466591620055365,1664871269,871,1994,28,Male,Y,261,"Westend, Dundee",Dundee,"Dundee West","Tayside and Angus (Dundee)"
greetin',55.9294528558029,-4.200225223174185,1664871420,862,1964,58,Female,Y,502,Bishopbriggs,"East Dunbartonshire",G64,Glasgow
greetin',55.93866619419456,-3.2450144213825847,1664871486,875,1966,56,Male,Y,267,"Sighthill, Edinburgh",Edinburgh,"Edinburgh Central","Lothian (Edinburgh)"
greetin',55.73473851214524,-3.781420217428193,1664871551,876,1997,25,Male,Y,1212,Carluke,"South Lanarkshire",ML8,Glasgow
greetin',55.68262587344296,-4.520015872761255,1664871596,880,1989,33,Male,Y,834,Dunlop,"East Ayrshire",KA3,Ayrshire
greetin',55.65398500542543,-4.559679962975425,1664871623,881,1999,23,Male,Y,837,"Kilmarnock (north: Onthank, Townholm, Altonhill, Longpark, Beansburn, New Farm Loch, Knockinlaw, Hillhead, Crookedholm)","East Ayrshire",KA3,Ayrshire
greetin',56.21330717420718,-3.172132763129214,1664871700,867,1953,69,Male,N,1134,Markinch,Fife,KY7,Fife
greetin',56.186709336882515,-3.6838158688342206,1664871715,885,1996,26,Male,Y,401,Powmill,"Perth and Kinross",FK14,"Stirling and Falkirk"
greetin',57.259993811596686,-2.1005837112993655,1664871723,878,1975,47,Other,Y,113,"Bridge of Don, Aberdeen",Aberdeen,"Aberdeen North","North East (Aberdeen)"
greetin',55.68773181825484,-4.5209263719332,1664871790,882,1959,63,Female,Y,837,"Kilmarnock (north: Onthank, Townholm, Altonhill, Longpark, Beansburn, New Farm Loch, Knockinlaw, Hillhead, Crookedholm)","East Ayrshire",KA3,Ayrshire
greetin',56.47169057182753,-2.9714720081799952,1664871796,887,1989,33,Male,N,243,"Hilltown, Dundee",Dundee,"Dundee Central","Tayside and Angus (Dundee)"
greetin',55.926140375970725,-4.251018099423212,1664871800,883,1969,53,Male,Y,502,Bishopbriggs,"East Dunbartonshire",G64,Glasgow
greetin',56.480250305322095,-2.999044918045459,1664871858,884,1971,51,Male,Y,244,"Stobswell, Dundee",Dundee,"Dundee Central","Tayside and Angus (Dundee)"
greetin',56.76959823523839,-3.0535483778603183,1664871918,886,1974,48,Male,Y,181,Kirriemuir,Angus,DD8,"Tayside and Angus (Dundee)"
greetin',55.84711709658933,-4.713943616607244,1664871940,892,1987,35,Male,Y,1226,Lochwinnoch,Renfrewshire,PA12,Glasgow
greetin',55.96876763064969,-4.341348490897956,1664871993,893,1979,43,Other,Y,489,Milngavie,"East Dunbartonshire",G62,Glasgow
greetin',55.86009668006996,-4.361444564491984,1664872069,894,1975,47,Female,N,678,"Cardonald, Glasgow",Glasgow,"Glasgow Southwest",Glasgow
greetin',55.95573661762644,-3.1153256732244397,1664872095,895,1985,37,Male,Y,281,"Portobello, Edinburgh",Edinburgh,"Edinburgh Duddingston","Lothian (Edinburgh)"
greetin',55.87889944354449,-4.431876078792994,1664872123,890,1961,61,Male,N,1264,Renfrew,Renfrewshire,PA4,Glasgow
greetin',55.923533280073315,-3.7972251166548574,1664872143,896,1995,27,Female,Y,377,"Falkirk (centre and south: Arnothill, Bantaskin, Callendar Park, Glen Village, Hallglen, Lionthorn, Tamfourhill, Woodlands)",Falkirk,FK1,"Stirling and Falkirk"
greetin',55.893248768093876,-4.390444898238151,1664872189,898,1991,31,Female,Y,546,Clydebank,"West Dunbartonshire",G81,Glasgow
greetin',55.898944007633006,-4.462210341102651,1664872196,899,1971,51,Male,Y,1306,Erskine,Renfrewshire,PA8,Glasgow
greetin',56.462866282279094,-2.9650509480003175,1664872269,901,1958,64,Male,Y,250,"Downfield, Dundee",Dundee,"Dundee North","Tayside and Angus (Dundee)"
greetin',55.798428240590276,-4.10306089335023,1664872279,902,1995,27,Male,Y,529,Cambuslang,"South Lanarkshire",G72,Glasgow
greetin',55.87593947629746,-2.1006700718840725,1664872410,900,1969,53,Female,Y,1428,Ayton,"Scottish Borders",TD14,Borders
greetin',56.16394358802335,-3.7858854280190246,1664872421,904,2003,19,Male,N,393,Alva,Clackmannanshire,FK12,"Stirling and Falkirk"
greetin',55.946815724958775,-4.753533408047262,1664872500,907,1951,71,Female,N,1230,"Greenock (central and east: Bogston, Bridgend, Cartsdyke, Gibshill, Greenock Central, Ladyburn, Upper Ingleston)",Inverclyde,PA15,Glasgow
greetin',55.81109305643537,-4.3202193905430795,1664872529,908,1949,73,Male,Y,663,"Mount Florida, Glasgow",Glasgow,"Glasgow Southwest",Glasgow
greetin',57.68304450599989,-3.1967665765692703,1664872584,905,1942,80,Male,Y,737,Elgin,Moray,IV30,"North East (Aberdeen)"
greetin',55.68512710599157,-4.324783775570808,1664872659,912,1984,38,Male,Y,837,"Kilmarnock (north: Onthank, Townholm, Altonhill, Longpark, Beansburn, New Farm Loch, Knockinlaw, Hillhead, Crookedholm)","East Ayrshire",KA3,Ayrshire
greetin',56.10728512248673,-3.190451491005526,1664872729,910,1959,63,Male,Y,1117,"Kirkcaldy (west: Hayfield, Templehall, Newliston, Chapel, Dunnikier, Bennochy)",Fife,KY2,Fife
greetin',55.805040113518004,-4.2762309753097565,1664872771,914,1966,56,Other,Y,647,"Pollokshields, Glasgow",Glasgow,"Glasgow South",Glasgow
greetin',55.88944146979945,-4.270128945948781,1664872794,915,1977,45,Female,Y,615,"Bridgeton, Glasgow",Glasgow,"Glasgow Northeast",Glasgow
greetin',55.96765503234632,-3.2309540430354016,1664872799,913,1948,74,Male,N,278,"Granton, Edinburgh",Edinburgh,"Edinburgh Clermiston Granton","Lothian (Edinburgh)"
greetin',55.828226562856194,-4.414030718451486,1664872800,918,1980,42,Male,N,1236,"Paisley (south: Blackhall, Castlehead, Dykebar, Foxbar, Hunterhill, Meikleriggs)",Renfrewshire,PA2,Glasgow
greetin',56.007907618759624,-2.71656873890868,1664872855,917,1958,64,Male,Y,355,"North Berwick","East Lothian",EH39,"Lothian (Edinburgh)"
greetin',56.415457360004325,-3.004220930944269,1664872906,916,1991,31,Other,Y,175,Newport-on-Tay,Fife,DD6,"Tayside and Angus (Dundee)"
greetin',55.303804157879405,-3.6929293626555304,1664872961,921,1965,57,Male,Y,209,Moniaive,"Dumfries and Galloway",DG3,"Dumfries and Galloway"
greetin',56.125776233899344,-3.9939314823665826,1664873080,922,1958,64,Male,Y,477,"Bridge of Allan",Stirlingshire,FK9,"Stirling and Falkirk"
greetin',56.39626309064962,-3.888965442719416,1664873105,44,1958,64,Male,N,1402,Crieff,"Perth and Kinross",PH7,Fife
greetin',57.38717839024478,-2.2690002825728883,1664873125,926,1976,46,Male,N,64,Inverurie,Aberdeenshire,AB51,"North East (Aberdeen)"
greetin',57.670364516540886,-2.4963382795153297,1664873156,927,1968,54,Female,N,58,Macduff,Aberdeenshire,AB44,"North East (Aberdeen)"
greetin',56.4945760557361,-2.81897364957032,1664873170,925,1990,32,Male,Y,247,"Broughty Ferry, Dundee",Dundee,"Dundee East","Tayside and Angus (Dundee)"
greetin',55.89295679011564,-3.6779723208936144,1664873251,928,1979,43,Male,Y,367,Armadale,"West Lothian",EH48,"Lothian (Edinburgh)"
greetin',55.28552571321868,-3.2615373918893864,1664873494,931,1946,76,Female,Y,196,Lockerbie,"Dumfries and Galloway",DG11,"Dumfries and Galloway"
greetin',55.87687059210883,-4.388532920343552,1664873549,929,1989,33,Female,Y,1264,Renfrew,Renfrewshire,PA4,Glasgow
greetin',56.10227633897542,-3.6798008572338192,1664873552,930,1956,66,Female,N,391,Alloa,Clackmannanshire,FK10,"Stirling and Falkirk"
greetin',55.59279153461168,-4.162344371486633,1664873601,935,1973,49,Female,Y,1160,Strathaven,"North Lanarkshire",ML10,Glasgow
greetin',56.48630053261747,-3.0424583315564266,1664873608,934,1957,65,Female,N,243,"Hilltown, Dundee",Dundee,"Dundee Central","Tayside and Angus (Dundee)"
greetin',57.52081226375065,-2.1155079545926605,1664873620,932,1991,31,Female,Y,54,Peterhead,Aberdeenshire,AB42,"North East (Aberdeen)"
greetin',55.95602255887571,-3.155919546493846,1664873683,933,1997,25,Male,Y,285,"Leith, Edinburgh",Edinburgh,"Edinburgh Leith","Lothian (Edinburgh)"
greetin',55.44485295331197,-3.41327247049108,1664873700,937,2000,22,Other,Y,1170,Biggar,"South Lanarkshire",ML12,Glasgow
greetin',57.478915491429994,-4.278713449344846,1664873745,939,1982,40,Male,Y,736,"Inverness (west: Ballifeary, Balnafettack, Clachnaharry, Dalneigh, Kinmylies, Leachkin, Merkinch, Muirtown, South Kessock)",Highland,IV3,"Highlands (Inverness)"
greetin',55.686218420308705,-4.73219134215331,1664873843,938,1993,29,Male,Y,788,Kilwinning,"North Ayrshire",KA13,Ayrshire
greetin',56.48053897132652,-3.032411317025664,1664874110,943,1971,51,Male,Y,244,"Stobswell, Dundee",Dundee,"Dundee Central","Tayside and Angus (Dundee)"
greetin',56.4760520482169,-2.998413500117782,1664874124,945,1987,35,Male,N,243,"Hilltown, Dundee",Dundee,"Dundee Central","Tayside and Angus (Dundee)"
greetin',57.64549970985682,-3.664549037919572,1664874143,949,1992,30,Female,Y,740,Forres,Moray,IV36,"North East (Aberdeen)"
greetin',57.67405568612703,-2.12691181642559,1664874144,946,1960,62,Female,N,57,Fraserburgh,Aberdeenshire,AB43,"North East (Aberdeen)"
greetin',57.16682605526988,-2.169523628338859,1664874162,948,1996,26,Male,Y,101,"Sheddocksley, Aberdeen",Aberdeen,"Aberdeen Central","North East (Aberdeen)"
greetin',55.90787445163131,-3.9642972843412614,1664874167,950,1992,30,Female,Y,1192,Airdrie,"North Lanarkshire",ML6,Glasgow
greetin',56.47394161010185,-3.0485800340267946,1664874244,952,1948,74,Male,Y,244,"Stobswell, Dundee",Dundee,"Dundee Central","Tayside and Angus (Dundee)"
greetin',56.4710441924386,-2.9265258165921852,1664874333,947,1980,42,Male,N,255,"Fintry, Dundee",Dundee,"Dundee North","Tayside and Angus (Dundee)"
greetin',55.84255140716841,-4.4125265481949665,1664874371,956,1994,28,Male,Y,1220,"Paisley (central, east and north east: Ferguslie, Oldhall, Seedhill, Williamsburgh, Whitehaugh)",Renfrewshire,PA1,Glasgow
greetin',55.994768173499615,-4.161384950405527,1664874406,957,1971,51,Female,N,507,Kirkintilloch,"East Dunbartonshire",G66,Glasgow
greetin',55.67136425186954,-2.2764661648022426,1664874488,960,1972,50,Female,N,1424,Coldstream,"Scottish Borders",TD12,Borders
greetin',55.94735805378573,-4.763538855899457,1664874499,961,1966,56,Male,Y,1230,"Greenock (central and east: Bogston, Bridgend, Cartsdyke, Gibshill, Greenock Central, Ladyburn, Upper Ingleston)",Inverclyde,PA15,Glasgow
greetin',55.96740040472396,-4.42981240784743,1664874512,958,1953,69,Male,N,543,Duntocher,"West Dunbartonshire",G81,Glasgow
greetin',55.57426778120392,-4.5559925349705495,1664874566,964,1995,27,Male,N,808,Crosshouse,"East Ayrshire",KA2,Ayrshire
greetin',56.48896972799331,-2.784167602578695,1664874622,968,1959,63,Male,Y,178,Carnoustie,Angus,DD7,"Tayside and Angus (Dundee)"
greetin',55.98428064432989,-4.399898540266656,1664874628,962,1966,56,Male,Y,494,Blanefield,Stirlingshire,G63,"Stirling and Falkirk"
greetin',57.58275930364272,-3.4287533047463468,1664874630,965,1976,46,Male,N,737,Elgin,Moray,IV30,"North East (Aberdeen)"
greetin',55.5698846370772,-4.491213610113667,1664874690,969,1960,62,Male,N,779,"Kilmarnock (centre and south: Bonnyton, Grange, Bellfield, Shortlees, Caprington, Riccarton, Hurlford)","East Ayrshire",KA1,Ayrshire
greetin',56.76044289259694,-2.725937723599963,1664874718,967,1984,38,Male,N,182,Brechin,Angus,DD9,"Tayside and Angus (Dundee)"
greetin',56.45819821718547,-2.9676278701519516,1664874734,972,1959,63,Male,Y,252,"Linlathen and Midcraigie, Dundee",Dundee,"Dundee North","Tayside and Angus (Dundee)"
greetin',57.207039171924514,-2.147545112803598,1664874750,973,1989,33,Female,Y,113,"Bridge of Don, Aberdeen",Aberdeen,"Aberdeen North","North East (Aberdeen)"
greetin',56.951318068908414,-2.3668525441057238,1664874826,977,1991,31,Female,Y,48,Stonehaven,Aberdeenshire,AB39,"North East (Aberdeen)"
greetin',55.77267381995466,-4.10535414252514,1664874846,975,1985,37,Male,Y,528,Blantyre,"South Lanarkshire",G72,Glasgow
greetin',55.72481141281034,-4.0498311164873355,1664874906,979,1961,61,Female,Y,1183,Hamilton,"South Lanarkshire",ML3,Glasgow
greetin',57.137748643977005,-2.0787144044444337,1664874908,981,1961,61,Female,Y,127,"Torry, Aberdeen",Aberdeen,"Aberdeen Southeast","North East (Aberdeen)"
greetin',55.988235817080735,-3.877181931702901,1664874942,974,2001,21,Female,N,441,Bonnybridge,Falkirk,FK4,"Stirling and Falkirk"
greetin',55.95350397509993,-3.894280681288388,1664874955,984,1980,42,Male,Y,514,"Cumbernauld (south: Condorrat, Lenziemill, Carbrain, Kildrum, Cumbernauld Village, Abronhill, Seafar)","North Lanarkshire",G67,Glasgow
greetin',56.45982931720705,-2.9655267452713994,1664874979,978,1956,66,Female,N,255,"Fintry, Dundee",Dundee,"Dundee North","Tayside and Angus (Dundee)"
greetin',55.94742679272975,-3.174533802043782,1664874995,983,1969,53,Female,N,283,"Craigentinny, Edinburgh",Edinburgh,"Edinburgh Duddingston","Lothian (Edinburgh)"
greetin',57.40297194952593,-1.886036394120805,1664875044,986,1963,59,Male,Y,54,Peterhead,Aberdeenshire,AB42,"North East (Aberdeen)"
greetin',55.89402056023918,-3.356757736887921,1664875080,985,1972,50,Male,Y,311,"Currie, Edinburgh",Edinburgh,"Edinburgh South","Lothian (Edinburgh)"
greetin',55.64247751810519,-4.008503487917074,1664875149,990,1952,70,Male,Y,1160,Strathaven,"North Lanarkshire",ML10,Glasgow
greetin',55.87228935491396,-4.327278099930562,1664875189,991,1944,78,Male,N,638,"Drumchapel, Glasgow",Glasgow,"Glasgow Northwest",Glasgow
greetin',55.048865100602164,-4.268064073449794,1664875211,994,1979,43,Male,N,220,"Castle Douglas","Dumfries and Galloway",DG7,"Dumfries and Galloway"
greetin',57.40926713698374,-1.941678641841385,1664875222,995,1989,33,Male,N,54,Peterhead,Aberdeenshire,AB42,"North East (Aberdeen)"
greetin',56.42612273568128,-2.9658830828624922,1664875259,993,1952,70,Male,N,174,Gauldry,Fife,DD6,"Tayside and Angus (Dundee)"
greetin',55.833973452724024,-4.449911625765315,1664875357,992,1967,55,Male,N,1236,"Paisley (south: Blackhall, Castlehead, Dykebar, Foxbar, Hunterhill, Meikleriggs)",Renfrewshire,PA2,Glasgow
greetin',55.96682174999137,-4.318619058607725,1664875387,999,1983,39,Female,Y,489,Milngavie,"East Dunbartonshire",G62,Glasgow
greetin',55.92609619221796,-4.598832969586429,1664875422,998,1986,36,Male,N,1229,"Port Glasgow",Inverclyde,PA14,Glasgow
greetin',56.45434852009518,-3.005738026439045,1664875435,997,1980,42,Male,Y,260,"City centre, Dundee",Dundee,"Dundee West","Tayside and Angus (Dundee)"
greetin',56.48925567800848,-3.0455980973761236,1664875459,1000,1969,53,Male,N,242,"St Marys, Dundee",Dundee,"Dundee Central","Tayside and Angus (Dundee)"
greetin',59.895313201761404,-1.287770398298995,1664875505,1003,1991,31,Male,Y,1636,Sumburgh,"Shetland Isles",ZE3,"Shetland Islands"
greetin',56.09634000084122,-3.282065182847008,1664875530,1004,1970,52,Female,N,1117,"Kirkcaldy (west: Hayfield, Templehall, Newliston, Chapel, Dunnikier, Bennochy)",Fife,KY2,Fife
greetin',57.24111468712588,-2.1918539907876973,1664875559,1001,1954,68,Female,N,109,"Hazelhead, Aberdeen",Aberdeen,"Aberdeen North","North East (Aberdeen)"
greetin',56.07980953359025,-3.975385316391736,1664875605,1008,1991,31,Female,Y,457,Bannockburn,Stirlingshire,FK7,"Stirling and Falkirk"
greetin',55.869465913580655,-4.326847067375199,1664875633,996,1956,66,Male,Y,642,"Yoker, Glasgow",Glasgow,"Glasgow Northwest",Glasgow
greetin',56.197953033734514,-3.299239437910552,1664875686,1011,1979,43,Male,Y,1129,"Glenrothes (west: Caskieberran, Rimbleton, Macedonia, Tanshall)",Fife,KY6,Fife
greetin',55.94337837027991,-4.461144721294756,1664875691,1012,1964,58,Male,N,546,Clydebank,"West Dunbartonshire",G81,Glasgow
greetin',57.120796963832234,-2.337302015395093,1664875755,1017,1996,26,Male,Y,128,"Mannofield, Aberdeen",Aberdeen,"Aberdeen Southwest","North East (Aberdeen)"
greetin',55.95490642411038,-3.6432392686709587,1664875766,1016,1991,31,Other,Y,369,Linlithgow,"West Lothian",EH49,"Lothian (Edinburgh)"
greetin',56.46555473766938,-3.0370637769075053,1664875785,1022,1973,49,Male,N,244,"Stobswell, Dundee",Dundee,"Dundee Central","Tayside and Angus (Dundee)"
greetin',57.56694516835708,-1.8823511956363246,1664875795,1015,1981,41,Male,Y,54,Peterhead,Aberdeenshire,AB42,"North East (Aberdeen)"
greetin',55.021472256389195,-4.220645763545511,1664875800,1019,1965,57,Female,Y,220,"Castle Douglas","Dumfries and Galloway",DG7,"Dumfries and Galloway"
greetin',56.02817621930501,-3.9620877220091164,1664875813,1024,1977,45,Male,Y,452,Denny,Falkirk,FK6,"Stirling and Falkirk"
greetin',55.84854410687374,-4.265324402235252,1664875834,1007,1961,61,Male,Y,678,"Cardonald, Glasgow",Glasgow,"Glasgow Southwest",Glasgow
greetin',55.97943725503214,-3.2190018189243244,1664875854,1020,1958,64,Female,Y,279,"Clermiston and Drumbrae, Edinburgh",Edinburgh,"Edinburgh Clermiston Granton","Lothian (Edinburgh)"
greetin',55.94196287378636,-3.9610073996974764,1664875893,1028,1992,30,Male,Y,514,"Cumbernauld (south: Condorrat, Lenziemill, Carbrain, Kildrum, Cumbernauld Village, Abronhill, Seafar)","North Lanarkshire",G67,Glasgow
greetin',55.430525479744816,-2.6707605924327185,1664875895,1018,1968,54,Male,N,1493,Hawick,"Scottish Borders",TD9,Borders
greetin',57.61271187234777,-1.9192588065959337,1664875896,1021,1968,54,Female,Y,57,Fraserburgh,Aberdeenshire,AB43,"North East (Aberdeen)"
greetin',55.697500211394164,-4.492069671004447,1664875900,1026,1969,53,Female,Y,837,"Kilmarnock (north: Onthank, Townholm, Altonhill, Longpark, Beansburn, New Farm Loch, Knockinlaw, Hillhead, Crookedholm)","East Ayrshire",KA3,Ayrshire
greetin',55.86779298742243,-3.317412057009561,1664875935,1013,2008,14,Male,School,316,"Bruntsfield, Edinburgh",Edinburgh,"Edinburgh South","Lothian (Edinburgh)"
greetin',57.61151574489859,-2.6478214661177883,1664875960,1029,1971,51,Male,Y,62,Portsoy,Aberdeenshire,AB45,"North East (Aberdeen)"
greetin',55.96829918406703,-4.3296236126070635,1664875983,1027,1994,28,Male,N,489,Milngavie,"East Dunbartonshire",G62,Glasgow
greetin',55.844997497593326,-4.059737422932859,1664876006,1036,1964,58,Male,N,1190,Glenboig,"North Lanarkshire",ML5,Glasgow
greetin',55.82755534811002,-4.255369204336616,1664876014,1039,1992,30,Male,Y,645,Clarkston,"East Renfrewshire","Glasgow South",Glasgow
greetin',55.82582880386181,-4.168510732201849,1664876023,1040,1961,61,Female,Y,628,"Balornock, Glasgow",Glasgow,"Glasgow Northeast",Glasgow
greetin',56.00306079501861,-4.083788538534072,1664876028,1025,1994,28,Male,Y,506,Kilsyth,"North Lanarkshire",G65,Glasgow
greetin',55.848827153933726,-3.3294092643948043,1664876057,1042,1950,72,Male,N,308,"Liberton, Edinburgh",Edinburgh,"Edinburgh South","Lothian (Edinburgh)"
greetin',55.874069386474986,-3.3212950916733512,1664876066,1044,1990,32,Male,Y,309,"Cameron Toll, Edinburgh",Edinburgh,"Edinburgh South","Lothian (Edinburgh)"
greetin',55.60680924448695,-3.1791618046493784,1664876069,1048,1960,62,Male,N,362,Peebles,"Scottish Borders",EH45,Borders
greetin',56.123730290918786,-3.877713161623765,1664876086,1038,1968,54,Male,Y,391,Alloa,Clackmannanshire,FK10,"Stirling and Falkirk"
greetin',56.00536161265105,-3.6970226914900213,1664876095,1031,1962,60,Female,Y,439,Grangemouth,Falkirk,FK3,"Stirling and Falkirk"
greetin',55.981976262607866,-3.8281913702686365,1664876100,1032,2001,21,Male,N,377,"Falkirk (centre and south: Arnothill, Bantaskin, Callendar Park, Glen Village, Hallglen, Lionthorn, Tamfourhill, Woodlands)",Falkirk,FK1,"Stirling and Falkirk"
greetin',56.074160448674306,-4.843584300556173,1664876101,1045,1976,46,Male,Y,567,Kilcreggan,"Argyll and Bute",G84,"Argyll and Bute"
greetin',55.89298620460894,-3.863708774709441,1664876102,1034,1962,60,Male,N,1192,Airdrie,"North Lanarkshire",ML6,Glasgow
greetin',55.87042399364886,-4.180805211927784,1664876117,1030,1960,62,Male,Y,634,"Maryhill, Glasgow",Glasgow,"Glasgow Northeast",Glasgow
greetin',55.939091575905586,-3.0944529321827785,1664876133,1043,1957,65,Female,Y,281,"Portobello, Edinburgh",Edinburgh,"Edinburgh Duddingston","Lothian (Edinburgh)"
greetin',55.93777540562279,-4.425992871897776,1664876147,1049,1994,28,Male,Y,546,Clydebank,"West Dunbartonshire",G81,Glasgow
greetin',55.855067119051014,-5.157103737406193,1664876167,1014,1972,50,Male,Y,1237,"Isle of Bute","Argyll and Bute",PA20,"Argyll and Bute"
greetin',55.699950025200266,-2.8920059299095766,1664876167,1052,1968,54,Male,Y,1413,Galashiels,"Scottish Borders",TD1,Borders
greetin',57.364559015858084,-2.7497022300724234,1664876173,1050,1953,69,Male,Y,83,Huntly,Aberdeenshire,AB54,"North East (Aberdeen)"
greetin',55.82433781649832,-4.333527920435191,1664876177,1055,1991,31,Male,Y,655,"Simshill, Glasgow",Glasgow,"Glasgow South",Glasgow
greetin',56.36910330977054,-3.1627195396442445,1664876235,1056,1970,52,Male,Y,1102,Newburgh,Fife,KY14,Fife
greetin',56.491984179536544,-3.0218009217046173,1664876239,1054,1953,69,Male,N,237,"Blackness, Dundee",Dundee,"Dundee Central","Tayside and Angus (Dundee)"
greetin',55.84117814944666,-4.323757866266752,1664876244,1057,2002,20,Other,School,672,"Govan, Glasgow",Glasgow,"Glasgow Southwest",Glasgow
greetin',55.05459135281776,-3.785300871041444,1664876310,1058,1954,68,Male,N,207,"Dumfries (west: Broomlands, Cargenbridge, Lochside, Maxwelltown, Troqueer)","Dumfries and Galloway",DG2,"Dumfries and Galloway"
greetin',55.68448500265589,-4.427028510788885,1664876315,1060,1966,56,Male,Y,837,"Kilmarnock (north: Onthank, Townholm, Altonhill, Longpark, Beansburn, New Farm Loch, Knockinlaw, Hillhead, Crookedholm)","East Ayrshire",KA3,Ayrshire
greetin',54.91004596519449,-5.159733487564212,1664876358,1046,1976,46,Male,N,231,Stranraer,"Dumfries and Galloway",DG9,"Dumfries and Galloway"
greetin',55.808801096823615,-3.8702166442341515,1664876360,1062,1994,28,Male,N,1150,Holytown,"North Lanarkshire",ML1,Glasgow
greetin',57.1265328869635,-2.293381640645658,1664876385,1059,1954,68,Male,N,129,"Ruthrieston, Aberdeen",Aberdeen,"Aberdeen Southwest","North East (Aberdeen)"
greetin',55.85225426659275,-4.683321156187715,1664876441,1069,1965,57,Male,Y,1222,Kilbarchan,Renfrewshire,PA10,Glasgow
greetin',55.96223940471109,-4.402533277276816,1664876445,1063,1958,64,Female,Y,546,Clydebank,"West Dunbartonshire",G81,Glasgow
greetin',55.46444667978952,-3.9315471345351387,1664876452,1070,1968,54,Male,N,1167,Lanark,"South Lanarkshire",ML11,Glasgow
greetin',56.090403886479436,-3.3615418242926376,1664876485,1061,1978,44,Male,Y,1124,Kelty,Fife,KY4,Fife
greetin',56.040496874677196,-3.4594342346396507,1664876496,1076,1989,33,Male,Y,1090,"Dunfermline (south and east: Halbeath, Touch, Duloch, Masterton, Pitcorthie, Abbeyview, Brucefield, Hospital Hill, Camdean, Pitreavie)",Fife,KY11,Fife
greetin',55.85137025649267,-4.230191959846125,1664876518,1073,1972,50,Male,Y,619,"Tollcross, Glasgow",Glasgow,"Glasgow Northeast",Glasgow
greetin',56.04938564471755,-4.099433328510417,1664876575,1079,1956,66,Male,N,459,Cowie,Stirlingshire,FK7,"Stirling and Falkirk"
greetin',56.0880541394557,-4.102154016493806,1664876595,1078,1985,37,Female,Y,457,Bannockburn,Stirlingshire,FK7,"Stirling and Falkirk"
greetin',55.92047637542011,-4.470166131804177,1664876596,1074,1971,51,Female,Y,1292,Bishopton,Renfrewshire,PA7,Glasgow
greetin',55.83225500260716,-3.991913462648042,1664876609,1081,1995,27,Female,Y,1151,Motherwell,"North Lanarkshire",ML1,Glasgow
greetin',58.48789142759625,-3.9970357129757543,1664876611,1077,1985,37,Female,Y,954,Scarfskerry,Highland,KW14,"Highlands (Inverness)"
greetin',55.85398237782483,-4.319313835573607,1664876638,1080,1988,34,Male,Y,661,"Govanhill, Glasgow",Glasgow,"Glasgow Southwest",Glasgow
greetin',57.16973524835009,-4.417968324830279,1664876706,1068,1984,38,Male,N,714,"Inverness (east: Culcabock, Crown, Culduthel, Drummond, Haugh, Hilton, Holm, Lochardil, Millburn, Raigmore)",Highland,IV2,"Highlands (Inverness)"
greetin',55.91995206929091,-4.5355231359128485,1664876746,1074,1971,51,Female,Y,1292,Bishopton,Renfrewshire,PA7,Glasgow
greetin',56.79492243006085,-2.911209269970147,1664876746,1087,1969,53,Male,N,181,Kirriemuir,Angus,DD8,"Tayside and Angus (Dundee)"
greetin',55.82292559486857,-3.763790448561904,1664876765,1089,1982,40,Male,Y,1206,Harthill,"North Lanarkshire",ML7,Glasgow
greetin',55.90749993066516,-3.2826792658269874,1664876784,1091,1976,46,Female,Y,262,"Wester Hailes, Edinburgh",Edinburgh,"Edinburgh Central","Lothian (Edinburgh)"
greetin',55.922542630468556,-4.014906021318373,1664876795,1086,1954,68,Male,N,514,"Cumbernauld (south: Condorrat, Lenziemill, Carbrain, Kildrum, Cumbernauld Village, Abronhill, Seafar)","North Lanarkshire",G67,Glasgow
greetin',55.855068594442194,-4.1928379842234715,1664876799,1083,1961,61,Female,Y,598,Rutherglen,"South Lanarkshire","Glasgow Northeast",Glasgow
greetin',55.747597677973765,-4.033481979218464,1664876809,1090,1954,68,Male,Y,1183,Hamilton,"South Lanarkshire",ML3,Glasgow
greetin',55.74629437421556,-3.9238871802381685,1664876822,1094,1990,32,Male,Y,1180,Wishaw,"North Lanarkshire",ML2,Glasgow
greetin',56.471741416515925,-2.936900844424895,1664876857,1098,1983,39,Female,Y,254,"Douglas, Dundee",Dundee,"Dundee North","Tayside and Angus (Dundee)"
greetin',56.477680094605674,-2.92878463882519,1664876865,1096,1970,52,Male,Y,256,"Whitfield, Dundee",Dundee,"Dundee North","Tayside and Angus (Dundee)"
greetin',56.563297054414555,-2.7151180342302066,1664876902,1088,1956,66,Male,N,141,Arbroath,Angus,DD11,"Tayside and Angus (Dundee)"
greetin',56.414415458613725,-2.8998838065637886,1664876923,1095,1945,77,Male,N,1114,"St Andrews",Fife,KY16,Fife
greetin',55.400630611527134,-4.653578322821345,1664876931,1102,1968,54,Female,N,856,"Ayr (Centre)","South Ayrshire",KA7,Ayrshire
greetin',57.17630702702487,-2.137114626343601,1664877020,1103,1962,60,Male,Y,98,"Northfield, Aberdeen",Aberdeen,"Aberdeen Central","North East (Aberdeen)"
greetin',55.6875633231323,-4.782384466228573,1664877031,1100,1976,46,Female,Y,813,Ardrossan,"North Ayrshire",KA22,Ayrshire
greetin',55.94093013675167,-4.387638637564338,1664877067,1104,1972,50,Female,N,546,Clydebank,"West Dunbartonshire",G81,Glasgow
greetin',55.96007574544778,-4.964139499637856,1664877072,1106,1970,52,Male,N,1241,Dunoon,"Argyll and Bute",PA23,"Argyll and Bute"
greetin',57.25462302933449,-2.0783890698383023,1664877106,77,1976,46,Female,N,113,"Bridge of Don, Aberdeen",Aberdeen,"Aberdeen North","North East (Aberdeen)"
greetin',55.769887699692326,-3.874064160892726,1664877148,1107,1957,65,Female,Y,1180,Wishaw,"North Lanarkshire",ML2,Glasgow
greetin',55.97063525538804,-3.7319340327612283,1664877164,1108,1994,28,Male,Y,377,"Falkirk (centre and south: Arnothill, Bantaskin, Callendar Park, Glen Village, Hallglen, Lionthorn, Tamfourhill, Woodlands)",Falkirk,FK1,"Stirling and Falkirk"
greetin',55.72834892456448,-3.8911075377880704,1664877181,1101,1993,29,Male,Y,1212,Carluke,"South Lanarkshire",ML8,Glasgow
greetin',57.159325853368344,-2.15955097639642,1664877203,1113,1973,49,Male,Y,107,"Rosemount, Aberdeen",Aberdeen,"Aberdeen Central","North East (Aberdeen)"
greetin',56.0760805532594,-3.6279390060175234,1664877218,1115,1996,26,Male,Y,1096,"Dunfermline (centre, north, west: Abbey Parks, Lady's Mill, Garvock, Headwell, Kingseathill, Wellwood, Milesmark, Baldridge, Pittencrieff, Baldridgeburn)",Fife,KY12,Fife
greetin',55.83761392491028,-4.164817335874099,1664877240,1110,1983,39,Male,Y,623,"Shettleston, Glasgow",Glasgow,"Glasgow Northeast",Glasgow
greetin',55.8001364347284,-4.330393973396444,1664877319,1123,1989,33,Female,Y,664,"Toryglen, Glasgow",Glasgow,"Glasgow Southwest",Glasgow
greetin',55.9559009659508,-3.26003110689115,1664877324,1119,1969,53,Male,Y,290,"North Leith, Edinburgh",Edinburgh,"Edinburgh North","Lothian (Edinburgh)"
greetin',55.777176297206985,-3.9750617705990927,1664877360,1124,1988,34,Male,Y,1151,Motherwell,"North Lanarkshire",ML1,Glasgow
greetin',55.86380912126996,-3.1134760473741965,1664877363,1114,1954,68,Male,N,328,Bonnyrigg,Midlothian,EH19,"Lothian (Edinburgh)"
greetin',56.0940638053336,-3.754715023322865,1664877385,1126,1987,35,Male,N,386,Clackmannan,Clackmannanshire,FK10,"Stirling and Falkirk"
greetin',56.146121271826836,-3.4687692044002243,1664877393,1125,1978,44,Female,Y,1121,Cowdenbeath,Fife,KY4,Fife
greetin',56.00953996249694,-3.6822645281676154,1664877400,1116,1974,48,Male,Y,439,Grangemouth,Falkirk,FK3,"Stirling and Falkirk"
greetin',55.87974099035595,-4.290706883141175,1664877400,1118,1955,67,Male,Y,586,"Kelvinside, Glasgow",Glasgow,"Glasgow Kelvin",Glasgow
greetin',55.85031097284756,-4.148297610099147,1664877408,1129,1973,49,Male,N,612,"Easterhouse, Glasgow",Glasgow,"Glasgow Northeast",Glasgow
greetin',60.182606066095325,-1.1810503570187032,1664877412,1112,1958,64,Female,N,1626,"West Yell","Shetland Isles",ZE2,"Shetland Islands"
greetin',55.92844950527134,-3.268250722526739,1664877440,1117,1965,57,Female,Y,268,"Stenhouse, Edinburgh",Edinburgh,"Edinburgh Central","Lothian (Edinburgh)"
greetin',56.929748844207516,-2.655068532538197,1664877455,1127,1970,52,Female,Y,22,Banchory,Aberdeenshire,AB31,"North East (Aberdeen)"
greetin',55.43445790331655,-4.645056701365023,1664877482,1130,1964,58,Female,Y,856,"Ayr (Centre)","South Ayrshire",KA7,Ayrshire
greetin',55.444257361900505,-4.613606777508759,1664877516,1121,1987,35,Male,N,856,"Ayr (Centre)","South Ayrshire",KA7,Ayrshire
greetin',56.30851838064641,-4.263591127135692,1664877598,1133,1977,45,Male,Y,410,Callander,Stirlingshire,FK17,"Stirling and Falkirk"
greetin',55.607256385209524,-4.5747059686211555,1664877607,1131,1996,26,Male,Y,808,Crosshouse,"East Ayrshire",KA2,Ayrshire
greetin',55.64947307640291,-4.631590133801916,1664877615,1132,1960,62,Female,Y,785,"Irvine (east, south: Perceton, Lawthorn, Girdle Toll, Stanecastle, Bourtreehill, Broomlands, Dreghorn, Springside)","North Ayrshire",KA11,Ayrshire
greetin',55.97228065706895,-3.165003328530203,1664877631,1140,1998,24,Male,Y,285,"Leith, Edinburgh",Edinburgh,"Edinburgh Leith","Lothian (Edinburgh)"
greetin',55.87631690675601,-3.632484754870042,1664877637,1135,1976,46,Male,N,364,Fauldhouse,"West Lothian",EH47,"Lothian (Edinburgh)"
greetin',57.424189878517566,-1.8948760141598346,1664877722,1143,1962,60,Male,N,54,Peterhead,Aberdeenshire,AB42,"North East (Aberdeen)"
greetin',56.0981747565729,-4.679047940130177,1664877725,1144,1943,79,Female,Y,557,Alexandria,"West Dunbartonshire",G83,"Argyll and Bute"
greetin',56.0163021201583,-5.193668623560173,1664877821,1120,1967,55,Male,Y,1239,"Clachan of Glendaruel","Argyll and Bute",PA22,"Argyll and Bute"
greetin',55.685595438986695,-4.6460711220766315,1664877840,1150,1977,45,Female,Y,788,Kilwinning,"North Ayrshire",KA13,Ayrshire
greetin',55.791445049954056,-4.141733888611774,1664877870,1148,1956,66,Male,Y,529,Cambuslang,"South Lanarkshire",G72,Glasgow
greetin',55.76037364283648,-2.433909812955027,1664877906,1151,1979,43,Male,N,1423,Duns,"Scottish Borders",TD11,Borders
greetin',56.22948356733519,-3.1175655448105375,1664877916,1152,1984,38,Female,Y,1133,"Glenrothes (centre and east: Pitteuchar, Finglassie, Stenton, Auchmuty, Pitcoudie, Balfarg, Pircairn, Collydean)",Fife,KY7,Fife
greetin',55.824006423489266,-4.198534676601351,1664877929,1134,1965,57,Female,Y,660,"Arden, Glasgow",Glasgow,"Glasgow South",Glasgow
greetin',56.28738167839517,-2.968371093596595,1664877985,1141,1997,25,Male,Y,1105,Cupar,Fife,KY15,Fife
greetin',56.293940984353696,-3.1419679798594897,1664877985,1139,1997,25,Female,Y,1109,Ladybank,Fife,KY15,Fife
greetin',56.511173828431055,-3.55611892246296,1664877988,1154,1967,55,Female,Y,1311,Methven,"Perth and Kinross",PH1,Fife
greetin',55.78710890526783,-4.016500098556143,1664878058,1155,1972,50,Male,Y,1151,Motherwell,"North Lanarkshire",ML1,Glasgow
greetin',55.767556594628275,-4.034465212605171,1664878088,1156,1978,44,Male,N,1183,Hamilton,"South Lanarkshire",ML3,Glasgow
greetin',55.43002568179448,-4.710497103705521,1664878098,1159,1996,26,Male,Y,856,"Ayr (Centre)","South Ayrshire",KA7,Ayrshire
greetin',57.16106001404262,-2.1515145613894338,1664878132,1158,1965,57,Male,Y,98,"Northfield, Aberdeen",Aberdeen,"Aberdeen Central","North East (Aberdeen)"
greetin',55.908050716225354,-3.7578889829328106,1664878154,1149,1974,48,Male,N,377,"Falkirk (centre and south: Arnothill, Bantaskin, Callendar Park, Glen Village, Hallglen, Lionthorn, Tamfourhill, Woodlands)",Falkirk,FK1,"Stirling and Falkirk"
greetin',55.05400835420722,-4.8777751389955855,1664878157,1163,1983,39,Female,Y,819,Barrhill,"South Ayrshire",KA26,Ayrshire
greetin',57.59994643626708,-3.4408230513136755,1664878194,1160,1982,40,Other,Y,737,Elgin,Moray,IV30,"North East (Aberdeen)"
greetin',56.061891856440816,-3.5049042502436736,1664878214,1165,2000,22,Female,Y,1091,Inverkeithing,Fife,KY11,Fife
greetin',55.985072779380836,-3.190407223336086,1664878216,1035,1998,24,Male,Y,285,"Leith, Edinburgh",Edinburgh,"Edinburgh Leith","Lothian (Edinburgh)"
greetin',55.78102192324168,-4.431885188322633,1664878314,1164,1968,54,Female,Y,540,Barrhead,"East Renfrewshire",G78,Glasgow
greetin',57.12591113857332,-2.1429970314055447,1664878327,1167,1963,59,Male,N,134,"Cults, Aberdeen",Aberdeen,"Aberdeen Southwest","North East (Aberdeen)"
greetin',55.17973387026731,-3.9374769529417133,1664878380,1168,1956,66,Female,Y,210,Thornhill,"Dumfries and Galloway",DG3,"Dumfries and Galloway"
greetin',56.46634175607125,-2.98937466839864,1664878407,1171,1996,26,Male,N,243,"Hilltown, Dundee",Dundee,"Dundee Central","Tayside and Angus (Dundee)"
greetin',55.71430129096561,-4.212186193015144,1664878461,1174,1975,47,Female,Y,534,"East Kilbride (south: Hairmyres, Westwood, The Murray, Murray East, Whitehills, Greenhill, Newlandsmuir, Gardenhall, Crosshouse, Newlands, Lindsayfield, Mossneuk)","South Lanarkshire",G75,Glasgow
greetin',56.483554863975485,-2.8915699588917274,1664878486,1170,1962,60,Male,N,251,"Kirkton, Dundee",Dundee,"Dundee North","Tayside and Angus (Dundee)"
greetin',55.901051570197616,-3.007573410700916,1664878534,1162,1991,31,Male,Y,334,Dalkeith,Midlothian,EH22,"Lothian (Edinburgh)"
greetin',57.16832323624884,-2.157202836557609,1664878593,1182,1983,39,Female,Y,104,"Tillydrone, Aberdeen",Aberdeen,"Aberdeen Central","North East (Aberdeen)"
greetin',55.78253938218889,-3.9999014760415386,1664878594,1181,1980,42,Female,Y,1151,Motherwell,"North Lanarkshire",ML1,Glasgow
greetin',55.97894538634622,-3.2110821491349597,1664878637,1176,1959,63,Female,Y,287,"Corstorphine, Edinburgh",Edinburgh,"Edinburgh North","Lothian (Edinburgh)"
greetin',57.190390411881744,-2.1818357823220684,1664878638,1179,1981,41,Male,Y,113,"Bridge of Don, Aberdeen",Aberdeen,"Aberdeen North","North East (Aberdeen)"
greetin',59.09294281544397,-3.124087921246708,1664878650,1183,1985,37,Female,Y,986,Backaland,Orkney,KW17,"Orkney Islands"
greetin',55.86050107259815,-4.017589134699981,1664878686,1184,1982,40,Male,Y,1189,Coatbridge,"North Lanarkshire",ML5,Glasgow
greetin',57.54061392043403,-3.451997700186541,1664878707,1185,1991,31,Male,N,740,Forres,Moray,IV36,"North East (Aberdeen)"
greetin',55.49974658940381,-4.607601777611504,1664878740,1188,1995,27,Male,Y,873,Prestwick,"South Ayrshire",KA9,Ayrshire
greetin',56.16997014702708,-3.6868148289487634,1664878755,1190,1992,30,Male,Y,397,Dollar,Clackmannanshire,FK14,"Stirling and Falkirk"
greetin',55.94815304737206,-3.0883655784611492,1664878805,1191,1958,64,Male,N,281,"Portobello, Edinburgh",Edinburgh,"Edinburgh Duddingston","Lothian (Edinburgh)"
greetin',55.781474067875074,-3.7758957221648877,1664878862,1175,1997,25,Male,Y,1180,Wishaw,"North Lanarkshire",ML2,Glasgow
greetin',55.82007771696479,-3.8613121744446564,1664878909,1195,1992,30,Male,Y,1151,Motherwell,"North Lanarkshire",ML1,Glasgow
greetin',55.77747111318653,-4.0946544510114435,1664878913,1192,1951,71,Male,Y,529,Cambuslang,"South Lanarkshire",G72,Glasgow
greetin',55.52431780904101,-4.594111375741259,1664878920,1196,1986,36,Female,Y,873,Prestwick,"South Ayrshire",KA9,Ayrshire
greetin',57.074013910121074,-2.2156640235464953,1664878943,1197,1984,38,Male,N,11,Kincorth, Aberdeen,AB12,"North East (Aberdeen)"
greetin',55.84388196576958,-4.441704086918619,1664879045,1193,1993,29,Male,Y,1220,"Paisley (central, east and north east: Ferguslie, Oldhall, Seedhill, Williamsburgh, Whitehaugh)",Renfrewshire,PA1,Glasgow
greetin',56.00933841497464,-3.839978908904642,1664879089,1202,1974,48,Male,Y,449,Larbert,Falkirk,FK5,"Stirling and Falkirk"
greetin',55.73695203785162,-4.112570029637078,1664879093,1204,1967,55,Female,Y,1183,Hamilton,"South Lanarkshire",ML3,Glasgow
greetin',55.943969778136555,-3.2764939434021416,1664879155,1207,1974,48,Female,Y,287,"Corstorphine, Edinburgh",Edinburgh,"Edinburgh North","Lothian (Edinburgh)"
greetin',55.91827590723646,-4.241302114118558,1664879158,1208,1971,51,Male,Y,502,Bishopbriggs,"East Dunbartonshire",G64,Glasgow
greetin',55.853838434914735,-4.329182932351992,1664879187,1206,1964,58,Female,Y,679,"Pollock, Glasgow",Glasgow,"Glasgow Southwest",Glasgow
greetin',60.14126099763345,-1.1951297189551038,1664879197,1189,1987,35,Female,Y,1500,Lerwick,"Shetland Isles",ZE1,"Shetland Islands"
greetin',56.422945290133576,-3.882776219463682,1664879204,1212,1977,45,Female,Y,1402,Crieff,"Perth and Kinross",PH7,Fife
greetin',55.8247441337474,-4.297578154596453,1664879211,1215,1997,25,Male,Y,648,"Shawlands, Glasgow",Glasgow,"Glasgow South",Glasgow
greetin',57.28081672587506,-2.115845227015227,1664879228,1214,1981,41,Female,Y,112,"Dyce, Aberdeen",Aberdeen,"Aberdeen North","North East (Aberdeen)"
greetin',55.86247488571077,-4.251142782947317,1664879236,1213,1970,52,Male,Y,577,"City centre, Glasgow",Glasgow,"Glasgow City Centre",Glasgow
greetin',56.07088720547673,-3.786803879836877,1664879359,1194,1993,29,Male,Y,422,"Falkirk (north: Grahamston, Middlefield, Westfield)",Falkirk,FK2,"Stirling and Falkirk"
greetin',55.84268643550747,-4.395538325717835,1664879387,1216,1946,76,Female,N,1220,"Paisley (central, east and north east: Ferguslie, Oldhall, Seedhill, Williamsburgh, Whitehaugh)",Renfrewshire,PA1,Glasgow
greetin',55.92537100187984,-3.6251746193750956,1664879395,1222,1994,28,Female,N,368,Bathgate,"West Lothian",EH48,"Lothian (Edinburgh)"
greetin',55.852815811362966,-4.079300434324126,1664879422,1221,1995,27,Male,Y,615,"Bridgeton, Glasgow",Glasgow,"Glasgow Northeast",Glasgow
greetin',55.877823433388805,-3.510187491428469,1664879519,1223,1986,36,Male,Y,375,Livingston,"West Lothian",EH54,"Lothian (Edinburgh)"
greetin',55.79775071726726,-4.045727266034909,1664879526,1227,1984,38,Female,N,1151,Motherwell,"North Lanarkshire",ML1,Glasgow
greetin',55.49004935057258,-4.560673425608985,1664879530,1226,1996,26,Female,Y,873,Prestwick,"South Ayrshire",KA9,Ayrshire
greetin',56.99511171350516,-2.33185377412474,1664879590,1230,1996,26,Female,Y,48,Stonehaven,Aberdeenshire,AB39,"North East (Aberdeen)"
greetin',55.609665136532605,-4.525276157905891,1664879621,1229,1981,41,Male,N,779,"Kilmarnock (centre and south: Bonnyton, Grange, Bellfield, Shortlees, Caprington, Riccarton, Hurlford)","East Ayrshire",KA1,Ayrshire
greetin',55.85056783223977,-4.185827097980664,1664879641,1228,1984,38,Female,Y,629,"Barmulloch, Glasgow",Glasgow,"Glasgow Northeast",Glasgow
greetin',56.9537927259588,-2.3868554806191464,1664879669,1231,1998,24,Female,Y,48,Stonehaven,Aberdeenshire,AB39,"North East (Aberdeen)"
greetin',55.820931491702076,-4.221262335461116,1664879686,1234,1961,61,Male,Y,647,"Pollokshields, Glasgow",Glasgow,"Glasgow South",Glasgow
greetin',55.98109617952251,-3.2395648298528217,1664879749,1235,1981,41,Male,Y,278,"Granton, Edinburgh",Edinburgh,"Edinburgh Clermiston Granton","Lothian (Edinburgh)"
greetin',55.40445112472682,-4.66109572671135,1664879799,1237,1969,53,Female,Y,856,"Ayr (Centre)","South Ayrshire",KA7,Ayrshire
greetin',55.82194649915738,-3.8511038518123746,1664879905,1240,1994,28,Male,Y,1151,Motherwell,"North Lanarkshire",ML1,Glasgow
greetin',55.718392674028564,-3.7712700437431264,1664879922,1243,1977,45,Male,Y,1212,Carluke,"South Lanarkshire",ML8,Glasgow
greetin',55.81108658401576,-3.2950783699467467,1664879973,1241,1959,63,Male,N,343,Penicuik,Midlothian,EH26,"Lothian (Edinburgh)"
greetin',55.80971532607003,-4.0499488922558955,1664879987,1244,1995,27,Female,Y,525,Uddingston,"South Lanarkshire",G71,Glasgow
greetin',54.78663241757584,-4.517152593879697,1664879995,1239,1960,62,Male,Y,225,"Newton Stewart","Dumfries and Galloway",DG8,"Dumfries and Galloway"
greetin',56.902685247875276,-2.2711773370450765,1664880040,1245,1997,25,Female,Y,48,Stonehaven,Aberdeenshire,AB39,"North East (Aberdeen)"
greetin',56.263054934392834,-3.1257704680651517,1664880043,1247,1980,42,Male,Y,1104,Ceres,Fife,KY15,Fife
greetin',55.7786904668757,-4.179460663099607,1664880057,1251,1984,38,Male,N,530,"East Kilbride (north: The Village, East Mains, West Mains, Lymekilns, St Leonards, Calderwood, Nerston, Stewartfield, Peel Park)","South Lanarkshire",G74,Glasgow
greetin',56.001546083281454,-4.044565354827266,1664880075,1250,1962,60,Female,Y,506,Kilsyth,"North Lanarkshire",G65,Glasgow
greetin',55.77788796544181,-4.051463627268002,1664880083,1246,2003,19,Female,Y,1183,Hamilton,"South Lanarkshire",ML3,Glasgow
greetin',55.75723239788826,-3.9146263514671067,1664880095,1253,1995,27,Other,Y,1180,Wishaw,"North Lanarkshire",ML2,Glasgow
greetin',54.81656212685137,-4.417143458410928,1664880107,1242,1981,41,Female,Y,226,"Port William","Dumfries and Galloway",DG8,"Dumfries and Galloway"
greetin',56.132210659293754,-3.2823472286792716,1664880135,1252,1991,31,Male,Y,1126,Cardenden,Fife,KY5,Fife
greetin',56.002710000235346,-3.7447348729632086,1664880158,1142,1966,56,Male,N,439,Grangemouth,Falkirk,FK3,"Stirling and Falkirk"
greetin',54.887996727655995,-4.208196929957646,1664880169,1257,1961,61,Female,Y,220,"Castle Douglas","Dumfries and Galloway",DG7,"Dumfries and Galloway"
greetin',55.89063385835822,-4.201858496390473,1664880174,1256,1950,72,Female,Y,603,"Carntyne, Glasgow",Glasgow,"Glasgow Northeast",Glasgow
greetin',55.738320169970685,-4.651953412652242,1664880175,1258,1964,58,Female,Y,791,Beith,"East Ayrshire",KA15,Ayrshire
greetin',57.67886175059703,-2.887354368582348,1664880201,1262,1989,33,Male,N,90,Buckie,Moray,AB56,"North East (Aberdeen)"
greetin',57.21116972932302,-2.3060151302723306,1664880290,1265,1960,62,Female,Y,112,"Dyce, Aberdeen",Aberdeen,"Aberdeen North","North East (Aberdeen)"
greetin',55.84127102627181,-3.8052794525697853,1664880292,1269,1996,26,Male,Y,1209,Shotts,"North Lanarkshire",ML7,Glasgow
greetin',56.22053220755696,-2.911626148421581,1664880309,1248,1986,36,Female,Y,1140,Leven,Fife,KY8,Fife
greetin',56.47660578023481,-2.918434749942057,1664880326,1270,1968,54,Female,Y,255,"Fintry, Dundee",Dundee,"Dundee North","Tayside and Angus (Dundee)"
greetin',55.994619680136,-4.156993557059491,1664880432,1271,1993,29,Female,Y,509,Lenzie,"East Dunbartonshire",G66,Glasgow
greetin',56.514797341256916,-2.707590699762067,1664880482,1274,1983,39,Male,N,178,Carnoustie,Angus,DD7,"Tayside and Angus (Dundee)"
greetin',55.525580744121555,-4.2580578307412695,1664880502,1273,1969,53,Female,Y,848,Tarbolton,"South Ayrshire",KA5,Ayrshire
greetin',56.05106920513622,-3.4273064096718002,1664880525,1276,1998,24,Male,Y,1094,Rosyth,Fife,KY11,Fife
greetin',55.85468022562958,-3.8890325134503554,1664880528,1278,1997,25,Female,Y,1151,Motherwell,"North Lanarkshire",ML1,Glasgow
greetin',54.98394827403165,-3.2996921477782273,1664880544,1275,1957,65,Male,Y,197,Annan,"Dumfries and Galloway",DG12,"Dumfries and Galloway"
greetin',54.89632907332072,-3.7514117106289255,1664880558,1264,1994,28,Male,N,215,Dalbeattie,"Dumfries and Galloway",DG5,"Dumfries and Galloway"
greetin',56.6830299818381,-2.837311588447395,1664880583,1259,1975,47,Female,Y,179,Forfar,Angus,DD8,"Tayside and Angus (Dundee)"
greetin',54.883459157601266,-3.7913623050542804,1664880684,1264,1994,28,Male,N,215,Dalbeattie,"Dumfries and Galloway",DG5,"Dumfries and Galloway"
greetin',55.87198026686536,-4.331912847657716,1664880720,1281,1982,40,Male,N,644,"Partick, Glasgow",Glasgow,"Glasgow Northwest",Glasgow
greetin',55.68819864435694,-4.778313377141738,1664880983,1286,1956,66,Female,Y,813,Ardrossan,"North Ayrshire",KA22,Ayrshire
greetin',55.949977485243004,-3.190066116315456,1664881018,1287,1964,58,Female,N,267,"Sighthill, Edinburgh",Edinburgh,"Edinburgh Central","Lothian (Edinburgh)"
greetin',56.98559733185204,-2.4720904875853136,1664881039,1290,1989,33,Female,Y,22,Banchory,Aberdeenshire,AB31,"North East (Aberdeen)"
greetin',56.46832877024307,-2.927549053403111,1664881062,1291,1951,71,Female,Y,251,"Kirkton, Dundee",Dundee,"Dundee North","Tayside and Angus (Dundee)"
greetin',56.47685229304394,-2.958717273229818,1664881169,1294,1987,35,Male,Y,250,"Downfield, Dundee",Dundee,"Dundee North","Tayside and Angus (Dundee)"
greetin',55.91563889863369,-4.3499486648815395,1664881184,1293,1955,67,Female,N,638,"Drumchapel, Glasgow",Glasgow,"Glasgow Northwest",Glasgow
greetin',55.170230844569254,-3.6156346712931793,1664881224,1282,1981,41,Male,Y,186,"Dumfries (centre and east: Dalscone, Georgetown, Heathhall, Kingholm Quay, Noblehill, The Crichton)","Dumfries and Galloway",DG1,"Dumfries and Galloway"
greetin',56.464977676850914,-3.0310373518198497,1664881245,1301,1964,58,Male,Y,243,"Hilltown, Dundee",Dundee,"Dundee Central","Tayside and Angus (Dundee)"
greetin',56.87661065191417,-2.2568262639807335,1664881253,1298,1996,26,Male,Y,140,Montrose,Angus,DD10,"Tayside and Angus (Dundee)"
greetin',55.86455863669158,-2.0908011005879006,1664881271,1299,1955,67,Male,N,1431,Eyemouth,"Scottish Borders",TD14,Borders
greetin',55.57158788948732,-4.50879495671612,1664881275,1303,1971,51,Male,N,779,"Kilmarnock (centre and south: Bonnyton, Grange, Bellfield, Shortlees, Caprington, Riccarton, Hurlford)","East Ayrshire",KA1,Ayrshire
greetin',59.09002879915818,-3.185328146914223,1664881292,1300,1952,70,Female,Y,1025,"Orkney Islands",Orkney,KW17,"Orkney Islands"
greetin',56.02308044344725,-3.911674236760697,1664881299,1305,1985,37,Male,Y,456,"Head of Muir",Falkirk,FK6,"Stirling and Falkirk"
greetin',57.50784363307042,-1.846689849615304,1664881309,1306,1996,26,Female,Y,54,Peterhead,Aberdeenshire,AB42,"North East (Aberdeen)"
greetin',55.68870848576082,-4.867909912309629,1664881323,1297,1973,49,Male,Y,814,"West Kilbride","North Ayrshire",KA23,Ayrshire
greetin',56.465283090345274,-3.0230042073410885,1664881359,1307,1969,53,Male,N,237,"Blackness, Dundee",Dundee,"Dundee Central","Tayside and Angus (Dundee)"
greetin',55.8123323746337,-3.9694356737762133,1664881423,1311,1967,55,Female,N,1151,Motherwell,"North Lanarkshire",ML1,Glasgow
greetin',56.47771687891015,-3.0268740691839384,1664881494,1312,2001,21,Male,Y,238,"Menzieshill, Dundee",Dundee,"Dundee Central","Tayside and Angus (Dundee)"
greetin',56.99748621141598,-2.3577146818552377,1664881576,1310,1976,46,Male,Y,48,Stonehaven,Aberdeenshire,AB39,"North East (Aberdeen)"
greetin',60.372460746438605,-1.2014603218624798,1664881602,1320,1988,34,Female,Y,1512,Brae,"Shetland Isles",ZE2,"Shetland Islands"
greetin',56.47361141107972,-2.960791631295901,1664881602,1313,1964,58,Male,Y,242,"St Marys, Dundee",Dundee,"Dundee Central","Tayside and Angus (Dundee)"
greetin',55.811390986605005,-4.083085794636499,1664881603,1308,1992,30,Male,N,523,Bothwell,"South Lanarkshire",G71,Glasgow
greetin',56.00887075796129,-3.6807714602342294,1664881644,1318,1964,58,Male,Y,439,Grangemouth,Falkirk,FK3,"Stirling and Falkirk"
greetin',56.02005632064453,-3.7423535782366977,1664881723,1322,1963,59,Female,Y,439,Grangemouth,Falkirk,FK3,"Stirling and Falkirk"
greetin',55.909599764730075,-4.380422767788546,1664881732,1319,1986,36,Male,Y,643,"Anniesland, Glasgow",Glasgow,"Glasgow Northwest",Glasgow
greetin',55.92056387602098,-3.1362824882587668,1664881769,1326,1976,46,Male,N,322,"Gilmerton, Edinburgh",Edinburgh,"Edinburgh Southeast","Lothian (Edinburgh)"
greetin',56.10529335733772,-3.6941520500495666,1664881826,1325,1969,53,Male,Y,391,Alloa,Clackmannanshire,FK10,"Stirling and Falkirk"
greetin',55.813209988750984,-3.9156411780144444,1664881826,1328,1978,44,Female,Y,1151,Motherwell,"North Lanarkshire",ML1,Glasgow
greetin',55.94788806065886,-4.230071036486419,1664881835,1329,1997,25,Male,Y,502,Bishopbriggs,"East Dunbartonshire",G64,Glasgow
greetin',57.71353456107077,-3.2890820576884328,1664881848,1324,1961,61,Female,N,738,Lossiemouth,Moray,IV31,"North East (Aberdeen)"
greetin',56.188408412489196,-4.461715493907083,1664882013,1333,1961,61,Female,Y,473,"Stirling (centre and west: Kings Park, Raploch, Riverside)",Stirlingshire,FK8,"Stirling and Falkirk"
greetin',55.871025171876184,-4.4166265636822875,1664882016,1332,1985,37,Female,N,1264,Renfrew,Renfrewshire,PA4,Glasgow
greetin',55.81807276400496,-4.08279413168211,1664882030,1335,1989,33,Male,Y,616,"Calton, Glasgow",Glasgow,"Glasgow Northeast",Glasgow
greetin',55.88622949699042,-3.7255948958280958,1664882070,1334,1990,32,Male,Y,368,Bathgate,"West Lothian",EH48,"Lothian (Edinburgh)"
greetin',55.914170967858404,-3.592033838788404,1664882236,1344,1971,51,Male,N,367,Armadale,"West Lothian",EH48,"Lothian (Edinburgh)"
greetin',55.85977320752289,-3.596737588486711,1664882277,1350,1974,48,Male,N,376,"West Calder","West Lothian",EH55,"Lothian (Edinburgh)"
greetin',57.45584316450312,-4.219238206645054,1664882298,1346,1994,28,Male,Y,714,"Inverness (east: Culcabock, Crown, Culduthel, Drummond, Haugh, Hilton, Holm, Lochardil, Millburn, Raigmore)",Highland,IV2,"Highlands (Inverness)"
greetin',55.46887308697432,-4.615513873589363,1664882312,1347,1956,66,Male,Y,868,"Newton on Ayr","South Ayrshire",KA8,Ayrshire
greetin',57.03924557261265,-2.3531256589518392,1664882328,1351,1986,36,Male,Y,22,Banchory,Aberdeenshire,AB31,"North East (Aberdeen)"
greetin',57.493991962168074,-3.431931413983495,1664882342,1353,2000,22,Male,Y,44,Aberlour,Moray,AB38,"North East (Aberdeen)"
greetin',56.274919816537235,-3.363186637253616,1664882386,1354,1996,26,Male,Y,1102,Newburgh,Fife,KY14,Fife
greetin',55.84540427184093,-4.540869975858966,1664882399,1343,1991,31,Male,Y,1276,Johnstone,Renfrewshire,PA5,Glasgow
greetin',57.070466730819305,-2.105625023968581,1664882449,1348,1977,45,Male,Y,5,"Cove Bay",Aberdeenshire,AB12,"North East (Aberdeen)"
greetin',55.50753958871536,-4.260589482820707,1664882489,1358,1991,31,Male,Y,846,Mauchline,"East Ayrshire",KA5,Ayrshire
greetin',56.48621743628765,-3.1428634277124154,1664882546,1331,1997,25,Male,Y,146,Longforgan,"Perth and Kinross",DD2,"Tayside and Angus (Dundee)"
greetin',56.408785415632366,-3.0377950220879586,1664882581,1359,1981,41,Male,Y,177,Wormit,Fife,DD6,"Tayside and Angus (Dundee)"
greetin',55.80800272578085,-3.038102196616264,1664882638,1364,1995,27,Male,Y,338,Gorebridge,Midlothian,EH23,"Lothian (Edinburgh)"
greetin',56.069133966289904,-3.369182177352465,1664882640,1363,1975,47,Male,N,1094,Rosyth,Fife,KY11,Fife
greetin',55.76808361314477,-2.2194377067370477,1664882644,1360,1970,52,Female,N,1423,Duns,"Scottish Borders",TD11,Borders
greetin',56.486975372017014,-3.0338961070786707,1664882656,1352,1962,60,Male,N,237,"Blackness, Dundee",Dundee,"Dundee Central","Tayside and Angus (Dundee)"
greetin',57.051381428206646,-2.2630204193629924,1664882736,1348,1977,45,Male,Y,5,"Cove Bay",Aberdeenshire,AB12,"North East (Aberdeen)"
greetin',56.26302276943852,-4.724206769401913,1664882906,1367,1996,26,Male,Y,558,Balloch,"West Dunbartonshire",G83,"Argyll and Bute"
greetin',56.06380568316923,-3.3621266585881235,1664883009,1362,1986,36,Male,Y,1090,"Dunfermline (south and east: Halbeath, Touch, Duloch, Masterton, Pitcorthie, Abbeyview, Brucefield, Hospital Hill, Camdean, Pitreavie)",Fife,KY11,Fife
greetin',55.796538902699226,-3.309681246983072,1664883105,1373,1972,50,Female,Y,343,Penicuik,Midlothian,EH26,"Lothian (Edinburgh)"
greetin',56.46309817636976,-2.955815230962645,1664883257,1339,1961,61,Female,N,252,"Linlathen and Midcraigie, Dundee",Dundee,"Dundee North","Tayside and Angus (Dundee)"
greetin',57.67523126397045,-3.288905716416688,1664883328,1378,1959,63,Male,Y,737,Elgin,Moray,IV30,"North East (Aberdeen)"
greetin',56.107489345615505,-3.6684962834878725,1664883359,1377,1998,24,Female,Y,388,Sauchie,Clackmannanshire,FK10,"Stirling and Falkirk"
greetin',55.868910009985306,-4.399127222291865,1664883454,1381,1990,32,Male,Y,1264,Renfrew,Renfrewshire,PA4,Glasgow
greetin',57.129199222325624,-2.1147471342886495,1664883526,1382,1995,27,Female,N,126,"Bridge of Dee, Aberdeen",Aberdeen,"Aberdeen Southeast","North East (Aberdeen)"
greetin',56.482061690283864,-2.9037804808308167,1664883587,1380,1963,59,Male,Y,252,"Linlathen and Midcraigie, Dundee",Dundee,"Dundee North","Tayside and Angus (Dundee)"
greetin',56.02760223507973,-3.422702072429827,1664883649,1386,1973,49,Female,Y,1090,"Dunfermline (south and east: Halbeath, Touch, Duloch, Masterton, Pitcorthie, Abbeyview, Brucefield, Hospital Hill, Camdean, Pitreavie)",Fife,KY11,Fife
greetin',55.8545631373228,-4.190204199521795,1664883654,1002,1977,45,Female,Y,615,"Bridgeton, Glasgow",Glasgow,"Glasgow Northeast",Glasgow
greetin',56.230930405583564,-3.907947421002051,1664883688,1392,1969,53,Female,Y,405,Dunblane,Stirlingshire,FK15,"Stirling and Falkirk"
greetin',55.96578708242397,-3.9383223212491565,1664883690,1393,1991,31,Male,Y,514,"Cumbernauld (south: Condorrat, Lenziemill, Carbrain, Kildrum, Cumbernauld Village, Abronhill, Seafar)","North Lanarkshire",G67,Glasgow
greetin',55.60588536007183,-4.03160601880969,1664883712,1394,1991,31,Male,Y,1167,Lanark,"South Lanarkshire",ML11,Glasgow
greetin',58.35511389054704,-4.392656871510628,1664883739,1391,1961,61,Female,N,731,Tongue,Highland,IV27,"Highlands (Inverness)"
greetin',56.139082690504914,-3.906040124785777,1664883750,1383,1957,65,Female,Y,477,"Bridge of Allan",Stirlingshire,FK9,"Stirling and Falkirk"
greetin',57.424169806535566,-2.9096478020256233,1664883766,1375,1998,24,Female,Y,83,Huntly,Aberdeenshire,AB54,"North East (Aberdeen)"
greetin',56.106772956009415,-4.040385181984248,1664883788,1396,1996,26,Male,Y,459,Cowie,Stirlingshire,FK7,"Stirling and Falkirk"
greetin',55.86258470341237,-4.036672270231607,1664883804,1379,1968,54,Male,N,1189,Coatbridge,"North Lanarkshire",ML5,Glasgow
greetin',56.00853525786211,-3.967420404993741,1664883822,1395,1952,70,Male,Y,452,Denny,Falkirk,FK6,"Stirling and Falkirk"
greetin',56.70363606238748,-2.58496856804395,1664883914,1399,1993,29,Male,N,182,Brechin,Angus,DD9,"Tayside and Angus (Dundee)"
greetin',55.87333705180229,-3.1881697132814653,1664883959,1402,1988,34,Male,Y,320,"Newington, Edinburgh",Edinburgh,"Edinburgh South","Lothian (Edinburgh)"
greetin',55.971226575767545,-3.1538645497224302,1664883960,1397,1948,74,Male,Y,284,"Restalrig, Edinburgh",Edinburgh,"Edinburgh Leith","Lothian (Edinburgh)"
greetin',56.13487265522807,-3.94976677233455,1664883999,1398,1968,54,Other,Y,479,"Stirling (north: Causewayhead, Cornton)",Stirlingshire,FK9,"Stirling and Falkirk"
greetin',57.19649970106128,-4.560247282869281,1664884055,1405,1983,39,Male,N,714,"Inverness (east: Culcabock, Crown, Culduthel, Drummond, Haugh, Hilton, Holm, Lochardil, Millburn, Raigmore)",Highland,IV2,"Highlands (Inverness)"
greetin',57.52740231846289,-2.5024963339017456,1664884079,1403,2002,20,Female,School,76,Fyvie,Aberdeenshire,AB53,"North East (Aberdeen)"
greetin',56.65080558991391,-2.6967945344513105,1664884112,1400,1990,32,Male,Y,179,Forfar,Angus,DD8,"Tayside and Angus (Dundee)"
greetin',57.325676905867006,-5.656685496154386,1664884213,1401,1948,74,Male,N,765,Plockton,Highland,IV52,"Highlands (Inverness)"
greetin',56.13165605329107,-3.483315886455446,1664884232,1407,1982,40,Female,Y,1121,Cowdenbeath,Fife,KY4,Fife
greetin',56.08121110595759,-3.55082053054437,1664884292,1408,1960,62,Female,Y,1096,"Dunfermline (centre, north, west: Abbey Parks, Lady's Mill, Garvock, Headwell, Kingseathill, Wellwood, Milesmark, Baldridge, Pittencrieff, Baldridgeburn)",Fife,KY12,Fife
greetin',56.00922654036889,-3.8620307973453984,1664884331,1404,1992,30,Female,Y,450,Stenhousemuir,Falkirk,FK5,"Stirling and Falkirk"
greetin',55.83513521912447,-4.132776116759178,1664884335,1412,1987,35,Male,N,634,"Maryhill, Glasgow",Glasgow,"Glasgow Northeast",Glasgow
greetin',55.960158674916485,-4.397744297211069,1664884425,1415,1967,55,Female,Y,489,Milngavie,"East Dunbartonshire",G62,Glasgow
greetin',55.90027715654873,-4.33715348195347,1664884445,1414,1990,32,Male,Y,644,"Partick, Glasgow",Glasgow,"Glasgow Northwest",Glasgow
greetin',56.14568307485486,-3.240754348125807,1664884564,1418,1971,51,Female,Y,1128,Lochgelly,Fife,KY5,Fife
greetin',55.89944489067671,-4.3385381657495525,1664884566,1417,1989,33,Female,Y,641,"Knightswood, Glasgow",Glasgow,"Glasgow Northwest",Glasgow
greetin',55.976768505794446,-3.700184061552294,1664884582,1406,1991,31,Male,Y,430,Brightons,Falkirk,FK2,"Stirling and Falkirk"
greetin',55.7665999388044,-4.231026228282385,1664884595,1416,1966,56,Male,Y,530,"East Kilbride (north: The Village, East Mains, West Mains, Lymekilns, St Leonards, Calderwood, Nerston, Stewartfield, Peel Park)","South Lanarkshire",G74,Glasgow
greetin',55.83753576841708,-4.303424301344978,1664884601,1422,1991,31,Female,Y,658,"Giffnock, Glasgow",Glasgow,"Glasgow South",Glasgow
greetin',55.60111334232319,-4.2739468044589035,1664884637,1423,1992,30,Male,Y,796,Darvel,"East Ayrshire",KA17,Ayrshire
greetin',56.036599862859994,-3.835814030511387,1664884678,1404,1992,30,Female,Y,450,Stenhousemuir,Falkirk,FK5,"Stirling and Falkirk"
greetin',56.289737776784584,-2.8795773911047706,1664884784,1425,1995,27,Female,Y,1109,Ladybank,Fife,KY15,Fife
greetin',55.92020929172867,-4.378390110571182,1664884801,1419,2000,22,Other,N,639,"Scotstoun, Glasgow",Glasgow,"Glasgow Northwest",Glasgow
greetin',56.80664685063364,-3.6142047443242404,1664884813,1410,1988,34,Female,Y,1318,Blairgowrie,"Perth and Kinross",PH10,Fife
greetin',57.084099170688674,-4.368396470045101,1664884837,1424,1990,32,Female,Y,1376,"Fort Augustus",Highland,PH32,"Highlands (Inverness)"
greetin',55.873891769706056,-4.2826533519579195,1664884842,1430,1991,31,Male,Y,597,"Yorkhill, Glasgow",Glasgow,"Glasgow Kelvin",Glasgow
greetin',54.91187047739251,-4.195078470719655,1664884867,1427,1997,25,Male,Y,220,"Castle Douglas","Dumfries and Galloway",DG7,"Dumfries and Galloway"
greetin',56.965057298507176,-2.337398302270177,1664884913,1431,1962,60,Female,N,48,Stonehaven,Aberdeenshire,AB39,"North East (Aberdeen)"
greetin',57.563332219780456,-1.858324501081904,1664884916,1426,1995,27,Other,Y,54,Peterhead,Aberdeenshire,AB42,"North East (Aberdeen)"
greetin',55.96904699089429,-4.520370129322367,1664884954,1433,1993,29,Male,Y,549,Dumbarton,"West Dunbartonshire",G82,Glasgow
greetin',55.91287997311077,-4.394692148362871,1664884957,1435,1985,37,Female,Y,546,Clydebank,"West Dunbartonshire",G81,Glasgow
greetin',56.86313485547025,-2.340966710235184,1664884988,1437,1958,64,Male,N,20,Scotston,Aberdeenshire,AB30,"North East (Aberdeen)"
greetin',56.323815167554784,-4.9889641944124365,1664885102,1436,1962,60,Male,Y,1255,Inveraray,"Argyll and Bute",PA32,"Argyll and Bute"
greetin',55.95156065200608,-3.9623868310499395,1664885202,1441,1982,40,Male,Y,514,"Cumbernauld (south: Condorrat, Lenziemill, Carbrain, Kildrum, Cumbernauld Village, Abronhill, Seafar)","North Lanarkshire",G67,Glasgow
greetin',56.18878573085058,-3.273957257685613,1664885219,1444,1953,69,Female,Y,1125,Ballingry,Fife,KY5,Fife
greetin',56.19409654136137,-3.2250874476467377,1664885225,1442,1970,52,Male,N,1129,"Glenrothes (west: Caskieberran, Rimbleton, Macedonia, Tanshall)",Fife,KY6,Fife
greetin',55.89938582100289,-4.449972571683843,1664885455,1453,1989,33,Female,Y,1306,Erskine,Renfrewshire,PA8,Glasgow
greetin',57.66280652775878,-4.10080071778406,1664885471,1450,1991,31,Male,Y,701,Cromarty,Highland,IV11,"Highlands (Inverness)"
greetin',55.85240202035445,-4.224510243028457,1664885499,1457,1991,31,Male,Y,634,"Maryhill, Glasgow",Glasgow,"Glasgow Northeast",Glasgow
greetin',56.01218607750129,-3.854041564457329,1664885514,1458,1972,50,Male,Y,449,Larbert,Falkirk,FK5,"Stirling and Falkirk"
greetin',55.545180956318006,-4.259257709969063,1664885546,1452,1988,34,Male,Y,846,Mauchline,"East Ayrshire",KA5,Ayrshire
greetin',55.93550855599452,-2.9669702539703273,1664885603,1460,1953,69,Male,Y,349,Tranent,"East Lothian",EH33,"Lothian (Edinburgh)"
greetin',55.741222303695835,-3.7454963125591987,1664885646,1459,1996,26,Other,Y,1214,Law,"North Lanarkshire",ML8,Glasgow
greetin',57.83096809413725,-4.222394893345212,1664885675,1449,1958,64,Female,N,711,Tain,Highland,IV19,"Highlands (Inverness)"
greetin',54.93996617706503,-3.7909211366205113,1664885680,1465,1985,37,Female,N,215,Dalbeattie,"Dumfries and Galloway",DG5,"Dumfries and Galloway"
greetin',55.95080987374906,-3.8227466237833174,1664885725,1455,1989,33,Female,Y,377,"Falkirk (centre and south: Arnothill, Bantaskin, Callendar Park, Glen Village, Hallglen, Lionthorn, Tamfourhill, Woodlands)",Falkirk,FK1,"Stirling and Falkirk"
greetin',56.54790657019561,-3.2021862866573736,1664885768,1462,1981,41,Male,N,1324,"Coupar Angus","Perth and Kinross",PH13,Fife
greetin',55.86048962515121,-3.6474165638211846,1664885780,1464,1986,36,Male,Y,366,Whitburn,"West Lothian",EH47,"Lothian (Edinburgh)"
greetin',56.485238918777,-3.0067364624557698,1664885847,1468,1965,57,Female,N,234,"Baxter Park, Dundee",Dundee,"Dundee Bluebelt","Tayside and Angus (Dundee)"
greetin',55.76538260072451,-4.259098126518075,1664885969,1470,1982,40,Male,Y,530,"East Kilbride (north: The Village, East Mains, West Mains, Lymekilns, St Leonards, Calderwood, Nerston, Stewartfield, Peel Park)","South Lanarkshire",G74,Glasgow
greetin',56.21002360107589,-4.416377907832278,1664885990,1471,1967,55,Male,N,410,Callander,Stirlingshire,FK17,"Stirling and Falkirk"
greetin',55.67950780963886,-4.762908237015893,1664886030,1474,1965,57,Female,Y,812,Saltcoats,"East Ayrshire",KA21,Ayrshire
greetin',55.960067291456554,-3.2930761762248917,1664886165,1472,1976,46,Male,N,279,"Clermiston and Drumbrae, Edinburgh",Edinburgh,"Edinburgh Clermiston Granton","Lothian (Edinburgh)"
greetin',55.823972507732606,-4.350365298002192,1664886215,1476,1994,28,Female,Y,678,"Cardonald, Glasgow",Glasgow,"Glasgow Southwest",Glasgow
greetin',56.47296714803584,-3.017792698170536,1664886273,1479,1968,54,Male,Y,237,"Blackness, Dundee",Dundee,"Dundee Central","Tayside and Angus (Dundee)"
greetin',55.934946965325494,-4.239007870585597,1664886280,1486,2003,19,Female,Y,502,Bishopbriggs,"East Dunbartonshire",G64,Glasgow
greetin',57.0827291758887,-2.270354078218586,1664886411,1490,1995,27,Female,Y,131,"Milltimber, Aberdeen",Aberdeen,"Aberdeen Southwest","North East (Aberdeen)"
greetin',56.4799084952077,-3.00259737384823,1664886531,1495,1957,65,Female,N,236,"Lochee, Dundee",Dundee,"Dundee Central","Tayside and Angus (Dundee)"
greetin',56.052344747664634,-3.4894715130489242,1664886543,1499,1982,40,Female,Y,1094,Rosyth,Fife,KY11,Fife
greetin',56.479287716977176,-2.9236221977448063,1664886544,1497,2003,19,Female,N,255,"Fintry, Dundee",Dundee,"Dundee North","Tayside and Angus (Dundee)"
greetin',55.975133447561134,-3.1662726069097684,1664886584,1489,1956,66,Male,Y,285,"Leith, Edinburgh",Edinburgh,"Edinburgh Leith","Lothian (Edinburgh)"
greetin',55.8788116895946,-3.6773921279233828,1664886586,1500,1979,43,Male,Y,367,Armadale,"West Lothian",EH48,"Lothian (Edinburgh)"
greetin',55.84700219152837,-4.331827706978118,1664886604,1498,1993,29,Male,N,668,"Carnwadric, Glasgow",Glasgow,"Glasgow Southwest",Glasgow
greetin',57.695994808655946,-2.0214008791331004,1664886663,1501,1988,34,Female,Y,57,Fraserburgh,Aberdeenshire,AB43,"North East (Aberdeen)"
greetin',55.68177972207882,-4.615819691764348,1664886784,1232,1970,52,Female,Y,788,Kilwinning,"North Ayrshire",KA13,Ayrshire
greetin',57.34186069559419,-3.0687512156746197,1664886890,1510,1961,61,Male,N,83,Huntly,Aberdeenshire,AB54,"North East (Aberdeen)"
greetin',55.800889219753486,-3.9138565065643056,1664886904,1507,1995,27,Other,N,1151,Motherwell,"North Lanarkshire",ML1,Glasgow
greetin',55.84563392205577,-4.569075819999727,1664886936,1514,1969,53,Female,Y,1222,Kilbarchan,Renfrewshire,PA10,Glasgow
greetin',55.97995474432812,-3.159006215386162,1664887002,1506,1954,68,Male,N,285,"Leith, Edinburgh",Edinburgh,"Edinburgh Leith","Lothian (Edinburgh)"
greetin',55.24601228237119,-3.614433520618982,1664887039,1515,1968,54,Female,N,186,"Dumfries (centre and east: Dalscone, Georgetown, Heathhall, Kingholm Quay, Noblehill, The Crichton)","Dumfries and Galloway",DG1,"Dumfries and Galloway"
greetin',55.01213792872698,-3.0591165777646094,1664887044,1518,2003,19,Other,Y,205,Gretna,"Dumfries and Galloway",DG16,"Dumfries and Galloway"
greetin',55.94419252182462,-4.377911875023206,1664887044,1516,1991,31,Male,Y,489,Milngavie,"East Dunbartonshire",G62,Glasgow
greetin',56.87614734365721,-2.9750315863776553,1664887158,1519,1991,31,Female,N,182,Brechin,Angus,DD9,"Tayside and Angus (Dundee)"
greetin',56.469084532397936,-2.9441248254312438,1664887167,1517,1949,73,Female,Y,234,"Baxter Park, Dundee",Dundee,"Dundee Bluebelt","Tayside and Angus (Dundee)"
greetin',56.488286540057246,-2.8954749992435915,1664887223,1523,1980,42,Female,Y,255,"Fintry, Dundee",Dundee,"Dundee North","Tayside and Angus (Dundee)"
greetin',56.461559167587836,-2.9558052029888744,1664887238,1520,1981,41,Female,N,252,"Linlathen and Midcraigie, Dundee",Dundee,"Dundee North","Tayside and Angus (Dundee)"
greetin',55.55898564930936,-4.424009665394562,1664887298,1527,1984,38,Female,N,779,"Kilmarnock (centre and south: Bonnyton, Grange, Bellfield, Shortlees, Caprington, Riccarton, Hurlford)","East Ayrshire",KA1,Ayrshire
greetin',55.87020984488892,-4.329582915324773,1664887309,1525,1957,65,Female,Y,641,"Knightswood, Glasgow",Glasgow,"Glasgow Northwest",Glasgow
greetin',55.88412095174084,-4.042819868013635,1664887311,1521,1988,34,Male,Y,1189,Coatbridge,"North Lanarkshire",ML5,Glasgow
greetin',55.828776874553085,-4.200165850226313,1664887334,1528,1985,37,Male,Y,645,Clarkston,"East Renfrewshire","Glasgow South",Glasgow
greetin',55.72314505100956,-4.193075370804116,1664887383,1524,1999,23,Female,Y,534,"East Kilbride (south: Hairmyres, Westwood, The Murray, Murray East, Whitehills, Greenhill, Newlandsmuir, Gardenhall, Crosshouse, Newlands, Lindsayfield, Mossneuk)","South Lanarkshire",G75,Glasgow
greetin',56.47282480045637,-2.958039333188815,1664887407,1526,1981,41,Male,Y,233,"Fairmuir, Dundee",Dundee,"Dundee Bluebelt","Tayside and Angus (Dundee)"
greetin',57.30173614737491,-2.832528855349341,1664887453,1510,1961,61,Male,N,83,Huntly,Aberdeenshire,AB54,"North East (Aberdeen)"
greetin',57.5603938304625,-3.2115605986196734,1664887503,1533,1999,23,Male,Y,46,Rothes,Moray,AB38,"North East (Aberdeen)"
greetin',55.65643605915352,-5.3084605875515685,1664887524,1540,1969,53,Female,Y,827,"Isle of Arran","North Ayrshire",KA27,Ayrshire
greetin',56.016848955662354,-3.6279032597994205,1664887543,1539,1969,53,Female,Y,370,Bo'ness,Falkirk,EH51,"Lothian (Edinburgh)"
greetin',55.792846083927195,-4.292355068626081,1664887575,1541,1958,64,Male,N,651,"Cathcart, Glasgow",Glasgow,"Glasgow South",Glasgow
greetin',56.655786003543376,-3.0921791971380004,1664887588,1538,1971,51,Male,N,179,Forfar,Angus,DD8,"Tayside and Angus (Dundee)"
greetin',57.582815944516405,-1.8726648401218424,1664887596,1536,1950,72,Male,Y,54,Peterhead,Aberdeenshire,AB42,"North East (Aberdeen)"
greetin',55.835267748688366,-4.308831028760388,1664887598,1532,1966,56,Female,N,660,"Arden, Glasgow",Glasgow,"Glasgow South",Glasgow
greetin',55.4026184519841,-4.6523614594199865,1664887604,1530,1997,25,Male,Y,856,"Ayr (Centre)","South Ayrshire",KA7,Ayrshire
greetin',55.80774049269874,-4.29504310634008,1664887724,1535,1957,65,Male,Y,647,"Pollokshields, Glasgow",Glasgow,"Glasgow South",Glasgow
greetin',55.632846255231065,-4.689310832866799,1664887826,1542,1984,38,Female,N,787,"Irvine (centre: Castlepark, Tarryholme)","North Ayrshire",KA12,Ayrshire
greetin',56.13049309029696,-3.8327455717662873,1664887832,1547,2000,22,Male,Y,391,Alloa,Clackmannanshire,FK10,"Stirling and Falkirk"
greetin',56.13505555252868,-3.4753716029351094,1664887893,1546,1968,54,Male,N,1121,Cowdenbeath,Fife,KY4,Fife
greetin',56.330911354145094,-3.3471069122098855,1664887947,1549,1951,71,Male,N,1338,"Bridge of Earn","Perth and Kinross",PH2,Fife
greetin',55.933601061996704,-4.2352453081906525,1664888029,1553,1988,34,Male,Y,502,Bishopbriggs,"East Dunbartonshire",G64,Glasgow
greetin',55.93009518175325,-4.6672839400640385,1664888088,1554,1971,51,Male,Y,1228,Langbank,Renfrewshire,PA14,Glasgow
greetin',55.948273095540245,-3.717598473649562,1664888133,1557,1965,57,Female,Y,377,"Falkirk (centre and south: Arnothill, Bantaskin, Callendar Park, Glen Village, Hallglen, Lionthorn, Tamfourhill, Woodlands)",Falkirk,FK1,"Stirling and Falkirk"
greetin',57.56416066952572,-2.8054018572956343,1664888198,1558,1985,37,Male,Y,88,Keith, Moray,AB55,"North East (Aberdeen)"
greetin',55.979793985883056,-3.861634548914384,1664888200,1555,1961,61,Male,Y,377,"Falkirk (centre and south: Arnothill, Bantaskin, Callendar Park, Glen Village, Hallglen, Lionthorn, Tamfourhill, Woodlands)",Falkirk,FK1,"Stirling and Falkirk"
greetin',56.72483071076746,-2.6799389737381425,1664888375,1568,2002,20,Male,Y,182,Brechin,Angus,DD9,"Tayside and Angus (Dundee)"
greetin',56.484742602555045,-2.8938090461317114,1664888497,1563,1960,62,Male,N,254,"Douglas, Dundee",Dundee,"Dundee North","Tayside and Angus (Dundee)"
greetin',55.98192643402172,-4.242163152944865,1664888500,1567,1960,62,Male,N,507,Kirkintilloch,"East Dunbartonshire",G66,Glasgow
greetin',55.964962221567,-3.1940469348827336,1664888561,1564,1995,27,Other,Y,287,"Corstorphine, Edinburgh",Edinburgh,"Edinburgh North","Lothian (Edinburgh)"
greetin',55.54511299945538,-3.013666593946804,1664888566,1574,1988,34,Female,Y,1475,Ettrick,"Scottish Borders",TD7,Borders
greetin',55.96122980649842,-3.2309567654357862,1664888590,1573,1986,36,Female,Y,278,"Granton, Edinburgh",Edinburgh,"Edinburgh Clermiston Granton","Lothian (Edinburgh)"
greetin',56.82911263911504,-3.119486391422206,1664888623,1572,1952,70,Female,Y,181,Kirriemuir,Angus,DD8,"Tayside and Angus (Dundee)"
greetin',55.80793410573061,-4.205356469044784,1664888708,1575,1955,67,Female,N,571,"Castlemilk, Glasgow",Glasgow,"Glasgow Castlemilk",Glasgow
greetin',55.867594170225274,-4.334199843465633,1664888761,1579,1960,62,Male,Y,679,"Pollock, Glasgow",Glasgow,"Glasgow Southwest",Glasgow
greetin',57.65105803106505,-2.923152191094883,1664888809,1580,1997,25,Female,Y,90,Buckie,Moray,AB56,"North East (Aberdeen)"
greetin',55.85491783201733,-4.210925338241623,1664888891,1586,1963,59,Male,N,628,"Balornock, Glasgow",Glasgow,"Glasgow Northeast",Glasgow
greetin',55.388732192914084,-4.757431623312257,1664888943,1585,1989,33,Female,Y,860,Dunure,"South Ayrshire",KA7,Ayrshire
greetin',55.93531291533249,-4.430493625214788,1664888967,1587,1967,55,Male,Y,546,Clydebank,"West Dunbartonshire",G81,Glasgow
greetin',55.84056009951974,-4.465889949361584,1664889000,1591,1970,52,Female,N,1220,"Paisley (central, east and north east: Ferguslie, Oldhall, Seedhill, Williamsburgh, Whitehaugh)",Renfrewshire,PA1,Glasgow
greetin',56.58151988819904,-2.7544420199615716,1664889012,1578,1953,69,Female,N,141,Arbroath,Angus,DD11,"Tayside and Angus (Dundee)"
greetin',56.048054185048734,-3.5246829145172938,1664889012,1589,1987,35,Female,Y,1096,"Dunfermline (centre, north, west: Abbey Parks, Lady's Mill, Garvock, Headwell, Kingseathill, Wellwood, Milesmark, Baldridge, Pittencrieff, Baldridgeburn)",Fife,KY12,Fife
greetin',57.26163835289599,-2.5467309762784174,1664889145,1594,1995,27,Female,Y,65,Kemnay,Aberdeenshire,AB51,"North East (Aberdeen)"
greetin',55.83791015001532,-4.332463789045878,1664889166,1481,1990,32,Female,Y,661,"Govanhill, Glasgow",Glasgow,"Glasgow Southwest",Glasgow
greetin',57.444588675844265,-3.6295359199506496,1664889168,1592,1953,69,Male,Y,740,Forres,Moray,IV36,"North East (Aberdeen)"
greetin',55.574462386654154,-4.111177775445599,1664889318,1593,1960,62,Male,N,1160,Strathaven,"North Lanarkshire",ML10,Glasgow
greetin',55.859538494283434,-4.175116593987659,1664889423,1598,1981,41,Male,Y,623,"Shettleston, Glasgow",Glasgow,"Glasgow Northeast",Glasgow
greetin',55.93684307463695,-3.9838012521698416,1664889449,1599,1987,35,Male,Y,514,"Cumbernauld (south: Condorrat, Lenziemill, Carbrain, Kildrum, Cumbernauld Village, Abronhill, Seafar)","North Lanarkshire",G67,Glasgow
greetin',55.939024628219244,-3.6353049774787243,1664889481,1600,1994,28,Male,Y,368,Bathgate,"West Lothian",EH48,"Lothian (Edinburgh)"
greetin',56.241773217485544,-3.528624992686553,1664889531,1488,1980,42,Female,N,1098,Kinross,"Perth and Kinross",KY13,Fife
greetin',55.83109934753675,-3.9951071048050535,1664889586,1601,1996,26,Female,Y,1151,Motherwell,"North Lanarkshire",ML1,Glasgow
greetin',55.77238108691433,-3.8062204967016307,1664889714,1596,1962,60,Female,Y,1180,Wishaw,"North Lanarkshire",ML2,Glasgow
greetin',55.41795203436899,-4.636064977762121,1664889861,1605,1985,37,Female,Y,859,Doonfoot,"South Ayrshire",KA7,Ayrshire
greetin',55.92287388111971,-4.361873691937339,1664889930,1606,1994,28,Male,Y,488,Bearsden,"East Dunbartonshire",G61,Glasgow
greetin',55.93570895166982,-3.5758602582413657,1664890039,1604,1956,66,Female,Y,368,Bathgate,"West Lothian",EH48,"Lothian (Edinburgh)"
greetin',57.15774465287782,-2.122483037665996,1664890138,1608,1945,77,Female,N,107,"Rosemount, Aberdeen",Aberdeen,"Aberdeen Central","North East (Aberdeen)"
greetin',55.75371287169611,-3.803148105335763,1664890174,1612,1990,32,Female,Y,1212,Carluke,"South Lanarkshire",ML8,Glasgow
greetin',55.78459265516792,-3.9535352729388795,1664890294,1613,1959,63,Male,Y,1151,Motherwell,"North Lanarkshire",ML1,Glasgow
greetin',56.93110796631181,-2.3879133243800545,1664890361,1508,1995,27,Female,Y,48,Stonehaven,Aberdeenshire,AB39,"North East (Aberdeen)"
greetin',55.79312067989253,-3.931393438603818,1664890432,1601,1996,26,Female,Y,1151,Motherwell,"North Lanarkshire",ML1,Glasgow
greetin',57.15474478797347,-2.1526224845917206,1664890503,1615,1971,51,Female,Y,107,"Rosemount, Aberdeen",Aberdeen,"Aberdeen Central","North East (Aberdeen)"
greetin',55.91879697331202,-4.34082814389126,1664890516,1618,1987,35,Female,Y,488,Bearsden,"East Dunbartonshire",G61,Glasgow
greetin',57.11303719338656,-2.2492953019920163,1664890639,1620,1991,31,Male,Y,128,"Mannofield, Aberdeen",Aberdeen,"Aberdeen Southwest","North East (Aberdeen)"
greetin',57.117930445386115,-2.29735155788891,1664890667,1622,1976,46,Female,N,128,"Mannofield, Aberdeen",Aberdeen,"Aberdeen Southwest","North East (Aberdeen)"
greetin',56.51070469782749,-3.335399900884146,1664890880,1628,1963,59,Female,Y,1324,"Coupar Angus","Perth and Kinross",PH13,Fife
greetin',55.83981622112016,-4.232750999302031,1664890901,1626,1982,40,Female,Y,661,"Govanhill, Glasgow",Glasgow,"Glasgow Southwest",Glasgow
greetin',56.061158214220356,-3.5345241884172767,1664890932,1619,1987,35,Male,Y,1096,"Dunfermline (centre, north, west: Abbey Parks, Lady's Mill, Garvock, Headwell, Kingseathill, Wellwood, Milesmark, Baldridge, Pittencrieff, Baldridgeburn)",Fife,KY12,Fife
greetin',58.209668163158625,-6.383262572917243,1664891019,1630,1957,65,Male,Y,686,"Stornoway, Isle of Lewis","Western Isles",HS1,"Western Isles"
greetin',55.93694057099801,-4.855887405722461,1664891049,1621,1984,38,Male,Y,1235,Gourock,Inverclyde,PA19,Glasgow
greetin',55.82997721446962,-4.461103744967874,1664891397,1636,1988,34,Male,Y,1236,"Paisley (south: Blackhall, Castlehead, Dykebar, Foxbar, Hunterhill, Meikleriggs)",Renfrewshire,PA2,Glasgow
greetin',55.812164081971126,-3.9915110312668944,1664891421,1637,1965,57,Female,Y,1186,Bellshill,"North Lanarkshire",ML4,Glasgow
greetin',54.9942499884944,-4.0384343903357784,1664891537,1638,1970,52,Male,Y,221,"Gatehouse of Fleet","Dumfries and Galloway",DG7,"Dumfries and Galloway"
greetin',55.038838090692565,-3.234838480390435,1664891595,1633,1947,75,Male,Y,196,Lockerbie,"Dumfries and Galloway",DG11,"Dumfries and Galloway"
greetin',56.6689232700413,-2.982841573896126,1664891602,1641,1977,45,Male,N,179,Forfar,Angus,DD8,"Tayside and Angus (Dundee)"
greetin',55.87496677315477,-4.319498737131547,1664891746,1643,1998,24,Male,Y,587,"Jordanhill, Glasgow",Glasgow,"Glasgow Kelvin",Glasgow
greetin',55.97767585965058,-3.8911872150876072,1664891782,1644,1990,32,Female,Y,442,Allandale, Falkirk,FK4,"Stirling and Falkirk"
greetin',56.10038292913058,-5.516922310323267,1664892071,1640,1991,31,Male,Y,1254,Lochgilphead,"Argyll and Bute",PA31,"Argyll and Bute"
greetin',55.42985472861245,-4.628055713701353,1664892078,1654,1992,30,Male,Y,856,"Ayr (Centre)","South Ayrshire",KA7,Ayrshire
greetin',57.62931599226833,-2.24112124821754,1664892134,1655,1969,53,Female,Y,57,Fraserburgh,Aberdeenshire,AB43,"North East (Aberdeen)"
greetin',56.129295552476826,-3.140227519805706,1664892155,1657,1958,64,Female,Y,1079,"Kirkcaldy (east: Linktown, Port Brae, Pathhead, Sinclairtown, Smeaton, Gallatown)",Fife,KY1,Fife
greetin',56.12751861443422,-3.1868026860534333,1664892169,1658,1994,28,Male,Y,1117,"Kirkcaldy (west: Hayfield, Templehall, Newliston, Chapel, Dunnikier, Bennochy)",Fife,KY2,Fife
greetin',55.826698781166186,-3.885903390794468,1664892194,1659,1979,43,Male,Y,1151,Motherwell,"North Lanarkshire",ML1,Glasgow
greetin',55.85826182643053,-4.145456820096209,1664892198,1660,1964,58,Female,Y,634,"Maryhill, Glasgow",Glasgow,"Glasgow Northeast",Glasgow
greetin',55.9155809160993,-3.271156448417012,1664892283,1663,1963,59,Male,N,310,"Balerno, Edinburgh",Edinburgh,"Edinburgh South","Lothian (Edinburgh)"
greetin',55.899760278076386,-3.84140440249737,1664892364,1661,1959,63,Male,Y,1192,Airdrie,"North Lanarkshire",ML6,Glasgow
greetin',56.434047860450306,-5.454490499483614,1664892399,1650,1950,72,Female,N,1257,Oban,"Argyll and Bute",PA34,"Argyll and Bute"
greetin',55.58436746558694,-4.484048378159887,1664892440,1647,1947,75,Male,Y,779,"Kilmarnock (centre and south: Bonnyton, Grange, Bellfield, Shortlees, Caprington, Riccarton, Hurlford)","East Ayrshire",KA1,Ayrshire
greetin',57.576088531675836,-1.8506965329212097,1664892510,1668,1983,39,Female,Y,54,Peterhead,Aberdeenshire,AB42,"North East (Aberdeen)"
greetin',55.85842905883092,-3.50261069781919,1664892550,1666,1974,48,Female,N,375,Livingston,"West Lothian",EH54,"Lothian (Edinburgh)"
greetin',56.911287799347356,-2.862532219194616,1664892586,1664,1982,40,Female,Y,182,Brechin,Angus,DD9,"Tayside and Angus (Dundee)"
greetin',55.88723582972453,-3.1346092815006332,1664892764,1673,1952,70,Female,N,322,"Gilmerton, Edinburgh",Edinburgh,"Edinburgh Southeast","Lothian (Edinburgh)"
greetin',55.190157005155086,-2.9421740731670827,1664892766,1671,2004,18,Male,Y,203,Langholm,"Dumfries and Galloway",DG13,"Dumfries and Galloway"
greetin',55.81410821227782,-4.366969032797704,1664892772,1675,1974,48,Female,N,672,"Govan, Glasgow",Glasgow,"Glasgow Southwest",Glasgow
greetin',56.10550152210934,-3.2329679429291405,1664892805,1674,1979,43,Male,Y,1117,"Kirkcaldy (west: Hayfield, Templehall, Newliston, Chapel, Dunnikier, Bennochy)",Fife,KY2,Fife
greetin',55.90717288325926,-3.137811659027902,1664892847,1672,1949,73,Female,N,322,"Gilmerton, Edinburgh",Edinburgh,"Edinburgh Southeast","Lothian (Edinburgh)"
greetin',56.05081142785829,-4.002899200552175,1664892913,1680,1985,37,Female,Y,452,Denny,Falkirk,FK6,"Stirling and Falkirk"
greetin',55.85583526506509,-3.985041745911391,1664893034,1682,1969,53,Female,N,1192,Airdrie,"North Lanarkshire",ML6,Glasgow
greetin',56.87716746031452,-2.9608957298070955,1664893083,1679,2001,21,Female,N,182,Brechin,Angus,DD9,"Tayside and Angus (Dundee)"
greetin',57.632337887045,-1.9780525015441148,1664893216,1685,1943,79,Female,Y,56,Crimond,Aberdeenshire,AB43,"North East (Aberdeen)"
greetin',55.96098801856916,-3.166275823094603,1664893417,1693,1967,55,Female,Y,287,"Corstorphine, Edinburgh",Edinburgh,"Edinburgh North","Lothian (Edinburgh)"
greetin',58.468158605600095,-4.075318922884148,1664893445,1694,1996,26,Other,Y,953,Reay,Highland,KW14,"Highlands (Inverness)"
greetin',55.872430125222344,-4.586477738799652,1664893509,1041,1977,45,Male,Y,1224,"Bridge of Weir",Renfrewshire,PA11,Glasgow
greetin',56.468474809523386,-3.0194659055876656,1664893780,1695,1956,66,Male,N,238,"Menzieshill, Dundee",Dundee,"Dundee Central","Tayside and Angus (Dundee)"
greetin',55.40946460297684,-3.228155347287093,1664893794,1697,1983,39,Female,Y,1479,Selkirk,"Scottish Borders",TD7,Borders
greetin',55.795057564975274,-4.327738671970206,1664893816,1700,1982,40,Male,Y,647,"Pollokshields, Glasgow",Glasgow,"Glasgow South",Glasgow
greetin',56.122599965570934,-3.748975582451704,1664893842,1696,1965,57,Female,N,391,Alloa,Clackmannanshire,FK10,"Stirling and Falkirk"
greetin',56.05456464214838,-3.470934600620555,1664893889,1703,1994,28,Male,Y,1090,"Dunfermline (south and east: Halbeath, Touch, Duloch, Masterton, Pitcorthie, Abbeyview, Brucefield, Hospital Hill, Camdean, Pitreavie)",Fife,KY11,Fife
greetin',55.98080584202543,-3.1880717257357105,1664893946,1702,1948,74,Female,Y,285,"Leith, Edinburgh",Edinburgh,"Edinburgh Leith","Lothian (Edinburgh)"
greetin',55.92313654204429,-3.602891064896262,1664894002,1705,1999,23,Female,Y,367,Armadale,"West Lothian",EH48,"Lothian (Edinburgh)"
greetin',56.40803743791694,-2.824363989718997,1664894068,1706,1989,33,Female,Y,1114,"St Andrews",Fife,KY16,Fife
greetin',56.416218477974176,-2.8399654398010847,1664894097,1707,1966,56,Male,Y,176,Tayport,Fife,DD6,"Tayside and Angus (Dundee)"
greetin',60.65091418390387,-1.0448653360465814,1664894401,1712,1994,28,Male,Y,1512,Brae,"Shetland Isles",ZE2,"Shetland Islands"
greetin',57.34238270904994,-2.3625410648444936,1664894416,1714,1962,60,Female,Y,66,Kintore,Aberdeenshire,AB51,"North East (Aberdeen)"
greetin',54.81423561314744,-3.9223439203469765,1664894565,1711,1985,37,Male,Y,218,Kirkcudbright,"Dumfries and Galloway",DG6,"Dumfries and Galloway"
greetin',56.12131796637204,-3.241114122184528,1664894657,1719,1989,33,Female,Y,1117,"Kirkcaldy (west: Hayfield, Templehall, Newliston, Chapel, Dunnikier, Bennochy)",Fife,KY2,Fife
greetin',55.37003215931398,-4.114913940328245,1664894674,1720,1968,54,Female,Y,798,Cumnock,"East Ayrshire",KA18,Ayrshire
greetin',56.959882842658224,-2.817907004598494,1664894727,1722,1979,43,Female,N,182,Brechin,Angus,DD9,"Tayside and Angus (Dundee)"
greetin',56.70970561084781,-3.734238292834012,1664894874,1723,1957,65,Male,Y,1329,Pitlochry,"Perth and Kinross",PH16,Fife
greetin',56.177124120603914,-3.2221082039017803,1664894913,1724,1964,58,Female,N,1126,Cardenden,Fife,KY5,Fife
greetin',55.95654502643447,-4.183448512809496,1664894929,1726,1953,69,Male,Y,507,Kirkintilloch,"East Dunbartonshire",G66,Glasgow
greetin',57.609078760483726,-3.106755650904211,1664894938,1727,1995,27,Male,Y,739,Fochabers,Moray,IV32,"North East (Aberdeen)"
greetin',56.14724083634443,-3.7520433838741973,1664894938,1728,1994,28,Female,Y,391,Alloa,Clackmannanshire,FK10,"Stirling and Falkirk"
greetin',55.57030898842024,-4.531349946378803,1664895030,1732,1964,58,Male,Y,779,"Kilmarnock (centre and south: Bonnyton, Grange, Bellfield, Shortlees, Caprington, Riccarton, Hurlford)","East Ayrshire",KA1,Ayrshire
greetin',55.93889871839968,-4.257195042825505,1664895059,1734,1972,50,Male,Y,502,Bishopbriggs,"East Dunbartonshire",G64,Glasgow
greetin',54.89077015302652,-4.716893030031812,1664895096,1733,1989,33,Female,Y,225,"Newton Stewart","Dumfries and Galloway",DG8,"Dumfries and Galloway"
greetin',54.8756142390862,-4.1317432447164695,1664895116,1629,1968,54,Female,N,220,"Castle Douglas","Dumfries and Galloway",DG7,"Dumfries and Galloway"
greetin',54.87072173629643,-4.643080652426644,1664895178,1735,1955,67,Female,Y,223,Glenluce,"Dumfries and Galloway",DG8,"Dumfries and Galloway"
greetin',56.27792162702325,-3.275587266538196,1664895202,1737,1987,35,Male,Y,1103,Strathmiglo,Fife,KY14,Fife
greetin',57.14897224220709,-2.0881905253145607,1664895211,1736,1960,62,Male,N,127,"Torry, Aberdeen",Aberdeen,"Aberdeen Southeast","North East (Aberdeen)"
greetin',55.74973386986092,-3.5351742323132345,1664895347,1738,1986,36,Male,Y,1167,Lanark,"South Lanarkshire",ML11,Glasgow
greetin',57.679328207687156,-1.9406104830405813,1664895424,1739,1992,30,Female,Y,57,Fraserburgh,Aberdeenshire,AB43,"North East (Aberdeen)"
greetin',55.87358267991514,-3.390622112810273,1664895479,1730,1992,30,Male,Y,314,"Morningside, Edinburgh",Edinburgh,"Edinburgh South","Lothian (Edinburgh)"
greetin',55.87806841149755,-4.3458217459009,1664895518,1740,1970,52,Male,Y,638,"Drumchapel, Glasgow",Glasgow,"Glasgow Northwest",Glasgow
greetin',55.813175907495726,-4.144541649370129,1664895599,1745,1972,50,Female,Y,529,Cambuslang,"South Lanarkshire",G72,Glasgow
greetin',56.96796899451373,-2.970380132080474,1664895608,1742,1964,58,Female,N,182,Brechin,Angus,DD9,"Tayside and Angus (Dundee)"
greetin',55.88058624487306,-4.042032872165261,1664895644,1746,1988,34,Male,N,1189,Coatbridge,"North Lanarkshire",ML5,Glasgow
greetin',55.40516109043074,-4.667737200534387,1664895656,1741,1976,46,Male,N,856,"Ayr (Centre)","South Ayrshire",KA7,Ayrshire
greetin',55.97281667968845,-3.1941319644659063,1664895676,1747,1982,40,Male,Y,287,"Corstorphine, Edinburgh",Edinburgh,"Edinburgh North","Lothian (Edinburgh)"
greetin',57.14386816112461,-2.1976079652017186,1664895835,1749,1994,28,Male,Y,113,"Bridge of Don, Aberdeen",Aberdeen,"Aberdeen North","North East (Aberdeen)"
greetin',55.84798064491956,-3.6305665115893633,1664895861,1688,1981,41,Male,Y,366,Whitburn,"West Lothian",EH47,"Lothian (Edinburgh)"
greetin',56.21413262010445,-3.849234331471026,1664895956,1750,1967,55,Male,N,405,Dunblane,Stirlingshire,FK15,"Stirling and Falkirk"
greetin',57.16088955403931,-2.278076122748738,1664896080,1753,1996,26,Male,Y,28,Westhill,Aberdeenshire,AB32,"North East (Aberdeen)"
greetin',56.3074740252348,-3.9780051147347533,1664896127,1750,1967,55,Male,N,405,Dunblane,Stirlingshire,FK15,"Stirling and Falkirk"
greetin',56.00046472610479,-3.8499648272529767,1664896133,1757,1984,38,Male,Y,450,Stenhousemuir,Falkirk,FK5,"Stirling and Falkirk"
greetin',55.953156502549,-3.174703129045528,1664896144,1756,1969,53,Male,Y,272,"New Town, Edinburgh",Edinburgh,"Edinburgh Central","Lothian (Edinburgh)"
greetin',55.803688716060385,-3.272775011209302,1664896350,1764,1999,23,Male,N,343,Penicuik,Midlothian,EH26,"Lothian (Edinburgh)"
greetin',55.81139081547926,-4.281064939172796,1664896583,1770,2004,18,Other,School,660,"Arden, Glasgow",Glasgow,"Glasgow South",Glasgow
greetin',56.091634380107024,-3.232032026522322,1664896604,1773,1991,31,Female,N,1117,"Kirkcaldy (west: Hayfield, Templehall, Newliston, Chapel, Dunnikier, Bennochy)",Fife,KY2,Fife
greetin',55.657254984844656,-3.3288078600518762,1664896613,1771,1974,48,Male,Y,362,Peebles,"Scottish Borders",EH45,Borders
greetin',56.145914772209345,-3.909827889190263,1664896642,1752,1975,47,Female,Y,479,"Stirling (north: Causewayhead, Cornton)",Stirlingshire,FK9,"Stirling and Falkirk"
greetin',55.8511809241733,-3.345860166549265,1664896655,1775,1982,40,Female,Y,316,"Bruntsfield, Edinburgh",Edinburgh,"Edinburgh South","Lothian (Edinburgh)"
greetin',55.771644717430526,-2.4615842261964116,1664896702,1777,1951,71,Female,N,1423,Duns,"Scottish Borders",TD11,Borders
greetin',56.18200672504242,-3.578965211357805,1664896766,1776,1963,59,Female,Y,1100,Scotlandwell,"Perth and Kinross",KY13,Fife
greetin',56.518912115062896,-3.047105899440059,1664896802,1774,2000,22,Male,Y,152,Bridgefoot,Angus,DD3,"Tayside and Angus (Dundee)"
greetin',56.47263259524101,-2.8497188386112366,1664896889,1779,1965,57,Female,Y,248,"Barnhill, Dundee",Dundee,"Dundee East","Tayside and Angus (Dundee)"
greetin',55.950076767787934,-3.18688866773759,1664896957,1780,1968,54,Female,N,268,"Stenhouse, Edinburgh",Edinburgh,"Edinburgh Central","Lothian (Edinburgh)"
greetin',55.88740321928316,-2.891780697426578,1664896983,1784,1988,34,Female,Y,350,Pencaitland,"East Lothian",EH34,"Lothian (Edinburgh)"
greetin',57.44608583893112,-1.973599226443441,1664897078,1785,1972,50,Female,Y,54,Peterhead,Aberdeenshire,AB42,"North East (Aberdeen)"
greetin',56.87176293593689,-2.837023823885343,1664897106,1781,1985,37,Female,N,182,Brechin,Angus,DD9,"Tayside and Angus (Dundee)"
greetin',55.900873089265446,-4.322500042029104,1664897180,1783,1992,30,Female,Y,488,Bearsden,"East Dunbartonshire",G61,Glasgow
greetin',56.48456651917898,-2.9983100749607687,1664897219,1790,1983,39,Male,Y,232,"Craigiebank, Dundee",Dundee,"Dundee Bluebelt","Tayside and Angus (Dundee)"
greetin',57.66913275692219,-2.166127893639325,1664897227,1786,1989,33,Female,Y,57,Fraserburgh,Aberdeenshire,AB43,"North East (Aberdeen)"
greetin',57.45417563001812,-3.405025780191541,1664897247,1782,1954,68,Male,Y,46,Rothes,Moray,AB38,"North East (Aberdeen)"
greetin',56.480524169605985,-3.01764717385362,1664897249,1793,1957,65,Female,N,236,"Lochee, Dundee",Dundee,"Dundee Central","Tayside and Angus (Dundee)"
greetin',55.82731809769885,-3.6900626695996905,1664897256,1794,1989,33,Male,N,366,Whitburn,"West Lothian",EH47,"Lothian (Edinburgh)"
greetin',55.65073708825921,-4.280191082106176,1664897454,1800,1966,56,Female,Y,796,Darvel,"East Ayrshire",KA17,Ayrshire
greetin',56.11137091022114,-4.04146487102931,1664897455,1803,1978,44,Male,N,457,Bannockburn,Stirlingshire,FK7,"Stirling and Falkirk"
greetin',55.90193617572588,-3.2333723435176807,1664897485,1801,1964,58,Male,N,305,"Oxgangs, Edinburgh",Edinburgh,"Edinburgh Oxgangs","Lothian (Edinburgh)"
greetin',58.97108776505043,-2.941851903079478,1664897580,1804,2001,21,Male,Y,967,Kirkwall,Orkney,KW15,"Orkney Islands"
greetin',56.067624626181654,-4.653473279793848,1664897587,1805,1983,39,Male,Y,557,Alexandria,"West Dunbartonshire",G83,"Argyll and Bute"
greetin',56.4009302876771,-3.0368921294351905,1664897856,1808,1958,64,Male,N,176,Tayport,Fife,DD6,"Tayside and Angus (Dundee)"
greetin',55.506256400912314,-2.4574033579132717,1664897902,1798,1997,25,Other,Y,1451,Kelso,"Scottish Borders",TD5,Borders
greetin',55.97105232746072,-4.006797241403805,1664897925,1768,2004,18,Female,Y,517,"Cumbernauld (north: Balloch, Eastfield, Carrickstone, Smithstone, Blackwood, Westfield)","North Lanarkshire",G68,Glasgow
greetin',55.800310033267316,-4.063938577360279,1664897940,1813,1977,45,Female,Y,525,Uddingston,"South Lanarkshire",G71,Glasgow
greetin',56.475282178350675,-2.9084065307441387,1664897943,1810,1968,54,Female,Y,247,"Broughty Ferry, Dundee",Dundee,"Dundee East","Tayside and Angus (Dundee)"
greetin',57.66738319763956,-2.8079159814703307,1664898076,1818,1941,81,Female,N,92,Findochty,Moray,AB56,"North East (Aberdeen)"
greetin',56.48545049316162,-2.988884325659461,1664898115,1814,1945,77,Male,N,233,"Fairmuir, Dundee",Dundee,"Dundee Bluebelt","Tayside and Angus (Dundee)"
greetin',56.48592130856462,-2.95678557594052,1664898133,1819,1980,42,Male,Y,254,"Douglas, Dundee",Dundee,"Dundee North","Tayside and Angus (Dundee)"
greetin',55.82624442017402,-4.352323927381178,1664898224,1821,1955,67,Male,Y,662,"Battlefield, Glasgow",Glasgow,"Glasgow Southwest",Glasgow
greetin',55.842206175067865,-4.558845895482597,1664898275,1820,1966,56,Male,N,1222,Kilbarchan,Renfrewshire,PA10,Glasgow
greetin',55.87544906208854,-4.148356295136375,1664898283,1822,1985,37,Male,N,603,"Carntyne, Glasgow",Glasgow,"Glasgow Northeast",Glasgow
greetin',56.76844962517649,-2.769799123020556,1664898393,1829,1992,30,Male,Y,182,Brechin,Angus,DD9,"Tayside and Angus (Dundee)"
greetin',56.007476572488734,-4.01437610156076,1664898532,1831,1988,34,Male,Y,452,Denny,Falkirk,FK6,"Stirling and Falkirk"
greetin',55.93720740600544,-3.285180445281824,1664898565,1828,1958,64,Male,Y,297,"Blackhall, Edinburgh",Edinburgh,"Edinburgh North","Lothian (Edinburgh)"
greetin',55.224464207396124,-4.479926635868047,1664898638,1833,1948,74,Male,Y,804,Crosshill,"South Ayrshire",KA19,Ayrshire
greetin',55.833378822895575,-3.7002823826509115,1664898733,1836,1990,32,Male,Y,366,Whitburn,"West Lothian",EH47,"Lothian (Edinburgh)"
greetin',55.94228390566652,-4.40533773766959,1664898942,1840,1972,50,Male,N,546,Clydebank,"West Dunbartonshire",G81,Glasgow
greetin',55.91678772454773,-3.5925975077069605,1664898977,1837,1973,49,Female,N,368,Bathgate,"West Lothian",EH48,"Lothian (Edinburgh)"
greetin',57.17072090323051,-2.1532466065408205,1664899052,1839,1953,69,Female,Y,99,"Middlefield, Aberdeen",Aberdeen,"Aberdeen Central","North East (Aberdeen)"
greetin',55.834207586827226,-4.449323724252722,1664899064,1841,1989,33,Female,Y,1236,"Paisley (south: Blackhall, Castlehead, Dykebar, Foxbar, Hunterhill, Meikleriggs)",Renfrewshire,PA2,Glasgow
greetin',56.42351693129621,-4.046614323131071,1664899137,1844,1969,53,Male,Y,1399,Comrie,"Perth and Kinross",PH6,Fife
greetin',55.90723010596888,-4.398131184513549,1664899294,1842,1960,62,Male,Y,546,Clydebank,"West Dunbartonshire",G81,Glasgow
greetin',57.608102058478764,-2.1356467788349676,1664899326,1845,1984,38,Male,N,57,Fraserburgh,Aberdeenshire,AB43,"North East (Aberdeen)"
greetin',55.83724183783082,-4.2958334745649225,1664899389,1849,1993,29,Female,Y,657,"Thornliebank, Glasgow",Glasgow,"Glasgow South",Glasgow
greetin',56.82776921611397,-2.3119799726332335,1664899399,1848,1962,60,Male,Y,140,Montrose,Angus,DD10,"Tayside and Angus (Dundee)"
greetin',56.09488462926163,-3.1918291998777177,1664899430,1852,1967,55,Male,Y,1117,"Kirkcaldy (west: Hayfield, Templehall, Newliston, Chapel, Dunnikier, Bennochy)",Fife,KY2,Fife
greetin',56.79370268352924,-3.14341712474505,1664899432,1854,1994,28,Female,Y,179,Forfar,Angus,DD8,"Tayside and Angus (Dundee)"
greetin',56.4659564799714,-2.969524833976832,1664899542,1855,1976,46,Male,Y,245,"Law, Dundee",Dundee,"Dundee Central","Tayside and Angus (Dundee)"
greetin',56.04619709396625,-4.249542776440565,1664899715,1857,1991,31,Female,Y,493,Balmaha,Stirlingshire,G63,"Stirling and Falkirk"
greetin',56.688480182253,-2.4444947461625453,1664899839,1856,1987,35,Male,Y,140,Montrose,Angus,DD10,"Tayside and Angus (Dundee)"
greetin',55.83799252436713,-4.5074507385669005,1664899919,1859,1960,62,Other,Y,1276,Johnstone,Renfrewshire,PA5,Glasgow
greetin',56.977875030930655,-2.5706334253522987,1664900025,1860,1957,65,Female,N,22,Banchory,Aberdeenshire,AB31,"North East (Aberdeen)"
greetin',56.84290364040856,-2.8427066662936324,1664900117,1867,1992,30,Female,Y,182,Brechin,Angus,DD9,"Tayside and Angus (Dundee)"
greetin',56.47027804994312,-3.0827216656488785,1664900159,1864,1965,57,Female,N,145,Liff,Angus,DD2,"Tayside and Angus (Dundee)"
greetin',55.49790874967044,-4.57452552493368,1664900325,1869,1995,27,Female,Y,873,Prestwick,"South Ayrshire",KA9,Ayrshire
greetin',55.56441257700018,-4.367738533457896,1664900558,1876,1992,30,Female,N,843,Galston,"East Ayrshire",KA4,Ayrshire
greetin',57.12565407808555,-2.131232640212717,1664900640,1872,1970,52,Female,Y,126,"Bridge of Dee, Aberdeen",Aberdeen,"Aberdeen Southeast","North East (Aberdeen)"
greetin',55.84775086781211,-4.213265254549538,1664900702,1874,1997,25,Male,Y,612,"Easterhouse, Glasgow",Glasgow,"Glasgow Northeast",Glasgow
greetin',56.32391381310374,-3.3320637476159742,1664900777,1877,1968,54,Female,Y,1337,Balbeggie,"Perth and Kinross",PH2,Fife
greetin',56.31635678165215,-2.6990816099771995,1664900790,1878,1975,47,Male,Y,1114,"St Andrews",Fife,KY16,Fife
greetin',55.96196275353985,-3.147823604307942,1664900805,1879,1948,74,Male,Y,285,"Leith, Edinburgh",Edinburgh,"Edinburgh Leith","Lothian (Edinburgh)"
greetin',55.43924641451463,-4.292662799944587,1664900837,1880,1944,78,Male,N,800,Lugar,"East Ayrshire",KA18,Ayrshire
greetin',57.173202101330716,-2.1545457553325815,1664900903,1883,1943,79,Female,N,107,"Rosemount, Aberdeen",Aberdeen,"Aberdeen Central","North East (Aberdeen)"
greetin',55.84321741884067,-4.070409737239466,1664900907,1881,1962,60,Male,Y,525,Uddingston,"South Lanarkshire",G71,Glasgow
greetin',55.73824967686624,-4.439415355255579,1664900963,1885,1963,59,Male,Y,540,Barrhead,"East Renfrewshire",G78,Glasgow
greetin',55.59018517356671,-5.557943431817524,1664901007,1887,1993,29,Female,Y,1246,Campbeltown,"Argyll and Bute",PA28,"Argyll and Bute"
greetin',55.76441139393561,-4.18254134478527,1664901051,1888,1969,53,Female,Y,530,"East Kilbride (north: The Village, East Mains, West Mains, Lymekilns, St Leonards, Calderwood, Nerston, Stewartfield, Peel Park)","South Lanarkshire",G74,Glasgow
greetin',57.64915739377,-2.967837722327009,1664901072,1889,1964,58,Female,N,90,Buckie,Moray,AB56,"North East (Aberdeen)"
greetin',57.147828862545346,-2.17759309745688,1664901146,1892,1954,68,Male,Y,107,"Rosemount, Aberdeen",Aberdeen,"Aberdeen Central","North East (Aberdeen)"
greetin',56.007321569874456,-3.581087400733161,1664901147,1890,1956,66,Female,Y,370,Bo'ness,Falkirk,EH51,"Lothian (Edinburgh)"
greetin',55.887914732694625,-3.723606873989458,1664901214,1891,1954,68,Male,Y,368,Bathgate,"West Lothian",EH48,"Lothian (Edinburgh)"
greetin',55.532858273750826,-4.600082630332261,1664901284,1897,1977,45,Female,Y,873,Prestwick,"South Ayrshire",KA9,Ayrshire
greetin',55.87376136953052,-3.1080588054834473,1664901305,1894,1965,57,Female,Y,328,Bonnyrigg,Midlothian,EH19,"Lothian (Edinburgh)"
greetin',55.81194473647309,-3.8090276062635553,1664901378,1895,1953,69,Female,N,1208,Salsburgh,"North Lanarkshire",ML7,Glasgow
greetin',57.58981053923515,-3.3858582037766216,1664901485,1871,1995,27,Male,Y,737,Elgin,Moray,IV30,"North East (Aberdeen)"
greetin',55.916103983549384,-4.424414663794711,1664901543,1905,1998,24,Female,Y,546,Clydebank,"West Dunbartonshire",G81,Glasgow
greetin',55.76188536726711,-4.0626746571462045,1664901594,1906,1958,64,Female,N,1183,Hamilton,"South Lanarkshire",ML3,Glasgow
greetin',57.664809606931556,-3.093987131229673,1664901616,1904,1977,45,Male,Y,739,Fochabers,Moray,IV32,"North East (Aberdeen)"
greetin',56.828744711317256,-2.8391996879065333,1664901709,1909,1957,65,Female,N,182,Brechin,Angus,DD9,"Tayside and Angus (Dundee)"
greetin',56.887249605957706,-2.9418120650986355,1664901711,1907,1987,35,Female,Y,182,Brechin,Angus,DD9,"Tayside and Angus (Dundee)"
greetin',55.916530831800635,-4.662532892324288,1664901758,1910,1957,65,Male,Y,1227,Kilmacolm,Inverclyde,PA13,Glasgow
greetin',56.06391252893844,-3.665190437664538,1664901896,1908,1996,26,Male,Y,391,Alloa,Clackmannanshire,FK10,"Stirling and Falkirk"
greetin',55.91625586947175,-4.2344216032310795,1664901910,1913,1977,45,Female,Y,502,Bishopbriggs,"East Dunbartonshire",G64,Glasgow
greetin',57.26157963044618,-2.35132625042021,1664901985,1914,1967,55,Female,Y,64,Inverurie,Aberdeenshire,AB51,"North East (Aberdeen)"
greetin',57.17299624518621,-4.340604650998815,1664902004,1915,1992,30,Male,Y,714,"Inverness (east: Culcabock, Crown, Culduthel, Drummond, Haugh, Hilton, Holm, Lochardil, Millburn, Raigmore)",Highland,IV2,"Highlands (Inverness)"
greetin',55.82161182953635,-3.7563751227414235,1664902023,1898,1993,29,Female,N,1210,Greenrigg,"West Lothian",ML7,Glasgow
greetin',57.02071617973493,-2.164014312850533,1664902203,1920,1966,56,Female,Y,48,Stonehaven,Aberdeenshire,AB39,"North East (Aberdeen)"
greetin',55.53915949960722,-4.598494020069774,1664902254,1922,1982,40,Male,Y,873,Prestwick,"South Ayrshire",KA9,Ayrshire
greetin',55.93961776143993,-2.9430190470303197,1664902279,1923,1993,29,Female,Y,349,Tranent,"East Lothian",EH33,"Lothian (Edinburgh)"
greetin',57.079712055813076,-2.484663616827145,1664902316,1925,1962,60,Male,N,25,Torphins,Aberdeenshire,AB31,"North East (Aberdeen)"
greetin',56.228224423103626,-2.7466732455386182,1664902358,1927,1983,39,Female,Y,1086,Anstruther,Fife,KY10,Fife
greetin',55.8449807379967,-4.134668296272828,1664902483,1928,1980,42,Female,Y,615,"Bridgeton, Glasgow",Glasgow,"Glasgow Northeast",Glasgow
greetin',56.48200490768124,-3.7046865785024408,1664902512,1873,2000,22,Female,Y,1313,"Perth (north and west: Burghmuir, Cherrybank, Hillyland, Inveralmond, Lethom, Muirton, North Muirton, Tulloch)","Perth and Kinross",PH1,Fife
greetin',55.51011011554519,-3.9885693962651336,1664902585,1930,1960,62,Male,Y,1167,Lanark,"South Lanarkshire",ML11,Glasgow
greetin',55.80911100281813,-4.080614714656264,1664902733,1932,1975,47,Female,Y,525,Uddingston,"South Lanarkshire",G71,Glasgow
greetin',56.01741556370243,-3.6107279463427524,1664902791,1931,1952,70,Female,N,370,Bo'ness,Falkirk,EH51,"Lothian (Edinburgh)"
greetin',57.23503070761256,-2.260905706392893,1664902818,1934,1982,40,Female,Y,113,"Bridge of Don, Aberdeen",Aberdeen,"Aberdeen North","North East (Aberdeen)"
greetin',57.58917563247216,-2.051762705203694,1664902883,1935,1990,32,Male,Y,57,Fraserburgh,Aberdeenshire,AB43,"North East (Aberdeen)"
greetin',55.832192862290135,-4.477454591996367,1664902917,1933,1974,48,Female,Y,1275,Elderslie,Renfrewshire,PA5,Glasgow
greetin',56.3239541394218,-5.570024861400822,1664902954,1938,1990,32,Female,N,1257,Oban,"Argyll and Bute",PA34,"Argyll and Bute"
greetin',55.83612420897699,-4.242113624584173,1664902983,1937,1991,31,Female,Y,681,"Nitshill, Glasgow",Glasgow,"Glasgow Southwest",Glasgow
greetin',55.827694410991356,-3.556773680403603,1664903042,1942,1978,44,Male,N,376,"West Calder","West Lothian",EH55,"Lothian (Edinburgh)"
greetin',58.55544711623489,-3.59863520147785,1664903080,1939,1979,43,Male,Y,961,Thurso,Highland,KW14,"Highlands (Inverness)"
greetin',56.46397041245458,-3.0598458072811043,1664903148,1941,1957,65,Female,N,260,"City centre, Dundee",Dundee,"Dundee West","Tayside and Angus (Dundee)"
greetin',56.05165487162661,-3.3078518460721837,1664903249,1943,1973,49,Male,N,1119,Burntisland,Fife,KY3,Fife
greetin',55.74722740273229,-3.948703989608542,1664903306,1944,1965,57,Male,Y,1217,Larkhall,"North Lanarkshire",ML9,Glasgow
greetin',55.87794862068453,-4.332415375027926,1664903344,1945,1962,60,Male,Y,639,"Scotstoun, Glasgow",Glasgow,"Glasgow Northwest",Glasgow
greetin',55.99923449507234,-3.8831182348598325,1664903438,1947,1980,42,Female,N,447,"High Bonnybridge",Falkirk,FK4,"Stirling and Falkirk"
greetin',57.57664221497301,-1.884215940778085,1664903577,1949,1984,38,Male,N,54,Peterhead,Aberdeenshire,AB42,"North East (Aberdeen)"
greetin',55.85910199294189,-3.513590538372833,1664903655,1952,2000,22,Other,Y,375,Livingston,"West Lothian",EH54,"Lothian (Edinburgh)"
greetin',56.60001021770537,-2.644739466443258,1664903673,1954,1999,23,Male,Y,141,Arbroath,Angus,DD11,"Tayside and Angus (Dundee)"
greetin',55.947276028348654,-4.855211209635764,1664903726,1958,1966,56,Female,Y,1235,Gourock,Inverclyde,PA19,Glasgow
greetin',55.77234941809075,-3.8939208009053647,1664903760,1955,1972,50,Male,N,1180,Wishaw,"North Lanarkshire",ML2,Glasgow
greetin',55.79359181509397,-3.8502209282653954,1664903904,1955,1972,50,Male,N,1180,Wishaw,"North Lanarkshire",ML2,Glasgow
greetin',55.59557982348716,-4.619367454292888,1664903946,1961,1987,35,Female,Y,785,"Irvine (east, south: Perceton, Lawthorn, Girdle Toll, Stanecastle, Bourtreehill, Broomlands, Dreghorn, Springside)","North Ayrshire",KA11,Ayrshire
greetin',55.9778038200953,-2.8646552904969624,1664904011,1963,1976,46,Female,Y,348,Prestonpans,"East Lothian",EH32,"Lothian (Edinburgh)"
greetin',57.49246433203951,-2.046125084859299,1664904060,1964,1989,33,Female,N,54,Peterhead,Aberdeenshire,AB42,"North East (Aberdeen)"
greetin',57.11446508589767,-2.306387158709008,1664904156,1965,1977,45,Male,Y,132,"Peterculter, Aberdeen",Aberdeen,"Aberdeen Southwest","North East (Aberdeen)"
greetin',57.1159458580099,-2.18592966157733,1664904177,1966,1999,23,Female,Y,128,"Mannofield, Aberdeen",Aberdeen,"Aberdeen Southwest","North East (Aberdeen)"
greetin',57.11622278409979,-2.2590884021621056,1664904396,1966,1999,23,Female,Y,128,"Mannofield, Aberdeen",Aberdeen,"Aberdeen Southwest","North East (Aberdeen)"
greetin',56.47814574413974,-2.894190179118676,1664904490,1967,1948,74,Male,Y,250,"Downfield, Dundee",Dundee,"Dundee North","Tayside and Angus (Dundee)"
greetin',57.69114705920559,-3.438417589173747,1664904520,1968,1983,39,Female,Y,737,Elgin,Moray,IV30,"North East (Aberdeen)"
greetin',55.725059424376035,-4.550797195469371,1664904736,1974,1956,66,Male,N,837,"Kilmarnock (north: Onthank, Townholm, Altonhill, Longpark, Beansburn, New Farm Loch, Knockinlaw, Hillhead, Crookedholm)","East Ayrshire",KA3,Ayrshire
greetin',57.638066757806975,-3.655369855456914,1664904786,1972,1957,65,Male,N,740,Forres,Moray,IV36,"North East (Aberdeen)"
greetin',59.22157498919053,-2.6625889658515143,1664904835,1976,1968,54,Female,Y,1025,"Orkney Islands",Orkney,KW17,"Orkney Islands"
greetin',59.03538556092239,-3.187503948028552,1664904898,1979,1961,61,Female,Y,1025,"Orkney Islands",Orkney,KW17,"Orkney Islands"
greetin',57.54963340072377,-3.139822099935951,1664904928,1980,1983,39,Male,Y,739,Fochabers,Moray,IV32,"North East (Aberdeen)"
greetin',55.82581845772047,-3.9472432880734876,1664905003,1977,1971,51,Male,N,1151,Motherwell,"North Lanarkshire",ML1,Glasgow
greetin',56.96559833815368,-2.8439125381132184,1664905057,1982,1996,26,Female,N,182,Brechin,Angus,DD9,"Tayside and Angus (Dundee)"
greetin',55.53489169919953,-4.639703463451242,1664905097,1983,1970,52,Female,Y,784,Troon,"South Ayrshire",KA10,Ayrshire
greetin',56.89253391185936,-3.612669852771269,1664905217,1985,1997,25,Male,Y,1318,Blairgowrie,"Perth and Kinross",PH10,Fife
greetin',55.66007123489278,-4.60760356421279,1664905280,1987,1981,41,Female,Y,785,"Irvine (east, south: Perceton, Lawthorn, Girdle Toll, Stanecastle, Bourtreehill, Broomlands, Dreghorn, Springside)","North Ayrshire",KA11,Ayrshire
greetin',55.961747637009445,-3.153099956544196,1664905304,1489,1956,66,Male,Y,285,"Leith, Edinburgh",Edinburgh,"Edinburgh Leith","Lothian (Edinburgh)"
greetin',56.48088332491341,-2.973569482025254,1664905422,1992,1963,59,Male,N,234,"Baxter Park, Dundee",Dundee,"Dundee Bluebelt","Tayside and Angus (Dundee)"
greetin',57.42076576840541,-4.296063184847499,1664905437,1946,1973,49,Male,Y,714,"Inverness (east: Culcabock, Crown, Culduthel, Drummond, Haugh, Hilton, Holm, Lochardil, Millburn, Raigmore)",Highland,IV2,"Highlands (Inverness)"
greetin',56.470528686428544,-3.026654899479772,1664905451,1993,1952,70,Male,Y,236,"Lochee, Dundee",Dundee,"Dundee Central","Tayside and Angus (Dundee)"
greetin',57.636265415807166,-2.0406803880888416,1664905460,1984,1965,57,Female,N,57,Fraserburgh,Aberdeenshire,AB43,"North East (Aberdeen)"
greetin',56.90896646083505,-2.5031972543766385,1664905474,1988,1959,63,Male,Y,18,Laurencekirk,Aberdeenshire,AB30,"North East (Aberdeen)"
greetin',55.812710580010624,-2.92666030825606,1664905572,1994,1980,42,Male,Y,353,Pathhead,Midlothian,EH37,"Lothian (Edinburgh)"
greetin',56.79053740612981,-3.2199254075271857,1664905641,1995,1964,58,Female,Y,179,Forfar,Angus,DD8,"Tayside and Angus (Dundee)"
greetin',55.9838431921926,-4.1460473583429,1664905696,1999,1991,31,Female,Y,510,"Milton of Campsie","East Dunbartonshire",G66,Glasgow
greetin',57.158155172039514,-2.1105034954431945,1664905704,2000,1964,58,Female,N,97,"Mastrick, Aberdeen",Aberdeen,"Aberdeen Central","North East (Aberdeen)"
greetin',57.145649012688615,-2.1579428350645307,1664905792,2001,1958,64,Male,N,107,"Rosemount, Aberdeen",Aberdeen,"Aberdeen Central","North East (Aberdeen)"
greetin',57.128252747697694,-2.221601824237999,1664905821,1998,1991,31,Male,Y,134,"Cults, Aberdeen",Aberdeen,"Aberdeen Southwest","North East (Aberdeen)"
greetin',56.52820788794004,-2.6766330317322207,1664905844,2003,1980,42,Female,Y,178,Carnoustie,Angus,DD7,"Tayside and Angus (Dundee)"
greetin',55.84337426977165,-4.206269873937542,1664905925,2006,1990,32,Female,Y,598,Rutherglen,"South Lanarkshire","Glasgow Northeast",Glasgow
greetin',56.04915908161484,-3.8454022975805757,1664905979,2009,1994,28,Male,Y,449,Larbert,Falkirk,FK5,"Stirling and Falkirk"
greetin',57.63854597221438,-3.4213832672167186,1664906035,2007,1978,44,Male,Y,737,Elgin,Moray,IV30,"North East (Aberdeen)"
greetin',56.0558513278355,-3.5913347521528207,1664906087,2011,2000,22,Male,Y,1096,"Dunfermline (centre, north, west: Abbey Parks, Lady's Mill, Garvock, Headwell, Kingseathill, Wellwood, Milesmark, Baldridge, Pittencrieff, Baldridgeburn)",Fife,KY12,Fife
greetin',56.485867638271394,-2.9653740450759285,1664906304,2014,1980,42,Male,Y,254,"Douglas, Dundee",Dundee,"Dundee North","Tayside and Angus (Dundee)"
greetin',55.608064440963176,-4.058248340164008,1664906444,2017,1970,52,Female,Y,1160,Strathaven,"North Lanarkshire",ML10,Glasgow
greetin',57.5990650034203,-2.004479484811616,1664906445,2022,1952,70,Female,Y,57,Fraserburgh,Aberdeenshire,AB43,"North East (Aberdeen)"
greetin',55.62797722990591,-4.6641358214848925,1664906503,2020,1986,36,Female,Y,787,"Irvine (centre: Castlepark, Tarryholme)","North Ayrshire",KA12,Ayrshire
greetin',55.76322716863827,-4.404350506272821,1664906588,2025,1968,54,Female,Y,539,"Newton Mearns","East Renfrewshire",G77,Glasgow
greetin',56.00603317004781,-3.720081555922908,1664906607,1960,1955,67,Male,N,439,Grangemouth,Falkirk,FK3,"Stirling and Falkirk"
greetin',56.47611821503889,-2.938717541873687,1664906646,2024,1968,54,Male,Y,256,"Whitfield, Dundee",Dundee,"Dundee North","Tayside and Angus (Dundee)"
greetin',56.277195452873606,-4.589568961786645,1664906653,2027,1959,63,Female,N,473,"Stirling (centre and west: Kings Park, Raploch, Riverside)",Stirlingshire,FK8,"Stirling and Falkirk"
greetin',56.04594759101824,-3.3907507141849447,1664906758,2019,1979,43,Female,Y,1091,Inverkeithing,Fife,KY11,Fife
greetin',55.8773244678864,-4.463603294868844,1664906838,2029,1982,40,Male,Y,1264,Renfrew,Renfrewshire,PA4,Glasgow
greetin',55.648397449477415,-4.3577166363435,1664906890,2015,1978,44,Female,Y,843,Galston,"East Ayrshire",KA4,Ayrshire
greetin',57.54572246968246,-3.3334210801657,1664907110,2032,1983,39,Female,Y,737,Elgin,Moray,IV30,"North East (Aberdeen)"
greetin',56.48070013240724,-2.9072144037568783,1664907191,2031,1956,66,Female,N,254,"Douglas, Dundee",Dundee,"Dundee North","Tayside and Angus (Dundee)"
greetin',55.97743487781239,-3.2226330468059086,1664907216,2036,1967,55,Male,N,278,"Granton, Edinburgh",Edinburgh,"Edinburgh Clermiston Granton","Lothian (Edinburgh)"
greetin',56.486389876454986,-3.6057361588599806,1664907335,2041,1962,60,Male,Y,1313,"Perth (north and west: Burghmuir, Cherrybank, Hillyland, Inveralmond, Lethom, Muirton, North Muirton, Tulloch)","Perth and Kinross",PH1,Fife
greetin',57.177966876637434,-3.244383867579105,1664907457,2044,1977,45,Female,Y,40,Strathdon,Aberdeenshire,AB36,"North East (Aberdeen)"
greetin',55.937223124502154,-4.2835078673514895,1664907459,2040,1987,35,Male,Y,489,Milngavie,"East Dunbartonshire",G62,Glasgow
greetin',55.83899579155411,-4.3658314161026635,1664907545,2045,1975,47,Male,Y,676,"Mosspark, Glasgow",Glasgow,"Glasgow Southwest",Glasgow
greetin',57.13590075007815,-2.5412101842362724,1664907732,2050,1966,56,Female,N,64,Inverurie,Aberdeenshire,AB51,"North East (Aberdeen)"
greetin',55.29986490376848,-4.476404844392389,1664907750,2038,1948,74,Male,Y,804,Crosshill,"South Ayrshire",KA19,Ayrshire
greetin',56.136832847838875,-3.706010368296653,1664907845,2052,1984,38,Female,Y,396,Tillicoultry,Clackmannanshire,FK13,"Stirling and Falkirk"
greetin',55.47197704477029,-4.611074147826281,1664907995,2054,1963,59,Male,N,868,"Newton on Ayr","South Ayrshire",KA8,Ayrshire
greetin',57.55900636367581,-3.163884900385415,1664908077,2058,1983,39,Female,N,739,Fochabers,Moray,IV32,"North East (Aberdeen)"
greetin',55.974161658659895,-2.897741621780547,1664908117,2055,1975,47,Female,Y,348,Prestonpans,"East Lothian",EH32,"Lothian (Edinburgh)"
greetin',57.648385826336686,-2.584525030392694,1664908153,2057,1989,33,Female,Y,59,Banff,Aberdeenshire,AB45,"North East (Aberdeen)"
greetin',55.915493490051055,-4.096556289027574,1664908188,2060,1972,50,Female,Y,522,Chryston,"North Lanarkshire",G69,Glasgow
greetin',55.89996509051913,-4.861466381680824,1664908226,2059,1992,30,Female,N,1231,"Greenock (west: Bow Farm, Braeside, Branchton, Fort Matilda, Gateside, Greenock West, Overton, Pennyfern, Smithston)",Inverclyde,PA16,Glasgow
greetin',56.340760832585026,-5.304260204601587,1664908352,2063,1968,54,Female,Y,1257,Oban,"Argyll and Bute",PA34,"Argyll and Bute"
greetin',55.75154355004086,-3.93212357626675,1664908397,2065,1965,57,Female,Y,1180,Wishaw,"North Lanarkshire",ML2,Glasgow
greetin',55.83599268560485,-4.490304697231678,1664908405,2056,1954,68,Female,Y,1276,Johnstone,Renfrewshire,PA5,Glasgow
greetin',55.82153919998006,-4.124657409146188,1664908416,2047,1963,59,Male,N,529,Cambuslang,"South Lanarkshire",G72,Glasgow
greetin',57.68029294682562,-2.6437825018728187,1664908448,2068,1975,47,Male,Y,59,Banff,Aberdeenshire,AB45,"North East (Aberdeen)"
greetin',55.716652371239014,-4.023689188988419,1664908462,90,1947,75,Female,Y,1183,Hamilton,"South Lanarkshire",ML3,Glasgow
greetin',55.91556428709069,-4.0005665426803265,1664908513,2069,1970,52,Female,Y,514,"Cumbernauld (south: Condorrat, Lenziemill, Carbrain, Kildrum, Cumbernauld Village, Abronhill, Seafar)","North Lanarkshire",G67,Glasgow
greetin',55.3790672073387,-2.5276857481012356,1664908667,2066,1996,26,Female,Y,1486,Jedburgh,"Scottish Borders",TD8,Borders
greetin',55.33142314914726,-4.806698294095631,1664908675,2070,1957,65,Female,Y,818,Ballantrae,"South Ayrshire",KA26,Ayrshire
greetin',55.72140673906954,-3.798939365962708,1664908759,2073,1993,29,Male,N,1212,Carluke,"South Lanarkshire",ML8,Glasgow
greetin',57.22103683685928,-2.1843468105821957,1664908778,2071,1973,49,Male,N,113,"Bridge of Don, Aberdeen",Aberdeen,"Aberdeen North","North East (Aberdeen)"
greetin',56.464886651055465,-3.038709217187843,1664908827,2074,1998,24,Female,Y,261,"Westend, Dundee",Dundee,"Dundee West","Tayside and Angus (Dundee)"
greetin',57.65371880076023,-3.3984278373319388,1664908885,2072,1998,24,Female,Y,737,Elgin,Moray,IV30,"North East (Aberdeen)"
greetin',57.684204066521936,-3.299448997858658,1664908899,2026,1976,46,Male,Y,738,Lossiemouth,Moray,IV31,"North East (Aberdeen)"
greetin',58.95885993950322,-3.0289181913341063,1664908967,2078,1974,48,Male,Y,967,Kirkwall,Orkney,KW15,"Orkney Islands"
greetin',55.633842039554445,-4.411591315375332,1664908968,2075,1951,71,Female,Y,843,Galston,"East Ayrshire",KA4,Ayrshire
greetin',56.47838589885649,-2.896381808308315,1664909028,2079,1955,67,Male,N,255,"Fintry, Dundee",Dundee,"Dundee North","Tayside and Angus (Dundee)"
greetin',57.211365292087564,-2.579858627938869,1664909048,2077,1973,49,Female,Y,67,Oldmeldrum,Aberdeenshire,AB51,"North East (Aberdeen)"
greetin',57.655036447061406,-3.0983034570706964,1664909110,2082,1981,41,Female,N,739,Fochabers,Moray,IV32,"North East (Aberdeen)"
greetin',55.89168601020694,-3.5143817481366004,1664909236,2083,1965,57,Male,N,375,Livingston,"West Lothian",EH54,"Lothian (Edinburgh)"
greetin',57.61193692786163,-3.010088621023263,1664909278,2085,1992,30,Female,Y,90,Buckie,Moray,AB56,"North East (Aberdeen)"
greetin',55.88109440317406,-4.380310428582606,1664909326,2086,1969,53,Male,Y,1264,Renfrew,Renfrewshire,PA4,Glasgow
greetin',55.5835234117199,-4.379143043859546,1664909370,2087,1972,50,Male,Y,843,Galston,"East Ayrshire",KA4,Ayrshire
greetin',56.53336490159061,-3.4022036522184265,1664909380,2088,1966,56,Male,Y,1313,"Perth (north and west: Burghmuir, Cherrybank, Hillyland, Inveralmond, Lethom, Muirton, North Muirton, Tulloch)","Perth and Kinross",PH1,Fife
greetin',55.7412296985172,-4.453851909779387,1664909417,2089,1975,47,Male,N,540,Barrhead,"East Renfrewshire",G78,Glasgow
greetin',55.852310605729855,-4.2457619896556205,1664909528,2091,1954,68,Male,Y,580,"Anderston, Glasgow",Glasgow,"Glasgow City Centre",Glasgow
greetin',55.79527939477035,-3.9956545982199665,1664909545,2092,1969,53,Male,Y,1151,Motherwell,"North Lanarkshire",ML1,Glasgow
greetin',57.64043116792106,-2.91758501483721,1664909706,2095,1992,30,Female,Y,90,Buckie,Moray,AB56,"North East (Aberdeen)"
greetin',57.637580863751495,-2.9862958940418327,1664909707,2094,1992,30,Female,Y,90,Buckie,Moray,AB56,"North East (Aberdeen)"
greetin',55.88931553024746,-3.8123622531912744,1664909739,2093,1969,53,Male,N,367,Armadale,"West Lothian",EH48,"Lothian (Edinburgh)"
greetin',55.818070671526435,-3.9021610485135714,1664909798,2096,1969,53,Female,Y,1151,Motherwell,"North Lanarkshire",ML1,Glasgow
greetin',55.83766865158645,-4.251151013528242,1664909807,2097,1951,71,Female,N,679,"Pollock, Glasgow",Glasgow,"Glasgow Southwest",Glasgow
greetin',57.253813180207885,-2.0926241222858524,1664909946,2101,1992,30,Female,Y,109,"Hazelhead, Aberdeen",Aberdeen,"Aberdeen North","North East (Aberdeen)"
greetin',56.74005863330223,-3.1715183092210264,1664909951,2103,1996,26,Female,Y,181,Kirriemuir,Angus,DD8,"Tayside and Angus (Dundee)"
greetin',55.78916691452447,-3.7427808644946325,1664909969,2099,1993,29,Female,N,366,Whitburn,"West Lothian",EH47,"Lothian (Edinburgh)"
greetin',56.463237981968234,-2.9834666774409575,1664910059,2106,1985,37,Male,Y,237,"Blackness, Dundee",Dundee,"Dundee Central","Tayside and Angus (Dundee)"
greetin',56.45334896848115,-2.999443313851578,1664910074,2104,1965,57,Male,Y,257,"Ninewells, Dundee",Dundee,"Dundee West","Tayside and Angus (Dundee)"
greetin',55.95640338914675,-4.566259629214836,1664910101,2105,1965,57,Female,Y,549,Dumbarton,"West Dunbartonshire",G82,Glasgow
greetin',56.48487958795728,-3.03768347515808,1664910111,2107,1973,49,Male,N,238,"Menzieshill, Dundee",Dundee,"Dundee Central","Tayside and Angus (Dundee)"
greetin',55.72732901131983,-4.048604575893677,1664910204,2108,1956,66,Female,N,1183,Hamilton,"South Lanarkshire",ML3,Glasgow
greetin',55.87754828319382,-3.2272057904652383,1664910212,2109,1972,50,Female,Y,312,"Juniper Green, Edinburgh",Edinburgh,"Edinburgh South","Lothian (Edinburgh)"
greetin',55.76197072336224,-4.022706148578646,1664910399,2108,1956,66,Female,N,1183,Hamilton,"South Lanarkshire",ML3,Glasgow
greetin',55.68289070839337,-4.000149846633247,1664910418,2114,1995,27,Female,Y,1217,Larkhall,"North Lanarkshire",ML9,Glasgow
greetin',57.5978282009729,-3.1306566862551515,1664910469,2117,1981,41,Female,Y,739,Fochabers,Moray,IV32,"North East (Aberdeen)"
greetin',56.125926043239325,-3.2701048519951565,1664910527,2115,1953,69,Male,Y,1128,Lochgelly,Fife,KY5,Fife
greetin',58.504498702285055,-3.328374363418724,1664910577,2116,1971,51,Female,Y,899,Wick,Highland,KW1,"Highlands (Inverness)"
greetin',57.64993975434599,-2.99884148875219,1664910599,2110,1992,30,Female,N,90,Buckie,Moray,AB56,"North East (Aberdeen)"
greetin',56.01749313297368,-4.0701367949161025,1664910604,2118,1963,59,Female,Y,506,Kilsyth,"North Lanarkshire",G65,Glasgow
greetin',57.469760291232625,-3.4777070156389622,1664910656,1782,1954,68,Male,Y,46,Rothes,Moray,AB38,"North East (Aberdeen)"
greetin',55.9860172761433,-3.1680799435368976,1664910667,2121,1968,54,Female,Y,285,"Leith, Edinburgh",Edinburgh,"Edinburgh Leith","Lothian (Edinburgh)"
greetin',57.65238145818462,-2.8575360388446667,1664910751,2110,1992,30,Female,N,90,Buckie,Moray,AB56,"North East (Aberdeen)"
greetin',57.198433356776505,-2.323538400203356,1664910853,2119,1941,81,Female,Y,112,"Dyce, Aberdeen",Aberdeen,"Aberdeen North","North East (Aberdeen)"
greetin',56.311065497049036,-3.101112765415836,1664910860,2120,2002,20,Other,N,1105,Cupar,Fife,KY15,Fife
greetin',57.708191018025516,-3.3443452552754107,1664910996,2124,1984,38,Male,Y,738,Lossiemouth,Moray,IV31,"North East (Aberdeen)"
greetin',57.68725436228469,-2.7820653299080895,1664911097,2130,1992,30,Female,Y,90,Buckie,Moray,AB56,"North East (Aberdeen)"
greetin',55.84888976574228,-4.334761475821007,1664911122,2129,1962,60,Male,Y,663,"Mount Florida, Glasgow",Glasgow,"Glasgow Southwest",Glasgow
greetin',56.0815623649178,-4.7627701237571545,1664911138,2128,1964,58,Female,N,566,Helensburgh,"Argyll and Bute",G84,"Argyll and Bute"
greetin',57.21906315404742,-2.4728064063188313,1664911249,2132,1967,55,Female,Y,64,Inverurie,Aberdeenshire,AB51,"North East (Aberdeen)"
greetin',55.41054854338918,-3.7724080080615465,1664911391,2135,1976,46,Male,N,1170,Biggar,"South Lanarkshire",ML12,Glasgow
greetin',55.85006451185064,-3.5028213804029376,1664911460,2136,1973,49,Female,Y,375,Livingston,"West Lothian",EH54,"Lothian (Edinburgh)"
greetin',60.3298961738784,-1.4866241289144813,1664911525,2139,1977,45,Male,Y,1555,Hamnavoe,"Shetland Isles",ZE2,"Shetland Islands"
greetin',56.218297600337976,-4.642501896914075,1664911554,2138,1977,45,Female,Y,465,Aberfoyle,Stirlingshire,FK8,"Stirling and Falkirk"
greetin',55.952809958633026,-3.914121732328688,1664911565,2140,1972,50,Male,Y,514,"Cumbernauld (south: Condorrat, Lenziemill, Carbrain, Kildrum, Cumbernauld Village, Abronhill, Seafar)","North Lanarkshire",G67,Glasgow
greetin',55.99486036918047,-3.6953702309039222,1664911604,2137,1958,64,Female,Y,422,"Falkirk (north: Grahamston, Middlefield, Westfield)",Falkirk,FK2,"Stirling and Falkirk"
greetin',55.91364177130635,-3.008048486383078,1664911726,2141,1955,67,Male,N,330,Musselburgh,"East Lothian",EH21,"Lothian (Edinburgh)"
greetin',55.495854505900866,-3.7548820224733213,1664911740,2142,1967,55,Male,N,1170,Biggar,"South Lanarkshire",ML12,Glasgow
greetin',55.60534750869286,-4.159207312147685,1664911758,2143,1969,53,Male,Y,1160,Strathaven,"North Lanarkshire",ML10,Glasgow
greetin',56.017859011558215,-3.783121737972224,1664911819,2137,1958,64,Female,Y,422,"Falkirk (north: Grahamston, Middlefield, Westfield)",Falkirk,FK2,"Stirling and Falkirk"
greetin',59.10447567916194,-3.0802066858603814,1664911862,2144,1980,42,Male,Y,1025,"Orkney Islands",Orkney,KW17,"Orkney Islands"
greetin',57.47538645566261,-1.9919230304139814,1664911928,2146,1980,42,Male,Y,54,Peterhead,Aberdeenshire,AB42,"North East (Aberdeen)"
greetin',55.93325639634103,-3.2706259095142096,1664911957,2151,1971,51,Female,Y,271,"Abbeyhill, Edinburgh",Edinburgh,"Edinburgh Central","Lothian (Edinburgh)"
greetin',55.73831145880781,-4.003352529483422,1664911964,2150,1980,42,Male,N,1183,Hamilton,"South Lanarkshire",ML3,Glasgow
greetin',57.65955407744108,-3.497090687152724,1664912142,2153,1982,40,Male,N,740,Forres,Moray,IV36,"North East (Aberdeen)"
greetin',56.744288465307285,-2.5072945759612257,1664912144,2155,1985,37,Female,Y,140,Montrose,Angus,DD10,"Tayside and Angus (Dundee)"
greetin',56.030352095538426,-3.4577988467479375,1664912257,2156,1970,52,Male,Y,1090,"Dunfermline (south and east: Halbeath, Touch, Duloch, Masterton, Pitcorthie, Abbeyview, Brucefield, Hospital Hill, Camdean, Pitreavie)",Fife,KY11,Fife
greetin',57.45207924097963,-2.570055380005989,1664912391,2157,1962,60,Female,Y,64,Inverurie,Aberdeenshire,AB51,"North East (Aberdeen)"
greetin',55.14529390047427,-3.841364765188481,1664912476,2159,1997,25,Female,Y,207,"Dumfries (west: Broomlands, Cargenbridge, Lochside, Maxwelltown, Troqueer)","Dumfries and Galloway",DG2,"Dumfries and Galloway"
greetin',55.77032757505887,-4.149874124821485,1664912520,2160,1981,41,Female,Y,530,"East Kilbride (north: The Village, East Mains, West Mains, Lymekilns, St Leonards, Calderwood, Nerston, Stewartfield, Peel Park)","South Lanarkshire",G74,Glasgow
greetin',56.50177016955484,-2.7521542817697835,1664912607,2166,1963,59,Female,Y,178,Carnoustie,Angus,DD7,"Tayside and Angus (Dundee)"
greetin',57.443426936854884,-2.0109796219791334,1664912654,2168,2003,19,Female,Y,54,Peterhead,Aberdeenshire,AB42,"North East (Aberdeen)"
greetin',55.44302183196463,-4.083863294508123,1664912660,2165,1985,37,Female,Y,798,Cumnock,"East Ayrshire",KA18,Ayrshire
greetin',55.919825555721445,-4.405787713628588,1664912762,2164,1947,75,Male,N,546,Clydebank,"West Dunbartonshire",G81,Glasgow
greetin',55.76275936270563,-5.03698280710863,1664912778,2169,1981,41,Male,Y,1237,"Isle of Bute","Argyll and Bute",PA20,"Argyll and Bute"
greetin',55.79868904824144,-3.967555129064292,1664912993,2171,1995,27,Female,Y,1151,Motherwell,"North Lanarkshire",ML1,Glasgow
greetin',55.886496158539025,-4.052258427225678,1664913010,2173,1996,26,Male,Y,1189,Coatbridge,"North Lanarkshire",ML5,Glasgow
greetin',56.75022821664409,-3.3004731484365175,1664913069,2176,1981,41,Male,Y,1321,Alyth,"Perth and Kinross",PH11,Fife
greetin',55.761758809344784,-4.2748323076419625,1664913390,2179,1974,48,Female,Y,530,"East Kilbride (north: The Village, East Mains, West Mains, Lymekilns, St Leonards, Calderwood, Nerston, Stewartfield, Peel Park)","South Lanarkshire",G74,Glasgow
greetin',57.521060771991465,-2.076004187116104,1664913448,2180,1956,66,Female,Y,54,Peterhead,Aberdeenshire,AB42,"North East (Aberdeen)"
greetin',56.4585880382776,-2.99325112193249,1664913468,2181,1955,67,Female,N,240,"Ardler, Dundee",Dundee,"Dundee Central","Tayside and Angus (Dundee)"
greetin',55.51755921108098,-4.4238977173883915,1664913543,2182,1956,66,Female,N,846,Mauchline,"East Ayrshire",KA5,Ayrshire
greetin',55.57461187428408,-3.1153122387753363,1664913564,2186,1976,46,Male,N,361,Innerleithen,"Scottish Borders",EH44,Borders
greetin',55.96968674871322,-3.2196327125951703,1664913614,2188,1967,55,Female,Y,278,"Granton, Edinburgh",Edinburgh,"Edinburgh Clermiston Granton","Lothian (Edinburgh)"
greetin',56.48937181077028,-3.0007600446450713,1664913636,2190,2005,17,Male,N,238,"Menzieshill, Dundee",Dundee,"Dundee Central","Tayside and Angus (Dundee)"
greetin',55.87570103774719,-4.059430414642499,1664913674,2187,1985,37,Female,Y,1189,Coatbridge,"North Lanarkshire",ML5,Glasgow
greetin',55.75723630164237,-4.169695190307762,1664913675,2192,1994,28,Male,Y,534,"East Kilbride (south: Hairmyres, Westwood, The Murray, Murray East, Whitehills, Greenhill, Newlandsmuir, Gardenhall, Crosshouse, Newlands, Lindsayfield, Mossneuk)","South Lanarkshire",G75,Glasgow
greetin',56.46371145273364,-3.00038619766855,1664913719,2191,1964,58,Male,N,245,"Law, Dundee",Dundee,"Dundee Central","Tayside and Angus (Dundee)"
greetin',55.807377641865706,-4.054680373401512,1664913735,2185,2003,19,Other,Y,526,Viewpark,"North Lanarkshire",G71,Glasgow
greetin',57.63361160517506,-1.970593770900305,1664913764,2194,1983,39,Male,Y,57,Fraserburgh,Aberdeenshire,AB43,"North East (Aberdeen)"
greetin',55.836544088102386,-4.77376686679073,1664913885,2195,1966,56,Male,Y,842,Largs,"North Ayrshire",KA30,Ayrshire
greetin',58.451191236547146,-3.6589637464371325,1664913887,2196,1975,47,Female,Y,954,Scarfskerry,Highland,KW14,"Highlands (Inverness)"
greetin',56.23187001437575,-3.059925149454523,1664914133,2209,1994,28,Male,Y,1140,Leven,Fife,KY8,Fife
greetin',55.796988404018045,-4.318014795930158,1664914151,2206,1990,32,Male,Y,653,"Netherlee, Glasgow",Glasgow,"Glasgow South",Glasgow
greetin',55.87976695370215,-4.2707914533303155,1664914153,2212,1961,61,Female,Y,609,"Garthamlock, Glasgow",Glasgow,"Glasgow Northeast",Glasgow
greetin',55.832282253962525,-4.085437883969294,1664914203,2208,1994,28,Male,Y,525,Uddingston,"South Lanarkshire",G71,Glasgow
greetin',57.30863707480487,-2.359801119569463,1664914267,2213,1987,35,Other,Y,64,Inverurie,Aberdeenshire,AB51,"North East (Aberdeen)"
greetin',57.2746767894462,-2.05438536675917,1664914313,2214,1948,74,Female,Y,111,"Bucksburn, Aberdeen",Aberdeen,"Aberdeen North","North East (Aberdeen)"
greetin',57.70985933790825,-3.381235212594412,1664914466,2215,1986,36,Female,Y,737,Elgin,Moray,IV30,"North East (Aberdeen)"
greetin',55.891444174688374,-3.2582230426638907,1664914478,2217,1980,42,Female,N,319,"Blackford, Edinburgh",Edinburgh,"Edinburgh South","Lothian (Edinburgh)"
greetin',56.06643666324256,-4.100114804337389,1664914493,2216,1966,56,Female,N,464,"Stirling (south and east: Braehead, Borestone, Broomridge, Torbrex)",Stirlingshire,FK7,"Stirling and Falkirk"
greetin',56.12051811566764,-3.3638066505240114,1664914603,2218,1996,26,Female,Y,1124,Kelty,Fife,KY4,Fife
greetin',57.51654053699694,-4.141466511647429,1664915053,2225,1993,29,Male,Y,714,"Inverness (east: Culcabock, Crown, Culduthel, Drummond, Haugh, Hilton, Holm, Lochardil, Millburn, Raigmore)",Highland,IV2,"Highlands (Inverness)"
greetin',55.81652948326828,-3.9493230677346083,1664915077,2224,1989,33,Female,Y,1151,Motherwell,"North Lanarkshire",ML1,Glasgow
greetin',55.94382875763766,-3.5008485931232487,1664915252,2227,1954,68,Female,N,371,Broxburn,"West Lothian",EH52,"Lothian (Edinburgh)"
greetin',55.858327106847135,-4.169375311126387,1664915283,2231,1984,38,Male,Y,602,"Baillieston, Glasgow",Glasgow,"Glasgow Northeast",Glasgow
greetin',56.11461444747232,-3.572028163274798,1664915299,2226,1973,49,Male,Y,1096,"Dunfermline (centre, north, west: Abbey Parks, Lady's Mill, Garvock, Headwell, Kingseathill, Wellwood, Milesmark, Baldridge, Pittencrieff, Baldridgeburn)",Fife,KY12,Fife
greetin',56.078728874853596,-3.391444594874383,1664915340,2233,1971,51,Other,Y,1090,"Dunfermline (south and east: Halbeath, Touch, Duloch, Masterton, Pitcorthie, Abbeyview, Brucefield, Hospital Hill, Camdean, Pitreavie)",Fife,KY11,Fife
greetin',55.87434747038613,-4.335151540048322,1664915342,2230,1969,53,Male,Y,638,"Drumchapel, Glasgow",Glasgow,"Glasgow Northwest",Glasgow
greetin',55.06128690842963,-3.8134873003333274,1664915373,2223,1993,29,Other,N,208,"New Abbey","Dumfries and Galloway",DG2,"Dumfries and Galloway"
greetin',54.991184379807265,-3.4951208561393683,1664915548,2236,1969,53,Female,Y,186,"Dumfries (centre and east: Dalscone, Georgetown, Heathhall, Kingholm Quay, Noblehill, The Crichton)","Dumfries and Galloway",DG1,"Dumfries and Galloway"
greetin',55.405448199047854,-4.712668814243095,1664915572,2237,1962,60,Female,Y,856,"Ayr (Centre)","South Ayrshire",KA7,Ayrshire
greetin',56.23374398936194,-2.893227492966744,1664915591,2235,1989,33,Female,Y,1140,Leven,Fife,KY8,Fife
greetin',57.16877660183632,-2.1243428016976447,1664915682,2238,1979,43,Male,Y,107,"Rosemount, Aberdeen",Aberdeen,"Aberdeen Central","North East (Aberdeen)"
greetin',57.1554045492439,-2.184940476760342,1664915805,2234,1981,41,Female,Y,106,"Kittybrewster, Aberdeen",Aberdeen,"Aberdeen Central","North East (Aberdeen)"
greetin',55.96226196994829,-3.1876557856524905,1664915828,2242,1959,63,Female,N,291,"Deans Village, Edinburgh",Edinburgh,"Edinburgh North","Lothian (Edinburgh)"
greetin',55.984604582093134,-3.192958883114975,1664915974,2240,1963,59,Male,N,285,"Leith, Edinburgh",Edinburgh,"Edinburgh Leith","Lothian (Edinburgh)"
greetin',55.94182312245364,-3.7463388620233524,1664915990,2246,1967,55,Male,N,377,"Falkirk (centre and south: Arnothill, Bantaskin, Callendar Park, Glen Village, Hallglen, Lionthorn, Tamfourhill, Woodlands)",Falkirk,FK1,"Stirling and Falkirk"
greetin',56.10393231759991,-3.529287930663897,1664916032,2241,1991,31,Male,Y,1096,"Dunfermline (centre, north, west: Abbey Parks, Lady's Mill, Garvock, Headwell, Kingseathill, Wellwood, Milesmark, Baldridge, Pittencrieff, Baldridgeburn)",Fife,KY12,Fife
greetin',55.97560268610849,-2.9094269045743637,1664916074,2248,1985,37,Male,Y,347,Longniddry,"East Lothian",EH32,"Lothian (Edinburgh)"
greetin',58.21191733483071,-6.384462488047198,1664916132,2247,1965,57,Female,Y,686,"Stornoway, Isle of Lewis","Western Isles",HS1,"Western Isles"
greetin',57.09268971975073,-2.275266208938419,1664916168,2250,1964,58,Female,Y,128,"Mannofield, Aberdeen",Aberdeen,"Aberdeen Southwest","North East (Aberdeen)"
greetin',55.92758262578947,-2.8065233418484214,1664916239,2244,1973,49,Male,N,357,Haddington,"East Lothian",EH41,"Lothian (Edinburgh)"
greetin',55.94645317373366,-4.51875847688864,1664916266,2251,1968,54,Female,Y,549,Dumbarton,"West Dunbartonshire",G82,Glasgow
greetin',55.60755450323663,-4.236076704348577,1664916290,2245,1983,39,Male,Y,796,Darvel,"East Ayrshire",KA17,Ayrshire
greetin',58.60294249499641,-3.265195174239511,1664916300,2252,1955,67,Female,Y,924,Achina,Highland,KW14,"Highlands (Inverness)"
greetin',55.90059209085874,-4.34744620959143,1664916517,2255,1951,71,Female,Y,641,"Knightswood, Glasgow",Glasgow,"Glasgow Northwest",Glasgow
greetin',54.993050230480556,-3.6587582894802075,1664916562,2223,1993,29,Other,N,208,"New Abbey","Dumfries and Galloway",DG2,"Dumfries and Galloway"
greetin',56.47631639753791,-2.8488091578256927,1664916663,2256,1978,44,Female,Y,247,"Broughty Ferry, Dundee",Dundee,"Dundee East","Tayside and Angus (Dundee)"
greetin',56.47906810385788,-2.9425988959647547,1664916784,2259,1983,39,Female,Y,255,"Fintry, Dundee",Dundee,"Dundee North","Tayside and Angus (Dundee)"
greetin',55.83171498359762,-4.3887549354202795,1664916851,2258,1956,66,Male,Y,1236,"Paisley (south: Blackhall, Castlehead, Dykebar, Foxbar, Hunterhill, Meikleriggs)",Renfrewshire,PA2,Glasgow
greetin',58.56479444966219,-3.365245383831284,1664916904,2252,1955,67,Female,Y,924,Achina,Highland,KW14,"Highlands (Inverness)"
greetin',55.85675348186659,-4.447733064486267,1664917005,2263,1973,49,Female,Y,1249,"Paisley (north west: Ferguslie Park, Gallowhill, Gockston, Shortroods, )",Renfrewshire,PA3,Glasgow
greetin',55.869994018780766,-3.3228983344731398,1664917299,2266,1966,56,Female,Y,312,"Juniper Green, Edinburgh",Edinburgh,"Edinburgh South","Lothian (Edinburgh)"
greetin',55.89708011066927,-4.811973512102412,1664917404,2262,1955,67,Female,Y,1231,"Greenock (west: Bow Farm, Braeside, Branchton, Fort Matilda, Gateside, Greenock West, Overton, Pennyfern, Smithston)",Inverclyde,PA16,Glasgow
greetin',55.974269852190005,-5.027019293887481,1664917414,2272,1984,38,Male,N,1241,Dunoon,"Argyll and Bute",PA23,"Argyll and Bute"
greetin',55.886558701305404,-2.997351480270214,1664917442,2271,1987,35,Female,Y,334,Dalkeith,Midlothian,EH22,"Lothian (Edinburgh)"
greetin',56.233840738319536,-3.162294265087582,1664917660,2268,1955,67,Male,N,1105,Cupar,Fife,KY15,Fife
greetin',56.93605312520713,-3.0942436025811437,1664917771,2279,1996,26,Female,Y,182,Brechin,Angus,DD9,"Tayside and Angus (Dundee)"
greetin',55.43258863967292,-3.948017869184839,1664917810,2281,1960,62,Female,Y,212,Kirkconnel,"Dumfries and Galloway",DG4,"Dumfries and Galloway"
greetin',55.948116797615775,-3.1931958346816436,1664917812,2276,2001,21,Male,Y,262,"Wester Hailes, Edinburgh",Edinburgh,"Edinburgh Central","Lothian (Edinburgh)"
greetin',55.78602087287343,-4.3078058421964815,1664917986,2285,1967,55,Male,Y,651,"Cathcart, Glasgow",Glasgow,"Glasgow South",Glasgow
greetin',55.729531530122145,-2.880254063668822,1664918270,2293,1973,49,Female,Y,1413,Galashiels,"Scottish Borders",TD1,Borders
greetin',56.45638156004334,-3.005834672176021,1664918317,2294,1949,73,Female,N,261,"Westend, Dundee",Dundee,"Dundee West","Tayside and Angus (Dundee)"
greetin',55.1187140089126,-3.6040586725604453,1664918412,2296,1985,37,Male,Y,186,"Dumfries (centre and east: Dalscone, Georgetown, Heathhall, Kingholm Quay, Noblehill, The Crichton)","Dumfries and Galloway",DG1,"Dumfries and Galloway"
greetin',55.867282913594515,-4.272353099160549,1664918478,2297,1995,27,Male,Y,588,"Broomhill, Glasgow",Glasgow,"Glasgow Kelvin",Glasgow
greetin',57.398719027166834,-4.268511117354676,1664918519,2299,1987,35,Male,Y,713,Culloden,Highland,IV2,"Highlands (Inverness)"
greetin',55.964348736003686,-3.457561791337968,1664918564,2303,1985,37,Female,Y,371,Broxburn,"West Lothian",EH52,"Lothian (Edinburgh)"
greetin',55.961762856925475,-3.2586440879540293,1664918670,2307,1982,40,Female,Y,279,"Clermiston and Drumbrae, Edinburgh",Edinburgh,"Edinburgh Clermiston Granton","Lothian (Edinburgh)"
greetin',56.4977155259185,-3.010679601685886,1664918701,2313,1960,62,Male,Y,238,"Menzieshill, Dundee",Dundee,"Dundee Central","Tayside and Angus (Dundee)"
greetin',56.09538891343336,-3.8970096721030174,1664918724,2309,1983,39,Male,Y,457,Bannockburn,Stirlingshire,FK7,"Stirling and Falkirk"
greetin',55.90782278587505,-4.379939857524196,1664918724,2310,1942,80,Male,Y,641,"Knightswood, Glasgow",Glasgow,"Glasgow Northwest",Glasgow
greetin',56.00465347436994,-3.7167756395589215,1664918802,2312,1975,47,Female,Y,439,Grangemouth,Falkirk,FK3,"Stirling and Falkirk"
greetin',56.49420697123348,-3.0399066671353254,1664918869,2315,1971,51,Male,Y,239,"Charleston, Dundee",Dundee,"Dundee Central","Tayside and Angus (Dundee)"
greetin',55.791856769953625,-4.412463636549625,1664918894,2316,1970,52,Female,Y,540,Barrhead,"East Renfrewshire",G78,Glasgow
greetin',55.854566048131446,-4.370603004582582,1664918904,2319,1978,44,Female,N,672,"Govan, Glasgow",Glasgow,"Glasgow Southwest",Glasgow
greetin',55.827285498788875,-4.516936767893866,1664918951,2311,1969,53,Female,Y,1276,Johnstone,Renfrewshire,PA5,Glasgow
greetin',57.173588255093854,-2.2809548712901657,1664918989,2317,1985,37,Male,Y,28,Westhill,Aberdeenshire,AB32,"North East (Aberdeen)"
greetin',57.18106517509487,-2.35143248595634,1664919069,2320,1987,35,Male,Y,28,Westhill,Aberdeenshire,AB32,"North East (Aberdeen)"
greetin',57.179833669100745,-2.0881297312568385,1664919114,2321,1983,39,Male,Y,113,"Bridge of Don, Aberdeen",Aberdeen,"Aberdeen North","North East (Aberdeen)"
greetin',56.20696792271339,-3.6821335543955334,1664919310,2324,1975,47,Female,N,401,Powmill,"Perth and Kinross",FK14,"Stirling and Falkirk"
greetin',56.49165185328266,-2.968476056760624,1664919313,2323,1966,56,Female,Y,250,"Downfield, Dundee",Dundee,"Dundee North","Tayside and Angus (Dundee)"
greetin',55.491456845340686,-4.574332607204356,1664919425,2326,1957,65,Male,Y,852,Dalmellington,"East Ayrshire",KA6,Ayrshire
greetin',56.93863693230389,-2.59538343710991,1664919425,2327,1988,34,Male,Y,22,Banchory,Aberdeenshire,AB31,"North East (Aberdeen)"
greetin',59.98869722789682,-1.2085666103868542,1664919566,2329,1975,47,Female,Y,1623,Walls,"Shetland Isles",ZE2,"Shetland Islands"
greetin',57.57245094388946,-3.2805311951078986,1664919584,2332,1980,42,Female,Y,737,Elgin,Moray,IV30,"North East (Aberdeen)"
greetin',55.67804199709461,-4.407836869546466,1664919592,2328,1972,50,Male,Y,841,Stewarton,"East Ayrshire",KA3,Ayrshire
greetin',56.767820604395716,-3.1447337238599875,1664919652,2333,1991,31,Male,Y,181,Kirriemuir,Angus,DD8,"Tayside and Angus (Dundee)"
greetin',55.52445101260129,-4.032184917333334,1664919780,2336,1986,36,Female,Y,798,Cumnock,"East Ayrshire",KA18,Ayrshire
greetin',55.61500753818422,-4.6672307147504055,1664919880,1689,2002,20,Female,Y,787,"Irvine (centre: Castlepark, Tarryholme)","North Ayrshire",KA12,Ayrshire
greetin',57.15968135352689,-2.0831068761662164,1664919957,2337,1963,59,Female,Y,107,"Rosemount, Aberdeen",Aberdeen,"Aberdeen Central","North East (Aberdeen)"
greetin',56.48208609561968,-2.994293140732341,1664920010,2340,1981,41,Female,Y,235,"Caird Park, Dundee",Dundee,"Dundee Bluebelt","Tayside and Angus (Dundee)"
greetin',55.85070763405017,-4.470537283079858,1664920059,2343,1994,28,Male,Y,1220,"Paisley (central, east and north east: Ferguslie, Oldhall, Seedhill, Williamsburgh, Whitehaugh)",Renfrewshire,PA1,Glasgow
greetin',56.863084240611684,-2.7951549194257477,1664920114,2344,1971,51,Female,N,182,Brechin,Angus,DD9,"Tayside and Angus (Dundee)"
greetin',55.83155052867717,-4.235083054428209,1664920115,2338,1978,44,Male,N,681,"Nitshill, Glasgow",Glasgow,"Glasgow Southwest",Glasgow
greetin',55.78773687927095,-4.278591614459249,1664920148,2349,1990,32,Male,Y,651,"Cathcart, Glasgow",Glasgow,"Glasgow South",Glasgow
greetin',55.87916912736425,-4.139597937984236,1664920345,2341,1953,69,Female,Y,623,"Shettleston, Glasgow",Glasgow,"Glasgow Northeast",Glasgow
greetin',56.476803529141826,-2.937176714202868,1664920363,2354,1947,75,Female,N,250,"Downfield, Dundee",Dundee,"Dundee North","Tayside and Angus (Dundee)"
greetin',55.9388525128325,-3.6463268429714404,1664920418,2355,1963,59,Male,Y,368,Bathgate,"West Lothian",EH48,"Lothian (Edinburgh)"
greetin',57.03323239223792,-2.1957123797703373,1664920442,2356,1970,52,Female,N,48,Stonehaven,Aberdeenshire,AB39,"North East (Aberdeen)"
greetin',55.84300607294277,-4.83803735725752,1664920457,2357,2000,22,Male,Y,842,Largs,"North Ayrshire",KA30,Ayrshire
greetin',56.47201298655975,-2.9266590963985593,1664920525,2358,1965,57,Female,N,250,"Downfield, Dundee",Dundee,"Dundee North","Tayside and Angus (Dundee)"
greetin',55.89783808274264,-4.829517306884087,1664920597,2359,1971,51,Male,N,1231,"Greenock (west: Bow Farm, Braeside, Branchton, Fort Matilda, Gateside, Greenock West, Overton, Pennyfern, Smithston)",Inverclyde,PA16,Glasgow
greetin',56.490479732597066,-2.9323187341423655,1664920854,2298,1966,56,Female,N,256,"Whitfield, Dundee",Dundee,"Dundee North","Tayside and Angus (Dundee)"
greetin',55.75291333099823,-4.0829395680794125,1664920872,2367,1993,29,Female,Y,1183,Hamilton,"South Lanarkshire",ML3,Glasgow
greetin',57.58095376840477,-2.165108769187413,1664920900,2368,1994,28,Male,Y,57,Fraserburgh,Aberdeenshire,AB43,"North East (Aberdeen)"
greetin',55.933602357922105,-4.7372999398933695,1664921004,2366,1982,40,Male,Y,1230,"Greenock (central and east: Bogston, Bridgend, Cartsdyke, Gibshill, Greenock Central, Ladyburn, Upper Ingleston)",Inverclyde,PA15,Glasgow
greetin',55.93842460264173,-4.734343632741186,1664921005,2369,2000,22,Other,Y,1230,"Greenock (central and east: Bogston, Bridgend, Cartsdyke, Gibshill, Greenock Central, Ladyburn, Upper Ingleston)",Inverclyde,PA15,Glasgow
greetin',55.852644899499545,-3.6691706821340353,1664921069,2371,1968,54,Female,Y,364,Fauldhouse,"West Lothian",EH47,"Lothian (Edinburgh)"
greetin',57.13397670630274,-2.0904240230283744,1664921093,2372,1960,62,Female,N,127,"Torry, Aberdeen",Aberdeen,"Aberdeen Southeast","North East (Aberdeen)"
greetin',57.16195629398668,-2.179425679795959,1664921404,2373,1968,54,Female,N,103,"Woodside, Aberdeen",Aberdeen,"Aberdeen Central","North East (Aberdeen)"
greetin',57.13865251849398,-3.111443779486066,1664921518,2375,1975,47,Female,N,40,Strathdon,Aberdeenshire,AB36,"North East (Aberdeen)"
greetin',55.91794230432517,-3.188287671584893,1664921731,2377,1993,29,Male,Y,317,"Marchmont, Edinburgh",Edinburgh,"Edinburgh South","Lothian (Edinburgh)"
greetin',55.766926907445196,-3.777974636892993,1664922449,2380,1995,27,Male,Y,1214,Law,"North Lanarkshire",ML8,Glasgow
greetin',57.638568175763446,-3.3378564639557626,1664922723,2384,1973,49,Female,Y,737,Elgin,Moray,IV30,"North East (Aberdeen)"
greetin',54.897821099433166,-4.98960187053753,1664922751,2382,1967,55,Female,Y,231,Stranraer,"Dumfries and Galloway",DG9,"Dumfries and Galloway"
greetin',56.84431265807436,-3.1158371032260237,1664922982,2389,1982,40,Male,Y,179,Forfar,Angus,DD8,"Tayside and Angus (Dundee)"
greetin',55.836859698675326,-4.068015990707118,1664923321,2391,1966,56,Male,Y,525,Uddingston,"South Lanarkshire",G71,Glasgow
greetin',57.66074255139941,-2.8113388844644285,1664923379,2393,1993,29,Female,Y,90,Buckie,Moray,AB56,"North East (Aberdeen)"
greetin',55.05850078585562,-4.373374668435834,1664923597,2392,1974,48,Female,Y,227,Wigtown,"Dumfries and Galloway",DG8,"Dumfries and Galloway"
greetin',56.82799874537736,-2.9401607902791382,1664923762,2394,1988,34,Male,N,183,Edzell,Angus,DD9,"Tayside and Angus (Dundee)"
greetin',56.130577844096656,-3.248332555484276,1664923784,2395,1956,66,Female,Y,1125,Ballingry,Fife,KY5,Fife
greetin',59.034581946722334,-3.179959672212822,1664923947,2398,1987,35,Female,Y,1025,"Orkney Islands",Orkney,KW17,"Orkney Islands"
greetin',55.52179107017729,-4.540011189230706,1664923999,2401,1967,55,Male,Y,873,Prestwick,"South Ayrshire",KA9,Ayrshire
greetin',55.890456255918664,-3.780065204039614,1664924089,2399,1958,64,Male,N,368,Bathgate,"West Lothian",EH48,"Lothian (Edinburgh)"
greetin',57.036255475761344,-2.2445733872122955,1664924316,2404,1974,48,Female,Y,47,Newtonhill,Aberdeenshire,AB39,"North East (Aberdeen)"
greetin',55.91241665738912,-3.6030425198040774,1664924361,2399,1958,64,Male,N,368,Bathgate,"West Lothian",EH48,"Lothian (Edinburgh)"
greetin',56.2101232522451,-3.014751893902679,1664924473,2406,1983,39,Male,Y,1138,Buckhaven,Fife,KY8,Fife
greetin',54.978417098915266,-3.534789904205847,1664924800,2410,1972,50,Female,Y,186,"Dumfries (centre and east: Dalscone, Georgetown, Heathhall, Kingholm Quay, Noblehill, The Crichton)","Dumfries and Galloway",DG1,"Dumfries and Galloway"
greetin',55.27182920720749,-3.6081063403734253,1664925010,2411,1969,53,Female,Y,187,Locharbriggs,"Dumfries and Galloway",DG1,"Dumfries and Galloway"
greetin',57.680390112632864,-3.4061345815302135,1664925168,2412,1983,39,Female,Y,737,Elgin,Moray,IV30,"North East (Aberdeen)"
greetin',55.50049406952425,-4.566700762019668,1664925599,2413,1987,35,Female,Y,873,Prestwick,"South Ayrshire",KA9,Ayrshire
greetin',55.86705462939133,-4.396439713804499,1664925729,2414,1962,60,Female,Y,1264,Renfrew,Renfrewshire,PA4,Glasgow
greetin',54.92723183414174,-4.401934608782565,1664926002,2415,1997,25,Male,Y,225,"Newton Stewart","Dumfries and Galloway",DG8,"Dumfries and Galloway"
greetin',55.927426662477394,-3.2822327207609936,1664926061,2417,1970,52,Male,N,267,"Sighthill, Edinburgh",Edinburgh,"Edinburgh Central","Lothian (Edinburgh)"
greetin',57.56222892403649,-2.9614145879790894,1664926113,2416,1957,65,Female,N,89,Dufftown,Moray,AB55,"North East (Aberdeen)"
greetin',57.249714702381,-2.2524120966851555,1664926189,2418,1955,67,Female,Y,108,"Craigiebuckler, Aberdeen",Aberdeen,"Aberdeen North","North East (Aberdeen)"
greetin',55.98430614748541,-4.624933560975959,1664926784,2420,1982,40,Male,N,549,Dumbarton,"West Dunbartonshire",G82,Glasgow
greetin',55.86100008134921,-4.613528042284188,1664926885,2419,1959,63,Female,N,1224,"Bridge of Weir",Renfrewshire,PA11,Glasgow
greetin',56.41021401396519,-3.1825846828549302,1664927328,2422,1961,61,Female,Y,1354,"Perth (south and east: Barnhill, Bridgend, Craigie, Kincarrathie, Upper Craigie)","Perth and Kinross",PH2,Fife
greetin',55.988341344010244,-4.4922309375103815,1664927386,2421,1981,41,Female,Y,549,Dumbarton,"West Dunbartonshire",G82,Glasgow
greetin',55.98363106317451,-4.272523869257546,1664927752,2423,1961,61,Female,Y,509,Lenzie,"East Dunbartonshire",G66,Glasgow
greetin',55.82124871273953,-4.0734868078896405,1664928837,2425,1977,45,Male,N,626,"Haghill, Glasgow",Glasgow,"Glasgow Northeast",Glasgow
greetin',54.98813518823363,-3.6762938030283165,1664930707,2426,1965,57,Female,Y,207,"Dumfries (west: Broomlands, Cargenbridge, Lochside, Maxwelltown, Troqueer)","Dumfries and Galloway",DG2,"Dumfries and Galloway"
greetin',56.476774066267545,-2.9315703671271853,1664930936,2427,1947,75,Female,N,254,"Douglas, Dundee",Dundee,"Dundee North","Tayside and Angus (Dundee)"
greetin',55.83839857830548,-3.3385454421032557,1664935454,2430,1953,69,Female,Y,313,"Colinton, Edinburgh",Edinburgh,"Edinburgh South","Lothian (Edinburgh)"
greetin',55.601074995294915,-4.64910526519796,1664935977,2432,1971,51,Male,N,785,"Irvine (east, south: Perceton, Lawthorn, Girdle Toll, Stanecastle, Bourtreehill, Broomlands, Dreghorn, Springside)","North Ayrshire",KA11,Ayrshire
greetin',57.65656246562058,-2.1724743658783456,1664936572,2433,1966,56,Male,Y,57,Fraserburgh,Aberdeenshire,AB43,"North East (Aberdeen)"
greetin',56.365457539063,-3.3854174784448503,1664937512,2434,1992,30,Female,Y,1354,"Perth (south and east: Barnhill, Bridgend, Craigie, Kincarrathie, Upper Craigie)","Perth and Kinross",PH2,Fife
greetin',57.60512764373621,-1.934458736031994,1664939619,2436,1967,55,Female,Y,57,Fraserburgh,Aberdeenshire,AB43,"North East (Aberdeen)"
greetin',55.92662235568942,-3.5152456814012036,1664940347,2437,1963,59,Male,Y,371,Broxburn,"West Lothian",EH52,"Lothian (Edinburgh)"
greetin',55.85607857116881,-4.141064435621644,1664942192,2439,1961,61,Female,N,627,"Dennistoun, Glasgow",Glasgow,"Glasgow Northeast",Glasgow
greetin',57.37522185771517,-2.505764991849545,1664943827,2442,1999,23,Other,Y,64,Inverurie,Aberdeenshire,AB51,"North East (Aberdeen)"
greetin',57.7167427516301,-3.312308758619355,1664945072,2445,1962,60,Female,Y,738,Lossiemouth,Moray,IV31,"North East (Aberdeen)"
greetin',55.06530887280711,-3.5369452200743323,1664946110,2448,1986,36,Female,Y,186,"Dumfries (centre and east: Dalscone, Georgetown, Heathhall, Kingholm Quay, Noblehill, The Crichton)","Dumfries and Galloway",DG1,"Dumfries and Galloway"
greetin',55.07418235813396,-3.832002759266199,1664946728,2451,1987,35,Male,Y,207,"Dumfries (west: Broomlands, Cargenbridge, Lochside, Maxwelltown, Troqueer)","Dumfries and Galloway",DG2,"Dumfries and Galloway"
greetin',56.86461134873478,-2.9861861934645555,1664946780,2450,1992,30,Male,Y,182,Brechin,Angus,DD9,"Tayside and Angus (Dundee)"
greetin',58.126874628146226,-4.757492240977785,1664948454,2456,1961,61,Female,N,731,Tongue,Highland,IV27,"Highlands (Inverness)"
greetin',56.48931131526907,-2.805714111857182,1664949057,2458,1990,32,Male,Y,247,"Broughty Ferry, Dundee",Dundee,"Dundee East","Tayside and Angus (Dundee)"
greetin',57.573552320004545,-2.0848927228215244,1664949109,2453,1995,27,Female,N,57,Fraserburgh,Aberdeenshire,AB43,"North East (Aberdeen)"
greetin',57.630269336411885,-2.9988102786210864,1664949442,2460,1992,30,Female,Y,91,Cullen,Moray,AB56,"North East (Aberdeen)"
greetin',56.48329888305862,-3.0126506600986924,1664949542,2461,1965,57,Female,N,239,"Charleston, Dundee",Dundee,"Dundee Central","Tayside and Angus (Dundee)"
greetin',55.96416202076669,-3.209147405326134,1664949560,2463,1981,41,Female,Y,287,"Corstorphine, Edinburgh",Edinburgh,"Edinburgh North","Lothian (Edinburgh)"
greetin',55.9536394873615,-3.4390183376026893,1664949600,2462,1977,45,Male,Y,371,Broxburn,"West Lothian",EH52,"Lothian (Edinburgh)"
greetin',55.984104739070794,-3.180740092627482,1664949686,2464,1973,49,Female,N,285,"Leith, Edinburgh",Edinburgh,"Edinburgh Leith","Lothian (Edinburgh)"
greetin',60.45466648293724,-1.37822993836419,1664950576,2467,1978,44,Female,N,1514,"Bridge of Walls","Shetland Isles",ZE2,"Shetland Islands"
greetin',55.18601551636096,-3.459013058642129,1664951176,2469,1961,61,Male,Y,196,Lockerbie,"Dumfries and Galloway",DG11,"Dumfries and Galloway"
greetin',56.48094258111167,-2.8417725370214972,1664951242,2468,1956,66,Female,Y,247,"Broughty Ferry, Dundee",Dundee,"Dundee East","Tayside and Angus (Dundee)"
greetin',56.18057426245559,-3.103162397127696,1664951347,2472,1962,60,Female,Y,1134,Markinch,Fife,KY7,Fife
greetin',55.90623051230947,-3.275225983517105,1664951445,2473,1963,59,Female,Y,314,"Morningside, Edinburgh",Edinburgh,"Edinburgh South","Lothian (Edinburgh)"
greetin',55.64628073840812,-4.760550647322018,1664951562,2474,1979,43,Female,Y,812,Saltcoats,"East Ayrshire",KA21,Ayrshire
greetin',57.60439831980409,-3.5052248722239816,1664951579,2475,1979,43,Male,Y,740,Forres,Moray,IV36,"North East (Aberdeen)"
greetin',56.14702078964866,-3.1965620705396254,1664951899,2476,1960,62,Female,Y,1117,"Kirkcaldy (west: Hayfield, Templehall, Newliston, Chapel, Dunnikier, Bennochy)",Fife,KY2,Fife
greetin',56.48940831989994,-2.8389933915101064,1664951901,2468,1956,66,Female,Y,247,"Broughty Ferry, Dundee",Dundee,"Dundee East","Tayside and Angus (Dundee)"
greetin',55.66300761904775,-4.657071324657833,1664952078,2477,1999,23,Female,Y,788,Kilwinning,"North Ayrshire",KA13,Ayrshire
greetin',57.469581110725834,-1.987711034116724,1664952413,2478,1991,31,Female,Y,54,Peterhead,Aberdeenshire,AB42,"North East (Aberdeen)"
greetin',57.117007534411876,-2.1894876918205517,1664952650,2479,1993,29,Male,Y,132,"Peterculter, Aberdeen",Aberdeen,"Aberdeen Southwest","North East (Aberdeen)"
greetin',56.16231708585107,-3.779732983248564,1664952740,2480,1957,65,Male,N,393,Alva,Clackmannanshire,FK12,"Stirling and Falkirk"
greetin',56.48777311949381,-2.950286923818175,1664953248,2482,1948,74,Female,N,250,"Downfield, Dundee",Dundee,"Dundee North","Tayside and Angus (Dundee)"
greetin',57.239770731303324,-2.5407846015388196,1664953354,2484,1963,59,Female,Y,67,Oldmeldrum,Aberdeenshire,AB51,"North East (Aberdeen)"
greetin',55.40432265929461,-4.755042005477513,1664953625,2487,1959,63,Male,Y,856,"Ayr (Centre)","South Ayrshire",KA7,Ayrshire
greetin',55.97314528016269,-3.1935479793059547,1664953844,2489,1972,50,Male,Y,299,"Broughton, Edinburgh",Edinburgh,"Edinburgh North","Lothian (Edinburgh)"
greetin',55.771336525160244,-3.8372757999662346,1664954071,2490,1961,61,Female,N,1180,Wishaw,"North Lanarkshire",ML2,Glasgow
greetin',56.72262375481587,-2.7620479647616927,1664954224,2491,1995,27,Female,Y,183,Edzell,Angus,DD9,"Tayside and Angus (Dundee)"
greetin',56.33375532317112,-3.476890949947141,1664954588,2494,1995,27,Male,N,1354,"Perth (south and east: Barnhill, Bridgend, Craigie, Kincarrathie, Upper Craigie)","Perth and Kinross",PH2,Fife
greetin',57.227849229702905,-2.224971459490448,1664954798,2495,1978,44,Male,Y,113,"Bridge of Don, Aberdeen",Aberdeen,"Aberdeen North","North East (Aberdeen)"
greetin',55.60385340030642,-4.687173512014141,1664955005,2496,1984,38,Male,Y,787,"Irvine (centre: Castlepark, Tarryholme)","North Ayrshire",KA12,Ayrshire
greetin',55.8418025658821,-4.223724119499961,1664955726,2497,1971,51,Female,N,609,"Garthamlock, Glasgow",Glasgow,"Glasgow Northeast",Glasgow
greetin',55.76860754785098,-4.208922728470006,1664955905,2502,1977,45,Female,Y,530,"East Kilbride (north: The Village, East Mains, West Mains, Lymekilns, St Leonards, Calderwood, Nerston, Stewartfield, Peel Park)","South Lanarkshire",G74,Glasgow
greetin',57.66889062846764,-2.4955728907035017,1664956013,139,1955,67,Male,N,58,Macduff,Aberdeenshire,AB44,"North East (Aberdeen)"
greetin',55.83539394113167,-4.329241416547286,1664956057,2503,1953,69,Female,Y,672,"Govan, Glasgow",Glasgow,"Glasgow Southwest",Glasgow
greetin',55.880357500731634,-4.047112385606323,1664956226,2504,1982,40,Male,Y,1189,Coatbridge,"North Lanarkshire",ML5,Glasgow
greetin',54.8832404427893,-4.971144730473598,1664956445,2508,1990,32,Female,Y,231,Stranraer,"Dumfries and Galloway",DG9,"Dumfries and Galloway"
greetin',56.26109660041512,-3.5824177294288235,1664956484,2506,1989,33,Male,N,1354,"Perth (south and east: Barnhill, Bridgend, Craigie, Kincarrathie, Upper Craigie)","Perth and Kinross",PH2,Fife
greetin',55.9332659552903,-3.571759266640713,1664956564,2507,1958,64,Female,Y,368,Bathgate,"West Lothian",EH48,"Lothian (Edinburgh)"
greetin',55.78667705576679,-4.27401093328263,1664956595,2509,1980,42,Female,Y,653,"Netherlee, Glasgow",Glasgow,"Glasgow South",Glasgow
greetin',56.236644904801615,-3.2326902064836642,1664956888,2511,1978,44,Female,Y,1129,"Glenrothes (west: Caskieberran, Rimbleton, Macedonia, Tanshall)",Fife,KY6,Fife
greetin',60.2611745030321,-1.2117488460135841,1664956977,2512,1981,41,Female,Y,1510,Bixter,"Shetland Isles",ZE2,"Shetland Islands"
greetin',57.18536009048118,-2.4415870286721884,1664957504,2513,1992,30,Female,Y,28,Westhill,Aberdeenshire,AB32,"North East (Aberdeen)"
greetin',56.11503611855783,-3.641957555909452,1664957520,2514,1998,24,Male,Y,1095,Culross,Fife,KY12,Fife
greetin',55.84987185642574,-4.007675156601723,1664957751,1036,1964,58,Male,N,1190,Glenboig,"North Lanarkshire",ML5,Glasgow
greetin',55.67957569154671,-4.015548188743213,1664957762,2515,1993,29,Female,Y,1217,Larkhall,"North Lanarkshire",ML9,Glasgow
greetin',56.49304800020796,-3.0429910656123664,1664957848,2520,1964,58,Female,Y,237,"Blackness, Dundee",Dundee,"Dundee Central","Tayside and Angus (Dundee)"
greetin',55.92854739380024,-5.47725844664443,1664957888,2521,1980,42,Female,Y,1250,Ardrishaig,"Argyll and Bute",PA30,"Argyll and Bute"
greetin',56.126085521260265,-3.4857202080220184,1664957929,2519,1982,40,Female,Y,1096,"Dunfermline (centre, north, west: Abbey Parks, Lady's Mill, Garvock, Headwell, Kingseathill, Wellwood, Milesmark, Baldridge, Pittencrieff, Baldridgeburn)",Fife,KY12,Fife
greetin',57.20014658338108,-2.153992065452427,1664958202,2526,1966,56,Male,N,121,Blackburn,Aberdeenshire,"Aberdeen North","North East (Aberdeen)"
greetin',55.82303392524008,-4.5072807679098545,1664958207,2525,1969,53,Female,N,1275,Elderslie,Renfrewshire,PA5,Glasgow
greetin',55.82290308681371,-4.43815258105626,1664958250,2524,1972,50,Female,Y,1236,"Paisley (south: Blackhall, Castlehead, Dykebar, Foxbar, Hunterhill, Meikleriggs)",Renfrewshire,PA2,Glasgow
greetin',56.006675427403835,-3.7801456219021,1664958357,2529,1982,40,Male,N,424,Maddiston, Falkirk,FK2,"Stirling and Falkirk"
greetin',56.143987476616154,-3.734086912680569,1664958387,2528,1995,27,Male,Y,396,Tillicoultry,Clackmannanshire,FK13,"Stirling and Falkirk"
greetin',55.91415622201554,-4.0655195026139515,1664958445,2532,1962,60,Female,N,514,"Cumbernauld (south: Condorrat, Lenziemill, Carbrain, Kildrum, Cumbernauld Village, Abronhill, Seafar)","North Lanarkshire",G67,Glasgow
greetin',55.83281461926776,-4.333849980050897,1664958458,2533,1984,38,Male,Y,665,"Pollockshaws, Glasgow",Glasgow,"Glasgow Southwest",Glasgow
greetin',55.72812922833706,-4.3045703453391795,1664958512,2531,1967,55,Female,Y,536,"Carmunnock, Glasgow",Glasgow,G76,Glasgow
greetin',55.80579505083509,-4.237835173370733,1664958804,2537,1966,56,Male,Y,571,"Castlemilk, Glasgow",Glasgow,"Glasgow Castlemilk",Glasgow
greetin',57.2485605180062,-2.0673759611979925,1664958891,2539,1990,32,Female,Y,117,Balmedie,Aberdeenshire,"Aberdeen North","North East (Aberdeen)"
greetin',55.80728633846852,-4.359825530862958,1664958965,2541,1979,43,Female,Y,672,"Govan, Glasgow",Glasgow,"Glasgow Southwest",Glasgow
greetin',55.95799228257099,-3.9316020983494058,1664958976,2540,1968,54,Male,Y,514,"Cumbernauld (south: Condorrat, Lenziemill, Carbrain, Kildrum, Cumbernauld Village, Abronhill, Seafar)","North Lanarkshire",G67,Glasgow
greetin',55.8604055007456,-4.462173362886375,1664959063,2534,1962,60,Male,Y,1249,"Paisley (north west: Ferguslie Park, Gallowhill, Gockston, Shortroods, )",Renfrewshire,PA3,Glasgow
greetin',55.76382889968136,-3.9310090815070344,1664959193,2544,1956,66,Male,Y,1180,Wishaw,"North Lanarkshire",ML2,Glasgow
greetin',55.90109067866526,-4.293152232656752,1664959522,2549,1985,37,Male,N,481,"Lambhill, Glasgow",Glasgow,G23,Glasgow
greetin',55.85714082840423,-4.668233222518562,1664959578,2550,1976,46,Female,N,1224,"Bridge of Weir",Renfrewshire,PA11,Glasgow
greetin',55.87646210838601,-4.179226252049329,1664960197,2553,1962,60,Male,Y,631,"Royston, Glasgow",Glasgow,"Glasgow Northeast",Glasgow
greetin',56.48008011156368,-3.0295941300475997,1664960218,2554,1984,38,Male,N,240,"Ardler, Dundee",Dundee,"Dundee Central","Tayside and Angus (Dundee)"
greetin',56.34957482178043,-3.4334504526454217,1664960425,2555,1987,35,Female,Y,1354,"Perth (south and east: Barnhill, Bridgend, Craigie, Kincarrathie, Upper Craigie)","Perth and Kinross",PH2,Fife
greetin',57.12194781453242,-4.761023450560302,1664960606,2556,1968,54,Female,Y,1376,"Fort Augustus",Highland,PH32,"Highlands (Inverness)"
greetin',55.86758531354156,-3.813667884605512,1664960990,2558,1971,51,Female,N,1209,Shotts,"North Lanarkshire",ML7,Glasgow
greetin',56.64472805924788,-3.778831138114503,1664961215,2561,1964,58,Male,Y,1327,Aberfeldy,"Perth and Kinross",PH15,Fife
greetin',56.47630706546094,-2.9272117927149575,1664961259,2559,1947,75,Female,Y,255,"Fintry, Dundee",Dundee,"Dundee North","Tayside and Angus (Dundee)"
greetin',57.53195223273631,-2.399660306775123,1664961685,2565,1961,61,Female,N,78,Turriff,Aberdeenshire,AB53,"North East (Aberdeen)"
greetin',56.49208324777508,-2.998236157606591,1664961865,2567,1962,60,Male,Y,245,"Law, Dundee",Dundee,"Dundee Central","Tayside and Angus (Dundee)"
greetin',55.74721331779074,-3.8570152186568123,1664962071,2568,1980,42,Female,Y,1212,Carluke,"South Lanarkshire",ML8,Glasgow
greetin',55.796596386273734,-4.3050740798382865,1664962384,2571,1982,40,Male,Y,647,"Pollokshields, Glasgow",Glasgow,"Glasgow South",Glasgow
greetin',55.90577984524744,-4.037027220149771,1664962518,1036,1964,58,Male,N,1190,Glenboig,"North Lanarkshire",ML5,Glasgow
greetin',55.844699882703225,-4.383213411463351,1664962546,2572,2001,21,Female,Y,1220,"Paisley (central, east and north east: Ferguslie, Oldhall, Seedhill, Williamsburgh, Whitehaugh)",Renfrewshire,PA1,Glasgow
greetin',55.72944573080986,-3.9452571256904574,1664962645,2573,1978,44,Male,Y,1217,Larkhall,"North Lanarkshire",ML9,Glasgow
greetin',56.22287415616228,-3.1218717171757686,1664962874,2576,1967,55,Male,Y,1133,"Glenrothes (centre and east: Pitteuchar, Finglassie, Stenton, Auchmuty, Pitcoudie, Balfarg, Pircairn, Collydean)",Fife,KY7,Fife
greetin',55.90727477853655,-4.548613528799768,1664963204,2583,1977,45,Male,Y,1292,Bishopton,Renfrewshire,PA7,Glasgow
greetin',55.818293769642565,-4.290363310608552,1664963222,2582,1988,34,Female,N,659,"Deaconsbank, Glasgow",Glasgow,"Glasgow South",Glasgow
greetin',56.162391250452615,-3.1922735097330284,1664963264,2584,1957,65,Male,Y,1079,"Kirkcaldy (east: Linktown, Port Brae, Pathhead, Sinclairtown, Smeaton, Gallatown)",Fife,KY1,Fife
greetin',55.921738801142475,-4.787344163569956,1664963616,2588,1988,34,Female,Y,1232,Inverkip,Inverclyde,PA16,Glasgow
greetin',55.95708692283864,-2.7830369046277417,1664963646,2586,1967,55,Male,Y,357,Haddington,"East Lothian",EH41,"Lothian (Edinburgh)"
greetin',56.02182692416572,-3.429191408797841,1664963709,2587,1965,57,Male,N,1094,Rosyth,Fife,KY11,Fife
greetin',55.88028177313325,-4.232075628857495,1664963822,2589,1954,68,Male,N,616,"Calton, Glasgow",Glasgow,"Glasgow Northeast",Glasgow
greetin',55.44681959837877,-4.140430584715075,1664963885,2591,1989,33,Female,Y,797,Auchinleck,"East Ayrshire",KA18,Ayrshire
greetin',56.02789238998077,-3.874975354552902,1664963896,2592,1982,40,Male,Y,452,Denny,Falkirk,FK6,"Stirling and Falkirk"
greetin',55.80343734549245,-4.088980767984214,1664963985,2593,1986,36,Male,Y,525,Uddingston,"South Lanarkshire",G71,Glasgow
greetin',57.708713388719296,-3.313501573056885,1664964054,2590,1971,51,Male,Y,738,Lossiemouth,Moray,IV31,"North East (Aberdeen)"
greetin',55.61437603087212,-5.505911681670362,1664964133,2597,2000,22,Female,Y,1246,Campbeltown,"Argyll and Bute",PA28,"Argyll and Bute"
greetin',55.832375719503666,-4.052752197453936,1664964133,2593,1986,36,Male,Y,525,Uddingston,"South Lanarkshire",G71,Glasgow
greetin',55.9817033409304,-3.181533662307092,1664964372,2598,1964,58,Male,Y,285,"Leith, Edinburgh",Edinburgh,"Edinburgh Leith","Lothian (Edinburgh)"
greetin',56.46396880026463,-3.0598181865529126,1664965222,2602,2001,21,Female,Y,261,"Westend, Dundee",Dundee,"Dundee West","Tayside and Angus (Dundee)"
greetin',57.21491417325479,-4.469736912766359,1664965908,2608,1976,46,Male,Y,713,Culloden,Highland,IV2,"Highlands (Inverness)"
greetin',55.86707199274667,-4.430811981404063,1664966097,2610,1967,55,Male,Y,1249,"Paisley (north west: Ferguslie Park, Gallowhill, Gockston, Shortroods, )",Renfrewshire,PA3,Glasgow
greetin',57.267391780836874,-4.359242969743858,1664966225,2611,1969,53,Male,Y,714,"Inverness (east: Culcabock, Crown, Culduthel, Drummond, Haugh, Hilton, Holm, Lochardil, Millburn, Raigmore)",Highland,IV2,"Highlands (Inverness)"
greetin',55.974500362672146,-4.012524320810339,1664966490,2613,1981,41,Female,Y,517,"Cumbernauld (north: Balloch, Eastfield, Carrickstone, Smithstone, Blackwood, Westfield)","North Lanarkshire",G68,Glasgow
greetin',55.88513526418203,-4.372185168185778,1664966861,2614,1960,62,Male,N,640,"Whiteinch, Glasgow",Glasgow,"Glasgow Northwest",Glasgow
greetin',56.24437554418276,-3.4631417342196875,1664967020,2615,1971,51,Male,Y,1098,Kinross,"Perth and Kinross",KY13,Fife
greetin',57.148687332619154,-2.1745990945450924,1664967120,2616,1959,63,Female,Y,100,"Cornhill, Aberdeen",Aberdeen,"Aberdeen Central","North East (Aberdeen)"
greetin',57.31449887632445,-2.685861546895252,1664967508,2617,1942,80,Female,Y,70,Insch,Aberdeenshire,AB52,"North East (Aberdeen)"
greetin',56.06847145599326,-3.2922481641601884,1664967655,2620,1964,58,Male,Y,1119,Burntisland,Fife,KY3,Fife
greetin',56.67917660837465,-2.6373176735484396,1664967726,2621,1986,36,Female,Y,141,Arbroath,Angus,DD11,"Tayside and Angus (Dundee)"
greetin',56.24034772058938,-3.9134721797770893,1664967903,2619,1999,23,Female,Y,405,Dunblane,Stirlingshire,FK15,"Stirling and Falkirk"
greetin',55.869019557209995,-4.287835742893993,1664967971,2625,1988,34,Female,Y,644,"Partick, Glasgow",Glasgow,"Glasgow Northwest",Glasgow
greetin',56.98911484243225,-2.2429296325572916,1664968090,2626,1998,24,Female,Y,48,Stonehaven,Aberdeenshire,AB39,"North East (Aberdeen)"
greetin',57.44309137154657,-2.2911680231983347,1664968811,2630,1986,36,Male,Y,51,Tarves,Aberdeenshire,AB41,"North East (Aberdeen)"
greetin',55.85750125891585,-3.108214253448104,1664968917,2624,1979,43,Female,N,328,Bonnyrigg,Midlothian,EH19,"Lothian (Edinburgh)"
greetin',57.16927908682458,-2.12015219494492,1664969095,2631,1994,28,Female,Y,107,"Rosemount, Aberdeen",Aberdeen,"Aberdeen Central","North East (Aberdeen)"
greetin',56.460187297367725,-3.0267059870614466,1664969251,2635,1986,36,Male,N,260,"City centre, Dundee",Dundee,"Dundee West","Tayside and Angus (Dundee)"
greetin',55.78532712484268,-4.111171944386408,1664969264,2634,1974,48,Male,Y,529,Cambuslang,"South Lanarkshire",G72,Glasgow
greetin',56.49556951150827,-2.9958736630667326,1664969273,2636,1987,35,Male,N,238,"Menzieshill, Dundee",Dundee,"Dundee Central","Tayside and Angus (Dundee)"
greetin',55.95843434677247,-4.256920776511659,1664969300,2639,1964,58,Male,Y,502,Bishopbriggs,"East Dunbartonshire",G64,Glasgow
greetin',55.89532140169037,-4.793066433613186,1664969331,2633,1957,65,Male,N,1231,"Greenock (west: Bow Farm, Braeside, Branchton, Fort Matilda, Gateside, Greenock West, Overton, Pennyfern, Smithston)",Inverclyde,PA16,Glasgow
greetin',55.89150819785122,-4.241174490876891,1664969339,2642,1996,26,Male,Y,637,"Woodside, Glasgow",Glasgow,"Glasgow Northeast",Glasgow
greetin',55.907790450476774,-4.817312770173191,1664969390,2262,1955,67,Female,Y,1231,"Greenock (west: Bow Farm, Braeside, Branchton, Fort Matilda, Gateside, Greenock West, Overton, Pennyfern, Smithston)",Inverclyde,PA16,Glasgow
greetin',56.46176503602103,-3.0088961480966523,1664969406,2650,1998,24,Male,Y,261,"Westend, Dundee",Dundee,"Dundee West","Tayside and Angus (Dundee)"
greetin',56.067521847943695,-3.4504755333457315,1664969413,2648,1961,61,Female,Y,1092,Limekilns,Fife,KY11,Fife
greetin',55.943520991544375,-4.4531625512181945,1664969425,2652,1968,54,Male,Y,546,Clydebank,"West Dunbartonshire",G81,Glasgow
greetin',56.47908544257113,-2.885619885580532,1664969430,2651,1969,53,Male,Y,254,"Douglas, Dundee",Dundee,"Dundee North","Tayside and Angus (Dundee)"
greetin',55.6178041442849,-4.718089405930835,1664969433,2645,1979,43,Male,Y,811,Stevenston,"North Ayrshire",KA20,Ayrshire
greetin',56.463085254767144,-2.990398630212451,1664969439,2658,1992,30,Female,Y,240,"Ardler, Dundee",Dundee,"Dundee Central","Tayside and Angus (Dundee)"
greetin',55.770787807606084,-3.800695789167196,1664969447,2643,1963,59,Male,Y,1180,Wishaw,"North Lanarkshire",ML2,Glasgow
greetin',55.86243237128502,-4.2732371736899,1664969459,2660,1988,34,Male,Y,590,"Hyndland, Glasgow",Glasgow,"Glasgow Kelvin",Glasgow
greetin',55.87299623376262,-4.436270735528389,1664969462,2662,1985,37,Male,Y,1249,"Paisley (north west: Ferguslie Park, Gallowhill, Gockston, Shortroods, )",Renfrewshire,PA3,Glasgow
greetin',55.35269034509609,-4.625426107533964,1664969463,2653,1968,54,Female,Y,806,Maybole,"South Ayrshire",KA19,Ayrshire
greetin',57.16010177355544,-2.164306281153323,1664969491,2655,1997,25,Male,N,98,"Northfield, Aberdeen",Aberdeen,"Aberdeen Central","North East (Aberdeen)"
greetin',57.26722307817914,-2.05286923932967,1664969543,2667,1979,43,Male,Y,113,"Bridge of Don, Aberdeen",Aberdeen,"Aberdeen North","North East (Aberdeen)"
greetin',55.85847802848769,-4.056682771590403,1664969546,2661,1956,66,Male,Y,1189,Coatbridge,"North Lanarkshire",ML5,Glasgow
greetin',55.911754434898434,-4.331417673487907,1664969547,2647,1974,48,Female,N,488,Bearsden,"East Dunbartonshire",G61,Glasgow
greetin',56.5888869497058,-2.9203546597666725,1664969548,2665,1986,36,Male,Y,179,Forfar,Angus,DD8,"Tayside and Angus (Dundee)"
greetin',55.87853793317224,-4.320966189609964,1664969550,2663,1961,61,Male,N,588,"Broomhill, Glasgow",Glasgow,"Glasgow Kelvin",Glasgow
greetin',56.02389576912148,-3.8102058878833835,1664969561,2668,1998,24,Male,N,450,Stenhousemuir,Falkirk,FK5,"Stirling and Falkirk"
greetin',55.94510719380671,-3.148941691985276,1664969593,2673,1956,66,Male,N,281,"Portobello, Edinburgh",Edinburgh,"Edinburgh Duddingston","Lothian (Edinburgh)"
greetin',55.894715446883126,-4.034922672746121,1664969602,2669,1985,37,Male,Y,1189,Coatbridge,"North Lanarkshire",ML5,Glasgow
greetin',55.88337133356326,-3.0804298294214396,1664969628,2664,1966,56,Female,Y,334,Dalkeith,Midlothian,EH22,"Lothian (Edinburgh)"
greetin',55.528876349234814,-4.585445197779806,1664969649,2671,1988,34,Male,Y,873,Prestwick,"South Ayrshire",KA9,Ayrshire
greetin',56.10049437309858,-3.4249650384680947,1664969669,2679,1986,36,Male,N,1096,"Dunfermline (centre, north, west: Abbey Parks, Lady's Mill, Garvock, Headwell, Kingseathill, Wellwood, Milesmark, Baldridge, Pittencrieff, Baldridgeburn)",Fife,KY12,Fife
greetin',55.75185403564239,-4.243315595868354,1664969686,2685,1980,42,Female,N,534,"East Kilbride (south: Hairmyres, Westwood, The Murray, Murray East, Whitehills, Greenhill, Newlandsmuir, Gardenhall, Crosshouse, Newlands, Lindsayfield, Mossneuk)","South Lanarkshire",G75,Glasgow
greetin',54.81034986547008,-4.186189573060981,1664969690,2678,1959,63,Male,Y,218,Kirkcudbright,"Dumfries and Galloway",DG6,"Dumfries and Galloway"
greetin',56.59640811939101,-2.614912906608588,1664969713,2684,1967,55,Female,Y,141,Arbroath,Angus,DD11,"Tayside and Angus (Dundee)"
greetin',55.903845746515216,-4.003756722245307,1664969719,2681,1982,40,Female,Y,1192,Airdrie,"North Lanarkshire",ML6,Glasgow
greetin',55.749088417965574,-4.038898062442806,1664969728,2683,1955,67,Female,Y,1183,Hamilton,"South Lanarkshire",ML3,Glasgow
greetin',57.061701222610395,-4.5969978365036575,1664969739,2688,1991,31,Male,Y,1376,"Fort Augustus",Highland,PH32,"Highlands (Inverness)"
greetin',55.80330705372331,-4.100159284192179,1664969748,2693,1982,40,Female,Y,528,Blantyre,"South Lanarkshire",G72,Glasgow
greetin',56.47016208215425,-3.0199902868081856,1664969758,2680,1999,23,Other,Y,244,"Stobswell, Dundee",Dundee,"Dundee Central","Tayside and Angus (Dundee)"
greetin',57.24405893897852,-2.563405785777055,1664969762,2686,1977,45,Male,Y,64,Inverurie,Aberdeenshire,AB51,"North East (Aberdeen)"
greetin',55.793487711118544,-3.9959448465724527,1664969779,2695,1958,64,Female,N,1151,Motherwell,"North Lanarkshire",ML1,Glasgow
greetin',55.87436482826069,-4.054460815011787,1664969814,2669,1985,37,Male,Y,1189,Coatbridge,"North Lanarkshire",ML5,Glasgow
greetin',55.59490823589528,-4.486811887236781,1664969818,2656,1989,33,Male,Y,779,"Kilmarnock (centre and south: Bonnyton, Grange, Bellfield, Shortlees, Caprington, Riccarton, Hurlford)","East Ayrshire",KA1,Ayrshire
greetin',57.490647330924794,-3.006604127687172,1664969828,2692,1959,63,Female,Y,89,Dufftown,Moray,AB55,"North East (Aberdeen)"
greetin',54.771687375639566,-4.572178671841503,1664969858,2687,1959,63,Male,Y,223,Glenluce,"Dumfries and Galloway",DG8,"Dumfries and Galloway"
greetin',55.78410781991423,-4.286068743698208,1664969878,2698,1976,46,Male,Y,652,"King's Park, Glasgow",Glasgow,"Glasgow South",Glasgow
greetin',55.413445462771385,-4.72417315471339,1664969879,2696,1983,39,Male,Y,856,"Ayr (Centre)","South Ayrshire",KA7,Ayrshire
greetin',55.888297346209356,-3.3179069333694993,1664969883,2699,1978,44,Male,Y,314,"Morningside, Edinburgh",Edinburgh,"Edinburgh South","Lothian (Edinburgh)"
greetin',55.59119368675798,-4.447158927225861,1664969933,2704,1991,31,Male,N,779,"Kilmarnock (centre and south: Bonnyton, Grange, Bellfield, Shortlees, Caprington, Riccarton, Hurlford)","East Ayrshire",KA1,Ayrshire
greetin',56.06849996845552,-4.010061807262428,1664969948,2703,1988,34,Female,Y,458,Cambusbarron,Stirlingshire,FK7,"Stirling and Falkirk"
greetin',56.01222765269555,-3.5663879094839306,1664969968,2706,1985,37,Male,Y,370,Bo'ness,Falkirk,EH51,"Lothian (Edinburgh)"
greetin',55.84853141228171,-4.185297445327596,1664969969,2709,1965,57,Male,Y,636,"Ruchill, Glasgow",Glasgow,"Glasgow Northeast",Glasgow
greetin',56.4954554551732,-3.0232042118160143,1664969970,2707,1966,56,Female,N,243,"Hilltown, Dundee",Dundee,"Dundee Central","Tayside and Angus (Dundee)"
greetin',55.91777123225749,-4.3573841015264545,1664969976,2676,1993,29,Male,Y,640,"Whiteinch, Glasgow",Glasgow,"Glasgow Northwest",Glasgow
greetin',57.58538262307206,-3.424103608053081,1664969978,2705,1954,68,Female,N,737,Elgin,Moray,IV30,"North East (Aberdeen)"
greetin',56.254983071726365,-3.39454670376189,1664969998,2711,1997,25,Female,Y,1345,Glencarse,"Perth and Kinross",PH2,Fife
greetin',55.89172102462555,-4.366562473358314,1664970000,2716,2000,22,Female,Y,640,"Whiteinch, Glasgow",Glasgow,"Glasgow Northwest",Glasgow
greetin',55.9108951134009,-3.3397687047969655,1664970041,2715,1989,33,Female,Y,310,"Balerno, Edinburgh",Edinburgh,"Edinburgh South","Lothian (Edinburgh)"
greetin',55.957002166455574,-4.621434469592331,1664970053,2720,1988,34,Male,N,549,Dumbarton,"West Dunbartonshire",G82,Glasgow
greetin',55.97454306269483,-4.494835663196073,1664970056,2710,1974,48,Female,Y,549,Dumbarton,"West Dunbartonshire",G82,Glasgow
greetin',57.16785786820792,-2.1103727618040726,1664970056,2712,1964,58,Male,Y,98,"Northfield, Aberdeen",Aberdeen,"Aberdeen Central","North East (Aberdeen)"
greetin',55.54784620576995,-4.587448170219803,1664970118,2682,1993,29,Male,N,779,"Kilmarnock (centre and south: Bonnyton, Grange, Bellfield, Shortlees, Caprington, Riccarton, Hurlford)","East Ayrshire",KA1,Ayrshire
greetin',56.216843934048775,-3.09491543646809,1664970119,2719,1981,41,Male,N,1133,"Glenrothes (centre and east: Pitteuchar, Finglassie, Stenton, Auchmuty, Pitcoudie, Balfarg, Pircairn, Collydean)",Fife,KY7,Fife
greetin',56.621999868128185,-2.573285408686863,1664970126,2714,1968,54,Male,Y,141,Arbroath,Angus,DD11,"Tayside and Angus (Dundee)"
greetin',55.94577172971082,-3.981365462234064,1664970164,2721,1980,42,Female,Y,514,"Cumbernauld (south: Condorrat, Lenziemill, Carbrain, Kildrum, Cumbernauld Village, Abronhill, Seafar)","North Lanarkshire",G67,Glasgow
greetin',55.891107804849305,-3.810120027830221,1664970190,2724,1969,53,Female,Y,367,Armadale,"West Lothian",EH48,"Lothian (Edinburgh)"
greetin',55.866543497649786,-3.9323591916809066,1664970195,2717,1988,34,Female,Y,1192,Airdrie,"North Lanarkshire",ML6,Glasgow
greetin',54.88544277629021,-4.085346484618582,1664970209,2726,1971,51,Male,N,217,Dundrennan,"Dumfries and Galloway",DG6,"Dumfries and Galloway"
greetin',55.93833511664542,-4.336625433314688,1664970227,2728,1975,47,Male,Y,489,Milngavie,"East Dunbartonshire",G62,Glasgow
greetin',56.2356611768747,-3.1040301937859485,1664970256,2730,1992,30,Male,Y,1133,"Glenrothes (centre and east: Pitteuchar, Finglassie, Stenton, Auchmuty, Pitcoudie, Balfarg, Pircairn, Collydean)",Fife,KY7,Fife
greetin',57.543756041981304,-2.1078133921736364,1664970262,2727,1973,49,Other,N,54,Peterhead,Aberdeenshire,AB42,"North East (Aberdeen)"
greetin',55.800530157087216,-4.056528522787175,1664970287,2723,1967,55,Male,Y,523,Bothwell,"South Lanarkshire",G71,Glasgow
greetin',55.73871414813726,-4.178481555497357,1664970301,2725,1973,49,Male,N,534,"East Kilbride (south: Hairmyres, Westwood, The Murray, Murray East, Whitehills, Greenhill, Newlandsmuir, Gardenhall, Crosshouse, Newlands, Lindsayfield, Mossneuk)","South Lanarkshire",G75,Glasgow
greetin',55.104159044316084,-3.5740673417612756,1664970312,2733,1976,46,Male,Y,185,Carrutherstown,"Dumfries and Galloway",DG1,"Dumfries and Galloway"
greetin',55.982477314899704,-3.1901719397377466,1664970316,2734,1983,39,Female,Y,287,"Corstorphine, Edinburgh",Edinburgh,"Edinburgh North","Lothian (Edinburgh)"
greetin',56.266955601275335,-4.051951461080827,1664970364,2742,1989,33,Male,Y,409,Doune,Stirlingshire,FK16,"Stirling and Falkirk"
greetin',55.89394848995217,-4.359933180444699,1664970369,2738,1985,37,Female,Y,644,"Partick, Glasgow",Glasgow,"Glasgow Northwest",Glasgow
greetin',55.40605726159625,-3.8893665857735678,1664970436,2737,2001,21,Male,Y,212,Kirkconnel,"Dumfries and Galloway",DG4,"Dumfries and Galloway"
greetin',55.39907347681831,-4.74843217421471,1664970464,2739,1964,58,Female,Y,856,"Ayr (Centre)","South Ayrshire",KA7,Ayrshire
greetin',57.342454170482604,-2.7075559405009404,1664970515,2743,1978,44,Male,N,70,Insch,Aberdeenshire,AB52,"North East (Aberdeen)"
greetin',57.144787504345814,-2.124456499467292,1664970529,2740,1974,48,Male,Y,132,"Peterculter, Aberdeen",Aberdeen,"Aberdeen Southwest","North East (Aberdeen)"
greetin',56.11204695856704,-3.49037518693819,1664970598,2746,2000,22,Female,N,1096,"Dunfermline (centre, north, west: Abbey Parks, Lady's Mill, Garvock, Headwell, Kingseathill, Wellwood, Milesmark, Baldridge, Pittencrieff, Baldridgeburn)",Fife,KY12,Fife
greetin',55.8234038986375,-3.957817504245116,1664970655,2750,1968,54,Male,Y,1150,Holytown,"North Lanarkshire",ML1,Glasgow
greetin',55.7610604393291,-4.1237888932908975,1664970668,2752,1974,48,Male,N,529,Cambuslang,"South Lanarkshire",G72,Glasgow
greetin',55.93229581389894,-4.127878068193992,1664970693,2637,1977,45,Male,N,507,Kirkintilloch,"East Dunbartonshire",G66,Glasgow
greetin',55.82998386257097,-4.172282407116001,1664970701,2753,1977,45,Male,Y,612,"Easterhouse, Glasgow",Glasgow,"Glasgow Northeast",Glasgow
greetin',55.90655889665601,-4.265731256846218,1664970760,2761,1967,55,Female,Y,481,"Lambhill, Glasgow",Glasgow,G23,Glasgow
greetin',55.821795929880274,-4.177705681868789,1664970768,2758,1981,41,Male,Y,529,Cambuslang,"South Lanarkshire",G72,Glasgow
greetin',55.52804945509813,-2.5378721067908803,1664970798,2755,1977,45,Male,Y,1486,Jedburgh,"Scottish Borders",TD8,Borders
greetin',56.67053613034655,-3.91938858024903,1664970803,2754,1960,62,Male,Y,1329,Pitlochry,"Perth and Kinross",PH16,Fife
greetin',57.17131383035258,-4.490811132656983,1664970821,2762,1982,40,Male,Y,713,Culloden,Highland,IV2,"Highlands (Inverness)"
greetin',56.09356333876448,-3.8352126378599323,1664970838,2759,1963,59,Male,N,457,Bannockburn,Stirlingshire,FK7,"Stirling and Falkirk"
greetin',55.90354748994112,-3.5553312919302944,1664970846,2765,1969,53,Female,Y,375,Livingston,"West Lothian",EH54,"Lothian (Edinburgh)"
greetin',57.6840967129266,-3.203089025338983,1664970889,2760,1980,42,Male,N,737,Elgin,Moray,IV30,"North East (Aberdeen)"
greetin',55.879852282076854,-4.202887946535938,1664970891,2774,1988,34,Male,N,628,"Balornock, Glasgow",Glasgow,"Glasgow Northeast",Glasgow
greetin',57.08029054122169,-2.2858628317484064,1664970898,2771,2001,21,Male,Y,128,"Mannofield, Aberdeen",Aberdeen,"Aberdeen Southwest","North East (Aberdeen)"
greetin',55.76422278939034,-4.174142685248528,1664970903,2767,1962,60,Male,Y,530,"East Kilbride (north: The Village, East Mains, West Mains, Lymekilns, St Leonards, Calderwood, Nerston, Stewartfield, Peel Park)","South Lanarkshire",G74,Glasgow
greetin',56.07599563518951,-3.3549076002821114,1664970929,2775,1993,29,Female,Y,1121,Cowdenbeath,Fife,KY4,Fife
greetin',55.84822363305215,-4.442523874124572,1664970952,2776,1969,53,Male,Y,1220,"Paisley (central, east and north east: Ferguslie, Oldhall, Seedhill, Williamsburgh, Whitehaugh)",Renfrewshire,PA1,Glasgow
greetin',55.9621879828388,-4.457604599338249,1664970988,2772,1973,49,Female,Y,546,Clydebank,"West Dunbartonshire",G81,Glasgow
greetin',55.92906427343703,-4.169353573503891,1664971006,2779,1991,31,Female,N,507,Kirkintilloch,"East Dunbartonshire",G66,Glasgow
greetin',56.05658997412427,-3.360211301292745,1664971028,2783,1962,60,Male,N,1094,Rosyth,Fife,KY11,Fife
greetin',55.10524931356586,-3.5815619111147425,1664971041,2773,1957,65,Female,Y,186,"Dumfries (centre and east: Dalscone, Georgetown, Heathhall, Kingholm Quay, Noblehill, The Crichton)","Dumfries and Galloway",DG1,"Dumfries and Galloway"
greetin',57.625514651790375,-2.9417884475115814,1664971053,2786,1997,25,Female,Y,95,Portknockie,Moray,AB56,"North East (Aberdeen)"
greetin',55.85261668050196,-4.190926008855821,1664971054,2785,1992,30,Male,N,634,"Maryhill, Glasgow",Glasgow,"Glasgow Northeast",Glasgow
greetin',55.89685667063468,-4.299941339408026,1664971144,2787,1962,60,Female,Y,598,Rutherglen,"South Lanarkshire","Glasgow Northeast",Glasgow
greetin',57.24880214124343,-2.5900171448585514,1664971220,2794,1985,37,Female,Y,64,Inverurie,Aberdeenshire,AB51,"North East (Aberdeen)"
greetin',56.0575411709712,-3.4183011289750844,1664971246,2788,1992,30,Male,Y,1090,"Dunfermline (south and east: Halbeath, Touch, Duloch, Masterton, Pitcorthie, Abbeyview, Brucefield, Hospital Hill, Camdean, Pitreavie)",Fife,KY11,Fife
greetin',55.7165995966607,-4.792211991770179,1664971258,2797,1971,51,Female,Y,815,Dalry,"North Ayrshire",KA24,Ayrshire
greetin',56.47506796028985,-2.9533642327283856,1664971262,2795,1955,67,Female,Y,254,"Douglas, Dundee",Dundee,"Dundee North","Tayside and Angus (Dundee)"
greetin',55.965287492870154,-4.100846114340401,1664971273,2792,1987,35,Male,Y,507,Kirkintilloch,"East Dunbartonshire",G66,Glasgow
greetin',55.80420273120121,-4.276917259016896,1664971298,2802,1993,29,Male,Y,648,"Shawlands, Glasgow",Glasgow,"Glasgow South",Glasgow
greetin',55.90042689093348,-4.58332789612686,1664971305,2793,1981,41,Male,Y,1229,"Port Glasgow",Inverclyde,PA14,Glasgow
greetin',55.62263913940081,-2.9150200641937207,1664971342,2806,1961,61,Female,Y,1413,Galashiels,"Scottish Borders",TD1,Borders
greetin',55.88636116677754,-3.1431163875164176,1664971343,2800,1994,28,Other,Y,323,"Moredun, Edinburgh",Edinburgh,"Edinburgh Southeast","Lothian (Edinburgh)"
greetin',55.10493287295966,-3.5677785959759656,1664971351,2808,1962,60,Male,N,186,"Dumfries (centre and east: Dalscone, Georgetown, Heathhall, Kingholm Quay, Noblehill, The Crichton)","Dumfries and Galloway",DG1,"Dumfries and Galloway"
greetin',56.37652806697641,-3.5962498160930876,1664971364,2805,1999,23,Female,Y,1309,Bankfoot,"Perth and Kinross",PH1,Fife
greetin',56.11917086146231,-3.209446019874624,1664971374,2803,1981,41,Female,Y,1117,"Kirkcaldy (west: Hayfield, Templehall, Newliston, Chapel, Dunnikier, Bennochy)",Fife,KY2,Fife
greetin',55.82049259400598,-3.876229346085601,1664971375,2798,1979,43,Male,Y,1151,Motherwell,"North Lanarkshire",ML1,Glasgow
greetin',55.877982127201214,-3.0972929519580834,1664971387,2799,1991,31,Female,N,328,Bonnyrigg,Midlothian,EH19,"Lothian (Edinburgh)"
greetin',55.92822966077371,-4.299148675728089,1664971418,2810,1985,37,Male,Y,488,Bearsden,"East Dunbartonshire",G61,Glasgow
greetin',55.86930565806428,-4.809855823409248,1664971448,2796,2000,22,Male,Y,1233,Skelmorlie,"North Ayrshire",PA17,Ayrshire
greetin',55.88089802029391,-3.924261535098767,1664971461,2816,1981,41,Female,Y,1192,Airdrie,"North Lanarkshire",ML6,Glasgow
greetin',55.9263925251686,-3.2139881119207288,1664971468,2807,1978,44,Male,Y,320,"Newington, Edinburgh",Edinburgh,"Edinburgh South","Lothian (Edinburgh)"
greetin',55.84435122733743,-4.379673972828524,1664971471,2813,1967,55,Male,Y,1220,"Paisley (central, east and north east: Ferguslie, Oldhall, Seedhill, Williamsburgh, Whitehaugh)",Renfrewshire,PA1,Glasgow
greetin',55.82610211410234,-4.1714082235485135,1664971547,2769,1997,25,Male,N,618,"Carmyle, Glasgow",Glasgow,"Glasgow Northeast",Glasgow
greetin',55.79178395400416,-4.526113943187921,1664971557,2820,1982,40,Male,Y,1236,"Paisley (south: Blackhall, Castlehead, Dykebar, Foxbar, Hunterhill, Meikleriggs)",Renfrewshire,PA2,Glasgow
greetin',55.956312023660175,-3.2604794344728782,1664971574,2824,1991,31,Female,Y,287,"Corstorphine, Edinburgh",Edinburgh,"Edinburgh North","Lothian (Edinburgh)"
greetin',55.90100012768775,-4.500226296340613,1664971614,2814,1948,74,Male,Y,1292,Bishopton,Renfrewshire,PA7,Glasgow
greetin',56.08323835970853,-4.98479736476101,1664971627,2829,1997,25,Female,Y,1241,Dunoon,"Argyll and Bute",PA23,"Argyll and Bute"
greetin',57.5979289555659,-3.219262736868145,1664971637,2823,1967,55,Male,Y,737,Elgin,Moray,IV30,"North East (Aberdeen)"
greetin',57.035249562389495,-2.226194629916588,1664971683,2801,1990,32,Female,Y,48,Stonehaven,Aberdeenshire,AB39,"North East (Aberdeen)"
greetin',55.71752339560362,-4.895419943174471,1664971689,2821,1970,52,Male,Y,814,"West Kilbride","North Ayrshire",KA23,Ayrshire
greetin',55.761601223210654,-4.264767914152902,1664971717,2831,1995,27,Male,Y,530,"East Kilbride (north: The Village, East Mains, West Mains, Lymekilns, St Leonards, Calderwood, Nerston, Stewartfield, Peel Park)","South Lanarkshire",G74,Glasgow
greetin',55.720487779331734,-3.967845748653861,1664971752,2830,1990,32,Female,N,1217,Larkhall,"North Lanarkshire",ML9,Glasgow
greetin',56.06025874602395,-3.3125370160473624,1664971804,2832,1966,56,Male,Y,1120,Kinghorn,Fife,KY3,Fife
greetin',57.64433495892341,-2.0372390434314296,1664971921,2834,1988,34,Female,Y,57,Fraserburgh,Aberdeenshire,AB43,"North East (Aberdeen)"
greetin',56.47953923914724,-2.8822558656746953,1664971923,2822,1944,78,Male,N,251,"Kirkton, Dundee",Dundee,"Dundee North","Tayside and Angus (Dundee)"
greetin',55.9639509314565,-3.2554620618443053,1664971924,2833,2005,17,Female,School,279,"Clermiston and Drumbrae, Edinburgh",Edinburgh,"Edinburgh Clermiston Granton","Lothian (Edinburgh)"
greetin',56.11215280456583,-3.873775599687287,1664971953,2825,1967,55,Female,N,457,Bannockburn,Stirlingshire,FK7,"Stirling and Falkirk"
greetin',56.809369279678606,-5.03812313099171,1664972006,2843,1993,29,Female,N,1377,"Fort William",Highland,PH33,"Highlands (Inverness)"
greetin',55.35889697786985,-3.376903804572969,1664972045,2838,1961,61,Female,Y,189,Moffat,"Dumfries and Galloway",DG10,"Dumfries and Galloway"
greetin',55.892974460074754,-4.20191997312174,1664972046,2837,1984,38,Female,Y,606,"Cranhill, Glasgow",Glasgow,"Glasgow Northeast",Glasgow
greetin',55.67239106080363,-2.785357924237124,1664972088,2806,1961,61,Female,Y,1413,Galashiels,"Scottish Borders",TD1,Borders
greetin',57.01985263192765,-2.28157826253818,1664972125,2846,1957,65,Male,Y,48,Stonehaven,Aberdeenshire,AB39,"North East (Aberdeen)"
greetin',55.8927101532006,-5.038326918815381,1664972135,2853,1971,51,Male,Y,1241,Dunoon,"Argyll and Bute",PA23,"Argyll and Bute"
greetin',56.46913689266372,-2.9889511775549975,1664972177,2744,1993,29,Male,N,237,"Blackness, Dundee",Dundee,"Dundee Central","Tayside and Angus (Dundee)"
greetin',57.65389448484896,-3.0091977460522523,1664972209,2854,1957,65,Female,Y,91,Cullen,Moray,AB56,"North East (Aberdeen)"
greetin',55.54699183411385,-4.658287551485519,1664972264,2858,1994,28,Male,Y,784,Troon,"South Ayrshire",KA10,Ayrshire
greetin',57.173131989230086,-2.14316725464247,1664972269,2839,1959,63,Male,Y,97,"Mastrick, Aberdeen",Aberdeen,"Aberdeen Central","North East (Aberdeen)"
greetin',55.562173126224714,-4.481336542981588,1664972331,2855,1975,47,Male,Y,779,"Kilmarnock (centre and south: Bonnyton, Grange, Bellfield, Shortlees, Caprington, Riccarton, Hurlford)","East Ayrshire",KA1,Ayrshire
greetin',57.48717089381663,-3.5168009430853067,1664972356,2857,1964,58,Male,N,740,Forres,Moray,IV36,"North East (Aberdeen)"
greetin',55.78909871750557,-3.949697806415288,1664972377,2860,1994,28,Male,Y,1151,Motherwell,"North Lanarkshire",ML1,Glasgow
greetin',55.972657525501084,-3.180170063376878,1664972399,2856,1983,39,Male,Y,285,"Leith, Edinburgh",Edinburgh,"Edinburgh Leith","Lothian (Edinburgh)"
greetin',55.71184458512687,-6.153029396419432,1664972409,2861,1959,63,Male,Y,1267,"Bowmore, Isle of Islay","Argyll and Bute",PA43,"Argyll and Bute"
greetin',55.47520799103876,-4.626301420617473,1664972410,2862,1997,25,Male,N,868,"Newton on Ayr","South Ayrshire",KA8,Ayrshire
greetin',55.00162612322968,-3.060344541797546,1664972611,2867,1975,47,Female,Y,205,Gretna,"Dumfries and Galloway",DG16,"Dumfries and Galloway"
greetin',57.653314047620064,-2.9077282322738465,1664972635,2871,1997,25,Female,Y,90,Buckie,Moray,AB56,"North East (Aberdeen)"
greetin',55.860591431604774,-4.097229927125072,1664972639,2865,1960,62,Male,N,628,"Balornock, Glasgow",Glasgow,"Glasgow Northeast",Glasgow
greetin',56.638802799968495,-3.200162175811176,1664972658,2870,1994,28,Male,Y,1321,Alyth,"Perth and Kinross",PH11,Fife
greetin',56.77142892881132,-3.619287427356665,1664972697,2866,1995,27,Male,Y,1319,"Bridge of Cally","Perth and Kinross",PH10,Fife
greetin',55.84778547646286,-4.015443957345107,1664972728,2835,1982,40,Male,Y,1189,Coatbridge,"North Lanarkshire",ML5,Glasgow
greetin',55.93895902771854,-4.874371040689431,1664972776,2878,1970,52,Female,Y,1235,Gourock,Inverclyde,PA19,Glasgow
greetin',57.17708540984571,-2.4608740160497526,1664972778,2874,1980,42,Male,Y,28,Westhill,Aberdeenshire,AB32,"North East (Aberdeen)"
greetin',57.50854816059872,-1.946102321586153,1664972811,2869,1990,32,Other,Y,54,Peterhead,Aberdeenshire,AB42,"North East (Aberdeen)"
greetin',55.96978035414448,-2.883688613358273,1664972823,2882,1989,33,Male,Y,348,Prestonpans,"East Lothian",EH32,"Lothian (Edinburgh)"
greetin',55.670239962474795,-4.398918906772066,1664972841,2880,1975,47,Female,N,837,"Kilmarnock (north: Onthank, Townholm, Altonhill, Longpark, Beansburn, New Farm Loch, Knockinlaw, Hillhead, Crookedholm)","East Ayrshire",KA3,Ayrshire
greetin',58.40503820094966,-3.3701161041205885,1664972846,2879,1961,61,Male,Y,876,Canisbay,Highland,KW1,"Highlands (Inverness)"
greetin',55.82367034389903,-4.072266715533478,1664972872,2877,1971,51,Female,N,525,Uddingston,"South Lanarkshire",G71,Glasgow
greetin',55.915866246956256,-2.737265301359788,1664972883,2885,1988,34,Female,Y,357,Haddington,"East Lothian",EH41,"Lothian (Edinburgh)"
greetin',55.83780216149473,-4.354674594038853,1664972900,2881,1977,45,Female,Y,676,"Mosspark, Glasgow",Glasgow,"Glasgow Southwest",Glasgow
greetin',55.76958430843216,-4.02969422601341,1664972942,2883,1985,37,Male,Y,1183,Hamilton,"South Lanarkshire",ML3,Glasgow
greetin',55.98556102791196,-3.826420251683658,1664973042,2852,1996,26,Female,Y,377,"Falkirk (centre and south: Arnothill, Bantaskin, Callendar Park, Glen Village, Hallglen, Lionthorn, Tamfourhill, Woodlands)",Falkirk,FK1,"Stirling and Falkirk"
greetin',56.53319570267323,-2.667491756131379,1664973082,2886,1982,40,Male,Y,178,Carnoustie,Angus,DD7,"Tayside and Angus (Dundee)"
greetin',55.965682562848244,-2.926249814107304,1664973084,2882,1989,33,Male,Y,348,Prestonpans,"East Lothian",EH32,"Lothian (Edinburgh)"
greetin',55.93567648874565,-3.251744337686324,1664973088,2875,1991,31,Male,Y,267,"Sighthill, Edinburgh",Edinburgh,"Edinburgh Central","Lothian (Edinburgh)"
greetin',55.841367592849025,-4.102246969190413,1664973090,2890,1980,42,Male,Y,525,Uddingston,"South Lanarkshire",G71,Glasgow
greetin',56.90545756482094,-3.1627096507533583,1664973160,2891,1978,44,Female,Y,181,Kirriemuir,Angus,DD8,"Tayside and Angus (Dundee)"
greetin',55.607220144907835,-2.6140708692813193,1664973260,2895,1978,44,Female,N,1468,Melrose,"Scottish Borders",TD6,Borders
greetin',55.961267585202364,-3.1641797012998847,1664973320,2892,1955,67,Male,Y,298,"Inverleith, Edinburgh",Edinburgh,"Edinburgh North","Lothian (Edinburgh)"
greetin',55.67926829164167,-4.3694448785597055,1664973323,1005,1971,51,Male,Y,837,"Kilmarnock (north: Onthank, Townholm, Altonhill, Longpark, Beansburn, New Farm Loch, Knockinlaw, Hillhead, Crookedholm)","East Ayrshire",KA3,Ayrshire
greetin',57.122981114223975,-2.064691370684214,1664973326,2900,1959,63,Female,Y,1,Portlethen,Aberdeenshire,AB12,"North East (Aberdeen)"
greetin',55.488189863962745,-5.2065782969333165,1664973346,2903,1994,28,Female,Y,827,"Isle of Arran","North Ayrshire",KA27,Ayrshire
greetin',55.93089043478538,-4.296925435857458,1664973352,2897,1982,40,Female,Y,489,Milngavie,"East Dunbartonshire",G62,Glasgow
greetin',56.40805629499618,-3.254642385975866,1664973381,2901,1961,61,Male,N,1353,Scone,"Perth and Kinross",PH2,Fife
greetin',55.66879832867666,-4.098643539411429,1664973425,2902,1972,50,Female,Y,1160,Strathaven,"North Lanarkshire",ML10,Glasgow
greetin',56.218182309536424,-2.7874431064851333,1664973488,2908,1978,44,Male,N,1086,Anstruther,Fife,KY10,Fife
greetin',55.8924731082207,-4.357157695689198,1664973489,2911,1989,33,Female,Y,641,"Knightswood, Glasgow",Glasgow,"Glasgow Northwest",Glasgow
greetin',56.085403570191225,-4.0371664138728205,1664973587,2913,1975,47,Female,Y,464,"Stirling (south and east: Braehead, Borestone, Broomridge, Torbrex)",Stirlingshire,FK7,"Stirling and Falkirk"
greetin',55.4861115390478,-4.189614734332877,1664973597,2914,1982,40,Female,N,798,Cumnock,"East Ayrshire",KA18,Ayrshire
greetin',57.13839024582324,-2.056180634999223,1664973639,2917,1969,53,Male,Y,127,"Torry, Aberdeen",Aberdeen,"Aberdeen Southeast","North East (Aberdeen)"
greetin',55.59701351324471,-4.536877278211192,1664973653,2918,1971,51,Female,Y,809,Dundonald,"South Ayrshire",KA2,Ayrshire
greetin',55.94530790719219,-3.174882849194519,1664973678,2920,1989,33,Female,Y,283,"Craigentinny, Edinburgh",Edinburgh,"Edinburgh Duddingston","Lothian (Edinburgh)"
greetin',55.87790600341305,-3.1440390318356033,1664973685,2921,1980,42,Female,Y,329,Loanhead,Midlothian,EH20,"Lothian (Edinburgh)"
greetin',55.83830304234584,-4.234705703585581,1664973691,2915,1991,31,Female,N,676,"Mosspark, Glasgow",Glasgow,"Glasgow Southwest",Glasgow
greetin',55.92178224027326,-3.139104819953047,1664973703,2916,1985,37,Female,N,322,"Gilmerton, Edinburgh",Edinburgh,"Edinburgh Southeast","Lothian (Edinburgh)"
greetin',55.83333203166152,-3.176009172982963,1664973710,2924,1970,52,Female,Y,342,Roslin,Midlothian,EH25,"Lothian (Edinburgh)"
greetin',55.95182614135782,-3.2022990151664446,1664973786,2923,1958,64,Male,N,287,"Corstorphine, Edinburgh",Edinburgh,"Edinburgh North","Lothian (Edinburgh)"
greetin',55.75619243728341,-4.062267203375816,1664973795,2922,1973,49,Female,Y,1183,Hamilton,"South Lanarkshire",ML3,Glasgow
greetin',55.83386030593859,-4.080278010716391,1664973806,2877,1971,51,Female,N,525,Uddingston,"South Lanarkshire",G71,Glasgow
greetin',55.80644239041218,-4.124929883369807,1664973871,2926,1982,40,Female,Y,529,Cambuslang,"South Lanarkshire",G72,Glasgow
greetin',55.574883649480945,-4.432507498397564,1664973872,2930,1953,69,Female,Y,779,"Kilmarnock (centre and south: Bonnyton, Grange, Bellfield, Shortlees, Caprington, Riccarton, Hurlford)","East Ayrshire",KA1,Ayrshire
greetin',55.95147880915219,-3.2597500245786324,1664973935,2932,1971,51,Male,Y,288,"Murrayfield, Edinburgh",Edinburgh,"Edinburgh North","Lothian (Edinburgh)"
greetin',55.832745285639135,-4.186181989127082,1664973972,2925,1959,63,Male,Y,529,Cambuslang,"South Lanarkshire",G72,Glasgow
greetin',57.62063097259935,-1.884607138389138,1664974021,2939,1996,26,Female,Y,57,Fraserburgh,Aberdeenshire,AB43,"North East (Aberdeen)"
greetin',56.22357345530105,-4.784712790850323,1664974031,2935,1991,31,Male,Y,557,Alexandria,"West Dunbartonshire",G83,"Argyll and Bute"
greetin',55.640104258454784,-4.68129145895666,1664974045,2931,1991,31,Male,N,787,"Irvine (centre: Castlepark, Tarryholme)","North Ayrshire",KA12,Ayrshire
greetin',55.91209972163419,-3.3270750361335386,1664974122,2943,1981,41,Male,Y,314,"Morningside, Edinburgh",Edinburgh,"Edinburgh South","Lothian (Edinburgh)"
greetin',55.557593705684546,-4.648220087864946,1664974127,2940,1980,42,Female,Y,784,Troon,"South Ayrshire",KA10,Ayrshire
greetin',55.61738806598881,-4.239284391215709,1664974162,2949,1981,41,Female,Y,796,Darvel,"East Ayrshire",KA17,Ayrshire
greetin',55.9151379541153,-4.578064524408877,1664974166,2944,1979,43,Male,N,1229,"Port Glasgow",Inverclyde,PA14,Glasgow
greetin',55.65307971021484,-4.465560909202002,1664974186,2951,1980,42,Female,N,837,"Kilmarnock (north: Onthank, Townholm, Altonhill, Longpark, Beansburn, New Farm Loch, Knockinlaw, Hillhead, Crookedholm)","East Ayrshire",KA3,Ayrshire
greetin',55.55262256433246,-4.213439617712408,1664974215,2950,1970,52,Male,Y,1160,Strathaven,"North Lanarkshire",ML10,Glasgow
greetin',55.97240434876688,-3.3768053058259593,1664974219,2953,1992,30,Male,Y,301,"Kirkliston, Edinburgh",Edinburgh,"Edinburgh Northwest","Lothian (Edinburgh)"
greetin',55.03064781212418,-3.0617962579481652,1664974236,2955,1978,44,Female,Y,205,Gretna,"Dumfries and Galloway",DG16,"Dumfries and Galloway"
greetin',56.219787029749725,-3.401916477673683,1664974277,2954,1973,49,Male,Y,1097,Kinnesswood,"Perth and Kinross",KY13,Fife
greetin',56.3257327295998,-2.956624063381731,1664974346,2959,1982,40,Female,Y,1107,Freuchie,Fife,KY15,Fife
greetin',58.44080027925867,-3.411027252204199,1664974377,2961,1980,42,Female,Y,879,Keiss,Highland,KW1,"Highlands (Inverness)"
greetin',55.53962726321038,-4.492928784751248,1664974392,2957,1958,64,Female,N,779,"Kilmarnock (centre and south: Bonnyton, Grange, Bellfield, Shortlees, Caprington, Riccarton, Hurlford)","East Ayrshire",KA1,Ayrshire
greetin',56.37369300376445,-3.0292195911116955,1664974405,2964,1982,40,Female,N,1105,Cupar,Fife,KY15,Fife
greetin',60.1562416620523,-1.2828099499101546,1664974418,2965,2005,17,Other,School,1500,Lerwick,"Shetland Isles",ZE1,"Shetland Islands"
greetin',56.485927078213045,-3.452874633037579,1664974427,2952,1955,67,Male,Y,1313,"Perth (north and west: Burghmuir, Cherrybank, Hillyland, Inveralmond, Lethom, Muirton, North Muirton, Tulloch)","Perth and Kinross",PH1,Fife
greetin',55.844811396761514,-4.1799760933338055,1664974451,2960,1989,33,Female,Y,602,"Baillieston, Glasgow",Glasgow,"Glasgow Northeast",Glasgow
greetin',55.9499490866014,-4.092524178275649,1664974452,2958,1977,45,Male,Y,510,"Milton of Campsie","East Dunbartonshire",G66,Glasgow
greetin',56.768330263577994,-2.528246656354524,1664974474,2966,1972,50,Male,N,140,Montrose,Angus,DD10,"Tayside and Angus (Dundee)"
greetin',55.84375230375294,-4.465584915755957,1664974502,2969,1971,51,Male,Y,1220,"Paisley (central, east and north east: Ferguslie, Oldhall, Seedhill, Williamsburgh, Whitehaugh)",Renfrewshire,PA1,Glasgow
greetin',55.57229034755145,-4.580764678992554,1664974527,2971,1966,56,Female,N,810,Knockentiber,"East Ayrshire",KA2,Ayrshire
greetin',55.58783300653746,-4.61943261838902,1664974555,2973,1955,67,Male,Y,785,"Irvine (east, south: Perceton, Lawthorn, Girdle Toll, Stanecastle, Bourtreehill, Broomlands, Dreghorn, Springside)","North Ayrshire",KA11,Ayrshire
greetin',55.46166847650203,-4.627519945540386,1664974610,2978,1983,39,Male,Y,856,"Ayr (Centre)","South Ayrshire",KA7,Ayrshire
greetin',57.16636242269367,-2.0940105016776602,1664974611,2976,1988,34,Male,Y,106,"Kittybrewster, Aberdeen",Aberdeen,"Aberdeen Central","North East (Aberdeen)"
greetin',55.793730703215644,-4.276185798324263,1664974618,2977,1998,24,Male,Y,645,Clarkston,"East Renfrewshire","Glasgow South",Glasgow
greetin',55.95091723451063,-3.1757242903597738,1664974623,2968,1974,48,Female,Y,269,"Gorgie, Edinburgh",Edinburgh,"Edinburgh Central","Lothian (Edinburgh)"
greetin',57.160089500353784,-2.083640124388504,1664974714,2979,1999,23,Male,Y,97,"Mastrick, Aberdeen",Aberdeen,"Aberdeen Central","North East (Aberdeen)"
greetin',55.8003484410594,-4.191379445881418,1664974723,2981,2001,21,Male,N,571,"Castlemilk, Glasgow",Glasgow,"Glasgow Castlemilk",Glasgow
greetin',55.81974757308402,-4.844337372992224,1664974749,2985,1987,35,Male,Y,842,Largs,"North Ayrshire",KA30,Ayrshire
greetin',54.74883038306026,-4.46225660989567,1664974784,2983,1970,52,Male,Y,227,Wigtown,"Dumfries and Galloway",DG8,"Dumfries and Galloway"
greetin',55.967652034443546,-3.2373479082046765,1664974815,2990,1995,27,Male,Y,279,"Clermiston and Drumbrae, Edinburgh",Edinburgh,"Edinburgh Clermiston Granton","Lothian (Edinburgh)"
greetin',56.08263727266939,-3.3840320742702574,1664974842,2984,1962,60,Female,N,1121,Cowdenbeath,Fife,KY4,Fife
greetin',55.87829036402284,-4.4409034100226075,1664974865,2987,1995,27,Female,Y,1264,Renfrew,Renfrewshire,PA4,Glasgow
greetin',55.845570891848574,-4.360002123823465,1664974953,2988,1995,27,Other,N,678,"Cardonald, Glasgow",Glasgow,"Glasgow Southwest",Glasgow
greetin',55.76450945820424,-4.246059138068948,1664974969,2995,1977,45,Male,Y,530,"East Kilbride (north: The Village, East Mains, West Mains, Lymekilns, St Leonards, Calderwood, Nerston, Stewartfield, Peel Park)","South Lanarkshire",G74,Glasgow
greetin',55.72051439995526,-4.151664892971761,1664975019,2994,1979,43,Male,N,534,"East Kilbride (south: Hairmyres, Westwood, The Murray, Murray East, Whitehills, Greenhill, Newlandsmuir, Gardenhall, Crosshouse, Newlands, Lindsayfield, Mossneuk)","South Lanarkshire",G75,Glasgow
greetin',55.96943704006577,-3.2535164343156646,1664975060,2996,1965,57,Female,N,278,"Granton, Edinburgh",Edinburgh,"Edinburgh Clermiston Granton","Lothian (Edinburgh)"
greetin',55.89753825292945,-3.5416214497803624,1664975083,2997,1988,34,Male,Y,375,Livingston,"West Lothian",EH54,"Lothian (Edinburgh)"
greetin',55.954970394544084,-2.829619623221537,1664975121,2993,1987,35,Other,Y,357,Haddington,"East Lothian",EH41,"Lothian (Edinburgh)"
greetin',55.75232093430953,-4.109576164574161,1664975250,3000,1995,27,Female,Y,1183,Hamilton,"South Lanarkshire",ML3,Glasgow
greetin',57.57348376997022,-2.270052446439299,1664975349,3006,1968,54,Female,Y,57,Fraserburgh,Aberdeenshire,AB43,"North East (Aberdeen)"
greetin',55.674180324668185,-4.554043900505056,1664975401,3009,1970,52,Female,Y,837,"Kilmarnock (north: Onthank, Townholm, Altonhill, Longpark, Beansburn, New Farm Loch, Knockinlaw, Hillhead, Crookedholm)","East Ayrshire",KA3,Ayrshire
greetin',55.87848371419108,-3.817397967065368,1664975434,3012,1967,55,Male,Y,367,Armadale,"West Lothian",EH48,"Lothian (Edinburgh)"
greetin',55.733783441370946,-4.064330228458604,1664975460,3010,1959,63,Male,Y,1183,Hamilton,"South Lanarkshire",ML3,Glasgow
greetin',57.135162487619986,-2.1299801333314554,1664975463,3008,1973,49,Male,Y,133,"Bieldside, Aberdeen",Aberdeen,"Aberdeen Southwest","North East (Aberdeen)"
greetin',55.87862033092081,-3.736042777854739,1664975470,3014,1983,39,Male,Y,368,Bathgate,"West Lothian",EH48,"Lothian (Edinburgh)"
greetin',55.84428070969867,-5.248401774204486,1664975486,3005,1970,52,Female,N,1238,Tighnabruaich,"Argyll and Bute",PA21,"Argyll and Bute"
greetin',55.84349666723393,-2.7275025143766065,1664975521,3011,1958,64,Female,N,357,Haddington,"East Lothian",EH41,"Lothian (Edinburgh)"
greetin',55.848646640488425,-4.477837905452312,1664975576,3023,1997,25,Male,Y,1220,"Paisley (central, east and north east: Ferguslie, Oldhall, Seedhill, Williamsburgh, Whitehaugh)",Renfrewshire,PA1,Glasgow
greetin',56.526436857105786,-3.381178005747759,1664975581,3019,1996,26,Female,Y,1313,"Perth (north and west: Burghmuir, Cherrybank, Hillyland, Inveralmond, Lethom, Muirton, North Muirton, Tulloch)","Perth and Kinross",PH1,Fife
greetin',57.611903524644326,-2.904524292125518,1664975582,3021,1992,30,Female,Y,90,Buckie,Moray,AB56,"North East (Aberdeen)"
greetin',55.81565619249947,-4.51752384615162,1664975591,3024,1965,57,Male,Y,1276,Johnstone,Renfrewshire,PA5,Glasgow
greetin',55.97125553183705,-2.4388371081446807,1664975612,3022,1973,49,Male,Y,359,Dunbar,"East Lothian",EH42,"Lothian (Edinburgh)"
greetin',55.373834545922406,-4.054638188113545,1664975648,3020,2001,21,Female,Y,214,Sanquhar,"Dumfries and Galloway",DG4,"Dumfries and Galloway"
greetin',59.144568664268,-3.014668019898014,1664975697,3025,1996,26,Male,Y,1025,"Orkney Islands",Orkney,KW17,"Orkney Islands"
greetin',56.48889808834193,-2.945760305584532,1664975705,3015,1956,66,Female,N,254,"Douglas, Dundee",Dundee,"Dundee North","Tayside and Angus (Dundee)"
greetin',57.56447257229063,-4.028936313799561,1664975818,3027,1970,52,Male,N,714,"Inverness (east: Culcabock, Crown, Culduthel, Drummond, Haugh, Hilton, Holm, Lochardil, Millburn, Raigmore)",Highland,IV2,"Highlands (Inverness)"
greetin',56.0063903589401,-4.74287055786289,1664975837,3031,1988,34,Female,Y,567,Kilcreggan,"Argyll and Bute",G84,"Argyll and Bute"
greetin',56.06709871607883,-3.419329261301921,1664975873,3032,1989,33,Male,Y,1090,"Dunfermline (south and east: Halbeath, Touch, Duloch, Masterton, Pitcorthie, Abbeyview, Brucefield, Hospital Hill, Camdean, Pitreavie)",Fife,KY11,Fife
greetin',55.962488079024546,-3.2126729015566475,1664975875,3029,1965,57,Female,Y,295,"Ravelston, Edinburgh",Edinburgh,"Edinburgh North","Lothian (Edinburgh)"
greetin',55.94557692228796,-4.730171366513645,1664975932,3033,1969,53,Male,N,1230,"Greenock (central and east: Bogston, Bridgend, Cartsdyke, Gibshill, Greenock Central, Ladyburn, Upper Ingleston)",Inverclyde,PA15,Glasgow
greetin',55.904796567319785,-4.76750667028727,1664975978,3026,1964,58,Female,Y,1231,"Greenock (west: Bow Farm, Braeside, Branchton, Fort Matilda, Gateside, Greenock West, Overton, Pennyfern, Smithston)",Inverclyde,PA16,Glasgow
greetin',56.10880444414813,-3.915153431388544,1664976043,3035,1963,59,Male,Y,464,"Stirling (south and east: Braehead, Borestone, Broomridge, Torbrex)",Stirlingshire,FK7,"Stirling and Falkirk"
greetin',57.34424190190564,-3.6369261728951585,1664976061,3039,1955,67,Female,N,1371,Grantown-On-Spey,Highland,PH26,"Highlands (Inverness)"
greetin',56.03004806676518,-3.8309044441938545,1664976071,3041,1975,47,Male,N,449,Larbert,Falkirk,FK5,"Stirling and Falkirk"
greetin',56.49712883620773,-2.966900331559868,1664976078,3015,1956,66,Female,N,254,"Douglas, Dundee",Dundee,"Dundee North","Tayside and Angus (Dundee)"
greetin',55.80400628110569,-3.977930009785633,1664976246,3044,1974,48,Male,N,1148,Cleland,"North Lanarkshire",ML1,Glasgow
greetin',55.83205169570488,-4.320611512940769,1664976363,3051,1978,44,Male,Y,658,"Giffnock, Glasgow",Glasgow,"Glasgow South",Glasgow
greetin',55.84481650976754,-4.531457191554485,1664976434,3047,1949,73,Female,N,1276,Johnstone,Renfrewshire,PA5,Glasgow
greetin',55.083799917093664,-3.7995738621895616,1664976449,3052,1963,59,Female,Y,207,"Dumfries (west: Broomlands, Cargenbridge, Lochside, Maxwelltown, Troqueer)","Dumfries and Galloway",DG2,"Dumfries and Galloway"
greetin',56.021348774745526,-3.8451424199310673,1664976461,3053,1990,32,Male,Y,450,Stenhousemuir,Falkirk,FK5,"Stirling and Falkirk"
greetin',57.23082010957981,-2.4154942673015616,1664976478,3058,1976,46,Other,Y,67,Oldmeldrum,Aberdeenshire,AB51,"North East (Aberdeen)"
greetin',55.75606902195216,-3.548890742469948,1664976540,3057,1982,40,Female,Y,1167,Lanark,"South Lanarkshire",ML11,Glasgow
greetin',58.443235836495646,-3.43084670891045,1664976570,3054,1968,54,Female,N,899,Wick,Highland,KW1,"Highlands (Inverness)"
greetin',56.95535983848642,-2.2147985682823594,1664976610,3050,1965,57,Male,Y,48,Stonehaven,Aberdeenshire,AB39,"North East (Aberdeen)"
greetin',55.81991429053212,-4.515892213211516,1664976617,3047,1949,73,Female,N,1276,Johnstone,Renfrewshire,PA5,Glasgow
greetin',55.82488269183629,-2.112558024656052,1664976660,3061,1964,58,Female,Y,1431,Eyemouth,"Scottish Borders",TD14,Borders
greetin',56.124896973810884,-3.442118323589112,1664976671,3064,2000,22,Female,Y,1121,Cowdenbeath,Fife,KY4,Fife
greetin',56.45506378550296,-3.014845810145159,1664976709,3065,1984,38,Male,Y,257,"Ninewells, Dundee",Dundee,"Dundee West","Tayside and Angus (Dundee)"
greetin',56.13740378222494,-3.528469119553373,1664976782,3066,1992,30,Female,Y,1096,"Dunfermline (centre, north, west: Abbey Parks, Lady's Mill, Garvock, Headwell, Kingseathill, Wellwood, Milesmark, Baldridge, Pittencrieff, Baldridgeburn)",Fife,KY12,Fife
greetin',55.88837152479116,-4.262574623779433,1664976838,3062,1939,83,Female,N,603,"Carntyne, Glasgow",Glasgow,"Glasgow Northeast",Glasgow
greetin',55.72876887458724,-4.195059216605211,1664976842,3070,1994,28,Other,Y,534,"East Kilbride (south: Hairmyres, Westwood, The Murray, Murray East, Whitehills, Greenhill, Newlandsmuir, Gardenhall, Crosshouse, Newlands, Lindsayfield, Mossneuk)","South Lanarkshire",G75,Glasgow
greetin',56.051608117776496,-3.4427626725316096,1664976927,3071,1954,68,Male,Y,1090,"Dunfermline (south and east: Halbeath, Touch, Duloch, Masterton, Pitcorthie, Abbeyview, Brucefield, Hospital Hill, Camdean, Pitreavie)",Fife,KY11,Fife
greetin',57.58640185863984,-1.8626745716275912,1664976994,3076,1969,53,Female,Y,54,Peterhead,Aberdeenshire,AB42,"North East (Aberdeen)"
greetin',55.77656505802253,-3.181674279550314,1664977050,3075,1956,66,Female,Y,362,Peebles,"Scottish Borders",EH45,Borders
greetin',55.979622933226096,-4.150192449652303,1664977091,3077,1984,38,Female,N,507,Kirkintilloch,"East Dunbartonshire",G66,Glasgow
greetin',56.48134318197097,-2.982282155711798,1664977094,3073,1990,32,Female,N,232,"Craigiebank, Dundee",Dundee,"Dundee Bluebelt","Tayside and Angus (Dundee)"
greetin',60.14953856142901,-1.3569087183230095,1664977116,3078,1978,44,Male,Y,1500,Lerwick,"Shetland Isles",ZE1,"Shetland Islands"
greetin',55.74530997537709,-3.146371153349554,1664977126,3079,1989,33,Male,Y,338,Gorebridge,Midlothian,EH23,"Lothian (Edinburgh)"
greetin',56.102615641314685,-4.789767309563915,1664977316,3081,1996,26,Other,Y,566,Helensburgh,"Argyll and Bute",G84,"Argyll and Bute"
greetin',55.801253146552966,-4.07014473675586,1664977350,3089,1972,50,Male,Y,526,Viewpark,"North Lanarkshire",G71,Glasgow
greetin',55.85619730850562,-3.9748870287283635,1664977374,3091,1966,56,Female,Y,1192,Airdrie,"North Lanarkshire",ML6,Glasgow
greetin',55.96500079409331,-2.7389332805692006,1664977524,3092,1981,41,Female,Y,357,Haddington,"East Lothian",EH41,"Lothian (Edinburgh)"
greetin',56.472401354602404,-2.981864952002148,1664977537,3048,1949,73,Male,N,239,"Charleston, Dundee",Dundee,"Dundee Central","Tayside and Angus (Dundee)"
greetin',57.53540782621771,-3.047909474067525,1664977568,3094,1977,45,Female,Y,88,Keith, Moray,AB55,"North East (Aberdeen)"
greetin',55.79935770218768,-4.296269638471873,1664977577,3087,1981,41,Male,Y,658,"Giffnock, Glasgow",Glasgow,"Glasgow South",Glasgow
greetin',55.954243262436506,-3.2474869095931114,1664977601,3096,1988,34,Male,Y,287,"Corstorphine, Edinburgh",Edinburgh,"Edinburgh North","Lothian (Edinburgh)"
greetin',56.62608318131046,-2.6776409092536837,1664977634,2714,1968,54,Male,Y,141,Arbroath,Angus,DD11,"Tayside and Angus (Dundee)"
greetin',55.81547877278731,-4.071854766374423,1664977664,3099,1990,32,Female,N,604,"Craigend, Glasgow",Glasgow,"Glasgow Northeast",Glasgow
greetin',57.3670149547286,-2.4061278821866243,1664977680,3100,1993,29,Male,Y,67,Oldmeldrum,Aberdeenshire,AB51,"North East (Aberdeen)"
greetin',57.63352162178799,-2.2465591885227907,1664977694,3093,1995,27,Female,Y,57,Fraserburgh,Aberdeenshire,AB43,"North East (Aberdeen)"
greetin',56.3277235616065,-2.7429438507480546,1664977709,3098,1993,29,Female,Y,1114,"St Andrews",Fife,KY16,Fife
greetin',55.55876130452044,-4.122644876864841,1664977752,3102,1978,44,Female,Y,802,"New Cumnock","East Ayrshire",KA18,Ayrshire
greetin',57.09801390779568,-2.592616949120704,1664977787,3101,1995,27,Female,Y,22,Banchory,Aberdeenshire,AB31,"North East (Aberdeen)"
greetin',55.7247718137726,-4.389020737630451,1664977817,3104,1985,37,Female,Y,539,"Newton Mearns","East Renfrewshire",G77,Glasgow
greetin',57.152102726072336,-2.175317257988668,1664977840,3105,1991,31,Female,Y,107,"Rosemount, Aberdeen",Aberdeen,"Aberdeen Central","North East (Aberdeen)"
greetin',55.96858220424613,-4.207116022785448,1664977980,3109,1968,54,Female,N,508,Lennoxtown,"East Dunbartonshire",G66,Glasgow
greetin',57.58790799686549,-2.237002144583819,1664977986,3103,1965,57,Male,N,57,Fraserburgh,Aberdeenshire,AB43,"North East (Aberdeen)"
greetin',55.90399453659094,-3.196664598226519,1664978015,3107,1967,55,Male,Y,308,"Liberton, Edinburgh",Edinburgh,"Edinburgh South","Lothian (Edinburgh)"
greetin',55.74619019279208,-3.9171307799090656,1664978034,3110,1986,36,Female,Y,1180,Wishaw,"North Lanarkshire",ML2,Glasgow
greetin',56.21997401931533,-3.172037916494013,1664978110,3114,1996,26,Male,Y,1133,"Glenrothes (centre and east: Pitteuchar, Finglassie, Stenton, Auchmuty, Pitcoudie, Balfarg, Pircairn, Collydean)",Fife,KY7,Fife
greetin',57.511416530884155,-4.234535280675859,1664978127,3113,1968,54,Female,N,699,"Inverness (centre, north: Longman)",Highland,IV1,"Highlands (Inverness)"
greetin',55.84729719174636,-4.045605259727327,1664978130,3116,1975,47,Female,Y,1189,Coatbridge,"North Lanarkshire",ML5,Glasgow
greetin',57.271232393356684,-2.162250269414221,1664978132,3115,1972,50,Male,N,113,"Bridge of Don, Aberdeen",Aberdeen,"Aberdeen North","North East (Aberdeen)"
greetin',55.73195702592142,-4.014028442989928,1664978193,3119,1981,41,Male,Y,1183,Hamilton,"South Lanarkshire",ML3,Glasgow
greetin',55.877252460320314,-4.313561812066849,1664978210,3118,2004,18,Female,Y,586,"Kelvinside, Glasgow",Glasgow,"Glasgow Kelvin",Glasgow
greetin',57.59077847362039,-2.7762696625733954,1664978273,3121,1944,78,Female,N,59,Banff,Aberdeenshire,AB45,"North East (Aberdeen)"
greetin',56.01176587992997,-4.6548037094437555,1664978289,3106,1977,45,Male,N,557,Alexandria,"West Dunbartonshire",G83,"Argyll and Bute"
greetin',55.04058495054146,-3.3011433309345426,1664978299,3123,1978,44,Male,Y,197,Annan,"Dumfries and Galloway",DG12,"Dumfries and Galloway"
greetin',56.22704275955442,-3.120697398687281,1664978318,3122,1979,43,Male,Y,1134,Markinch,Fife,KY7,Fife
greetin',55.939479038140604,-4.227484560330016,1664978335,3120,2001,21,Male,Y,502,Bishopbriggs,"East Dunbartonshire",G64,Glasgow
greetin',55.90673861690499,-3.2266299030202226,1664978351,3127,1990,32,Male,Y,305,"Oxgangs, Edinburgh",Edinburgh,"Edinburgh Oxgangs","Lothian (Edinburgh)"
greetin',55.8934683796399,-3.959752703391144,1664978391,3125,1996,26,Male,Y,1192,Airdrie,"North Lanarkshire",ML6,Glasgow
greetin',55.83042207000563,-4.3187357729098705,1664978442,3129,2002,20,Male,Y,648,"Shawlands, Glasgow",Glasgow,"Glasgow South",Glasgow
greetin',55.67255962891412,-4.781367786541191,1664978496,3128,1978,44,Male,Y,813,Ardrossan,"North Ayrshire",KA22,Ayrshire
greetin',55.979712369208485,-2.8607006090254963,1664978521,3137,1989,33,Male,Y,348,Prestonpans,"East Lothian",EH32,"Lothian (Edinburgh)"
greetin',57.141281353908596,-2.41546544245183,1664978556,3135,1980,42,Female,Y,28,Westhill,Aberdeenshire,AB32,"North East (Aberdeen)"
greetin',57.5714256398723,-3.419336025674184,1664978558,3131,1945,77,Male,Y,737,Elgin,Moray,IV30,"North East (Aberdeen)"
greetin',57.131823516980646,-2.3482530321339605,1664978582,3133,1982,40,Male,N,28,Westhill,Aberdeenshire,AB32,"North East (Aberdeen)"
greetin',55.90288909535966,-3.7449693261014945,1664978642,3139,1966,56,Female,Y,377,"Falkirk (centre and south: Arnothill, Bantaskin, Callendar Park, Glen Village, Hallglen, Lionthorn, Tamfourhill, Woodlands)",Falkirk,FK1,"Stirling and Falkirk"
greetin',55.94599775721335,-4.843146243740391,1664978671,3140,2001,21,Female,Y,1235,Gourock,Inverclyde,PA19,Glasgow
greetin',57.11195667800372,-2.1350475831976508,1664978702,3141,1974,48,Female,Y,6,"Kirkton of Maryculter",Aberdeenshire,AB12,"North East (Aberdeen)"
greetin',55.93607212747803,-3.2893265408221537,1664978704,3136,1997,25,Female,N,289,"Newhaven, Edinburgh",Edinburgh,"Edinburgh North","Lothian (Edinburgh)"
greetin',55.53157878245729,-4.523334485729726,1664978817,3145,1958,64,Female,N,779,"Kilmarnock (centre and south: Bonnyton, Grange, Bellfield, Shortlees, Caprington, Riccarton, Hurlford)","East Ayrshire",KA1,Ayrshire
greetin',55.8006031510417,-4.0182434169706225,1664978831,3150,1993,29,Male,Y,1186,Bellshill,"North Lanarkshire",ML4,Glasgow
greetin',57.67999390702904,-3.3628688061363707,1664978884,3138,1997,25,Male,Y,737,Elgin,Moray,IV30,"North East (Aberdeen)"
greetin',56.28533633613448,-2.927240888073267,1664978887,3152,1977,45,Male,Y,1105,Cupar,Fife,KY15,Fife
greetin',57.208831690908745,-2.6331627028214464,1664978948,3155,1971,51,Female,N,29,Alford,Aberdeenshire,AB33,"North East (Aberdeen)"
greetin',57.354046641000586,-2.082100533272416,1664978956,3154,1993,29,Male,Y,52,"Udny Station",Aberdeenshire,AB41,"North East (Aberdeen)"
greetin',55.82458355541607,-4.004476139319435,1664978966,3153,1994,28,Male,Y,1186,Bellshill,"North Lanarkshire",ML4,Glasgow
greetin',57.55815388226146,-2.9028126303111876,1664979033,3157,1982,40,Female,Y,88,Keith, Moray,AB55,"North East (Aberdeen)"
greetin',59.1436715168958,-3.0361467495482164,1664979233,3161,1962,60,Female,N,1025,"Orkney Islands",Orkney,KW17,"Orkney Islands"
greetin',58.9773631678865,-2.977957121532229,1664979247,3162,1982,40,Male,Y,967,Kirkwall,Orkney,KW15,"Orkney Islands"
greetin',55.92392562195643,-3.098174643808512,1664979253,3163,1997,25,Female,N,334,Dalkeith,Midlothian,EH22,"Lothian (Edinburgh)"
greetin',55.81003404599074,-4.378767588528574,1664979267,3165,1994,28,Male,Y,540,Barrhead,"East Renfrewshire",G78,Glasgow
greetin',56.76571932772634,-3.4529490467347044,1664979499,3169,2002,20,Female,Y,1318,Blairgowrie,"Perth and Kinross",PH10,Fife
greetin',55.42147682293293,-4.682812289362186,1664979526,3170,1976,46,Female,Y,856,"Ayr (Centre)","South Ayrshire",KA7,Ayrshire
greetin',55.83476588321054,-4.487512379001577,1664979588,3164,1965,57,Female,Y,1276,Johnstone,Renfrewshire,PA5,Glasgow
greetin',56.188580739831764,-4.434988035787629,1664979640,3167,1990,32,Male,N,473,"Stirling (centre and west: Kings Park, Raploch, Riverside)",Stirlingshire,FK8,"Stirling and Falkirk"
greetin',55.97694136552439,-3.7817753897870348,1664979669,3160,1995,27,Female,Y,377,"Falkirk (centre and south: Arnothill, Bantaskin, Callendar Park, Glen Village, Hallglen, Lionthorn, Tamfourhill, Woodlands)",Falkirk,FK1,"Stirling and Falkirk"
greetin',55.87193073268225,-4.442087758528052,1664979696,3172,1961,61,Male,Y,1248,Linwood,Renfrewshire,PA3,Glasgow
greetin',55.54786923909692,-4.363351871355107,1664979753,3181,1983,39,Female,Y,845,Catrine,"East Ayrshire",KA5,Ayrshire
greetin',56.00050090859656,-4.06782497807343,1664979755,3178,1964,58,Female,Y,504,Croy,"North Lanarkshire",G65,Glasgow
greetin',55.97860050196792,-3.159354489023121,1664979765,3180,1987,35,Male,Y,285,"Leith, Edinburgh",Edinburgh,"Edinburgh Leith","Lothian (Edinburgh)"
greetin',57.33252711130433,-2.4420885070915777,1664979904,3183,1986,36,Male,Y,64,Inverurie,Aberdeenshire,AB51,"North East (Aberdeen)"
greetin',57.62542761534183,-3.7382068122625376,1664980155,3192,1988,34,Female,N,740,Forres,Moray,IV36,"North East (Aberdeen)"
greetin',55.924594214925655,-3.213336654529152,1664980160,3190,1980,42,Female,Y,308,"Liberton, Edinburgh",Edinburgh,"Edinburgh South","Lothian (Edinburgh)"
greetin',57.31710600111772,-2.247626715056378,1664980169,3187,1982,40,Male,Y,110,"Kingswells, Aberdeen",Aberdeen,"Aberdeen North","North East (Aberdeen)"
greetin',54.76133301544192,-5.0033652370990715,1664980184,3191,1989,33,Female,Y,231,Stranraer,"Dumfries and Galloway",DG9,"Dumfries and Galloway"
greetin',56.000168305426854,-4.718028323537372,1664980209,3196,1975,47,Female,Y,566,Helensburgh,"Argyll and Bute",G84,"Argyll and Bute"
greetin',55.869800121301765,-4.249742150099475,1664980311,3188,1970,52,Male,N,578,"Townhead, Glasgow",Glasgow,"Glasgow City Centre",Glasgow
greetin',55.86069981968625,-4.272332012078143,1664980333,3201,2001,21,Other,Y,591,"Hillhead, Glasgow",Glasgow,"Glasgow Kelvin",Glasgow
greetin',54.99054471554643,-4.500355361766991,1664980354,3200,1955,67,Female,Y,227,Wigtown,"Dumfries and Galloway",DG8,"Dumfries and Galloway"
greetin',55.83043813952496,-4.198532225413177,1664980481,3205,1968,54,Female,Y,612,"Easterhouse, Glasgow",Glasgow,"Glasgow Northeast",Glasgow
greetin',56.490306982717016,-3.0437474676849807,1664980519,2884,1996,26,Male,N,243,"Hilltown, Dundee",Dundee,"Dundee Central","Tayside and Angus (Dundee)"
greetin',54.86421383525071,-4.971013302238671,1664980538,3206,1979,43,Female,Y,231,Stranraer,"Dumfries and Galloway",DG9,"Dumfries and Galloway"
greetin',55.919675011538125,-4.653690250940899,1664980597,3207,1963,59,Female,Y,1229,"Port Glasgow",Inverclyde,PA14,Glasgow
greetin',55.647912895037315,-4.565543848750492,1664980681,3211,1966,56,Female,N,837,"Kilmarnock (north: Onthank, Townholm, Altonhill, Longpark, Beansburn, New Farm Loch, Knockinlaw, Hillhead, Crookedholm)","East Ayrshire",KA3,Ayrshire
greetin',57.474047870642856,-2.9349768089997,1664980711,3213,1987,35,Male,Y,79,Aberchirder,Aberdeenshire,AB54,"North East (Aberdeen)"
greetin',57.171242510719104,-2.1743970998569337,1664980735,3218,1996,26,Male,Y,101,"Sheddocksley, Aberdeen",Aberdeen,"Aberdeen Central","North East (Aberdeen)"
greetin',56.75637703407245,-2.512381707143815,1664980750,3217,1996,26,Male,Y,140,Montrose,Angus,DD10,"Tayside and Angus (Dundee)"
greetin',55.663660683269484,-4.704295816667913,1664980751,3212,1999,23,Male,Y,788,Kilwinning,"North Ayrshire",KA13,Ayrshire
greetin',56.05518349472956,-4.72674646138274,1664980767,3210,1982,40,Female,Y,567,Kilcreggan,"Argyll and Bute",G84,"Argyll and Bute"
greetin',57.036351167256555,-2.6531202403283656,1664980806,3220,1990,32,Male,Y,33,Aboyne,Aberdeenshire,AB34,"North East (Aberdeen)"
greetin',55.9858013422109,-3.1730316745779388,1664980869,3224,1995,27,Female,Y,285,"Leith, Edinburgh",Edinburgh,"Edinburgh Leith","Lothian (Edinburgh)"
greetin',55.94791003534215,-3.095112017599696,1664980870,3221,1974,48,Female,Y,281,"Portobello, Edinburgh",Edinburgh,"Edinburgh Duddingston","Lothian (Edinburgh)"
greetin',57.60407414098928,-3.3974006398517793,1664980958,3225,1995,27,Female,Y,737,Elgin,Moray,IV30,"North East (Aberdeen)"
greetin',56.05144393818272,-3.547901103054209,1664981005,3227,1956,66,Female,Y,1096,"Dunfermline (centre, north, west: Abbey Parks, Lady's Mill, Garvock, Headwell, Kingseathill, Wellwood, Milesmark, Baldridge, Pittencrieff, Baldridgeburn)",Fife,KY12,Fife
greetin',56.221604733436685,-3.1407379275996044,1664981135,3234,1979,43,Female,Y,1133,"Glenrothes (centre and east: Pitteuchar, Finglassie, Stenton, Auchmuty, Pitcoudie, Balfarg, Pircairn, Collydean)",Fife,KY7,Fife
greetin',55.872213494454826,-4.323563548412207,1664981145,3237,1980,42,Male,Y,596,"Finnieston, Glasgow",Glasgow,"Glasgow Kelvin",Glasgow
greetin',55.88763504596149,-4.319773176563276,1664981159,3238,1949,73,Male,Y,586,"Kelvinside, Glasgow",Glasgow,"Glasgow Kelvin",Glasgow
greetin',55.74767316080769,-3.787052666992006,1664981163,3240,1999,23,Male,Y,1212,Carluke,"South Lanarkshire",ML8,Glasgow
greetin',55.84255814369516,-4.438685912017591,1664981315,3246,2002,20,Male,Y,1221,Ralston,Renfrewshire,PA1,Glasgow
greetin',55.858731843726524,-4.366410296368794,1664981322,3235,1954,68,Male,Y,665,"Pollockshaws, Glasgow",Glasgow,"Glasgow Southwest",Glasgow
greetin',56.058642302595764,-3.3860524933325507,1664981442,3243,1984,38,Male,N,1089,"Dalgety Bay",Fife,KY11,Fife
greetin',55.77926073770642,-4.062789677185497,1664981472,3236,1994,28,Female,Y,1183,Hamilton,"South Lanarkshire",ML3,Glasgow
greetin',56.089273680766105,-3.17142315897129,1664981475,3249,1974,48,Female,N,1117,"Kirkcaldy (west: Hayfield, Templehall, Newliston, Chapel, Dunnikier, Bennochy)",Fife,KY2,Fife
greetin',56.11051261400056,-3.323730880472492,1664981492,3252,1964,58,Female,N,1121,Cowdenbeath,Fife,KY4,Fife
greetin',57.72306992158702,-4.27085620992304,1664981546,3232,1972,50,Female,Y,707,Alness,Highland,IV17,"Highlands (Inverness)"
greetin',56.46889235601315,-2.999257060480819,1664981566,3253,1961,61,Other,N,240,"Ardler, Dundee",Dundee,"Dundee Central","Tayside and Angus (Dundee)"
greetin',55.19430176226759,-3.596420057848479,1664981586,3254,1994,28,Female,N,186,"Dumfries (centre and east: Dalscone, Georgetown, Heathhall, Kingholm Quay, Noblehill, The Crichton)","Dumfries and Galloway",DG1,"Dumfries and Galloway"
greetin',55.93994914019153,-4.78805110121019,1664981656,3258,1964,58,Female,Y,1231,"Greenock (west: Bow Farm, Braeside, Branchton, Fort Matilda, Gateside, Greenock West, Overton, Pennyfern, Smithston)",Inverclyde,PA16,Glasgow
greetin',57.14567634237521,-2.1088388617056433,1664981671,3259,1992,30,Male,Y,127,"Torry, Aberdeen",Aberdeen,"Aberdeen Southeast","North East (Aberdeen)"
greetin',55.86764533344232,-4.055745336215946,1664981687,3262,1968,54,Female,Y,1189,Coatbridge,"North Lanarkshire",ML5,Glasgow
greetin',55.65920166571788,-4.610371137078658,1664981711,3261,1978,44,Female,N,785,"Irvine (east, south: Perceton, Lawthorn, Girdle Toll, Stanecastle, Bourtreehill, Broomlands, Dreghorn, Springside)","North Ayrshire",KA11,Ayrshire
greetin',55.83435332059402,-4.2087709966052955,1664981720,3263,1981,41,Other,Y,629,"Barmulloch, Glasgow",Glasgow,"Glasgow Northeast",Glasgow
greetin',56.35179926689812,-3.475121197574684,1664981735,3256,1994,28,Male,School,1354,"Perth (south and east: Barnhill, Bridgend, Craigie, Kincarrathie, Upper Craigie)","Perth and Kinross",PH2,Fife
greetin',55.83125187014968,-3.38923936981632,1664981737,3250,1942,80,Male,Y,320,"Newington, Edinburgh",Edinburgh,"Edinburgh South","Lothian (Edinburgh)"
greetin',55.779115134804286,-4.596390351586779,1664981888,3255,1968,54,Female,Y,1226,Lochwinnoch,Renfrewshire,PA12,Glasgow
greetin',55.8877113079001,-4.336273001688653,1664981889,3266,1964,58,Female,Y,588,"Broomhill, Glasgow",Glasgow,"Glasgow Kelvin",Glasgow
greetin',57.047857155755736,-5.73813566426861,1664981937,3268,1977,45,Female,Y,1391,Knoydart,Highland,PH41,"Highlands (Inverness)"
greetin',57.032965143432754,-2.495924615156058,1664981951,3267,1976,46,Female,Y,22,Banchory,Aberdeenshire,AB31,"North East (Aberdeen)"
greetin',55.89916523307173,-4.201864844376013,1664981987,3270,1956,66,Male,N,624,"Springboig, Glasgow",Glasgow,"Glasgow Northeast",Glasgow
greetin',57.163016568479975,-2.0847436070356467,1664982031,3272,1973,49,Female,Y,101,"Sheddocksley, Aberdeen",Aberdeen,"Aberdeen Central","North East (Aberdeen)"
greetin',55.00390776073705,-3.507467959979045,1664982057,3274,1983,39,Female,Y,186,"Dumfries (centre and east: Dalscone, Georgetown, Heathhall, Kingholm Quay, Noblehill, The Crichton)","Dumfries and Galloway",DG1,"Dumfries and Galloway"
greetin',56.103219667773146,-4.821686094388802,1664982188,3277,1989,33,Female,Y,566,Helensburgh,"Argyll and Bute",G84,"Argyll and Bute"
greetin',55.827742378842395,-4.017044483752881,1664982203,3278,1987,35,Female,Y,1186,Bellshill,"North Lanarkshire",ML4,Glasgow
greetin',55.03721739442445,-3.4194090472508103,1664982243,3112,1989,33,Male,Y,186,"Dumfries (centre and east: Dalscone, Georgetown, Heathhall, Kingholm Quay, Noblehill, The Crichton)","Dumfries and Galloway",DG1,"Dumfries and Galloway"
greetin',55.77776697427452,-3.808982212288818,1664982309,3281,1997,25,Other,Y,1180,Wishaw,"North Lanarkshire",ML2,Glasgow
greetin',55.901537102944054,-3.890249562993759,1664982352,3280,2005,17,Female,School,1192,Airdrie,"North Lanarkshire",ML6,Glasgow
greetin',55.30074057399504,-2.730513973810066,1664982437,3284,1983,39,Male,Y,1493,Hawick,"Scottish Borders",TD9,Borders
greetin',55.636752582134065,-4.322597522837922,1664982439,3287,1978,44,Male,N,795,Newmilns,"East Ayrshire",KA16,Ayrshire
greetin',55.76465115077773,-4.035425007126835,1664982540,3289,1995,27,Female,Y,1183,Hamilton,"South Lanarkshire",ML3,Glasgow
greetin',56.50603281076605,-3.6109115615252865,1664982551,3285,1993,29,Female,Y,1313,"Perth (north and west: Burghmuir, Cherrybank, Hillyland, Inveralmond, Lethom, Muirton, North Muirton, Tulloch)","Perth and Kinross",PH1,Fife
greetin',56.475072340164424,-3.0311764908991115,1664982561,3286,1948,74,Male,N,236,"Lochee, Dundee",Dundee,"Dundee Central","Tayside and Angus (Dundee)"
greetin',55.99321513966,-5.003521204814173,1664982584,3283,1985,37,Female,Y,1241,Dunoon,"Argyll and Bute",PA23,"Argyll and Bute"
greetin',60.01177388112497,-1.2321021413089965,1664982734,3293,1980,42,Female,Y,1555,Hamnavoe,"Shetland Isles",ZE2,"Shetland Islands"
greetin',56.13577872973249,-3.276981212604572,1664982744,3291,1989,33,Male,Y,1126,Cardenden,Fife,KY5,Fife
greetin',55.805084433177946,-4.115677787039155,1664982777,3294,1958,64,Female,N,529,Cambuslang,"South Lanarkshire",G72,Glasgow
greetin',56.689343332077435,-2.8582669838415784,1664982843,3298,1986,36,Female,Y,179,Forfar,Angus,DD8,"Tayside and Angus (Dundee)"
greetin',55.38722517637369,-4.749711260313447,1664982844,3296,1964,58,Female,N,856,"Ayr (Centre)","South Ayrshire",KA7,Ayrshire
greetin',57.61764148875083,-2.882404738763099,1664982872,3301,1988,34,Female,N,90,Buckie,Moray,AB56,"North East (Aberdeen)"
greetin',55.41637434903867,-3.8535535674012604,1664982965,3299,1964,58,Male,Y,212,Kirkconnel,"Dumfries and Galloway",DG4,"Dumfries and Galloway"
greetin',55.792446411904066,-4.250160363452579,1664982990,3297,1960,62,Female,N,571,"Castlemilk, Glasgow",Glasgow,"Glasgow Castlemilk",Glasgow
greetin',56.482686194728124,-2.9339868616572056,1664983009,3305,1985,37,Male,Y,254,"Douglas, Dundee",Dundee,"Dundee North","Tayside and Angus (Dundee)"
greetin',55.89273886946933,-4.318710021503662,1664983027,3306,1975,47,Female,Y,591,"Hillhead, Glasgow",Glasgow,"Glasgow Kelvin",Glasgow
greetin',56.568185417843296,-2.8682155163733754,1664983061,3308,1972,50,Female,Y,179,Forfar,Angus,DD8,"Tayside and Angus (Dundee)"
greetin',57.11915180967743,-2.142085588870923,1664983113,3307,1978,44,Male,Y,127,"Torry, Aberdeen",Aberdeen,"Aberdeen Southeast","North East (Aberdeen)"
greetin',55.971260255495466,-3.1446610771641432,1664983124,3313,1973,49,Male,Y,285,"Leith, Edinburgh",Edinburgh,"Edinburgh Leith","Lothian (Edinburgh)"
greetin',55.75842642627542,-4.011756690178197,1664983144,3312,1967,55,Female,Y,1183,Hamilton,"South Lanarkshire",ML3,Glasgow
greetin',55.751282431438426,-6.22762518334193,1664983178,3304,1966,56,Female,Y,1267,"Bowmore, Isle of Islay","Argyll and Bute",PA43,"Argyll and Bute"
greetin',55.98868730199129,-3.481086489690391,1664983192,3314,1998,24,Female,Y,372,Winchburgh,"West Lothian",EH52,"Lothian (Edinburgh)"
greetin',55.69853766342924,-4.597066195801558,1664983210,3310,1988,34,Male,Y,791,Beith,"East Ayrshire",KA15,Ayrshire
greetin',57.59202970034305,-2.1757183197584298,1664983311,3318,1999,23,Other,Y,57,Fraserburgh,Aberdeenshire,AB43,"North East (Aberdeen)"
greetin',55.954858698157224,-3.265122503080889,1664983328,3323,1971,51,Male,Y,296,"Davidson's Mains, Edinburgh",Edinburgh,"Edinburgh North","Lothian (Edinburgh)"
greetin',55.232009785513085,-4.584626207838373,1664983395,3325,1963,59,Female,Y,824,Girvan,"South Ayrshire",KA26,Ayrshire
greetin',56.46689239460731,-2.97144044559952,1664983419,3319,1970,52,Female,Y,238,"Menzieshill, Dundee",Dundee,"Dundee Central","Tayside and Angus (Dundee)"
greetin',56.00545963966074,-4.796791890892957,1664983476,3324,1985,37,Female,Y,563,Clynder,"Argyll and Bute",G84,"Argyll and Bute"
greetin',55.63800579575776,-4.525431778222173,1664983504,3316,1997,25,Male,N,841,Stewarton,"East Ayrshire",KA3,Ayrshire
greetin',55.58203829121538,-4.258034581673022,1664983545,3328,1982,40,Female,Y,796,Darvel,"East Ayrshire",KA17,Ayrshire
greetin',55.61809146523825,-4.664326522575299,1664983577,3327,1961,61,Male,Y,787,"Irvine (centre: Castlepark, Tarryholme)","North Ayrshire",KA12,Ayrshire
greetin',55.81189539486645,-4.3424299825820984,1664983579,3332,1984,38,Female,Y,678,"Cardonald, Glasgow",Glasgow,"Glasgow Southwest",Glasgow
greetin',55.89689484241555,-4.283134348844461,1664983604,3329,1976,46,Male,Y,628,"Balornock, Glasgow",Glasgow,"Glasgow Northeast",Glasgow
greetin',55.744875343918565,-3.748474114353323,1664983616,3338,2001,21,Other,N,1212,Carluke,"South Lanarkshire",ML8,Glasgow
greetin',56.28522052814776,-3.8263237479357817,1664983629,3333,1969,53,Male,Y,405,Dunblane,Stirlingshire,FK15,"Stirling and Falkirk"
greetin',57.10422612167075,-2.2966412632613795,1664983700,3341,1996,26,Male,Y,134,"Cults, Aberdeen",Aberdeen,"Aberdeen Southwest","North East (Aberdeen)"
greetin',59.038128196608945,-2.912156169441042,1664983702,3336,1974,48,Female,Y,1025,"Orkney Islands",Orkney,KW17,"Orkney Islands"
greetin',57.65685494766806,-3.2292813171959116,1664983721,3343,1976,46,Male,Y,737,Elgin,Moray,IV30,"North East (Aberdeen)"
greetin',55.89095483022082,-3.928042165257412,1664983748,3331,1966,56,Male,Y,1192,Airdrie,"North Lanarkshire",ML6,Glasgow
greetin',55.47898427597996,-3.2777373215576215,1664983812,3345,1986,36,Male,N,1479,Selkirk,"Scottish Borders",TD7,Borders
greetin',57.45093328053302,-3.124768516348394,1664983814,3353,1975,47,Female,N,88,Keith, Moray,AB55,"North East (Aberdeen)"
greetin',55.80861133102448,-3.8693369359622167,1664983862,3348,1961,61,Female,Y,1151,Motherwell,"North Lanarkshire",ML1,Glasgow
greetin',55.82006032467052,-4.294013914658459,1664983935,3342,1970,52,Female,N,658,"Giffnock, Glasgow",Glasgow,"Glasgow South",Glasgow
greetin',58.94099078085797,-2.7237605833148435,1664983950,3359,1971,51,Male,Y,1025,"Orkney Islands",Orkney,KW17,"Orkney Islands"
greetin',56.24713885636138,-2.8969762122922664,1664984028,3354,1981,41,Male,N,1139,Kennoway,Fife,KY8,Fife
greetin',55.92446084510024,-3.6996477636917593,1664984114,3360,1963,59,Female,Y,368,Bathgate,"West Lothian",EH48,"Lothian (Edinburgh)"
greetin',55.814574763182144,-4.51214656277874,1664984143,3365,1968,54,Male,Y,1276,Johnstone,Renfrewshire,PA5,Glasgow
greetin',55.8508375702527,-3.892456147350734,1664984154,3364,1958,64,Female,N,1151,Motherwell,"North Lanarkshire",ML1,Glasgow
greetin',55.9502671875572,-3.2459163816384766,1664984162,3362,1995,27,Male,Y,288,"Murrayfield, Edinburgh",Edinburgh,"Edinburgh North","Lothian (Edinburgh)"
greetin',55.95695892532984,-3.251406168128348,1664984182,3363,1974,48,Male,Y,297,"Blackhall, Edinburgh",Edinburgh,"Edinburgh North","Lothian (Edinburgh)"
greetin',57.129862048219294,-2.0877905172403364,1664984271,3369,1964,58,Female,Y,127,"Torry, Aberdeen",Aberdeen,"Aberdeen Southeast","North East (Aberdeen)"
greetin',55.777883464638336,-2.382870301557449,1664984297,3370,1950,72,Male,Y,1423,Duns,"Scottish Borders",TD11,Borders
greetin',55.926190218242326,-3.0789906297779113,1664984335,3371,1967,55,Female,Y,330,Musselburgh,"East Lothian",EH21,"Lothian (Edinburgh)"
greetin',55.82696982971797,-4.468191557252501,1664984411,3368,1962,60,Male,N,1236,"Paisley (south: Blackhall, Castlehead, Dykebar, Foxbar, Hunterhill, Meikleriggs)",Renfrewshire,PA2,Glasgow
greetin',55.8137417290665,-3.843674650993102,1664984456,3372,1996,26,Male,Y,1151,Motherwell,"North Lanarkshire",ML1,Glasgow
greetin',57.117150859671575,-2.198462092442247,1664984481,3374,2003,19,Female,Y,128,"Mannofield, Aberdeen",Aberdeen,"Aberdeen Southwest","North East (Aberdeen)"
greetin',57.14359767778974,-2.220473383825922,1664984495,3376,1964,58,Male,Y,111,"Bucksburn, Aberdeen",Aberdeen,"Aberdeen North","North East (Aberdeen)"
greetin',55.83275084276007,-3.9227755096391808,1664984563,3377,1987,35,Female,Y,1147,Carfin,"North Lanarkshire",ML1,Glasgow
greetin',55.739822836091015,-4.457168720624021,1664984677,3378,1985,37,Female,Y,541,Neilston,"East Renfrewshire",G78,Glasgow
greetin',57.15186731165752,-2.6346765262318996,1664984696,3380,1989,33,Female,Y,22,Banchory,Aberdeenshire,AB31,"North East (Aberdeen)"
greetin',55.952054390452425,-3.921766116569394,1664984708,3382,1982,40,Female,Y,514,"Cumbernauld (south: Condorrat, Lenziemill, Carbrain, Kildrum, Cumbernauld Village, Abronhill, Seafar)","North Lanarkshire",G67,Glasgow
greetin',55.80269109871292,-4.234281212638243,1664984728,3381,1975,47,Male,Y,571,"Castlemilk, Glasgow",Glasgow,"Glasgow Castlemilk",Glasgow
greetin',55.8078996662635,-4.20441425655643,1664984808,3383,1987,35,Female,Y,571,"Castlemilk, Glasgow",Glasgow,"Glasgow Castlemilk",Glasgow
greetin',57.088981176864216,-2.400720930314896,1664984835,3380,1989,33,Female,Y,22,Banchory,Aberdeenshire,AB31,"North East (Aberdeen)"
greetin',56.48934772924719,-2.8391430055795586,1664984871,3385,1996,26,Male,Y,249,Monifieth,Angus,"Dundee East","Tayside and Angus (Dundee)"
greetin',55.93721563698567,-3.2627713475061535,1664984955,3373,1980,42,Male,N,289,"Newhaven, Edinburgh",Edinburgh,"Edinburgh North","Lothian (Edinburgh)"
greetin',57.18436391405718,-2.1154494056523196,1664984964,3379,1973,49,Male,N,112,"Dyce, Aberdeen",Aberdeen,"Aberdeen North","North East (Aberdeen)"
greetin',57.45457389742449,-4.043173224426259,1664984996,3388,1980,42,Male,Y,713,Culloden,Highland,IV2,"Highlands (Inverness)"
greetin',55.9143162435845,-4.794790567890661,1664985103,3390,1994,28,Other,Y,1231,"Greenock (west: Bow Farm, Braeside, Branchton, Fort Matilda, Gateside, Greenock West, Overton, Pennyfern, Smithston)",Inverclyde,PA16,Glasgow
greetin',55.8746867680804,-4.254589169998791,1664985128,3400,1960,62,Female,Y,588,"Broomhill, Glasgow",Glasgow,"Glasgow Kelvin",Glasgow
greetin',56.19391171677622,-3.0917346581509575,1664985153,3397,1993,29,Female,Y,1133,"Glenrothes (centre and east: Pitteuchar, Finglassie, Stenton, Auchmuty, Pitcoudie, Balfarg, Pircairn, Collydean)",Fife,KY7,Fife
greetin',56.32869656429078,-3.136708029791449,1664985166,3393,1956,66,Female,Y,1109,Ladybank,Fife,KY15,Fife
greetin',55.993389590844,-3.6832751864549413,1664985167,3394,1965,57,Male,Y,422,"Falkirk (north: Grahamston, Middlefield, Westfield)",Falkirk,FK2,"Stirling and Falkirk"
greetin',55.81372890920674,-4.304290104835078,1664985235,3317,1991,31,Other,Y,645,Clarkston,"East Renfrewshire","Glasgow South",Glasgow
greetin',55.85798760304254,-4.097646878847555,1664985264,3398,1963,59,Female,N,624,"Springboig, Glasgow",Glasgow,"Glasgow Northeast",Glasgow
greetin',55.872803283399406,-4.417716001770554,1664985268,3396,1990,32,Male,Y,1264,Renfrew,Renfrewshire,PA4,Glasgow
greetin',56.472248634837065,-3.0149111905276382,1664985335,3404,1959,63,Male,Y,243,"Hilltown, Dundee",Dundee,"Dundee Central","Tayside and Angus (Dundee)"
greetin',56.238124391294335,-4.152257990239805,1664985372,3402,1957,65,Female,Y,410,Callander,Stirlingshire,FK17,"Stirling and Falkirk"
greetin',57.65165810207459,-2.8480761413178337,1664985373,3403,1964,58,Male,N,90,Buckie,Moray,AB56,"North East (Aberdeen)"
greetin',56.10120537088822,-3.2656459294368223,1664985464,3407,1993,29,Female,Y,1117,"Kirkcaldy (west: Hayfield, Templehall, Newliston, Chapel, Dunnikier, Bennochy)",Fife,KY2,Fife
greetin',57.61976592800375,-3.400501054586922,1664985522,3409,1999,23,Female,Y,737,Elgin,Moray,IV30,"North East (Aberdeen)"
greetin',56.80385615416558,-3.649010766237499,1664985530,3406,1987,35,Male,N,1318,Blairgowrie,"Perth and Kinross",PH10,Fife
greetin',55.81309777047066,-4.315389214999293,1664985578,3412,1994,28,Male,Y,685,"Gorbals, Glasgow",Glasgow,"Glasgow Southwest",Glasgow
greetin',55.831024527538375,-4.243774685268708,1664985581,3405,1948,74,Female,N,672,"Govan, Glasgow",Glasgow,"Glasgow Southwest",Glasgow
greetin',55.872825052754415,-3.6310470535076895,1664985660,3419,1971,51,Female,Y,366,Whitburn,"West Lothian",EH47,"Lothian (Edinburgh)"
greetin',55.80194266638529,-4.479946979885187,1664985662,3421,1964,58,Female,N,1236,"Paisley (south: Blackhall, Castlehead, Dykebar, Foxbar, Hunterhill, Meikleriggs)",Renfrewshire,PA2,Glasgow
greetin',55.95571295580798,-2.983502293406864,1664985688,3416,1988,34,Female,Y,346,"Cockenzie and Port Seton","East Lothian",EH32,"Lothian (Edinburgh)"
greetin',56.1219928510129,-3.1892086229655314,1664985697,3417,1969,53,Male,Y,1117,"Kirkcaldy (west: Hayfield, Templehall, Newliston, Chapel, Dunnikier, Bennochy)",Fife,KY2,Fife
greetin',55.650821190369186,-3.909772759879251,1664985721,3418,1995,27,Male,Y,1167,Lanark,"South Lanarkshire",ML11,Glasgow
greetin',55.76188336777882,-4.2606591424177145,1664985722,3423,1966,56,Male,Y,530,"East Kilbride (north: The Village, East Mains, West Mains, Lymekilns, St Leonards, Calderwood, Nerston, Stewartfield, Peel Park)","South Lanarkshire",G74,Glasgow
greetin',55.56336018095997,-4.610901236317038,1664985724,3422,1977,45,Male,Y,809,Dundonald,"South Ayrshire",KA2,Ayrshire
greetin',55.799096474324024,-4.309180387966432,1664985813,3427,1990,32,Male,Y,646,"Burnside, Glasgow",Glasgow,"Glasgow South",Glasgow
greetin',58.84619254776945,-3.2031286310876412,1664985859,3426,1987,35,Male,Y,982,Stromness,Orkney,KW16,"Orkney Islands"
greetin',56.90789943093262,-3.6501871435739117,1664985951,3431,1980,42,Female,N,1318,Blairgowrie,"Perth and Kinross",PH10,Fife
greetin',55.88245839487431,-4.442076169005028,1664985975,3429,1974,48,Female,Y,1264,Renfrew,Renfrewshire,PA4,Glasgow
greetin',56.17055947622631,-3.1223106089202357,1664986021,3434,1993,29,Female,Y,1079,"Kirkcaldy (east: Linktown, Port Brae, Pathhead, Sinclairtown, Smeaton, Gallatown)",Fife,KY1,Fife
greetin',55.889014317405106,-4.363784609824727,1664986081,3439,1965,57,Female,Y,643,"Anniesland, Glasgow",Glasgow,"Glasgow Northwest",Glasgow
greetin',57.169170947933445,-2.092591556086061,1664986121,3420,1991,31,Female,Y,98,"Northfield, Aberdeen",Aberdeen,"Aberdeen Central","North East (Aberdeen)"
greetin',55.79715494770921,-4.412098212939477,1664986132,3442,1967,55,Male,Y,540,Barrhead,"East Renfrewshire",G78,Glasgow
greetin',57.60539401671898,-3.444370522566159,1664986136,3322,1980,42,Female,N,737,Elgin,Moray,IV30,"North East (Aberdeen)"
greetin',57.66035190352466,-2.1502586010931113,1664986159,3441,1965,57,Female,Y,57,Fraserburgh,Aberdeenshire,AB43,"North East (Aberdeen)"
greetin',57.39923435085986,-4.202705517801759,1664986162,3447,1985,37,Female,Y,714,"Inverness (east: Culcabock, Crown, Culduthel, Drummond, Haugh, Hilton, Holm, Lochardil, Millburn, Raigmore)",Highland,IV2,"Highlands (Inverness)"
greetin',55.90640507955816,-4.464436786693313,1664986190,3444,1988,34,Male,Y,1306,Erskine,Renfrewshire,PA8,Glasgow
greetin',55.71089233390903,-4.704462934752533,1664986195,3450,1987,35,Male,Y,815,Dalry,"North Ayrshire",KA24,Ayrshire
greetin',58.517229492159785,-3.9421622071082414,1664986204,3451,1957,65,Female,Y,961,Thurso,Highland,KW14,"Highlands (Inverness)"
greetin',55.84670580642278,-4.5419310678203795,1664986210,3443,1948,74,Female,N,1276,Johnstone,Renfrewshire,PA5,Glasgow
greetin',55.906197802067936,-4.808302740782529,1664986211,3433,1980,42,Female,Y,1231,"Greenock (west: Bow Farm, Braeside, Branchton, Fort Matilda, Gateside, Greenock West, Overton, Pennyfern, Smithston)",Inverclyde,PA16,Glasgow
greetin',55.82187635677575,-4.191787370987359,1664986239,3445,1985,37,Female,Y,660,"Arden, Glasgow",Glasgow,"Glasgow South",Glasgow
greetin',55.71567780095403,-4.213089263347443,1664986243,3452,2001,21,Female,N,534,"East Kilbride (south: Hairmyres, Westwood, The Murray, Murray East, Whitehills, Greenhill, Newlandsmuir, Gardenhall, Crosshouse, Newlands, Lindsayfield, Mossneuk)","South Lanarkshire",G75,Glasgow
greetin',55.86961010765322,-3.528509149921648,1664986265,3440,1968,54,Male,N,375,Livingston,"West Lothian",EH54,"Lothian (Edinburgh)"
greetin',56.49004803346623,-3.0195700484405377,1664986302,3448,1998,24,Male,Y,244,"Stobswell, Dundee",Dundee,"Dundee Central","Tayside and Angus (Dundee)"
greetin',55.82886412572711,-3.3796559020912507,1664986330,3453,1955,67,Male,N,310,"Balerno, Edinburgh",Edinburgh,"Edinburgh South","Lothian (Edinburgh)"
greetin',55.95233437205749,-5.600787803462623,1664986470,3458,1966,56,Female,Y,1254,Lochgilphead,"Argyll and Bute",PA31,"Argyll and Bute"
greetin',55.813570404888374,-4.01702906326751,1664986506,3457,1955,67,Female,Y,1186,Bellshill,"North Lanarkshire",ML4,Glasgow
greetin',55.912904801737234,-3.094624424957776,1664986639,3462,1995,27,Female,Y,334,Dalkeith,Midlothian,EH22,"Lothian (Edinburgh)"
greetin',55.82712918082782,-4.316692519137659,1664986717,3463,1978,44,Female,N,660,"Arden, Glasgow",Glasgow,"Glasgow South",Glasgow
greetin',57.05421195447001,-2.3424324834006742,1664986777,3461,1980,42,Male,Y,24,Lumphanan,Aberdeenshire,AB31,"North East (Aberdeen)"
greetin',55.93269165350238,-3.153250495922327,1664986783,3459,1977,45,Male,N,323,"Moredun, Edinburgh",Edinburgh,"Edinburgh Southeast","Lothian (Edinburgh)"
greetin',55.46047334865793,-4.069514858285209,1664986978,3464,1972,50,Male,Y,798,Cumnock,"East Ayrshire",KA18,Ayrshire
greetin',56.67161767649473,-2.851192747300896,1664987269,3469,1970,52,Male,Y,179,Forfar,Angus,DD8,"Tayside and Angus (Dundee)"
greetin',56.391853632907484,-3.032893541758998,1664987316,3471,1975,47,Female,N,1105,Cupar,Fife,KY15,Fife
greetin',55.993196596626106,-2.821811057319157,1664987561,3474,1944,78,Female,N,348,Prestonpans,"East Lothian",EH32,"Lothian (Edinburgh)"
greetin',57.13745617495561,-2.0786228895189933,1664987592,3476,1986,36,Male,Y,127,"Torry, Aberdeen",Aberdeen,"Aberdeen Southeast","North East (Aberdeen)"
greetin',55.96904211451797,-3.39516347461654,1664987652,3479,1974,48,Male,N,306,"Queensferry, Edinburgh",Edinburgh,"Edinburgh Queensferry","Lothian (Edinburgh)"
greetin',55.74418657678461,-3.961021260698807,1664987655,3477,1967,55,Female,Y,1217,Larkhall,"North Lanarkshire",ML9,Glasgow
greetin',56.29724779606497,-2.8044253359992473,1664987665,3478,1974,48,Male,N,1114,"St Andrews",Fife,KY16,Fife
greetin',59.0707621446153,-3.2061440065133766,1664987671,3482,1984,38,Female,Y,1025,"Orkney Islands",Orkney,KW17,"Orkney Islands"
greetin',55.82160562140954,-4.101941433771696,1664987735,3485,1976,46,Male,Y,628,"Balornock, Glasgow",Glasgow,"Glasgow Northeast",Glasgow
greetin',55.8351287960153,-4.0842055097250975,1664987804,3489,2001,21,Female,Y,525,Uddingston,"South Lanarkshire",G71,Glasgow
greetin',55.67919285189877,-4.824659072260638,1664987824,3484,1989,33,Male,Y,813,Ardrossan,"North Ayrshire",KA22,Ayrshire
greetin',56.669353994721874,-5.437308970386493,1664987833,3487,1964,58,Male,Y,1377,"Fort William",Highland,PH33,"Highlands (Inverness)"
greetin',55.73740164875941,-4.217164920859473,1664987873,3490,1968,54,Female,Y,534,"East Kilbride (south: Hairmyres, Westwood, The Murray, Murray East, Whitehills, Greenhill, Newlandsmuir, Gardenhall, Crosshouse, Newlands, Lindsayfield, Mossneuk)","South Lanarkshire",G75,Glasgow
greetin',57.230315826054294,-2.265513533650664,1664987983,3488,1976,46,Female,N,112,"Dyce, Aberdeen",Aberdeen,"Aberdeen North","North East (Aberdeen)"
greetin',55.87353996985191,-4.333470757264496,1664987988,3492,1970,52,Male,Y,644,"Partick, Glasgow",Glasgow,"Glasgow Northwest",Glasgow
greetin',56.0207411973941,-3.8193393225428793,1664987988,3491,1989,33,Male,Y,450,Stenhousemuir,Falkirk,FK5,"Stirling and Falkirk"
greetin',57.16630274843751,-2.110757807452216,1664988034,3493,1965,57,Female,N,105,"Seaton, Aberdeen",Aberdeen,"Aberdeen Central","North East (Aberdeen)"
greetin',55.7592903039461,-4.0337924779710015,1664988041,3497,1978,44,Male,N,1183,Hamilton,"South Lanarkshire",ML3,Glasgow
greetin',55.890876769912914,-5.3005876723016785,1664988061,3495,1985,37,Male,Y,1238,Tighnabruaich,"Argyll and Bute",PA21,"Argyll and Bute"
greetin',56.089861965597606,-3.397917296567523,1664988115,3500,1992,30,Male,N,1096,"Dunfermline (centre, north, west: Abbey Parks, Lady's Mill, Garvock, Headwell, Kingseathill, Wellwood, Milesmark, Baldridge, Pittencrieff, Baldridgeburn)",Fife,KY12,Fife
greetin',57.71804792674891,-4.277632537505854,1664988136,3498,1985,37,Male,N,707,Alness,Highland,IV17,"Highlands (Inverness)"
greetin',56.00477654783705,-3.5795481456449245,1664988145,3501,1962,60,Other,Y,370,Bo'ness,Falkirk,EH51,"Lothian (Edinburgh)"
greetin',56.13688829857265,-5.2506856147316325,1664988193,3496,1958,64,Male,N,1255,Inveraray,"Argyll and Bute",PA32,"Argyll and Bute"
greetin',56.897942815240796,-2.6137946251243083,1664988281,3505,1968,54,Male,N,14,Arbuthnott,Aberdeenshire,AB30,"North East (Aberdeen)"
greetin',57.32071070105411,-2.2446312357444995,1664988284,3506,1996,26,Female,Y,113,"Bridge of Don, Aberdeen",Aberdeen,"Aberdeen North","North East (Aberdeen)"
greetin',56.48139449313941,-2.949782993632309,1664988320,3504,1967,55,Female,Y,256,"Whitfield, Dundee",Dundee,"Dundee North","Tayside and Angus (Dundee)"
greetin',56.013772558771365,-4.278198751708677,1664988434,3509,1976,46,Female,Y,507,Kirkintilloch,"East Dunbartonshire",G66,Glasgow
greetin',55.96939291317243,-3.1403167752930936,1664988440,3507,1986,36,Male,Y,285,"Leith, Edinburgh",Edinburgh,"Edinburgh Leith","Lothian (Edinburgh)"
greetin',55.85311824390184,-3.1038723062449383,1664988445,3508,1956,66,Female,Y,328,Bonnyrigg,Midlothian,EH19,"Lothian (Edinburgh)"
greetin',56.64258910079355,-2.5850195465268095,1664988474,3503,1983,39,Female,N,141,Arbroath,Angus,DD11,"Tayside and Angus (Dundee)"
greetin',55.63841653236191,-4.7915072964296375,1664988518,3475,1964,58,Male,N,812,Saltcoats,"East Ayrshire",KA21,Ayrshire
greetin',56.22879194048465,-3.5895368063626756,1664988549,3513,1957,65,Female,Y,397,Dollar,Clackmannanshire,FK14,"Stirling and Falkirk"
greetin',54.835168273034064,-4.147692779721268,1664988576,3511,1996,26,Female,Y,218,Kirkcudbright,"Dumfries and Galloway",DG6,"Dumfries and Galloway"
greetin',55.85266526025871,-2.3774794286801884,1664988582,3370,1950,72,Male,Y,1423,Duns,"Scottish Borders",TD11,Borders
greetin',56.497381919443285,-3.0474776366271445,1664988895,3516,1982,40,Male,Y,242,"St Marys, Dundee",Dundee,"Dundee Central","Tayside and Angus (Dundee)"
greetin',56.59759607278913,-3.094046438059733,1664988896,3521,1973,49,Female,Y,179,Forfar,Angus,DD8,"Tayside and Angus (Dundee)"
greetin',55.92473538048453,-4.333803703324821,1664988906,3518,1963,59,Male,Y,488,Bearsden,"East Dunbartonshire",G61,Glasgow
greetin',55.77672856628837,-4.431442787347963,1664988940,3524,1989,33,Male,Y,540,Barrhead,"East Renfrewshire",G78,Glasgow
greetin',58.408370436894565,-3.339962347958,1664988953,3527,1960,62,Female,Y,899,Wick,Highland,KW1,"Highlands (Inverness)"
greetin',55.906620912309975,-4.324840782507396,1664988988,3529,1983,39,Male,Y,488,Bearsden,"East Dunbartonshire",G61,Glasgow
greetin',55.9238693309893,-4.169638257862497,1664988992,3520,1984,38,Male,Y,510,"Milton of Campsie","East Dunbartonshire",G66,Glasgow
greetin',55.843048918903165,-3.31898492964455,1664988993,3528,1985,37,Other,Y,343,Penicuik,Midlothian,EH26,"Lothian (Edinburgh)"
greetin',57.53865432109542,-1.8148976113098907,1664989001,3517,1995,27,Male,Y,54,Peterhead,Aberdeenshire,AB42,"North East (Aberdeen)"
greetin',55.92961780500614,-3.7828389914683673,1664989068,3531,1991,31,Female,N,382,Shieldhill, Falkirk,FK1,"Stirling and Falkirk"
greetin',55.66536780821445,-4.779552047102316,1664989116,3533,1977,45,Female,N,812,Saltcoats,"East Ayrshire",KA21,Ayrshire
greetin',57.10109143968731,-2.265039544684002,1664989137,3532,1986,36,Female,Y,130,"Ferryhill, Aberdeen",Aberdeen,"Aberdeen Southwest","North East (Aberdeen)"
greetin',57.544543256836256,-4.2410190284423015,1664989200,3534,1983,39,Female,Y,699,"Inverness (centre, north: Longman)",Highland,IV1,"Highlands (Inverness)"
greetin',55.84806286202955,-4.192324466606269,1664989397,3535,1957,65,Male,N,629,"Barmulloch, Glasgow",Glasgow,"Glasgow Northeast",Glasgow
greetin',55.84738110447354,-3.911311695827932,1664989411,3543,1961,61,Other,Y,1151,Motherwell,"North Lanarkshire",ML1,Glasgow
greetin',55.84729832825392,-3.5098193471338623,1664989423,3538,1993,29,Female,Y,375,Livingston,"West Lothian",EH54,"Lothian (Edinburgh)"
greetin',55.77496114209632,-3.8466526864966304,1664989434,3542,1982,40,Female,Y,1180,Wishaw,"North Lanarkshire",ML2,Glasgow
greetin',55.88823970314154,-3.503695661646135,1664989458,3544,1997,25,Female,Y,375,Livingston,"West Lothian",EH54,"Lothian (Edinburgh)"
greetin',60.14622798852898,-1.2598271531979524,1664989467,3545,1982,40,Male,Y,1500,Lerwick,"Shetland Isles",ZE1,"Shetland Islands"
greetin',55.822541348683366,-3.8912786800596924,1664989597,3539,1984,38,Female,Y,1148,Cleland,"North Lanarkshire",ML1,Glasgow
greetin',56.150186673015085,-3.3908108418047305,1664989678,3546,1976,46,Female,Y,1121,Cowdenbeath,Fife,KY4,Fife
greetin',55.80567265433035,-4.316523429063673,1664989814,3549,1972,50,Female,Y,648,"Shawlands, Glasgow",Glasgow,"Glasgow South",Glasgow
greetin',55.80243383313255,-4.502411214245191,1664989829,3550,1995,27,Male,Y,1236,"Paisley (south: Blackhall, Castlehead, Dykebar, Foxbar, Hunterhill, Meikleriggs)",Renfrewshire,PA2,Glasgow
greetin',56.03306916344411,-3.460786961206605,1664989849,3548,1998,24,Male,Y,1091,Inverkeithing,Fife,KY11,Fife
greetin',55.463483773939366,-4.6314861864271775,1664990005,3551,1972,50,Male,Y,856,"Ayr (Centre)","South Ayrshire",KA7,Ayrshire
greetin',56.36575446079612,-3.5997376396847507,1664990070,3552,1975,47,Male,Y,1313,"Perth (north and west: Burghmuir, Cherrybank, Hillyland, Inveralmond, Lethom, Muirton, North Muirton, Tulloch)","Perth and Kinross",PH1,Fife
greetin',56.724414909846296,-4.066629771386437,1664990088,3553,1968,54,Male,Y,1329,Pitlochry,"Perth and Kinross",PH16,Fife
greetin',57.153850934961646,-2.1877482794897567,1664990093,3555,1984,38,Male,N,98,"Northfield, Aberdeen",Aberdeen,"Aberdeen Central","North East (Aberdeen)"
greetin',55.92870129081679,-4.101299167437492,1664990226,3557,1994,28,Female,Y,509,Lenzie,"East Dunbartonshire",G66,Glasgow
greetin',55.714122676910286,-3.984135829700499,1664990250,3559,1978,44,Male,Y,1183,Hamilton,"South Lanarkshire",ML3,Glasgow
greetin',56.17087229570636,-3.1044334168976597,1664990259,3561,1974,48,Female,Y,1079,"Kirkcaldy (east: Linktown, Port Brae, Pathhead, Sinclairtown, Smeaton, Gallatown)",Fife,KY1,Fife
greetin',56.49675388491419,-2.8077677310243025,1664990280,3556,1989,33,Female,Y,246,"West Ferry, Dundee",Dundee,"Dundee East","Tayside and Angus (Dundee)"
greetin',56.20895547282723,-3.170079088428192,1664990324,3563,1971,51,Female,Y,1133,"Glenrothes (centre and east: Pitteuchar, Finglassie, Stenton, Auchmuty, Pitcoudie, Balfarg, Pircairn, Collydean)",Fife,KY7,Fife
greetin',55.830029660722225,-4.355319998200946,1664990368,3567,1972,50,Male,Y,681,"Nitshill, Glasgow",Glasgow,"Glasgow Southwest",Glasgow
greetin',56.61352414748733,-2.5751937839182215,1664990399,3560,1971,51,Female,Y,141,Arbroath,Angus,DD11,"Tayside and Angus (Dundee)"
greetin',56.00635764537405,-3.850147811233575,1664990462,3568,1972,50,Female,N,449,Larbert,Falkirk,FK5,"Stirling and Falkirk"
greetin',55.926109316679245,-3.1685254470315476,1664990469,3562,1996,26,Female,Y,322,"Gilmerton, Edinburgh",Edinburgh,"Edinburgh Southeast","Lothian (Edinburgh)"
greetin',56.13822077903807,-3.131842850373551,1664990492,3564,1952,70,Female,Y,1079,"Kirkcaldy (east: Linktown, Port Brae, Pathhead, Sinclairtown, Smeaton, Gallatown)",Fife,KY1,Fife
greetin',56.12507399619703,-3.433364326660884,1664990527,3565,1959,63,Male,Y,1124,Kelty,Fife,KY4,Fife
greetin',55.97119539926895,-3.773849535320546,1664990528,3574,1992,30,Female,Y,377,"Falkirk (centre and south: Arnothill, Bantaskin, Callendar Park, Glen Village, Hallglen, Lionthorn, Tamfourhill, Woodlands)",Falkirk,FK1,"Stirling and Falkirk"
greetin',55.65846205081511,-3.666193452155333,1664990547,3572,1964,58,Female,Y,1167,Lanark,"South Lanarkshire",ML11,Glasgow
greetin',55.902889015691684,-3.5357538505340615,1664990602,3576,1997,25,Other,Y,375,Livingston,"West Lothian",EH54,"Lothian (Edinburgh)"
greetin',55.92436550027041,-4.26729369264828,1664990605,3575,1966,56,Male,Y,481,"Lambhill, Glasgow",Glasgow,G23,Glasgow
greetin',55.54842171300253,-5.656830535844622,1664990630,3577,1989,33,Male,Y,1246,Campbeltown,"Argyll and Bute",PA28,"Argyll and Bute"
greetin',55.98904834878767,-3.9388012356679463,1664990636,3578,1992,30,Female,Y,441,Bonnybridge,Falkirk,FK4,"Stirling and Falkirk"
greetin',55.91338430719403,-4.003554543314485,1664990742,3580,1977,45,Male,N,514,"Cumbernauld (south: Condorrat, Lenziemill, Carbrain, Kildrum, Cumbernauld Village, Abronhill, Seafar)","North Lanarkshire",G67,Glasgow
greetin',56.09481496178368,-3.59790721317872,1664990822,3587,1971,51,Female,Y,1096,"Dunfermline (centre, north, west: Abbey Parks, Lady's Mill, Garvock, Headwell, Kingseathill, Wellwood, Milesmark, Baldridge, Pittencrieff, Baldridgeburn)",Fife,KY12,Fife
greetin',57.25485305738852,-2.167943903046118,1664990833,3584,1985,37,Female,Y,113,"Bridge of Don, Aberdeen",Aberdeen,"Aberdeen North","North East (Aberdeen)"
greetin',55.88776720761006,-4.237481213111686,1664990882,3589,1969,53,Female,N,619,"Tollcross, Glasgow",Glasgow,"Glasgow Northeast",Glasgow
greetin',55.932000696626915,-3.273272177932353,1664990911,3585,1982,40,Male,Y,267,"Sighthill, Edinburgh",Edinburgh,"Edinburgh Central","Lothian (Edinburgh)"
greetin',55.76643479965252,-2.29784844511278,1664990927,3586,1985,37,Male,Y,1422,Chirnside,"Scottish Borders",TD11,Borders
greetin',60.642503039995916,-1.1262839668374247,1664990938,3583,1968,54,Female,Y,1555,Hamnavoe,"Shetland Isles",ZE2,"Shetland Islands"
greetin',55.90374429441445,-4.215459554219684,1664990945,3588,1983,39,Female,Y,634,"Maryhill, Glasgow",Glasgow,"Glasgow Northeast",Glasgow
greetin',55.85420098143995,-4.190413986658443,1664990987,3591,1962,60,Female,N,632,"Springburn, Glasgow",Glasgow,"Glasgow Northeast",Glasgow
greetin',55.589431210843614,-4.47312597380774,1664990990,3592,1992,30,Male,N,779,"Kilmarnock (centre and south: Bonnyton, Grange, Bellfield, Shortlees, Caprington, Riccarton, Hurlford)","East Ayrshire",KA1,Ayrshire
greetin',55.75690091739461,-4.221832461990307,1664991046,3594,1996,26,Female,Y,534,"East Kilbride (south: Hairmyres, Westwood, The Murray, Murray East, Whitehills, Greenhill, Newlandsmuir, Gardenhall, Crosshouse, Newlands, Lindsayfield, Mossneuk)","South Lanarkshire",G75,Glasgow
greetin',55.65115613700072,-4.686300151308606,1664991051,3593,1972,50,Female,Y,788,Kilwinning,"North Ayrshire",KA13,Ayrshire
greetin',56.231890663788455,-3.147756176725392,1664991115,3595,1985,37,Female,Y,1133,"Glenrothes (centre and east: Pitteuchar, Finglassie, Stenton, Auchmuty, Pitcoudie, Balfarg, Pircairn, Collydean)",Fife,KY7,Fife
greetin',55.84854296229977,-4.411573743250189,1664991260,3603,1983,39,Female,Y,1220,"Paisley (central, east and north east: Ferguslie, Oldhall, Seedhill, Williamsburgh, Whitehaugh)",Renfrewshire,PA1,Glasgow
greetin',56.08197187685523,-4.778587567456597,1664991262,3596,1996,26,Male,Y,566,Helensburgh,"Argyll and Bute",G84,"Argyll and Bute"
greetin',56.01510919069191,-3.4061738449387837,1664991312,3602,1989,33,Male,N,1089,"Dalgety Bay",Fife,KY11,Fife
greetin',55.938917858567535,-3.331559703978781,1664991318,3599,1966,56,Female,Y,304,"Cramond, Edinburgh",Edinburgh,"Edinburgh Northwest","Lothian (Edinburgh)"
greetin',56.482388255904226,-2.9143095820130265,1664991342,3606,1981,41,Female,Y,251,"Kirkton, Dundee",Dundee,"Dundee North","Tayside and Angus (Dundee)"
greetin',57.664741466779134,-2.861380350965506,1664991354,3605,1999,23,Female,Y,90,Buckie,Moray,AB56,"North East (Aberdeen)"
greetin',57.11634882301556,-2.333973428521552,1664991360,3610,1976,46,Female,Y,128,"Mannofield, Aberdeen",Aberdeen,"Aberdeen Southwest","North East (Aberdeen)"
greetin',57.148048079224615,-2.0980793692062587,1664991364,3601,1963,59,Female,N,127,"Torry, Aberdeen",Aberdeen,"Aberdeen Southeast","North East (Aberdeen)"
greetin',57.184429333163095,-2.7777691605757533,1664991371,3604,1957,65,Female,N,29,Alford,Aberdeenshire,AB33,"North East (Aberdeen)"
greetin',55.4394479640446,-3.3108656399173015,1664991470,3607,1991,31,Male,Y,1479,Selkirk,"Scottish Borders",TD7,Borders
greetin',55.96510326556398,-3.198813613211041,1664991485,3612,1993,29,Female,Y,287,"Corstorphine, Edinburgh",Edinburgh,"Edinburgh North","Lothian (Edinburgh)"
greetin',55.66139496223128,-3.8510620904891937,1664991496,3611,1979,43,Male,Y,1167,Lanark,"South Lanarkshire",ML11,Glasgow
greetin',55.090422124971674,-3.6030553997239867,1664991520,3614,1995,27,Female,Y,207,"Dumfries (west: Broomlands, Cargenbridge, Lochside, Maxwelltown, Troqueer)","Dumfries and Galloway",DG2,"Dumfries and Galloway"
greetin',55.92897581832146,-3.198451181417887,1664991552,3618,1977,45,Female,Y,320,"Newington, Edinburgh",Edinburgh,"Edinburgh South","Lothian (Edinburgh)"
greetin',55.88272136144152,-4.209281329602655,1664991565,3616,1961,61,Female,N,605,"Ruchazie, Glasgow",Glasgow,"Glasgow Northeast",Glasgow
greetin',55.82919131634192,-4.200495146741906,1664991579,3617,1993,29,Female,Y,602,"Baillieston, Glasgow",Glasgow,"Glasgow Northeast",Glasgow
greetin',56.8873395793344,-5.119401726234318,1664991769,3626,1973,49,Female,Y,1377,"Fort William",Highland,PH33,"Highlands (Inverness)"
greetin',57.1665535937229,-2.1744523516181333,1664991795,3620,1959,63,Male,N,98,"Northfield, Aberdeen",Aberdeen,"Aberdeen Central","North East (Aberdeen)"
greetin',55.81388320721587,-4.270758449815079,1664991804,3625,1966,56,Male,Y,647,"Pollokshields, Glasgow",Glasgow,"Glasgow South",Glasgow
greetin',55.62213423143356,-4.654914320158347,1664991810,3627,1966,56,Male,Y,787,"Irvine (centre: Castlepark, Tarryholme)","North Ayrshire",KA12,Ayrshire
greetin',55.89679237322624,-3.5988312578958057,1664991882,3629,1995,27,Male,Y,368,Bathgate,"West Lothian",EH48,"Lothian (Edinburgh)"
greetin',55.882669601938765,-3.701804172416008,1664991992,3632,1971,51,Male,Y,368,Bathgate,"West Lothian",EH48,"Lothian (Edinburgh)"
greetin',55.8894122922379,-4.262167960488442,1664992007,3631,1977,45,Male,Y,623,"Shettleston, Glasgow",Glasgow,"Glasgow Northeast",Glasgow
greetin',55.312486135331554,-4.555321325337686,1664992018,3636,1995,27,Female,Y,806,Maybole,"South Ayrshire",KA19,Ayrshire
greetin',56.80262142763671,-2.3965927402893628,1664992028,3634,1968,54,Male,Y,140,Montrose,Angus,DD10,"Tayside and Angus (Dundee)"
greetin',55.86506453057445,-4.349028944499389,1664992094,3630,1967,55,Female,N,668,"Carnwadric, Glasgow",Glasgow,"Glasgow Southwest",Glasgow
greetin',55.37592536525725,-3.8548901452479045,1664992151,3644,1969,53,Male,N,214,Sanquhar,"Dumfries and Galloway",DG4,"Dumfries and Galloway"
greetin',55.66936678317957,-3.9728169998489773,1664992156,3640,1991,31,Female,Y,1217,Larkhall,"North Lanarkshire",ML9,Glasgow
greetin',55.34645941400164,-2.9246377746759755,1664992173,3637,1966,56,Male,Y,1493,Hawick,"Scottish Borders",TD9,Borders
greetin',55.92859757742719,-5.0204215928675895,1664992238,3645,1976,46,Female,Y,1241,Dunoon,"Argyll and Bute",PA23,"Argyll and Bute"
greetin',58.900406222437276,-3.339656782127202,1664992262,3641,1960,62,Male,N,982,Stromness,Orkney,KW16,"Orkney Islands"
greetin',56.48262620241683,-2.9003258755683836,1664992275,3642,1953,69,Female,N,255,"Fintry, Dundee",Dundee,"Dundee North","Tayside and Angus (Dundee)"
greetin',55.946334448949294,-4.832530451188005,1664992285,3639,1974,48,Male,Y,1235,Gourock,Inverclyde,PA19,Glasgow
greetin',55.1213797645617,-3.6288332618445067,1664992375,3112,1989,33,Male,Y,186,"Dumfries (centre and east: Dalscone, Georgetown, Heathhall, Kingholm Quay, Noblehill, The Crichton)","Dumfries and Galloway",DG1,"Dumfries and Galloway"
greetin',55.79029312591707,-4.905568391982638,1664992424,3638,1992,30,Female,Y,832,Millport,"North Ayrshire",KA28,Ayrshire
greetin',55.845336707797664,-4.275455288379102,1664992469,3648,1974,48,Male,N,678,"Cardonald, Glasgow",Glasgow,"Glasgow Southwest",Glasgow
greetin',57.16420305092369,-2.1709962875864286,1664992500,3649,1994,28,Male,N,106,"Kittybrewster, Aberdeen",Aberdeen,"Aberdeen Central","North East (Aberdeen)"
greetin',57.23949097701624,-2.199893292872405,1664992520,3653,1993,29,Female,Y,111,"Bucksburn, Aberdeen",Aberdeen,"Aberdeen North","North East (Aberdeen)"
greetin',55.95268193428942,-2.9056772095557237,1664992588,3658,1995,27,Female,Y,349,Tranent,"East Lothian",EH33,"Lothian (Edinburgh)"
greetin',55.811000750496824,-3.877453029268265,1664992669,3652,1995,27,Male,Y,1153,Newarthill,"North Lanarkshire",ML1,Glasgow
greetin',55.806987402608584,-3.972374601518551,1664992671,3654,1994,28,Female,Y,1150,Holytown,"North Lanarkshire",ML1,Glasgow
greetin',55.52693249610607,-4.4317233210681986,1664992784,3569,1978,44,Female,Y,848,Tarbolton,"South Ayrshire",KA5,Ayrshire
greetin',55.90367084165984,-4.779610183814564,1664992801,3663,1962,60,Female,N,1231,"Greenock (west: Bow Farm, Braeside, Branchton, Fort Matilda, Gateside, Greenock West, Overton, Pennyfern, Smithston)",Inverclyde,PA16,Glasgow
greetin',56.51233193109011,-2.7097111991899925,1664992929,3657,1973,49,Female,Y,178,Carnoustie,Angus,DD7,"Tayside and Angus (Dundee)"
greetin',55.81668759203617,-4.140761795217742,1664992973,3666,1996,26,Female,Y,528,Blantyre,"South Lanarkshire",G72,Glasgow
greetin',57.55657152309349,-1.9176295136598205,1664992976,3665,1998,24,Male,Y,54,Peterhead,Aberdeenshire,AB42,"North East (Aberdeen)"
greetin',55.32929113784202,-4.475981308807776,1664993024,3667,1993,29,Female,Y,851,Coylton,"South Ayrshire",KA6,Ayrshire
greetin',55.77603958965241,-3.788923888987017,1664993042,3661,1966,56,Female,Y,1180,Wishaw,"North Lanarkshire",ML2,Glasgow
greetin',55.88995209676054,-4.042806653370899,1664993093,3664,1958,64,Female,N,1189,Coatbridge,"North Lanarkshire",ML5,Glasgow
greetin',55.6345399074821,-4.70974265048254,1664993163,3674,1960,62,Female,Y,787,"Irvine (centre: Castlepark, Tarryholme)","North Ayrshire",KA12,Ayrshire
greetin',56.04026799529272,-2.822442499636003,1664993176,3669,1972,50,Female,Y,345,Gullane,"East Lothian",EH31,"Lothian (Edinburgh)"
greetin',55.89388864457787,-4.033719030486877,1664993268,3675,1993,29,Male,N,1189,Coatbridge,"North Lanarkshire",ML5,Glasgow
greetin',55.84975637408183,-4.068637148971607,1664993274,3681,1972,50,Female,Y,1189,Coatbridge,"North Lanarkshire",ML5,Glasgow
greetin',55.79216626957272,-3.0465897435258418,1664993282,3677,1974,48,Female,Y,338,Gorebridge,Midlothian,EH23,"Lothian (Edinburgh)"
greetin',55.89794961097112,-3.1944920987493934,1664993319,3680,1974,48,Male,Y,310,"Balerno, Edinburgh",Edinburgh,"Edinburgh South","Lothian (Edinburgh)"
greetin',55.84094087616639,-4.3931888342114815,1664993346,3671,1997,25,Female,Y,1236,"Paisley (south: Blackhall, Castlehead, Dykebar, Foxbar, Hunterhill, Meikleriggs)",Renfrewshire,PA2,Glasgow
greetin',55.86525697474631,-4.254163589272274,1664993347,3676,2000,22,Male,Y,580,"Anderston, Glasgow",Glasgow,"Glasgow City Centre",Glasgow
greetin',57.64328414595906,-2.6254783947337983,1664993375,3678,1976,46,Female,Y,59,Banff,Aberdeenshire,AB45,"North East (Aberdeen)"
greetin',55.82223388833859,-4.306033622214169,1664993450,3684,1965,57,Male,N,660,"Arden, Glasgow",Glasgow,"Glasgow South",Glasgow
greetin',55.90118678606691,-3.3115442117940077,1664993619,3686,1969,53,Male,Y,320,"Newington, Edinburgh",Edinburgh,"Edinburgh South","Lothian (Edinburgh)"
greetin',56.000733704868836,-3.6218734240923545,1664993666,3688,1993,29,Male,Y,369,Linlithgow,"West Lothian",EH49,"Lothian (Edinburgh)"
greetin',55.85500785078302,-4.410798395537441,1664993864,3691,1964,58,Female,N,1248,Linwood,Renfrewshire,PA3,Glasgow
greetin',57.15347360981387,-2.0956134375601296,1664993886,3690,1971,51,Male,Y,100,"Cornhill, Aberdeen",Aberdeen,"Aberdeen Central","North East (Aberdeen)"
greetin',56.00159949392229,-3.6501457977714393,1664993978,3694,1968,54,Male,Y,370,Bo'ness,Falkirk,EH51,"Lothian (Edinburgh)"
greetin',57.61856743438313,-2.929201805926223,1664993993,3695,1980,42,Male,Y,94,Portgordon,Moray,AB56,"North East (Aberdeen)"
greetin',55.7671832063255,-4.014617620067151,1664994072,3696,1961,61,Male,Y,1183,Hamilton,"South Lanarkshire",ML3,Glasgow
greetin',55.21632371850137,-4.80710593330259,1664994075,3698,1966,56,Female,Y,824,Girvan,"South Ayrshire",KA26,Ayrshire
greetin',55.93960363889851,-3.2752658607568215,1664994090,3692,1989,33,Male,N,294,"Stockbridge, Edinburgh",Edinburgh,"Edinburgh North","Lothian (Edinburgh)"
greetin',54.92601729942847,-4.373763412987311,1664994104,3702,1964,58,Female,Y,225,"Newton Stewart","Dumfries and Galloway",DG8,"Dumfries and Galloway"
greetin',55.82591543508764,-4.22350846236382,1664994107,3693,1972,50,Male,N,653,"Netherlee, Glasgow",Glasgow,"Glasgow South",Glasgow
greetin',56.794353794881744,-3.455153918983313,1664994119,3699,1967,55,Male,N,1318,Blairgowrie,"Perth and Kinross",PH10,Fife
greetin',55.8624507172223,-4.394537976930772,1664994180,3703,1974,48,Male,N,1248,Linwood,Renfrewshire,PA3,Glasgow
greetin',57.12568049848665,-2.3351780425928497,1664994228,3706,1992,30,Female,Y,128,"Mannofield, Aberdeen",Aberdeen,"Aberdeen Southwest","North East (Aberdeen)"
greetin',55.83659459186757,-4.364913367354582,1664994290,3713,1968,54,Female,Y,679,"Pollock, Glasgow",Glasgow,"Glasgow Southwest",Glasgow
greetin',56.48299284082583,-3.012092263169632,1664994332,3711,1983,39,Male,Y,237,"Blackness, Dundee",Dundee,"Dundee Central","Tayside and Angus (Dundee)"
greetin',55.775122942935916,-4.146481939043365,1664994377,3712,1968,54,Female,Y,530,"East Kilbride (north: The Village, East Mains, West Mains, Lymekilns, St Leonards, Calderwood, Nerston, Stewartfield, Peel Park)","South Lanarkshire",G74,Glasgow
greetin',55.672479572353666,-4.755534258485335,1664994423,3715,1998,24,Female,Y,812,Saltcoats,"East Ayrshire",KA21,Ayrshire
greetin',55.38739986770796,-3.909113438659982,1664994477,3716,1973,49,Female,N,214,Sanquhar,"Dumfries and Galloway",DG4,"Dumfries and Galloway"
greetin',56.51135667144422,-3.388280932904791,1664994686,3721,1971,51,Male,Y,1354,"Perth (south and east: Barnhill, Bridgend, Craigie, Kincarrathie, Upper Craigie)","Perth and Kinross",PH2,Fife
greetin',55.89910417779352,-3.5530731991828577,1664994720,3724,1996,26,Male,Y,375,Livingston,"West Lothian",EH54,"Lothian (Edinburgh)"
greetin',55.59803426192155,-4.426734154592012,1664994842,3734,1982,40,Female,Y,779,"Kilmarnock (centre and south: Bonnyton, Grange, Bellfield, Shortlees, Caprington, Riccarton, Hurlford)","East Ayrshire",KA1,Ayrshire
greetin',55.92449008326902,-3.2801769749999496,1664994881,3736,1997,25,Female,Y,269,"Gorgie, Edinburgh",Edinburgh,"Edinburgh Central","Lothian (Edinburgh)"
greetin',60.59496756258358,-1.1005836702827207,1664994897,3730,1968,54,Female,N,1572,Leebotten,"Shetland Isles",ZE2,"Shetland Islands"
greetin',56.073597721203605,-3.37086289485858,1664994935,3737,2000,22,Male,Y,1091,Inverkeithing,Fife,KY11,Fife
greetin',57.216378832547086,-2.180191807721633,1664994945,3740,1957,65,Female,Y,111,"Bucksburn, Aberdeen",Aberdeen,"Aberdeen North","North East (Aberdeen)"
greetin',55.75254577250887,-4.524869940427132,1664994947,3732,1980,42,Female,Y,540,Barrhead,"East Renfrewshire",G78,Glasgow
greetin',55.45929914408256,-4.630593375300624,1664994949,3735,1993,29,Female,Y,856,"Ayr (Centre)","South Ayrshire",KA7,Ayrshire
greetin',56.4235345730486,-5.928470235583778,1664994987,3739,1976,46,Female,Y,1295,"Salen, Isle of Mull","Argyll and Bute",PA72,"Argyll and Bute"
greetin',55.819470562982495,-3.874843201310085,1664995066,3748,1985,37,Female,Y,1151,Motherwell,"North Lanarkshire",ML1,Glasgow
greetin',56.62494553572438,-2.5474579450401573,1664995066,3726,1993,29,Female,N,141,Arbroath,Angus,DD11,"Tayside and Angus (Dundee)"
greetin',56.53974777180755,-2.739501137058852,1664995082,3744,1967,55,Female,Y,178,Carnoustie,Angus,DD7,"Tayside and Angus (Dundee)"
greetin',55.845710928291304,-4.161065436702702,1664995086,3742,1981,41,Male,N,619,"Tollcross, Glasgow",Glasgow,"Glasgow Northeast",Glasgow
greetin',55.973943164439454,-3.5466339233238346,1664995087,3743,1976,46,Female,Y,369,Linlithgow,"West Lothian",EH49,"Lothian (Edinburgh)"
greetin',55.0376388666415,-3.302728451746123,1664995112,3746,1962,60,Female,Y,197,Annan,"Dumfries and Galloway",DG12,"Dumfries and Galloway"
greetin',55.90020635178603,-3.8085804781619403,1664995133,3745,1977,45,Female,Y,377,"Falkirk (centre and south: Arnothill, Bantaskin, Callendar Park, Glen Village, Hallglen, Lionthorn, Tamfourhill, Woodlands)",Falkirk,FK1,"Stirling and Falkirk"
greetin',55.87835494720061,-4.051378167814608,1664995171,3749,1994,28,Female,Y,1189,Coatbridge,"North Lanarkshire",ML5,Glasgow
greetin',55.80878938965178,-4.175860514065598,1664995185,3723,1981,41,Female,Y,528,Blantyre,"South Lanarkshire",G72,Glasgow
greetin',56.49509216828223,-2.807725082006744,1664995212,3751,1970,52,Female,Y,249,Monifieth,Angus,"Dundee East","Tayside and Angus (Dundee)"
greetin',56.231116677122074,-3.1179550232372972,1664995260,3750,1986,36,Female,Y,1133,"Glenrothes (centre and east: Pitteuchar, Finglassie, Stenton, Auchmuty, Pitcoudie, Balfarg, Pircairn, Collydean)",Fife,KY7,Fife
greetin',55.991591116315135,-3.5999481837943943,1664995274,3755,1978,44,Female,Y,369,Linlithgow,"West Lothian",EH49,"Lothian (Edinburgh)"
greetin',55.77401721574745,-4.535899413003628,1664995305,3761,1997,25,Female,Y,540,Barrhead,"East Renfrewshire",G78,Glasgow
greetin',57.10505074662447,-2.979498910020501,1664995328,3753,1966,56,Female,Y,33,Aboyne,Aberdeenshire,AB34,"North East (Aberdeen)"
greetin',55.93601758870569,-3.9323598256711474,1664995350,3754,1967,55,Female,N,514,"Cumbernauld (south: Condorrat, Lenziemill, Carbrain, Kildrum, Cumbernauld Village, Abronhill, Seafar)","North Lanarkshire",G67,Glasgow
greetin',56.15802237511976,-4.1712181027963515,1664995350,3738,1983,39,Female,N,473,"Stirling (centre and west: Kings Park, Raploch, Riverside)",Stirlingshire,FK8,"Stirling and Falkirk"
greetin',55.8382523844524,-4.250139708703687,1664995359,3759,1956,66,Female,Y,672,"Govan, Glasgow",Glasgow,"Glasgow Southwest",Glasgow
greetin',57.31578109136568,-2.2848518817349226,1664995383,3760,1947,75,Female,Y,64,Inverurie,Aberdeenshire,AB51,"North East (Aberdeen)"
greetin',57.586064224637134,-3.4128039364419616,1664995410,3763,1981,41,Female,Y,737,Elgin,Moray,IV30,"North East (Aberdeen)"
greetin',57.147188425183295,-2.1611765885099605,1664995451,3756,1967,55,Male,N,98,"Northfield, Aberdeen",Aberdeen,"Aberdeen Central","North East (Aberdeen)"
greetin',55.70866935990442,-4.631236659090645,1664995453,3765,1998,24,Female,N,788,Kilwinning,"North Ayrshire",KA13,Ayrshire
greetin',57.56929232157728,-3.195643770153971,1664995477,3768,1978,44,Female,Y,739,Fochabers,Moray,IV32,"North East (Aberdeen)"
greetin',55.89834532369351,-3.595160326900369,1664995526,3770,1978,44,Female,Y,367,Armadale,"West Lothian",EH48,"Lothian (Edinburgh)"
greetin',55.879644124467255,-4.170786106945098,1664995561,3769,1955,67,Female,N,629,"Barmulloch, Glasgow",Glasgow,"Glasgow Northeast",Glasgow
greetin',56.19440662297652,-3.0284448968760174,1664995612,3772,1979,43,Female,Y,1142,Methil,Fife,KY8,Fife
greetin',56.46057485864103,-2.965896756530285,1664995664,3774,1970,52,Female,Y,250,"Downfield, Dundee",Dundee,"Dundee North","Tayside and Angus (Dundee)"
greetin',57.15691655871596,-2.0898908590822765,1664995664,3773,1945,77,Male,N,97,"Mastrick, Aberdeen",Aberdeen,"Aberdeen Central","North East (Aberdeen)"
greetin',55.935273899821794,-4.817935556380962,1664995743,3776,1971,51,Female,Y,1231,"Greenock (west: Bow Farm, Braeside, Branchton, Fort Matilda, Gateside, Greenock West, Overton, Pennyfern, Smithston)",Inverclyde,PA16,Glasgow
greetin',56.10500361710064,-3.365127443344264,1664995762,3781,1959,63,Female,Y,1122,Crossgates,Fife,KY4,Fife
greetin',55.89664419647993,-4.30907252364222,1664995763,3778,1946,76,Female,Y,628,"Balornock, Glasgow",Glasgow,"Glasgow Northeast",Glasgow
greetin',55.875056316776245,-3.376858312805423,1664995774,3784,1975,47,Male,N,314,"Morningside, Edinburgh",Edinburgh,"Edinburgh South","Lothian (Edinburgh)"
greetin',55.93187734096819,-3.2566808231950732,1664995775,3780,1958,64,Female,N,268,"Stenhouse, Edinburgh",Edinburgh,"Edinburgh Central","Lothian (Edinburgh)"
greetin',56.028445381854944,-4.634029096018861,1664995855,3758,1987,35,Female,Y,559,Bonhill,"West Dunbartonshire",G83,"Argyll and Bute"
greetin',55.775692222212,-3.931932143700501,1664995889,3788,1976,46,Other,Y,1180,Wishaw,"North Lanarkshire",ML2,Glasgow
greetin',55.9272164760936,-4.224376535493537,1664995894,3783,1969,53,Female,Y,502,Bishopbriggs,"East Dunbartonshire",G64,Glasgow
greetin',56.23530050194722,-2.979318190707803,1664995933,3782,1993,29,Male,Y,1142,Methil,Fife,KY8,Fife
greetin',56.74454886316693,-2.523181864279971,1664995948,3787,1960,62,Male,Y,140,Montrose,Angus,DD10,"Tayside and Angus (Dundee)"
greetin',57.708342731525356,-3.3217427711433056,1664995969,3779,1976,46,Male,Y,738,Lossiemouth,Moray,IV31,"North East (Aberdeen)"
greetin',55.636177998815455,-4.733825980561582,1664995970,3791,1998,24,Female,Y,811,Stevenston,"North Ayrshire",KA20,Ayrshire
greetin',55.8965464588545,-3.5450551345186203,1664996079,3792,1962,60,Female,N,375,Livingston,"West Lothian",EH54,"Lothian (Edinburgh)"
greetin',55.73455995637045,-4.054329888929216,1664996083,3793,1998,24,Female,Y,1183,Hamilton,"South Lanarkshire",ML3,Glasgow
greetin',57.1166911124322,-2.3553349835716184,1664996103,3790,1994,28,Male,Y,28,Westhill,Aberdeenshire,AB32,"North East (Aberdeen)"
greetin',55.888866965478734,-4.1753156060689784,1664996143,3794,1975,47,Female,N,483,Stepps,"North Lanarkshire",G33,Glasgow
greetin',57.534781209083114,-2.312700366291141,1664996411,3805,1996,26,Female,Y,78,Turriff,Aberdeenshire,AB53,"North East (Aberdeen)"
greetin',55.69510232551714,-4.626701383375776,1664996492,3801,1997,25,Male,N,788,Kilwinning,"North Ayrshire",KA13,Ayrshire
greetin',55.891481267462616,-4.410018926290406,1664996556,3810,1981,41,Male,Y,1264,Renfrew,Renfrewshire,PA4,Glasgow
greetin',57.25765938158698,-3.2166562749106227,1664996718,3815,1978,44,Male,Y,42,Tomintoul,Moray,AB37,"North East (Aberdeen)"
greetin',55.852992591960074,-4.050041191945613,1664996725,3803,1983,39,Male,Y,1189,Coatbridge,"North Lanarkshire",ML5,Glasgow
greetin',55.928292453998665,-3.2598483283921453,1664996732,3816,1969,53,Female,Y,262,"Wester Hailes, Edinburgh",Edinburgh,"Edinburgh Central","Lothian (Edinburgh)"
greetin',56.13016507697825,-3.117704753940675,1664996894,3823,1974,48,Female,Y,1079,"Kirkcaldy (east: Linktown, Port Brae, Pathhead, Sinclairtown, Smeaton, Gallatown)",Fife,KY1,Fife
greetin',55.84628970850855,-4.376284618862572,1664997036,3827,1967,55,Male,N,1220,"Paisley (central, east and north east: Ferguslie, Oldhall, Seedhill, Williamsburgh, Whitehaugh)",Renfrewshire,PA1,Glasgow
greetin',55.79723846072168,-4.686969711372209,1664997062,3821,1973,49,Male,Y,817,Kilbirnie,"North Ayrshire",KA25,Ayrshire
greetin',57.08602634108351,-2.287632871816843,1664997118,3814,1993,29,Male,Y,128,"Mannofield, Aberdeen",Aberdeen,"Aberdeen Southwest","North East (Aberdeen)"
greetin',55.91576041979514,-4.214568217453405,1664997155,3828,1970,52,Male,N,502,Bishopbriggs,"East Dunbartonshire",G64,Glasgow
greetin',57.717975410602236,-3.2829724338166524,1664997181,3832,1993,29,Female,Y,738,Lossiemouth,Moray,IV31,"North East (Aberdeen)"
greetin',55.8810218617553,-3.525373694809628,1664997182,3829,1979,43,Male,N,375,Livingston,"West Lothian",EH54,"Lothian (Edinburgh)"
greetin',55.94090091464479,-3.2363537827482536,1664997187,3830,1970,52,Female,Y,262,"Wester Hailes, Edinburgh",Edinburgh,"Edinburgh Central","Lothian (Edinburgh)"
greetin',55.8363754559734,-4.245237789507857,1664997193,3833,1968,54,Male,Y,665,"Pollockshaws, Glasgow",Glasgow,"Glasgow Southwest",Glasgow
greetin',55.927772495557235,-3.1227187255455755,1664997227,3834,1985,37,Female,Y,322,"Gilmerton, Edinburgh",Edinburgh,"Edinburgh Southeast","Lothian (Edinburgh)"
greetin',55.25535957447946,-3.624895947993758,1664997266,3836,1974,48,Female,Y,186,"Dumfries (centre and east: Dalscone, Georgetown, Heathhall, Kingholm Quay, Noblehill, The Crichton)","Dumfries and Galloway",DG1,"Dumfries and Galloway"
greetin',55.56362003281447,-3.295638816806245,1664997288,3839,1972,50,Female,Y,362,Peebles,"Scottish Borders",EH45,Borders
greetin',57.672097758741074,-3.376657328815448,1664997330,3837,1990,32,Female,Y,737,Elgin,Moray,IV30,"North East (Aberdeen)"
greetin',56.51510868196186,-3.4063958907693213,1664997368,3841,1987,35,Female,Y,1313,"Perth (north and west: Burghmuir, Cherrybank, Hillyland, Inveralmond, Lethom, Muirton, North Muirton, Tulloch)","Perth and Kinross",PH1,Fife
greetin',55.9349946833537,-4.4049814713900535,1664997378,3843,1997,25,Female,Y,546,Clydebank,"West Dunbartonshire",G81,Glasgow
greetin',55.935192308452855,-3.2624729045288765,1664997387,3844,1988,34,Female,Y,277,"Canongate, Edinburgh",Edinburgh,"Edinburgh Central","Lothian (Edinburgh)"
greetin',55.65499228758702,-4.746998376935322,1664997389,3845,1998,24,Female,Y,811,Stevenston,"North Ayrshire",KA20,Ayrshire
greetin',57.60530193374084,-4.477598798228663,1664997397,3831,1981,41,Female,Y,705,Dingwall,Highland,IV15,"Highlands (Inverness)"
greetin',55.968375073524825,-2.9327013347331525,1664997398,3846,1978,44,Female,N,348,Prestonpans,"East Lothian",EH32,"Lothian (Edinburgh)"
greetin',55.691219025726724,-4.16981777493447,1664997479,3850,1977,45,Female,Y,534,"East Kilbride (south: Hairmyres, Westwood, The Murray, Murray East, Whitehills, Greenhill, Newlandsmuir, Gardenhall, Crosshouse, Newlands, Lindsayfield, Mossneuk)","South Lanarkshire",G75,Glasgow
greetin',56.216436415028646,-3.6645193495919375,1664997514,3849,1982,40,Male,Y,397,Dollar,Clackmannanshire,FK14,"Stirling and Falkirk"
greetin',55.96987260249903,-3.2211628296429184,1664997521,3847,1960,62,Female,N,279,"Clermiston and Drumbrae, Edinburgh",Edinburgh,"Edinburgh Clermiston Granton","Lothian (Edinburgh)"
greetin',55.66310792363741,-4.782390130787766,1664997541,3855,1987,35,Female,Y,812,Saltcoats,"East Ayrshire",KA21,Ayrshire
greetin',55.74940558258975,-4.158299119414125,1664997558,3853,1965,57,Female,N,534,"East Kilbride (south: Hairmyres, Westwood, The Murray, Murray East, Whitehills, Greenhill, Newlandsmuir, Gardenhall, Crosshouse, Newlands, Lindsayfield, Mossneuk)","South Lanarkshire",G75,Glasgow
greetin',56.463447414721635,-2.951703242535823,1664997632,3858,1987,35,Female,Y,256,"Whitfield, Dundee",Dundee,"Dundee North","Tayside and Angus (Dundee)"
greetin',55.64288619438579,-4.664028056504249,1664997640,3854,1981,41,Male,Y,787,"Irvine (centre: Castlepark, Tarryholme)","North Ayrshire",KA12,Ayrshire
greetin',55.91444871561213,-4.79320405377772,1664997654,3857,1982,40,Male,Y,1231,"Greenock (west: Bow Farm, Braeside, Branchton, Fort Matilda, Gateside, Greenock West, Overton, Pennyfern, Smithston)",Inverclyde,PA16,Glasgow
greetin',55.82874554669944,-4.047511963569407,1664997658,3852,1955,67,Male,N,1186,Bellshill,"North Lanarkshire",ML4,Glasgow
greetin',55.894672731549825,-4.306744824376664,1664997695,3856,1979,43,Female,Y,632,"Springburn, Glasgow",Glasgow,"Glasgow Northeast",Glasgow
greetin',55.86382296035455,-3.4856264591818107,1664997696,3838,1998,24,Female,Y,375,Livingston,"West Lothian",EH54,"Lothian (Edinburgh)"
greetin',56.09984033665473,-3.1910605317281386,1664997831,3863,1978,44,Female,Y,1117,"Kirkcaldy (west: Hayfield, Templehall, Newliston, Chapel, Dunnikier, Bennochy)",Fife,KY2,Fife
greetin',55.90221380712273,-3.2496148711851656,1664997850,3859,1967,55,Female,Y,305,"Oxgangs, Edinburgh",Edinburgh,"Edinburgh Oxgangs","Lothian (Edinburgh)"
greetin',57.313217396617226,-2.2469455966533363,1664997884,3866,1975,47,Male,Y,112,"Dyce, Aberdeen",Aberdeen,"Aberdeen North","North East (Aberdeen)"
greetin',57.153878379565654,-2.7307226345750424,1664997983,3867,1973,49,Male,Y,25,Torphins,Aberdeenshire,AB31,"North East (Aberdeen)"
greetin',56.28457329461379,-3.582815479880063,1664998008,3861,1994,28,Female,Y,1354,"Perth (south and east: Barnhill, Bridgend, Craigie, Kincarrathie, Upper Craigie)","Perth and Kinross",PH2,Fife
greetin',55.85821032031513,-3.500440844389912,1664998012,3872,1981,41,Female,N,375,Livingston,"West Lothian",EH54,"Lothian (Edinburgh)"
greetin',60.16810824781858,-1.2516571462169774,1664998031,3873,1978,44,Female,Y,1500,Lerwick,"Shetland Isles",ZE1,"Shetland Islands"
greetin',55.61470349925982,-3.757151117125349,1664998059,3808,1980,42,Male,Y,1167,Lanark,"South Lanarkshire",ML11,Glasgow
greetin',55.77603666295968,-4.174500819640623,1664998087,3876,1978,44,Female,Y,530,"East Kilbride (north: The Village, East Mains, West Mains, Lymekilns, St Leonards, Calderwood, Nerston, Stewartfield, Peel Park)","South Lanarkshire",G74,Glasgow
greetin',55.82087185702978,-4.27052436063276,1664998108,3878,1967,55,Female,Y,652,"King's Park, Glasgow",Glasgow,"Glasgow South",Glasgow
greetin',55.992564332551005,-3.8830239649104117,1664998118,3870,1960,62,Male,N,444,Dennyloanhead, Falkirk,FK4,"Stirling and Falkirk"
greetin',55.94598019565864,-3.0853046598485903,1664998167,3877,1957,65,Male,N,281,"Portobello, Edinburgh",Edinburgh,"Edinburgh Duddingston","Lothian (Edinburgh)"
greetin',55.823055962017136,-3.983297383055495,1664998172,3881,1961,61,Female,Y,1151,Motherwell,"North Lanarkshire",ML1,Glasgow
greetin',55.9261447347898,-4.701444938999428,1664998201,3875,1993,29,Female,Y,1229,"Port Glasgow",Inverclyde,PA14,Glasgow
greetin',55.940579570188795,-3.997927362898347,1664998235,3883,1990,32,Male,Y,514,"Cumbernauld (south: Condorrat, Lenziemill, Carbrain, Kildrum, Cumbernauld Village, Abronhill, Seafar)","North Lanarkshire",G67,Glasgow
greetin',57.586650999100286,-4.222958048548285,1664998315,3886,1981,41,Female,Y,778,Avoch,Highland,IV9,"Highlands (Inverness)"
greetin',55.89882656446524,-3.5613277041856435,1664998316,3882,1966,56,Male,Y,375,Livingston,"West Lothian",EH54,"Lothian (Edinburgh)"
greetin',55.76150445986057,-4.081167584882845,1664998340,3892,1988,34,Male,Y,1183,Hamilton,"South Lanarkshire",ML3,Glasgow
greetin',55.998416467344015,-2.8823223754273,1664998342,3887,1993,29,Female,N,346,"Cockenzie and Port Seton","East Lothian",EH32,"Lothian (Edinburgh)"
greetin',55.78965147321007,-4.003665337734652,1664998364,3881,1961,61,Female,Y,1151,Motherwell,"North Lanarkshire",ML1,Glasgow
greetin',55.92777234472053,-4.3575023455049235,1664998389,3573,1998,24,Male,Y,488,Bearsden,"East Dunbartonshire",G61,Glasgow
greetin',56.29160540732683,-4.559392982155888,1664998395,3889,1976,46,Female,N,473,"Stirling (centre and west: Kings Park, Raploch, Riverside)",Stirlingshire,FK8,"Stirling and Falkirk"
greetin',55.80669154485562,-4.254815758922751,1664998414,3885,1993,29,Male,Y,647,"Pollokshields, Glasgow",Glasgow,"Glasgow South",Glasgow
greetin',55.71918025976889,-3.934395567484707,1664998422,3894,1977,45,Female,Y,1217,Larkhall,"North Lanarkshire",ML9,Glasgow
greetin',55.92190865963278,-4.222915420718818,1664998441,3701,1969,53,Female,Y,502,Bishopbriggs,"East Dunbartonshire",G64,Glasgow
greetin',55.82531582335826,-4.308239452670501,1664998534,3897,1978,44,Female,Y,652,"King's Park, Glasgow",Glasgow,"Glasgow South",Glasgow
greetin',56.65134565775004,-3.025806951574632,1664998538,3896,1984,38,Male,Y,179,Forfar,Angus,DD8,"Tayside and Angus (Dundee)"
greetin',55.88822288830531,-3.2025507015207317,1664998545,3898,1996,26,Male,Y,313,"Colinton, Edinburgh",Edinburgh,"Edinburgh South","Lothian (Edinburgh)"
greetin',57.1409234974041,-2.251445292329248,1664998565,3901,1977,45,Female,Y,121,Blackburn,Aberdeenshire,"Aberdeen North","North East (Aberdeen)"
greetin',55.82089202848576,-4.298813250058767,1664998605,3895,1982,40,Male,Y,656,"Croftfoot, Glasgow",Glasgow,"Glasgow South",Glasgow
greetin',55.89663533108482,-3.980476337487299,1664998635,3689,1982,40,Female,N,1192,Airdrie,"North Lanarkshire",ML6,Glasgow
greetin',55.9394378210586,-3.264779042149512,1664998686,3902,1975,47,Female,Y,297,"Blackhall, Edinburgh",Edinburgh,"Edinburgh North","Lothian (Edinburgh)"
greetin',56.099320022714025,-3.6075960387384587,1664998721,3907,1974,48,Female,N,1096,"Dunfermline (centre, north, west: Abbey Parks, Lady's Mill, Garvock, Headwell, Kingseathill, Wellwood, Milesmark, Baldridge, Pittencrieff, Baldridgeburn)",Fife,KY12,Fife
greetin',55.857975753489654,-3.0759824776505296,1664998742,3860,1994,28,Female,Y,328,Bonnyrigg,Midlothian,EH19,"Lothian (Edinburgh)"
greetin',57.539064424198834,-3.691077761188878,1664998838,3903,1973,49,Female,Y,740,Forres,Moray,IV36,"North East (Aberdeen)"
greetin',55.86096045665545,-4.462865080675969,1664998840,3904,1981,41,Male,Y,1248,Linwood,Renfrewshire,PA3,Glasgow
greetin',60.173898065538474,-1.1633405334537632,1664998845,3911,1993,29,Female,Y,1500,Lerwick,"Shetland Isles",ZE1,"Shetland Islands"
greetin',55.60829781621162,-4.602634450424348,1664998878,3912,1976,46,Female,Y,785,"Irvine (east, south: Perceton, Lawthorn, Girdle Toll, Stanecastle, Bourtreehill, Broomlands, Dreghorn, Springside)","North Ayrshire",KA11,Ayrshire
greetin',55.92782824124819,-2.97351591037129,1664998900,3908,1953,69,Female,N,349,Tranent,"East Lothian",EH33,"Lothian (Edinburgh)"
greetin',56.907756473480504,-2.308370933601244,1664998942,3913,1964,58,Male,Y,18,Laurencekirk,Aberdeenshire,AB30,"North East (Aberdeen)"
greetin',57.16040195781438,-2.1653414127517405,1664998991,3915,1972,50,Male,N,98,"Northfield, Aberdeen",Aberdeen,"Aberdeen Central","North East (Aberdeen)"
greetin',56.179838235976135,-3.1546362541501076,1664998997,3862,1987,35,Female,N,1133,"Glenrothes (centre and east: Pitteuchar, Finglassie, Stenton, Auchmuty, Pitcoudie, Balfarg, Pircairn, Collydean)",Fife,KY7,Fife
greetin',55.91633377444791,-4.610467741686036,1664999058,3921,1969,53,Male,N,1229,"Port Glasgow",Inverclyde,PA14,Glasgow
greetin',55.765759074125555,-4.333079089801487,1664999068,3920,1981,41,Female,Y,539,"Newton Mearns","East Renfrewshire",G77,Glasgow
greetin',55.97539145456304,-3.1827503458008732,1664999134,3924,1977,45,Male,N,287,"Corstorphine, Edinburgh",Edinburgh,"Edinburgh North","Lothian (Edinburgh)"
greetin',57.46368120451753,-3.962284990145149,1664999151,3917,2000,22,Other,Y,702,Auldearn,Highland,IV12,"Highlands (Inverness)"
greetin',57.16073110663135,-2.2319499634030375,1664999165,3923,1989,33,Female,Y,124,Newmachar,Aberdeenshire,"Aberdeen North","North East (Aberdeen)"
greetin',55.78871381902541,-2.5129103535375656,1664999222,3910,1967,55,Female,Y,1423,Duns,"Scottish Borders",TD11,Borders
greetin',56.08021138096087,-3.2814226654053344,1664999276,3926,1971,51,Female,Y,1117,"Kirkcaldy (west: Hayfield, Templehall, Newliston, Chapel, Dunnikier, Bennochy)",Fife,KY2,Fife
greetin',55.74143142613152,-3.860620413056103,1664999304,3931,1987,35,Female,N,1212,Carluke,"South Lanarkshire",ML8,Glasgow
greetin',55.87466585046162,-4.407874301879997,1664999331,3932,1986,36,Female,Y,1264,Renfrew,Renfrewshire,PA4,Glasgow
greetin',55.811353149949404,-4.232955638666766,1664999560,3938,1984,38,Male,Y,645,Clarkston,"East Renfrewshire","Glasgow South",Glasgow
greetin',57.36517511568354,-3.1513173706830075,1664999590,3940,1948,74,Male,Y,88,Keith, Moray,AB55,"North East (Aberdeen)"
greetin',56.73666963972657,-2.5389014075306644,1664999628,3937,1989,33,Male,N,140,Montrose,Angus,DD10,"Tayside and Angus (Dundee)"
greetin',55.82692994195512,-4.16745046630408,1664999722,3941,1974,48,Male,Y,598,Rutherglen,"South Lanarkshire","Glasgow Northeast",Glasgow
greetin',55.855099481616065,-2.9959324038563984,1664999841,3944,1960,62,Male,N,338,Gorebridge,Midlothian,EH23,"Lothian (Edinburgh)"
greetin',55.73284742690763,-4.044201001478819,1664999852,3947,1958,64,Female,Y,1183,Hamilton,"South Lanarkshire",ML3,Glasgow
greetin',55.813310042081575,-4.1113912710480385,1664999910,3952,1997,25,Female,N,528,Blantyre,"South Lanarkshire",G72,Glasgow
greetin',55.988804218196535,-3.3748863233442608,1664999967,3950,1971,51,Female,Y,306,"Queensferry, Edinburgh",Edinburgh,"Edinburgh Queensferry","Lothian (Edinburgh)"
greetin',56.322028775934946,-3.6162583660330854,1665000045,3928,1993,29,Female,Y,1354,"Perth (south and east: Barnhill, Bridgend, Craigie, Kincarrathie, Upper Craigie)","Perth and Kinross",PH2,Fife
greetin',55.950721986285544,-4.083895078872214,1665000099,3956,1990,32,Male,Y,506,Kilsyth,"North Lanarkshire",G65,Glasgow
greetin',55.2408068225321,-2.730961039329396,1665000192,3946,1966,56,Male,Y,1493,Hawick,"Scottish Borders",TD9,Borders
greetin',55.82423669426359,-4.766216249045345,1665000207,3959,1969,53,Male,N,842,Largs,"North Ayrshire",KA30,Ayrshire
greetin',55.3303287404313,-2.792169269187078,1665000215,3955,1964,58,Female,Y,1493,Hawick,"Scottish Borders",TD9,Borders
greetin',57.156768213821934,-2.189433229475936,1665000236,3957,1976,46,Male,Y,107,"Rosemount, Aberdeen",Aberdeen,"Aberdeen Central","North East (Aberdeen)"
greetin',56.870873120101166,-3.522131995768073,1665000269,3954,1987,35,Female,N,1319,"Bridge of Cally","Perth and Kinross",PH10,Fife
greetin',55.83883506661877,-4.1897610678171215,1665000296,3961,1969,53,Female,N,628,"Balornock, Glasgow",Glasgow,"Glasgow Northeast",Glasgow
greetin',57.159655303043735,-2.2143921226326757,1665000367,3960,1977,45,Female,N,114,"Danestone, Aberdeen",Aberdeen,"Aberdeen North","North East (Aberdeen)"
greetin',55.838674762745946,-3.8976670925499595,1665000382,3968,1981,41,Female,Y,1151,Motherwell,"North Lanarkshire",ML1,Glasgow
greetin',55.9136781607624,-4.458708473304562,1665000394,3965,1971,51,Male,Y,1306,Erskine,Renfrewshire,PA8,Glasgow
greetin',55.951289137854296,-4.838623526780592,1665000414,3966,1981,41,Female,Y,1235,Gourock,Inverclyde,PA19,Glasgow
greetin',55.93990152191076,-3.9718877388278235,1665000442,3969,1969,53,Female,Y,514,"Cumbernauld (south: Condorrat, Lenziemill, Carbrain, Kildrum, Cumbernauld Village, Abronhill, Seafar)","North Lanarkshire",G67,Glasgow
greetin',57.2418045459196,-4.366131512723881,1665000463,3971,1995,27,Female,Y,714,"Inverness (east: Culcabock, Crown, Culduthel, Drummond, Haugh, Hilton, Holm, Lochardil, Millburn, Raigmore)",Highland,IV2,"Highlands (Inverness)"
greetin',55.94724908064159,-4.2476736279440095,1665000483,3962,1983,39,Female,Y,502,Bishopbriggs,"East Dunbartonshire",G64,Glasgow
greetin',57.66874110247255,-3.3915442268532727,1665000504,3972,1972,50,Male,N,737,Elgin,Moray,IV30,"North East (Aberdeen)"
greetin',56.49295949183624,-3.0384359572005932,1665000504,3958,1966,56,Male,N,236,"Lochee, Dundee",Dundee,"Dundee Central","Tayside and Angus (Dundee)"
greetin',56.48522584887857,-3.0138469059547606,1665000576,3942,1954,68,Female,Y,239,"Charleston, Dundee",Dundee,"Dundee Central","Tayside and Angus (Dundee)"
greetin',56.80462276495749,-2.4690143682044146,1665000601,3973,1963,59,Male,Y,140,Montrose,Angus,DD10,"Tayside and Angus (Dundee)"
greetin',55.940874147501376,-3.0646325599758435,1665000702,3978,1991,31,Female,Y,330,Musselburgh,"East Lothian",EH21,"Lothian (Edinburgh)"
greetin',56.918929211215506,-2.6586544748280536,1665000782,3980,1983,39,Female,Y,22,Banchory,Aberdeenshire,AB31,"North East (Aberdeen)"
greetin',56.463037702542074,-2.986719019948497,1665000826,3976,1992,30,Female,Y,244,"Stobswell, Dundee",Dundee,"Dundee Central","Tayside and Angus (Dundee)"
greetin',55.542270782538466,-4.478839538259659,1665000841,3981,1998,24,Female,Y,846,Mauchline,"East Ayrshire",KA5,Ayrshire
greetin',60.14199521615532,-1.281701524117556,1665000899,3984,1977,45,Female,N,1501,Scalloway,"Shetland Isles",ZE1,"Shetland Islands"
greetin',55.809646641911314,-4.0897555708766395,1665000964,3983,1988,34,Male,Y,525,Uddingston,"South Lanarkshire",G71,Glasgow
greetin',55.83576797617334,-4.288801296951615,1665000997,3986,1972,50,Female,Y,652,"King's Park, Glasgow",Glasgow,"Glasgow South",Glasgow
greetin',56.05957392961333,-3.5175047135847457,1665001043,3985,1987,35,Male,Y,1090,"Dunfermline (south and east: Halbeath, Touch, Duloch, Masterton, Pitcorthie, Abbeyview, Brucefield, Hospital Hill, Camdean, Pitreavie)",Fife,KY11,Fife
greetin',56.85523942615922,-3.4554263528961635,1665001072,3987,1989,33,Female,N,1318,Blairgowrie,"Perth and Kinross",PH10,Fife
greetin',56.487164915740344,-4.0788395689343115,1665001153,3993,1981,41,Female,Y,1327,Aberfeldy,"Perth and Kinross",PH15,Fife
greetin',55.90646016699046,-4.216337727529667,1665001161,3989,1977,45,Female,Y,620,"Mount Vernon, Glasgow",Glasgow,"Glasgow Northeast",Glasgow
greetin',56.487853646524464,-3.051129830825809,1665001183,3988,1957,65,Male,N,239,"Charleston, Dundee",Dundee,"Dundee Central","Tayside and Angus (Dundee)"
greetin',56.45927133336331,-2.966745438479447,1665001333,3996,1968,54,Female,N,255,"Fintry, Dundee",Dundee,"Dundee North","Tayside and Angus (Dundee)"
greetin',57.23837033526552,-2.2632767242585974,1665001350,3995,1977,45,Male,Y,113,"Bridge of Don, Aberdeen",Aberdeen,"Aberdeen North","North East (Aberdeen)"
greetin',57.67088544772882,-2.8036108528979735,1665001354,3998,1997,25,Female,Y,91,Cullen,Moray,AB56,"North East (Aberdeen)"
greetin',55.57195222222277,-4.47093684996327,1665001384,3994,1971,51,Female,N,779,"Kilmarnock (centre and south: Bonnyton, Grange, Bellfield, Shortlees, Caprington, Riccarton, Hurlford)","East Ayrshire",KA1,Ayrshire
greetin',55.880410248058766,-4.237801961241754,1665001412,4003,1974,48,Female,Y,627,"Dennistoun, Glasgow",Glasgow,"Glasgow Northeast",Glasgow
greetin',55.89879577237648,-4.189436411458875,1665001417,3989,1977,45,Female,Y,620,"Mount Vernon, Glasgow",Glasgow,"Glasgow Northeast",Glasgow
greetin',55.85641005410405,-4.422666476549837,1665001418,4000,1975,47,Male,Y,1249,"Paisley (north west: Ferguslie Park, Gallowhill, Gockston, Shortroods, )",Renfrewshire,PA3,Glasgow
greetin',55.93715996708259,-3.9848613366496264,1665001450,4005,1987,35,Male,Y,514,"Cumbernauld (south: Condorrat, Lenziemill, Carbrain, Kildrum, Cumbernauld Village, Abronhill, Seafar)","North Lanarkshire",G67,Glasgow
greetin',56.240293687907155,-2.8792803306822274,1665001476,4006,1958,64,Female,N,1140,Leven,Fife,KY8,Fife
greetin',55.48709886335155,-4.062248875738676,1665001486,4004,1977,45,Male,Y,798,Cumnock,"East Ayrshire",KA18,Ayrshire
greetin',55.829031628788194,-3.8997932366066506,1665001591,4008,1977,45,Female,Y,1151,Motherwell,"North Lanarkshire",ML1,Glasgow
greetin',56.46743369383575,-2.955778950150408,1665001647,4009,1991,31,Male,Y,233,"Fairmuir, Dundee",Dundee,"Dundee Bluebelt","Tayside and Angus (Dundee)"
greetin',55.746513230710875,-3.5628979809213464,1665001678,4013,1982,40,Female,Y,1163,Coalburn,"South Lanarkshire",ML11,Glasgow
greetin',55.85997825319012,-4.204061014119049,1665001709,4012,1964,58,Male,N,631,"Royston, Glasgow",Glasgow,"Glasgow Northeast",Glasgow
greetin',55.81037650048818,-3.9697098879356356,1665001716,4008,1977,45,Female,Y,1151,Motherwell,"North Lanarkshire",ML1,Glasgow
greetin',55.863252355492975,-4.268657054537795,1665001800,4007,1952,70,Female,Y,579,"Garnethill, Glasgow",Glasgow,"Glasgow City Centre",Glasgow
greetin',55.94045525171558,-3.2287478690344122,1665001866,4011,1970,52,Female,N,267,"Sighthill, Edinburgh",Edinburgh,"Edinburgh Central","Lothian (Edinburgh)"
greetin',60.57185265300862,-1.1782868505668664,1665001903,4015,1989,33,Male,N,1552,Gulberwick,"Shetland Isles",ZE2,"Shetland Islands"
greetin',56.71892840243856,-5.067333596409042,1665002018,4024,1971,51,Female,N,1377,"Fort William",Highland,PH33,"Highlands (Inverness)"
greetin',55.793991063231836,-3.9073313265931344,1665002024,4026,1972,50,Male,Y,1151,Motherwell,"North Lanarkshire",ML1,Glasgow
greetin',55.80232686006374,-4.027973292005997,1665002044,4028,1984,38,Male,Y,1186,Bellshill,"North Lanarkshire",ML4,Glasgow
greetin',56.25105145260743,-4.05666582716513,1665002208,4018,1975,47,Female,Y,409,Doune,Stirlingshire,FK16,"Stirling and Falkirk"
greetin',55.50963801239709,-2.7382265913861934,1665002228,4030,1972,50,Female,N,1468,Melrose,"Scottish Borders",TD6,Borders
greetin',55.639400308343724,-4.721173230585093,1665002381,4019,1985,37,Female,Y,811,Stevenston,"North Ayrshire",KA20,Ayrshire
greetin',55.813553648827366,-4.225758903923461,1665002406,4047,1957,65,Female,Y,571,"Castlemilk, Glasgow",Glasgow,"Glasgow Castlemilk",Glasgow
greetin',55.843736070863486,-4.338903451084123,1665002438,4045,1969,53,Female,Y,677,"Hillington, Glasgow",Glasgow,"Glasgow Southwest",Glasgow
greetin',55.84726151600741,-4.096710512614354,1665002456,4044,1981,41,Female,Y,598,Rutherglen,"South Lanarkshire","Glasgow Northeast",Glasgow
greetin',55.80188127380669,-4.4021244580830174,1665002484,4042,1975,47,Female,Y,540,Barrhead,"East Renfrewshire",G78,Glasgow
greetin',55.960375640718304,-3.2903310609288194,1665002490,4048,1968,54,Male,N,278,"Granton, Edinburgh",Edinburgh,"Edinburgh Clermiston Granton","Lothian (Edinburgh)"
greetin',55.94149289463562,-4.126241073838976,1665002497,4021,1995,27,Female,Y,508,Lennoxtown,"East Dunbartonshire",G66,Glasgow
greetin',55.96289785667567,-3.176752357644098,1665002537,4046,1962,60,Male,N,285,"Leith, Edinburgh",Edinburgh,"Edinburgh Leith","Lothian (Edinburgh)"
greetin',55.85474634626027,-4.291678208038219,1665002541,4049,1962,60,Female,Y,672,"Govan, Glasgow",Glasgow,"Glasgow Southwest",Glasgow
greetin',55.82807145214033,-4.331609163382134,1665002551,4034,1980,42,Female,Y,660,"Arden, Glasgow",Glasgow,"Glasgow South",Glasgow
greetin',55.97061039019396,-4.034593255845612,1665002582,4038,1995,27,Male,N,506,Kilsyth,"North Lanarkshire",G65,Glasgow
greetin',57.168971390633466,-2.141361590581722,1665002809,4058,1957,65,Female,N,107,"Rosemount, Aberdeen",Aberdeen,"Aberdeen Central","North East (Aberdeen)"
greetin',55.928246633602676,-3.2953162762416346,1665002922,4063,1969,53,Female,Y,263,"Longstone, Edinburgh",Edinburgh,"Edinburgh Central","Lothian (Edinburgh)"
greetin',55.900072633368794,-3.246614503503262,1665002949,4061,1994,28,Female,Y,305,"Oxgangs, Edinburgh",Edinburgh,"Edinburgh Oxgangs","Lothian (Edinburgh)"
greetin',55.83441633821519,-4.340849180325915,1665003034,4062,1985,37,Male,N,685,"Gorbals, Glasgow",Glasgow,"Glasgow Southwest",Glasgow
greetin',55.819939051247175,-4.008088663411244,1665003038,4064,1999,23,Male,Y,1186,Bellshill,"North Lanarkshire",ML4,Glasgow
greetin',56.03438542217454,-3.692737911314092,1665003042,4067,1952,70,Female,Y,439,Grangemouth,Falkirk,FK3,"Stirling and Falkirk"
greetin',55.90019007158114,-4.461012195462327,1665003067,4071,1999,23,Male,N,1306,Erskine,Renfrewshire,PA8,Glasgow
greetin',55.58288833873415,-2.881985311745781,1665003078,4065,1976,46,Female,Y,1413,Galashiels,"Scottish Borders",TD1,Borders
greetin',55.80425727795815,-3.9462211971909,1665003123,4039,1989,33,Male,Y,1151,Motherwell,"North Lanarkshire",ML1,Glasgow
greetin',55.48661183774585,-4.33476630091227,1665003200,4057,1997,25,Male,Y,798,Cumnock,"East Ayrshire",KA18,Ayrshire
greetin',57.166463377833544,-2.1812199347916823,1665003231,4069,1983,39,Male,N,98,"Northfield, Aberdeen",Aberdeen,"Aberdeen Central","North East (Aberdeen)"
greetin',55.969841314357076,-3.1707579172614984,1665003242,4074,1981,41,Male,N,285,"Leith, Edinburgh",Edinburgh,"Edinburgh Leith","Lothian (Edinburgh)"
greetin',57.108078208197924,-2.125992414868101,1665003365,4080,1978,44,Male,Y,7,Altens, Aberdeen,AB12,"North East (Aberdeen)"
greetin',55.57940955631499,-3.82145442514541,1665003397,4078,1996,26,Female,Y,1167,Lanark,"South Lanarkshire",ML11,Glasgow
greetin',55.96713780884433,-3.262616669502776,1665003443,4079,1973,49,Female,Y,278,"Granton, Edinburgh",Edinburgh,"Edinburgh Clermiston Granton","Lothian (Edinburgh)"
greetin',57.665069026322534,-2.874153850471181,1665003484,4072,1996,26,Female,Y,90,Buckie,Moray,AB56,"North East (Aberdeen)"
greetin',55.7546883342573,-4.170783288739992,1665003504,4083,1982,40,Female,Y,534,"East Kilbride (south: Hairmyres, Westwood, The Murray, Murray East, Whitehills, Greenhill, Newlandsmuir, Gardenhall, Crosshouse, Newlands, Lindsayfield, Mossneuk)","South Lanarkshire",G75,Glasgow
greetin',55.84665478677622,-4.265246591418378,1665003563,4088,1986,36,Female,N,661,"Govanhill, Glasgow",Glasgow,"Glasgow Southwest",Glasgow
greetin',55.933126028343736,-3.7805687968947916,1665003568,4075,1944,78,Male,N,380,Camelon, Falkirk,FK1,"Stirling and Falkirk"
greetin',55.9519930695807,-4.448901510969563,1665003574,4084,1974,48,Female,N,546,Clydebank,"West Dunbartonshire",G81,Glasgow
greetin',55.88125881649366,-3.5231897933513996,1665003684,4093,1995,27,Male,N,375,Livingston,"West Lothian",EH54,"Lothian (Edinburgh)"
greetin',56.38535140601891,-3.0836975321636246,1665003754,4089,1985,37,Male,Y,1639,Auchtermuchty,Fife,KY15,Fife
greetin',55.36035744287371,-4.309905005070082,1665003761,4099,1977,45,Female,N,802,"New Cumnock","East Ayrshire",KA18,Ayrshire
greetin',56.57638426397968,-3.1643478992066707,1665003770,4097,1979,43,Female,N,1322,Newtyle,Angus,PH12,"Tayside and Angus (Dundee)"
greetin',55.84647680049118,-4.488241758817601,1665003780,4100,1970,52,Male,Y,1248,Linwood,Renfrewshire,PA3,Glasgow
greetin',55.909097501478946,-3.5419903474982717,1665003855,4094,1967,55,Female,Y,375,Livingston,"West Lothian",EH54,"Lothian (Edinburgh)"
greetin',57.45275720460265,-1.9862529869498964,1665003932,4104,1967,55,Female,Y,53,Hatton,Aberdeenshire,AB42,"North East (Aberdeen)"
greetin',55.37861353008014,-5.63199705521723,1665003967,4108,1997,25,Male,Y,1246,Campbeltown,"Argyll and Bute",PA28,"Argyll and Bute"
greetin',60.15223653069408,-1.2262613437395355,1665003968,4102,1958,64,Female,N,1500,Lerwick,"Shetland Isles",ZE1,"Shetland Islands"
greetin',55.35783319104107,-5.770105865605563,1665004017,4106,1960,62,Female,N,1246,Campbeltown,"Argyll and Bute",PA28,"Argyll and Bute"
greetin',59.15703381656855,-2.6305995220405176,1665004028,4107,1978,44,Female,N,1025,"Orkney Islands",Orkney,KW17,"Orkney Islands"
greetin',55.91999255321943,-3.725254359752537,1665004045,4105,1972,50,Male,Y,368,Bathgate,"West Lothian",EH48,"Lothian (Edinburgh)"
greetin',57.24433997648479,-2.5031819101234136,1665004066,4110,1977,45,Female,Y,67,Oldmeldrum,Aberdeenshire,AB51,"North East (Aberdeen)"
greetin',55.84862633736024,-4.876567793896868,1665004086,4103,1984,38,Female,Y,1233,Skelmorlie,"North Ayrshire",PA17,Ayrshire
greetin',57.35830095598655,-2.171854339339858,1665004115,4111,1983,39,Female,Y,49,Ellon,Aberdeenshire,AB41,"North East (Aberdeen)"
greetin',55.89081305208168,-4.387305971881383,1665004116,4113,1977,45,Male,Y,640,"Whiteinch, Glasgow",Glasgow,"Glasgow Northwest",Glasgow
greetin',55.92983163531738,-4.01813838539313,1665004256,4116,1993,29,Male,Y,514,"Cumbernauld (south: Condorrat, Lenziemill, Carbrain, Kildrum, Cumbernauld Village, Abronhill, Seafar)","North Lanarkshire",G67,Glasgow
greetin',55.9375709753538,-3.144322458356035,1665004256,4114,1999,23,Other,School,325,"Niddrie, Edinburgh",Edinburgh,"Edinburgh Southeast","Lothian (Edinburgh)"
greetin',55.75821737984453,-4.134793397000926,1665004317,4115,1989,33,Female,Y,530,"East Kilbride (north: The Village, East Mains, West Mains, Lymekilns, St Leonards, Calderwood, Nerston, Stewartfield, Peel Park)","South Lanarkshire",G74,Glasgow
greetin',55.92878830472809,-4.228851117050424,1665004341,4121,1970,52,Female,Y,502,Bishopbriggs,"East Dunbartonshire",G64,Glasgow
greetin',56.00373922554454,-3.747937777121222,1665004372,4120,1954,68,Male,Y,439,Grangemouth,Falkirk,FK3,"Stirling and Falkirk"
greetin',57.490611406981614,-2.188654672667955,1665004400,4104,1967,55,Female,Y,53,Hatton,Aberdeenshire,AB42,"North East (Aberdeen)"
greetin',56.80907978814238,-3.119466077130037,1665004412,4124,1971,51,Male,Y,179,Forfar,Angus,DD8,"Tayside and Angus (Dundee)"
greetin',55.97692705581334,-3.220407167621273,1665004418,4112,1995,27,Female,Y,279,"Clermiston and Drumbrae, Edinburgh",Edinburgh,"Edinburgh Clermiston Granton","Lothian (Edinburgh)"
greetin',55.756584613180486,-4.216844467904844,1665004436,4127,1980,42,Female,Y,534,"East Kilbride (south: Hairmyres, Westwood, The Murray, Murray East, Whitehills, Greenhill, Newlandsmuir, Gardenhall, Crosshouse, Newlands, Lindsayfield, Mossneuk)","South Lanarkshire",G75,Glasgow
greetin',56.49104483420701,-2.9617196076768204,1665004436,4128,1972,50,Female,Y,255,"Fintry, Dundee",Dundee,"Dundee North","Tayside and Angus (Dundee)"
greetin',55.620031956791884,-4.029723910364178,1665004443,4117,1962,60,Female,Y,1160,Strathaven,"North Lanarkshire",ML10,Glasgow
greetin',56.15364465822457,-3.7222739309584254,1665004460,4122,1971,51,Male,Y,396,Tillicoultry,Clackmannanshire,FK13,"Stirling and Falkirk"
greetin',55.75274419634701,-4.513845382273315,1665004533,4134,1977,45,Female,Y,541,Neilston,"East Renfrewshire",G78,Glasgow
greetin',54.85266726657136,-4.885263308995897,1665004645,4137,1982,40,Female,Y,231,Stranraer,"Dumfries and Galloway",DG9,"Dumfries and Galloway"
greetin',56.25610782557397,-2.8945602978393485,1665004649,4131,1958,64,Female,N,1140,Leven,Fife,KY8,Fife
greetin',55.760158607652585,-4.049812870303989,1665004769,4138,1970,52,Male,Y,1183,Hamilton,"South Lanarkshire",ML3,Glasgow
greetin',55.86901623585764,-4.077201290325919,1665004794,4139,1975,47,Female,Y,1189,Coatbridge,"North Lanarkshire",ML5,Glasgow
greetin',57.11345591269193,-4.493785901776994,1665004849,4140,1966,56,Female,Y,1376,"Fort Augustus",Highland,PH32,"Highlands (Inverness)"
greetin',55.84462782608193,-4.462513049664122,1665004888,4144,1991,31,Female,N,1220,"Paisley (central, east and north east: Ferguslie, Oldhall, Seedhill, Williamsburgh, Whitehaugh)",Renfrewshire,PA1,Glasgow
greetin',55.31513164070207,-5.6341288288274765,1665004934,4141,1971,51,Female,Y,1246,Campbeltown,"Argyll and Bute",PA28,"Argyll and Bute"
greetin',55.92658193686734,-3.2715805660763175,1665005091,4147,1959,63,Female,N,267,"Sighthill, Edinburgh",Edinburgh,"Edinburgh Central","Lothian (Edinburgh)"
greetin',55.912827975912236,-4.83866657299946,1665005121,4148,1975,47,Female,Y,1231,"Greenock (west: Bow Farm, Braeside, Branchton, Fort Matilda, Gateside, Greenock West, Overton, Pennyfern, Smithston)",Inverclyde,PA16,Glasgow
greetin',55.830788118924964,-4.331434127874365,1665005170,4151,1982,40,Male,N,664,"Toryglen, Glasgow",Glasgow,"Glasgow Southwest",Glasgow
greetin',56.48904445029736,-2.957577587501425,1665005197,4152,1988,34,Male,Y,251,"Kirkton, Dundee",Dundee,"Dundee North","Tayside and Angus (Dundee)"
greetin',57.15560781427247,-2.1571237075575134,1665005220,4150,1981,41,Male,Y,97,"Mastrick, Aberdeen",Aberdeen,"Aberdeen Central","North East (Aberdeen)"
greetin',55.566662554622155,-5.162000887708517,1665005258,4154,1964,58,Male,Y,827,"Isle of Arran","North Ayrshire",KA27,Ayrshire
greetin',55.82719056337357,-4.121358575950544,1665005315,4159,1984,38,Female,Y,528,Blantyre,"South Lanarkshire",G72,Glasgow
greetin',55.84072254097906,-4.44377833312917,1665005338,4161,1992,30,Female,Y,1220,"Paisley (central, east and north east: Ferguslie, Oldhall, Seedhill, Williamsburgh, Whitehaugh)",Renfrewshire,PA1,Glasgow
greetin',55.901294797797405,-4.246136139460572,1665005358,4162,1957,65,Female,Y,602,"Baillieston, Glasgow",Glasgow,"Glasgow Northeast",Glasgow
greetin',55.43107744933579,-4.692946530127511,1665005382,4166,1975,47,Female,Y,856,"Ayr (Centre)","South Ayrshire",KA7,Ayrshire
greetin',55.660209323208356,-2.879835295319355,1665005385,4163,1981,41,Female,Y,1415,Stow,"Scottish Borders",TD1,Borders
greetin',55.82290135110264,-3.6924400766926193,1665005386,4164,1974,48,Male,Y,366,Whitburn,"West Lothian",EH47,"Lothian (Edinburgh)"
greetin',57.64759406966306,-2.030692715219998,1665005414,4165,1992,30,Female,N,57,Fraserburgh,Aberdeenshire,AB43,"North East (Aberdeen)"
greetin',56.12441771877911,-3.7296601241747096,1665005452,4167,1994,28,Male,Y,389,Tullibody,Clackmannanshire,FK10,"Stirling and Falkirk"
greetin',55.91615693649144,-4.467652854162287,1665005470,4133,1998,24,Female,Y,1306,Erskine,Renfrewshire,PA8,Glasgow
greetin',55.84945479312503,-2.1650826115962296,1665005503,4168,1981,41,Female,N,1431,Eyemouth,"Scottish Borders",TD14,Borders
greetin',55.738798475846195,-4.193969739352458,1665005577,4169,1990,32,Female,Y,534,"East Kilbride (south: Hairmyres, Westwood, The Murray, Murray East, Whitehills, Greenhill, Newlandsmuir, Gardenhall, Crosshouse, Newlands, Lindsayfield, Mossneuk)","South Lanarkshire",G75,Glasgow
greetin',55.84160556742365,-4.186384804820892,1665005759,4174,1967,55,Male,N,603,"Carntyne, Glasgow",Glasgow,"Glasgow Northeast",Glasgow
greetin',57.62567511247006,-3.4306586125388887,1665005804,4178,1953,69,Female,Y,737,Elgin,Moray,IV30,"North East (Aberdeen)"
greetin',57.62426715187097,-3.3690435794671854,1665005830,4182,1970,52,Male,Y,737,Elgin,Moray,IV30,"North East (Aberdeen)"
greetin',56.104709100785996,-3.740617939367597,1665005870,4180,1964,58,Female,N,391,Alloa,Clackmannanshire,FK10,"Stirling and Falkirk"
greetin',55.95757709410135,-4.818260119010525,1665005877,4186,1982,40,Female,Y,1235,Gourock,Inverclyde,PA19,Glasgow
greetin',55.820017303938826,-4.353149809641813,1665005921,4183,1957,65,Female,N,670,"Ibrox, Glasgow",Glasgow,"Glasgow Southwest",Glasgow
greetin',55.795428707300346,-3.917566999980094,1665005994,4185,1970,52,Male,Y,1151,Motherwell,"North Lanarkshire",ML1,Glasgow
greetin',56.3752060774006,-3.0703428154560397,1665006044,4188,1990,32,Female,Y,1105,Cupar,Fife,KY15,Fife
greetin',55.76985513071706,-4.17397160559154,1665006047,4189,1974,48,Male,Y,530,"East Kilbride (north: The Village, East Mains, West Mains, Lymekilns, St Leonards, Calderwood, Nerston, Stewartfield, Peel Park)","South Lanarkshire",G74,Glasgow
greetin',55.92468138532422,-4.01307348873898,1665006052,4193,1969,53,Female,N,514,"Cumbernauld (south: Condorrat, Lenziemill, Carbrain, Kildrum, Cumbernauld Village, Abronhill, Seafar)","North Lanarkshire",G67,Glasgow
greetin',56.96773710744941,-5.450919428028655,1665006094,4195,1970,52,Female,Y,1392,Mallaig,Highland,PH41,"Highlands (Inverness)"
greetin',56.076320935767264,-3.330408058186601,1665006111,4171,1978,44,Female,Y,1121,Cowdenbeath,Fife,KY4,Fife
greetin',55.80802526130699,-4.259835311204931,1665006116,4191,1980,42,Female,N,651,"Cathcart, Glasgow",Glasgow,"Glasgow South",Glasgow
greetin',56.062833479091324,-3.365131062118306,1665006116,4135,1991,31,Male,N,1090,"Dunfermline (south and east: Halbeath, Touch, Duloch, Masterton, Pitcorthie, Abbeyview, Brucefield, Hospital Hill, Camdean, Pitreavie)",Fife,KY11,Fife
greetin',55.769241137423535,-4.057089421119132,1665006175,4196,1985,37,Male,N,1183,Hamilton,"South Lanarkshire",ML3,Glasgow
greetin',60.1406384968806,-1.2915869119185759,1665006181,4199,1963,59,Female,Y,1501,Scalloway,"Shetland Isles",ZE1,"Shetland Islands"
greetin',55.79488212831935,-3.7493422157246212,1665006182,4192,1990,32,Female,Y,366,Whitburn,"West Lothian",EH47,"Lothian (Edinburgh)"
greetin',55.92400082705186,-3.9968271580827652,1665006211,4194,1977,45,Female,Y,514,"Cumbernauld (south: Condorrat, Lenziemill, Carbrain, Kildrum, Cumbernauld Village, Abronhill, Seafar)","North Lanarkshire",G67,Glasgow
greetin',56.1427023340732,-3.2947679345844865,1665006344,4187,1976,46,Male,N,1126,Cardenden,Fife,KY5,Fife
greetin',55.74436925040722,-3.617632304958983,1665006353,4206,1980,42,Female,Y,1167,Lanark,"South Lanarkshire",ML11,Glasgow
greetin',55.892971243075294,-4.243752221763621,1665006385,4208,1977,45,Male,Y,634,"Maryhill, Glasgow",Glasgow,"Glasgow Northeast",Glasgow
greetin',55.70887251932725,-4.720738896175628,1665006432,4202,1950,72,Female,N,815,Dalry,"North Ayrshire",KA24,Ayrshire
greetin',56.112441212809024,-3.387088409942899,1665006450,4211,1987,35,Male,Y,1096,"Dunfermline (centre, north, west: Abbey Parks, Lady's Mill, Garvock, Headwell, Kingseathill, Wellwood, Milesmark, Baldridge, Pittencrieff, Baldridgeburn)",Fife,KY12,Fife
greetin',57.64606510433506,-3.33884188048342,1665006453,4212,1968,54,Female,N,737,Elgin,Moray,IV30,"North East (Aberdeen)"
greetin',55.090882680626926,-3.5211356477400884,1665006531,4215,1975,47,Male,Y,186,"Dumfries (centre and east: Dalscone, Georgetown, Heathhall, Kingholm Quay, Noblehill, The Crichton)","Dumfries and Galloway",DG1,"Dumfries and Galloway"
greetin',57.32837219539169,-2.5442006817940706,1665006542,4216,1974,48,Female,Y,70,Insch,Aberdeenshire,AB52,"North East (Aberdeen)"
greetin',55.562380337782905,-3.8865435517183085,1665006598,4217,1985,37,Male,Y,1167,Lanark,"South Lanarkshire",ML11,Glasgow
greetin',56.46845105647684,-3.0361147272805797,1665006650,4222,1965,57,Male,N,240,"Ardler, Dundee",Dundee,"Dundee Central","Tayside and Angus (Dundee)"
greetin',56.40453711197767,-3.353290590937365,1665006705,4225,1971,51,Female,Y,1354,"Perth (south and east: Barnhill, Bridgend, Craigie, Kincarrathie, Upper Craigie)","Perth and Kinross",PH2,Fife
greetin',55.94149877736566,-4.743540424129128,1665006721,4227,1963,59,Female,Y,1230,"Greenock (central and east: Bogston, Bridgend, Cartsdyke, Gibshill, Greenock Central, Ladyburn, Upper Ingleston)",Inverclyde,PA15,Glasgow
greetin',55.916523624736016,-4.880472542368887,1665006728,4228,1973,49,Female,Y,1232,Inverkip,Inverclyde,PA16,Glasgow
greetin',55.774648297494046,-3.646433977856667,1665006757,4233,1985,37,Male,Y,1167,Lanark,"South Lanarkshire",ML11,Glasgow
greetin',55.97227279907681,-4.68020991652634,1665006776,4229,1964,58,Male,Y,549,Dumbarton,"West Dunbartonshire",G82,Glasgow
greetin',55.87958604577303,-4.353280926707198,1665006783,4221,1963,59,Male,Y,641,"Knightswood, Glasgow",Glasgow,"Glasgow Northwest",Glasgow
greetin',55.412759636611455,-4.625556436268951,1665006793,4223,1981,41,Male,N,856,"Ayr (Centre)","South Ayrshire",KA7,Ayrshire
greetin',55.7020272917962,-4.176269253683402,1665006834,4234,1988,34,Male,Y,534,"East Kilbride (south: Hairmyres, Westwood, The Murray, Murray East, Whitehills, Greenhill, Newlandsmuir, Gardenhall, Crosshouse, Newlands, Lindsayfield, Mossneuk)","South Lanarkshire",G75,Glasgow
greetin',55.93573734254169,-3.761639317517219,1665006860,4226,1960,62,Male,N,377,"Falkirk (centre and south: Arnothill, Bantaskin, Callendar Park, Glen Village, Hallglen, Lionthorn, Tamfourhill, Woodlands)",Falkirk,FK1,"Stirling and Falkirk"
greetin',55.93886608375343,-4.806756420117775,1665006876,4220,1998,24,Male,N,1231,"Greenock (west: Bow Farm, Braeside, Branchton, Fort Matilda, Gateside, Greenock West, Overton, Pennyfern, Smithston)",Inverclyde,PA16,Glasgow
greetin',55.32568057718961,-4.471045952198711,1665006886,4224,1996,26,Female,Y,851,Coylton,"South Ayrshire",KA6,Ayrshire
greetin',55.58450221774158,-2.388100881001005,1665006910,4230,1970,52,Male,N,1446,Eckford,"Scottish Borders",TD5,Borders
greetin',55.94707827511921,-2.949352683652807,1665006957,4231,1952,70,Female,Y,349,Tranent,"East Lothian",EH33,"Lothian (Edinburgh)"
greetin',55.93505327100255,-3.75951756368538,1665006983,4226,1960,62,Male,N,377,"Falkirk (centre and south: Arnothill, Bantaskin, Callendar Park, Glen Village, Hallglen, Lionthorn, Tamfourhill, Woodlands)",Falkirk,FK1,"Stirling and Falkirk"
greetin',57.624468923102114,-2.5915406894423785,1665007050,4239,1966,56,Male,Y,59,Banff,Aberdeenshire,AB45,"North East (Aberdeen)"
greetin',55.92634529086864,-4.304414140126493,1665007069,4243,1970,52,Female,Y,488,Bearsden,"East Dunbartonshire",G61,Glasgow
greetin',55.91108182271303,-4.856231135825606,1665007070,4245,1956,66,Male,Y,1231,"Greenock (west: Bow Farm, Braeside, Branchton, Fort Matilda, Gateside, Greenock West, Overton, Pennyfern, Smithston)",Inverclyde,PA16,Glasgow
greetin',57.77991572698637,-4.012441946321099,1665007077,4201,1976,46,Female,Y,711,Tain,Highland,IV19,"Highlands (Inverness)"
greetin',55.720604383830796,-4.206061488596615,1665007079,4238,1993,29,Male,Y,534,"East Kilbride (south: Hairmyres, Westwood, The Murray, Murray East, Whitehills, Greenhill, Newlandsmuir, Gardenhall, Crosshouse, Newlands, Lindsayfield, Mossneuk)","South Lanarkshire",G75,Glasgow
greetin',56.335721849720926,-3.8688919927876695,1665007102,4244,1981,41,Male,Y,1402,Crieff,"Perth and Kinross",PH7,Fife
greetin',55.869091157656634,-4.282004055520342,1665007188,4248,1979,43,Male,Y,591,"Hillhead, Glasgow",Glasgow,"Glasgow Kelvin",Glasgow
greetin',55.73597427489839,-4.02039302068861,1665007328,4251,1994,28,Female,Y,1183,Hamilton,"South Lanarkshire",ML3,Glasgow
greetin',55.910892516715435,-4.126512761118207,1665007351,4252,1963,59,Male,Y,507,Kirkintilloch,"East Dunbartonshire",G66,Glasgow
greetin',55.91034403952506,-3.723266534193348,1665007488,4258,1977,45,Female,Y,368,Bathgate,"West Lothian",EH48,"Lothian (Edinburgh)"
greetin',55.88238172013589,-4.330049283294013,1665007554,4253,1954,68,Female,N,638,"Drumchapel, Glasgow",Glasgow,"Glasgow Northwest",Glasgow
greetin',55.45337503782526,-4.638618063135854,1665007571,4260,1966,56,Female,N,856,"Ayr (Centre)","South Ayrshire",KA7,Ayrshire
greetin',56.006039901486545,-2.869671259811687,1665007615,4264,1970,52,Female,Y,346,"Cockenzie and Port Seton","East Lothian",EH32,"Lothian (Edinburgh)"
greetin',56.14485150791637,-3.3264481247596938,1665007674,4263,1971,51,Female,Y,1128,Lochgelly,Fife,KY5,Fife
greetin',55.831846891543904,-3.907728290125066,1665007717,4262,1971,51,Male,Y,1151,Motherwell,"North Lanarkshire",ML1,Glasgow
greetin',55.46483307692635,-4.3105141095984605,1665007731,4265,1953,69,Male,N,802,"New Cumnock","East Ayrshire",KA18,Ayrshire
greetin',55.877569870855176,-4.306758982040372,1665007785,4266,1965,57,Female,Y,586,"Kelvinside, Glasgow",Glasgow,"Glasgow Kelvin",Glasgow
greetin',55.69888703614772,-4.1660568431452365,1665007848,4268,1997,25,Female,N,534,"East Kilbride (south: Hairmyres, Westwood, The Murray, Murray East, Whitehills, Greenhill, Newlandsmuir, Gardenhall, Crosshouse, Newlands, Lindsayfield, Mossneuk)","South Lanarkshire",G75,Glasgow
greetin',55.855067707872635,-4.244878982055739,1665007889,4272,1967,55,Female,Y,580,"Anderston, Glasgow",Glasgow,"Glasgow City Centre",Glasgow
greetin',55.94017554078684,-3.1952484899124145,1665008003,4275,1965,57,Female,Y,314,"Morningside, Edinburgh",Edinburgh,"Edinburgh South","Lothian (Edinburgh)"
greetin',55.91966943376998,-3.4505033037490414,1665008042,4274,1975,47,Female,Y,371,Broxburn,"West Lothian",EH52,"Lothian (Edinburgh)"
greetin',56.300500816206025,-2.9393143897235263,1665008157,4276,1976,46,Male,Y,1639,Auchtermuchty,Fife,KY15,Fife
greetin',55.839233108290216,-4.050638851148873,1665008184,4281,1996,26,Male,Y,1189,Coatbridge,"North Lanarkshire",ML5,Glasgow
greetin',55.638584705498936,-4.661253412413763,1665008187,4279,1999,23,Female,Y,787,"Irvine (centre: Castlepark, Tarryholme)","North Ayrshire",KA12,Ayrshire
greetin',55.75354329082472,-4.128935624612279,1665008195,4282,1995,27,Other,N,530,"East Kilbride (north: The Village, East Mains, West Mains, Lymekilns, St Leonards, Calderwood, Nerston, Stewartfield, Peel Park)","South Lanarkshire",G74,Glasgow
greetin',55.92123964694135,-4.434455271749639,1665008293,4283,1963,59,Female,Y,546,Clydebank,"West Dunbartonshire",G81,Glasgow
greetin',55.901033394220825,-5.216405832184322,1665008340,4284,1975,47,Female,Y,1237,"Isle of Bute","Argyll and Bute",PA20,"Argyll and Bute"
greetin',55.8151553237752,-5.042910437229856,1665008453,4269,1995,27,Male,N,1237,"Isle of Bute","Argyll and Bute",PA20,"Argyll and Bute"
greetin',55.75403091082542,-4.521764819294469,1665008454,4287,1981,41,Female,Y,540,Barrhead,"East Renfrewshire",G78,Glasgow
greetin',57.62071583921125,-4.408942612890346,1665008518,4288,1979,43,Male,Y,705,Dingwall,Highland,IV15,"Highlands (Inverness)"
greetin',55.94859237100721,-4.260629940456385,1665008531,4286,1970,52,Female,N,502,Bishopbriggs,"East Dunbartonshire",G64,Glasgow
greetin',55.914447308703465,-3.9717131171400912,1665009061,4297,1969,53,Male,Y,1192,Airdrie,"North Lanarkshire",ML6,Glasgow
greetin',55.92412688121881,-3.2254867901350663,1665009154,4298,1971,51,Female,N,314,"Morningside, Edinburgh",Edinburgh,"Edinburgh South","Lothian (Edinburgh)"
greetin',55.890270509383896,-4.180990219684966,1665009219,4303,1972,50,Male,Y,483,Stepps,"North Lanarkshire",G33,Glasgow
greetin',55.987245869804326,-3.3599872254707748,1665009268,4301,1992,30,Female,Y,306,"Queensferry, Edinburgh",Edinburgh,"Edinburgh Queensferry","Lothian (Edinburgh)"
greetin',56.13584448382643,-4.668395135137376,1665009295,4302,1994,28,Female,Y,557,Alexandria,"West Dunbartonshire",G83,"Argyll and Bute"
greetin',56.223141682860316,-3.191268238561057,1665009304,4304,1957,65,Female,N,1130,Leslie,Fife,KY6,Fife
greetin',55.78571543647423,-4.085153034389313,1665009382,4306,1977,45,Female,Y,529,Cambuslang,"South Lanarkshire",G72,Glasgow
greetin',55.8980086007253,-3.189335950675695,1665009442,4305,1999,23,Female,Y,322,"Gilmerton, Edinburgh",Edinburgh,"Edinburgh Southeast","Lothian (Edinburgh)"
greetin',55.24312277900597,-3.7120837201866306,1665009634,4307,1984,38,Female,Y,210,Thornhill,"Dumfries and Galloway",DG3,"Dumfries and Galloway"
greetin',56.25131632746442,-2.9620388265999944,1665009757,4312,1987,35,Male,Y,1141,Largo,Fife,KY8,Fife
greetin',57.29090400566396,-2.3941689180658683,1665009850,4316,1984,38,Male,Y,64,Inverurie,Aberdeenshire,AB51,"North East (Aberdeen)"
greetin',55.76350679481651,-4.655463126208899,1665009896,4308,1980,42,Male,Y,1226,Lochwinnoch,Renfrewshire,PA12,Glasgow
greetin',58.580310223532834,-3.603899503531511,1665010075,4320,2002,20,Male,N,961,Thurso,Highland,KW14,"Highlands (Inverness)"
greetin',57.66717505156651,-3.4891532135589505,1665010089,4310,1995,27,Male,Y,737,Elgin,Moray,IV30,"North East (Aberdeen)"
greetin',55.919682436132966,-3.240828333996511,1665010125,4322,1981,41,Female,Y,313,"Colinton, Edinburgh",Edinburgh,"Edinburgh South","Lothian (Edinburgh)"
greetin',56.19821555932096,-3.881632925819733,1665010236,4323,1970,52,Male,Y,405,Dunblane,Stirlingshire,FK15,"Stirling and Falkirk"
greetin',56.46223078761473,-3.0243325606986566,1665010517,4329,1990,32,Female,Y,261,"Westend, Dundee",Dundee,"Dundee West","Tayside and Angus (Dundee)"
greetin',56.695615945754696,-5.723285041134145,1665010604,4326,1947,75,Male,Y,1377,"Fort William",Highland,PH33,"Highlands (Inverness)"
greetin',56.02129761059236,-3.8827982866051287,1665010699,4332,1972,50,Female,Y,452,Denny,Falkirk,FK6,"Stirling and Falkirk"
greetin',57.117378283651334,-2.0929033864191693,1665010891,4335,1964,58,Female,N,11,Kincorth, Aberdeen,AB12,"North East (Aberdeen)"
greetin',56.07046415300163,-3.8610823956517137,1665010915,4339,1974,48,Female,Y,464,"Stirling (south and east: Braehead, Borestone, Broomridge, Torbrex)",Stirlingshire,FK7,"Stirling and Falkirk"
greetin',55.76777791238589,-4.120619364496678,1665010965,4340,1995,27,Female,Y,529,Cambuslang,"South Lanarkshire",G72,Glasgow
greetin',57.19619796024229,-3.1875091141670873,1665011051,4341,1986,36,Other,Y,40,Strathdon,Aberdeenshire,AB36,"North East (Aberdeen)"
greetin',55.98453290918504,-3.9700265562536567,1665011090,4343,1992,30,Male,Y,441,Bonnybridge,Falkirk,FK4,"Stirling and Falkirk"
greetin',55.982530237418175,-2.495887822807337,1665011295,4346,1996,26,Female,Y,359,Dunbar,"East Lothian",EH42,"Lothian (Edinburgh)"
greetin',56.07593030940172,-3.792121969403209,1665011446,4347,1993,29,Female,Y,422,"Falkirk (north: Grahamston, Middlefield, Westfield)",Falkirk,FK2,"Stirling and Falkirk"
greetin',56.4837934714398,-3.001460289396905,1665011694,4349,1955,67,Male,N,233,"Fairmuir, Dundee",Dundee,"Dundee Bluebelt","Tayside and Angus (Dundee)"
greetin',55.467067153728784,-5.596892418071247,1665012031,4356,1995,27,Male,Y,1246,Campbeltown,"Argyll and Bute",PA28,"Argyll and Bute"
greetin',56.12112160214831,-3.655789233794539,1665012074,4354,1985,37,Male,N,389,Tullibody,Clackmannanshire,FK10,"Stirling and Falkirk"
greetin',55.89960493603391,-4.364831343289186,1665012407,4359,1993,29,Other,Y,641,"Knightswood, Glasgow",Glasgow,"Glasgow Northwest",Glasgow
greetin',56.15291127163399,-3.1998143294476566,1665013141,3249,1974,48,Female,N,1117,"Kirkcaldy (west: Hayfield, Templehall, Newliston, Chapel, Dunnikier, Bennochy)",Fife,KY2,Fife
greetin',55.971223283470685,-3.240583914869394,1665013804,4368,1965,57,Female,Y,278,"Granton, Edinburgh",Edinburgh,"Edinburgh Clermiston Granton","Lothian (Edinburgh)"
greetin',59.29195955747899,-2.9501310114969455,1665013888,4373,1994,28,Female,Y,1025,"Orkney Islands",Orkney,KW17,"Orkney Islands"
greetin',56.105501694275176,-3.2385090497964013,1665014230,4376,1975,47,Female,Y,1117,"Kirkcaldy (west: Hayfield, Templehall, Newliston, Chapel, Dunnikier, Bennochy)",Fife,KY2,Fife
greetin',55.6964632199876,-4.361427591514685,1665014406,4379,1997,25,Male,Y,841,Stewarton,"East Ayrshire",KA3,Ayrshire
greetin',56.05436993599774,-3.780333641097439,1665015182,4386,1995,27,Female,Y,425,Polmont, Falkirk,FK2,"Stirling and Falkirk"
greetin',57.00630436373982,-2.202486163567855,1665015491,4388,1999,23,Female,Y,48,Stonehaven,Aberdeenshire,AB39,"North East (Aberdeen)"
greetin',57.4820445579152,-3.8371719108268274,1665015685,4389,1990,32,Other,Y,702,Auldearn,Highland,IV12,"Highlands (Inverness)"
greetin',55.99364634885734,-4.267499741983323,1665015837,4390,1999,23,Female,Y,507,Kirkintilloch,"East Dunbartonshire",G66,Glasgow
greetin',55.83397714258864,-4.11360387536534,1665016607,4393,1996,26,Female,Y,602,"Baillieston, Glasgow",Glasgow,"Glasgow Northeast",Glasgow
greetin',54.933251881489454,-5.14129910025723,1665016886,4394,1977,45,Female,N,231,Stranraer,"Dumfries and Galloway",DG9,"Dumfries and Galloway"
greetin',55.90672776707424,-3.55043410989129,1665018167,4397,1993,29,Female,Y,375,Livingston,"West Lothian",EH54,"Lothian (Edinburgh)"
greetin',56.05581886029077,-4.375079456563224,1665019021,4399,1976,46,Female,Y,499,Killearn,Stirlingshire,G63,"Stirling and Falkirk"
greetin',56.05940239684577,-3.8081849461914516,1665019466,4402,1993,29,Other,Y,422,"Falkirk (north: Grahamston, Middlefield, Westfield)",Falkirk,FK2,"Stirling and Falkirk"
greetin',55.856310142229695,-4.628428652172871,1665019870,4406,1988,34,Female,Y,1224,"Bridge of Weir",Renfrewshire,PA11,Glasgow
greetin',55.86167944472395,-4.128843138832337,1665020849,4338,1971,51,Female,Y,634,"Maryhill, Glasgow",Glasgow,"Glasgow Northeast",Glasgow
greetin',57.135525153486924,-2.1993219667652713,1665020956,4405,1957,65,Female,N,125,Whiterashes,Aberdeenshire,"Aberdeen North","North East (Aberdeen)"
greetin',55.858629106171335,-4.403607560012395,1665021524,4411,1965,57,Female,Y,1248,Linwood,Renfrewshire,PA3,Glasgow
greetin',56.46658912693568,-2.744846528292079,1665021733,4409,1983,39,Female,N,178,Carnoustie,Angus,DD7,"Tayside and Angus (Dundee)"
greetin',55.94693102577319,-4.451029604920519,1665023873,4415,1976,46,Male,N,544,Faifley,"West Dunbartonshire",G81,Glasgow
greetin',56.47553793236486,-2.9605193592859806,1665024431,4416,1984,38,Female,Y,254,"Douglas, Dundee",Dundee,"Dundee North","Tayside and Angus (Dundee)"
greetin',55.969386167649404,-3.2554951771061305,1665026810,4419,1966,56,Female,Y,278,"Granton, Edinburgh",Edinburgh,"Edinburgh Clermiston Granton","Lothian (Edinburgh)"
greetin',56.08030064966114,-4.003994084801385,1665028931,4423,1965,57,Male,N,464,"Stirling (south and east: Braehead, Borestone, Broomridge, Torbrex)",Stirlingshire,FK7,"Stirling and Falkirk"
greetin',57.91416184655549,-4.994149701073864,1665028983,4424,1949,73,Male,Y,727,Ullapool,Highland,IV26,"Highlands (Inverness)"
greetin',55.943365361991795,-3.9497993658571535,1665029117,4425,1994,28,Female,N,514,"Cumbernauld (south: Condorrat, Lenziemill, Carbrain, Kildrum, Cumbernauld Village, Abronhill, Seafar)","North Lanarkshire",G67,Glasgow
greetin',55.63462472835857,-4.693619082752511,1665029510,4426,1990,32,Female,N,787,"Irvine (centre: Castlepark, Tarryholme)","North Ayrshire",KA12,Ayrshire
greetin',56.7633157042833,-3.5647704087312806,1665029577,4427,1983,39,Male,N,1318,Blairgowrie,"Perth and Kinross",PH10,Fife
greetin',55.9043347312911,-4.556700055457478,1665029688,4429,1983,39,Female,Y,1229,"Port Glasgow",Inverclyde,PA14,Glasgow
greetin',55.88448149829915,-4.798212535848493,1665029823,4428,1971,51,Female,N,1231,"Greenock (west: Bow Farm, Braeside, Branchton, Fort Matilda, Gateside, Greenock West, Overton, Pennyfern, Smithston)",Inverclyde,PA16,Glasgow
greetin',56.053048989872984,-3.8268751822016056,1665031968,4432,1965,57,Female,N,430,Brightons,Falkirk,FK2,"Stirling and Falkirk"
greetin',55.99363104735074,-4.163166503024523,1665032399,4434,1967,55,Female,N,508,Lennoxtown,"East Dunbartonshire",G66,Glasgow
greetin',57.47302756427796,-2.7604421680688596,1665032610,4435,1974,48,Female,Y,83,Huntly,Aberdeenshire,AB54,"North East (Aberdeen)"
greetin',57.68337228583208,-3.3500969047272213,1665032754,4436,1988,34,Female,Y,737,Elgin,Moray,IV30,"North East (Aberdeen)"
greetin',55.421107234941964,-4.729243795127722,1665033295,4439,1985,37,Male,Y,856,"Ayr (Centre)","South Ayrshire",KA7,Ayrshire
greetin',54.70611960546003,-4.957295600368881,1665034044,4443,1980,42,Male,Y,231,Stranraer,"Dumfries and Galloway",DG9,"Dumfries and Galloway"
greetin',57.6348919635605,-3.198088883408631,1665034381,4441,1973,49,Male,Y,737,Elgin,Moray,IV30,"North East (Aberdeen)"
greetin',56.20014275924444,-3.157765302153596,1665034520,4438,1976,46,Female,Y,1136,Star,Fife,KY7,Fife
greetin',55.78822832548938,-4.519810032623253,1665034540,4444,1959,63,Male,Y,1236,"Paisley (south: Blackhall, Castlehead, Dykebar, Foxbar, Hunterhill, Meikleriggs)",Renfrewshire,PA2,Glasgow
greetin',55.89982162963017,-4.297980687210405,1665034616,4445,1962,60,Male,Y,632,"Springburn, Glasgow",Glasgow,"Glasgow Northeast",Glasgow
greetin',56.20422758651685,-3.1261295854963183,1665035198,4438,1976,46,Female,Y,1136,Star,Fife,KY7,Fife
greetin',56.0779984274123,-4.8164329254428395,1665035244,4449,1965,57,Female,Y,566,Helensburgh,"Argyll and Bute",G84,"Argyll and Bute"
greetin',55.901459607173294,-4.3941098289846705,1665035256,4450,1958,64,Male,N,546,Clydebank,"West Dunbartonshire",G81,Glasgow
greetin',55.4443864772361,-4.620368646820571,1665035686,4453,1972,50,Male,Y,856,"Ayr (Centre)","South Ayrshire",KA7,Ayrshire
greetin',55.763506025620664,-4.556097653134938,1665035929,4454,1963,59,Female,N,540,Barrhead,"East Renfrewshire",G78,Glasgow
greetin',57.16267167466025,-2.2028514292260777,1665036074,4457,1996,26,Female,Y,113,"Bridge of Don, Aberdeen",Aberdeen,"Aberdeen North","North East (Aberdeen)"
greetin',57.619199406635474,-4.438663970841849,1665036462,4460,1991,31,Male,N,705,Dingwall,Highland,IV15,"Highlands (Inverness)"
greetin',55.872723187946534,-4.31959963618637,1665036512,4459,1979,43,Female,Y,592,"Dowanhill, Glasgow",Glasgow,"Glasgow Kelvin",Glasgow
greetin',56.29743775547583,-3.612313339340389,1665036536,2711,1997,25,Female,Y,1345,Glencarse,"Perth and Kinross",PH2,Fife
greetin',56.96076424762285,-2.4691013042664,1665037067,4464,1994,28,Female,Y,18,Laurencekirk,Aberdeenshire,AB30,"North East (Aberdeen)"
greetin',55.43687614450455,-2.5179750083734374,1665037111,4463,1983,39,Male,N,1486,Jedburgh,"Scottish Borders",TD8,Borders
greetin',56.22987697379977,-2.6822618164198593,1665037149,4465,1988,34,Female,Y,1086,Anstruther,Fife,KY10,Fife
greetin',57.61386778087005,-3.15078763371878,1665037380,4466,1983,39,Male,N,739,Fochabers,Moray,IV32,"North East (Aberdeen)"
greetin',55.959202233512464,-3.1438798462451247,1665037555,4468,1958,64,Male,Y,285,"Leith, Edinburgh",Edinburgh,"Edinburgh Leith","Lothian (Edinburgh)"
greetin',55.97585238434011,-4.613913176672674,1665037680,4471,1990,32,Female,Y,548,Cardross,"Argyll and Bute",G82,Glasgow
greetin',55.89979283299308,-4.46257364822566,1665037722,4470,1969,53,Male,N,1306,Erskine,Renfrewshire,PA8,Glasgow
greetin',55.30958820598936,-2.955828220065347,1665037884,4473,1979,43,Male,Y,1493,Hawick,"Scottish Borders",TD9,Borders
greetin',55.5040108702259,-2.502943330928395,1665038132,4474,1996,26,Female,Y,1483,Ancrum,"Scottish Borders",TD8,Borders
greetin',56.66443970380927,-2.786676715479366,1665038369,4475,1971,51,Female,Y,179,Forfar,Angus,DD8,"Tayside and Angus (Dundee)"
greetin',55.40683364796488,-4.647142258539857,1665038622,4478,1962,60,Female,Y,856,"Ayr (Centre)","South Ayrshire",KA7,Ayrshire
greetin',55.57044479292253,-3.564487815913189,1665038894,4479,1999,23,Female,Y,1170,Biggar,"South Lanarkshire",ML12,Glasgow
greetin',56.90264107677016,-3.2207381842374536,1665038899,4430,1969,53,Male,Y,179,Forfar,Angus,DD8,"Tayside and Angus (Dundee)"
greetin',55.83684797667392,-4.194205341353835,1665038903,4481,1960,62,Male,N,628,"Balornock, Glasgow",Glasgow,"Glasgow Northeast",Glasgow
greetin',55.840417550862355,-3.9743387544461264,1665039133,833,1966,56,Male,Y,1192,Airdrie,"North Lanarkshire",ML6,Glasgow
greetin',56.001369200383934,-2.749028821987411,1665039537,4484,1982,40,Male,Y,355,"North Berwick","East Lothian",EH39,"Lothian (Edinburgh)"
greetin',55.814655541830156,-4.118424923357684,1665039755,4486,1967,55,Female,Y,529,Cambuslang,"South Lanarkshire",G72,Glasgow
greetin',55.876850577316986,-3.1331583635219467,1665039876,4488,1995,27,Other,Y,325,"Niddrie, Edinburgh",Edinburgh,"Edinburgh Southeast","Lothian (Edinburgh)"
greetin',55.875748251738514,-4.229543456696566,1665040294,4492,1956,66,Male,N,634,"Maryhill, Glasgow",Glasgow,"Glasgow Northeast",Glasgow
greetin',55.570984294281544,-4.654244279875273,1665040347,4493,1990,32,Female,Y,785,"Irvine (east, south: Perceton, Lawthorn, Girdle Toll, Stanecastle, Bourtreehill, Broomlands, Dreghorn, Springside)","North Ayrshire",KA11,Ayrshire
greetin',56.48247699162839,-2.9329883819888343,1665040524,4494,1948,74,Female,Y,254,"Douglas, Dundee",Dundee,"Dundee North","Tayside and Angus (Dundee)"
greetin',56.47256828576707,-2.972332220669779,1665040868,4498,1991,31,Male,N,244,"Stobswell, Dundee",Dundee,"Dundee Central","Tayside and Angus (Dundee)"
greetin',55.06731179493071,-3.500561782268715,1665041074,4499,1961,61,Female,N,186,"Dumfries (centre and east: Dalscone, Georgetown, Heathhall, Kingholm Quay, Noblehill, The Crichton)","Dumfries and Galloway",DG1,"Dumfries and Galloway"
greetin',56.49083575401247,-3.0173302987857684,1665041313,4501,1945,77,Female,N,242,"St Marys, Dundee",Dundee,"Dundee Central","Tayside and Angus (Dundee)"
greetin',55.70210414556884,-4.1963460430442225,1665041430,4502,1988,34,Male,N,533,Auldhouse,"South Lanarkshire",G75,Glasgow
greetin',55.68685637505055,-3.6766227080410014,1665041728,4503,1967,55,Male,Y,1167,Lanark,"South Lanarkshire",ML11,Glasgow
greetin',55.313534085472284,-4.695594663783037,1665041783,4504,1973,49,Male,Y,806,Maybole,"South Ayrshire",KA19,Ayrshire
greetin',56.05907448239579,-2.738780660066996,1665041915,4505,1945,77,Female,N,355,"North Berwick","East Lothian",EH39,"Lothian (Edinburgh)"
greetin',55.86452309366019,-3.4985522037305365,1665042241,4508,1989,33,Female,Y,375,Livingston,"West Lothian",EH54,"Lothian (Edinburgh)"
greetin',55.90875648168106,-3.2725025761563122,1665042323,4507,1998,24,Female,Y,314,"Morningside, Edinburgh",Edinburgh,"Edinburgh South","Lothian (Edinburgh)"
greetin',56.45795958894699,-2.9770044511388787,1665042456,4509,1982,40,Male,Y,261,"Westend, Dundee",Dundee,"Dundee West","Tayside and Angus (Dundee)"
greetin',56.739805683992,-2.4663969721397625,1665042490,4511,1998,24,Female,Y,137,Inverbervie,Aberdeenshire,DD10,"Tayside and Angus (Dundee)"
greetin',57.64338432321429,-3.129932392096758,1665042641,4512,2001,21,Female,Y,739,Fochabers,Moray,IV32,"North East (Aberdeen)"
greetin',55.898914325442185,-3.9586247486733357,1665042708,4515,1987,35,Male,Y,1192,Airdrie,"North Lanarkshire",ML6,Glasgow
greetin',57.70326334902023,-3.303856000721816,1665042805,4517,2000,22,Male,Y,738,Lossiemouth,Moray,IV31,"North East (Aberdeen)"
greetin',55.85326823128082,-4.461017948333594,1665043104,4523,1977,45,Male,Y,1248,Linwood,Renfrewshire,PA3,Glasgow
greetin',55.88676044621116,-3.1874130745872136,1665043131,4519,1958,64,Male,Y,313,"Colinton, Edinburgh",Edinburgh,"Edinburgh South","Lothian (Edinburgh)"
greetin',55.85244990957534,-4.383514180988557,1665043257,4365,1980,42,Male,N,1220,"Paisley (central, east and north east: Ferguslie, Oldhall, Seedhill, Williamsburgh, Whitehaugh)",Renfrewshire,PA1,Glasgow
greetin',55.85572777856242,-4.061821119590087,1665043278,4527,1982,40,Female,Y,617,"Dalmarnock, Glasgow",Glasgow,"Glasgow Northeast",Glasgow
greetin',55.34527039593789,-4.726693074282206,1665043593,4525,1998,24,Male,Y,806,Maybole,"South Ayrshire",KA19,Ayrshire
greetin',56.48202433218095,-3.0226273061720357,1665043995,4530,1966,56,Female,Y,236,"Lochee, Dundee",Dundee,"Dundee Central","Tayside and Angus (Dundee)"
greetin',56.10880699181637,-3.420888895882596,1665044608,4534,1943,79,Male,Y,1096,"Dunfermline (centre, north, west: Abbey Parks, Lady's Mill, Garvock, Headwell, Kingseathill, Wellwood, Milesmark, Baldridge, Pittencrieff, Baldridgeburn)",Fife,KY12,Fife
greetin',56.04135223373277,-3.8643542913482984,1665044940,4539,1998,24,Female,Y,449,Larbert,Falkirk,FK5,"Stirling and Falkirk"
greetin',55.753907478625536,-4.4673652287572025,1665045402,4541,1990,32,Female,N,540,Barrhead,"East Renfrewshire",G78,Glasgow
greetin',55.77936100214266,-4.755922283450401,1665045628,4542,1976,46,Female,Y,815,Dalry,"North Ayrshire",KA24,Ayrshire
greetin',55.49195864512739,-5.27083480924203,1665045743,4543,1964,58,Male,Y,827,"Isle of Arran","North Ayrshire",KA27,Ayrshire
greetin',55.82790556238839,-4.234337075455434,1665045847,4545,1981,41,Female,Y,681,"Nitshill, Glasgow",Glasgow,"Glasgow Southwest",Glasgow
greetin',57.098325030635664,-2.253436750675445,1665046062,4546,1978,44,Male,Y,128,"Mannofield, Aberdeen",Aberdeen,"Aberdeen Southwest","North East (Aberdeen)"
greetin',56.49937814344005,-2.9673292616402147,1665046193,4549,1953,69,Female,N,255,"Fintry, Dundee",Dundee,"Dundee North","Tayside and Angus (Dundee)"
greetin',55.43646131720518,-4.6687053640329115,1665046307,4550,1967,55,Male,Y,856,"Ayr (Centre)","South Ayrshire",KA7,Ayrshire
greetin',55.885977220524516,-4.352048378703931,1665046325,4548,1972,50,Male,Y,591,"Hillhead, Glasgow",Glasgow,"Glasgow Kelvin",Glasgow
greetin',56.00791075766235,-3.998720937875189,1665046470,4556,1954,68,Male,Y,452,Denny,Falkirk,FK6,"Stirling and Falkirk"
greetin',55.597251412656604,-3.115503301360488,1665046495,4554,1987,35,Male,Y,361,Innerleithen,"Scottish Borders",EH44,Borders
greetin',55.95577911797298,-4.014845073815351,1665046598,4560,1990,32,Female,Y,517,"Cumbernauld (north: Balloch, Eastfield, Carrickstone, Smithstone, Blackwood, Westfield)","North Lanarkshire",G68,Glasgow
greetin',56.24973303651475,-3.1215167223455556,1665046616,4558,1978,44,Other,Y,1105,Cupar,Fife,KY15,Fife
greetin',55.67227892008359,-3.9632612253956214,1665046634,4559,1955,67,Male,N,1217,Larkhall,"North Lanarkshire",ML9,Glasgow
greetin',56.48630415919224,-2.926932451002515,1665046741,4555,1956,66,Female,N,252,"Linlathen and Midcraigie, Dundee",Dundee,"Dundee North","Tayside and Angus (Dundee)"
greetin',57.202274025640136,-2.1851978858792838,1665046960,4562,1971,51,Female,N,115,"Grandholm, Aberdeen",Aberdeen,"Aberdeen North","North East (Aberdeen)"
greetin',55.88244941983693,-4.254412875340854,1665047764,4565,1949,73,Female,N,606,"Cranhill, Glasgow",Glasgow,"Glasgow Northeast",Glasgow
greetin',55.173129324257324,-4.643136554252732,1665048878,4573,1984,38,Female,Y,824,Girvan,"South Ayrshire",KA26,Ayrshire
greetin',55.818567202622205,-3.75712222896688,1665048895,4574,1974,48,Female,N,366,Whitburn,"West Lothian",EH47,"Lothian (Edinburgh)"
greetin',55.88479139240728,-4.22600454025033,1665048937,4572,1977,45,Female,Y,612,"Easterhouse, Glasgow",Glasgow,"Glasgow Northeast",Glasgow
greetin',55.73742156435949,-3.8943537479621977,1665049794,4582,1983,39,Female,Y,1212,Carluke,"South Lanarkshire",ML8,Glasgow
greetin',55.83161854131341,-3.919053378582563,1665049957,4583,1961,61,Female,N,1151,Motherwell,"North Lanarkshire",ML1,Glasgow
greetin',57.65273828999935,-3.195598534823411,1665050295,4589,1978,44,Female,Y,737,Elgin,Moray,IV30,"North East (Aberdeen)"
greetin',57.11450868433483,-2.1872348208666335,1665050549,4590,1982,40,Male,Y,130,"Ferryhill, Aberdeen",Aberdeen,"Aberdeen Southwest","North East (Aberdeen)"
greetin',57.19819239980046,-2.5204142693582643,1665050626,4592,1958,64,Male,Y,65,Kemnay,Aberdeenshire,AB51,"North East (Aberdeen)"
greetin',55.88259635179968,-4.471595200515173,1665050654,4593,1963,59,Male,Y,1264,Renfrew,Renfrewshire,PA4,Glasgow
greetin',57.12123577869184,-2.2674217989904584,1665050784,4590,1982,40,Male,Y,130,"Ferryhill, Aberdeen",Aberdeen,"Aberdeen Southwest","North East (Aberdeen)"
greetin',56.47554389571053,-2.891438024785269,1665050816,4595,1957,65,Female,Y,247,"Broughty Ferry, Dundee",Dundee,"Dundee East","Tayside and Angus (Dundee)"
greetin',55.81565560342295,-5.078412731416855,1665051118,4596,1956,66,Female,Y,1237,"Isle of Bute","Argyll and Bute",PA20,"Argyll and Bute"
greetin',55.8914483994198,-3.5467756612963557,1665051135,4597,2002,20,Female,Y,375,Livingston,"West Lothian",EH54,"Lothian (Edinburgh)"
greetin',56.00191868936419,-3.898432439736248,1665051383,4598,1955,67,Female,N,447,"High Bonnybridge",Falkirk,FK4,"Stirling and Falkirk"
greetin',55.874456612821405,-4.301889696460394,1665051498,4601,1954,68,Male,Y,644,"Partick, Glasgow",Glasgow,"Glasgow Northwest",Glasgow
greetin',55.97049677136372,-3.983962006025458,1665051616,4603,1995,27,Female,Y,517,"Cumbernauld (north: Balloch, Eastfield, Carrickstone, Smithstone, Blackwood, Westfield)","North Lanarkshire",G68,Glasgow
greetin',55.74659433033776,-4.200735661436586,1665051637,4604,1974,48,Female,N,534,"East Kilbride (south: Hairmyres, Westwood, The Murray, Murray East, Whitehills, Greenhill, Newlandsmuir, Gardenhall, Crosshouse, Newlands, Lindsayfield, Mossneuk)","South Lanarkshire",G75,Glasgow
greetin',55.84564604681325,-4.6151016892370835,1665051862,4605,1996,26,Male,Y,1224,"Bridge of Weir",Renfrewshire,PA11,Glasgow
greetin',55.90264626085542,-3.592123798088366,1665052035,4610,1996,26,Female,Y,375,Livingston,"West Lothian",EH54,"Lothian (Edinburgh)"
greetin',55.73011208027462,-4.142588720947725,1665052094,4609,1997,25,Female,Y,534,"East Kilbride (south: Hairmyres, Westwood, The Murray, Murray East, Whitehills, Greenhill, Newlandsmuir, Gardenhall, Crosshouse, Newlands, Lindsayfield, Mossneuk)","South Lanarkshire",G75,Glasgow
greetin',55.603892183327225,-4.433789032474145,1665052118,4440,1973,49,Female,N,779,"Kilmarnock (centre and south: Bonnyton, Grange, Bellfield, Shortlees, Caprington, Riccarton, Hurlford)","East Ayrshire",KA1,Ayrshire
greetin',55.925917439106996,-3.6557300354181947,1665052308,4613,1990,32,Male,Y,367,Armadale,"West Lothian",EH48,"Lothian (Edinburgh)"
greetin',55.875418249933276,-3.3239994218046673,1665052364,4614,1994,28,Female,Y,310,"Balerno, Edinburgh",Edinburgh,"Edinburgh South","Lothian (Edinburgh)"
greetin',55.25651037620267,-4.413018750453192,1665052405,4617,1987,35,Male,N,852,Dalmellington,"East Ayrshire",KA6,Ayrshire
greetin',57.46278093339968,-1.8978202870819576,1665052478,4616,1976,46,Male,N,54,Peterhead,Aberdeenshire,AB42,"North East (Aberdeen)"
greetin',55.48629109690607,-5.14268654415462,1665052482,4612,1955,67,Male,Y,827,"Isle of Arran","North Ayrshire",KA27,Ayrshire
greetin',60.74653983220769,-0.8870372230819252,1665052536,4619,1992,30,Female,N,1505,Baltasound,"Shetland Isles",ZE2,"Shetland Islands"
greetin',55.956188706751384,-3.771219057627815,1665052641,4623,1986,36,Male,Y,377,"Falkirk (centre and south: Arnothill, Bantaskin, Callendar Park, Glen Village, Hallglen, Lionthorn, Tamfourhill, Woodlands)",Falkirk,FK1,"Stirling and Falkirk"
greetin',56.74861619872085,-3.0972396219152,1665052681,4624,1990,32,Female,Y,179,Forfar,Angus,DD8,"Tayside and Angus (Dundee)"
greetin',55.90241205029787,-4.539273622657592,1665052896,4629,1995,27,Female,Y,1278,Houston,Renfrewshire,PA6,Glasgow
greetin',55.904826813921154,-4.184404327506384,1665052897,4627,1982,40,Male,Y,598,Rutherglen,"South Lanarkshire","Glasgow Northeast",Glasgow
greetin',56.138384353542136,-5.561718197602289,1665053122,4626,2006,16,Male,School,1254,Lochgilphead,"Argyll and Bute",PA31,"Argyll and Bute"
greetin',55.88286964534556,-4.274852597077337,1665053128,4633,1978,44,Male,Y,605,"Ruchazie, Glasgow",Glasgow,"Glasgow Northeast",Glasgow
greetin',55.81211857548384,-4.007308359803998,1665053240,4632,1960,62,Female,Y,1186,Bellshill,"North Lanarkshire",ML4,Glasgow
greetin',57.43813620217622,-3.885566171872335,1665053388,4635,1976,46,Male,Y,702,Auldearn,Highland,IV12,"Highlands (Inverness)"
greetin',55.86208967429263,-4.191588177159445,1665053395,4631,1984,38,Female,Y,598,Rutherglen,"South Lanarkshire","Glasgow Northeast",Glasgow
greetin',56.25131492950548,-5.470590270787393,1665053532,4638,1964,58,Female,Y,1257,Oban,"Argyll and Bute",PA34,"Argyll and Bute"
greetin',57.159251543216456,-4.617948985055037,1665053573,4639,1987,35,Female,Y,714,"Inverness (east: Culcabock, Crown, Culduthel, Drummond, Haugh, Hilton, Holm, Lochardil, Millburn, Raigmore)",Highland,IV2,"Highlands (Inverness)"
greetin',57.305003491222415,-2.181423556428056,1665053577,4640,1988,34,Male,Y,49,Ellon,Aberdeenshire,AB41,"North East (Aberdeen)"
greetin',55.91548148937061,-4.385759156288973,1665053876,4643,1983,39,Female,N,641,"Knightswood, Glasgow",Glasgow,"Glasgow Northwest",Glasgow
greetin',57.41673373013226,-4.158888595753795,1665054057,4644,1983,39,Male,Y,713,Culloden,Highland,IV2,"Highlands (Inverness)"
greetin',55.434558572887994,-4.648498625923887,1665054260,4646,1961,61,Male,Y,856,"Ayr (Centre)","South Ayrshire",KA7,Ayrshire
greetin',57.126172953018205,-2.1329393097105283,1665054288,4645,1968,54,Male,Y,127,"Torry, Aberdeen",Aberdeen,"Aberdeen Southeast","North East (Aberdeen)"
greetin',57.1361026522966,-2.224672943066037,1665054470,4649,1990,32,Female,Y,124,Newmachar,Aberdeenshire,"Aberdeen North","North East (Aberdeen)"
greetin',55.87538887124005,-4.237611674013988,1665054476,4648,1968,54,Female,Y,598,Rutherglen,"South Lanarkshire","Glasgow Northeast",Glasgow
greetin',55.54060507012691,-4.184093022260427,1665054529,4650,1971,51,Other,Y,798,Cumnock,"East Ayrshire",KA18,Ayrshire
greetin',55.993532113063274,-3.643349486960973,1665054626,4653,1992,30,Female,Y,369,Linlithgow,"West Lothian",EH49,"Lothian (Edinburgh)"
greetin',56.46331221534648,-3.0123192596915342,1665054633,4652,1992,30,Male,Y,261,"Westend, Dundee",Dundee,"Dundee West","Tayside and Angus (Dundee)"
greetin',55.39177987498216,-3.2066082221786116,1665054705,4654,1989,33,Male,Y,1479,Selkirk,"Scottish Borders",TD7,Borders
greetin',56.187800705518804,-3.4587690308478707,1665055127,4657,1967,55,Male,Y,1098,Kinross,"Perth and Kinross",KY13,Fife
greetin',55.44007115933046,-4.623329250888716,1665055178,4634,1997,25,Male,Y,856,"Ayr (Centre)","South Ayrshire",KA7,Ayrshire
greetin',55.9583685742944,-4.257730965144897,1665055209,4659,1978,44,Other,Y,502,Bishopbriggs,"East Dunbartonshire",G64,Glasgow
greetin',55.25516166885557,-2.6845114585913974,1665055422,4658,1970,52,Male,Y,1493,Hawick,"Scottish Borders",TD9,Borders
greetin',55.426204747285865,-4.427716926565101,1665055588,4661,1979,43,Female,Y,798,Cumnock,"East Ayrshire",KA18,Ayrshire
greetin',57.640713605873124,-2.302471601887682,1665055722,4664,1963,59,Male,N,59,Banff,Aberdeenshire,AB45,"North East (Aberdeen)"
greetin',57.61902105990304,-3.4303398812955392,1665056594,4670,1992,30,Female,Y,737,Elgin,Moray,IV30,"North East (Aberdeen)"
greetin',55.931448504007804,-4.056216469004186,1665056837,4671,2000,22,Male,Y,517,"Cumbernauld (north: Balloch, Eastfield, Carrickstone, Smithstone, Blackwood, Westfield)","North Lanarkshire",G68,Glasgow
greetin',57.6212049029438,-3.282704889498503,1665056950,4673,1990,32,Male,N,737,Elgin,Moray,IV30,"North East (Aberdeen)"
greetin',57.344658201390615,-3.1105736081045885,1665057180,4678,1971,51,Female,N,88,Keith, Moray,AB55,"North East (Aberdeen)"
greetin',55.37975837025948,-4.403534468572702,1665057310,4677,1979,43,Male,Y,851,Coylton,"South Ayrshire",KA6,Ayrshire
greetin',55.764183248646816,-3.9855930147062635,1665058294,4683,1976,46,Female,Y,1183,Hamilton,"South Lanarkshire",ML3,Glasgow
greetin',55.90015578508288,-4.3281783988788805,1665058512,4685,1974,48,Male,N,488,Bearsden,"East Dunbartonshire",G61,Glasgow
greetin',55.954824714026195,-2.5571157565186824,1665058683,4686,1979,43,Female,Y,359,Dunbar,"East Lothian",EH42,"Lothian (Edinburgh)"
greetin',55.90471942243112,-3.2286030041761475,1665059114,4690,1983,39,Male,Y,305,"Oxgangs, Edinburgh",Edinburgh,"Edinburgh Oxgangs","Lothian (Edinburgh)"
greetin',55.913765219973456,-4.050792336497972,1665059281,3749,1994,28,Female,Y,1189,Coatbridge,"North Lanarkshire",ML5,Glasgow
greetin',57.66986071275186,-2.1276319753488884,1665059777,4692,1976,46,Female,Y,57,Fraserburgh,Aberdeenshire,AB43,"North East (Aberdeen)"
greetin',56.08625703296817,-3.274672354357571,1665060270,4697,1998,24,Female,Y,1117,"Kirkcaldy (west: Hayfield, Templehall, Newliston, Chapel, Dunnikier, Bennochy)",Fife,KY2,Fife
greetin',58.03050039205998,-4.033013586321645,1665060497,4693,1996,26,Female,Y,902,Golspie,Highland,KW10,"Highlands (Inverness)"
greetin',58.37184310464832,-3.5036731863450843,1665061105,4699,1992,30,Male,Y,913,Halkirk,Highland,KW12,"Highlands (Inverness)"
greetin',56.210107748871614,-2.9579445440115952,1665061475,4702,1975,47,Female,N,1140,Leven,Fife,KY8,Fife
greetin',56.30918369704847,-3.3896818576460332,1665061739,4704,1967,55,Female,N,1354,"Perth (south and east: Barnhill, Bridgend, Craigie, Kincarrathie, Upper Craigie)","Perth and Kinross",PH2,Fife
greetin',58.53081683939631,-4.3340215860150435,1665062327,4706,1963,59,Female,Y,961,Thurso,Highland,KW14,"Highlands (Inverness)"
greetin',56.21866030253803,-3.1845275704251508,1665062732,4708,1958,64,Female,N,1129,"Glenrothes (west: Caskieberran, Rimbleton, Macedonia, Tanshall)",Fife,KY6,Fife
greetin',55.85001619818602,-4.255784218591376,1665062810,4628,1991,31,Male,Y,678,"Cardonald, Glasgow",Glasgow,"Glasgow Southwest",Glasgow
greetin',55.71874267920231,-4.181642961490599,1665063636,4710,1979,43,Female,Y,534,"East Kilbride (south: Hairmyres, Westwood, The Murray, Murray East, Whitehills, Greenhill, Newlandsmuir, Gardenhall, Crosshouse, Newlands, Lindsayfield, Mossneuk)","South Lanarkshire",G75,Glasgow
greetin',57.57824384694986,-2.266294200617697,1665064335,4712,1979,43,Female,Y,57,Fraserburgh,Aberdeenshire,AB43,"North East (Aberdeen)"
greetin',55.89899812731586,-4.365145988783603,1665065445,4715,1972,50,Female,N,644,"Partick, Glasgow",Glasgow,"Glasgow Northwest",Glasgow
greetin',55.79905649335774,-4.0105871230465295,1665065671,4716,1981,41,Male,Y,1151,Motherwell,"North Lanarkshire",ML1,Glasgow
greetin',60.328914935008584,-1.4557623544315343,1665066027,4695,1989,33,Female,Y,1587,Ollaberry,"Shetland Isles",ZE2,"Shetland Islands"
greetin',56.14650861462751,-3.504221034613593,1665066062,4717,1970,52,Male,Y,1096,"Dunfermline (centre, north, west: Abbey Parks, Lady's Mill, Garvock, Headwell, Kingseathill, Wellwood, Milesmark, Baldridge, Pittencrieff, Baldridgeburn)",Fife,KY12,Fife
greetin',60.14468524058326,-1.2442439638633185,1665066869,4721,1985,37,Female,N,1500,Lerwick,"Shetland Isles",ZE1,"Shetland Islands"
greetin',55.9293570844481,-4.034767229912927,1665066942,4723,1969,53,Female,Y,514,"Cumbernauld (south: Condorrat, Lenziemill, Carbrain, Kildrum, Cumbernauld Village, Abronhill, Seafar)","North Lanarkshire",G67,Glasgow
greetin',55.77288683220985,-4.081877287862477,1665067232,4722,1945,77,Male,Y,1183,Hamilton,"South Lanarkshire",ML3,Glasgow
greetin',55.97031016070287,-3.1673595038659745,1665067653,4728,1947,75,Female,Y,285,"Leith, Edinburgh",Edinburgh,"Edinburgh Leith","Lothian (Edinburgh)"
greetin',55.81716717513119,-4.06553377030675,1665070066,4732,1990,32,Female,Y,526,Viewpark,"North Lanarkshire",G71,Glasgow
greetin',55.832329426074885,-3.1804608123020723,1665070165,4735,1994,28,Female,School,342,Roslin,Midlothian,EH25,"Lothian (Edinburgh)"
greetin',57.142975510696324,-4.920137891328174,1665070410,4737,1973,49,Female,Y,772,Drumnadrochit,Highland,IV63,"Highlands (Inverness)"
greetin',55.93489468062101,-3.281044267478008,1665070908,4739,1953,69,Male,Y,298,"Inverleith, Edinburgh",Edinburgh,"Edinburgh North","Lothian (Edinburgh)"
greetin',57.13104129946562,-2.1115925787458774,1665071569,4743,1950,72,Male,N,126,"Bridge of Dee, Aberdeen",Aberdeen,"Aberdeen Southeast","North East (Aberdeen)"
greetin',55.884334131671515,-3.166186298202196,1665071640,4744,1981,41,Female,Y,329,Loanhead,Midlothian,EH20,"Lothian (Edinburgh)"
greetin',55.92191179421989,-4.315557142543184,1665071773,4745,1959,63,Female,Y,488,Bearsden,"East Dunbartonshire",G61,Glasgow
greetin',55.81142756924073,-4.056443374619545,1665072836,4750,2000,22,Female,Y,525,Uddingston,"South Lanarkshire",G71,Glasgow
greetin',55.83420127566923,-4.055542415575515,1665073207,4752,1993,29,Female,Y,526,Viewpark,"North Lanarkshire",G71,Glasgow
greetin',56.466462942383565,-3.0208651455192395,1665073499,4753,1987,35,Female,Y,238,"Menzieshill, Dundee",Dundee,"Dundee Central","Tayside and Angus (Dundee)"
greetin',57.13504937912253,-2.2605232836944795,1665074165,4757,1993,29,Female,Y,113,"Bridge of Don, Aberdeen",Aberdeen,"Aberdeen North","North East (Aberdeen)"
greetin',56.479740232600605,-3.0112021077640394,1665074191,4758,1968,54,Female,Y,236,"Lochee, Dundee",Dundee,"Dundee Central","Tayside and Angus (Dundee)"
greetin',55.80019360997781,-3.750575169667954,1665074692,1157,1976,46,Male,N,364,Fauldhouse,"West Lothian",EH47,"Lothian (Edinburgh)"
greetin',55.724696056162706,-4.514271146049332,1665075640,4762,1964,58,Male,Y,835,Fenwick,"East Ayrshire",KA3,Ayrshire
greetin',55.52337364507849,-4.622492284981337,1665075915,4763,2007,15,Male,N,873,Prestwick,"South Ayrshire",KA9,Ayrshire
greetin',55.951867483911734,-3.885790283333846,1665076442,4759,1996,26,Male,Y,514,"Cumbernauld (south: Condorrat, Lenziemill, Carbrain, Kildrum, Cumbernauld Village, Abronhill, Seafar)","North Lanarkshire",G67,Glasgow
greetin',55.63398877939013,-3.8282756098731348,1665076764,4765,2004,18,Female,Y,1167,Lanark,"South Lanarkshire",ML11,Glasgow
greetin',55.609895607490444,-4.663024475244458,1665077424,4767,1968,54,Female,Y,787,"Irvine (centre: Castlepark, Tarryholme)","North Ayrshire",KA12,Ayrshire
greetin',55.863799779562655,-4.233227362845866,1665078381,4772,1976,46,Female,N,625,"Parkhead, Glasgow",Glasgow,"Glasgow Northeast",Glasgow
greetin',56.61527741355135,-2.86576466955132,1665078463,4768,1994,28,Female,Y,179,Forfar,Angus,DD8,"Tayside and Angus (Dundee)"
greetin',55.86675107855283,-4.179194087250489,1665079964,4781,1977,45,Female,Y,612,"Easterhouse, Glasgow",Glasgow,"Glasgow Northeast",Glasgow
greetin',57.65179778976934,-2.250327379781567,1665080143,4782,1995,27,Female,Y,57,Fraserburgh,Aberdeenshire,AB43,"North East (Aberdeen)"
greetin',55.88443898662191,-4.468651667175169,1665080148,4784,1952,70,Female,Y,1264,Renfrew,Renfrewshire,PA4,Glasgow
greetin',56.514710100494455,-3.4959683137001654,1665080154,4785,1993,29,Male,Y,1313,"Perth (north and west: Burghmuir, Cherrybank, Hillyland, Inveralmond, Lethom, Muirton, North Muirton, Tulloch)","Perth and Kinross",PH1,Fife
greetin',55.92097589817452,-4.594687588035834,1665081198,4791,1982,40,Male,N,1229,"Port Glasgow",Inverclyde,PA14,Glasgow
greetin',55.35055708551859,-5.537216373948423,1665081214,4796,2002,20,Male,N,1246,Campbeltown,"Argyll and Bute",PA28,"Argyll and Bute"
greetin',55.627376146759495,-2.6088087206850283,1665081251,4797,1981,41,Female,Y,1470,"St Boswells","Scottish Borders",TD6,Borders
greetin',55.80540468116187,-4.36183621308533,1665081257,4795,1964,58,Female,Y,669,"Kennishead, Glasgow",Glasgow,"Glasgow Southwest",Glasgow
greetin',55.88598237482785,-4.340364809666856,1665082027,4800,1985,37,Female,Y,590,"Hyndland, Glasgow",Glasgow,"Glasgow Kelvin",Glasgow
greetin',55.1733426400383,-3.2607159148722937,1665082168,4803,1992,30,Male,Y,196,Lockerbie,"Dumfries and Galloway",DG11,"Dumfries and Galloway"
greetin',55.83949605510766,-4.424078078512252,1665082189,4802,1992,30,Female,Y,1220,"Paisley (central, east and north east: Ferguslie, Oldhall, Seedhill, Williamsburgh, Whitehaugh)",Renfrewshire,PA1,Glasgow
greetin',55.69013224773721,-4.618008813868415,1665082358,4807,1984,38,Other,Y,788,Kilwinning,"North Ayrshire",KA13,Ayrshire
greetin',55.894297680354605,-4.281033916117868,1665082559,4813,1960,62,Male,N,627,"Dennistoun, Glasgow",Glasgow,"Glasgow Northeast",Glasgow
greetin',57.46884858258642,-2.4349568424021792,1665082584,4811,1988,34,Male,Y,78,Turriff,Aberdeenshire,AB53,"North East (Aberdeen)"
greetin',55.89458690209638,-4.0527952530225475,1665082651,4819,1960,62,Female,Y,1189,Coatbridge,"North Lanarkshire",ML5,Glasgow
greetin',55.473453959734385,-4.616929862413434,1665082675,4815,1977,45,Other,Y,865,Dalmilling,"South Ayrshire",KA8,Ayrshire
greetin',54.89125400660549,-4.192958484215789,1665082783,4821,1965,57,Male,Y,220,"Castle Douglas","Dumfries and Galloway",DG7,"Dumfries and Galloway"
greetin',57.16837126431667,-2.12369980067304,1665083060,4829,1971,51,Female,Y,107,"Rosemount, Aberdeen",Aberdeen,"Aberdeen Central","North East (Aberdeen)"
greetin',55.89295351177067,-2.9650790941041083,1665083106,4827,1959,63,Male,Y,336,Newtongrange,Midlothian,EH22,"Lothian (Edinburgh)"
greetin',55.65058778109705,-4.818442827342633,1665083112,4828,1984,38,Male,Y,813,Ardrossan,"North Ayrshire",KA22,Ayrshire
greetin',55.837197937337876,-4.501381407259811,1665083209,4834,1979,43,Female,N,1276,Johnstone,Renfrewshire,PA5,Glasgow
greetin',56.21726424585504,-3.2449340351551417,1665083374,4838,1961,61,Male,Y,1129,"Glenrothes (west: Caskieberran, Rimbleton, Macedonia, Tanshall)",Fife,KY6,Fife
greetin',55.82996594592928,-4.307467715978229,1665083501,4845,1969,53,Male,Y,647,"Pollokshields, Glasgow",Glasgow,"Glasgow South",Glasgow
greetin',55.87190232778145,-4.289556542258566,1665083561,4847,1985,37,Male,Y,585,"Kelvindale, Glasgow",Glasgow,"Glasgow Kelvin",Glasgow
greetin',56.227539066545916,-3.1996290054003445,1665083582,4838,1961,61,Male,Y,1129,"Glenrothes (west: Caskieberran, Rimbleton, Macedonia, Tanshall)",Fife,KY6,Fife
greetin',55.94893311822835,-3.1700605557588672,1665083849,4856,1980,42,Male,Y,280,"Duddingston, Edinburgh",Edinburgh,"Edinburgh Duddingston","Lothian (Edinburgh)"
greetin',57.237791572513004,-2.482884778567308,1665083922,4859,1990,32,Male,Y,64,Inverurie,Aberdeenshire,AB51,"North East (Aberdeen)"
greetin',57.477500004806814,-3.646435062448009,1665083991,4862,1985,37,Male,Y,740,Forres,Moray,IV36,"North East (Aberdeen)"
greetin',56.205462473929195,-3.2740544373239815,1665084007,4864,1972,50,Female,Y,1130,Leslie,Fife,KY6,Fife
greetin',55.819803100483156,-4.011600084005502,1665084135,4836,1966,56,Male,Y,1186,Bellshill,"North Lanarkshire",ML4,Glasgow
greetin',55.794323418941914,-4.319418578576862,1665084148,4861,1999,23,Female,Y,659,"Deaconsbank, Glasgow",Glasgow,"Glasgow South",Glasgow
greetin',55.68629889572735,-3.1444681973867916,1665084278,4866,1985,37,Female,Y,362,Peebles,"Scottish Borders",EH45,Borders
greetin',57.29795024501555,-2.85985816327342,1665084598,4868,1954,68,Male,N,79,Aberchirder,Aberdeenshire,AB54,"North East (Aberdeen)"
greetin',57.47303358883167,-4.110451825133774,1665084601,4871,1998,24,Male,Y,714,"Inverness (east: Culcabock, Crown, Culduthel, Drummond, Haugh, Hilton, Holm, Lochardil, Millburn, Raigmore)",Highland,IV2,"Highlands (Inverness)"
greetin',55.50009535193128,-4.243322341774361,1665084609,4872,2004,18,Male,N,846,Mauchline,"East Ayrshire",KA5,Ayrshire
greetin',56.14383663601127,-3.8589388507041082,1665084647,4870,1972,50,Female,Y,392,Menstrie,Clackmannanshire,FK11,"Stirling and Falkirk"
greetin',55.869233674335504,-3.32682234075653,1665084687,4873,1998,24,Other,Y,310,"Balerno, Edinburgh",Edinburgh,"Edinburgh South","Lothian (Edinburgh)"
greetin',55.762699985759035,-4.253547545737772,1665084766,1888,1969,53,Female,Y,530,"East Kilbride (north: The Village, East Mains, West Mains, Lymekilns, St Leonards, Calderwood, Nerston, Stewartfield, Peel Park)","South Lanarkshire",G74,Glasgow
greetin',55.98543629776628,-3.191233143304469,1665084956,4879,1964,58,Female,Y,285,"Leith, Edinburgh",Edinburgh,"Edinburgh Leith","Lothian (Edinburgh)"
greetin',58.49178194798919,-3.167524158105118,1665085347,4893,1964,58,Male,Y,897,Watten,Highland,KW1,"Highlands (Inverness)"
greetin',56.46303451008322,-3.010473379952744,1665085369,4892,1991,31,Female,Y,261,"Westend, Dundee",Dundee,"Dundee West","Tayside and Angus (Dundee)"
greetin',56.28773072056207,-3.5555571408508624,1665085484,4895,1988,34,Female,Y,1353,Scone,"Perth and Kinross",PH2,Fife
greetin',55.774381805206296,-4.1599769935920135,1665085533,4896,1995,27,Female,N,530,"East Kilbride (north: The Village, East Mains, West Mains, Lymekilns, St Leonards, Calderwood, Nerston, Stewartfield, Peel Park)","South Lanarkshire",G74,Glasgow
greetin',55.964996967510736,-3.1946613824189076,1665085560,4899,1986,36,Female,Y,287,"Corstorphine, Edinburgh",Edinburgh,"Edinburgh North","Lothian (Edinburgh)"
greetin',56.454362115520354,-2.9960938426717365,1665085766,4892,1991,31,Female,Y,261,"Westend, Dundee",Dundee,"Dundee West","Tayside and Angus (Dundee)"
greetin',57.70291083827726,-3.4393898199272113,1665085972,4907,1967,55,Female,N,737,Elgin,Moray,IV30,"North East (Aberdeen)"
greetin',55.7347239195538,-4.168874723663753,1665086355,4911,1990,32,Female,Y,534,"East Kilbride (south: Hairmyres, Westwood, The Murray, Murray East, Whitehills, Greenhill, Newlandsmuir, Gardenhall, Crosshouse, Newlands, Lindsayfield, Mossneuk)","South Lanarkshire",G75,Glasgow
greetin',55.75997025937661,-4.1835503718555955,1665086553,4912,1970,52,Male,N,530,"East Kilbride (north: The Village, East Mains, West Mains, Lymekilns, St Leonards, Calderwood, Nerston, Stewartfield, Peel Park)","South Lanarkshire",G74,Glasgow
greetin',55.91009400309123,-4.604720283263072,1665086637,4913,1968,54,Male,Y,1228,Langbank,Renfrewshire,PA14,Glasgow
greetin',55.873314612500394,-4.241557301104978,1665086751,4917,1969,53,Male,Y,631,"Royston, Glasgow",Glasgow,"Glasgow Northeast",Glasgow
greetin',57.35784634310241,-3.0978667495113403,1665086809,4915,1991,31,Female,Y,88,Keith, Moray,AB55,"North East (Aberdeen)"
greetin',55.84081896066335,-4.423910974938699,1665086865,4916,1953,69,Female,Y,1220,"Paisley (central, east and north east: Ferguslie, Oldhall, Seedhill, Williamsburgh, Whitehaugh)",Renfrewshire,PA1,Glasgow
greetin',55.95317389930096,-3.2154179926366284,1665087234,4920,1969,53,Male,Y,290,"North Leith, Edinburgh",Edinburgh,"Edinburgh North","Lothian (Edinburgh)"
greetin',55.88150607106832,-3.3572649306327658,1665087305,4923,1977,45,Male,Y,317,"Marchmont, Edinburgh",Edinburgh,"Edinburgh South","Lothian (Edinburgh)"
greetin',55.90270060392404,-4.040592024054495,1665087435,4925,2004,18,Male,N,1189,Coatbridge,"North Lanarkshire",ML5,Glasgow
greetin',56.110450506511995,-3.494274652690297,1665087490,4927,1961,61,Male,Y,1096,"Dunfermline (centre, north, west: Abbey Parks, Lady's Mill, Garvock, Headwell, Kingseathill, Wellwood, Milesmark, Baldridge, Pittencrieff, Baldridgeburn)",Fife,KY12,Fife
greetin',55.623402966877734,-4.656526020289995,1665087586,4931,1967,55,Male,Y,787,"Irvine (centre: Castlepark, Tarryholme)","North Ayrshire",KA12,Ayrshire
greetin',56.3020721852514,-3.59253811961301,1665087626,4930,1984,38,Male,N,1354,"Perth (south and east: Barnhill, Bridgend, Craigie, Kincarrathie, Upper Craigie)","Perth and Kinross",PH2,Fife
greetin',55.776617169503524,-4.0954384285982846,1665087732,4935,1979,43,Female,Y,529,Cambuslang,"South Lanarkshire",G72,Glasgow
greetin',55.88393232948638,-3.8888879922736717,1665087741,4936,1969,53,Female,Y,1192,Airdrie,"North Lanarkshire",ML6,Glasgow
greetin',55.786908919463265,-3.986556292502828,1665087871,4934,1982,40,Female,Y,1151,Motherwell,"North Lanarkshire",ML1,Glasgow
greetin',56.07197894806361,-3.536839325348719,1665087953,4938,1980,42,Female,N,1096,"Dunfermline (centre, north, west: Abbey Parks, Lady's Mill, Garvock, Headwell, Kingseathill, Wellwood, Milesmark, Baldridge, Pittencrieff, Baldridgeburn)",Fife,KY12,Fife
greetin',58.20912303827695,-6.359947437234166,1665087989,4940,1991,31,Female,Y,686,"Stornoway, Isle of Lewis","Western Isles",HS1,"Western Isles"
greetin',55.70238406051409,-3.9753131930908445,1665088021,4933,1998,24,Female,Y,1183,Hamilton,"South Lanarkshire",ML3,Glasgow
greetin',56.09966930157373,-5.0648390039729865,1665088107,4943,1999,23,Female,Y,1241,Dunoon,"Argyll and Bute",PA23,"Argyll and Bute"
greetin',55.784161439303936,-4.311829925012326,1665088147,4939,1961,61,Female,N,655,"Simshill, Glasgow",Glasgow,"Glasgow South",Glasgow
greetin',56.339629477052135,-3.535475142453044,1665088147,4947,2005,17,Female,School,1354,"Perth (south and east: Barnhill, Bridgend, Craigie, Kincarrathie, Upper Craigie)","Perth and Kinross",PH2,Fife
greetin',55.796594635867294,-4.081538268158396,1665088303,4950,1985,37,Female,Y,528,Blantyre,"South Lanarkshire",G72,Glasgow
greetin',55.887086393055505,-4.3685673420811435,1665088487,4955,1971,51,Male,Y,643,"Anniesland, Glasgow",Glasgow,"Glasgow Northwest",Glasgow
greetin',55.46075205195911,-4.619371544786967,1665088660,4874,1997,25,Male,N,868,"Newton on Ayr","South Ayrshire",KA8,Ayrshire
greetin',55.84476554070281,-3.358425470410097,1665088712,4960,1967,55,Female,N,314,"Morningside, Edinburgh",Edinburgh,"Edinburgh South","Lothian (Edinburgh)"
greetin',55.57323045136914,-4.53253783040821,1665088741,4959,1960,62,Female,Y,779,"Kilmarnock (centre and south: Bonnyton, Grange, Bellfield, Shortlees, Caprington, Riccarton, Hurlford)","East Ayrshire",KA1,Ayrshire
greetin',56.81090761169152,-3.1162883269378896,1665088745,4957,1984,38,Female,Y,179,Forfar,Angus,DD8,"Tayside and Angus (Dundee)"
greetin',55.44512179533849,-2.2974018965694074,1665088832,4964,1981,41,Female,N,1451,Kelso,"Scottish Borders",TD5,Borders
greetin',56.5001914844366,-2.745389579204221,1665088893,4958,1963,59,Male,Y,178,Carnoustie,Angus,DD7,"Tayside and Angus (Dundee)"
greetin',56.00513995631241,-3.650887182491311,1665089239,4966,1967,55,Male,Y,370,Bo'ness,Falkirk,EH51,"Lothian (Edinburgh)"
greetin',55.87686083274583,-4.203143270959875,1665089305,4968,1981,41,Female,N,624,"Springboig, Glasgow",Glasgow,"Glasgow Northeast",Glasgow
greetin',56.01274181255836,-2.8396132768241342,1665089341,4970,1972,50,Female,Y,346,"Cockenzie and Port Seton","East Lothian",EH32,"Lothian (Edinburgh)"
greetin',56.12588654653398,-3.2903616485676337,1665089503,4972,1973,49,Female,Y,1125,Ballingry,Fife,KY5,Fife
greetin',56.16465613825514,-3.3422099046220244,1665089669,4972,1973,49,Female,Y,1125,Ballingry,Fife,KY5,Fife
greetin',55.874762776044356,-4.293190004957704,1665089716,4976,1988,34,Female,Y,588,"Broomhill, Glasgow",Glasgow,"Glasgow Kelvin",Glasgow
greetin',57.073334707531295,-2.321487836097779,1665089844,4979,1990,32,Female,Y,22,Banchory,Aberdeenshire,AB31,"North East (Aberdeen)"
greetin',55.94777569082247,-4.819437995591834,1665089849,4975,1996,26,Male,Y,1235,Gourock,Inverclyde,PA19,Glasgow
greetin',58.25933157080414,-6.715613787155421,1665089919,4982,1990,32,Female,Y,688,"Isle of Lewis","Western Isles (outside of Stornoway)",HS2,"Western Isles"
greetin',56.28150830709867,-2.590838507882317,1665089958,4984,1977,45,Male,N,1086,Anstruther,Fife,KY10,Fife
greetin',56.52015443775545,-2.6915145877804525,1665089985,4978,1964,58,Female,Y,178,Carnoustie,Angus,DD7,"Tayside and Angus (Dundee)"
greetin',55.8533906247281,-4.385554432131557,1665090011,4974,1993,29,Male,Y,1220,"Paisley (central, east and north east: Ferguslie, Oldhall, Seedhill, Williamsburgh, Whitehaugh)",Renfrewshire,PA1,Glasgow
greetin',55.97668943453736,-3.1826802692947487,1665090128,4986,1988,34,Female,Y,287,"Corstorphine, Edinburgh",Edinburgh,"Edinburgh North","Lothian (Edinburgh)"
greetin',56.31005196205524,-4.238395132520224,1665090170,4985,1987,35,Male,Y,414,Strathyre,Stirlingshire,FK18,"Stirling and Falkirk"
greetin',55.9566561390243,-3.6318570326813333,1665090623,4991,1991,31,Female,Y,369,Linlithgow,"West Lothian",EH49,"Lothian (Edinburgh)"
greetin',55.81254549811404,-3.217019060566097,1665090819,4992,1986,36,Female,Y,343,Penicuik,Midlothian,EH26,"Lothian (Edinburgh)"
greetin',55.670800358155766,-4.5016719505556155,1665091157,5002,1975,47,Male,Y,837,"Kilmarnock (north: Onthank, Townholm, Altonhill, Longpark, Beansburn, New Farm Loch, Knockinlaw, Hillhead, Crookedholm)","East Ayrshire",KA3,Ayrshire
greetin',55.81385659935502,-4.313257090117282,1665091163,5001,1987,35,Female,Y,646,"Burnside, Glasgow",Glasgow,"Glasgow South",Glasgow
greetin',55.80962271661994,-4.307505004969471,1665091280,5005,1991,31,Male,Y,645,Clarkston,"East Renfrewshire","Glasgow South",Glasgow
greetin',55.79326131575854,-3.0781160279757054,1665091324,5003,1995,27,Male,N,338,Gorebridge,Midlothian,EH23,"Lothian (Edinburgh)"
greetin',55.79977989513478,-3.8652922744895886,1665091334,5004,1961,61,Male,N,1180,Wishaw,"North Lanarkshire",ML2,Glasgow
greetin',57.163003625196644,-2.1314633072547564,1665091542,5007,1977,45,Female,Y,96,"Summerhill, Aberdeen",Aberdeen,"Aberdeen Central","North East (Aberdeen)"
greetin',55.909410542304904,-3.2738674823288756,1665091545,5006,1983,39,Male,N,267,"Sighthill, Edinburgh",Edinburgh,"Edinburgh Central","Lothian (Edinburgh)"
greetin',56.45431855132976,-3.168985615128569,1665091574,5008,1989,33,Female,Y,1326,Inchture,"Perth and Kinross",PH14,Fife
greetin',57.05342445686504,-2.61965148639802,1665091766,5010,1997,25,Female,Y,22,Banchory,Aberdeenshire,AB31,"North East (Aberdeen)"
greetin',55.38074109206204,-2.397284646663192,1665091849,5013,2000,22,Female,Y,1486,Jedburgh,"Scottish Borders",TD8,Borders
greetin',55.80967562060852,-3.904464016398372,1665092500,5019,1985,37,Female,Y,1151,Motherwell,"North Lanarkshire",ML1,Glasgow
greetin',55.933533912399504,-4.880880920349554,1665092595,5021,1964,58,Male,Y,1235,Gourock,Inverclyde,PA19,Glasgow
greetin',55.95213234521335,-4.432983498417601,1665092661,5016,1970,52,Female,N,543,Duntocher,"West Dunbartonshire",G81,Glasgow
greetin',56.24274943585683,-2.7983976605398655,1665092701,5020,1970,52,Male,Y,1083,Crail,Fife,KY10,Fife
greetin',56.1470834589952,-3.1834407562107763,1665092904,5023,1996,26,Female,Y,1117,"Kirkcaldy (west: Hayfield, Templehall, Newliston, Chapel, Dunnikier, Bennochy)",Fife,KY2,Fife
greetin',55.92310092574898,-4.6228805011789245,1665093078,5027,1991,31,Female,Y,1229,"Port Glasgow",Inverclyde,PA14,Glasgow
greetin',56.17168523099678,-3.3341710369371826,1665093167,5029,1975,47,Female,Y,1125,Ballingry,Fife,KY5,Fife
greetin',55.597634140407884,-3.259922300828618,1665093453,5035,1968,54,Female,Y,362,Peebles,"Scottish Borders",EH45,Borders
greetin',55.78511333769954,-4.1642579457212925,1665093542,5038,1968,54,Male,Y,530,"East Kilbride (north: The Village, East Mains, West Mains, Lymekilns, St Leonards, Calderwood, Nerston, Stewartfield, Peel Park)","South Lanarkshire",G74,Glasgow
greetin',55.77342651886407,-3.9362432951121415,1665093602,5036,1962,60,Female,N,1180,Wishaw,"North Lanarkshire",ML2,Glasgow
greetin',57.39309988981809,-1.991634610184437,1665093788,5039,1980,42,Male,Y,49,Ellon,Aberdeenshire,AB41,"North East (Aberdeen)"
greetin',55.68293304746154,-2.9124022871023567,1665093933,5041,1985,37,Male,Y,1413,Galashiels,"Scottish Borders",TD1,Borders
greetin',55.39907626275709,-4.702330914277145,1665093965,5037,1984,38,Female,Y,806,Maybole,"South Ayrshire",KA19,Ayrshire
greetin',56.89913283018507,-2.7210620445463887,1665094284,5043,1986,36,Female,N,183,Edzell,Angus,DD9,"Tayside and Angus (Dundee)"
greetin',56.10246448270087,-3.2066572322279137,1665094597,5047,1995,27,Female,Y,1117,"Kirkcaldy (west: Hayfield, Templehall, Newliston, Chapel, Dunnikier, Bennochy)",Fife,KY2,Fife
greetin',56.8989829203134,-2.3729696691835853,1665094882,5049,1986,36,Female,Y,18,Laurencekirk,Aberdeenshire,AB30,"North East (Aberdeen)"
greetin',55.92327465575547,-3.134806400716911,1665095500,5050,1994,28,Female,Y,322,"Gilmerton, Edinburgh",Edinburgh,"Edinburgh Southeast","Lothian (Edinburgh)"
greetin',56.47313005853725,-2.9133690613975363,1665095632,5055,1988,34,Female,Y,250,"Downfield, Dundee",Dundee,"Dundee North","Tayside and Angus (Dundee)"
greetin',55.833716102006576,-4.265113623586586,1665096119,5058,1956,66,Female,N,679,"Pollock, Glasgow",Glasgow,"Glasgow Southwest",Glasgow
greetin',56.74304088740781,-2.494566239557739,1665096249,5057,1971,51,Male,N,140,Montrose,Angus,DD10,"Tayside and Angus (Dundee)"
greetin',56.210478260496245,-4.831351283655719,1665096294,5052,1986,36,Male,N,558,Balloch,"West Dunbartonshire",G83,"Argyll and Bute"
greetin',55.47759989768572,-4.140187425901403,1665096544,5061,1958,64,Male,Y,802,"New Cumnock","East Ayrshire",KA18,Ayrshire
greetin',57.2018886263613,-2.1342873202994337,1665096559,5059,1977,45,Female,Y,112,"Dyce, Aberdeen",Aberdeen,"Aberdeen North","North East (Aberdeen)"
greetin',55.8306711509737,-4.313411719809999,1665096803,5066,1993,29,Male,Y,656,"Croftfoot, Glasgow",Glasgow,"Glasgow South",Glasgow
greetin',56.45228379225556,-3.7352657360626784,1665096906,5065,1961,61,Female,Y,1309,Bankfoot,"Perth and Kinross",PH1,Fife
greetin',55.71907810647799,-4.878431409520896,1665097513,5074,1977,45,Male,Y,814,"West Kilbride","North Ayrshire",KA23,Ayrshire
greetin',57.65810102948644,-2.271825851952762,1665097996,5079,1960,62,Female,N,57,Fraserburgh,Aberdeenshire,AB43,"North East (Aberdeen)"
greetin',55.816745683033055,-4.2941226137414645,1665098085,5080,1994,28,Male,Y,658,"Giffnock, Glasgow",Glasgow,"Glasgow South",Glasgow
greetin',55.94773838760227,-4.006739955516415,1665098129,5081,1993,29,Male,Y,517,"Cumbernauld (north: Balloch, Eastfield, Carrickstone, Smithstone, Blackwood, Westfield)","North Lanarkshire",G68,Glasgow
greetin',55.51454481586606,-4.185816972504806,1665098656,5085,1982,40,Male,Y,798,Cumnock,"East Ayrshire",KA18,Ayrshire
greetin',56.47474284591378,-3.589850535735044,1665099603,5086,1993,29,Male,Y,1313,"Perth (north and west: Burghmuir, Cherrybank, Hillyland, Inveralmond, Lethom, Muirton, North Muirton, Tulloch)","Perth and Kinross",PH1,Fife
greetin',55.77451103801349,-3.7816051133553326,1665101274,5088,1966,56,Male,Y,1180,Wishaw,"North Lanarkshire",ML2,Glasgow
greetin',56.506268470699894,-2.7857155293228897,1665103484,5087,1968,54,Female,N,178,Carnoustie,Angus,DD7,"Tayside and Angus (Dundee)"
greetin',55.02458718853212,-3.5323189526471226,1665108850,5092,1976,46,Female,N,186,"Dumfries (centre and east: Dalscone, Georgetown, Heathhall, Kingholm Quay, Noblehill, The Crichton)","Dumfries and Galloway",DG1,"Dumfries and Galloway"
greetin',55.67552851035182,-4.7219201388194065,1665118749,5098,1996,26,Female,Y,788,Kilwinning,"North Ayrshire",KA13,Ayrshire
greetin',55.731324082738205,-4.404217276068168,1665121424,5104,1985,37,Female,Y,539,"Newton Mearns","East Renfrewshire",G77,Glasgow
greetin',57.083296872375826,-2.0963382722393873,1665121804,5105,1976,46,Female,Y,5,"Cove Bay",Aberdeenshire,AB12,"North East (Aberdeen)"
greetin',55.96620660866655,-3.178817512127801,1665121891,5107,1986,36,Female,Y,285,"Leith, Edinburgh",Edinburgh,"Edinburgh Leith","Lothian (Edinburgh)"
greetin',55.953092863914875,-3.261156661798973,1665124343,5112,1988,34,Male,Y,296,"Davidson's Mains, Edinburgh",Edinburgh,"Edinburgh North","Lothian (Edinburgh)"
greetin',58.93181110643852,-2.7238891286084725,1665124476,5111,1962,60,Female,Y,1025,"Orkney Islands",Orkney,KW17,"Orkney Islands"
greetin',57.15112849523765,-2.104896662712546,1665125152,5114,1986,36,Other,Y,97,"Mastrick, Aberdeen",Aberdeen,"Aberdeen Central","North East (Aberdeen)"
greetin',56.49668237490139,-2.9973162317949544,1665125378,5115,1961,61,Female,Y,240,"Ardler, Dundee",Dundee,"Dundee Central","Tayside and Angus (Dundee)"
greetin',56.223103786470936,-2.899709047971276,1665126109,5119,1965,57,Male,Y,1141,Largo,Fife,KY8,Fife
greetin',55.6960443983468,-4.448512228897934,1665127967,5123,1987,35,Female,Y,837,"Kilmarnock (north: Onthank, Townholm, Altonhill, Longpark, Beansburn, New Farm Loch, Knockinlaw, Hillhead, Crookedholm)","East Ayrshire",KA3,Ayrshire
greetin',56.31384560062766,-3.4765873490812402,1665128299,5124,1966,56,Female,N,1338,"Bridge of Earn","Perth and Kinross",PH2,Fife
greetin',56.15649870430903,-3.9125575218407906,1665128405,5126,1967,55,Male,N,479,"Stirling (north: Causewayhead, Cornton)",Stirlingshire,FK9,"Stirling and Falkirk"
greetin',55.7623500571018,-3.8815994389612616,1665128499,5128,1972,50,Female,N,1180,Wishaw,"North Lanarkshire",ML2,Glasgow
greetin',55.471066615880375,-4.604293795261542,1665128955,5131,1961,61,Male,Y,868,"Newton on Ayr","South Ayrshire",KA8,Ayrshire
greetin',55.529989329913754,-4.3426028717643135,1665129102,5134,2004,18,Male,N,846,Mauchline,"East Ayrshire",KA5,Ayrshire
greetin',55.754291918512806,-4.131793293702952,1665129406,5139,1986,36,Male,N,530,"East Kilbride (north: The Village, East Mains, West Mains, Lymekilns, St Leonards, Calderwood, Nerston, Stewartfield, Peel Park)","South Lanarkshire",G74,Glasgow
greetin',55.51770088627266,-4.441429600039736,1665129444,5142,2004,18,Male,School,848,Tarbolton,"South Ayrshire",KA5,Ayrshire
greetin',55.25536047477786,-4.796360754403188,1665129454,5140,2006,16,Male,N,824,Girvan,"South Ayrshire",KA26,Ayrshire
greetin',55.47108698098054,-4.206729166558959,1665129581,5141,2004,18,Male,N,802,"New Cumnock","East Ayrshire",KA18,Ayrshire
greetin',54.86583948767299,-5.113376070973903,1665129596,5120,1967,55,Female,Y,231,Stranraer,"Dumfries and Galloway",DG9,"Dumfries and Galloway"
greetin',55.657756354470315,-3.2948736338512274,1665131262,5146,1999,23,Female,N,362,Peebles,"Scottish Borders",EH45,Borders
greetin',57.193978464849764,-2.166480665874561,1665131781,5147,1975,47,Female,Y,108,"Craigiebuckler, Aberdeen",Aberdeen,"Aberdeen North","North East (Aberdeen)"
greetin',55.83585735888269,-4.365659992598163,1665131846,5149,1985,37,Female,N,662,"Battlefield, Glasgow",Glasgow,"Glasgow Southwest",Glasgow
greetin',55.82904565011909,-4.463934395374971,1665131872,5148,1958,64,Male,Y,1236,"Paisley (south: Blackhall, Castlehead, Dykebar, Foxbar, Hunterhill, Meikleriggs)",Renfrewshire,PA2,Glasgow
greetin',57.48677993608587,-2.816291130976146,1665132835,5153,1982,40,Female,Y,87,Glass,Aberdeenshire,AB54,"North East (Aberdeen)"
greetin',57.31193120196219,-3.079636555323639,1665133254,5156,1954,68,Female,N,83,Huntly,Aberdeenshire,AB54,"North East (Aberdeen)"
greetin',56.21514804548352,-3.205796300876134,1665133774,5158,1955,67,Male,N,1129,"Glenrothes (west: Caskieberran, Rimbleton, Macedonia, Tanshall)",Fife,KY6,Fife
greetin',55.66462906735912,-4.358151788806121,1665134042,5159,1995,27,Male,Y,837,"Kilmarnock (north: Onthank, Townholm, Altonhill, Longpark, Beansburn, New Farm Loch, Knockinlaw, Hillhead, Crookedholm)","East Ayrshire",KA3,Ayrshire
greetin',56.47596536842003,-2.891286613394971,1665134638,5162,1966,56,Female,Y,249,Monifieth,Angus,"Dundee East","Tayside and Angus (Dundee)"
greetin',55.657640593302496,-2.8791116649836517,1665135290,5164,1962,60,Female,Y,1413,Galashiels,"Scottish Borders",TD1,Borders
greetin',55.74242560976265,-4.2902520760451885,1665135422,5165,1991,31,Female,Y,537,Eaglesham,"East Renfrewshire",G76,Glasgow
greetin',57.41430767454095,-2.4599679485670043,1665135632,5166,1986,36,Male,Y,64,Inverurie,Aberdeenshire,AB51,"North East (Aberdeen)"
greetin',55.95823814546652,-3.1822389407595906,1665135812,5167,1955,67,Male,Y,288,"Murrayfield, Edinburgh",Edinburgh,"Edinburgh North","Lothian (Edinburgh)"
greetin',57.68404735232466,-3.176520194751957,1665136409,5168,1966,56,Female,N,737,Elgin,Moray,IV30,"North East (Aberdeen)"
greetin',55.936213774912666,-4.70468182390098,1665136538,5171,1975,47,Male,Y,1229,"Port Glasgow",Inverclyde,PA14,Glasgow
greetin',55.91072973620401,-3.2921613370317755,1665136602,5172,1988,34,Other,Y,264,"Slateford, Edinburgh",Edinburgh,"Edinburgh Central","Lothian (Edinburgh)"
greetin',56.49735582197359,-2.81497864957736,1665136611,5173,1993,29,Male,Y,249,Monifieth,Angus,"Dundee East","Tayside and Angus (Dundee)"
greetin',55.785448813427045,-3.716552431553231,1665136736,5175,1963,59,Female,N,1167,Lanark,"South Lanarkshire",ML11,Glasgow
greetin',57.14211540186666,-2.1099385478395294,1665136742,5174,1971,51,Male,Y,134,"Cults, Aberdeen",Aberdeen,"Aberdeen Southwest","North East (Aberdeen)"
greetin',55.94074700768441,-4.4621807304988215,1665136869,5177,1969,53,Male,Y,546,Clydebank,"West Dunbartonshire",G81,Glasgow
greetin',55.92981598607929,-3.2623213688829047,1665136905,5178,1995,27,Female,Y,277,"Canongate, Edinburgh",Edinburgh,"Edinburgh Central","Lothian (Edinburgh)"
greetin',56.81212282960495,-2.521792847921748,1665137032,5181,1997,25,Female,Y,18,Laurencekirk,Aberdeenshire,AB30,"North East (Aberdeen)"
greetin',56.4364812642365,-3.6080247366369314,1665137172,5182,1954,68,Male,Y,1313,"Perth (north and west: Burghmuir, Cherrybank, Hillyland, Inveralmond, Lethom, Muirton, North Muirton, Tulloch)","Perth and Kinross",PH1,Fife
greetin',55.83986292963764,-4.230112601552375,1665137214,5184,1958,64,Female,N,664,"Toryglen, Glasgow",Glasgow,"Glasgow Southwest",Glasgow
greetin',57.16475492574329,-2.2749179597048603,1665137362,5189,2006,16,Male,N,113,"Bridge of Don, Aberdeen",Aberdeen,"Aberdeen North","North East (Aberdeen)"
greetin',57.1570782913195,-2.178814036627475,1665137396,5191,2006,16,Female,School,103,"Woodside, Aberdeen",Aberdeen,"Aberdeen Central","North East (Aberdeen)"
greetin',58.40828180400931,-3.251622325945889,1665137458,5197,1987,35,Male,Y,885,Reiss,Highland,KW1,"Highlands (Inverness)"
greetin',57.15181748560802,-2.153548894187012,1665137502,5194,2006,16,Male,N,104,"Tillydrone, Aberdeen",Aberdeen,"Aberdeen Central","North East (Aberdeen)"
greetin',57.16142656558667,-2.1523142629634204,1665137515,5193,2006,16,Male,School,106,"Kittybrewster, Aberdeen",Aberdeen,"Aberdeen Central","North East (Aberdeen)"
greetin',57.1629913908407,-2.182718066250381,1665137979,5198,2006,16,Male,School,98,"Northfield, Aberdeen",Aberdeen,"Aberdeen Central","North East (Aberdeen)"
greetin',55.87900463340626,-4.26212896923529,1665138007,5203,1996,26,Female,Y,632,"Springburn, Glasgow",Glasgow,"Glasgow Northeast",Glasgow
greetin',56.12461111854471,-3.3099112209604775,1665138102,5205,1964,58,Female,N,1128,Lochgelly,Fife,KY5,Fife
greetin',56.47594372721598,-2.9633215256595333,1665138313,5206,1992,30,Male,N,239,"Charleston, Dundee",Dundee,"Dundee Central","Tayside and Angus (Dundee)"
greetin',55.94911722388098,-3.1924384975369566,1665138358,5207,1991,31,Male,Y,265,"South Gyle, Edinburgh",Edinburgh,"Edinburgh Central","Lothian (Edinburgh)"
greetin',57.17207563367947,-2.100946515586795,1665138495,5204,2006,16,Male,School,102,"Old Aberdeen, Aberdeen",Aberdeen,"Aberdeen Central","North East (Aberdeen)"
greetin',56.013678995438624,-3.711172354863564,1665138943,5210,1962,60,Female,N,439,Grangemouth,Falkirk,FK3,"Stirling and Falkirk"
greetin',55.89724992779814,-4.257900505549495,1665138972,5211,1951,71,Female,Y,627,"Dennistoun, Glasgow",Glasgow,"Glasgow Northeast",Glasgow
greetin',58.97219642253934,-3.0299370058515263,1665139145,5212,1960,62,Male,Y,967,Kirkwall,Orkney,KW15,"Orkney Islands"
greetin',55.792620882732,-4.299962209647655,1665139616,5214,1984,38,Female,Y,645,Clarkston,"East Renfrewshire","Glasgow South",Glasgow
greetin',56.876708071795086,-2.380098349254147,1665139855,5215,1973,49,Male,N,18,Laurencekirk,Aberdeenshire,AB30,"North East (Aberdeen)"
greetin',57.62761929984333,-2.9611327284318962,1665140887,5218,1987,35,Female,Y,90,Buckie,Moray,AB56,"North East (Aberdeen)"
greetin',55.870803226839165,-4.2950979760629115,1665141516,5221,1970,52,Female,N,642,"Yoker, Glasgow",Glasgow,"Glasgow Northwest",Glasgow
greetin',57.272018968246016,-2.0886443439214752,1665141703,5223,1970,52,Female,N,123,Kinellar,Aberdeenshire,"Aberdeen North","North East (Aberdeen)"
greetin',55.951655772944086,-3.212503068767312,1665141845,5226,1957,65,Male,N,296,"Davidson's Mains, Edinburgh",Edinburgh,"Edinburgh North","Lothian (Edinburgh)"
greetin',55.75807662790151,-4.080913954213611,1665141999,5225,1971,51,Male,Y,1183,Hamilton,"South Lanarkshire",ML3,Glasgow
greetin',55.770069421318766,-3.9576610651974056,1665142247,5227,1996,26,Female,Y,1151,Motherwell,"North Lanarkshire",ML1,Glasgow
greetin',55.89245614160721,-3.637167780237695,1665142393,5228,1999,23,Female,Y,368,Bathgate,"West Lothian",EH48,"Lothian (Edinburgh)"
greetin',55.947040358259756,-3.1687205895170902,1665142560,5230,1970,52,Male,N,281,"Portobello, Edinburgh",Edinburgh,"Edinburgh Duddingston","Lothian (Edinburgh)"
greetin',56.027338467564725,-3.8219230111883418,1665142623,5229,1975,47,Female,Y,449,Larbert,Falkirk,FK5,"Stirling and Falkirk"
greetin',57.604022203800184,-2.2067955731395053,1665142688,5232,1966,56,Female,Y,57,Fraserburgh,Aberdeenshire,AB43,"North East (Aberdeen)"
greetin',57.64697323323827,-2.610208149039642,1665143220,5237,1998,24,Other,School,59,Banff,Aberdeenshire,AB45,"North East (Aberdeen)"
greetin',55.71959884730491,-3.857607318357075,1665144610,5240,1968,54,Male,Y,1211,Braidwood,"South Lanarkshire",ML8,Glasgow
greetin',55.780288068434494,-4.692765783207584,1665144651,5242,1954,68,Female,Y,817,Kilbirnie,"North Ayrshire",KA25,Ayrshire
greetin',55.949707444964176,-3.147889067109236,1665145006,5246,1982,40,Male,Y,280,"Duddingston, Edinburgh",Edinburgh,"Edinburgh Duddingston","Lothian (Edinburgh)"
greetin',55.966944260106914,-3.1789496603590432,1665145354,5248,1992,30,Female,Y,285,"Leith, Edinburgh",Edinburgh,"Edinburgh Leith","Lothian (Edinburgh)"
greetin',55.72935919583917,-4.352070967767923,1665145573,5249,1996,26,Male,N,539,"Newton Mearns","East Renfrewshire",G77,Glasgow
greetin',55.50859430367789,-2.3749534073099,1665146337,5252,1979,43,Male,Y,1451,Kelso,"Scottish Borders",TD5,Borders
greetin',56.07428995468265,-4.675793172648039,1665147989,5259,1998,24,Male,N,553,Arrochar,"Argyll and Bute",G83,"Argyll and Bute"
greetin',60.16964374362006,-1.2450940936850858,1665148010,5260,1983,39,Male,Y,1501,Scalloway,"Shetland Isles",ZE1,"Shetland Islands"
greetin',55.93035377465587,-4.66449065471709,1665148220,5262,1994,28,Female,Y,1229,"Port Glasgow",Inverclyde,PA14,Glasgow
greetin',55.41608652725339,-4.656215368429178,1665148301,5263,1968,54,Female,Y,856,"Ayr (Centre)","South Ayrshire",KA7,Ayrshire
greetin',55.91698116708288,-3.316574259923129,1665149665,5264,1964,58,Female,N,310,"Balerno, Edinburgh",Edinburgh,"Edinburgh South","Lothian (Edinburgh)"
greetin',55.82825603583343,-4.35761220700178,1665150199,4909,1993,29,Female,Y,678,"Cardonald, Glasgow",Glasgow,"Glasgow Southwest",Glasgow
greetin',55.892570701379135,-3.2628015782037245,1665150349,5266,1983,39,Female,Y,317,"Marchmont, Edinburgh",Edinburgh,"Edinburgh South","Lothian (Edinburgh)"
greetin',56.185243858384354,-3.2500356528437995,1665151557,5268,1994,28,Male,Y,1129,"Glenrothes (west: Caskieberran, Rimbleton, Macedonia, Tanshall)",Fife,KY6,Fife
greetin',55.9497486375053,-3.1880715608851355,1665151742,5267,1939,83,Female,N,269,"Gorgie, Edinburgh",Edinburgh,"Edinburgh Central","Lothian (Edinburgh)"
greetin',55.954742255042625,-4.827499954539102,1665152524,5269,1953,69,Female,N,1235,Gourock,Inverclyde,PA19,Glasgow
greetin',55.804044758350535,-4.141113169866124,1665152824,5271,1997,25,Female,Y,528,Blantyre,"South Lanarkshire",G72,Glasgow
greetin',55.90949599793372,-4.6984859228715345,1665153780,5274,1989,33,Male,Y,1227,Kilmacolm,Inverclyde,PA13,Glasgow
greetin',57.75954204771882,-4.189215548687492,1665154164,5222,1999,23,Female,Y,708,Invergordon,Highland,IV18,"Highlands (Inverness)"
greetin',55.96224855922033,-2.9563983277237478,1665155663,5280,1969,53,Female,N,348,Prestonpans,"East Lothian",EH32,"Lothian (Edinburgh)"
greetin',57.33766297040123,-4.848657779562042,1665155863,5281,1987,35,Female,Y,741,Beauly,Highland,IV4,"Highlands (Inverness)"
greetin',55.979519401621836,-3.9487200601373496,1665155905,5283,2001,21,Female,Y,517,"Cumbernauld (north: Balloch, Eastfield, Carrickstone, Smithstone, Blackwood, Westfield)","North Lanarkshire",G68,Glasgow
greetin',57.47764845610185,-2.20637125402606,1665155936,5284,1981,41,Female,Y,49,Ellon,Aberdeenshire,AB41,"North East (Aberdeen)"
greetin',55.83078095081248,-4.737247256693737,1665155988,5285,2008,14,Male,School,1226,Lochwinnoch,Renfrewshire,PA12,Glasgow
greetin',55.84780264849583,-3.6698854809204553,1665156079,5287,2000,22,Female,Y,365,Stoneyburn,"West Lothian",EH47,"Lothian (Edinburgh)"
greetin',57.66620002337769,-2.4926424910790197,1665156370,5289,1969,53,Female,Y,58,Macduff,Aberdeenshire,AB44,"North East (Aberdeen)"
greetin',57.16618124685481,-2.095579408179553,1665156819,5294,1958,64,Female,Y,105,"Seaton, Aberdeen",Aberdeen,"Aberdeen Central","North East (Aberdeen)"
greetin',57.68517299730907,-3.193239391442675,1665156836,5291,1969,53,Female,Y,737,Elgin,Moray,IV30,"North East (Aberdeen)"
greetin',55.933643841952886,-3.5862245995657354,1665157640,5295,2006,16,Other,School,368,Bathgate,"West Lothian",EH48,"Lothian (Edinburgh)"
greetin',55.98066185609607,-3.1839390808317503,1665157785,5298,1960,62,Female,Y,285,"Leith, Edinburgh",Edinburgh,"Edinburgh Leith","Lothian (Edinburgh)"
greetin',55.967915395645974,-3.9439347404301848,1665157831,5299,1967,55,Male,N,514,"Cumbernauld (south: Condorrat, Lenziemill, Carbrain, Kildrum, Cumbernauld Village, Abronhill, Seafar)","North Lanarkshire",G67,Glasgow
greetin',55.776592471222926,-3.7766363521954602,1665158727,5301,1980,42,Female,Y,366,Whitburn,"West Lothian",EH47,"Lothian (Edinburgh)"
greetin',57.171594217939436,-2.115541184188548,1665159130,5304,1959,63,Female,Y,107,"Rosemount, Aberdeen",Aberdeen,"Aberdeen Central","North East (Aberdeen)"
greetin',55.296909905828365,-4.1475592668594174,1665162695,5315,1960,62,Female,Y,798,Cumnock,"East Ayrshire",KA18,Ayrshire
greetin',55.86481277496344,-3.38350449549532,1665162839,5316,1954,68,Male,Y,316,"Bruntsfield, Edinburgh",Edinburgh,"Edinburgh South","Lothian (Edinburgh)"
greetin',57.51538105969078,-1.8555490970947024,1665162844,5317,1988,34,Female,Y,54,Peterhead,Aberdeenshire,AB42,"North East (Aberdeen)"
greetin',55.77693704255484,-4.178177714563359,1665164434,5320,1972,50,Female,Y,530,"East Kilbride (north: The Village, East Mains, West Mains, Lymekilns, St Leonards, Calderwood, Nerston, Stewartfield, Peel Park)","South Lanarkshire",G74,Glasgow
greetin',57.22720764323479,-2.385668094365167,1665166445,5325,1998,24,Male,Y,64,Inverurie,Aberdeenshire,AB51,"North East (Aberdeen)"
greetin',55.92315895653522,-3.284515586890579,1665166480,5324,1975,47,Female,Y,270,"Meadows and Southside, Edinburgh",Edinburgh,"Edinburgh Central","Lothian (Edinburgh)"
greetin',55.719692481016864,-4.854874534492355,1665167157,5328,1964,58,Female,Y,814,"West Kilbride","North Ayrshire",KA23,Ayrshire
greetin',55.84530871617847,-4.474101108691878,1665167186,5327,1998,24,Male,Y,1220,"Paisley (central, east and north east: Ferguslie, Oldhall, Seedhill, Williamsburgh, Whitehaugh)",Renfrewshire,PA1,Glasgow
greetin',57.38848180957934,-4.368904862800025,1665169715,5333,1989,33,Female,Y,736,"Inverness (west: Ballifeary, Balnafettack, Clachnaharry, Dalneigh, Kinmylies, Leachkin, Merkinch, Muirtown, South Kessock)",Highland,IV3,"Highlands (Inverness)"
greetin',55.86603089994023,-4.286430804852541,1665169992,5336,1989,33,Male,Y,597,"Yorkhill, Glasgow",Glasgow,"Glasgow Kelvin",Glasgow
greetin',57.460989353834435,-2.2478245052720647,1665170314,5339,1958,64,Female,N,49,Ellon,Aberdeenshire,AB41,"North East (Aberdeen)"
greetin',56.00887352639401,-4.518478041737941,1665170583,5341,1983,39,Female,N,558,Balloch,"West Dunbartonshire",G83,"Argyll and Bute"
greetin',55.76197155721472,-4.00809262909784,1665170603,5340,1961,61,Male,Y,1183,Hamilton,"South Lanarkshire",ML3,Glasgow
greetin',55.999771565774246,-4.130546023201546,1665171235,5329,1980,42,Female,Y,506,Kilsyth,"North Lanarkshire",G65,Glasgow
greetin',55.12285112211604,-4.9129733114128555,1665171693,5346,1956,66,Female,N,823,Turnberry,"South Ayrshire",KA26,Ayrshire
greetin',55.86734644946069,-4.1914311707942575,1665172139,5349,1952,70,Female,Y,612,"Easterhouse, Glasgow",Glasgow,"Glasgow Northeast",Glasgow
greetin',55.73323231468708,-3.939249909738023,1665173786,5352,1954,68,Female,Y,1217,Larkhall,"North Lanarkshire",ML9,Glasgow
greetin',55.8294601164031,-4.276574689081317,1665175030,5356,1977,45,Male,Y,658,"Giffnock, Glasgow",Glasgow,"Glasgow South",Glasgow
greetin',55.70851853159165,-3.9589259234040473,1665175973,5352,1954,68,Female,Y,1217,Larkhall,"North Lanarkshire",ML9,Glasgow
greetin',57.68550633625673,-2.8627783499154282,1665176513,5361,1981,41,Male,Y,91,Cullen,Moray,AB56,"North East (Aberdeen)"
greetin',56.48530547347936,-3.0144330383864846,1665176901,5363,1968,54,Male,Y,245,"Law, Dundee",Dundee,"Dundee Central","Tayside and Angus (Dundee)"
greetin',55.95292079265865,-3.1828992084152374,1665178232,5367,1987,35,Male,N,262,"Wester Hailes, Edinburgh",Edinburgh,"Edinburgh Central","Lothian (Edinburgh)"
greetin',55.98115928562598,-4.525864726756064,1665178271,5366,1975,47,Male,Y,549,Dumbarton,"West Dunbartonshire",G82,Glasgow
greetin',56.028751558363396,-3.849529932918081,1665178348,5368,1969,53,Male,Y,450,Stenhousemuir,Falkirk,FK5,"Stirling and Falkirk"
greetin',55.20233712247947,-3.8340832892814323,1665179134,5369,1957,65,Female,Y,210,Thornhill,"Dumfries and Galloway",DG3,"Dumfries and Galloway"
greetin',55.97268924293998,-4.372027791913984,1665179172,5372,1976,46,Male,Y,489,Milngavie,"East Dunbartonshire",G62,Glasgow
greetin',55.54233766141904,-4.473677804927084,1665179625,5375,1990,32,Female,Y,779,"Kilmarnock (centre and south: Bonnyton, Grange, Bellfield, Shortlees, Caprington, Riccarton, Hurlford)","East Ayrshire",KA1,Ayrshire
greetin',55.535267779605796,-4.155689952993261,1665180924,5377,1979,43,Female,Y,798,Cumnock,"East Ayrshire",KA18,Ayrshire
greetin',55.964149986402695,-3.1962691935971552,1665181366,5378,1984,38,Male,N,287,"Corstorphine, Edinburgh",Edinburgh,"Edinburgh North","Lothian (Edinburgh)"
greetin',55.820188348671394,-3.9920540290982975,1665181403,5379,1979,43,Female,Y,1186,Bellshill,"North Lanarkshire",ML4,Glasgow
greetin',57.66238871562703,-1.9344248102441195,1665181596,5380,1986,36,Male,Y,57,Fraserburgh,Aberdeenshire,AB43,"North East (Aberdeen)"
greetin',55.91362321468147,-3.708048804663787,1665181754,5381,1958,64,Female,N,368,Bathgate,"West Lothian",EH48,"Lothian (Edinburgh)"
greetin',57.154089977863535,-2.810817199428528,1665182583,5382,1981,41,Female,Y,33,Aboyne,Aberdeenshire,AB34,"North East (Aberdeen)"
greetin',55.85483548299997,-3.0832705649717442,1665183245,5386,1967,55,Female,Y,328,Bonnyrigg,Midlothian,EH19,"Lothian (Edinburgh)"
greetin',55.904744359227266,-3.591492365658837,1665184507,5381,1958,64,Female,N,368,Bathgate,"West Lothian",EH48,"Lothian (Edinburgh)"
greetin',55.89622284000905,-3.2395748574589383,1665185722,1044,1990,32,Male,Y,309,"Cameron Toll, Edinburgh",Edinburgh,"Edinburgh South","Lothian (Edinburgh)"
greetin',55.85372805589151,-4.097086482715444,1665189199,5392,1961,61,Female,Y,634,"Maryhill, Glasgow",Glasgow,"Glasgow Northeast",Glasgow
greetin',55.13988108576004,-4.425867193425538,1665212401,5400,1977,45,Male,N,225,"Newton Stewart","Dumfries and Galloway",DG8,"Dumfries and Galloway"
greetin',59.053860111303784,-3.289712410419654,1665214332,5401,1992,30,Female,Y,982,Stromness,Orkney,KW16,"Orkney Islands"
greetin',55.897704347246155,-4.381461645644177,1665216709,5406,1974,48,Male,Y,544,Faifley,"West Dunbartonshire",G81,Glasgow
greetin',55.85034253552858,-3.1149903842326014,1665217317,5407,1992,30,Female,Y,328,Bonnyrigg,Midlothian,EH19,"Lothian (Edinburgh)"
greetin',55.73733726754817,-4.092683083163776,1665217684,5409,1972,50,Female,Y,1183,Hamilton,"South Lanarkshire",ML3,Glasgow
greetin',55.34597038321741,-2.7014933307408224,1665217865,5410,1970,52,Male,Y,1492,Denholm,"Scottish Borders",TD9,Borders
greetin',55.594162147858675,-4.434111157924722,1665218154,5411,1960,62,Male,N,779,"Kilmarnock (centre and south: Bonnyton, Grange, Bellfield, Shortlees, Caprington, Riccarton, Hurlford)","East Ayrshire",KA1,Ayrshire
greetin',55.358528105655765,-4.224714499742969,1665220060,5413,1988,34,Female,Y,798,Cumnock,"East Ayrshire",KA18,Ayrshire
greetin',55.48616859743549,-4.502947065685312,1665220253,5417,1982,40,Male,Y,852,Dalmellington,"East Ayrshire",KA6,Ayrshire
greetin',55.941927726054885,-4.814995247429884,1665222511,5419,1963,59,Male,N,1231,"Greenock (west: Bow Farm, Braeside, Branchton, Fort Matilda, Gateside, Greenock West, Overton, Pennyfern, Smithston)",Inverclyde,PA16,Glasgow
greetin',55.87592477823374,-3.207518180465588,1665225251,5424,1968,54,Other,N,311,"Currie, Edinburgh",Edinburgh,"Edinburgh South","Lothian (Edinburgh)"
greetin',56.059232689392324,-3.369893211797406,1665225374,5425,1997,25,Female,Y,1090,"Dunfermline (south and east: Halbeath, Touch, Duloch, Masterton, Pitcorthie, Abbeyview, Brucefield, Hospital Hill, Camdean, Pitreavie)",Fife,KY11,Fife
greetin',55.7891256292161,-4.276913351904098,1665227891,5426,1957,65,Male,Y,657,"Thornliebank, Glasgow",Glasgow,"Glasgow South",Glasgow
greetin',55.872329854500805,-4.015578189131853,1665228973,5427,1996,26,Female,Y,1189,Coatbridge,"North Lanarkshire",ML5,Glasgow
greetin',57.6843896517654,-2.8222832434210097,1665229855,5428,1949,73,Female,Y,90,Buckie,Moray,AB56,"North East (Aberdeen)"
greetin',55.86987593168519,-4.283307890021025,1665233807,5436,1971,51,Female,Y,597,"Yorkhill, Glasgow",Glasgow,"Glasgow Kelvin",Glasgow
greetin',56.09688770896233,-3.87690219360321,1665234733,5437,1969,53,Female,Y,464,"Stirling (south and east: Braehead, Borestone, Broomridge, Torbrex)",Stirlingshire,FK7,"Stirling and Falkirk"
greetin',55.91921060525855,-4.053389192550569,1665235265,5441,1994,28,Female,Y,514,"Cumbernauld (south: Condorrat, Lenziemill, Carbrain, Kildrum, Cumbernauld Village, Abronhill, Seafar)","North Lanarkshire",G67,Glasgow
greetin',56.970031975211555,-2.3776974054498563,1665235958,5442,1962,60,Female,N,48,Stonehaven,Aberdeenshire,AB39,"North East (Aberdeen)"
greetin',55.881960326351745,-3.6343751637539397,1665236907,5444,1972,50,Female,N,368,Bathgate,"West Lothian",EH48,"Lothian (Edinburgh)"
greetin',56.30133245093298,-2.871738549033859,1665238073,5445,1956,66,Female,N,1114,"St Andrews",Fife,KY16,Fife
greetin',55.37468351140609,-2.4348220855903824,1665239522,5446,1970,52,Female,Y,1486,Jedburgh,"Scottish Borders",TD8,Borders
greetin',55.57847348641879,-4.528492830577228,1665241431,5448,1999,23,Male,Y,810,Knockentiber,"East Ayrshire",KA2,Ayrshire
greetin',55.92352981132538,-3.6925889573824002,1665241953,5450,1972,50,Male,N,368,Bathgate,"West Lothian",EH48,"Lothian (Edinburgh)"
greetin',56.146273022985724,-3.309020325487705,1665242544,5452,1971,51,Female,Y,1125,Ballingry,Fife,KY5,Fife
greetin',55.72476697890022,-3.461793133730233,1665243957,5454,1950,72,Male,N,1167,Lanark,"South Lanarkshire",ML11,Glasgow
greetin',55.87104836681657,-4.295319729726877,1665245895,5455,1995,27,Female,Y,644,"Partick, Glasgow",Glasgow,"Glasgow Northwest",Glasgow
greetin',55.75040226085863,-4.148816112515422,1665252005,5461,1983,39,Female,N,534,"East Kilbride (south: Hairmyres, Westwood, The Murray, Murray East, Whitehills, Greenhill, Newlandsmuir, Gardenhall, Crosshouse, Newlands, Lindsayfield, Mossneuk)","South Lanarkshire",G75,Glasgow
greetin',57.675490154712186,-3.499742252549023,1665252010,5462,1963,59,Male,N,737,Elgin,Moray,IV30,"North East (Aberdeen)"
greetin',55.781094610243976,-4.28428455708595,1665252061,5463,2003,19,Female,Y,656,"Croftfoot, Glasgow",Glasgow,"Glasgow South",Glasgow
greetin',55.481494403267895,-4.149949642535646,1665252614,5464,1957,65,Male,Y,802,"New Cumnock","East Ayrshire",KA18,Ayrshire
greetin',56.013878473379535,-3.5785037907890627,1665253338,5465,1997,25,Male,Y,370,Bo'ness,Falkirk,EH51,"Lothian (Edinburgh)"
greetin',55.83494788442464,-4.171280713305414,1665254746,5466,1999,23,Female,Y,624,"Springboig, Glasgow",Glasgow,"Glasgow Northeast",Glasgow
greetin',56.22323833660914,-3.1788327591250463,1665255059,5467,1988,34,Female,N,1133,"Glenrothes (centre and east: Pitteuchar, Finglassie, Stenton, Auchmuty, Pitcoudie, Balfarg, Pircairn, Collydean)",Fife,KY7,Fife
greetin',57.148196071313,-2.225239128332072,1665255341,5468,1962,60,Female,N,111,"Bucksburn, Aberdeen",Aberdeen,"Aberdeen North","North East (Aberdeen)"
greetin',55.47120144510354,-2.445419828653984,1665258337,5446,1970,52,Female,Y,1486,Jedburgh,"Scottish Borders",TD8,Borders
greetin',55.89623997217274,-3.5530804739964057,1665258490,5474,1965,57,Female,Y,375,Livingston,"West Lothian",EH54,"Lothian (Edinburgh)"
greetin',55.81156224775606,-4.265509697249116,1665258607,5473,1990,32,Male,Y,645,Clarkston,"East Renfrewshire","Glasgow South",Glasgow
greetin',56.56163844474767,-2.982336485412012,1665262348,5479,1996,26,Male,Y,181,Kirriemuir,Angus,DD8,"Tayside and Angus (Dundee)"
greetin',55.000917930023554,-3.275272928497266,1665262508,5481,1997,25,Female,Y,200,Eastriggs,"Dumfries and Galloway",DG12,"Dumfries and Galloway"
greetin',55.892406329820716,-2.7081581633004377,1665263995,5483,1974,48,Female,Y,357,Haddington,"East Lothian",EH41,"Lothian (Edinburgh)"
greetin',55.908618504988006,-4.433073969266482,1665264448,5485,1994,28,Male,Y,546,Clydebank,"West Dunbartonshire",G81,Glasgow
greetin',55.922929746090006,-3.090720556001877,1665265766,5486,1972,50,Male,N,334,Dalkeith,Midlothian,EH22,"Lothian (Edinburgh)"
greetin',56.08479884948406,-3.4587216953521995,1665267060,5487,2001,21,Male,N,1096,"Dunfermline (centre, north, west: Abbey Parks, Lady's Mill, Garvock, Headwell, Kingseathill, Wellwood, Milesmark, Baldridge, Pittencrieff, Baldridgeburn)",Fife,KY12,Fife
greetin',55.957520682204255,-3.1310725043329617,1665276689,5490,1948,74,Female,Y,285,"Leith, Edinburgh",Edinburgh,"Edinburgh Leith","Lothian (Edinburgh)"
greetin',55.83832333947212,-4.501178907561755,1665298610,5495,1997,25,Female,Y,1275,Elderslie,Renfrewshire,PA5,Glasgow
greetin',55.97601822898941,-3.1698473514481726,1665299628,5497,1966,56,Female,N,285,"Leith, Edinburgh",Edinburgh,"Edinburgh Leith","Lothian (Edinburgh)"
greetin',57.635087650326504,-2.9982272259236864,1665300511,5498,1948,74,Female,N,90,Buckie,Moray,AB56,"North East (Aberdeen)"
greetin',57.67364041670858,-3.0905219395333408,1665301676,5499,1978,44,Female,Y,739,Fochabers,Moray,IV32,"North East (Aberdeen)"
greetin',57.147032247144736,-2.174194641961818,1665303759,5502,1962,60,Female,N,100,"Cornhill, Aberdeen",Aberdeen,"Aberdeen Central","North East (Aberdeen)"
greetin',56.01872037468019,-3.7739833343883307,1665306450,5507,1975,47,Female,Y,425,Polmont, Falkirk,FK2,"Stirling and Falkirk"
greetin',55.875939315490015,-4.304734220023547,1665307059,5510,1995,27,Male,Y,587,"Jordanhill, Glasgow",Glasgow,"Glasgow Kelvin",Glasgow
greetin',55.89256611627235,-4.058459606863113,1665307108,5509,1996,26,Female,Y,1189,Coatbridge,"North Lanarkshire",ML5,Glasgow
greetin',55.78492283607491,-4.080059433141202,1665307443,5512,1995,27,Male,Y,529,Cambuslang,"South Lanarkshire",G72,Glasgow
greetin',57.159687924576964,-2.1884844442462517,1665308268,5514,1951,71,Male,Y,104,"Tillydrone, Aberdeen",Aberdeen,"Aberdeen Central","North East (Aberdeen)"
greetin',55.94462073605683,-3.072384729775904,1665308757,554,1948,74,Female,Y,330,Musselburgh,"East Lothian",EH21,"Lothian (Edinburgh)"
greetin',55.92574050321227,-2.5916639421749874,1665308873,5516,1999,23,Female,Y,359,Dunbar,"East Lothian",EH42,"Lothian (Edinburgh)"
greetin',56.60055323547869,-2.55776337432399,1665312222,5518,1967,55,Female,N,141,Arbroath,Angus,DD11,"Tayside and Angus (Dundee)"
greetin',55.322514039131946,-4.727465629198355,1665315839,5523,1979,43,Male,N,804,Crosshill,"South Ayrshire",KA19,Ayrshire
greetin',55.63541640490041,-4.71203688600233,1665318641,5530,1994,28,Male,N,787,"Irvine (centre: Castlepark, Tarryholme)","North Ayrshire",KA12,Ayrshire
greetin',56.47646031713393,-2.9702704075834454,1665320789,5533,1994,28,Female,Y,244,"Stobswell, Dundee",Dundee,"Dundee Central","Tayside and Angus (Dundee)"
greetin',55.76580090127171,-4.171758711328833,1665320793,5532,1995,27,Male,Y,530,"East Kilbride (north: The Village, East Mains, West Mains, Lymekilns, St Leonards, Calderwood, Nerston, Stewartfield, Peel Park)","South Lanarkshire",G74,Glasgow
greetin',56.14995243894305,-3.17268760188936,1665321848,5535,1998,24,Male,Y,1079,"Kirkcaldy (east: Linktown, Port Brae, Pathhead, Sinclairtown, Smeaton, Gallatown)",Fife,KY1,Fife
greetin',57.121121648933006,-2.2732906111310176,1665323751,5536,1992,30,Female,Y,132,"Peterculter, Aberdeen",Aberdeen,"Aberdeen Southwest","North East (Aberdeen)"
greetin',57.73416286743202,-4.405435707974503,1665324235,5537,1981,41,Male,Y,707,Alness,Highland,IV17,"Highlands (Inverness)"
greetin',55.81079421331403,-4.233645467756608,1665329598,5544,1966,56,Female,Y,653,"Netherlee, Glasgow",Glasgow,"Glasgow South",Glasgow
greetin',55.762450428876306,-4.4071731540714225,1665332848,5546,1959,63,Male,Y,539,"Newton Mearns","East Renfrewshire",G77,Glasgow
greetin',56.47043568675845,-2.9434996224825634,1665337980,5548,1960,62,Male,Y,234,"Baxter Park, Dundee",Dundee,"Dundee Bluebelt","Tayside and Angus (Dundee)"
greetin',55.99725692137524,-2.5174311311416426,1665339019,5542,1949,73,Male,Y,359,Dunbar,"East Lothian",EH42,"Lothian (Edinburgh)"
greetin',56.141420032364266,-3.4661138384686416,1665339382,5550,1977,45,Female,Y,1121,Cowdenbeath,Fife,KY4,Fife
greetin',56.10377779410836,-3.6642403793825586,1665339443,5551,2003,19,Female,Y,386,Clackmannan,Clackmannanshire,FK10,"Stirling and Falkirk"
greetin',57.498543468981644,-2.6009321711217064,1665340801,5553,1974,48,Male,Y,77,"New Deer",Aberdeenshire,AB53,"North East (Aberdeen)"
greetin',57.53013770465215,-2.251390857987281,1665340940,5553,1974,48,Male,Y,77,"New Deer",Aberdeenshire,AB53,"North East (Aberdeen)"
greetin',55.94440881299722,-4.733709804862132,1665343294,5556,1992,30,Male,N,1230,"Greenock (central and east: Bogston, Bridgend, Cartsdyke, Gibshill, Greenock Central, Ladyburn, Upper Ingleston)",Inverclyde,PA15,Glasgow
greetin',55.83818222585645,-4.274499031023395,1665344161,5559,1970,52,Male,Y,658,"Giffnock, Glasgow",Glasgow,"Glasgow South",Glasgow
greetin',57.57655567082638,-3.2456988642631917,1665344209,5560,1977,45,Female,Y,737,Elgin,Moray,IV30,"North East (Aberdeen)"
greetin',55.959198780474296,-2.6673159478496355,1665345911,625,1955,67,Female,Y,357,Haddington,"East Lothian",EH41,"Lothian (Edinburgh)"
greetin',57.128745854607196,-2.1378450784045655,1665346095,5562,1988,34,Female,N,126,"Bridge of Dee, Aberdeen",Aberdeen,"Aberdeen Southeast","North East (Aberdeen)"
greetin',55.889918645691964,-4.4722206544571215,1665347596,5564,1946,76,Male,Y,1264,Renfrew,Renfrewshire,PA4,Glasgow
greetin',56.48362320572961,-2.994558306764556,1665348378,5566,1979,43,Male,Y,234,"Baxter Park, Dundee",Dundee,"Dundee Bluebelt","Tayside and Angus (Dundee)"
greetin',57.707031974623504,-3.3442708134141315,1665352181,5568,1996,26,Female,Y,738,Lossiemouth,Moray,IV31,"North East (Aberdeen)"
greetin',57.673001104031236,-2.1828592140646608,1665352777,5569,1953,69,Male,N,57,Fraserburgh,Aberdeenshire,AB43,"North East (Aberdeen)"
greetin',57.14916210304823,-2.1844728391270882,1665358322,5572,1972,50,Female,Y,98,"Northfield, Aberdeen",Aberdeen,"Aberdeen Central","North East (Aberdeen)"
greetin',55.91229224998461,-4.859500921191856,1665365555,5573,1952,70,Female,N,1231,"Greenock (west: Bow Farm, Braeside, Branchton, Fort Matilda, Gateside, Greenock West, Overton, Pennyfern, Smithston)",Inverclyde,PA16,Glasgow
greetin',55.92653905720919,-3.0382883019502334,1665384961,5578,1953,69,Female,Y,330,Musselburgh,"East Lothian",EH21,"Lothian (Edinburgh)"
greetin',56.49959129611535,-2.798987194792383,1665386510,5579,1977,45,Female,Y,247,"Broughty Ferry, Dundee",Dundee,"Dundee East","Tayside and Angus (Dundee)"
greetin',57.724036418297565,-3.284044690938124,1665389680,5581,1996,26,Female,Y,738,Lossiemouth,Moray,IV31,"North East (Aberdeen)"
greetin',55.54491033233975,-4.6337814918688895,1665391012,5582,1973,49,Female,Y,784,Troon,"South Ayrshire",KA10,Ayrshire
greetin',56.48419286930848,-2.9509694907670134,1665391619,5307,1972,50,Male,Y,255,"Fintry, Dundee",Dundee,"Dundee North","Tayside and Angus (Dundee)"
greetin',55.88524686082766,-2.9982253801661765,1665392006,5588,1960,62,Male,N,334,Dalkeith,Midlothian,EH22,"Lothian (Edinburgh)"
greetin',57.5384130232907,-2.0436030421561804,1665392038,5589,1998,24,Female,Y,54,Peterhead,Aberdeenshire,AB42,"North East (Aberdeen)"
greetin',55.893596368851924,-3.028713070418826,1665392130,5590,1985,37,Female,N,334,Dalkeith,Midlothian,EH22,"Lothian (Edinburgh)"
greetin',55.831422719435125,-4.141132413883198,1665392172,5587,1996,26,Female,Y,612,"Easterhouse, Glasgow",Glasgow,"Glasgow Northeast",Glasgow
greetin',55.888633850495005,-4.222372493561694,1665392338,5591,1966,56,Female,Y,605,"Ruchazie, Glasgow",Glasgow,"Glasgow Northeast",Glasgow
greetin',55.69893673923498,-4.597693774973615,1665392403,5592,1959,63,Female,Y,791,Beith,"East Ayrshire",KA15,Ayrshire
greetin',56.23881611095646,-3.228917828304128,1665392537,5584,1970,52,Male,N,1129,"Glenrothes (west: Caskieberran, Rimbleton, Macedonia, Tanshall)",Fife,KY6,Fife
greetin',55.80324204486511,-4.308847031919697,1665393110,5594,1968,54,Male,Y,657,"Thornliebank, Glasgow",Glasgow,"Glasgow South",Glasgow
greetin',55.91804105930812,-4.241532552448555,1665404433,5598,1990,32,Male,Y,502,Bishopbriggs,"East Dunbartonshire",G64,Glasgow
greetin',54.93019624401671,-4.832329349161869,1665405300,5599,1987,35,Female,Y,225,"Newton Stewart","Dumfries and Galloway",DG8,"Dumfries and Galloway"
greetin',55.780626652933826,-3.932004956690336,1665409398,5600,1974,48,Female,Y,1180,Wishaw,"North Lanarkshire",ML2,Glasgow
greetin',57.1192787701709,-2.363355556351189,1665414140,5604,1994,28,Female,Y,28,Westhill,Aberdeenshire,AB32,"North East (Aberdeen)"
greetin',55.83440594757681,-4.333541269766745,1665414490,5606,1978,44,Male,Y,681,"Nitshill, Glasgow",Glasgow,"Glasgow Southwest",Glasgow
greetin',55.91667516211311,-3.4595473072367455,1665418891,5608,1987,35,Male,Y,371,Broxburn,"West Lothian",EH52,"Lothian (Edinburgh)"
greetin',56.19939052044919,-3.0574092675745157,1665429711,5615,1953,69,Female,Y,1140,Leven,Fife,KY8,Fife
greetin',55.87592622533004,-4.661175399063068,1665431359,5612,1989,33,Male,N,1227,Kilmacolm,Inverclyde,PA13,Glasgow
greetin',55.92534845194758,-4.4113926721501295,1665433281,5616,1989,33,Other,Y,546,Clydebank,"West Dunbartonshire",G81,Glasgow
greetin',57.60880632703138,-4.23120827226567,1665433443,5617,1941,81,Female,N,778,Avoch,Highland,IV9,"Highlands (Inverness)"
greetin',55.79362480154505,-4.256011668011431,1665434030,5619,1989,33,Female,Y,571,"Castlemilk, Glasgow",Glasgow,"Glasgow Castlemilk",Glasgow
greetin',55.90549562904697,-4.172452259002472,1665434413,5618,1982,40,Female,Y,623,"Shettleston, Glasgow",Glasgow,"Glasgow Northeast",Glasgow
greetin',56.029821243613576,-5.122161390641465,1665434434,5621,1984,38,Female,N,1241,Dunoon,"Argyll and Bute",PA23,"Argyll and Bute"
greetin',56.02148427026063,-4.947139741203961,1665434584,5621,1984,38,Female,N,1241,Dunoon,"Argyll and Bute",PA23,"Argyll and Bute"
greetin',55.9353597913234,-3.155056614624139,1665434824,5622,1964,58,Female,N,322,"Gilmerton, Edinburgh",Edinburgh,"Edinburgh Southeast","Lothian (Edinburgh)"
greetin',55.87959624544553,-4.166577454429531,1665435626,5623,1978,44,Female,N,619,"Tollcross, Glasgow",Glasgow,"Glasgow Northeast",Glasgow
greetin',56.66255466176693,-5.692454817549925,1665436450,5625,1962,60,Female,Y,1377,"Fort William",Highland,PH33,"Highlands (Inverness)"
greetin',55.818580585433104,-4.1244512579964905,1665439856,5628,1988,34,Female,Y,529,Cambuslang,"South Lanarkshire",G72,Glasgow
greetin',56.611638983103695,-2.8713082833584362,1665439894,5627,1966,56,Female,Y,179,Forfar,Angus,DD8,"Tayside and Angus (Dundee)"
greetin',57.56162122299584,-3.480032127850208,1665440410,5630,1969,53,Female,Y,740,Forres,Moray,IV36,"North East (Aberdeen)"
greetin',57.61720185459265,-3.6336169562495497,1665440654,5630,1969,53,Female,Y,740,Forres,Moray,IV36,"North East (Aberdeen)"
greetin',55.63798313254579,-4.78075523208285,1665447421,5631,1943,79,Female,Y,812,Saltcoats,"East Ayrshire",KA21,Ayrshire
greetin',56.100583863114565,-3.2058884127182914,1665461970,5633,1973,49,Female,Y,1117,"Kirkcaldy (west: Hayfield, Templehall, Newliston, Chapel, Dunnikier, Bennochy)",Fife,KY2,Fife
greetin',57.46375818519541,-1.9244394639535591,1665465146,5634,1982,40,Female,Y,54,Peterhead,Aberdeenshire,AB42,"North East (Aberdeen)"
greetin',58.772549000384316,-2.935873632998989,1665467371,5635,1968,54,Female,Y,1025,"Orkney Islands",Orkney,KW17,"Orkney Islands"
greetin',55.92198002945301,-4.338295000387854,1665468217,5636,1981,41,Male,Y,488,Bearsden,"East Dunbartonshire",G61,Glasgow
greetin',57.607130219316005,-4.212619562942987,1665470738,5637,1941,81,Female,N,778,Avoch,Highland,IV9,"Highlands (Inverness)"
greetin',56.19384616038888,-3.080666076602217,1665473724,5638,1975,47,Female,Y,1139,Kennoway,Fife,KY8,Fife
greetin',55.87928864356896,-4.3527521586978155,1665473787,5639,1972,50,Female,N,644,"Partick, Glasgow",Glasgow,"Glasgow Northwest",Glasgow
greetin',55.8952233125932,-4.363570432075494,1665475571,5642,1957,65,Female,N,638,"Drumchapel, Glasgow",Glasgow,"Glasgow Northwest",Glasgow
greetin',56.12333163950679,-3.2682746128611884,1665475667,5643,1989,33,Female,Y,1126,Cardenden,Fife,KY5,Fife
greetin',56.098327540753,-4.033629618998261,1665476115,5644,1954,68,Male,N,457,Bannockburn,Stirlingshire,FK7,"Stirling and Falkirk"
greetin',59.060729447569706,-3.0346555182835626,1665478770,5645,1996,26,Female,Y,1025,"Orkney Islands",Orkney,KW17,"Orkney Islands"
greetin',56.07956769094326,-3.270089114987353,1665479499,5647,1998,24,Female,Y,1117,"Kirkcaldy (west: Hayfield, Templehall, Newliston, Chapel, Dunnikier, Bennochy)",Fife,KY2,Fife
greetin',56.26820819440819,-4.005026397616881,1665480748,5648,1980,42,Female,Y,405,Dunblane,Stirlingshire,FK15,"Stirling and Falkirk"
greetin',56.239344723356254,-3.0478972280892127,1665481186,5649,1978,44,Female,N,1142,Methil,Fife,KY8,Fife
greetin',55.78037803349021,-4.156277471601334,1665481560,5650,1972,50,Male,Y,530,"East Kilbride (north: The Village, East Mains, West Mains, Lymekilns, St Leonards, Calderwood, Nerston, Stewartfield, Peel Park)","South Lanarkshire",G74,Glasgow
greetin',56.00341370179089,-3.9920378121436215,1665488556,5655,1994,28,Male,Y,506,Kilsyth,"North Lanarkshire",G65,Glasgow
greetin',55.749223499678706,-4.0787603290683405,1665490230,5658,1980,42,Female,Y,1183,Hamilton,"South Lanarkshire",ML3,Glasgow
greetin',56.05485499261743,-4.747187133684012,1665490260,5659,1971,51,Female,Y,569,Rosneath,"Argyll and Bute",G84,"Argyll and Bute"
greetin',56.24175628175421,-2.7967035458177087,1665496035,5662,1966,56,Female,Y,1086,Anstruther,Fife,KY10,Fife
greetin',57.326492703731496,-2.709996745191979,1665502435,5667,1962,60,Female,Y,74,"Old Rayne",Aberdeenshire,AB52,"North East (Aberdeen)"
greetin',57.40242738985226,-2.9197882493431555,1665502490,5668,1999,23,Male,Y,83,Huntly,Aberdeenshire,AB54,"North East (Aberdeen)"
greetin',56.15432278219675,-3.279264136909244,1665503336,5670,2005,17,Other,N,1126,Cardenden,Fife,KY5,Fife
greetin',55.7984678582319,-4.82600577787705,1665503800,5669,1965,57,Male,Y,842,Largs,"North Ayrshire",KA30,Ayrshire
greetin',56.434416614340336,-2.9154912266402064,1665511246,5674,1986,36,Female,Y,176,Tayport,Fife,DD6,"Tayside and Angus (Dundee)"
greetin',55.84338941975355,-4.286169821152293,1665517921,5676,1974,48,Female,N,648,"Shawlands, Glasgow",Glasgow,"Glasgow South",Glasgow
greetin',55.78794221557874,-4.0797075112583485,1665525029,5677,1981,41,Female,Y,528,Blantyre,"South Lanarkshire",G72,Glasgow
greetin',56.21887037441403,-2.969980136801619,1665526201,5678,1982,40,Female,Y,1139,Kennoway,Fife,KY8,Fife
greetin',55.87699112851668,-3.0945345611830004,1665527634,5679,1993,29,Male,Y,328,Bonnyrigg,Midlothian,EH19,"Lothian (Edinburgh)"
greetin',56.215918154419114,-4.861622891717081,1665563272,5681,1961,61,Female,Y,557,Alexandria,"West Dunbartonshire",G83,"Argyll and Bute"
greetin',55.74382525342307,-3.7477170466590985,1665572658,5683,1955,67,Female,Y,1212,Carluke,"South Lanarkshire",ML8,Glasgow
greetin',55.73484112342455,-3.5932917870612053,1665573764,5684,1973,49,Female,Y,1168,Lesmahagow,"South Lanarkshire",ML11,Glasgow
greetin',55.77815422403531,-4.0026743187977765,1665575532,5686,1980,42,Male,Y,1183,Hamilton,"South Lanarkshire",ML3,Glasgow
greetin',58.22102197250584,-6.3708326227050875,1665582311,5689,1991,31,Female,Y,686,"Stornoway, Isle of Lewis","Western Isles",HS1,"Western Isles"
greetin',56.335407864321866,-3.4197610790907707,1665585094,5691,1980,42,Male,Y,1354,"Perth (south and east: Barnhill, Bridgend, Craigie, Kincarrathie, Upper Craigie)","Perth and Kinross",PH2,Fife
greetin',56.29259653471334,-4.771027909337446,1665585746,5693,1952,70,Female,Y,557,Alexandria,"West Dunbartonshire",G83,"Argyll and Bute"
greetin',57.17903829765793,-2.8939643201134704,1665588988,5694,1948,74,Female,N,31,"Muir of Fowlis",Aberdeenshire,AB33,"North East (Aberdeen)"
greetin',55.9634215202939,-4.46008105274496,1665595248,5696,1963,59,Female,N,546,Clydebank,"West Dunbartonshire",G81,Glasgow
greetin',57.692847250438206,-2.08163124255079,1665600398,5697,1963,59,Male,Y,57,Fraserburgh,Aberdeenshire,AB43,"North East (Aberdeen)"
greetin',57.679578314787115,-2.115640878940466,1665605913,5698,1990,32,Female,Y,57,Fraserburgh,Aberdeenshire,AB43,"North East (Aberdeen)"
greetin',55.729528723715624,-4.660623778863371,1665606129,5699,1976,46,Female,Y,791,Beith,"East Ayrshire",KA15,Ayrshire
greetin',56.03843261588919,-3.8599661168027843,1665608676,5700,1990,32,Female,Y,450,Stenhousemuir,Falkirk,FK5,"Stirling and Falkirk"
greetin',54.855971112594226,-3.8518417056563687,1665638528,5703,1977,45,Male,Y,220,"Castle Douglas","Dumfries and Galloway",DG7,"Dumfries and Galloway"
greetin',59.08671661480064,-3.2197372074921375,1665648899,5706,1992,30,Male,N,1025,"Orkney Islands",Orkney,KW17,"Orkney Islands"
greetin',55.95880888787615,-3.2976415595455317,1665656644,5708,2005,17,Female,School,279,"Clermiston and Drumbrae, Edinburgh",Edinburgh,"Edinburgh Clermiston Granton","Lothian (Edinburgh)"
greetin',55.61106910699058,-4.361549780490813,1665660683,5710,1994,28,Female,Y,795,Newmilns,"East Ayrshire",KA16,Ayrshire
greetin',55.91421540427275,-4.356352118950226,1665664160,5711,1961,61,Female,Y,644,"Partick, Glasgow",Glasgow,"Glasgow Northwest",Glasgow
greetin',56.01517617471091,-3.5834204767623503,1665664179,5712,1962,60,Female,Y,370,Bo'ness,Falkirk,EH51,"Lothian (Edinburgh)"
greetin',57.15787789182418,-2.0884451383897003,1665664698,5713,1968,54,Male,Y,97,"Mastrick, Aberdeen",Aberdeen,"Aberdeen Central","North East (Aberdeen)"
greetin',57.58497167521399,-3.4256190246936415,1665666115,5714,1976,46,Female,Y,737,Elgin,Moray,IV30,"North East (Aberdeen)"
greetin',60.46172902327993,-1.2372641611299362,1665666844,5715,1970,52,Male,Y,1535,"Easter Quarff","Shetland Isles",ZE2,"Shetland Islands"
greetin',55.80725328487743,-4.121349063668372,1665667835,5717,1969,53,Female,Y,528,Blantyre,"South Lanarkshire",G72,Glasgow
greetin',57.582828378061215,-3.340170525808191,1665668525,5718,1965,57,Male,Y,737,Elgin,Moray,IV30,"North East (Aberdeen)"
greetin',55.01221948781817,-3.344163761149565,1665671459,5719,1963,59,Female,Y,197,Annan,"Dumfries and Galloway",DG12,"Dumfries and Galloway"
greetin',55.829228871739105,-6.3021401475678145,1665674421,5721,1966,56,Female,Y,1268,"Bridgend, Isle of Islay","Argyll and Bute",PA44,"Argyll and Bute"
greetin',57.16179263207271,-2.1510909088479906,1665674855,5722,1996,26,Male,Y,101,"Sheddocksley, Aberdeen",Aberdeen,"Aberdeen Central","North East (Aberdeen)"
greetin',60.162210978770055,-1.2444697673507834,1665678233,5723,1970,52,Female,Y,1500,Lerwick,"Shetland Isles",ZE1,"Shetland Islands"
greetin',55.67535316344482,-2.3660548842284053,1665680553,5724,1975,47,Male,N,1419,Greenlaw,"Scottish Borders",TD10,Borders
greetin',57.371380623631254,-2.237224651721678,1665683461,5725,1974,48,Female,Y,50,Pitmedden,Aberdeenshire,AB41,"North East (Aberdeen)"
greetin',55.9028708123376,-3.222642120245103,1665699036,5728,1969,53,Male,N,305,"Oxgangs, Edinburgh",Edinburgh,"Edinburgh Oxgangs","Lothian (Edinburgh)"
greetin',60.211007153792686,-1.6163848399014829,1665699397,5729,1978,44,Male,Y,1505,Baltasound,"Shetland Isles",ZE2,"Shetland Islands"
greetin',57.67244243879953,-3.417258110741175,1665712587,5731,1951,71,Male,N,737,Elgin,Moray,IV30,"North East (Aberdeen)"
greetin',55.78334490781189,-3.373432863206488,1665734132,5734,1996,26,Female,Y,363,"West Linton","Scottish Borders",EH46,Borders
greetin',56.662541118784056,-2.9629869089001875,1665734189,5736,1993,29,Male,Y,181,Kirriemuir,Angus,DD8,"Tayside and Angus (Dundee)"
greetin',58.93990934847675,-2.876903361191552,1665738526,5737,1959,63,Female,Y,1025,"Orkney Islands",Orkney,KW17,"Orkney Islands"
greetin',55.74309585552549,-4.140347864688593,1665740582,5738,1984,38,Male,Y,534,"East Kilbride (south: Hairmyres, Westwood, The Murray, Murray East, Whitehills, Greenhill, Newlandsmuir, Gardenhall, Crosshouse, Newlands, Lindsayfield, Mossneuk)","South Lanarkshire",G75,Glasgow
greetin',55.863469028514984,-2.173782608896901,1665744853,5739,1949,73,Female,Y,1431,Eyemouth,"Scottish Borders",TD14,Borders
greetin',58.94223059264577,-2.9422702903075932,1665752228,5742,1980,42,Female,N,967,Kirkwall,Orkney,KW15,"Orkney Islands"
greetin',55.915947040604976,-3.874729126818959,1665759116,5744,1997,25,Male,Y,1192,Airdrie,"North Lanarkshire",ML6,Glasgow
greetin',55.94158686350601,-3.9994099186286283,1665761681,5746,1994,28,Female,Y,514,"Cumbernauld (south: Condorrat, Lenziemill, Carbrain, Kildrum, Cumbernauld Village, Abronhill, Seafar)","North Lanarkshire",G67,Glasgow
greetin',57.11074048755584,-2.184221494806297,1665768229,5747,1957,65,Female,Y,128,"Mannofield, Aberdeen",Aberdeen,"Aberdeen Southwest","North East (Aberdeen)"
greetin',58.844827364849884,-2.9177713241964214,1665773233,5748,1957,65,Female,Y,1025,"Orkney Islands",Orkney,KW17,"Orkney Islands"
greetin',55.57164145543118,-4.458963834602805,1665773576,5749,1991,31,Male,Y,779,"Kilmarnock (centre and south: Bonnyton, Grange, Bellfield, Shortlees, Caprington, Riccarton, Hurlford)","East Ayrshire",KA1,Ayrshire
greetin',56.58868380037059,-2.9087472991532883,1665783904,5751,1987,35,Female,Y,181,Kirriemuir,Angus,DD8,"Tayside and Angus (Dundee)"
greetin',56.016343661677574,-3.407383949533458,1665790112,5752,1948,74,Male,Y,1090,"Dunfermline (south and east: Halbeath, Touch, Duloch, Masterton, Pitcorthie, Abbeyview, Brucefield, Hospital Hill, Camdean, Pitreavie)",Fife,KY11,Fife
greetin',55.606127566716275,-4.653719216372372,1665790266,5753,2000,22,Male,N,785,"Irvine (east, south: Perceton, Lawthorn, Girdle Toll, Stanecastle, Bourtreehill, Broomlands, Dreghorn, Springside)","North Ayrshire",KA11,Ayrshire
greetin',55.89166475995826,-4.353088916618286,1665807766,5754,1959,63,Female,Y,641,"Knightswood, Glasgow",Glasgow,"Glasgow Northwest",Glasgow
greetin',55.85523759639135,-4.3369039929369,1665811145,5755,1963,59,Female,N,679,"Pollock, Glasgow",Glasgow,"Glasgow Southwest",Glasgow
greetin',55.82786011566643,-4.4059019755031565,1665819830,5758,1996,26,Male,N,1236,"Paisley (south: Blackhall, Castlehead, Dykebar, Foxbar, Hunterhill, Meikleriggs)",Renfrewshire,PA2,Glasgow
greetin',57.626884054546025,-3.1984608620406307,1665820968,5759,1999,23,Female,Y,737,Elgin,Moray,IV30,"North East (Aberdeen)"
greetin',56.52691048835967,-2.7168024776468127,1665824279,5760,1970,52,Female,Y,178,Carnoustie,Angus,DD7,"Tayside and Angus (Dundee)"
greetin',55.85721295981478,-4.373977605795243,1665826834,5762,1964,58,Female,Y,679,"Pollock, Glasgow",Glasgow,"Glasgow Southwest",Glasgow
greetin',55.8126280583614,-4.749489884033806,1665833901,5764,1969,53,Male,N,817,Kilbirnie,"North Ayrshire",KA25,Ayrshire
greetin',55.80378395036523,-4.519032994719891,1665834901,5769,1978,44,Male,N,1308,Howwood,Renfrewshire,PA9,Glasgow
greetin',55.904208894125254,-4.788362563062283,1665834943,5768,1973,49,Male,N,1231,"Greenock (west: Bow Farm, Braeside, Branchton, Fort Matilda, Gateside, Greenock West, Overton, Pennyfern, Smithston)",Inverclyde,PA16,Glasgow
greetin',55.84414294165356,-4.012262502804202,1665834945,5770,1992,30,Male,Y,1189,Coatbridge,"North Lanarkshire",ML5,Glasgow
greetin',55.9736624992346,-4.215412557736206,1665834975,5774,1993,29,Male,Y,507,Kirkintilloch,"East Dunbartonshire",G66,Glasgow
greetin',55.859176476545116,-4.081747370710644,1665834981,5767,1994,28,Male,Y,618,"Carmyle, Glasgow",Glasgow,"Glasgow Northeast",Glasgow
greetin',57.58680837275165,-1.8602600620894405,1665834987,5776,1985,37,Male,Y,54,Peterhead,Aberdeenshire,AB42,"North East (Aberdeen)"
greetin',55.90074477047017,-3.58024372307104,1665835022,5775,1998,24,Male,Y,375,Livingston,"West Lothian",EH54,"Lothian (Edinburgh)"
greetin',55.91208648116568,-4.352952682013815,1665835024,5772,1991,31,Male,N,638,"Drumchapel, Glasgow",Glasgow,"Glasgow Northwest",Glasgow
greetin',55.93686947003667,-4.209964888254218,1665835059,5784,2001,21,Male,Y,502,Bishopbriggs,"East Dunbartonshire",G64,Glasgow
greetin',55.92919295255315,-3.9990679116356826,1665835066,5782,1995,27,Male,N,514,"Cumbernauld (south: Condorrat, Lenziemill, Carbrain, Kildrum, Cumbernauld Village, Abronhill, Seafar)","North Lanarkshire",G67,Glasgow
greetin',55.994082042034115,-3.9566855215607455,1665835072,5780,1995,27,Female,Y,443,Banknock, Falkirk,FK4,"Stirling and Falkirk"
greetin',55.848411410877155,-4.249712915094159,1665835080,5781,1992,30,Female,Y,678,"Cardonald, Glasgow",Glasgow,"Glasgow Southwest",Glasgow
greetin',55.93016010163623,-4.045459908925428,1665835121,5783,1993,29,Female,Y,517,"Cumbernauld (north: Balloch, Eastfield, Carrickstone, Smithstone, Blackwood, Westfield)","North Lanarkshire",G68,Glasgow
greetin',55.72427699268463,-4.154535105022303,1665835136,5788,1960,62,Male,N,534,"East Kilbride (south: Hairmyres, Westwood, The Murray, Murray East, Whitehills, Greenhill, Newlandsmuir, Gardenhall, Crosshouse, Newlands, Lindsayfield, Mossneuk)","South Lanarkshire",G75,Glasgow
greetin',55.8482807390963,-4.489263885001547,1665835150,5790,1983,39,Male,Y,1248,Linwood,Renfrewshire,PA3,Glasgow
greetin',55.82618176314323,-4.186113631806531,1665835177,5791,1992,30,Male,N,529,Cambuslang,"South Lanarkshire",G72,Glasgow
greetin',55.863133230539056,-4.100406415646218,1665835242,5794,2006,16,Female,School,605,"Ruchazie, Glasgow",Glasgow,"Glasgow Northeast",Glasgow
greetin',56.02815568112516,-4.684430373141305,1665835271,5786,1986,36,Male,N,566,Helensburgh,"Argyll and Bute",G84,"Argyll and Bute"
greetin',55.76811705029483,-4.676952646720371,1665835274,5793,1992,30,Male,N,817,Kilbirnie,"North Ayrshire",KA25,Ayrshire
greetin',55.93792284955047,-4.200557201899871,1665835417,5798,1985,37,Male,N,502,Bishopbriggs,"East Dunbartonshire",G64,Glasgow
greetin',55.29240018960849,-4.397088955197573,1665835475,5800,1997,25,Male,Y,851,Coylton,"South Ayrshire",KA6,Ayrshire
greetin',55.660741797700304,-4.822796270872583,1665835561,5799,1988,34,Male,N,813,Ardrossan,"North Ayrshire",KA22,Ayrshire
greetin',55.331701879575114,-4.3347428230161436,1665835563,5801,1965,57,Female,N,854,Mossblown,"South Ayrshire",KA6,Ayrshire
greetin',56.01001373299488,-3.5956197830441172,1665835564,5803,1995,27,Male,Y,370,Bo'ness,Falkirk,EH51,"Lothian (Edinburgh)"
greetin',55.90950478193062,-4.465777789733678,1665835647,5805,1994,28,Male,N,1306,Erskine,Renfrewshire,PA8,Glasgow
greetin',55.80917152004953,-4.51381364595778,1665835665,5804,1987,35,Male,Y,1308,Howwood,Renfrewshire,PA9,Glasgow
greetin',55.4036328699901,-4.631079092827367,1665835825,5806,1989,33,Male,Y,856,"Ayr (Centre)","South Ayrshire",KA7,Ayrshire
greetin',55.822676850211145,-4.1026265239764514,1665835851,5808,1996,26,Male,N,602,"Baillieston, Glasgow",Glasgow,"Glasgow Northeast",Glasgow
greetin',55.822713875186594,-4.39277315929221,1665835895,5807,1997,25,Female,Y,1236,"Paisley (south: Blackhall, Castlehead, Dykebar, Foxbar, Hunterhill, Meikleriggs)",Renfrewshire,PA2,Glasgow
greetin',56.223768298579685,-4.799352331470392,1665836056,5811,1999,23,Male,N,558,Balloch,"West Dunbartonshire",G83,"Argyll and Bute"
greetin',55.89831055456491,-3.5991372666224977,1665836109,5812,1993,29,Male,N,367,Armadale,"West Lothian",EH48,"Lothian (Edinburgh)"
greetin',55.90096699126387,-3.8869583016724,1665836125,5814,1995,27,Male,Y,1192,Airdrie,"North Lanarkshire",ML6,Glasgow
greetin',55.834679758237755,-4.016068454425372,1665836271,5815,1978,44,Male,Y,1189,Coatbridge,"North Lanarkshire",ML5,Glasgow
greetin',56.30826283242732,-3.722351587432268,1665836353,5813,1996,26,Male,N,1373,Auchterarder,"Perth and Kinross",PH3,Fife
greetin',55.3458244007706,-4.467111575971703,1665836492,5800,1997,25,Male,Y,851,Coylton,"South Ayrshire",KA6,Ayrshire
greetin',55.916409726747816,-4.403693609516419,1665836664,5819,1991,31,Male,N,546,Clydebank,"West Dunbartonshire",G81,Glasgow
greetin',55.86648984711414,-4.370209517972069,1665836750,5823,1977,45,Male,Y,679,"Pollock, Glasgow",Glasgow,"Glasgow Southwest",Glasgow
greetin',55.92379896511417,-4.0337083495163615,1665836791,5822,1970,52,Male,N,514,"Cumbernauld (south: Condorrat, Lenziemill, Carbrain, Kildrum, Cumbernauld Village, Abronhill, Seafar)","North Lanarkshire",G67,Glasgow
greetin',55.97083996972827,-3.440221848807309,1665836841,5816,1995,27,Male,Y,371,Broxburn,"West Lothian",EH52,"Lothian (Edinburgh)"
greetin',55.845245604297276,-4.405813390667528,1665836849,5824,1983,39,Male,Y,1220,"Paisley (central, east and north east: Ferguslie, Oldhall, Seedhill, Williamsburgh, Whitehaugh)",Renfrewshire,PA1,Glasgow
greetin',55.942015673899455,-3.1729535397207758,1665836910,5809,1980,42,Male,N,280,"Duddingston, Edinburgh",Edinburgh,"Edinburgh Duddingston","Lothian (Edinburgh)"
greetin',55.69377392385498,-4.79360377918569,1665836925,5826,1976,46,Male,N,813,Ardrossan,"North Ayrshire",KA22,Ayrshire
greetin',55.755698495670245,-4.234509532324919,1665837011,5827,1988,34,Male,N,534,"East Kilbride (south: Hairmyres, Westwood, The Murray, Murray East, Whitehills, Greenhill, Newlandsmuir, Gardenhall, Crosshouse, Newlands, Lindsayfield, Mossneuk)","South Lanarkshire",G75,Glasgow
greetin',55.77640261195231,-4.047083458337361,1665837047,5820,1998,24,Male,Y,1183,Hamilton,"South Lanarkshire",ML3,Glasgow
greetin',55.675987051384794,-4.811652720991426,1665837132,5832,1988,34,Male,Y,813,Ardrossan,"North Ayrshire",KA22,Ayrshire
greetin',55.84055919827192,-4.168341245493544,1665837168,5828,1981,41,Male,Y,627,"Dennistoun, Glasgow",Glasgow,"Glasgow Northeast",Glasgow
greetin',56.00042149159093,-2.818423291412044,1665837390,5829,1983,39,Male,Y,355,"North Berwick","East Lothian",EH39,"Lothian (Edinburgh)"
greetin',55.86656097830606,-4.016701301059719,1665837479,5830,1992,30,Male,Y,1189,Coatbridge,"North Lanarkshire",ML5,Glasgow
greetin',55.930569723945204,-3.0109517519367377,1665837483,5834,1989,33,Female,Y,330,Musselburgh,"East Lothian",EH21,"Lothian (Edinburgh)"
greetin',55.87555641144916,-4.881464298500598,1665837701,5835,1994,28,Female,Y,1234,"Wemyss Bay",Inverclyde,PA18,Glasgow
greetin',55.65375952971578,-4.686322976676278,1665838003,5837,1968,54,Male,Y,788,Kilwinning,"North Ayrshire",KA13,Ayrshire
greetin',55.66797696945037,-4.463717838531875,1665838110,5836,1997,25,Female,Y,837,"Kilmarnock (north: Onthank, Townholm, Altonhill, Longpark, Beansburn, New Farm Loch, Knockinlaw, Hillhead, Crookedholm)","East Ayrshire",KA3,Ayrshire
greetin',55.948811836697956,-4.797754301972504,1665838249,5841,1987,35,Male,Y,1231,"Greenock (west: Bow Farm, Braeside, Branchton, Fort Matilda, Gateside, Greenock West, Overton, Pennyfern, Smithston)",Inverclyde,PA16,Glasgow
greetin',55.958604070161314,-4.772980877991489,1665838373,5840,1984,38,Male,N,1231,"Greenock (west: Bow Farm, Braeside, Branchton, Fort Matilda, Gateside, Greenock West, Overton, Pennyfern, Smithston)",Inverclyde,PA16,Glasgow
greetin',57.5678412159664,-2.3414065688612955,1665839556,713,1971,51,Female,Y,78,Turriff,Aberdeenshire,AB53,"North East (Aberdeen)"
greetin',55.89858351362404,-4.497695499514755,1665839660,5846,1988,34,Female,Y,1292,Bishopton,Renfrewshire,PA7,Glasgow
greetin',55.72108052418337,-4.060949571314601,1665839721,5847,1979,43,Male,N,1183,Hamilton,"South Lanarkshire",ML3,Glasgow
greetin',55.943672191145616,-4.735645257235562,1665840489,5849,1989,33,Male,N,1230,"Greenock (central and east: Bogston, Bridgend, Cartsdyke, Gibshill, Greenock Central, Ladyburn, Upper Ingleston)",Inverclyde,PA15,Glasgow
greetin',55.434389748162396,-4.6730149618792005,1665842486,5851,1991,31,Female,N,856,"Ayr (Centre)","South Ayrshire",KA7,Ayrshire
greetin',56.5123508308581,-3.6112344303414448,1665843721,5855,1952,70,Male,Y,1313,"Perth (north and west: Burghmuir, Cherrybank, Hillyland, Inveralmond, Lethom, Muirton, North Muirton, Tulloch)","Perth and Kinross",PH1,Fife
greetin',55.92790691766471,-4.812302297346718,1665844311,5857,1982,40,Female,Y,1231,"Greenock (west: Bow Farm, Braeside, Branchton, Fort Matilda, Gateside, Greenock West, Overton, Pennyfern, Smithston)",Inverclyde,PA16,Glasgow
greetin',56.58619120511128,-2.8262386419993444,1665844417,5859,1982,40,Male,Y,179,Forfar,Angus,DD8,"Tayside and Angus (Dundee)"
greetin',57.121037519854035,-2.1445415362012885,1665844621,5861,1956,66,Male,Y,127,"Torry, Aberdeen",Aberdeen,"Aberdeen Southeast","North East (Aberdeen)"
greetin',55.922107745324745,-4.782730272129681,1665845256,5864,1957,65,Female,N,1231,"Greenock (west: Bow Farm, Braeside, Branchton, Fort Matilda, Gateside, Greenock West, Overton, Pennyfern, Smithston)",Inverclyde,PA16,Glasgow
greetin',55.896732955082626,-4.192561905111032,1665845324,5865,1991,31,Female,Y,484,"Robroyston, Glasgow",Glasgow,G33,Glasgow
greetin',55.88345900613255,-3.0820618647271742,1665845442,5866,1959,63,Male,Y,334,Dalkeith,Midlothian,EH22,"Lothian (Edinburgh)"
greetin',57.49974800665985,-2.0933535374728414,1665845573,5869,1980,42,Male,N,54,Peterhead,Aberdeenshire,AB42,"North East (Aberdeen)"
greetin',55.86611092004235,-4.356393152576834,1665845626,5868,1959,63,Female,N,680,"Crookston, Glasgow",Glasgow,"Glasgow Southwest",Glasgow
greetin',55.77557113782876,-4.50871116984057,1665845717,5871,1968,54,Female,N,540,Barrhead,"East Renfrewshire",G78,Glasgow
greetin',55.94370951098762,-4.818632207048951,1665845850,5872,1979,43,Male,N,1231,"Greenock (west: Bow Farm, Braeside, Branchton, Fort Matilda, Gateside, Greenock West, Overton, Pennyfern, Smithston)",Inverclyde,PA16,Glasgow
greetin',55.936062994708756,-4.2056657492622245,1665846439,5873,1994,28,Male,N,502,Bishopbriggs,"East Dunbartonshire",G64,Glasgow
greetin',57.30128405654551,-2.399899230933648,1665847019,5874,1992,30,Male,Y,64,Inverurie,Aberdeenshire,AB51,"North East (Aberdeen)"
greetin',56.48372370361923,-3.015845026684249,1665847882,5875,1962,60,Female,N,239,"Charleston, Dundee",Dundee,"Dundee Central","Tayside and Angus (Dundee)"
greetin',55.87839963615833,-4.227934626694809,1665849081,5876,1993,29,Female,Y,624,"Springboig, Glasgow",Glasgow,"Glasgow Northeast",Glasgow
greetin',55.6948672710193,-3.9478415457300113,1665849786,5877,1995,27,Male,N,1218,Netherburn,"North Lanarkshire",ML9,Glasgow
greetin',56.39499001989341,-2.8713921123460886,1665850055,5878,1990,32,Male,N,1114,"St Andrews",Fife,KY16,Fife
greetin',56.13139520712013,-4.693259023373914,1665851261,5879,1987,35,Male,N,557,Alexandria,"West Dunbartonshire",G83,"Argyll and Bute"
greetin',55.84821705269699,-4.191185895731355,1665851713,5881,1985,37,Male,N,623,"Shettleston, Glasgow",Glasgow,"Glasgow Northeast",Glasgow
greetin',56.47374048652327,-2.9185891015574654,1665853637,5883,1964,58,Male,Y,256,"Whitfield, Dundee",Dundee,"Dundee North","Tayside and Angus (Dundee)"
greetin',55.83302683944707,-4.165376382732786,1665853915,5884,1974,48,Female,N,619,"Tollcross, Glasgow",Glasgow,"Glasgow Northeast",Glasgow
greetin',55.846667871492194,-4.134079102546519,1665854102,5885,2001,21,Female,Y,632,"Springburn, Glasgow",Glasgow,"Glasgow Northeast",Glasgow
greetin',55.85631709232813,-4.1928638408769565,1665857591,5889,1970,52,Female,Y,632,"Springburn, Glasgow",Glasgow,"Glasgow Northeast",Glasgow
greetin',56.99064280998027,-2.302774929413472,1665858068,5890,1999,23,Female,Y,48,Stonehaven,Aberdeenshire,AB39,"North East (Aberdeen)"
greetin',55.80537379224677,-4.2407319312917195,1665861372,5892,1966,56,Female,Y,574,"Fernhill, Glasgow",Glasgow,"Glasgow Castlemilk",Glasgow
greetin',55.96182913916294,-2.8793906581544966,1665862763,5893,1977,45,Male,Y,348,Prestonpans,"East Lothian",EH32,"Lothian (Edinburgh)"
greetin',55.765631310133635,-4.250874389221699,1665863312,5894,1985,37,Female,Y,530,"East Kilbride (north: The Village, East Mains, West Mains, Lymekilns, St Leonards, Calderwood, Nerston, Stewartfield, Peel Park)","South Lanarkshire",G74,Glasgow
greetin',55.812116762249765,-4.503146225357923,1665865689,5895,1970,52,Male,N,1275,Elderslie,Renfrewshire,PA5,Glasgow
greetin',59.10732484717313,-3.0745399383482575,1665870402,5897,1997,25,Female,Y,1025,"Orkney Islands",Orkney,KW17,"Orkney Islands"
greetin',55.860298057545535,-4.223718798516938,1665875501,5900,1976,46,Female,Y,634,"Maryhill, Glasgow",Glasgow,"Glasgow Northeast",Glasgow
greetin',55.878294619410674,-4.525875911656659,1665880297,5903,1986,36,Female,Y,1278,Houston,Renfrewshire,PA6,Glasgow
greetin',55.830714480682936,-4.247931358374799,1665902918,5905,1989,33,Male,N,672,"Govan, Glasgow",Glasgow,"Glasgow Southwest",Glasgow
greetin',55.943741008560266,-4.23479552845974,1665907585,5906,1993,29,Male,Y,502,Bishopbriggs,"East Dunbartonshire",G64,Glasgow
greetin',55.9369507074267,-3.511942521001001,1665909325,5908,1999,23,Male,N,371,Broxburn,"West Lothian",EH52,"Lothian (Edinburgh)"
greetin',57.622588949774624,-3.3353492188048444,1665911285,5909,1969,53,Female,N,737,Elgin,Moray,IV30,"North East (Aberdeen)"
greetin',56.28940936487326,-3.5953776138785085,1665913578,5910,1946,76,Female,Y,1353,Scone,"Perth and Kinross",PH2,Fife
greetin',55.828140496575855,-4.1360282404925,1665919570,5911,1957,65,Female,N,529,Cambuslang,"South Lanarkshire",G72,Glasgow
greetin',57.343906629302296,-4.281381434030611,1665930775,5913,1988,34,Female,Y,714,"Inverness (east: Culcabock, Crown, Culduthel, Drummond, Haugh, Hilton, Holm, Lochardil, Millburn, Raigmore)",Highland,IV2,"Highlands (Inverness)"
greetin',57.45108821725667,-2.210801117717159,1665951125,5914,1979,43,Female,N,49,Ellon,Aberdeenshire,AB41,"North East (Aberdeen)"
greetin',57.590238285290866,-3.321322242096437,1665951552,5759,1999,23,Female,Y,737,Elgin,Moray,IV30,"North East (Aberdeen)"
greetin',57.69586718658787,-3.3093708171705325,1665955028,5916,1974,48,Male,Y,738,Lossiemouth,Moray,IV31,"North East (Aberdeen)"
greetin',57.58641241044782,-2.4458489641396643,1666003182,5917,1939,83,Female,N,78,Turriff,Aberdeenshire,AB53,"North East (Aberdeen)"
greetin',55.98768642953168,-4.2530086991089355,1666003704,5918,1958,64,Male,Y,507,Kirkintilloch,"East Dunbartonshire",G66,Glasgow
greetin',58.97185779028636,-3.0386833148096954,1666005250,5920,1980,42,Female,N,967,Kirkwall,Orkney,KW15,"Orkney Islands"
greetin',58.99359313686352,-3.000254025757505,1666006802,5920,1980,42,Female,N,967,Kirkwall,Orkney,KW15,"Orkney Islands"
greetin',56.76783609945953,-2.533799196877295,1666011588,5922,1964,58,Female,Y,140,Montrose,Angus,DD10,"Tayside and Angus (Dundee)"
greetin',55.924387799691736,-3.1390626853480623,1666012999,5923,1990,32,Other,Y,322,"Gilmerton, Edinburgh",Edinburgh,"Edinburgh Southeast","Lothian (Edinburgh)"
greetin',57.478943128167536,-2.200618577229589,1666013131,5924,1993,29,Other,Y,54,Peterhead,Aberdeenshire,AB42,"North East (Aberdeen)"
greetin',55.849503130350634,-4.29625492799445,1666021183,5927,1972,50,Female,N,661,"Govanhill, Glasgow",Glasgow,"Glasgow Southwest",Glasgow
greetin',57.142599880160034,-2.4814315378822047,1666033694,5929,1961,61,Male,Y,64,Inverurie,Aberdeenshire,AB51,"North East (Aberdeen)"
greetin',55.63214808253792,-4.690632052881493,1666036286,5930,1992,30,Male,Y,787,"Irvine (centre: Castlepark, Tarryholme)","North Ayrshire",KA12,Ayrshire
greetin',55.880982327611086,-3.0295096811553637,1666038547,5931,1991,31,Male,Y,334,Dalkeith,Midlothian,EH22,"Lothian (Edinburgh)"
greetin',55.19637761890128,-4.747378767722807,1666074858,5935,1965,57,Female,Y,824,Girvan,"South Ayrshire",KA26,Ayrshire
greetin',57.15251211011257,-2.159840469233539,1666096455,5936,1961,61,Male,Y,97,"Mastrick, Aberdeen",Aberdeen,"Aberdeen Central","North East (Aberdeen)"
greetin',55.90350105482444,-3.545143278841058,1666110445,5937,1997,25,Female,Y,375,Livingston,"West Lothian",EH54,"Lothian (Edinburgh)"
greetin',60.15559959814108,-1.2659801411630394,1666128031,5939,1966,56,Male,N,1500,Lerwick,"Shetland Isles",ZE1,"Shetland Islands"
greetin',57.46196118642352,-4.394706836677487,1666134404,5942,1991,31,Male,Y,761,Inchmore,Highland,IV5,"Highlands (Inverness)"
greetin',55.90376013511758,-4.168101380920027,1666177228,5946,1996,26,Female,N,628,"Balornock, Glasgow",Glasgow,"Glasgow Northeast",Glasgow
greetin',55.6504732137372,-4.033948186746979,1666184149,5948,1975,47,Male,Y,1160,Strathaven,"North Lanarkshire",ML10,Glasgow
greetin',56.2334952523977,-3.278357891387866,1666184945,5949,1995,27,Female,Y,1129,"Glenrothes (west: Caskieberran, Rimbleton, Macedonia, Tanshall)",Fife,KY6,Fife
greetin',55.813646063965834,-4.334767216732313,1666199291,5952,1994,28,Female,Y,659,"Deaconsbank, Glasgow",Glasgow,"Glasgow South",Glasgow
greetin',56.47513221214553,-2.930720063052006,1666218118,5954,1972,50,Female,Y,251,"Kirkton, Dundee",Dundee,"Dundee North","Tayside and Angus (Dundee)"
greetin',56.49572561062391,-2.9630633203904053,1666218388,5954,1972,50,Female,Y,251,"Kirkton, Dundee",Dundee,"Dundee North","Tayside and Angus (Dundee)"
greetin',55.618630039625806,-4.678936917640911,1666244711,5955,1999,23,Male,Y,787,"Irvine (centre: Castlepark, Tarryholme)","North Ayrshire",KA12,Ayrshire
greetin',55.91918865452497,-4.303556964663669,1666261230,5957,1984,38,Male,Y,488,Bearsden,"East Dunbartonshire",G61,Glasgow
greetin',56.08664440753124,-3.766219403961593,1666272061,5963,1997,25,Female,Y,391,Alloa,Clackmannanshire,FK10,"Stirling and Falkirk"
greetin',55.6738574979384,-3.9644958620415247,1666287146,5965,1977,45,Female,Y,1217,Larkhall,"North Lanarkshire",ML9,Glasgow
greetin',55.83983189094959,-4.0747007111207765,1666294490,5968,1970,52,Female,Y,525,Uddingston,"South Lanarkshire",G71,Glasgow
greetin',56.489911747581026,-2.817847091869467,1666294968,5969,1970,52,Male,Y,247,"Broughty Ferry, Dundee",Dundee,"Dundee East","Tayside and Angus (Dundee)"
greetin',55.85052052700461,-3.072071537670371,1666302267,5970,1983,39,Female,Y,328,Bonnyrigg,Midlothian,EH19,"Lothian (Edinburgh)"
greetin',56.02016615632965,-3.708997171951403,1666302933,5972,1990,32,Male,Y,439,Grangemouth,Falkirk,FK3,"Stirling and Falkirk"
greetin',55.524245492900825,-5.248592004087885,1666433092,5980,1944,78,Male,Y,825,Brodick,"North Ayrshire",KA27,Ayrshire
greetin',57.31317887936365,-2.384084235779668,1666477219,5982,1991,31,Male,N,65,Kemnay,Aberdeenshire,AB51,"North East (Aberdeen)"
greetin',56.12404067142596,-3.6437301887464604,1666488401,5983,1973,49,Male,Y,1095,Culross,Fife,KY12,Fife
greetin',56.21137876246785,-2.9946195669668603,1666511774,5984,1962,60,Female,Y,1140,Leven,Fife,KY8,Fife
greetin',57.12308365517285,-2.1357647641089157,1666532675,5988,1974,48,Male,Y,126,"Bridge of Dee, Aberdeen",Aberdeen,"Aberdeen Southeast","North East (Aberdeen)"
greetin',55.872331612320835,-4.282721348992271,1666544618,5989,1974,48,Female,Y,587,"Jordanhill, Glasgow",Glasgow,"Glasgow Kelvin",Glasgow
greetin',55.68155597928989,-4.813786492133155,1666613227,5994,1979,43,Female,Y,813,Ardrossan,"North Ayrshire",KA22,Ayrshire
greetin',55.76617790228215,-3.9120671043827207,1666613394,5993,1990,32,Male,Y,1180,Wishaw,"North Lanarkshire",ML2,Glasgow
greetin',56.029607306107,-3.8316494757454795,1666613910,5995,1989,33,Female,Y,449,Larbert,Falkirk,FK5,"Stirling and Falkirk"
greetin',56.246434204506265,-3.9785397659558766,1666644005,5998,1997,25,Other,N,405,Dunblane,Stirlingshire,FK15,"Stirling and Falkirk"
greetin',55.900225053082075,-4.466442846673843,1666691233,6001,1995,27,Male,N,1306,Erskine,Renfrewshire,PA8,Glasgow
greetin',57.22290178279877,-2.497416714787791,1666703990,6004,1956,66,Female,Y,67,Oldmeldrum,Aberdeenshire,AB51,"North East (Aberdeen)"
greetin',55.61237482287716,-3.24253464962436,1666717732,6006,1994,28,Male,School,362,Peebles,"Scottish Borders",EH45,Borders
greetin',56.224444804775516,-2.9252245759537923,1666722607,6007,1947,75,Female,N,1140,Leven,Fife,KY8,Fife
greetin',56.05325141774193,-4.013820114842613,1666723028,6008,1968,54,Male,N,459,Cowie,Stirlingshire,FK7,"Stirling and Falkirk"
greetin',56.07407398344802,-4.033271470291527,1666725397,6009,1974,48,Female,N,464,"Stirling (south and east: Braehead, Borestone, Broomridge, Torbrex)",Stirlingshire,FK7,"Stirling and Falkirk"
greetin',55.897497308854405,-3.348004158341962,1666726138,6010,1947,75,Male,Y,313,"Colinton, Edinburgh",Edinburgh,"Edinburgh South","Lothian (Edinburgh)"
greetin',57.54420098988213,-2.647302358369784,1666776084,6012,1939,83,Female,Y,83,Huntly,Aberdeenshire,AB54,"North East (Aberdeen)"
greetin',55.730364770756026,-3.2375754923481255,1666820023,6014,2002,20,Female,Y,362,Peebles,"Scottish Borders",EH45,Borders
greetin',55.634865382238466,-4.759902547814585,1666827321,6015,1970,52,Female,Y,812,Saltcoats,"East Ayrshire",KA21,Ayrshire
greetin',55.981139954610576,-3.1593953809854494,1666875648,6016,2001,21,Male,Y,285,"Leith, Edinburgh",Edinburgh,"Edinburgh Leith","Lothian (Edinburgh)"
greetin',55.83574547974115,-4.594622727790886,1666906639,6018,1989,33,Female,Y,1222,Kilbarchan,Renfrewshire,PA10,Glasgow
greetin',55.83310776285982,-3.8631949164163735,1666912319,6019,1956,66,Male,N,1206,Harthill,"North Lanarkshire",ML7,Glasgow
greetin',55.82041769404879,-4.50461320306364,1666944082,6021,2004,18,Male,Y,1276,Johnstone,Renfrewshire,PA5,Glasgow
greetin',56.656902040218256,-2.529881189067401,1666963403,6024,1976,46,Female,N,141,Arbroath,Angus,DD11,"Tayside and Angus (Dundee)"
greetin',54.886652288212055,-4.123095997593455,1667030836,6025,1975,47,Female,Y,217,Dundrennan,"Dumfries and Galloway",DG6,"Dumfries and Galloway"
greetin',55.7091211531629,-4.676079634537442,1667113274,6028,1969,53,Female,Y,815,Dalry,"North Ayrshire",KA24,Ayrshire
greetin',57.545758220445954,-3.338849482122373,1667128660,6029,1953,69,Female,N,737,Elgin,Moray,IV30,"North East (Aberdeen)"
greetin',55.771407619308825,-3.692249221676332,1667160345,6032,1954,68,Male,Y,1167,Lanark,"South Lanarkshire",ML11,Glasgow
greetin',55.78419332686071,-4.851396464802438,1667214923,6033,2006,16,Male,School,842,Largs,"North Ayrshire",KA30,Ayrshire
greetin',55.787862230399405,-4.850421706660398,1667215315,6042,2005,17,Male,School,842,Largs,"North Ayrshire",KA30,Ayrshire
greetin',55.86363740862883,-4.838206735652985,1667215489,6040,2007,15,Male,School,1233,Skelmorlie,"North Ayrshire",PA17,Ayrshire
greetin',56.1473554684559,-3.3761573352045127,1667223368,6045,1974,48,Female,Y,1121,Cowdenbeath,Fife,KY4,Fife
greetin',58.943949260318476,-3.111206875402993,1667251505,6049,1997,25,Male,N,1025,"Orkney Islands",Orkney,KW17,"Orkney Islands"
greetin',57.68580323559914,-2.926847229926453,1667255305,6050,1977,45,Female,Y,90,Buckie,Moray,AB56,"North East (Aberdeen)"
greetin',55.94465219805383,-3.266382657787744,1667266463,6051,1996,26,Female,Y,290,"North Leith, Edinburgh",Edinburgh,"Edinburgh North","Lothian (Edinburgh)"
greetin',55.023158944495556,-4.580402186056537,1667305830,6052,1974,48,Female,Y,223,Glenluce,"Dumfries and Galloway",DG8,"Dumfries and Galloway"
greetin',57.10455092293434,-2.156951920620599,1667316811,6054,1954,68,Female,Y,1,Portlethen,Aberdeenshire,AB12,"North East (Aberdeen)"
greetin',55.84889804588445,-4.474325318359958,1667317539,6055,1997,25,Male,Y,1220,"Paisley (central, east and north east: Ferguslie, Oldhall, Seedhill, Williamsburgh, Whitehaugh)",Renfrewshire,PA1,Glasgow
greetin',55.8458834763568,-4.4187372209255225,1667319054,6056,1995,27,Male,Y,1220,"Paisley (central, east and north east: Ferguslie, Oldhall, Seedhill, Williamsburgh, Whitehaugh)",Renfrewshire,PA1,Glasgow
greetin',55.81981490412221,-3.868886510770176,1667402731,6062,1985,37,Male,Y,1151,Motherwell,"North Lanarkshire",ML1,Glasgow
greetin',55.43892892919953,-4.6339400334578595,1667472016,6065,1983,39,Female,Y,856,"Ayr (Centre)","South Ayrshire",KA7,Ayrshire
greetin',57.15782546397116,-2.257897780310326,1667545727,5468,1962,60,Female,N,111,"Bucksburn, Aberdeen",Aberdeen,"Aberdeen North","North East (Aberdeen)"
greetin',57.66743596307692,-2.9818649601788922,1667729728,6073,1967,55,Male,Y,90,Buckie,Moray,AB56,"North East (Aberdeen)"
greetin',57.1606086690067,-2.2977222497839604,1668454106,6089,1978,44,Female,Y,28,Westhill,Aberdeenshire,AB32,"North East (Aberdeen)"
greetin',55.94737988034639,-3.2260327882073008,1668517849,6091,1977,45,Female,Y,287,"Corstorphine, Edinburgh",Edinburgh,"Edinburgh North","Lothian (Edinburgh)"
greetin',56.4717981549399,-2.949693399397251,1668525880,6092,1939,83,Female,N,234,"Baxter Park, Dundee",Dundee,"Dundee Bluebelt","Tayside and Angus (Dundee)"
greetin',55.74457463986257,-4.348455143070122,1668539728,6093,2000,22,Other,Y,539,"Newton Mearns","East Renfrewshire",G77,Glasgow
greetin',55.57297255387594,-4.447129612568664,1668649029,6095,2000,22,Male,Y,779,"Kilmarnock (centre and south: Bonnyton, Grange, Bellfield, Shortlees, Caprington, Riccarton, Hurlford)","East Ayrshire",KA1,Ayrshire
greetin',55.82467766933303,-4.094335134375196,1668700514,6099,1987,35,Male,Y,603,"Carntyne, Glasgow",Glasgow,"Glasgow Northeast",Glasgow
greetin',54.84507480280588,-4.10609619839642,1668700622,6098,1963,59,Female,Y,218,Kirkcudbright,"Dumfries and Galloway",DG6,"Dumfries and Galloway"
greetin',55.98768503673095,-4.114837584514176,1668700845,6100,1988,34,Female,Y,506,Kilsyth,"North Lanarkshire",G65,Glasgow
greetin',55.88350534054377,-4.1936477297107055,1668707278,6101,1996,26,Female,Y,483,Stepps,"North Lanarkshire",G33,Glasgow
greetin',55.795298650422744,-3.2374787706974684,1668719901,6102,1973,49,Male,N,343,Penicuik,Midlothian,EH26,"Lothian (Edinburgh)"
greetin',55.887383998481965,-4.374253441790114,1668783705,6104,1957,65,Female,Y,638,"Drumchapel, Glasgow",Glasgow,"Glasgow Northwest",Glasgow
greetin',55.828068743572054,-3.9347820107061815,1668901421,6105,1981,41,Male,Y,1151,Motherwell,"North Lanarkshire",ML1,Glasgow
greetin',55.82521715094447,-4.33237672951507,1668958372,6107,1980,42,Male,Y,652,"King's Park, Glasgow",Glasgow,"Glasgow South",Glasgow
greetin',55.853743558235,-3.4022686442405043,1668960096,6109,1961,61,Male,Y,308,"Liberton, Edinburgh",Edinburgh,"Edinburgh South","Lothian (Edinburgh)"
greetin',55.94834022954048,-3.216653033724098,1669033368,6111,1999,23,Female,Y,294,"Stockbridge, Edinburgh",Edinburgh,"Edinburgh North","Lothian (Edinburgh)"
greetin',55.12639106708498,-3.674204646598268,1669050499,6113,1993,29,Female,Y,207,"Dumfries (west: Broomlands, Cargenbridge, Lochside, Maxwelltown, Troqueer)","Dumfries and Galloway",DG2,"Dumfries and Galloway"
greetin',55.07480503220934,-3.820097252567981,1669158915,6120,1992,30,Female,Y,207,"Dumfries (west: Broomlands, Cargenbridge, Lochside, Maxwelltown, Troqueer)","Dumfries and Galloway",DG2,"Dumfries and Galloway"
greetin',55.886671537041074,-3.7603752170414713,1669566762,6125,2002,20,Male,Y,367,Armadale,"West Lothian",EH48,"Lothian (Edinburgh)"
greetin',55.84307377380762,-4.028664743853374,1669796828,6048,1978,44,Female,Y,1189,Coatbridge,"North Lanarkshire",ML5,Glasgow
greetin',55.91984854881414,-3.299478440108428,1669947252,6127,1950,72,Male,N,271,"Abbeyhill, Edinburgh",Edinburgh,"Edinburgh Central","Lothian (Edinburgh)"
greetin',55.934574359383305,-3.240008159248144,1670451618,6133,1996,26,Male,Y,269,"Gorgie, Edinburgh",Edinburgh,"Edinburgh Central","Lothian (Edinburgh)"
greetin',55.55899886804747,-4.51590564101779,1670518648,6136,1995,27,Female,Y,779,"Kilmarnock (centre and south: Bonnyton, Grange, Bellfield, Shortlees, Caprington, Riccarton, Hurlford)","East Ayrshire",KA1,Ayrshire
greetin',57.16958078160503,-2.2600813966491873,1670687136,6139,1968,54,Male,N,119,Potterton,Aberdeenshire,"Aberdeen North","North East (Aberdeen)"
greetin',56.65400780633504,-5.48600540163052,1670693417,6140,2001,21,Female,Y,1377,"Fort William",Highland,PH33,"Highlands (Inverness)"
greetin',55.88322843982483,-4.036354647935778,1671107738,6144,1951,71,Male,Y,1189,Coatbridge,"North Lanarkshire",ML5,Glasgow
greetin',57.59973199924303,-4.431700821143476,1671154524,6147,1971,51,Female,Y,705,Dingwall,Highland,IV15,"Highlands (Inverness)"
greetin',55.7728995446627,-4.213413658564632,1671265997,6148,1961,61,Female,Y,530,"East Kilbride (north: The Village, East Mains, West Mains, Lymekilns, St Leonards, Calderwood, Nerston, Stewartfield, Peel Park)","South Lanarkshire",G74,Glasgow
greetin',55.713663051167,-4.23285044923333,1671266102,6149,1968,54,Female,Y,536,"Carmunnock, Glasgow",Glasgow,G76,Glasgow
greetin',56.21304712251331,-3.298468495504933,1671272572,6150,1979,43,Male,Y,1129,"Glenrothes (west: Caskieberran, Rimbleton, Macedonia, Tanshall)",Fife,KY6,Fife
greetin',55.999548710351156,-4.537182641984433,1671656919,6152,1993,29,Female,Y,557,Alexandria,"West Dunbartonshire",G83,"Argyll and Bute"
greetin',55.73663440655895,-4.243204530602071,1671795918,6154,1973,49,Male,N,534,"East Kilbride (south: Hairmyres, Westwood, The Murray, Murray East, Whitehills, Greenhill, Newlandsmuir, Gardenhall, Crosshouse, Newlands, Lindsayfield, Mossneuk)","South Lanarkshire",G75,Glasgow
greetin',55.94889450215849,-4.832106460189907,1672143609,6157,1966,56,Female,Y,1235,Gourock,Inverclyde,PA19,Glasgow
greetin',54.926194772983955,-5.090406198020542,1673388291,6165,1968,55,Female,Y,231,Stranraer,"Dumfries and Galloway",DG9,"Dumfries and Galloway"
greetin',55.93881917582232,-4.711894907320847,1673609002,6167,2000,23,Male,Y,1230,"Greenock (central and east: Bogston, Bridgend, Cartsdyke, Gibshill, Greenock Central, Ladyburn, Upper Ingleston)",Inverclyde,PA15,Glasgow
greetin',55.93264813454881,-4.396772635376585,1673856742,6178,1977,46,Female,N,546,Clydebank,"West Dunbartonshire",G81,Glasgow
greetin',55.80856609167022,-4.34955855394872,1673893026,6182,1945,78,Male,Y,672,"Govan, Glasgow",Glasgow,"Glasgow Southwest",Glasgow
greetin',57.60279591442258,-3.050024252292071,1674155924,6184,1948,75,Male,N,88,Keith, Moray,AB55,"North East (Aberdeen)"
greetin',55.8341799083407,-4.103822523984955,1674676583,6189,1960,63,Male,N,628,"Balornock, Glasgow",Glasgow,"Glasgow Northeast",Glasgow
greetin',55.89078850849457,-3.652651049272951,1674683340,6190,1967,56,Male,N,368,Bathgate,"West Lothian",EH48,"Lothian (Edinburgh)"
greetin',55.932123618378185,-3.7038056103602015,1675167062,6197,1996,27,Female,Y,368,Bathgate,"West Lothian",EH48,"Lothian (Edinburgh)"
greetin',55.614629279156595,-3.21872991935405,1675364074,6199,2000,23,Male,N,362,Peebles,"Scottish Borders",EH45,Borders
greetin',55.81087330080784,-4.276797160081583,1675367006,6198,2002,21,Female,Y,648,"Shawlands, Glasgow",Glasgow,"Glasgow South",Glasgow
greetin',55.99843506651615,-2.5438864956890326,1675447743,6202,2001,22,Other,Y,359,Dunbar,"East Lothian",EH42,"Lothian (Edinburgh)"
greetin',56.018016632305105,-2.5974401418702713,1675455426,6203,2001,22,Other,Y,359,Dunbar,"East Lothian",EH42,"Lothian (Edinburgh)"
greetin',55.96987495143151,-3.2103116708518287,1675695263,6206,2009,14,Male,School,297,"Blackhall, Edinburgh",Edinburgh,"Edinburgh North","Lothian (Edinburgh)"
greetin',55.97507810365613,-3.2479787049718847,1675695269,6207,2009,14,Male,School,278,"Granton, Edinburgh",Edinburgh,"Edinburgh Clermiston Granton","Lothian (Edinburgh)"
greetin',55.93967902017411,-3.5167851878978196,1675695306,6208,2009,14,Male,School,371,Broxburn,"West Lothian",EH52,"Lothian (Edinburgh)"
greetin',56.121349971811895,-3.554485298543641,1675695514,6210,2009,14,Male,School,1096,"Dunfermline (centre, north, west: Abbey Parks, Lady's Mill, Garvock, Headwell, Kingseathill, Wellwood, Milesmark, Baldridge, Pittencrieff, Baldridgeburn)",Fife,KY12,Fife
greetin',55.871961551005015,-3.087369293919264,1675695548,6217,2009,14,Male,School,328,Bonnyrigg,Midlothian,EH19,"Lothian (Edinburgh)"
greetin',55.41030378437937,-4.553034458089576,1675730359,6224,1997,26,Male,Y,852,Dalmellington,"East Ayrshire",KA6,Ayrshire
greetin',55.795595327781186,-3.9077600352619566,1675954058,6227,1988,35,Female,Y,1150,Holytown,"North Lanarkshire",ML1,Glasgow
greetin',57.12279423689811,-2.1798093728538466,1676550719,6234,1944,79,Female,Y,134,"Cults, Aberdeen",Aberdeen,"Aberdeen Southwest","North East (Aberdeen)"
greetin',56.69808170401106,-2.8473637762868607,1676997915,6238,2004,19,Female,Y,179,Forfar,Angus,DD8,"Tayside and Angus (Dundee)"
greetin',55.879959001111814,-4.464666391359574,1677007314,6242,2003,20,Female,Y,1263,Inchinnan,Renfrewshire,PA4,Glasgow
greetin',55.87361549839277,-4.360621772786603,1677057162,6247,1966,57,Female,N,664,"Toryglen, Glasgow",Glasgow,"Glasgow Southwest",Glasgow
greetin',55.98425643249941,-3.8165569227269884,1677368897,6257,1955,68,Male,Y,377,"Falkirk (centre and south: Arnothill, Bantaskin, Callendar Park, Glen Village, Hallglen, Lionthorn, Tamfourhill, Woodlands)",Falkirk,FK1,"Stirling and Falkirk"
greetin',54.903181975425284,-3.7690303195159216,1677440090,6258,1968,55,Female,Y,215,Dalbeattie,"Dumfries and Galloway",DG5,"Dumfries and Galloway"
greetin',56.03837387168262,-3.4106546599944214,1677597629,6264,1970,53,Male,Y,1090,"Dunfermline (south and east: Halbeath, Touch, Duloch, Masterton, Pitcorthie, Abbeyview, Brucefield, Hospital Hill, Camdean, Pitreavie)",Fife,KY11,Fife
greetin',55.979579187150975,-2.89993046688668,1677598665,6267,2002,21,Female,Y,348,Prestonpans,"East Lothian",EH32,"Lothian (Edinburgh)"
greetin',55.7669408300864,-4.247623275941411,1677612031,6282,2000,23,Female,Y,530,"East Kilbride (north: The Village, East Mains, West Mains, Lymekilns, St Leonards, Calderwood, Nerston, Stewartfield, Peel Park)","South Lanarkshire",G74,Glasgow
greetin',55.91351965450498,-4.357732392748584,1677626224,6288,2002,21,Other,Y,639,"Scotstoun, Glasgow",Glasgow,"Glasgow Northwest",Glasgow
greetin',55.469652873055495,-4.464610410668272,1677636489,6291,2005,18,Other,Y,847,Sorn,"East Ayrshire",KA5,Ayrshire
greetin',55.88619306964993,-4.365662380694259,1677681885,6294,1978,45,Female,Y,638,"Drumchapel, Glasgow",Glasgow,"Glasgow Northwest",Glasgow
greetin',55.83095288029674,-4.241760156712537,1677749980,6297,1968,55,Female,Y,678,"Cardonald, Glasgow",Glasgow,"Glasgow Southwest",Glasgow
greetin',55.743730629269315,-4.246570478549809,1677760579,6300,2003,20,Female,Y,534,"East Kilbride (south: Hairmyres, Westwood, The Murray, Murray East, Whitehills, Greenhill, Newlandsmuir, Gardenhall, Crosshouse, Newlands, Lindsayfield, Mossneuk)","South Lanarkshire",G75,Glasgow
greetin',56.214622857617705,-2.772524811005158,1677968018,6310,2004,19,Female,Y,1083,Crail,Fife,KY10,Fife
greetin',55.816897529394225,-4.293971413130481,1678028240,6312,2004,19,Female,Y,653,"Netherlee, Glasgow",Glasgow,"Glasgow South",Glasgow
greetin',55.81869482604125,-4.294238030682626,1678030607,6312,2004,19,Female,Y,653,"Netherlee, Glasgow",Glasgow,"Glasgow South",Glasgow
greetin',56.97478010065312,-2.3955356522765467,1678047196,6313,2002,21,Female,Y,48,Stonehaven,Aberdeenshire,AB39,"North East (Aberdeen)"
greetin',55.914170099113576,-3.220802886384985,1678096607,6314,1997,26,Male,Y,311,"Currie, Edinburgh",Edinburgh,"Edinburgh South","Lothian (Edinburgh)"
greetin',55.95477358736046,-3.946167912713852,1678106420,6317,2004,19,Other,Y,514,"Cumbernauld (south: Condorrat, Lenziemill, Carbrain, Kildrum, Cumbernauld Village, Abronhill, Seafar)","North Lanarkshire",G67,Glasgow
greetin',55.841574786642454,-4.142409200853044,1678117041,6320,2004,19,Female,Y,623,"Shettleston, Glasgow",Glasgow,"Glasgow Northeast",Glasgow
greetin',55.83298181520543,-3.918586278553282,1678201656,6323,2005,18,Other,Y,1153,Newarthill,"North Lanarkshire",ML1,Glasgow
greetin',55.872216839994955,-3.876855175936676,1678269638,6331,2008,15,Other,School,1192,Airdrie,"North Lanarkshire",ML6,Glasgow
greetin',55.91538594400793,-4.590786888144903,1678999414,6339,1977,46,Female,Y,1229,"Port Glasgow",Inverclyde,PA14,Glasgow
greetin',55.44957973268769,-4.125160418754669,1678999854,6340,1992,31,Female,Y,798,Cumnock,"East Ayrshire",KA18,Ayrshire
greetin',56.27841677153345,-2.6511129222009826,1678999955,6341,1975,48,Female,Y,1114,"St Andrews",Fife,KY16,Fife
greetin',56.15143763198674,-3.302007216149786,1679003834,6342,1983,40,Female,Y,1128,Lochgelly,Fife,KY5,Fife
greetin',55.884387397753585,-3.5546331991131566,1679041354,6344,1991,32,Female,Y,375,Livingston,"West Lothian",EH54,"Lothian (Edinburgh)"
greetin',55.51978962586278,-4.388979467660286,1679044063,6347,2006,17,Male,School,845,Catrine,"East Ayrshire",KA5,Ayrshire
greetin',55.546564214047834,-4.10849624622826,1679044083,6351,2006,17,Male,School,798,Cumnock,"East Ayrshire",KA18,Ayrshire
greetin',55.374243099268284,-4.259856855774974,1679044112,6353,2006,17,Male,School,802,"New Cumnock","East Ayrshire",KA18,Ayrshire
greetin',55.42522463277776,-4.176481787032153,1679044282,6354,2006,17,Male,School,798,Cumnock,"East Ayrshire",KA18,Ayrshire
greetin',55.53618454910711,-4.248672941962947,1679044289,6352,2006,17,Male,School,845,Catrine,"East Ayrshire",KA5,Ayrshire
greetin',56.140387891124675,-3.095760763751374,1679053518,6355,1994,29,Female,Y,1079,"Kirkcaldy (east: Linktown, Port Brae, Pathhead, Sinclairtown, Smeaton, Gallatown)",Fife,KY1,Fife
greetin',55.82991457843305,-4.078998889916865,1679054438,6356,2010,13,Male,School,525,Uddingston,"South Lanarkshire",G71,Glasgow
greetin',55.80054590601386,-4.021944158281659,1679054466,6357,2008,15,Male,School,1186,Bellshill,"North Lanarkshire",ML4,Glasgow
greetin',56.08074426328915,-3.267913372659568,1679055077,6358,1991,32,Male,N,1117,"Kirkcaldy (west: Hayfield, Templehall, Newliston, Chapel, Dunnikier, Bennochy)",Fife,KY2,Fife
greetin',56.205951029755816,-3.1437770971182593,1679056237,6361,2008,15,Female,School,1132,"Coaltown of Balgonie",Fife,KY7,Fife
greetin',56.23716382847627,-3.10756525024558,1679056259,6365,2008,15,Male,School,1133,"Glenrothes (centre and east: Pitteuchar, Finglassie, Stenton, Auchmuty, Pitcoudie, Balfarg, Pircairn, Collydean)",Fife,KY7,Fife
greetin',56.21220544506838,-3.1121423304353795,1679056267,6366,2008,15,Male,School,1134,Markinch,Fife,KY7,Fife
greetin',56.22760135082009,-3.1359515853735696,1679056285,6370,2008,15,Female,N,1133,"Glenrothes (centre and east: Pitteuchar, Finglassie, Stenton, Auchmuty, Pitcoudie, Balfarg, Pircairn, Collydean)",Fife,KY7,Fife
greetin',56.235489370015195,-3.1309520157680395,1679056362,6373,2008,15,Female,School,1133,"Glenrothes (centre and east: Pitteuchar, Finglassie, Stenton, Auchmuty, Pitcoudie, Balfarg, Pircairn, Collydean)",Fife,KY7,Fife
greetin',56.23088546788765,-3.5290312332283955,1679056422,6384,2008,15,Female,School,1100,Scotlandwell,"Perth and Kinross",KY13,Fife
greetin',56.22150025121207,-3.107466979303673,1679056430,6360,2008,15,Female,School,1133,"Glenrothes (centre and east: Pitteuchar, Finglassie, Stenton, Auchmuty, Pitcoudie, Balfarg, Pircairn, Collydean)",Fife,KY7,Fife
greetin',56.19778407513729,-3.175013694355367,1679056437,6378,2008,15,Female,School,1133,"Glenrothes (centre and east: Pitteuchar, Finglassie, Stenton, Auchmuty, Pitcoudie, Balfarg, Pircairn, Collydean)",Fife,KY7,Fife
greetin',56.176035625303285,-3.163031184646558,1679056456,6377,2008,15,Male,School,1133,"Glenrothes (centre and east: Pitteuchar, Finglassie, Stenton, Auchmuty, Pitcoudie, Balfarg, Pircairn, Collydean)",Fife,KY7,Fife
greetin',56.20671490413721,-3.1634525333258092,1679056539,6390,2009,14,Male,School,1133,"Glenrothes (centre and east: Pitteuchar, Finglassie, Stenton, Auchmuty, Pitcoudie, Balfarg, Pircairn, Collydean)",Fife,KY7,Fife
greetin',56.23405261469474,-3.0840917067955944,1679056868,6397,2008,15,Male,School,1133,"Glenrothes (centre and east: Pitteuchar, Finglassie, Stenton, Auchmuty, Pitcoudie, Balfarg, Pircairn, Collydean)",Fife,KY7,Fife
greetin',56.06876635851249,-3.597071378441758,1679057254,6398,2008,15,Other,School,1096,"Dunfermline (centre, north, west: Abbey Parks, Lady's Mill, Garvock, Headwell, Kingseathill, Wellwood, Milesmark, Baldridge, Pittencrieff, Baldridgeburn)",Fife,KY12,Fife
greetin',56.12830074178307,-3.151773928172678,1679057801,6401,2008,15,Male,School,1080,Thornton,Fife,KY1,Fife
greetin',54.97902883163675,-4.591143682384753,1679058297,6402,1995,28,Female,Y,225,"Newton Stewart","Dumfries and Galloway",DG8,"Dumfries and Galloway"
greetin',55.913099308655745,-4.184785708010577,1679323815,6407,2000,23,Female,N,620,"Mount Vernon, Glasgow",Glasgow,"Glasgow Northeast",Glasgow
greetin',56.184251644578765,-3.1536462872340656,1679413654,6360,2008,15,Female,School,1133,"Glenrothes (centre and east: Pitteuchar, Finglassie, Stenton, Auchmuty, Pitcoudie, Balfarg, Pircairn, Collydean)",Fife,KY7,Fife
greetin',56.174686304792004,-3.1521053621185797,1679414496,6360,2008,15,Female,School,1133,"Glenrothes (centre and east: Pitteuchar, Finglassie, Stenton, Auchmuty, Pitcoudie, Balfarg, Pircairn, Collydean)",Fife,KY7,Fife
greetin',57.216169766044395,-2.3316881812679315,1679470718,6412,1971,52,Female,Y,65,Kemnay,Aberdeenshire,AB51,"North East (Aberdeen)"
greetin',55.96551626257508,-4.446335382507757,1679499974,6414,1992,31,Female,Y,546,Clydebank,"West Dunbartonshire",G81,Glasgow
greetin',55.844066319886686,-4.099455893515029,1679667398,6415,2000,23,Female,Y,622,"Sandyhills, Glasgow",Glasgow,"Glasgow Northeast",Glasgow
greetin',55.94165376119282,-3.8245609805180645,1679667632,6416,1997,26,Male,Y,377,"Falkirk (centre and south: Arnothill, Bantaskin, Callendar Park, Glen Village, Hallglen, Lionthorn, Tamfourhill, Woodlands)",Falkirk,FK1,"Stirling and Falkirk"
greetin',56.058719573880275,-3.6345780320869903,1679670945,6417,1994,29,Female,Y,1096,"Dunfermline (centre, north, west: Abbey Parks, Lady's Mill, Garvock, Headwell, Kingseathill, Wellwood, Milesmark, Baldridge, Pittencrieff, Baldridgeburn)",Fife,KY12,Fife
greetin',55.762321110449285,-4.517647083214906,1679687227,6419,1996,27,Female,Y,540,Barrhead,"East Renfrewshire",G78,Glasgow
greetin',54.96046508385274,-5.009848373082254,1680009351,6422,1982,41,Female,Y,231,Stranraer,"Dumfries and Galloway",DG9,"Dumfries and Galloway"
greetin',55.793390083007964,-4.306243717690932,1680196768,6429,1979,44,Female,Y,653,"Netherlee, Glasgow",Glasgow,"Glasgow South",Glasgow
greetin',55.86010393517198,-4.207980126184862,1680643056,6431,1949,74,Female,N,627,"Dennistoun, Glasgow",Glasgow,"Glasgow Northeast",Glasgow
greetin',55.959275075905566,-3.8585170570777994,1681113693,6433,1991,32,Female,Y,383,Slamannan, Falkirk,FK1,"Stirling and Falkirk"
greetin',56.41616230785663,-2.8893175895184577,1681480631,6435,1981,42,Male,Y,1114,"St Andrews",Fife,KY16,Fife
greetin',55.44697220822228,-4.63283548764112,1681823544,6437,2000,23,Female,Y,856,"Ayr (Centre)","South Ayrshire",KA7,Ayrshire
greetin',55.864286258713165,-4.620262139471713,1682429746,6443,1995,28,Female,Y,1224,"Bridge of Weir",Renfrewshire,PA11,Glasgow
greetin',56.074915039234874,-3.2406540897739866,1682433032,6444,1997,26,Female,Y,1119,Burntisland,Fife,KY3,Fife
greetin',55.84481460341983,-4.529900487473568,1682511974,6448,2008,15,Other,School,1276,Johnstone,Renfrewshire,PA5,Glasgow
greetin',55.78487466601874,-4.288288282395287,1683023593,6457,1995,28,Male,Y,648,"Shawlands, Glasgow",Glasgow,"Glasgow South",Glasgow
greetin',55.784281125961186,-4.290444274647934,1683280522,6461,1959,64,Male,Y,655,"Simshill, Glasgow",Glasgow,"Glasgow South",Glasgow
greetin',55.89325123456536,-3.831111322533176,1683281835,6460,1987,36,Female,Y,1192,Airdrie,"North Lanarkshire",ML6,Glasgow
greetin',55.806199611354955,-4.028066916030262,1683283972,6463,2008,15,Male,School,1186,Bellshill,"North Lanarkshire",ML4,Glasgow
greetin',55.86152254718441,-4.34762112464401,1683746685,6472,1988,35,Male,Y,678,"Cardonald, Glasgow",Glasgow,"Glasgow Southwest",Glasgow
greetin',55.80494471623263,-4.342276482737357,1683747361,6473,2000,23,Female,N,672,"Govan, Glasgow",Glasgow,"Glasgow Southwest",Glasgow
greetin',55.207963767390645,-4.3932544377759575,1683811391,6476,1972,51,Female,Y,853,Dalrymple,"East Ayrshire",KA6,Ayrshire
greetin',55.41540256881691,-4.690795215484777,1683888780,6477,1965,58,Male,N,856,"Ayr (Centre)","South Ayrshire",KA7,Ayrshire
greetin',57.18777352704865,-2.289481451767507,1683899002,6478,1988,35,Female,N,112,"Dyce, Aberdeen",Aberdeen,"Aberdeen North","North East (Aberdeen)"
greetin',55.62452462840302,-4.547609895140145,1683916294,6479,1962,61,Female,Y,809,Dundonald,"South Ayrshire",KA2,Ayrshire
greetin',55.84210950745543,-4.112521465805688,1683989657,6482,1963,60,Female,Y,598,Rutherglen,"South Lanarkshire","Glasgow Northeast",Glasgow
greetin',55.93148915296402,-4.867696345422542,1684073875,6483,2001,22,Female,Y,1235,Gourock,Inverclyde,PA19,Glasgow
greetin',55.910747911929136,-4.574498331134268,1684159907,6484,1979,44,Female,Y,1229,"Port Glasgow",Inverclyde,PA14,Glasgow
greetin',55.80329284765231,-4.282695111300939,1684445408,6486,1985,38,Female,Y,648,"Shawlands, Glasgow",Glasgow,"Glasgow South",Glasgow
greetin',55.89041359586367,-4.231034521722313,1684489955,6487,1984,39,Male,N,616,"Calton, Glasgow",Glasgow,"Glasgow Northeast",Glasgow
greetin',55.89739747242266,-3.9197395441097904,1684492273,6489,2010,13,Other,School,1192,Airdrie,"North Lanarkshire",ML6,Glasgow
greetin',55.89611177799034,-4.299451578478272,1684508044,6487,1984,39,Male,N,616,"Calton, Glasgow",Glasgow,"Glasgow Northeast",Glasgow
greetin',56.30860615949546,-3.7216971788738755,1684709118,6491,1990,33,Female,Y,1372,Aberuthven,"Perth and Kinross",PH3,Fife
greetin',57.6357705644446,-2.788996242414303,1685097566,6492,2007,16,Female,School,90,Buckie,Moray,AB56,"North East (Aberdeen)"
greetin',57.66379823126252,-2.49277308468065,1685310227,6493,1978,45,Female,Y,58,Macduff,Aberdeenshire,AB44,"North East (Aberdeen)"
greetin',57.71379460287817,-3.3440873313557096,1686078415,6500,2010,13,Other,School,738,Lossiemouth,Moray,IV31,"North East (Aberdeen)"
greetin',57.690897331013325,-3.29123216886457,1686078667,6500,2010,13,Other,School,738,Lossiemouth,Moray,IV31,"North East (Aberdeen)"
greetin',55.81046583254854,-3.8989956362538902,1686143019,6501,2005,18,Female,Y,1153,Newarthill,"North Lanarkshire",ML1,Glasgow
greetin',55.443221004879575,-4.614552504671038,1686291671,6503,1989,34,Male,Y,856,"Ayr (Centre)","South Ayrshire",KA7,Ayrshire
greetin',55.86384648037521,-4.261733483264323,1686322577,6504,2001,22,Male,School,581,"Merchant City, Glasgow",Glasgow,"Glasgow City Centre",Glasgow
greetin',55.84985914026376,-4.1728070406126525,1686577033,6511,2006,17,Male,School,615,"Bridgeton, Glasgow",Glasgow,"Glasgow Northeast",Glasgow
greetin',55.88474617873513,-4.242453762336588,1686577122,6525,2006,17,Male,School,617,"Dalmarnock, Glasgow",Glasgow,"Glasgow Northeast",Glasgow
greetin',56.20621747419552,-3.56099843026515,1686577163,6512,2008,15,Female,N,1100,Scotlandwell,"Perth and Kinross",KY13,Fife
greetin',55.885229935803764,-4.263136296699398,1686577189,6516,2007,16,Other,School,617,"Dalmarnock, Glasgow",Glasgow,"Glasgow Northeast",Glasgow
greetin',55.85557738912127,-4.136172716317375,1686577189,6519,2007,16,Female,School,627,"Dennistoun, Glasgow",Glasgow,"Glasgow Northeast",Glasgow
greetin',55.88422094136422,-4.2165255625609666,1686577191,6514,2007,16,Male,School,627,"Dennistoun, Glasgow",Glasgow,"Glasgow Northeast",Glasgow
greetin',55.86442009803413,-4.219976252680849,1686577238,6513,2008,15,Female,School,615,"Bridgeton, Glasgow",Glasgow,"Glasgow Northeast",Glasgow
greetin',55.868639228214434,-4.096242687814113,1686577260,6517,2007,16,Male,School,625,"Parkhead, Glasgow",Glasgow,"Glasgow Northeast",Glasgow
greetin',55.8563457172128,-4.099633542579807,1686577338,6535,2007,16,Female,N,616,"Calton, Glasgow",Glasgow,"Glasgow Northeast",Glasgow
greetin',55.89085464044986,-4.251157768747632,1686577357,6536,2007,16,Male,School,617,"Dalmarnock, Glasgow",Glasgow,"Glasgow Northeast",Glasgow
greetin',55.83429278074992,-4.10117643934744,1686577369,6533,2007,16,Male,School,617,"Dalmarnock, Glasgow",Glasgow,"Glasgow Northeast",Glasgow
greetin',55.82713054219374,-4.163076070013094,1686913313,6542,2008,15,Male,School,619,"Tollcross, Glasgow",Glasgow,"Glasgow Northeast",Glasgow
greetin',55.85120940569946,-4.160918993929898,1686913414,6541,2006,17,Male,School,617,"Dalmarnock, Glasgow",Glasgow,"Glasgow Northeast",Glasgow
greetin',55.90636873287418,-4.184704294944653,1686913501,6551,2008,15,Male,School,619,"Tollcross, Glasgow",Glasgow,"Glasgow Northeast",Glasgow
greetin',55.88691518927069,-4.229998864890265,1686921214,6556,2007,16,Female,School,615,"Bridgeton, Glasgow",Glasgow,"Glasgow Northeast",Glasgow
greetin',55.85384533691,-4.0867209428908255,1686921520,6555,2008,15,Other,School,603,"Carntyne, Glasgow",Glasgow,"Glasgow Northeast",Glasgow
greetin',55.80154412095078,-4.4581834327866865,1690748824,6571,1995,28,Male,Y,1236,"Paisley (south: Blackhall, Castlehead, Dykebar, Foxbar, Hunterhill, Meikleriggs)",Renfrewshire,PA2,Glasgow
greetin',56.46818315768759,-3.037286620859361,1691095913,6572,1993,30,Male,N,237,"Blackness, Dundee",Dundee,"Dundee Central","Tayside and Angus (Dundee)"
greetin',55.5679798163951,-4.35441041207565,1692800975,6576,2008,15,Other,School,843,Galston,"East Ayrshire",KA4,Ayrshire
greetin',55.85635116105933,-4.193419830050838,1692896227,6578,1992,31,Female,Y,598,Rutherglen,"South Lanarkshire","Glasgow Northeast",Glasgow
greetin',55.83558312364991,-4.180270186819297,1693935251,6583,1961,62,Female,N,603,"Carntyne, Glasgow",Glasgow,"Glasgow Northeast",Glasgow
greetin',55.650728096463574,-4.389377966424497,1694442694,6576,2008,15,Other,School,843,Galston,"East Ayrshire",KA4,Ayrshire
greetin',56.03589347884567,-2.842766854543781,1694517216,6587,2000,23,Male,N,345,Gullane,"East Lothian",EH31,"Lothian (Edinburgh)"
greetin',56.03605990816883,-2.83301767100395,1694703721,6587,2000,23,Male,N,345,Gullane,"East Lothian",EH31,"Lothian (Edinburgh)"
greetin',54.880546689277935,-4.322916658866092,1695036978,6597,2005,18,Male,School,227,Wigtown,"Dumfries and Galloway",DG8,"Dumfries and Galloway"
greetin',55.810976774398846,-4.150438337207056,1695208109,6600,2010,13,Male,N,529,Cambuslang,"South Lanarkshire",G72,Glasgow
greetin',55.91502664841082,-4.177261830052114,1695208125,6599,2010,13,Male,School,598,Rutherglen,"South Lanarkshire","Glasgow Northeast",Glasgow
greetin',55.79063622528427,-4.1774857492206285,1695208155,6601,2010,13,Female,School,529,Cambuslang,"South Lanarkshire",G72,Glasgow
greetin',55.88553036600012,-4.250518938547976,1695208337,6608,2010,13,Female,School,598,Rutherglen,"South Lanarkshire","Glasgow Northeast",Glasgow
greetin',55.805547831416106,-4.199516655435001,1695208466,6609,2010,13,Male,School,575,"Springhall, Glasgow",Glasgow,"Glasgow Castlemilk",Glasgow
greetin',55.79426251950391,-4.156224933309265,1695208492,6607,2010,13,Female,School,529,Cambuslang,"South Lanarkshire",G72,Glasgow
greetin',55.79046006240961,-4.201944331825457,1695208510,6614,2011,12,Female,School,575,"Springhall, Glasgow",Glasgow,"Glasgow Castlemilk",Glasgow
greetin',55.84487892922311,-4.1771898361187105,1695208587,6608,2010,13,Female,School,598,Rutherglen,"South Lanarkshire","Glasgow Northeast",Glasgow
greetin',55.798331211415736,-4.105763240119516,1695208680,6612,2010,13,Female,School,529,Cambuslang,"South Lanarkshire",G72,Glasgow
greetin',55.88903358534151,-4.245615237091559,1695209084,6613,2011,12,Female,School,634,"Maryhill, Glasgow",Glasgow,"Glasgow Northeast",Glasgow
greetin',55.800005707017135,-4.346703297064252,1695209147,6605,2010,13,Male,School,661,"Govanhill, Glasgow",Glasgow,"Glasgow Southwest",Glasgow
greetin',54.89462349222713,-4.974286623879717,1695721217,6618,1977,46,Male,Y,231,Stranraer,"Dumfries and Galloway",DG9,"Dumfries and Galloway"
greetin',55.840670253463664,-4.145387380710468,1695822716,6620,2003,20,Female,Y,632,"Springburn, Glasgow",Glasgow,"Glasgow Northeast",Glasgow
greetin',55.51786830683007,-4.549693396280016,1696836828,6625,2002,21,Male,Y,873,Prestwick,"South Ayrshire",KA9,Ayrshire
greetin',55.93141464226031,-2.6179811707081955,1696854616,6626,2001,22,Other,School,359,Dunbar,"East Lothian",EH42,"Lothian (Edinburgh)"
greetin',55.89635910637747,-4.290629769526976,1696981724,6628,1987,36,Male,Y,627,"Dennistoun, Glasgow",Glasgow,"Glasgow Northeast",Glasgow
greetin',57.163335065934525,-2.0825123341367533,1697305170,6631,2001,22,Female,Y,107,"Rosemount, Aberdeen",Aberdeen,"Aberdeen Central","North East (Aberdeen)"
greetin',55.89515263614711,-4.336871174629874,1697862276,6636,1991,32,Male,N,644,"Partick, Glasgow",Glasgow,"Glasgow Northwest",Glasgow
greetin',55.769487466656514,-4.561771894569488,1699514349,6640,1974,49,Female,Y,791,Beith,"East Ayrshire",KA15,Ayrshire
greetin',56.068519928616475,-3.2616315578512594,1699907821,6641,2003,20,Other,Y,1119,Burntisland,Fife,KY3,Fife
greetin',55.276752917870766,-3.584358141331832,1699908212,6642,2003,20,Other,Y,186,"Dumfries (centre and east: Dalscone, Georgetown, Heathhall, Kingholm Quay, Noblehill, The Crichton)","Dumfries and Galloway",DG1,"Dumfries and Galloway"
greetin',55.86016002596247,-4.077506136650281,1700615174,6644,1992,31,Female,Y,625,"Parkhead, Glasgow",Glasgow,"Glasgow Northeast",Glasgow
greetin',55.70683910652751,-4.622310544305418,1701806197,6653,1963,60,Male,Y,788,Kilwinning,"North Ayrshire",KA13,Ayrshire
greetin',55.35705566794181,-3.1029425669563135,1702159801,6656,1989,34,Female,Y,1493,Hawick,"Scottish Borders",TD9,Borders
greetin',56.466988841460456,-3.009514003156123,1702413777,6658,1993,30,Male,N,237,"Blackness, Dundee",Dundee,"Dundee Central","Tayside and Angus (Dundee)"
greetin',55.98601280222828,-3.189305463687579,1702419843,6659,1987,36,Male,Y,284,"Restalrig, Edinburgh",Edinburgh,"Edinburgh Leith","Lothian (Edinburgh)"
greetin',54.92097543044609,-3.5851582722266864,1702422205,6662,2004,19,Male,N,207,"Dumfries (west: Broomlands, Cargenbridge, Lochside, Maxwelltown, Troqueer)","Dumfries and Galloway",DG2,"Dumfries and Galloway"
greetin',56.00048821639688,-3.55722318881216,1702432455,6664,1989,34,Male,Y,370,Bo'ness,Falkirk,EH51,"Lothian (Edinburgh)"
greetin',55.91202788962986,-4.3541490417195,1702434774,6665,1993,30,Male,Y,638,"Drumchapel, Glasgow",Glasgow,"Glasgow Northwest",Glasgow
greetin',55.9408510875936,-3.997910976747828,1702447249,6666,1993,30,Female,Y,514,"Cumbernauld (south: Condorrat, Lenziemill, Carbrain, Kildrum, Cumbernauld Village, Abronhill, Seafar)","North Lanarkshire",G67,Glasgow
greetin',58.20317141692413,-6.369941855811196,1702453312,6669,1970,53,Male,Y,686,"Stornoway, Isle of Lewis","Western Isles",HS1,"Western Isles"
greetin',55.19523026996861,-3.7765210273272465,1702456761,6671,1992,31,Male,Y,207,"Dumfries (west: Broomlands, Cargenbridge, Lochside, Maxwelltown, Troqueer)","Dumfries and Galloway",DG2,"Dumfries and Galloway"
greetin',55.800082345765176,-3.924436985070222,1702458480,6673,1962,61,Male,Y,1150,Holytown,"North Lanarkshire",ML1,Glasgow
greetin',57.10785476526632,-2.242242224498948,1702460551,6674,1968,55,Male,N,133,"Bieldside, Aberdeen",Aberdeen,"Aberdeen Southwest","North East (Aberdeen)"
greetin',55.766844915519,-3.8839095121790788,1702463271,6678,1981,42,Male,Y,1180,Wishaw,"North Lanarkshire",ML2,Glasgow
greetin',55.90673634052686,-3.749512022520533,1702465312,6681,1988,35,Male,N,377,"Falkirk (centre and south: Arnothill, Bantaskin, Callendar Park, Glen Village, Hallglen, Lionthorn, Tamfourhill, Woodlands)",Falkirk,FK1,"Stirling and Falkirk"
greetin',55.805657048328875,-4.036104455200624,1702465875,6682,1992,31,Male,Y,1186,Bellshill,"North Lanarkshire",ML4,Glasgow
greetin',55.944405816882785,-4.0128704500829775,1702468265,6683,1964,59,Male,N,517,"Cumbernauld (north: Balloch, Eastfield, Carrickstone, Smithstone, Blackwood, Westfield)","North Lanarkshire",G68,Glasgow
greetin',56.0353869433878,-4.0135932804972985,1702468410,6684,1995,28,Male,N,452,Denny,Falkirk,FK6,"Stirling and Falkirk"
greetin',55.91912517903171,-4.682156065678799,1702472446,6688,1994,29,Male,N,1229,"Port Glasgow",Inverclyde,PA14,Glasgow
greetin',55.902086584557395,-4.211230230144525,1702474906,6690,1965,58,Male,N,617,"Dalmarnock, Glasgow",Glasgow,"Glasgow Northeast",Glasgow
greetin',55.72907055373362,-4.031236100513473,1702478511,6691,1977,46,Male,Y,1183,Hamilton,"South Lanarkshire",ML3,Glasgow
greetin',55.8387638852024,-3.5979895089221534,1702501116,6693,1955,68,Male,N,376,"West Calder","West Lothian",EH55,"Lothian (Edinburgh)"
greetin',55.803058709315415,-3.6504980135230265,1702501633,6693,1955,68,Male,N,376,"West Calder","West Lothian",EH55,"Lothian (Edinburgh)"
greetin',55.949901078216904,-2.5641699838042946,1702514179,6694,1989,34,Male,Y,359,Dunbar,"East Lothian",EH42,"Lothian (Edinburgh)"
greetin',55.86038342150398,-4.194479440544815,1702609324,6697,1969,54,Male,Y,602,"Baillieston, Glasgow",Glasgow,"Glasgow Northeast",Glasgow
greetin',55.91940644387093,-3.4664785435039756,1702668550,6698,1975,48,Male,N,371,Broxburn,"West Lothian",EH52,"Lothian (Edinburgh)"
greetin',55.85243059104684,-4.3363316088301795,1703689530,6702,1957,66,Female,Y,672,"Govan, Glasgow",Glasgow,"Glasgow Southwest",Glasgow
greetin',55.82980017926142,-4.482149692364175,1703799666,6703,1961,62,Male,Y,1276,Johnstone,Renfrewshire,PA5,Glasgow
greetin',56.479914298507026,-3.024197491803959,1704307161,6706,2000,24,Female,Y,244,"Stobswell, Dundee",Dundee,"Dundee Central","Tayside and Angus (Dundee)"
greetin',57.25264122088904,-2.1527361706405035,1705494578,6720,1989,35,Female,N,125,Whiterashes,Aberdeenshire,"Aberdeen North","North East (Aberdeen)"
greetin',55.92433133577325,-3.0170197069066567,1706541019,6728,1995,29,Female,Y,330,Musselburgh,"East Lothian",EH21,"Lothian (Edinburgh)"
greetin',55.90745902604124,-4.278696416107093,1706541530,6729,1979,45,Female,Y,480,"Summerston, Glasgow",Glasgow,G23,Glasgow
greetin',57.44250783629346,-3.046972453814881,1706706171,6733,1998,26,Female,Y,88,Keith, Moray,AB55,"North East (Aberdeen)"
greetin',55.850835616063875,-4.10111286750918,1707039535,6738,1969,55,Female,Y,634,"Maryhill, Glasgow",Glasgow,"Glasgow Northeast",Glasgow
greetin',55.4979509618071,-4.417570152705432,1707061485,6739,1997,27,Female,Y,846,Mauchline,"East Ayrshire",KA5,Ayrshire
greetin',57.12214620907123,-2.3041378136694766,1707158618,6740,2000,24,Female,Y,131,"Milltimber, Aberdeen",Aberdeen,"Aberdeen Southwest","North East (Aberdeen)"
greetin',55.79156618371603,-4.2846729089081395,1707491725,6749,1959,65,Female,Y,651,"Cathcart, Glasgow",Glasgow,"Glasgow South",Glasgow
greetin',55.62952064149387,-4.69007255181171,1707649529,6752,1966,58,Female,Y,787,"Irvine (centre: Castlepark, Tarryholme)","North Ayrshire",KA12,Ayrshire
greetin',56.1128368447692,-4.018098306217552,1707832642,6754,1997,27,Male,Y,465,Aberfoyle,Stirlingshire,FK8,"Stirling and Falkirk"
greetin',58.209272951342136,-6.35878164557278,1707832836,6755,1982,42,Male,Y,686,"Stornoway, Isle of Lewis","Western Isles",HS1,"Western Isles"
greetin',55.88445531919061,-4.333948632351937,1708079076,6757,1964,60,Female,N,591,"Hillhead, Glasgow",Glasgow,"Glasgow Kelvin",Glasgow
greetin',55.965805219215945,-4.230696865088306,1708094965,6758,1977,47,Female,Y,509,Lenzie,"East Dunbartonshire",G66,Glasgow
greetin',54.843154892773526,-3.969418790953493,1708170890,6760,1977,47,Male,Y,218,Kirkcudbright,"Dumfries and Galloway",DG6,"Dumfries and Galloway"
greetin',55.79877123385697,-3.7059460905490447,1708170903,6759,1983,41,Female,N,366,Whitburn,"West Lothian",EH47,"Lothian (Edinburgh)"
greetin',55.752467395780414,-4.685985038504144,1708377242,6761,2002,22,Other,Y,817,Kilbirnie,"North Ayrshire",KA25,Ayrshire
greetin',55.750006220888416,-4.049468890610703,1708446714,6782,2005,19,Female,Y,1183,Hamilton,"South Lanarkshire",ML3,Glasgow
greetin',55.88210785045236,-3.6627516242007974,1708449436,6786,2005,19,Female,Y,367,Armadale,"West Lothian",EH48,"Lothian (Edinburgh)"
greetin',55.93294105029681,-4.8205771110951385,1708450762,6789,1988,36,Male,Y,1231,"Greenock (west: Bow Farm, Braeside, Branchton, Fort Matilda, Gateside, Greenock West, Overton, Pennyfern, Smithston)",Inverclyde,PA16,Glasgow
greetin',55.99368568966006,-4.6728899720900525,1708451161,6790,2004,20,Female,Y,549,Dumbarton,"West Dunbartonshire",G82,Glasgow
greetin',55.34990234308925,-3.840082283625078,1708457307,6800,2004,20,Female,Y,212,Kirkconnel,"Dumfries and Galloway",DG4,"Dumfries and Galloway"
greetin',55.80812783780468,-4.514603293543775,1708465566,6808,1984,40,Female,N,1308,Howwood,Renfrewshire,PA9,Glasgow
greetin',55.70744087523237,-3.7161795312266306,1708549143,6816,2004,20,Male,Y,1162,Blackwood,"South Lanarkshire",ML11,Glasgow
greetin',55.864748571528324,-4.636194078366529,1708553145,6818,1962,62,Male,Y,1224,"Bridge of Weir",Renfrewshire,PA11,Glasgow
greetin',55.797176051219225,-3.982799213525133,1708590486,6819,1988,36,Male,Y,1151,Motherwell,"North Lanarkshire",ML1,Glasgow
greetin',55.86308790048076,-3.9224776094238476,1708610165,6824,1977,47,Male,Y,1192,Airdrie,"North Lanarkshire",ML6,Glasgow
greetin',55.8376657190814,-3.950787859279893,1708610952,6824,1977,47,Male,Y,1192,Airdrie,"North Lanarkshire",ML6,Glasgow
greetin',55.96601118826231,-3.231020947700565,1708618670,6825,2002,22,Female,Y,278,"Granton, Edinburgh",Edinburgh,"Edinburgh Clermiston Granton","Lothian (Edinburgh)"
greetin',55.87647750907783,-4.278410494898799,1708700531,6829,2004,20,Female,Y,594,"Woodlands, Glasgow",Glasgow,"Glasgow Kelvin",Glasgow
greetin',55.95700829323428,-3.2400138947699424,1708708266,6832,1974,50,Female,Y,278,"Granton, Edinburgh",Edinburgh,"Edinburgh Clermiston Granton","Lothian (Edinburgh)"
greetin',57.140009042566014,-2.1084833681292627,1708963596,6842,1997,27,Female,Y,132,"Peterculter, Aberdeen",Aberdeen,"Aberdeen Southwest","North East (Aberdeen)"
greetin',55.82119081963679,-4.476066861998625,1708978461,6844,2006,18,Female,Y,1236,"Paisley (south: Blackhall, Castlehead, Dykebar, Foxbar, Hunterhill, Meikleriggs)",Renfrewshire,PA2,Glasgow
greetin',55.95124241415883,-2.751927387317972,1709031245,6852,2005,19,Female,Y,357,Haddington,"East Lothian",EH41,"Lothian (Edinburgh)"
greetin',55.96152863265089,-3.132112661534868,1709040635,6861,2005,19,Female,Y,285,"Leith, Edinburgh",Edinburgh,"Edinburgh Leith","Lothian (Edinburgh)"
greetin',55.98226087194183,-3.1608088973919743,1709040833,6861,2005,19,Female,Y,285,"Leith, Edinburgh",Edinburgh,"Edinburgh Leith","Lothian (Edinburgh)"
greetin',55.88201197281807,-4.268644363916762,1709043871,6864,2005,19,Female,Y,615,"Bridgeton, Glasgow",Glasgow,"Glasgow Northeast",Glasgow
greetin',55.66997351821234,-4.773342590407278,1709120413,6873,2004,20,Male,Y,812,Saltcoats,"East Ayrshire",KA21,Ayrshire
greetin',56.466023684899895,-2.9963409969703276,1709155857,6876,1962,62,Male,Y,238,"Menzieshill, Dundee",Dundee,"Dundee Central","Tayside and Angus (Dundee)"
greetin',55.92680298549992,-4.315860071711714,1709295897,6879,1979,45,Female,Y,488,Bearsden,"East Dunbartonshire",G61,Glasgow
greetin',55.851963441622544,-4.225114510823376,1709485111,6886,1959,65,Male,Y,634,"Maryhill, Glasgow",Glasgow,"Glasgow Northeast",Glasgow
greetin',55.885566714644135,-4.038808149896658,1709670274,6889,2006,18,Female,Y,1189,Coatbridge,"North Lanarkshire",ML5,Glasgow
greetin',55.976351110425654,-4.580806331888177,1709678989,6890,1999,25,Female,Y,549,Dumbarton,"West Dunbartonshire",G82,Glasgow
greetin',55.93349432921628,-3.1505432876828987,1710070197,6895,1963,61,Female,Y,322,"Gilmerton, Edinburgh",Edinburgh,"Edinburgh Southeast","Lothian (Edinburgh)"
greetin',55.970404742867,-3.1602695857349903,1710070940,6896,1984,40,Male,N,285,"Leith, Edinburgh",Edinburgh,"Edinburgh Leith","Lothian (Edinburgh)"
greetin',55.92649684626283,-3.273795478271511,1710095063,6898,1959,65,Male,N,270,"Meadows and Southside, Edinburgh",Edinburgh,"Edinburgh Central","Lothian (Edinburgh)"
greetin',55.94844705884885,-3.152915111869323,1710359449,6899,1968,56,Female,N,281,"Portobello, Edinburgh",Edinburgh,"Edinburgh Duddingston","Lothian (Edinburgh)"
greetin',56.02860471416026,-2.824141005044133,1710750157,6901,2000,24,Male,N,345,Gullane,"East Lothian",EH31,"Lothian (Edinburgh)"
greetin',55.93097853197798,-3.0630312287376524,1710975703,6906,1963,61,Female,Y,330,Musselburgh,"East Lothian",EH21,"Lothian (Edinburgh)"
greetin',56.07346615040743,-3.4282994522446306,1711117183,6908,2005,19,Female,Y,1090,"Dunfermline (south and east: Halbeath, Touch, Duloch, Masterton, Pitcorthie, Abbeyview, Brucefield, Hospital Hill, Camdean, Pitreavie)",Fife,KY11,Fife
greetin',56.48866556436711,-3.0304575673955148,1711393198,6909,1955,69,Female,Y,244,"Stobswell, Dundee",Dundee,"Dundee Central","Tayside and Angus (Dundee)"
greetin',55.803058506303664,-4.712563927363515,1713369052,6916,1952,72,Male,Y,817,Kilbirnie,"North Ayrshire",KA25,Ayrshire
greetin',55.42004033041071,-4.102200164212625,1713369502,6917,1959,65,Male,Y,802,"New Cumnock","East Ayrshire",KA18,Ayrshire
greetin',55.795505231710514,-4.257133690975789,1713370439,6918,1957,67,Female,N,571,"Castlemilk, Glasgow",Glasgow,"Glasgow Castlemilk",Glasgow
greetin',57.15944399675586,-2.0811006132469063,1713371322,6919,1957,67,Male,Y,107,"Rosemount, Aberdeen",Aberdeen,"Aberdeen Central","North East (Aberdeen)"
greetin',55.837293150574304,-4.416739562871569,1713374146,6920,1953,71,Female,Y,1236,"Paisley (south: Blackhall, Castlehead, Dykebar, Foxbar, Hunterhill, Meikleriggs)",Renfrewshire,PA2,Glasgow
greetin',55.904528321853164,-4.380928553342548,1713379714,6921,1943,81,Male,Y,639,"Scotstoun, Glasgow",Glasgow,"Glasgow Northwest",Glasgow
greetin',55.64350435180337,-4.744909600957047,1713395413,6922,1963,61,Female,Y,811,Stevenston,"North Ayrshire",KA20,Ayrshire
greetin',55.80976354425271,-4.285133407233939,1713452082,6925,1963,61,Female,Y,653,"Netherlee, Glasgow",Glasgow,"Glasgow South",Glasgow
greetin',55.43058171764732,-4.648553552805784,1713459680,6926,1951,73,Female,N,856,"Ayr (Centre)","South Ayrshire",KA7,Ayrshire
greetin',55.836920789546724,-4.111844947491589,1713703079,6928,2004,20,Other,Y,598,Rutherglen,"South Lanarkshire","Glasgow Northeast",Glasgow
greetin',55.90708526533129,-4.164490312747532,1714038276,6931,2005,19,Female,School,507,Kirkintilloch,"East Dunbartonshire",G66,Glasgow
greetin',55.89653348305901,-3.698749412498864,1714158249,6934,2005,19,Female,Y,367,Armadale,"West Lothian",EH48,"Lothian (Edinburgh)"
greetin',55.66409198219456,-4.813655196155078,1714158563,6839,2004,20,Female,Y,813,Ardrossan,"North Ayrshire",KA22,Ayrshire
greetin',55.899921384659535,-3.6891812849175367,1716307937,6942,2005,19,Female,Y,367,Armadale,"West Lothian",EH48,"Lothian (Edinburgh)"
greetin',55.62515483288182,-4.401170840885587,1718786021,6576,2008,15,Other,School,843,Galston,"East Ayrshire",KA4,Ayrshire
greetin',57.00198881514749,-2.3233533818829177,1718869532,6951,1986,38,Male,Y,48,Stonehaven,Aberdeenshire,AB39,"North East (Aberdeen)"
greetin',57.15821530076991,-2.1739707289146506,1719355811,6953,2004,20,Female,Y,107,"Rosemount, Aberdeen",Aberdeen,"Aberdeen Central","North East (Aberdeen)"
greetin',56.694117960960696,-3.9916602181956096,1719430272,6955,1976,48,Female,Y,1329,Pitlochry,"Perth and Kinross",PH16,Fife
greetin',55.75780266712517,-4.234583104383224,1721384709,6958,1952,72,Female,Y,530,"East Kilbride (north: The Village, East Mains, West Mains, Lymekilns, St Leonards, Calderwood, Nerston, Stewartfield, Peel Park)","South Lanarkshire",G74,Glasgow
greetin',55.76265605479643,-4.191787834799918,1721385027,6957,1992,32,Male,Y,530,"East Kilbride (north: The Village, East Mains, West Mains, Lymekilns, St Leonards, Calderwood, Nerston, Stewartfield, Peel Park)","South Lanarkshire",G74,Glasgow
greetin',56.44912070872514,-2.884123446091434,1723114935,6966,1985,39,Male,Y,174,Gauldry,Fife,DD6,"Tayside and Angus (Dundee)"
greetin',56.47011474682641,-2.990383410870529,1723131515,6970,1955,69,Female,Y,244,"Stobswell, Dundee",Dundee,"Dundee Central","Tayside and Angus (Dundee)"
greetin',55.846624649648355,-4.42005625538132,1724066502,6973,2009,15,Female,School,1220,"Paisley (central, east and north east: Ferguslie, Oldhall, Seedhill, Williamsburgh, Whitehaugh)",Renfrewshire,PA1,Glasgow
greetin',56.28173892477139,-2.8092294614340676,1725033413,6976,1962,62,Female,Y,1114,"St Andrews",Fife,KY16,Fife
greetin',55.881846740165635,-4.3096574567340875,1725218689,6978,1955,69,Female,Y,591,"Hillhead, Glasgow",Glasgow,"Glasgow Kelvin",Glasgow
greetin',55.949788800399226,-4.839293740440874,1725820446,6980,1966,58,Female,Y,1235,Gourock,Inverclyde,PA19,Glasgow
greetin',55.835106797326716,-4.326325981365763,1726233708,6982,2002,22,Male,School,672,"Govan, Glasgow",Glasgow,"Glasgow Southwest",Glasgow
greetin',56.457007547793445,-3.034616657494971,1726780878,6986,1980,44,Female,Y,258,"Balgay, Dundee",Dundee,"Dundee West","Tayside and Angus (Dundee)"
greetin',55.886181252107285,-4.31993144927808,1727127521,6987,1984,40,Male,N,591,"Hillhead, Glasgow",Glasgow,"Glasgow Kelvin",Glasgow
greetin',57.69059832163948,-3.450503513959191,1728553803,6995,1962,62,Female,N,737,Elgin,Moray,IV30,"North East (Aberdeen)"
greetin',55.741459069018845,-4.056301748114237,1730369596,7000,1961,63,Female,Y,1183,Hamilton,"South Lanarkshire",ML3,Glasgow
greetin',55.96535103611032,-3.131470243319183,1730398810,7002,1998,26,Female,Y,283,"Craigentinny, Edinburgh",Edinburgh,"Edinburgh Duddingston","Lothian (Edinburgh)"
greetin',55.959397564028905,-3.8464376266298053,1730405366,7004,1994,30,Female,Y,377,"Falkirk (centre and south: Arnothill, Bantaskin, Callendar Park, Glen Village, Hallglen, Lionthorn, Tamfourhill, Woodlands)",Falkirk,FK1,"Stirling and Falkirk"
greetin',55.96199453403489,-4.345102741043607,1730405813,7005,1970,54,Male,N,489,Milngavie,"East Dunbartonshire",G62,Glasgow
greetin',57.59726828337802,-2.8137399446753157,1730409950,7009,1995,29,Male,Y,88,Keith, Moray,AB55,"North East (Aberdeen)"
greetin',55.44032329827335,-2.690156163768032,1730410715,7010,1955,69,Male,Y,1493,Hawick,"Scottish Borders",TD9,Borders
greetin',55.260420255046526,-2.907326254854214,1730415079,7014,1967,57,Other,Y,203,Langholm,"Dumfries and Galloway",DG13,"Dumfries and Galloway"
greetin',55.19233735104657,-4.414165893908143,1730445053,7021,1985,39,Other,Y,852,Dalmellington,"East Ayrshire",KA6,Ayrshire
greetin',55.853735432678505,-4.263905429265464,1730449432,7025,1952,72,Male,Y,679,"Pollock, Glasgow",Glasgow,"Glasgow Southwest",Glasgow
greetin',57.58934150728849,-4.4377536420612635,1730450489,7027,1960,64,Female,Y,705,Dingwall,Highland,IV15,"Highlands (Inverness)"
greetin',55.69700549415534,-2.502377770719501,1730463721,7034,1950,74,Male,N,1419,Greenlaw,"Scottish Borders",TD10,Borders
greetin',55.83468873765241,-4.486906485918542,1730469447,7040,1959,65,Female,Y,1276,Johnstone,Renfrewshire,PA5,Glasgow
greetin',55.8577936191179,-3.111508933564233,1730471622,7041,1962,62,Female,N,328,Bonnyrigg,Midlothian,EH19,"Lothian (Edinburgh)"
greetin',55.76725951392394,-4.056212227121996,1730474284,7045,1991,33,Female,Y,1183,Hamilton,"South Lanarkshire",ML3,Glasgow
greetin',58.46401440669743,-3.4854696200416373,1730487478,7048,1992,32,Male,Y,913,Halkirk,Highland,KW12,"Highlands (Inverness)"
greetin',55.901759657714045,-3.1425949081171343,1730489738,7033,1957,67,Male,N,325,"Niddrie, Edinburgh",Edinburgh,"Edinburgh Southeast","Lothian (Edinburgh)"
greetin',56.01869554010692,-4.703142945746317,1730492468,7051,1980,44,Female,Y,568,Rhu,"Argyll and Bute",G84,"Argyll and Bute"
greetin',55.83641918437585,-4.132053579317157,1730541266,7055,1973,51,Female,Y,598,Rutherglen,"South Lanarkshire","Glasgow Northeast",Glasgow
greetin',55.91841306821096,-3.8152980380391406,1730542181,7013,1998,26,Male,Y,377,"Falkirk (centre and south: Arnothill, Bantaskin, Callendar Park, Glen Village, Hallglen, Lionthorn, Tamfourhill, Woodlands)",Falkirk,FK1,"Stirling and Falkirk"
greetin',55.85870323344739,-4.546821315160815,1730588432,7062,1968,56,Male,Y,1224,"Bridge of Weir",Renfrewshire,PA11,Glasgow
greetin',55.95821934445684,-4.228043967564834,1730591132,7047,1992,32,Female,Y,503,Torrance,"East Dunbartonshire",G64,Glasgow
greetin',57.1499750608913,-2.55289608194304,1730636567,7066,1978,46,Female,Y,64,Inverurie,Aberdeenshire,AB51,"North East (Aberdeen)"
greetin',55.89624595279345,-3.5135185650130456,1730646837,7063,1981,43,Male,Y,375,Livingston,"West Lothian",EH54,"Lothian (Edinburgh)"
greetin',56.566741458595104,-2.620817766187398,1730655166,7067,1993,31,Female,Y,141,Arbroath,Angus,DD11,"Tayside and Angus (Dundee)"
greetin',55.90074490880966,-3.244040804722037,1730679563,7069,1950,74,Male,Y,305,"Oxgangs, Edinburgh",Edinburgh,"Edinburgh Oxgangs","Lothian (Edinburgh)"
greetin',57.60103347726397,-2.3244290612402976,1730721045,7070,1968,56,Male,Y,78,Turriff,Aberdeenshire,AB53,"North East (Aberdeen)"
greetin',56.24251846981055,-2.88459767921794,1730724039,7071,1989,35,Male,Y,1140,Leven,Fife,KY8,Fife
greetin',55.80779329581754,-4.008106758530576,1730725049,7072,1966,58,Male,Y,1151,Motherwell,"North Lanarkshire",ML1,Glasgow
greetin',56.2205498961675,-2.978695777253388,1730725599,7073,1995,29,Male,Y,1140,Leven,Fife,KY8,Fife
greetin',55.684298269635704,-4.738999482411765,1730733391,7074,1974,50,Male,Y,788,Kilwinning,"North Ayrshire",KA13,Ayrshire
greetin',56.22190075472823,-2.9479407642741187,1730739638,7075,1989,35,Male,Y,1140,Leven,Fife,KY8,Fife
greetin',56.20143254698837,-3.000694455559303,1730744331,7078,1995,29,Male,Y,1140,Leven,Fife,KY8,Fife
greetin',56.12873182330727,-3.135308854507137,1730827792,7080,1999,25,Male,Y,1079,"Kirkcaldy (east: Linktown, Port Brae, Pathhead, Sinclairtown, Smeaton, Gallatown)",Fife,KY1,Fife
greetin',55.55058391501561,-4.638494648587136,1730848359,7082,1975,49,Male,Y,784,Troon,"South Ayrshire",KA10,Ayrshire
greetin',55.83287893577189,-4.342517737422735,1730902957,7083,1999,25,Female,Y,682,"Darnley, Glasgow",Glasgow,"Glasgow Southwest",Glasgow
greetin',57.46977709961793,-3.1590714541007334,1731072746,7086,1957,67,Female,Y,88,Keith, Moray,AB55,"North East (Aberdeen)"
greetin',55.816632059530995,-3.6803537160860507,1731168784,7089,1970,54,Male,N,366,Whitburn,"West Lothian",EH47,"Lothian (Edinburgh)"
greetin',57.589309892900836,-2.905964805566688,1731293904,7092,1971,53,Female,N,88,Keith, Moray,AB55,"North East (Aberdeen)"
greetin',57.65956862504195,-3.012843024522966,1731358025,7094,1967,57,Female,N,95,Portknockie,Moray,AB56,"North East (Aberdeen)"
greetin',57.69677641743954,-2.85074105518968,1731530155,7097,1982,42,Female,N,90,Buckie,Moray,AB56,"North East (Aberdeen)"
greetin',57.69114331612757,-2.7821807920568196,1731532046,7098,1959,65,Female,N,90,Buckie,Moray,AB56,"North East (Aberdeen)"
greetin',57.650476384474736,-2.9777760142949496,1731532711,7099,1983,41,Female,Y,90,Buckie,Moray,AB56,"North East (Aberdeen)"
greetin',55.83689488632296,-3.3206898537803373,1731539082,7100,1969,55,Female,N,343,Penicuik,Midlothian,EH26,"Lothian (Edinburgh)"
greetin',57.56680658063914,-2.3964154974087,1731546841,7101,1952,72,Female,Y,78,Turriff,Aberdeenshire,AB53,"North East (Aberdeen)"
greetin',57.63891335970736,-2.9868040703122887,1731575929,7098,1959,65,Female,N,90,Buckie,Moray,AB56,"North East (Aberdeen)"
greetin',57.65156898614953,-2.8967756825689093,1731614144,7102,2009,15,Female,School,94,Portgordon,Moray,AB56,"North East (Aberdeen)"
greetin',57.59592380754552,-2.968842063912779,1731614215,7103,1979,45,Male,N,90,Buckie,Moray,AB56,"North East (Aberdeen)"
greetin',55.40359245061569,-4.654850261130559,1732020100,7107,1957,67,Female,N,856,"Ayr (Centre)","South Ayrshire",KA7,Ayrshire
greetin',55.953141255483,-2.5677920284180087,1732108802,7110,1985,39,Female,Y,359,Dunbar,"East Lothian",EH42,"Lothian (Edinburgh)"
greetin',58.567160327324366,-3.3602621866888494,1732273535,7115,1991,33,Male,Y,961,Thurso,Highland,KW14,"Highlands (Inverness)"
greetin',57.79566043692428,-4.318628813824002,1732307973,7117,1991,33,Female,N,707,Alness,Highland,IV17,"Highlands (Inverness)"
greetin',57.6361450520709,-2.4681974158303377,1732651808,7120,1992,32,Female,Y,63,Whitehills,Aberdeenshire,AB45,"North East (Aberdeen)"
greetin',56.15590726098418,-3.7639711039154164,1733686462,7127,1954,70,Male,Y,393,Alva,Clackmannanshire,FK12,"Stirling and Falkirk"
greetin',56.54337647329001,-3.4815721675827205,1733689665,7129,1964,60,Female,N,1313,"Perth (north and west: Burghmuir, Cherrybank, Hillyland, Inveralmond, Lethom, Muirton, North Muirton, Tulloch)","Perth and Kinross",PH1,Fife
greetin',55.92594398507531,-3.132631715991321,1733691256,7132,1956,68,Male,Y,322,"Gilmerton, Edinburgh",Edinburgh,"Edinburgh Southeast","Lothian (Edinburgh)"
greetin',56.54887331389897,-3.23205950709013,1733693125,7133,1996,28,Female,Y,1324,"Coupar Angus","Perth and Kinross",PH13,Fife
greetin',56.38677706400327,-3.282584580822366,1733693524,7135,1970,54,Female,Y,1335,Aberargie,"Perth and Kinross",PH2,Fife
greetin',56.13047984052953,-3.219402577209953,1733721420,7137,1964,60,Female,N,1117,"Kirkcaldy (west: Hayfield, Templehall, Newliston, Chapel, Dunnikier, Bennochy)",Fife,KY2,Fife
greetin',56.41728124877955,-3.697548752466161,1733727306,7140,1959,65,Female,Y,1313,"Perth (north and west: Burghmuir, Cherrybank, Hillyland, Inveralmond, Lethom, Muirton, North Muirton, Tulloch)","Perth and Kinross",PH1,Fife
greetin',56.42838685367826,-3.6381419093669796,1733727741,7140,1959,65,Female,Y,1313,"Perth (north and west: Burghmuir, Cherrybank, Hillyland, Inveralmond, Lethom, Muirton, North Muirton, Tulloch)","Perth and Kinross",PH1,Fife
greetin',56.418177654037564,-3.887174793606799,1733731155,7141,1965,59,Female,N,1402,Crieff,"Perth and Kinross",PH7,Fife
greetin',57.665204326075916,-1.934610977682779,1733731768,7142,1961,63,Female,Y,57,Fraserburgh,Aberdeenshire,AB43,"North East (Aberdeen)"
greetin',56.14990341779149,-3.417081422582497,1733733019,7143,1965,59,Female,Y,1124,Kelty,Fife,KY4,Fife
greetin',55.89390422667979,-4.36408454201193,1733738346,7144,1962,62,Female,Y,644,"Partick, Glasgow",Glasgow,"Glasgow Northwest",Glasgow
greetin',56.08007201612809,-3.3645478570345175,1733751557,7145,1969,55,Female,Y,1121,Cowdenbeath,Fife,KY4,Fife
greetin',56.4994986489337,-3.5396697804191,1733756185,7147,1959,65,Female,Y,1313,"Perth (north and west: Burghmuir, Cherrybank, Hillyland, Inveralmond, Lethom, Muirton, North Muirton, Tulloch)","Perth and Kinross",PH1,Fife
greetin',55.85921627302298,-4.80096826775033,1733772619,7149,1967,57,Female,Y,842,Largs,"North Ayrshire",KA30,Ayrshire
greetin',56.109156516909934,-3.2332958299970134,1733818705,7153,1966,58,Female,Y,1117,"Kirkcaldy (west: Hayfield, Templehall, Newliston, Chapel, Dunnikier, Bennochy)",Fife,KY2,Fife
greetin',55.947772019696195,-3.191465479858681,1733820181,7155,1962,62,Male,Y,297,"Blackhall, Edinburgh",Edinburgh,"Edinburgh North","Lothian (Edinburgh)"
greetin',57.15216020619934,-2.081920352564649,1733820941,7156,1991,33,Female,Y,105,"Seaton, Aberdeen",Aberdeen,"Aberdeen Central","North East (Aberdeen)"
greetin',55.97894297503386,-2.8712749296414017,1733825170,7157,1984,40,Male,N,348,Prestonpans,"East Lothian",EH32,"Lothian (Edinburgh)"
greetin',56.11158514213496,-3.213097324239322,1733914599,7162,1952,72,Male,N,1117,"Kirkcaldy (west: Hayfield, Templehall, Newliston, Chapel, Dunnikier, Bennochy)",Fife,KY2,Fife
greetin',56.02862795908596,-4.752448932846253,1733920177,7163,1959,65,Female,N,567,Kilcreggan,"Argyll and Bute",G84,"Argyll and Bute"
greetin',57.69383421786402,-3.461390592006047,1733931370,7166,1956,68,Male,Y,737,Elgin,Moray,IV30,"North East (Aberdeen)"
greetin',56.11972704588903,-3.5196462854477972,1733932784,7167,1962,62,Female,Y,1096,"Dunfermline (centre, north, west: Abbey Parks, Lady's Mill, Garvock, Headwell, Kingseathill, Wellwood, Milesmark, Baldridge, Pittencrieff, Baldridgeburn)",Fife,KY12,Fife
greetin',56.462983835316244,-2.950946070391147,1733945137,7168,1964,60,Male,N,253,"Pitkerro, Dundee",Dundee,"Dundee North","Tayside and Angus (Dundee)"
greetin',56.48178037161583,-2.9250917476464093,1733945285,7168,1964,60,Male,N,253,"Pitkerro, Dundee",Dundee,"Dundee North","Tayside and Angus (Dundee)"
greetin',55.959436808840465,-3.2653484149135847,1733950793,7169,1969,55,Male,Y,298,"Inverleith, Edinburgh",Edinburgh,"Edinburgh North","Lothian (Edinburgh)"
greetin',55.89173156126555,-4.355795324381721,1733951345,7170,1981,43,Female,Y,638,"Drumchapel, Glasgow",Glasgow,"Glasgow Northwest",Glasgow
greetin',55.85429741145345,-4.019813583798847,1733981271,7173,1962,62,Male,Y,1189,Coatbridge,"North Lanarkshire",ML5,Glasgow
greetin',56.37814894004996,-3.3972136022912878,1733983280,7174,1964,60,Female,Y,1351,Kintillo,"Perth and Kinross",PH2,Fife
greetin',56.41400731798781,-3.8659445196201294,1733987766,7175,1969,55,Female,Y,1402,Crieff,"Perth and Kinross",PH7,Fife
greetin',56.36712672383627,-3.3365560837392847,1733989853,7176,1971,53,Female,Y,1340,Dunning,"Perth and Kinross",PH2,Fife
greetin',56.76270376352625,-3.3152861009089034,1733990095,7177,1954,70,Female,Y,1321,Alyth,"Perth and Kinross",PH11,Fife
greetin',58.5433609756998,-3.925337592695526,1733991111,7179,1972,52,Male,Y,961,Thurso,Highland,KW14,"Highlands (Inverness)"
greetin',55.83718392477882,-4.185575802968287,1733999120,7181,1959,65,Female,N,636,"Ruchill, Glasgow",Glasgow,"Glasgow Northeast",Glasgow
greetin',55.638686077040056,-3.8084116566836284,1733999658,7182,1983,41,Female,Y,1167,Lanark,"South Lanarkshire",ML11,Glasgow
greetin',56.475157028949134,-2.9779937606126863,1734024707,7184,1961,63,Male,N,232,"Craigiebank, Dundee",Dundee,"Dundee Bluebelt","Tayside and Angus (Dundee)"
greetin',55.836149902660615,-4.257933144383815,1734106446,7187,1945,79,Male,Y,661,"Govanhill, Glasgow",Glasgow,"Glasgow Southwest",Glasgow
greetin',56.149073869294135,-3.1092611398376095,1734125119,7190,1950,74,Male,Y,1079,"Kirkcaldy (east: Linktown, Port Brae, Pathhead, Sinclairtown, Smeaton, Gallatown)",Fife,KY1,Fife
greetin',56.27519977622734,-3.9738050345694513,1734128383,7191,1962,62,Female,Y,405,Dunblane,Stirlingshire,FK15,"Stirling and Falkirk"
greetin',55.878585581412885,-3.187760226365361,1734129911,7193,1964,60,Female,Y,317,"Marchmont, Edinburgh",Edinburgh,"Edinburgh South","Lothian (Edinburgh)"
greetin',56.79395138721926,-3.429917081057251,1734175204,7195,1963,61,Female,Y,1318,Blairgowrie,"Perth and Kinross",PH10,Fife
greetin',55.655891545100324,-3.992052835838771,1734212600,7197,1961,63,Female,Y,1217,Larkhall,"North Lanarkshire",ML9,Glasgow
greetin',58.95144880908455,-3.056539363670103,1734216054,7198,1962,62,Female,Y,1025,"Orkney Islands",Orkney,KW17,"Orkney Islands"
greetin',56.09281432155382,-3.8331047549574615,1734293480,7201,1963,61,Female,Y,464,"Stirling (south and east: Braehead, Borestone, Broomridge, Torbrex)",Stirlingshire,FK7,"Stirling and Falkirk"
greetin',55.95085797768677,-3.953791733630957,1734297805,7203,1970,54,Female,Y,514,"Cumbernauld (south: Condorrat, Lenziemill, Carbrain, Kildrum, Cumbernauld Village, Abronhill, Seafar)","North Lanarkshire",G67,Glasgow
greetin',56.2621169579507,-3.4479824248828055,1734479403,7206,1958,66,Other,Y,1100,Scotlandwell,"Perth and Kinross",KY13,Fife
greetin',55.88898852802324,-3.789126284774437,1734984381,7208,1996,28,Female,Y,368,Bathgate,"West Lothian",EH48,"Lothian (Edinburgh)"
greetin',56.1084646415155,-3.5010546038433854,1735721958,7209,1949,76,Male,Y,1096,"Dunfermline (centre, north, west: Abbey Parks, Lady's Mill, Garvock, Headwell, Kingseathill, Wellwood, Milesmark, Baldridge, Pittencrieff, Baldridgeburn)",Fife,KY12,Fife
greetin',55.93300779190502,-3.0009021532949802,1736179307,7219,1955,70,Female,N,330,Musselburgh,"East Lothian",EH21,"Lothian (Edinburgh)"
greetin',56.23044376179757,-4.0181851561622866,1736525516,7191,1962,62,Female,Y,405,Dunblane,Stirlingshire,FK15,"Stirling and Falkirk"
greetin',56.47366159612889,-2.895487096857923,1736771457,7235,2003,22,Female,Y,247,"Broughty Ferry, Dundee",Dundee,"Dundee East","Tayside and Angus (Dundee)"
greetin',55.86739691822523,-3.482509549504255,1736876764,7246,1997,28,Other,Y,375,Livingston,"West Lothian",EH54,"Lothian (Edinburgh)"
greetin',56.068774018816875,-4.752505736494209,1737124336,7252,1956,69,Female,Y,566,Helensburgh,"Argyll and Bute",G84,"Argyll and Bute"
greetin',55.993341102496814,-4.666654355251403,1737338736,7255,1970,55,Male,N,549,Dumbarton,"West Dunbartonshire",G82,Glasgow
greetin',55.86414804727763,-4.445507978568249,1737361593,7256,1960,65,Male,N,1249,"Paisley (north west: Ferguslie Park, Gallowhill, Gockston, Shortroods, )",Renfrewshire,PA3,Glasgow
greetin',55.87455428420571,-3.173556373156312,1737495364,7267,1989,36,Female,Y,329,Loanhead,Midlothian,EH20,"Lothian (Edinburgh)"
greetin',55.88310312022242,-4.063294693661793,1739221579,7281,1995,30,Female,N,1189,Coatbridge,"North Lanarkshire",ML5,Glasgow
greetin',57.72163105541343,-4.224386472738179,1739279178,7284,2010,15,Male,School,708,Invergordon,Highland,IV18,"Highlands (Inverness)"
greetin',57.6988651114189,-4.1545232093021065,1739279218,7287,2010,15,Female,School,708,Invergordon,Highland,IV18,"Highlands (Inverness)"
greetin',55.940551673710395,-4.8770853720608,1739289655,7293,2006,19,Male,Y,1235,Gourock,Inverclyde,PA19,Glasgow
greetin',55.944500727257676,-4.853754501620783,1739393632,7293,2006,19,Male,Y,1235,Gourock,Inverclyde,PA19,Glasgow
greetin',55.931357854312935,-4.864759180996022,1739403002,7293,2006,19,Male,Y,1235,Gourock,Inverclyde,PA19,Glasgow
greetin',57.78563262736359,-4.217332910788169,1739444695,7301,2011,14,Female,School,708,Invergordon,Highland,IV18,"Highlands (Inverness)"
greetin',57.71804669035027,-4.150804764112939,1739444800,7314,2012,13,Male,School,708,Invergordon,Highland,IV18,"Highlands (Inverness)"
greetin',57.71215080369979,-4.224689548467823,1739451071,7317,2010,15,Male,School,708,Invergordon,Highland,IV18,"Highlands (Inverness)"
greetin',55.85269809141975,-4.000722818329893,1739538593,7319,2005,20,Female,Y,1189,Coatbridge,"North Lanarkshire",ML5,Glasgow
greetin',57.76284496331439,-4.175814965728861,1741173298,7340,2009,16,Male,School,708,Invergordon,Highland,IV18,"Highlands (Inverness)"
greetin',57.75950942424961,-4.06239266234995,1741173302,7333,2009,16,Female,School,708,Invergordon,Highland,IV18,"Highlands (Inverness)"
greetin',57.74451548100584,-4.161465969869352,1741173378,7339,2009,16,Male,School,708,Invergordon,Highland,IV18,"Highlands (Inverness)"
greetin',57.75184627881666,-4.151133601058508,1741173438,7341,2009,16,Male,School,708,Invergordon,Highland,IV18,"Highlands (Inverness)"
greetin',55.87980100528826,-3.274829029979485,1741203422,7343,1965,60,Female,Y,308,"Liberton, Edinburgh",Edinburgh,"Edinburgh South","Lothian (Edinburgh)"
greetin',55.80400547643687,-4.428608702631758,1741205316,7346,2003,22,Female,Y,540,Barrhead,"East Renfrewshire",G78,Glasgow
greetin',56.04893157413897,-3.8109710180310743,1741620388,7352,2006,19,Male,Y,422,"Falkirk (north: Grahamston, Middlefield, Westfield)",Falkirk,FK2,"Stirling and Falkirk"
greetin',55.9192191766678,-3.3111737976005227,1741679350,7354,1965,60,Female,Y,308,"Liberton, Edinburgh",Edinburgh,"Edinburgh South","Lothian (Edinburgh)"
greetin',55.311704898241416,-5.750752534192511,1744471354,7359,1976,49,Female,Y,1246,Campbeltown,"Argyll and Bute",PA28,"Argyll and Bute"
greetin',57.47885244691153,-3.578539736215321,1744569917,7360,1985,40,Female,Y,740,Forres,Moray,IV36,"North East (Aberdeen)"
greetin',56.61351114349341,-3.231113790248678,1744713672,7361,2005,20,Male,School,1321,Alyth,"Perth and Kinross",PH11,Fife
greetin',55.9053025278883,-3.8894603244267967,1744803611,7363,2004,21,Female,Y,1192,Airdrie,"North Lanarkshire",ML6,Glasgow
greetin',56.49832271693483,-2.9529993988468632,1745835598,7367,1963,62,Male,Y,252,"Linlathen and Midcraigie, Dundee",Dundee,"Dundee North","Tayside and Angus (Dundee)"
greetin',55.850797485719376,-4.208881812544898,1747990251,7372,1984,41,Female,Y,627,"Dennistoun, Glasgow",Glasgow,"Glasgow Northeast",Glasgow
greetin',55.796833276693164,-4.045901612088427,1747990585,3377,1987,35,Female,Y,1147,Carfin,"North Lanarkshire",ML1,Glasgow
greetin',55.84171407218442,-4.256091638936581,1747990867,7373,1980,45,Female,N,663,"Mount Florida, Glasgow",Glasgow,"Glasgow Southwest",Glasgow
greetin',55.554354093998796,-3.863619100029555,1751558598,7384,2008,17,Other,School,1167,Lanark,"South Lanarkshire",ML11,Glasgow
greetin',55.83412085658031,-4.4778286410582595,1752043081,7385,1966,59,Male,Y,1275,Elderslie,Renfrewshire,PA5,Glasgow
greetin',55.83465739074422,-4.2999914492964315,1757082911,7395,1967,58,Male,Y,652,"King's Park, Glasgow",Glasgow,"Glasgow South",Glasgow
greetin',55.92914175273205,-5.005248766861817,1759492062,7404,1987,38,Male,Y,1241,Dunoon,"Argyll and Bute",PA23,"Argyll and Bute"
greetin',55.95443093457129,-3.340732911679556,1760976814,7413,1958,67,Female,Y,301,"Kirkliston, Edinburgh",Edinburgh,"Edinburgh Northwest","Lothian (Edinburgh)"
greetin',56.26114503784159,-2.892159668619953,1761077147,7415,1994,31,Other,Y,1105,Cupar,Fife,KY15,Fife
greetin',56.31158720974616,-3.126441498918871,1761126789,7417,1994,31,Other,Y,1105,Cupar,Fife,KY15,Fife
greetin',57.47601126185248,-3.640240719640475,1761774592,7421,1996,29,Male,Y,740,Forres,Moray,IV36,"North East (Aberdeen)"
greetin',57.62229905166478,-3.5893815294020097,1761824688,7422,1996,29,Male,Y,740,Forres,Moray,IV36,"North East (Aberdeen)"
greetin',56.14040546475533,-3.6786669660738878,1763649927,7425,1945,80,Male,Y,391,Alloa,Clackmannanshire,FK10,"Stirling and Falkirk"
greetin',55.46300774445836,-2.627235094859891,1763655156,7426,1946,79,Male,N,1493,Hawick,"Scottish Borders",TD9,Borders
greetin',55.98446593283686,-3.1725728907072965,1763845793,7431,1962,63,Male,N,284,"Restalrig, Edinburgh",Edinburgh,"Edinburgh Leith","Lothian (Edinburgh)"
greetin',55.831531167649445,-3.38382901788584,1763982391,7432,1980,45,Other,Y,309,"Cameron Toll, Edinburgh",Edinburgh,"Edinburgh South","Lothian (Edinburgh)"
greetin',56.04207828356952,-3.894965548237218,1764845884,7437,1985,40,Female,Y,452,Denny,Falkirk,FK6,"Stirling and Falkirk"
greetin',60.722928423208465,-1.0866500868385351,1765285470,7441,1975,50,Female,Y,1623,Walls,"Shetland Isles",ZE2,"Shetland Islands"
greetin',55.7300360182577,-4.59062678898956,1766436446,7443,1983,42,Female,Y,791,Beith,"East Ayrshire",KA15,Ayrshire
greetin',56.84714572649653,-2.2899379220978053,1766741190,7447,1996,29,Male,Y,140,Montrose,Angus,DD10,"Tayside and Angus (Dundee)"
greetin',57.60715504331053,-2.855204488672559,1767464726,7450,1966,60,Male,Y,90,Buckie,Moray,AB56,"North East (Aberdeen)"
greetin',56.155734920631,-3.244428250481874,1767489940,7451,2007,19,Female,Y,1126,Cardenden,Fife,KY5,Fife
greetin',55.918065576285215,-4.379362308173898,1767974552,7453,1996,30,Female,Y,644,"Partick, Glasgow",Glasgow,"Glasgow Northwest",Glasgow
greetin',56.5769927614438,-2.584930514160896,1767974696,7454,1965,61,Female,Y,141,Arbroath,Angus,DD11,"Tayside and Angus (Dundee)"
greetin',56.58932864672324,-2.6217890999405915,1768313739,7460,1994,32,Male,N,141,Arbroath,Angus,DD11,"Tayside and Angus (Dundee)"
greetin',57.751058471239475,-4.16912943600483,1768487515,7283,2010,15,Other,School,708,Invergordon,Highland,IV18,"Highlands (Inverness)"
greetin',56.10085433590797,-3.1949688406198007,1768832735,7472,1975,51,Female,Y,1117,"Kirkcaldy (west: Hayfield, Templehall, Newliston, Chapel, Dunnikier, Bennochy)",Fife,KY2,Fife
greetin',55.8261187538958,-4.346329534636878,1769176089,7480,1985,41,Female,Y,677,"Hillington, Glasgow",Glasgow,"Glasgow Southwest",Glasgow
greetin',55.959688143757866,-2.4036192653652377,1769368795,7482,1949,77,Male,N,359,Dunbar,"East Lothian",EH42,"Lothian (Edinburgh)"
greetin',56.08165658360046,-4.001803536787394,1769782128,7492,1963,63,Female,Y,464,"Stirling (south and east: Braehead, Borestone, Broomridge, Torbrex)",Stirlingshire,FK7,"Stirling and Falkirk"
greetin',55.851407846328165,-4.473624176409066,1770195958,7495,2011,15,Male,School,1220,"Paisley (central, east and north east: Ferguslie, Oldhall, Seedhill, Williamsburgh, Whitehaugh)",Renfrewshire,PA1,Glasgow
greetin',55.862806518955395,-4.332490221018893,1770196141,7499,2011,15,Male,School,675,"Penilee, Glasgow",Glasgow,"Glasgow Southwest",Glasgow
greetin',55.84461403175652,-4.407649343197025,1770197493,7505,2011,15,Male,School,1220,"Paisley (central, east and north east: Ferguslie, Oldhall, Seedhill, Williamsburgh, Whitehaugh)",Renfrewshire,PA1,Glasgow
