answer,lat,lng,submitted,pid,born,age,gender,uni,lid,location,county,area,region
noun,55.94262377486365,-2.7861231452346398,1653853774,32,1955,67,Female,Y,357,Haddington,"East Lothian",EH41,"Lothian (Edinburgh)"
noun,55.960707373201366,-2.9498028340604066,1653863807,60,1978,44,Other,N,348,Prestonpans,"East Lothian",EH32,"Lothian (Edinburgh)"
noun,55.226335577225356,-4.425765622481495,1653898870,91,2003,19,Female,Y,852,Dalmellington,"East Ayrshire",KA6,Ayrshire
noun,56.46020397391581,-2.9929707280890288,1653903376,102,1969,53,Female,N,236,"Lochee, Dundee",Dundee,"Dundee Central","Tayside and Angus (Dundee)"
noun,55.96471727340708,-3.2072723340057627,1653915182,118,1988,34,Female,N,299,"Broughton, Edinburgh",Edinburgh,"Edinburgh North","Lothian (Edinburgh)"
noun,57.80776391246118,-4.1163790941447225,1653929018,131,1976,46,Female,Y,711,Tain,Highland,IV19,"Highlands (Inverness)"
noun,55.92454997469063,-3.272947895449724,1653933651,141,1980,42,Female,Y,264,"Slateford, Edinburgh",Edinburgh,"Edinburgh Central","Lothian (Edinburgh)"
noun,55.939216622370026,-4.432883913456812,1654368415,181,1946,76,Female,N,545,Hardgate,"West Dunbartonshire",G81,Glasgow
noun,0,0,1654513972,65,1986,36,Female,Y,264,"Slateford, Edinburgh",Edinburgh,"Edinburgh Central","Lothian (Edinburgh)"
noun,0,0,1654767581,65,1986,36,Female,Y,264,"Slateford, Edinburgh",Edinburgh,"Edinburgh Central","Lothian (Edinburgh)"
noun,57.668846361016165,-2.4941521132418147,1655112076,191,2005,17,Female,School,58,Macduff,Aberdeenshire,AB44,"North East (Aberdeen)"
noun,57.617400464837594,-2.4015048739025078,1655112084,202,2006,16,Male,School,59,Banff,Aberdeenshire,AB45,"North East (Aberdeen)"
noun,57.58399387189726,-2.545391666121949,1655112643,205,2008,14,Male,N,59,Banff,Aberdeenshire,AB45,"North East (Aberdeen)"
noun,0,0,1655204540,43,1955,67,Female,Y,115,"Grandholm, Aberdeen",Aberdeen,"Aberdeen North","North East (Aberdeen)"
noun,57.661338744563075,-2.830684797217641,1655212743,229,2006,16,Female,N,90,Buckie,Moray,AB56,"North East (Aberdeen)"
noun,57.618459255974585,-2.8710607764180156,1655212746,219,2006,16,Male,N,90,Buckie,Moray,AB56,"North East (Aberdeen)"
noun,57.66478521109951,-3.000404645073108,1655212759,224,2006,16,Male,School,94,Portgordon,Moray,AB56,"North East (Aberdeen)"
noun,57.60552733653453,-2.8393664920941064,1655212762,218,2006,16,Male,School,90,Buckie,Moray,AB56,"North East (Aberdeen)"
noun,57.68711292554605,-2.076796265627564,1655212764,222,2006,16,Female,School,56,Crimond,Aberdeenshire,AB43,"North East (Aberdeen)"
noun,57.652848489963944,-2.8009584589947143,1655212771,223,2006,16,Male,N,94,Portgordon,Moray,AB56,"North East (Aberdeen)"
noun,57.645476993922195,-2.853467238731571,1655212773,226,2006,16,Male,School,90,Buckie,Moray,AB56,"North East (Aberdeen)"
noun,57.64302009446274,-2.881667209177634,1655212773,227,2007,15,Male,School,91,Cullen,Moray,AB56,"North East (Aberdeen)"
noun,57.62850493032274,-2.9845537171156087,1655213390,230,2006,16,Male,N,90,Buckie,Moray,AB56,"North East (Aberdeen)"
noun,57.68964016861556,-2.8436524306175395,1655215517,233,2005,17,Female,School,90,Buckie,Moray,AB56,"North East (Aberdeen)"
noun,57.63488384351085,-2.998852371484693,1655291002,250,2009,13,Female,School,90,Buckie,Moray,AB56,"North East (Aberdeen)"
noun,57.649341510211315,-2.888809809787886,1655291468,255,2008,14,Male,School,90,Buckie,Moray,AB56,"North East (Aberdeen)"
noun,57.64782912293268,-2.8261957950999292,1655291522,246,2008,14,Male,School,90,Buckie,Moray,AB56,"North East (Aberdeen)"
noun,57.64201981834422,-2.998448332598357,1655291526,247,2008,14,Female,School,95,Portknockie,Moray,AB56,"North East (Aberdeen)"
noun,57.648808772014945,-2.985501477362925,1655291533,251,2009,13,Male,School,95,Portknockie,Moray,AB56,"North East (Aberdeen)"
noun,57.675817869413166,-2.91422338081836,1655291548,252,2007,15,Other,N,90,Buckie,Moray,AB56,"North East (Aberdeen)"
noun,57.59433524954086,-2.99086911737737,1655291607,243,2008,14,Male,School,90,Buckie,Moray,AB56,"North East (Aberdeen)"
noun,57.63555681347064,-2.884812025914663,1655292962,260,2005,17,Male,School,90,Buckie,Moray,AB56,"North East (Aberdeen)"
noun,57.6217918432726,-2.894072359434173,1655293578,264,2006,16,Female,School,90,Buckie,Moray,AB56,"North East (Aberdeen)"
noun,57.68644970751165,-2.929686667903767,1655293763,261,2005,17,Male,School,90,Buckie,Moray,AB56,"North East (Aberdeen)"
noun,57.64347125225616,-2.9229407698124867,1655293843,264,2006,16,Female,School,90,Buckie,Moray,AB56,"North East (Aberdeen)"
noun,57.64624721506367,-2.9645231117971877,1655293906,260,2005,17,Male,School,90,Buckie,Moray,AB56,"North East (Aberdeen)"
noun,57.64586615417839,-2.892478634519562,1655293921,271,2006,16,Female,School,90,Buckie,Moray,AB56,"North East (Aberdeen)"
noun,57.61557963257045,-2.9266931716895046,1655299771,291,2006,16,Male,School,90,Buckie,Moray,AB56,"North East (Aberdeen)"
noun,57.65817940796149,-2.8594512302418273,1655299790,294,2005,17,Male,School,95,Portknockie,Moray,AB56,"North East (Aberdeen)"
noun,57.674416684712135,-2.806466836678133,1655299895,285,2006,16,Female,School,91,Cullen,Moray,AB56,"North East (Aberdeen)"
noun,57.68731070411746,-2.774719505802059,1655300112,298,2006,16,Male,School,62,Portsoy,Aberdeenshire,AB45,"North East (Aberdeen)"
noun,0,0,1655822394,65,1986,36,Female,Y,264,"Slateford, Edinburgh",Edinburgh,"Edinburgh Central","Lothian (Edinburgh)"
noun,60.20341661386175,-1.4856077130295597,1663158196,340,2008,14,Female,School,1561,Hillswick,"Shetland Isles",ZE2,"Shetland Islands"
noun,60.336070065632846,-0.9860973228387384,1663158360,333,2008,14,Female,School,1582,Mossbank,"Shetland Isles",ZE2,"Shetland Islands"
noun,60.38220288570826,-1.1571198016947504,1663158883,344,2008,14,Female,School,1521,Busta,"Shetland Isles",ZE2,"Shetland Islands"
noun,60.24008240261962,-1.5159842390125957,1663158934,344,2008,14,Female,School,1521,Busta,"Shetland Isles",ZE2,"Shetland Islands"
noun,60.16678568421686,-1.2622581310544072,1663160948,351,2008,14,Male,School,1500,Lerwick,"Shetland Isles",ZE1,"Shetland Islands"
noun,60.25341454936381,-1.3867261902090502,1663161006,353,2008,14,Female,School,1582,Mossbank,"Shetland Isles",ZE2,"Shetland Islands"
noun,55.7863584859433,-4.068238780774033,1663161140,363,2008,14,Male,School,1183,Hamilton,"South Lanarkshire",ML3,Glasgow
noun,60.682268308537346,-1.1078423449030295,1663161144,359,2008,14,Female,School,1512,Brae,"Shetland Isles",ZE2,"Shetland Islands"
noun,60.59218680521477,-0.8648725703128082,1663161661,356,2008,14,Male,School,1621,Vidlin,"Shetland Isles",ZE2,"Shetland Islands"
noun,60.21887417683867,-1.4803460042378813,1663161725,350,2008,14,Male,Y,1622,Voe,"Shetland Isles",ZE2,"Shetland Islands"
noun,60.45874936575935,-1.2824173429401755,1663162882,366,2008,14,Male,School,1512,Brae,"Shetland Isles",ZE2,"Shetland Islands"
noun,55.80009368231674,-4.345348936948947,1663173260,370,1971,51,Female,Y,675,"Penilee, Glasgow",Glasgow,"Glasgow Southwest",Glasgow
noun,55.96072355947573,-3.2293115364967533,1663175906,376,1976,46,Male,Y,279,"Clermiston and Drumbrae, Edinburgh",Edinburgh,"Edinburgh Clermiston Granton","Lothian (Edinburgh)"
noun,55.93452606627094,-4.8198128454146945,1663176374,378,1971,51,Female,Y,1231,"Greenock (west: Bow Farm, Braeside, Branchton, Fort Matilda, Gateside, Greenock West, Overton, Pennyfern, Smithston)",Inverclyde,PA16,Glasgow
noun,55.9593271732605,-3.716911654602228,1663176433,377,1972,50,Female,Y,377,"Falkirk (centre and south: Arnothill, Bantaskin, Callendar Park, Glen Village, Hallglen, Lionthorn, Tamfourhill, Woodlands)",Falkirk,FK1,"Stirling and Falkirk"
noun,55.955677374492375,-3.193243753231317,1663177455,382,1993,29,Female,Y,287,"Corstorphine, Edinburgh",Edinburgh,"Edinburgh North","Lothian (Edinburgh)"
noun,55.860109475073344,-4.286480242243071,1663178013,383,1982,40,Female,Y,587,"Jordanhill, Glasgow",Glasgow,"Glasgow Kelvin",Glasgow
noun,55.95839295562603,-5.0520651106015775,1663178522,389,1965,57,Female,Y,1241,Dunoon,"Argyll and Bute",PA23,"Argyll and Bute"
noun,57.66707013071756,-7.164160510624579,1663178640,386,1988,34,Female,Y,693,"Isle of North Uist","Western Isles",HS6,"Western Isles"
noun,55.94272377666966,-4.756229998601889,1663178754,387,1991,31,Female,Y,1230,"Greenock (central and east: Bogston, Bridgend, Cartsdyke, Gibshill, Greenock Central, Ladyburn, Upper Ingleston)",Inverclyde,PA15,Glasgow
noun,55.92905641348672,-4.321657009052911,1663179619,392,1996,26,Female,Y,488,Bearsden,"East Dunbartonshire",G61,Glasgow
noun,55.86244681337362,-4.367487286092006,1663180630,395,1993,29,Female,Y,678,"Cardonald, Glasgow",Glasgow,"Glasgow Southwest",Glasgow
noun,56.800796956445076,-2.9613759522701963,1663184356,404,1990,32,Female,Y,179,Forfar,Angus,DD8,"Tayside and Angus (Dundee)"
noun,55.830902340368965,-4.331064958033515,1663188661,385,1958,64,Female,Y,678,"Cardonald, Glasgow",Glasgow,"Glasgow Southwest",Glasgow
noun,55.86678646496657,-4.207653404019126,1663219014,411,1969,53,Female,Y,608,"Riddrie, Glasgow",Glasgow,"Glasgow Northeast",Glasgow
noun,55.85896911536648,-4.360328016013734,1663225782,413,1991,31,Female,Y,675,"Penilee, Glasgow",Glasgow,"Glasgow Southwest",Glasgow
noun,55.91236102325047,-3.1821642341020957,1663232026,415,1987,35,Male,Y,319,"Blackford, Edinburgh",Edinburgh,"Edinburgh South","Lothian (Edinburgh)"
noun,57.636482435255324,-4.258556199813639,1663233399,416,1986,36,Male,Y,774,"Conon Bridge",Highland,IV7,"Highlands (Inverness)"
noun,56.187609397979934,-3.0941647308471296,1663234303,418,1990,32,Male,Y,1133,"Glenrothes (centre and east: Pitteuchar, Finglassie, Stenton, Auchmuty, Pitcoudie, Balfarg, Pircairn, Collydean)",Fife,KY7,Fife
noun,56.04514531720529,-3.7944667156122396,1663239799,421,1992,30,Female,Y,425,Polmont, Falkirk,FK2,"Stirling and Falkirk"
noun,57.59930454740506,-2.985402677235164,1663246997,422,1979,43,Male,N,95,Portknockie,Moray,AB56,"North East (Aberdeen)"
noun,55.76906276182717,-4.340568863669553,1663254112,426,1982,40,Female,Y,539,"Newton Mearns","East Renfrewshire",G77,Glasgow
noun,55.8244996694462,-4.275232314435764,1663663111,432,1986,36,Male,N,651,"Cathcart, Glasgow",Glasgow,"Glasgow South",Glasgow
noun,55.810535835648594,-4.2821293217711665,1663688596,432,1986,36,Male,N,651,"Cathcart, Glasgow",Glasgow,"Glasgow South",Glasgow
noun,55.772721024935656,-4.440538486031822,1663845012,436,1984,38,Male,Y,540,Barrhead,"East Renfrewshire",G78,Glasgow
noun,55.40141559847567,-4.299335458871015,1664214953,437,1977,45,Female,N,798,Cumnock,"East Ayrshire",KA18,Ayrshire
noun,56.23863431336445,-4.789374869666508,1664387874,444,1989,33,Female,Y,557,Alexandria,"West Dunbartonshire",G83,"Argyll and Bute"
noun,55.67814223451412,-4.233069902039341,1664537271,438,1975,47,Female,Y,1160,Strathaven,"North Lanarkshire",ML10,Glasgow
noun,57.70838514346183,-4.48519885213434,1664776903,453,1989,33,Male,N,706,Evanton,Highland,IV16,"Highlands (Inverness)"
noun,57.66310192757439,-3.186811256001821,1664777117,451,1965,57,Female,Y,737,Elgin,Moray,IV30,"North East (Aberdeen)"
noun,55.815891372831075,-4.249573503533296,1664777637,454,1955,67,Male,Y,648,"Shawlands, Glasgow",Glasgow,"Glasgow South",Glasgow
noun,55.9378548118517,-3.270848742083572,1664788625,459,1965,57,Female,N,288,"Murrayfield, Edinburgh",Edinburgh,"Edinburgh North","Lothian (Edinburgh)"
noun,55.97318877932674,-3.19455960252226,1664788859,459,1965,57,Female,N,288,"Murrayfield, Edinburgh",Edinburgh,"Edinburgh North","Lothian (Edinburgh)"
noun,56.5547008917276,-4.564074924114735,1664789412,466,1971,51,Male,Y,1327,Aberfeldy,"Perth and Kinross",PH15,Fife
noun,55.858641211655076,-3.35368990118443,1664789634,468,1975,47,Female,Y,311,"Currie, Edinburgh",Edinburgh,"Edinburgh South","Lothian (Edinburgh)"
noun,55.82918984868504,-4.295763900280921,1664793136,489,1945,77,Female,Y,648,"Shawlands, Glasgow",Glasgow,"Glasgow South",Glasgow
noun,55.9759960069065,-4.637744185415738,1664795194,505,1992,30,Other,Y,548,Cardross,"Argyll and Bute",G82,Glasgow
noun,55.64415413041526,-4.766539024506375,1664795251,506,1981,41,Female,Y,812,Saltcoats,"East Ayrshire",KA21,Ayrshire
noun,56.1918659262609,-4.419258283305749,1664795570,509,1992,30,Female,Y,473,"Stirling (centre and west: Kings Park, Raploch, Riverside)",Stirlingshire,FK8,"Stirling and Falkirk"
noun,55.85117190394498,-4.327053782036544,1664795905,481,1955,67,Female,Y,678,"Cardonald, Glasgow",Glasgow,"Glasgow Southwest",Glasgow
noun,55.8297295343734,-4.265150348347743,1664796106,512,1941,81,Female,N,656,"Croftfoot, Glasgow",Glasgow,"Glasgow South",Glasgow
noun,55.814682937720605,-4.299476170265279,1664796492,512,1941,81,Female,N,656,"Croftfoot, Glasgow",Glasgow,"Glasgow South",Glasgow
noun,56.03866440124874,-3.804476302571944,1664796585,515,1989,33,Female,Y,419,Airth,Falkirk,FK2,"Stirling and Falkirk"
noun,57.423879922951926,-2.16040484180755,1664797100,519,1999,23,Male,Y,49,Ellon,Aberdeenshire,AB41,"North East (Aberdeen)"
noun,55.91609982871946,-4.263015817182216,1664797495,524,1986,36,Female,Y,480,"Summerston, Glasgow",Glasgow,G23,Glasgow
noun,55.90839736011808,-4.370549227119087,1664797885,528,1965,57,Female,N,641,"Knightswood, Glasgow",Glasgow,"Glasgow Northwest",Glasgow
noun,55.95878937353788,-3.2104173504765425,1664798396,529,1995,27,Female,Y,287,"Corstorphine, Edinburgh",Edinburgh,"Edinburgh North","Lothian (Edinburgh)"
noun,55.84441426189757,-4.277554265928063,1664799695,536,1956,66,Female,Y,647,"Pollokshields, Glasgow",Glasgow,"Glasgow South",Glasgow
noun,56.58980574184512,-3.101568724270815,1664800164,541,1973,49,Female,N,181,Kirriemuir,Angus,DD8,"Tayside and Angus (Dundee)"
noun,55.82157944016268,-4.00937608314434,1664800268,538,1964,58,Female,Y,1186,Bellshill,"North Lanarkshire",ML4,Glasgow
noun,56.144663853752796,-3.767573750950924,1664800879,545,1971,51,Female,Y,390,Kincardine,Fife,FK10,"Stirling and Falkirk"
noun,56.072055827611145,-4.106767311369908,1664801126,547,1996,26,Male,Y,464,"Stirling (south and east: Braehead, Borestone, Broomridge, Torbrex)",Stirlingshire,FK7,"Stirling and Falkirk"
noun,55.934239276910816,-3.2286616054694637,1664801263,514,1973,49,Female,Y,308,"Liberton, Edinburgh",Edinburgh,"Edinburgh South","Lothian (Edinburgh)"
noun,56.204193141788664,-3.198647960454576,1664802157,556,1975,47,Female,Y,1130,Leslie,Fife,KY6,Fife
noun,56.675144804175716,-2.6333276953071776,1664802743,560,1968,54,Female,N,141,Arbroath,Angus,DD11,"Tayside and Angus (Dundee)"
noun,55.914626980493495,-4.36461759005063,1664802981,565,1986,36,Female,Y,641,"Knightswood, Glasgow",Glasgow,"Glasgow Northwest",Glasgow
noun,56.47536709966376,-2.965673492095937,1664803189,562,1952,70,Female,N,236,"Lochee, Dundee",Dundee,"Dundee Central","Tayside and Angus (Dundee)"
noun,55.290783960122184,-2.7034717569307545,1664805236,580,2000,22,Male,N,1493,Hawick,"Scottish Borders",TD9,Borders
noun,55.03025533288782,-3.413786075782917,1664805764,587,1959,63,Female,Y,186,"Dumfries (centre and east: Dalscone, Georgetown, Heathhall, Kingholm Quay, Noblehill, The Crichton)","Dumfries and Galloway",DG1,"Dumfries and Galloway"
noun,56.47212181355873,-3.7239461616548613,1664806006,589,1963,59,Female,Y,1313,"Perth (north and west: Burghmuir, Cherrybank, Hillyland, Inveralmond, Lethom, Muirton, North Muirton, Tulloch)","Perth and Kinross",PH1,Fife
noun,55.40374236521282,-4.634308264392424,1664806226,592,1959,63,Female,Y,856,"Ayr (Centre)","South Ayrshire",KA7,Ayrshire
noun,55.71315773824508,-2.9958506526802715,1664806556,591,1961,61,Female,Y,1415,Stow,"Scottish Borders",TD1,Borders
noun,55.94715282390632,-4.235045661948022,1664806629,569,1970,52,Female,Y,502,Bishopbriggs,"East Dunbartonshire",G64,Glasgow
noun,55.45969470576742,-4.6305174888881275,1664806874,592,1959,63,Female,Y,856,"Ayr (Centre)","South Ayrshire",KA7,Ayrshire
noun,56.80278770880424,-2.9520789082568992,1664807423,598,1962,60,Female,N,181,Kirriemuir,Angus,DD8,"Tayside and Angus (Dundee)"
noun,55.86203908021969,-3.3967077434340194,1664807441,599,1985,37,Male,Y,319,"Blackford, Edinburgh",Edinburgh,"Edinburgh South","Lothian (Edinburgh)"
noun,56.042022510672375,-2.643197088092907,1664808659,603,2004,18,Male,N,355,"North Berwick","East Lothian",EH39,"Lothian (Edinburgh)"
noun,56.48457348616691,-2.9898161927518783,1664809197,610,1956,66,Female,Y,234,"Baxter Park, Dundee",Dundee,"Dundee Bluebelt","Tayside and Angus (Dundee)"
noun,55.71159938304193,-4.056994549016842,1664809298,609,1968,54,Male,Y,1160,Strathaven,"North Lanarkshire",ML10,Glasgow
noun,57.67705672296125,-3.4839243893016576,1664809815,612,1966,56,Female,N,737,Elgin,Moray,IV30,"North East (Aberdeen)"
noun,56.77857213789619,-2.953290382465267,1664810114,614,1954,68,Male,Y,181,Kirriemuir,Angus,DD8,"Tayside and Angus (Dundee)"
noun,55.91589373332912,-3.004538865759183,1664810381,616,1952,70,Female,Y,333,"Newcraighall, Edinburgh",Edinburgh,EH21,"Lothian (Edinburgh)"
noun,55.90953355863752,-3.2853061994650634,1664812949,633,1955,67,Male,Y,271,"Abbeyhill, Edinburgh",Edinburgh,"Edinburgh Central","Lothian (Edinburgh)"
noun,56.42193207156748,-2.9001937230144543,1664813046,629,1993,29,Male,Y,1114,"St Andrews",Fife,KY16,Fife
noun,55.91263741139477,-4.311797075320899,1664813616,638,1965,57,Female,Y,488,Bearsden,"East Dunbartonshire",G61,Glasgow
noun,56.05340117874102,-5.771491212257252,1664813937,642,1981,41,Female,Y,1280,"Isle of Jura, Inner Hebrides","Argyll and Bute",PA60,"Argyll and Bute"
noun,55.786820365470895,-4.634029800315711,1664814129,643,1975,47,Male,Y,1226,Lochwinnoch,Renfrewshire,PA12,Glasgow
noun,55.94437775266208,-3.1437566968164554,1664815331,650,1993,29,Male,Y,281,"Portobello, Edinburgh",Edinburgh,"Edinburgh Duddingston","Lothian (Edinburgh)"
noun,54.99100352118845,-5.1579359512646805,1664816027,654,1997,25,Male,N,231,Stranraer,"Dumfries and Galloway",DG9,"Dumfries and Galloway"
noun,55.7245206147387,-4.188921183785862,1664816249,655,1986,36,Female,Y,534,"East Kilbride (south: Hairmyres, Westwood, The Murray, Murray East, Whitehills, Greenhill, Newlandsmuir, Gardenhall, Crosshouse, Newlands, Lindsayfield, Mossneuk)","South Lanarkshire",G75,Glasgow
noun,55.74418710725739,-4.183473191498226,1664816707,661,1983,39,Female,Y,534,"East Kilbride (south: Hairmyres, Westwood, The Murray, Murray East, Whitehills, Greenhill, Newlandsmuir, Gardenhall, Crosshouse, Newlands, Lindsayfield, Mossneuk)","South Lanarkshire",G75,Glasgow
noun,55.878692359120485,-4.331448214306275,1664816917,639,1984,38,Female,Y,644,"Partick, Glasgow",Glasgow,"Glasgow Northwest",Glasgow
noun,55.963233399042956,-3.1871398352856573,1664816977,663,1982,40,Female,Y,287,"Corstorphine, Edinburgh",Edinburgh,"Edinburgh North","Lothian (Edinburgh)"
noun,56.30829458973827,-3.0949599583970304,1664817133,666,1986,36,Male,Y,1105,Cupar,Fife,KY15,Fife
noun,56.247011749242425,-4.714188777469346,1664818820,676,1994,28,Female,Y,553,Arrochar,"Argyll and Bute",G83,"Argyll and Bute"
noun,55.83893806839282,-4.440029780694678,1664819037,680,2004,18,Female,Y,1236,"Paisley (south: Blackhall, Castlehead, Dykebar, Foxbar, Hunterhill, Meikleriggs)",Renfrewshire,PA2,Glasgow
noun,55.810069721143385,-4.308032276591752,1664819830,681,2002,20,Other,Y,645,Clarkston,"East Renfrewshire","Glasgow South",Glasgow
noun,55.90300625456285,-4.373629795222272,1664819915,634,1994,28,Male,Y,644,"Partick, Glasgow",Glasgow,"Glasgow Northwest",Glasgow
noun,55.8146745271862,-4.487058180335124,1664820109,680,2004,18,Female,Y,1236,"Paisley (south: Blackhall, Castlehead, Dykebar, Foxbar, Hunterhill, Meikleriggs)",Renfrewshire,PA2,Glasgow
noun,55.82087855630431,-4.092861999290074,1664820615,690,1965,57,Male,Y,523,Bothwell,"South Lanarkshire",G71,Glasgow
noun,56.16403128773283,-3.920984928330872,1664820710,694,2000,22,Male,Y,479,"Stirling (north: Causewayhead, Cornton)",Stirlingshire,FK9,"Stirling and Falkirk"
noun,55.84323830140811,-4.006648444330891,1664820750,696,1987,35,Female,Y,1189,Coatbridge,"North Lanarkshire",ML5,Glasgow
noun,57.14457822547078,-2.8886650026113636,1664820869,693,2001,21,Female,School,33,Aboyne,Aberdeenshire,AB34,"North East (Aberdeen)"
noun,54.99393156877249,-3.4431712912400716,1664821120,697,1985,37,Male,Y,186,"Dumfries (centre and east: Dalscone, Georgetown, Heathhall, Kingholm Quay, Noblehill, The Crichton)","Dumfries and Galloway",DG1,"Dumfries and Galloway"
noun,55.767833245245974,-4.164242826641819,1664821530,699,2002,20,Male,N,530,"East Kilbride (north: The Village, East Mains, West Mains, Lymekilns, St Leonards, Calderwood, Nerston, Stewartfield, Peel Park)","South Lanarkshire",G74,Glasgow
noun,55.775459262151855,-4.521968031048991,1664821846,701,1981,41,Female,Y,1236,"Paisley (south: Blackhall, Castlehead, Dykebar, Foxbar, Hunterhill, Meikleriggs)",Renfrewshire,PA2,Glasgow
noun,55.7896140403997,-4.309559726931822,1664821866,708,1958,64,Female,Y,658,"Giffnock, Glasgow",Glasgow,"Glasgow South",Glasgow
noun,56.47706604332922,-2.8525933437697604,1664821992,709,1994,28,Female,Y,248,"Barnhill, Dundee",Dundee,"Dundee East","Tayside and Angus (Dundee)"
noun,56.46859958315505,-3.011870180786066,1664823273,712,1956,66,Female,Y,239,"Charleston, Dundee",Dundee,"Dundee Central","Tayside and Angus (Dundee)"
noun,57.29758285337722,-3.7110709585879373,1664823820,719,1977,45,Female,Y,1371,Grantown-On-Spey,Highland,PH26,"Highlands (Inverness)"
noun,57.447497426490166,-4.054253686016094,1664824562,723,2004,18,Female,Y,714,"Inverness (east: Culcabock, Crown, Culduthel, Drummond, Haugh, Hilton, Holm, Lochardil, Millburn, Raigmore)",Highland,IV2,"Highlands (Inverness)"
noun,56.86009661816881,-3.2067179559593417,1664824641,724,1974,48,Female,Y,181,Kirriemuir,Angus,DD8,"Tayside and Angus (Dundee)"
noun,55.82725013763598,-3.381217489623554,1664825849,730,1999,23,Female,Y,314,"Morningside, Edinburgh",Edinburgh,"Edinburgh South","Lothian (Edinburgh)"
noun,55.84086231154906,-4.565715652880661,1664826462,731,1996,26,Female,Y,1222,Kilbarchan,Renfrewshire,PA10,Glasgow
noun,55.87897667879002,-4.292975170161857,1664826526,732,1958,64,Female,Y,585,"Kelvindale, Glasgow",Glasgow,"Glasgow Kelvin",Glasgow
noun,55.938118875204296,-3.9441822283831147,1664827252,736,2001,21,Female,Y,514,"Cumbernauld (south: Condorrat, Lenziemill, Carbrain, Kildrum, Cumbernauld Village, Abronhill, Seafar)","North Lanarkshire",G67,Glasgow
noun,55.76125960852332,-4.0904448771608335,1664827961,737,1994,28,Male,Y,1183,Hamilton,"South Lanarkshire",ML3,Glasgow
noun,58.945356716512755,-3.2220980498347807,1664828716,742,1977,45,Female,Y,982,Stromness,Orkney,KW16,"Orkney Islands"
noun,55.68801830911195,-4.783581936289938,1664829327,743,1952,70,Female,Y,813,Ardrossan,"North Ayrshire",KA22,Ayrshire
noun,56.64818880427782,-2.557854164311815,1664829456,750,1997,25,Female,Y,141,Arbroath,Angus,DD11,"Tayside and Angus (Dundee)"
noun,55.91836916594313,-4.220008208045028,1664830763,757,1976,46,Female,Y,502,Bishopbriggs,"East Dunbartonshire",G64,Glasgow
noun,55.70236132951326,-3.937066859217264,1664830883,758,1962,60,Female,Y,1217,Larkhall,"North Lanarkshire",ML9,Glasgow
noun,55.81592762400309,-4.459482022021817,1664831005,760,1989,33,Female,N,1236,"Paisley (south: Blackhall, Castlehead, Dykebar, Foxbar, Hunterhill, Meikleriggs)",Renfrewshire,PA2,Glasgow
noun,56.11789111444044,-3.869591983675178,1664832063,765,1984,38,Female,Y,464,"Stirling (south and east: Braehead, Borestone, Broomridge, Torbrex)",Stirlingshire,FK7,"Stirling and Falkirk"
noun,57.232553670718815,-5.973730731393371,1664833777,774,1966,56,Female,Y,759,"Broadford, Isle of Skye",Highland,IV49,"Highlands (Inverness)"
noun,55.80616118986234,-4.0494482177505615,1664833867,775,1977,45,Male,Y,526,Viewpark,"North Lanarkshire",G71,Glasgow
noun,55.75266630202897,-4.208791638723594,1664833880,691,1984,38,Female,Y,534,"East Kilbride (south: Hairmyres, Westwood, The Murray, Murray East, Whitehills, Greenhill, Newlandsmuir, Gardenhall, Crosshouse, Newlands, Lindsayfield, Mossneuk)","South Lanarkshire",G75,Glasgow
noun,55.822623762194134,-4.504181723686877,1664834024,778,1952,70,Female,Y,1276,Johnstone,Renfrewshire,PA5,Glasgow
noun,55.72631033009667,-4.041924855660943,1664834512,779,2003,19,Female,Y,1183,Hamilton,"South Lanarkshire",ML3,Glasgow
noun,55.895018872362485,-4.361489660648976,1664834689,780,1987,35,Female,Y,641,"Knightswood, Glasgow",Glasgow,"Glasgow Northwest",Glasgow
noun,55.84490759241097,-3.4039433142354323,1664835533,730,1999,23,Female,Y,314,"Morningside, Edinburgh",Edinburgh,"Edinburgh South","Lothian (Edinburgh)"
noun,55.657978114568664,-4.80010334658043,1664837697,784,1959,63,Female,Y,813,Ardrossan,"North Ayrshire",KA22,Ayrshire
noun,56.72227309136406,-5.188662731197236,1664838856,786,1967,55,Female,Y,1377,"Fort William",Highland,PH33,"Highlands (Inverness)"
noun,55.85679976469585,-4.29266907702009,1664842278,794,1947,75,Male,N,676,"Mosspark, Glasgow",Glasgow,"Glasgow Southwest",Glasgow
noun,56.160943640459635,-4.026254697050014,1664848959,798,2004,18,Female,School,479,"Stirling (north: Causewayhead, Cornton)",Stirlingshire,FK9,"Stirling and Falkirk"
noun,56.15309331195335,-4.079429548825811,1664849141,798,2004,18,Female,School,479,"Stirling (north: Causewayhead, Cornton)",Stirlingshire,FK9,"Stirling and Falkirk"
noun,55.874744525928755,-4.25341202883474,1664864832,805,1962,60,Female,Y,586,"Kelvinside, Glasgow",Glasgow,"Glasgow Kelvin",Glasgow
noun,56.48106414524426,-2.9968764187725814,1664865076,806,1956,66,Female,Y,234,"Baxter Park, Dundee",Dundee,"Dundee Bluebelt","Tayside and Angus (Dundee)"
noun,55.820228388667026,-4.347744324355183,1664865344,794,1947,75,Male,N,676,"Mosspark, Glasgow",Glasgow,"Glasgow Southwest",Glasgow
noun,57.58441030523654,-4.184089449500178,1664866602,808,1983,39,Female,Y,700,Fortrose,Highland,IV10,"Highlands (Inverness)"
noun,55.82560316078643,-4.3280647326769275,1664867606,813,1957,65,Male,N,656,"Croftfoot, Glasgow",Glasgow,"Glasgow South",Glasgow
noun,55.854346538465656,-4.351310619785661,1664867987,816,1954,68,Male,N,672,"Govan, Glasgow",Glasgow,"Glasgow Southwest",Glasgow
noun,55.974151899786285,-3.5166535825968634,1664870769,845,1998,24,Male,Y,369,Linlithgow,"West Lothian",EH49,"Lothian (Edinburgh)"
noun,56.46985683429216,-3.003701194266587,1664870769,843,1979,43,Female,N,244,"Stobswell, Dundee",Dundee,"Dundee Central","Tayside and Angus (Dundee)"
noun,56.494689119845496,-2.9979364901188905,1664870777,831,2004,18,Male,School,244,"Stobswell, Dundee",Dundee,"Dundee Central","Tayside and Angus (Dundee)"
noun,55.94634404148685,-3.5940219986576505,1664870935,865,1998,24,Male,Y,369,Linlithgow,"West Lothian",EH49,"Lothian (Edinburgh)"
noun,55.820809242000266,-4.303044462651816,1664870983,847,1977,45,Female,Y,648,"Shawlands, Glasgow",Glasgow,"Glasgow South",Glasgow
noun,56.90975089990268,-5.266980919125358,1664871070,857,1960,62,Female,Y,1377,"Fort William",Highland,PH33,"Highlands (Inverness)"
noun,55.91476862310321,-4.20745125781402,1664871209,861,1990,32,Male,Y,503,Torrance,"East Dunbartonshire",G64,Glasgow
noun,56.28972029178531,-3.1841973535456725,1664871368,868,1992,30,Female,Y,1105,Cupar,Fife,KY15,Fife
noun,56.462446301811234,-3.056347996449242,1664871385,872,1986,36,Male,Y,261,"Westend, Dundee",Dundee,"Dundee West","Tayside and Angus (Dundee)"
noun,55.94931573820709,-4.223025092211019,1664871593,862,1964,58,Female,Y,502,Bishopbriggs,"East Dunbartonshire",G64,Glasgow
noun,55.65568100323531,-4.2392987755592655,1664871695,877,1974,48,Male,Y,796,Darvel,"East Ayrshire",KA17,Ayrshire
noun,55.727527565846444,-3.795085832488548,1664871729,876,1997,25,Male,Y,1212,Carluke,"South Lanarkshire",ML8,Glasgow
noun,57.118579255401634,-2.9297923860035304,1664871782,851,1975,47,Female,Y,33,Aboyne,Aberdeenshire,AB34,"North East (Aberdeen)"
noun,56.141712988384555,-3.628729088047138,1664871861,885,1996,26,Male,Y,401,Powmill,"Perth and Kinross",FK14,"Stirling and Falkirk"
noun,56.06827938426967,-3.64372381409879,1664872015,891,1992,30,Female,Y,1096,"Dunfermline (centre, north, west: Abbey Parks, Lady's Mill, Garvock, Headwell, Kingseathill, Wellwood, Milesmark, Baldridge, Pittencrieff, Baldridgeburn)",Fife,KY12,Fife
noun,55.77097851691933,-4.645415808330756,1664872070,892,1987,35,Male,Y,1226,Lochwinnoch,Renfrewshire,PA12,Glasgow
noun,56.10889910634222,-3.592134753250419,1664872116,891,1992,30,Female,Y,1096,"Dunfermline (centre, north, west: Abbey Parks, Lady's Mill, Garvock, Headwell, Kingseathill, Wellwood, Milesmark, Baldridge, Pittencrieff, Baldridgeburn)",Fife,KY12,Fife
noun,55.832309333203675,-4.249541929012517,1664872274,894,1975,47,Female,N,678,"Cardonald, Glasgow",Glasgow,"Glasgow Southwest",Glasgow
noun,56.26416864593949,-4.479203743990569,1664872335,897,1994,28,Female,Y,410,Callander,Stirlingshire,FK17,"Stirling and Falkirk"
noun,55.88590055352998,-4.434239771647705,1664872352,890,1961,61,Male,N,1264,Renfrew,Renfrewshire,PA4,Glasgow
noun,55.817567510606274,-4.148162330899346,1664872404,902,1995,27,Male,Y,529,Cambuslang,"South Lanarkshire",G72,Glasgow
noun,56.11362803704414,-3.387535922853976,1664872678,891,1992,30,Female,Y,1096,"Dunfermline (centre, north, west: Abbey Parks, Lady's Mill, Garvock, Headwell, Kingseathill, Wellwood, Milesmark, Baldridge, Pittencrieff, Baldridgeburn)",Fife,KY12,Fife
noun,55.81014444635041,-4.495701516520575,1664872897,918,1980,42,Male,N,1236,"Paisley (south: Blackhall, Castlehead, Dykebar, Foxbar, Hunterhill, Meikleriggs)",Renfrewshire,PA2,Glasgow
noun,55.6683753181822,-4.115853366135827,1664872932,919,1989,33,Male,Y,1160,Strathaven,"North Lanarkshire",ML10,Glasgow
noun,56.77234514991224,-3.1192830753045344,1664872946,920,1959,63,Male,Y,181,Kirriemuir,Angus,DD8,"Tayside and Angus (Dundee)"
noun,55.82044047011163,-4.328907961290847,1664873011,847,1977,45,Female,Y,648,"Shawlands, Glasgow",Glasgow,"Glasgow South",Glasgow
noun,56.4412707818889,-2.8389266142901453,1664873066,916,1991,31,Other,Y,175,Newport-on-Tay,Fife,DD6,"Tayside and Angus (Dundee)"
noun,58.16052244353972,-6.3858857643056375,1664873186,923,1997,25,Male,Y,688,"Isle of Lewis","Western Isles (outside of Stornoway)",HS2,"Western Isles"
noun,55.55641752363654,-4.640930329108698,1664873230,879,1978,44,Female,Y,784,Troon,"South Ayrshire",KA10,Ayrshire
noun,56.26098014621018,-4.216039756256738,1664873680,897,1994,28,Female,Y,410,Callander,Stirlingshire,FK17,"Stirling and Falkirk"
noun,55.63745224170862,-4.1251607108907296,1664873699,935,1973,49,Female,Y,1160,Strathaven,"North Lanarkshire",ML10,Glasgow
noun,55.771560758256655,-4.393916488400565,1664873875,944,1966,56,Female,Y,539,"Newton Mearns","East Renfrewshire",G77,Glasgow
noun,55.94952805469644,-4.596548147518536,1664874188,941,1987,35,Male,Y,549,Dumbarton,"West Dunbartonshire",G82,Glasgow
noun,57.54561557417109,-3.4960130954314423,1664874264,949,1992,30,Female,Y,740,Forres,Moray,IV36,"North East (Aberdeen)"
noun,55.89842882928254,-3.879713482115431,1664874285,950,1992,30,Female,Y,1192,Airdrie,"North Lanarkshire",ML6,Glasgow
noun,55.96744679225742,-4.44851810474002,1664874647,958,1953,69,Male,N,543,Duntocher,"West Dunbartonshire",G81,Glasgow
noun,56.070255750487526,-3.778614601379394,1664874712,959,1999,23,Female,Y,420,Carron,Falkirk,FK2,"Stirling and Falkirk"
noun,55.58503704936619,-4.47455519619131,1664874830,969,1960,62,Male,N,779,"Kilmarnock (centre and south: Bonnyton, Grange, Bellfield, Shortlees, Caprington, Riccarton, Hurlford)","East Ayrshire",KA1,Ayrshire
noun,57.15028037738745,-4.501736714327303,1664874940,936,1976,46,Male,Y,713,Culloden,Highland,IV2,"Highlands (Inverness)"
noun,57.275587731133996,-2.182503131167634,1664875117,973,1989,33,Female,Y,113,"Bridge of Don, Aberdeen",Aberdeen,"Aberdeen North","North East (Aberdeen)"
noun,55.94852529809529,-3.1387446558500742,1664875182,983,1969,53,Female,N,283,"Craigentinny, Edinburgh",Edinburgh,"Edinburgh Duddingston","Lothian (Edinburgh)"
noun,58.1103732222711,-3.956288158596463,1664875201,988,1998,24,Male,Y,1071,Brora,Highland,KW9,"Highlands (Inverness)"
noun,55.92932582793108,-3.2029626501590194,1664875277,985,1972,50,Male,Y,311,"Currie, Edinburgh",Edinburgh,"Edinburgh South","Lothian (Edinburgh)"
noun,55.895182414050076,-4.348635356129599,1664875358,991,1944,78,Male,N,638,"Drumchapel, Glasgow",Glasgow,"Glasgow Northwest",Glasgow
noun,57.16207301816179,-4.624768027375588,1664875475,954,1996,26,Male,Y,714,"Inverness (east: Culcabock, Crown, Culduthel, Drummond, Haugh, Hilton, Holm, Lochardil, Millburn, Raigmore)",Highland,IV2,"Highlands (Inverness)"
noun,56.07194704371728,-3.9355037576910585,1664875715,1008,1991,31,Female,Y,457,Bannockburn,Stirlingshire,FK7,"Stirling and Falkirk"
noun,56.32591058706961,-2.8886838544956945,1664875805,1006,1961,61,Female,Y,1114,"St Andrews",Fife,KY16,Fife
noun,57.5879955761923,-3.7198305266662612,1664875885,1009,1992,30,Female,Y,740,Forres,Moray,IV36,"North East (Aberdeen)"
noun,57.19608519261491,-5.848628137684313,1664876053,1053,1964,58,Male,N,759,"Broadford, Isle of Skye",Highland,IV49,"Highlands (Inverness)"
noun,55.85977591653178,-3.325829968380216,1664876129,1013,2008,14,Male,School,316,"Bruntsfield, Edinburgh",Edinburgh,"Edinburgh South","Lothian (Edinburgh)"
noun,57.30666520383749,-7.3809404524395505,1664876142,1023,1978,44,Female,Y,695,"Isle of South Uist","Western Isles",HS8,"Western Isles"
noun,55.87411578816691,-4.2182997159217654,1664876145,1040,1961,61,Female,Y,628,"Balornock, Glasgow",Glasgow,"Glasgow Northeast",Glasgow
noun,55.795534025769335,-4.27894779813899,1664876225,1065,1973,49,Female,Y,651,"Cathcart, Glasgow",Glasgow,"Glasgow South",Glasgow
noun,55.94551987538507,-3.17304914492672,1664876245,1043,1957,65,Female,Y,281,"Portobello, Edinburgh",Edinburgh,"Edinburgh Duddingston","Lothian (Edinburgh)"
noun,56.81254222182496,-2.3793434405724594,1664876609,1071,1995,27,Male,School,137,Inverbervie,Aberdeenshire,DD10,"Tayside and Angus (Dundee)"
noun,55.81756540053144,-4.3586645992824575,1664876648,1007,1961,61,Male,Y,678,"Cardonald, Glasgow",Glasgow,"Glasgow Southwest",Glasgow
noun,55.79728892115232,-4.0245757990784,1664876758,1081,1995,27,Female,Y,1151,Motherwell,"North Lanarkshire",ML1,Glasgow
noun,55.94608070125589,-4.414773586343527,1664876768,1063,1958,64,Female,Y,546,Clydebank,"West Dunbartonshire",G81,Glasgow
noun,55.66698752239562,-3.9371538497435337,1664876776,1085,1995,27,Female,Y,1168,Lesmahagow,"South Lanarkshire",ML11,Glasgow
noun,55.9651869194494,-4.450490640793078,1664876882,1012,1964,58,Male,N,546,Clydebank,"West Dunbartonshire",G81,Glasgow
noun,57.23568282926175,-4.504171062090576,1664876899,1068,1984,38,Male,N,714,"Inverness (east: Culcabock, Crown, Culduthel, Drummond, Haugh, Hilton, Holm, Lochardil, Millburn, Raigmore)",Highland,IV2,"Highlands (Inverness)"
noun,56.66055684559682,-3.8799881856694594,1664876912,1092,1992,30,Female,Y,1327,Aberfeldy,"Perth and Kinross",PH15,Fife
noun,56.76431272396327,-3.0498778390608186,1664876926,1087,1969,53,Male,N,181,Kirriemuir,Angus,DD8,"Tayside and Angus (Dundee)"
noun,55.83029972486011,-4.376263290355613,1664877021,1080,1988,34,Male,Y,661,"Govanhill, Glasgow",Glasgow,"Glasgow Southwest",Glasgow
noun,56.465783728856444,-2.9451898743281033,1664877050,1096,1970,52,Male,Y,256,"Whitfield, Dundee",Dundee,"Dundee North","Tayside and Angus (Dundee)"
noun,55.95276923163116,-3.2212564624981774,1664877070,1084,1978,44,Female,Y,294,"Stockbridge, Edinburgh",Edinburgh,"Edinburgh North","Lothian (Edinburgh)"
noun,57.38240845378003,-4.385333077623262,1664877164,939,1982,40,Male,Y,736,"Inverness (west: Ballifeary, Balnafettack, Clachnaharry, Dalneigh, Kinmylies, Leachkin, Merkinch, Muirtown, South Kessock)",Highland,IV3,"Highlands (Inverness)"
noun,55.97143690754997,-3.8442220835208207,1664877492,1108,1994,28,Male,Y,377,"Falkirk (centre and south: Arnothill, Bantaskin, Callendar Park, Glen Village, Hallglen, Lionthorn, Tamfourhill, Woodlands)",Falkirk,FK1,"Stirling and Falkirk"
noun,56.02346080974255,-3.700458874864053,1664877518,1116,1974,48,Male,Y,439,Grangemouth,Falkirk,FK3,"Stirling and Falkirk"
noun,55.41233772339559,-4.751407580629172,1664877624,1130,1964,58,Female,Y,856,"Ayr (Centre)","South Ayrshire",KA7,Ayrshire
noun,57.12746393862539,-2.64652865434274,1664877654,1127,1970,52,Female,Y,22,Banchory,Aberdeenshire,AB31,"North East (Aberdeen)"
noun,55.924672123967305,-3.30872081171546,1664877659,1117,1965,57,Female,Y,268,"Stenhouse, Edinburgh",Edinburgh,"Edinburgh Central","Lothian (Edinburgh)"
noun,55.77423498678636,-3.826326296238621,1664877689,1107,1957,65,Female,Y,1180,Wishaw,"North Lanarkshire",ML2,Glasgow
noun,55.78275097160147,-3.768936761714863,1664877756,1135,1976,46,Male,N,364,Fauldhouse,"West Lothian",EH47,"Lothian (Edinburgh)"
noun,57.784463611045005,-4.170763451931496,1664877827,1137,1983,39,Female,Y,711,Tain,Highland,IV19,"Highlands (Inverness)"
noun,56.02030907386047,-4.626160370452703,1664877897,1144,1943,79,Female,Y,557,Alexandria,"West Dunbartonshire",G83,"Argyll and Bute"
noun,55.69932384969462,-3.7589133167046525,1664877958,1075,1988,34,Female,Y,1215,Rosebank,"South Lanarkshire",ML8,Glasgow
noun,57.80986221116188,-4.108114260436907,1664878161,1137,1983,39,Female,Y,711,Tain,Highland,IV19,"Highlands (Inverness)"
noun,55.022318941039224,-4.988782414756033,1664878265,1163,1983,39,Female,Y,819,Barrhill,"South Ayrshire",KA26,Ayrshire
noun,55.737591386636154,-2.960509793862086,1664878302,1172,1990,32,Male,Y,1413,Galashiels,"Scottish Borders",TD1,Borders
noun,56.032381063832254,-3.4423771796077567,1664878330,1165,2000,22,Female,Y,1091,Inverkeithing,Fife,KY11,Fife
noun,55.749798818069166,-3.928954745155177,1664878386,1175,1997,25,Male,Y,1180,Wishaw,"North Lanarkshire",ML2,Glasgow
noun,55.777594750295236,-4.493863772026404,1664878502,1164,1968,54,Female,Y,540,Barrhead,"East Renfrewshire",G78,Glasgow
noun,55.75604359605764,-4.195677944140283,1664878576,1174,1975,47,Female,Y,534,"East Kilbride (south: Hairmyres, Westwood, The Murray, Murray East, Whitehills, Greenhill, Newlandsmuir, Gardenhall, Crosshouse, Newlands, Lindsayfield, Mossneuk)","South Lanarkshire",G75,Glasgow
noun,57.28669650641177,-2.1514280169671802,1664878773,1179,1981,41,Male,Y,113,"Bridge of Don, Aberdeen",Aberdeen,"Aberdeen North","North East (Aberdeen)"
noun,55.73102230852012,-4.227447851491767,1664878818,1174,1975,47,Female,Y,534,"East Kilbride (south: Hairmyres, Westwood, The Murray, Murray East, Whitehills, Greenhill, Newlandsmuir, Gardenhall, Crosshouse, Newlands, Lindsayfield, Mossneuk)","South Lanarkshire",G75,Glasgow
noun,57.63008407233094,-3.701496468878824,1664878866,1185,1991,31,Male,N,740,Forres,Moray,IV36,"North East (Aberdeen)"
noun,55.87341537878784,-4.043862678342613,1664878869,1184,1982,40,Male,Y,1189,Coatbridge,"North Lanarkshire",ML5,Glasgow
noun,56.2268913582025,-4.132594511104029,1664878919,1133,1977,45,Male,Y,410,Callander,Stirlingshire,FK17,"Stirling and Falkirk"
noun,55.811300272340716,-4.255363969521892,1664879173,1134,1965,57,Female,Y,660,"Arden, Glasgow",Glasgow,"Glasgow South",Glasgow
noun,55.74225663403565,-4.072582602408179,1664879217,1204,1967,55,Female,Y,1183,Hamilton,"South Lanarkshire",ML3,Glasgow
noun,55.949481823394436,-4.205193741451625,1664879280,1208,1971,51,Male,Y,502,Bishopbriggs,"East Dunbartonshire",G64,Glasgow
noun,55.816047685197184,-4.06168385161763,1664879320,1210,1991,31,Male,Y,525,Uddingston,"South Lanarkshire",G71,Glasgow
noun,57.17823374976585,-2.257232970562631,1664879347,1214,1981,41,Female,Y,112,"Dyce, Aberdeen",Aberdeen,"Aberdeen North","North East (Aberdeen)"
noun,56.074152168928165,-3.3481547263485862,1664879372,1125,1978,44,Female,Y,1121,Cowdenbeath,Fife,KY4,Fife
noun,57.710316405765774,-4.2146080824862695,1664879437,1218,1970,52,Female,Y,708,Invergordon,Highland,IV18,"Highlands (Inverness)"
noun,55.94248140172694,-3.1470112876746206,1664879445,1199,1971,51,Female,N,322,"Gilmerton, Edinburgh",Edinburgh,"Edinburgh Southeast","Lothian (Edinburgh)"
noun,57.71185076360861,-4.145338241391743,1664879461,1218,1970,52,Female,Y,708,Invergordon,Highland,IV18,"Highlands (Inverness)"
noun,55.89859907421052,-3.577237195100436,1664879687,1223,1986,36,Male,Y,375,Livingston,"West Lothian",EH54,"Lothian (Edinburgh)"
noun,57.10475969359323,-2.312445869506799,1664879826,1225,1958,64,Female,N,133,"Bieldside, Aberdeen",Aberdeen,"Aberdeen Southwest","North East (Aberdeen)"
noun,55.63471420600705,-4.561616164781669,1664879904,1236,1961,61,Female,Y,837,"Kilmarnock (north: Onthank, Townholm, Altonhill, Longpark, Beansburn, New Farm Loch, Knockinlaw, Hillhead, Crookedholm)","East Ayrshire",KA3,Ayrshire
noun,55.97625017775398,-3.2396708339596514,1664879949,1235,1981,41,Male,Y,278,"Granton, Edinburgh",Edinburgh,"Edinburgh Clermiston Granton","Lothian (Edinburgh)"
noun,56.911176764653675,-2.2426512208706373,1664880199,1245,1997,25,Female,Y,48,Stonehaven,Aberdeenshire,AB39,"North East (Aberdeen)"
noun,56.467416910200605,-2.9269080602331146,1664880203,842,1968,54,Female,N,250,"Downfield, Dundee",Dundee,"Dundee North","Tayside and Angus (Dundee)"
noun,55.77559088105242,-3.8792095606438926,1664880343,1094,1990,32,Male,Y,1180,Wishaw,"North Lanarkshire",ML2,Glasgow
noun,56.0330326505474,-2.7334944349119503,1664880346,1266,1993,29,Male,Y,355,"North Berwick","East Lothian",EH39,"Lothian (Edinburgh)"
noun,55.86591434620134,-4.121759600044793,1664880377,1256,1950,72,Female,Y,603,"Carntyne, Glasgow",Glasgow,"Glasgow Northeast",Glasgow
noun,57.20802261914964,-2.1787007669905205,1664880441,1265,1960,62,Female,Y,112,"Dyce, Aberdeen",Aberdeen,"Aberdeen North","North East (Aberdeen)"
noun,55.827404324801286,-4.085723191774912,1664880512,1263,1975,47,Female,Y,523,Bothwell,"South Lanarkshire",G71,Glasgow
noun,56.46707629840194,-2.9556406855243105,1664880514,1255,1987,35,Female,Y,234,"Baxter Park, Dundee",Dundee,"Dundee Bluebelt","Tayside and Angus (Dundee)"
noun,56.96577819075343,-2.30731430395928,1664880576,1230,1996,26,Female,Y,48,Stonehaven,Aberdeenshire,AB39,"North East (Aberdeen)"
noun,58.036549762906695,-3.9536111632727886,1664880641,1272,1981,41,Male,Y,1071,Brora,Highland,KW9,"Highlands (Inverness)"
noun,57.17283289561756,-2.296877803853013,1664880678,1283,1988,34,Male,N,27,"Kirkton of Skene",Aberdeenshire,AB32,"North East (Aberdeen)"
noun,55.511508709899154,-4.234928058980675,1664880679,1273,1969,53,Female,Y,848,Tarbolton,"South Ayrshire",KA5,Ayrshire
noun,55.866633544329886,-3.112842944850783,1664881086,1285,1992,30,Female,Y,328,Bonnyrigg,Midlothian,EH19,"Lothian (Edinburgh)"
noun,56.47137085439686,-2.919174093488191,1664881124,1291,1951,71,Female,Y,251,"Kirkton, Dundee",Dundee,"Dundee North","Tayside and Angus (Dundee)"
noun,55.450212167340034,-4.6093999295593555,1664881153,1288,1956,66,Female,Y,856,"Ayr (Centre)","South Ayrshire",KA7,Ayrshire
noun,56.122857326964485,-3.412028172876876,1664881159,1279,1986,36,Male,Y,1121,Cowdenbeath,Fife,KY4,Fife
noun,57.06689876854971,-2.554963770401241,1664881199,1290,1989,33,Female,Y,22,Banchory,Aberdeenshire,AB31,"North East (Aberdeen)"
noun,56.47904460920207,-2.937559844541728,1664881251,1291,1951,71,Female,Y,251,"Kirkton, Dundee",Dundee,"Dundee North","Tayside and Angus (Dundee)"
noun,58.21318636533233,-6.367790625148188,1664881701,1316,1997,25,Male,Y,686,"Stornoway, Isle of Lewis","Western Isles",HS1,"Western Isles"
noun,56.46940522943839,-3.1030094934902306,1664881865,1315,1987,35,Male,Y,145,Liff,Angus,DD2,"Tayside and Angus (Dundee)"
noun,55.88829753819755,-4.385481377784988,1664881932,1319,1986,36,Male,Y,643,"Anniesland, Glasgow",Glasgow,"Glasgow Northwest",Glasgow
noun,55.925160829955786,-4.207890158918896,1664881974,1329,1997,25,Male,Y,502,Bishopbriggs,"East Dunbartonshire",G64,Glasgow
noun,55.86890299802993,-4.177244485088246,1664881993,1321,1993,29,Male,Y,600,"Garrowhill, Glasgow",Glasgow,"Glasgow Northeast",Glasgow
noun,55.794401895111896,-4.107098012824896,1664882049,1341,1989,33,Male,Y,529,Cambuslang,"South Lanarkshire",G72,Glasgow
noun,57.18703271467708,-2.395910556739481,1664882331,1340,1990,32,Female,Y,26,Echt,Aberdeenshire,AB32,"North East (Aberdeen)"
noun,56.14263289911037,-3.542502675596624,1664882441,1342,1982,40,Female,Y,1096,"Dunfermline (centre, north, west: Abbey Parks, Lady's Mill, Garvock, Headwell, Kingseathill, Wellwood, Milesmark, Baldridge, Pittencrieff, Baldridgeburn)",Fife,KY12,Fife
noun,56.33941100018074,-3.1450538697530868,1664882608,1354,1996,26,Male,Y,1102,Newburgh,Fife,KY14,Fife
noun,55.64129262395344,-4.315083380159568,1664882632,1345,1985,37,Female,Y,795,Newmilns,"East Ayrshire",KA16,Ayrshire
noun,56.010331246754724,-3.6822064046564873,1664882849,1365,1977,45,Male,N,439,Grangemouth,Falkirk,FK3,"Stirling and Falkirk"
noun,55.866039198436,-4.815090378779556,1664882999,1361,2003,19,Male,Y,1233,Skelmorlie,"North Ayrshire",PA17,Ayrshire
noun,57.38450163716632,-4.304142563546308,1664883094,1357,1980,42,Female,Y,715,Balloch,Highland,IV2,"Highlands (Inverness)"
noun,55.921043449821845,-4.220253849431177,1664883285,1371,1980,42,Female,Y,502,Bishopbriggs,"East Dunbartonshire",G64,Glasgow
noun,55.945144014218634,-3.2553302534833457,1664883326,1338,1990,32,Male,Y,288,"Murrayfield, Edinburgh",Edinburgh,"Edinburgh North","Lothian (Edinburgh)"
noun,56.08586708635593,-3.6938931054805635,1664883498,1377,1998,24,Female,Y,388,Sauchie,Clackmannanshire,FK10,"Stirling and Falkirk"
noun,55.68690747560409,-4.395744876816889,1664883630,1384,1996,26,Female,Y,841,Stewarton,"East Ayrshire",KA3,Ayrshire
noun,55.94205702103472,-4.843780702947956,1664883726,1385,1991,31,Male,School,1235,Gourock,Inverclyde,PA19,Glasgow
noun,58.21379562371489,-6.3678299004003955,1664883797,1388,1991,31,Male,Y,686,"Stornoway, Isle of Lewis","Western Isles",HS1,"Western Isles"
noun,56.21839867226603,-3.966737955754068,1664883806,1392,1969,53,Female,Y,405,Dunblane,Stirlingshire,FK15,"Stirling and Falkirk"
noun,55.41548883589204,-4.672684468906709,1664883903,1237,1969,53,Female,Y,856,"Ayr (Centre)","South Ayrshire",KA7,Ayrshire
noun,55.96588040539327,-4.134936902303961,1664883981,1387,1984,38,Male,Y,507,Kirkintilloch,"East Dunbartonshire",G66,Glasgow
noun,55.81307967000558,-3.282408242753644,1664884024,1373,1972,50,Female,Y,343,Penicuik,Midlothian,EH26,"Lothian (Edinburgh)"
noun,56.161683495885406,-4.052056803685912,1664884025,1383,1957,65,Female,Y,477,"Bridge of Allan",Stirlingshire,FK9,"Stirling and Falkirk"
noun,55.91048273257134,-3.337389642430539,1664884038,1376,1990,32,Female,Y,308,"Liberton, Edinburgh",Edinburgh,"Edinburgh South","Lothian (Edinburgh)"
noun,57.305764013265666,-4.256163005492951,1664884169,1405,1983,39,Male,N,714,"Inverness (east: Culcabock, Crown, Culduthel, Drummond, Haugh, Hilton, Holm, Lochardil, Millburn, Raigmore)",Highland,IV2,"Highlands (Inverness)"
noun,55.88558576954174,-3.338931706966639,1664884216,1376,1990,32,Female,Y,308,"Liberton, Edinburgh",Edinburgh,"Edinburgh South","Lothian (Edinburgh)"
noun,56.89813458927839,-3.1481344958143462,1664884387,1400,1990,32,Male,Y,179,Forfar,Angus,DD8,"Tayside and Angus (Dundee)"
noun,56.084118991738286,-3.5424832886837816,1664884463,1408,1960,62,Female,Y,1096,"Dunfermline (centre, north, west: Abbey Parks, Lady's Mill, Garvock, Headwell, Kingseathill, Wellwood, Milesmark, Baldridge, Pittencrieff, Baldridgeburn)",Fife,KY12,Fife
noun,56.1580951156373,-3.3585598867183455,1664884680,1418,1971,51,Female,Y,1128,Lochgelly,Fife,KY5,Fife
noun,55.91009836080831,-4.351125330621872,1664884720,1417,1989,33,Female,Y,641,"Knightswood, Glasgow",Glasgow,"Glasgow Northwest",Glasgow
noun,55.670629188434525,-4.280827286041393,1664884774,1423,1992,30,Male,Y,796,Darvel,"East Ayrshire",KA17,Ayrshire
noun,56.017788248458544,-3.759450663012381,1664884837,1421,1984,38,Female,Y,430,Brightons,Falkirk,FK2,"Stirling and Falkirk"
noun,56.2999812055191,-3.03123692892494,1664884979,1425,1995,27,Female,Y,1109,Ladybank,Fife,KY15,Fife
noun,55.95995433294756,-3.1986467884463425,1664884997,1428,1977,45,Female,Y,297,"Blackhall, Edinburgh",Edinburgh,"Edinburgh North","Lothian (Edinburgh)"
noun,55.902081697450775,-4.3712824958623075,1664885017,1419,2000,22,Other,N,639,"Scotstoun, Glasgow",Glasgow,"Glasgow Northwest",Glasgow
noun,56.72562611535463,-3.353784310826202,1664885028,1410,1988,34,Female,Y,1318,Blairgowrie,"Perth and Kinross",PH10,Fife
noun,55.25645079054439,-4.177260921263204,1664885063,1427,1997,25,Male,Y,220,"Castle Douglas","Dumfries and Galloway",DG7,"Dumfries and Galloway"
noun,56.011303666885745,-3.7332447486683322,1664885087,1432,1969,53,Male,N,439,Grangemouth,Falkirk,FK3,"Stirling and Falkirk"
noun,55.807463879364185,-4.302264917439013,1664885168,1438,1984,38,Female,Y,648,"Shawlands, Glasgow",Glasgow,"Glasgow South",Glasgow
noun,55.9544048135081,-3.1802799796285024,1664885186,1439,1988,34,Other,Y,292,"Craigleith, Edinburgh",Edinburgh,"Edinburgh North","Lothian (Edinburgh)"
noun,57.55417620979806,-1.9982930324444723,1664885221,1434,1985,37,Female,Y,54,Peterhead,Aberdeenshire,AB42,"North East (Aberdeen)"
noun,55.797136013844174,-4.005341695561141,1664885459,1445,2001,21,Male,Y,1151,Motherwell,"North Lanarkshire",ML1,Glasgow
noun,56.23613224429272,-4.270523951188774,1664885482,1420,1988,34,Male,Y,410,Callander,Stirlingshire,FK17,"Stirling and Falkirk"
noun,56.82273644753895,-2.742422378977912,1664885848,1463,1995,27,Female,Y,182,Brechin,Angus,DD9,"Tayside and Angus (Dundee)"
noun,55.759040478702076,-3.7734166657482158,1664885861,1459,1996,26,Other,Y,1214,Law,"North Lanarkshire",ML8,Glasgow
noun,56.48452193765759,-2.9857290125281812,1664885991,1468,1965,57,Female,N,234,"Baxter Park, Dundee",Dundee,"Dundee Bluebelt","Tayside and Angus (Dundee)"
noun,55.980700577237236,-3.779180967108296,1664886133,1455,1989,33,Female,Y,377,"Falkirk (centre and south: Arnothill, Bantaskin, Callendar Park, Glen Village, Hallglen, Lionthorn, Tamfourhill, Woodlands)",Falkirk,FK1,"Stirling and Falkirk"
noun,55.953590734042685,-3.2443400633879573,1664886146,1467,1995,27,Male,Y,288,"Murrayfield, Edinburgh",Edinburgh,"Edinburgh North","Lothian (Edinburgh)"
noun,56.472941709591936,-2.845410704995796,1664886438,1484,1962,60,Female,Y,247,"Broughty Ferry, Dundee",Dundee,"Dundee East","Tayside and Angus (Dundee)"
noun,57.139242992004476,-2.1198777242470093,1664886456,1478,1976,46,Female,Y,130,"Ferryhill, Aberdeen",Aberdeen,"Aberdeen Southwest","North East (Aberdeen)"
noun,55.76466348061331,-4.174287345485976,1664886511,1470,1982,40,Male,Y,530,"East Kilbride (north: The Village, East Mains, West Mains, Lymekilns, St Leonards, Calderwood, Nerston, Stewartfield, Peel Park)","South Lanarkshire",G74,Glasgow
noun,57.126884725725986,-2.1576350847423633,1664886569,1490,1995,27,Female,Y,131,"Milltimber, Aberdeen",Aberdeen,"Aberdeen Southwest","North East (Aberdeen)"
noun,55.77589352691841,-4.140568519488026,1664886738,1470,1982,40,Male,Y,530,"East Kilbride (north: The Village, East Mains, West Mains, Lymekilns, St Leonards, Calderwood, Nerston, Stewartfield, Peel Park)","South Lanarkshire",G74,Glasgow
noun,55.906831077954095,-4.454344660148032,1664887020,1453,1989,33,Female,Y,1306,Erskine,Renfrewshire,PA8,Glasgow
noun,55.8153044194957,-4.5547107763458445,1664887044,1514,1969,53,Female,Y,1222,Kilbarchan,Renfrewshire,PA10,Glasgow
noun,56.646387156261355,-2.7661069466444426,1664887070,1502,1995,27,Female,Y,181,Kirriemuir,Angus,DD8,"Tayside and Angus (Dundee)"
noun,56.10605737932855,-3.6920203194578685,1664887083,1522,1956,66,Male,N,391,Alloa,Clackmannanshire,FK10,"Stirling and Falkirk"
noun,55.962371634830305,-4.334520449990742,1664887189,1516,1991,31,Male,Y,489,Milngavie,"East Dunbartonshire",G62,Glasgow
noun,55.821840253814315,-4.308398856928556,1664887204,1422,1991,31,Female,Y,658,"Giffnock, Glasgow",Glasgow,"Glasgow South",Glasgow
noun,56.48247952736332,-2.8971593055228047,1664887357,1523,1980,42,Female,Y,255,"Fintry, Dundee",Dundee,"Dundee North","Tayside and Angus (Dundee)"
noun,55.9113496274851,-4.369766122344025,1664887426,1525,1957,65,Female,Y,641,"Knightswood, Glasgow",Glasgow,"Glasgow Northwest",Glasgow
noun,55.902319482953715,-4.027591180116353,1664887490,1521,1988,34,Male,Y,1189,Coatbridge,"North Lanarkshire",ML5,Glasgow
noun,55.70340788059244,-4.219245055331452,1664887631,1524,1999,23,Female,Y,534,"East Kilbride (south: Hairmyres, Westwood, The Murray, Murray East, Whitehills, Greenhill, Newlandsmuir, Gardenhall, Crosshouse, Newlands, Lindsayfield, Mossneuk)","South Lanarkshire",G75,Glasgow
noun,55.99609143594601,-2.5947658678408407,1664887649,1531,1984,38,Male,Y,359,Dunbar,"East Lothian",EH42,"Lothian (Edinburgh)"
noun,56.4843205857759,-2.996963962480103,1664887663,1526,1981,41,Male,Y,233,"Fairmuir, Dundee",Dundee,"Dundee Bluebelt","Tayside and Angus (Dundee)"
noun,57.07020671294744,-2.1952727532214205,1664887879,1543,1979,43,Female,N,11,Kincorth, Aberdeen,AB12,"North East (Aberdeen)"
noun,55.960885683101765,-3.2314305646583357,1664888191,1472,1976,46,Male,N,279,"Clermiston and Drumbrae, Edinburgh",Edinburgh,"Edinburgh Clermiston Granton","Lothian (Edinburgh)"
noun,55.95316758215989,-4.220103278478988,1664888209,1553,1988,34,Male,Y,502,Bishopbriggs,"East Dunbartonshire",G64,Glasgow
noun,55.948575921688644,-3.7541798394065897,1664888250,1557,1965,57,Female,Y,377,"Falkirk (centre and south: Arnothill, Bantaskin, Callendar Park, Glen Village, Hallglen, Lionthorn, Tamfourhill, Woodlands)",Falkirk,FK1,"Stirling and Falkirk"
noun,55.926785584552235,-3.012234832165022,1664888303,1561,1995,27,Female,Y,330,Musselburgh,"East Lothian",EH21,"Lothian (Edinburgh)"
noun,55.95752666676755,-4.359358930872057,1664888448,1556,1978,44,Male,Y,491,Baldernock,"East Dunbartonshire",G62,Glasgow
noun,55.939330430651914,-3.2676771879378834,1664888554,1570,1989,33,Female,Y,287,"Corstorphine, Edinburgh",Edinburgh,"Edinburgh North","Lothian (Edinburgh)"
noun,55.85944988816675,-3.330307598115356,1664888621,1569,1973,49,Female,Y,315,"Fairmilehead, Edinburgh",Edinburgh,"Edinburgh South","Lothian (Edinburgh)"
noun,55.82670506103734,-4.2607260396696,1664888636,1565,2000,22,Female,Y,645,Clarkston,"East Renfrewshire","Glasgow South",Glasgow
noun,55.97795356899564,-3.2296268085935727,1664888702,1573,1986,36,Female,Y,278,"Granton, Edinburgh",Edinburgh,"Edinburgh Clermiston Granton","Lothian (Edinburgh)"
noun,55.54120422796021,-3.212715336095371,1664888790,1574,1988,34,Female,Y,1475,Ettrick,"Scottish Borders",TD7,Borders
noun,55.81617934726795,-4.316600102012131,1664888972,1576,1955,67,Female,N,672,"Govan, Glasgow",Glasgow,"Glasgow Southwest",Glasgow
noun,55.85318426482045,-4.3685054547637945,1664889275,1481,1990,32,Female,Y,661,"Govanhill, Glasgow",Glasgow,"Glasgow Southwest",Glasgow
noun,57.177512603384564,-2.4998915728172615,1664889275,1594,1995,27,Female,Y,65,Kemnay,Aberdeenshire,AB51,"North East (Aberdeen)"
noun,56.562190501294545,-2.6552496274694395,1664889321,1578,1953,69,Female,N,141,Arbroath,Angus,DD11,"Tayside and Angus (Dundee)"
noun,55.764485974568935,-3.8650131014720386,1664889845,1596,1962,60,Female,Y,1180,Wishaw,"North Lanarkshire",ML2,Glasgow
noun,55.42572732429502,-4.7264400742648505,1664890005,1605,1985,37,Female,Y,859,Doonfoot,"South Ayrshire",KA7,Ayrshire
noun,55.93005806228449,-4.31528122232697,1664890062,1606,1994,28,Male,Y,488,Bearsden,"East Dunbartonshire",G61,Glasgow
noun,55.94448015477668,-3.9251490095574444,1664890139,1599,1987,35,Male,Y,514,"Cumbernauld (south: Condorrat, Lenziemill, Carbrain, Kildrum, Cumbernauld Village, Abronhill, Seafar)","North Lanarkshire",G67,Glasgow
noun,55.45698043012796,-4.59569230042008,1664890141,1605,1985,37,Female,Y,859,Doonfoot,"South Ayrshire",KA7,Ayrshire
noun,55.81361372834302,-4.341507814580941,1664890314,1609,1986,36,Female,Y,661,"Govanhill, Glasgow",Glasgow,"Glasgow Southwest",Glasgow
noun,57.60235465338374,-4.205412925932853,1664890427,1611,1980,42,Male,Y,700,Fortrose,Highland,IV10,"Highlands (Inverness)"
noun,57.140553033198984,-2.1428213738898854,1664890512,1610,1968,54,Male,N,128,"Mannofield, Aberdeen",Aberdeen,"Aberdeen Southwest","North East (Aberdeen)"
noun,57.05028979797672,-2.1504814258916696,1664890900,1508,1995,27,Female,Y,48,Stonehaven,Aberdeenshire,AB39,"North East (Aberdeen)"
noun,56.51639739172489,-3.2406500535300697,1664890981,1628,1963,59,Female,Y,1324,"Coupar Angus","Perth and Kinross",PH13,Fife
noun,56.007929789553174,-3.3902922553785544,1664891451,1642,1968,54,Male,Y,1092,Limekilns,Fife,KY11,Fife
noun,55.81146055552138,-4.481766138066759,1664891519,1636,1988,34,Male,Y,1236,"Paisley (south: Blackhall, Castlehead, Dykebar, Foxbar, Hunterhill, Meikleriggs)",Renfrewshire,PA2,Glasgow
noun,55.96929048788338,-3.5177400184745617,1664891587,1631,1996,26,Male,Y,369,Linlithgow,"West Lothian",EH49,"Lothian (Edinburgh)"
noun,55.92151311701032,-3.2950230494960495,1664891654,1635,1958,64,Female,Y,272,"New Town, Edinburgh",Edinburgh,"Edinburgh Central","Lothian (Edinburgh)"
noun,55.901693739549486,-4.462287015516796,1664891855,1639,1982,40,Female,Y,1306,Erskine,Renfrewshire,PA8,Glasgow
noun,55.82101196698616,-3.966566159576629,1664891926,1651,1995,27,Female,N,1151,Motherwell,"North Lanarkshire",ML1,Glasgow
noun,57.31650722616092,-2.4828403067522733,1664892178,1178,1989,33,Female,N,65,Kemnay,Aberdeenshire,AB51,"North East (Aberdeen)"
noun,55.413930827017516,-4.638051210362058,1664892194,1654,1992,30,Male,Y,856,"Ayr (Centre)","South Ayrshire",KA7,Ayrshire
noun,55.42158170331548,-4.6388513311938695,1664892241,1653,1988,34,Female,Y,856,"Ayr (Centre)","South Ayrshire",KA7,Ayrshire
noun,55.947872885852945,-3.2750078301803356,1664892248,1634,1991,31,Male,Y,297,"Blackhall, Edinburgh",Edinburgh,"Edinburgh North","Lothian (Edinburgh)"
noun,55.816400158542706,-3.8604910017911993,1664892335,1659,1979,43,Male,Y,1151,Motherwell,"North Lanarkshire",ML1,Glasgow
noun,56.37132640289556,-5.435597861719306,1664892565,1650,1950,72,Female,N,1257,Oban,"Argyll and Bute",PA34,"Argyll and Bute"
noun,55.59281769017412,-5.331121151041434,1664892590,1646,1999,23,Male,Y,827,"Isle of Arran","North Ayrshire",KA27,Ayrshire
noun,57.556395769347176,-1.8257278492993638,1664892618,1668,1983,39,Female,Y,54,Peterhead,Aberdeenshire,AB42,"North East (Aberdeen)"
noun,56.89312375588349,-3.092245276771939,1664892847,1664,1982,40,Female,Y,182,Brechin,Angus,DD9,"Tayside and Angus (Dundee)"
noun,56.083956991586504,-4.039471805058657,1664893013,1676,1995,27,Female,Y,464,"Stirling (south and east: Braehead, Borestone, Broomridge, Torbrex)",Stirlingshire,FK7,"Stirling and Falkirk"
noun,56.452456854239074,-3.025272772234321,1664893292,1687,1978,44,Female,Y,261,"Westend, Dundee",Dundee,"Dundee West","Tayside and Angus (Dundee)"
noun,55.90043466967898,-4.317966665760016,1664893525,1690,1973,49,Female,Y,488,Bearsden,"East Dunbartonshire",G61,Glasgow
noun,55.97794133848245,-3.19398266941968,1664893597,1693,1967,55,Female,Y,287,"Corstorphine, Edinburgh",Edinburgh,"Edinburgh North","Lothian (Edinburgh)"
noun,57.15746325913274,-2.108607519778416,1664893684,1699,1988,34,Female,Y,105,"Seaton, Aberdeen",Aberdeen,"Aberdeen Central","North East (Aberdeen)"
noun,55.50061967665086,-3.1775580922441473,1664893944,1697,1983,39,Female,Y,1479,Selkirk,"Scottish Borders",TD7,Borders
noun,55.82610854449548,-4.301927792254721,1664893995,1700,1982,40,Male,Y,647,"Pollokshields, Glasgow",Glasgow,"Glasgow South",Glasgow
noun,56.344064342633615,-3.9062288700896266,1664894011,1686,1965,57,Female,N,1402,Crieff,"Perth and Kinross",PH7,Fife
noun,56.15751304326956,-4.059979565478876,1664894243,1577,2003,19,Male,Y,479,"Stirling (north: Causewayhead, Cornton)",Stirlingshire,FK9,"Stirling and Falkirk"
noun,57.59496239741659,-4.3108055928693325,1664894417,1710,1984,38,Male,Y,775,Culbokie,Highland,IV7,"Highlands (Inverness)"
noun,54.775082358743546,-3.9872693235045173,1664894804,1711,1985,37,Male,Y,218,Kirkcudbright,"Dumfries and Galloway",DG6,"Dumfries and Galloway"
noun,55.83517401858982,-4.274960008443487,1664894817,1721,1970,52,Female,Y,653,"Netherlee, Glasgow",Glasgow,"Glasgow South",Glasgow
noun,55.49092610231326,-4.137462407870026,1664894833,1720,1968,54,Female,Y,798,Cumnock,"East Ayrshire",KA18,Ayrshire
noun,55.92132529351028,-3.1861165554097126,1664895038,1725,1963,59,Male,Y,316,"Bruntsfield, Edinburgh",Edinburgh,"Edinburgh South","Lothian (Edinburgh)"
noun,56.70689769940802,-3.8579816056597434,1664895084,1723,1957,65,Male,Y,1329,Pitlochry,"Perth and Kinross",PH16,Fife
noun,55.94667094198718,-4.261376526800363,1664895182,1734,1972,50,Male,Y,502,Bishopbriggs,"East Dunbartonshire",G64,Glasgow
noun,56.24658522701712,-3.3030702405561696,1664895288,1737,1987,35,Male,Y,1103,Strathmiglo,Fife,KY14,Fife
noun,55.89569382144125,-3.9896199690530345,1664895380,1715,1962,60,Female,N,1192,Airdrie,"North Lanarkshire",ML6,Glasgow
noun,55.90268829106972,-3.9823734612171453,1664895672,1744,1987,35,Female,Y,1192,Airdrie,"North Lanarkshire",ML6,Glasgow
noun,55.801533183841585,-4.141745225182474,1664895727,1745,1972,50,Female,Y,529,Cambuslang,"South Lanarkshire",G72,Glasgow
noun,56.73047695606733,-2.821935108179562,1664895781,1742,1964,58,Female,N,182,Brechin,Angus,DD9,"Tayside and Angus (Dundee)"
noun,55.96376528074716,-3.225454471904138,1664895842,1747,1982,40,Male,Y,287,"Corstorphine, Edinburgh",Edinburgh,"Edinburgh North","Lothian (Edinburgh)"
noun,55.82236749215287,-4.2514436352730565,1664895923,1754,1986,36,Female,Y,651,"Cathcart, Glasgow",Glasgow,"Glasgow South",Glasgow
noun,56.96480463644533,-2.8527533085505996,1664895955,1742,1964,58,Female,N,182,Brechin,Angus,DD9,"Tayside and Angus (Dundee)"
noun,55.88491528737296,-3.1808876643285893,1664896071,1730,1992,30,Male,Y,314,"Morningside, Edinburgh",Edinburgh,"Edinburgh South","Lothian (Edinburgh)"
noun,55.84810684546097,-4.608519543658499,1664896213,1751,1996,26,Female,Y,1224,"Bridge of Weir",Renfrewshire,PA11,Glasgow
noun,56.108217335653684,-3.1727340740746772,1664896785,1773,1991,31,Female,N,1117,"Kirkcaldy (west: Hayfield, Templehall, Newliston, Chapel, Dunnikier, Bennochy)",Fife,KY2,Fife
noun,57.58988723540903,-4.420025971158688,1664896929,1778,1990,32,Male,Y,705,Dingwall,Highland,IV15,"Highlands (Inverness)"
noun,56.25503787347574,-3.421162624933407,1664896947,1776,1963,59,Female,Y,1100,Scotlandwell,"Perth and Kinross",KY13,Fife
noun,55.89087240161893,-3.227257018633326,1664896977,1775,1982,40,Female,Y,316,"Bruntsfield, Edinburgh",Edinburgh,"Edinburgh South","Lothian (Edinburgh)"
noun,57.48626278962429,-7.358025482058136,1664897120,1795,2003,19,Male,School,694,"Isle of Benbecula","Western Isles",HS7,"Western Isles"
noun,55.55589714705913,-2.331786693069004,1664897224,1798,1997,25,Other,Y,1451,Kelso,"Scottish Borders",TD5,Borders
noun,57.138595027728606,-3.3215123729581433,1664897313,1802,1977,45,Female,Y,40,Strathdon,Aberdeenshire,AB36,"North East (Aberdeen)"
noun,55.80539587506191,-4.268234062832275,1664897352,1787,1964,58,Male,N,646,"Burnside, Glasgow",Glasgow,"Glasgow South",Glasgow
noun,55.92563996774462,-4.342525296613148,1664897370,1783,1992,30,Female,Y,488,Bearsden,"East Dunbartonshire",G61,Glasgow
noun,56.75590044044118,-2.7236897931459767,1664897405,1781,1985,37,Female,N,182,Brechin,Angus,DD9,"Tayside and Angus (Dundee)"
noun,57.276369540225026,-4.304332511664589,1664897471,1791,1985,37,Male,Y,714,"Inverness (east: Culcabock, Crown, Culduthel, Drummond, Haugh, Hilton, Holm, Lochardil, Millburn, Raigmore)",Highland,IV2,"Highlands (Inverness)"
noun,55.9356157488473,-2.8961151630527247,1664897501,1784,1988,34,Female,Y,350,Pencaitland,"East Lothian",EH34,"Lothian (Edinburgh)"
noun,55.88850786987517,-4.385900024344495,1664897521,1796,2001,21,Female,Y,644,"Partick, Glasgow",Glasgow,"Glasgow Northwest",Glasgow
noun,55.92998662336925,-2.876347247101844,1664897700,1784,1988,34,Female,Y,350,Pencaitland,"East Lothian",EH34,"Lothian (Edinburgh)"
noun,57.152197926320405,-6.196035224186302,1664897773,1374,1983,39,Male,Y,1392,Mallaig,Highland,PH41,"Highlands (Inverness)"
noun,57.61315176456374,-3.4526676792089495,1664897924,1761,1999,23,Female,Y,737,Elgin,Moray,IV30,"North East (Aberdeen)"
noun,55.949689328181925,-4.805110238905796,1664898107,1817,1989,33,Female,Y,1235,Gourock,Inverclyde,PA19,Glasgow
noun,55.82367820441225,-4.061297581402831,1664898136,1824,1977,45,Female,Y,525,Uddingston,"South Lanarkshire",G71,Glasgow
noun,58.845768472508446,-2.8953152354422675,1664898263,1816,1956,66,Female,Y,1025,"Orkney Islands",Orkney,KW17,"Orkney Islands"
noun,55.82404982069697,-4.064750410880211,1664898322,1824,1977,45,Female,Y,525,Uddingston,"South Lanarkshire",G71,Glasgow
noun,55.83473699782828,-4.3488470550102285,1664898346,1821,1955,67,Male,Y,662,"Battlefield, Glasgow",Glasgow,"Glasgow Southwest",Glasgow
noun,55.95524854948485,-4.453539680902735,1664898352,1815,1964,58,Male,Y,546,Clydebank,"West Dunbartonshire",G81,Glasgow
noun,55.92919689261376,-3.291796053408545,1664898375,1780,1968,54,Female,N,268,"Stenhouse, Edinburgh",Edinburgh,"Edinburgh Central","Lothian (Edinburgh)"
noun,56.18169850467954,-3.5946592273274347,1664898478,1823,1988,34,Male,Y,1098,Kinross,"Perth and Kinross",KY13,Fife
noun,55.92831698770902,-3.299283290289707,1664898540,1780,1968,54,Female,N,268,"Stenhouse, Edinburgh",Edinburgh,"Edinburgh Central","Lothian (Edinburgh)"
noun,55.91129714097306,-4.422737482858632,1664898560,1815,1964,58,Male,Y,546,Clydebank,"West Dunbartonshire",G81,Glasgow
noun,55.906180404957546,-3.195045926164844,1664898627,1826,1977,45,Female,Y,317,"Marchmont, Edinburgh",Edinburgh,"Edinburgh South","Lothian (Edinburgh)"
noun,56.01227305740682,-3.908688864554733,1664898649,1831,1988,34,Male,Y,452,Denny,Falkirk,FK6,"Stirling and Falkirk"
noun,55.90566646373986,-4.376645283031964,1664898989,1827,1996,26,Female,Y,639,"Scotstoun, Glasgow",Glasgow,"Glasgow Northwest",Glasgow
noun,55.8100052242794,-4.09501805316157,1664899305,1843,1956,66,Female,N,525,Uddingston,"South Lanarkshire",G71,Glasgow
noun,57.16653666599687,-2.156505408996291,1664899344,1839,1953,69,Female,Y,99,"Middlefield, Aberdeen",Aberdeen,"Aberdeen Central","North East (Aberdeen)"
noun,55.905917702050246,-4.048574335558502,1664899514,1850,1967,55,Female,Y,1189,Coatbridge,"North Lanarkshire",ML5,Glasgow
noun,56.766372263699495,-2.5447079920739233,1664899567,1848,1962,60,Male,Y,140,Montrose,Angus,DD10,"Tayside and Angus (Dundee)"
noun,55.934015656879694,-3.2522362972183414,1664899660,1858,1950,72,Male,N,272,"New Town, Edinburgh",Edinburgh,"Edinburgh Central","Lothian (Edinburgh)"
noun,55.929460248416596,-3.2024430925194953,1664900321,1863,1946,76,Other,Y,314,"Morningside, Edinburgh",Edinburgh,"Edinburgh South","Lothian (Edinburgh)"
noun,55.833230267568055,-4.519551990245097,1664900384,1859,1960,62,Other,Y,1276,Johnstone,Renfrewshire,PA5,Glasgow
noun,55.503322523219076,-4.618683240755672,1664900444,1869,1995,27,Female,Y,873,Prestwick,"South Ayrshire",KA9,Ayrshire
noun,55.8476131593697,-4.391831629259388,1664900863,1875,1986,36,Male,N,1220,"Paisley (central, east and north east: Ferguslie, Oldhall, Seedhill, Williamsburgh, Whitehaugh)",Renfrewshire,PA1,Glasgow
noun,56.83326919126047,-2.312621607270444,1664900968,1856,1987,35,Male,Y,140,Montrose,Angus,DD10,"Tayside and Angus (Dundee)"
noun,56.3684705288263,-2.914853442846933,1664900972,1878,1975,47,Male,Y,1114,"St Andrews",Fife,KY16,Fife
noun,55.671193003370355,-4.243276232727658,1664900981,1811,1971,51,Female,Y,796,Darvel,"East Ayrshire",KA17,Ayrshire
noun,56.306992489324024,-3.5620569995739926,1664901040,1877,1968,54,Female,Y,1337,Balbeggie,"Perth and Kinross",PH2,Fife
noun,56.43917743518563,-3.352471543618421,1664901209,1877,1968,54,Female,Y,1337,Balbeggie,"Perth and Kinross",PH2,Fife
noun,55.3498431611927,-5.78877573810844,1664901246,1887,1993,29,Female,Y,1246,Campbeltown,"Argyll and Bute",PA28,"Argyll and Bute"
noun,55.880498856408984,-4.156828397219242,1664901258,1822,1985,37,Male,N,603,"Carntyne, Glasgow",Glasgow,"Glasgow Northeast",Glasgow
noun,58.593628165382626,-3.297380348879802,1664901279,1884,1983,39,Male,Y,961,Thurso,Highland,KW14,"Highlands (Inverness)"
noun,55.770119507654506,-4.206288358101018,1664901502,1888,1969,53,Female,Y,530,"East Kilbride (north: The Village, East Mains, West Mains, Lymekilns, St Leonards, Calderwood, Nerston, Stewartfield, Peel Park)","South Lanarkshire",G74,Glasgow
noun,55.848079022872604,-3.099972373911158,1664901534,1894,1965,57,Female,Y,328,Bonnyrigg,Midlothian,EH19,"Lothian (Edinburgh)"
noun,57.63452660687016,-3.113424324723086,1664901776,1904,1977,45,Male,Y,739,Fochabers,Moray,IV32,"North East (Aberdeen)"
noun,57.620275015992476,-4.389551602714486,1664902063,1912,1973,49,Male,Y,705,Dingwall,Highland,IV15,"Highlands (Inverness)"
noun,57.54012328612012,-4.015846124752749,1664902144,1915,1992,30,Male,Y,714,"Inverness (east: Culcabock, Crown, Culduthel, Drummond, Haugh, Hilton, Holm, Lochardil, Millburn, Raigmore)",Highland,IV2,"Highlands (Inverness)"
noun,56.13261735477426,-3.7004179835804,1664902229,1908,1996,26,Male,Y,391,Alloa,Clackmannanshire,FK10,"Stirling and Falkirk"
noun,57.56802286800477,-6.210063840221909,1664902377,1926,1980,42,Male,Y,763,Portree,Highland,IV51,"Highlands (Inverness)"
noun,55.8758517157008,-4.1631003401520035,1664902406,1921,1980,42,Male,Y,598,Rutherglen,"South Lanarkshire","Glasgow Northeast",Glasgow
noun,55.936816452140704,-2.869290571852303,1664902417,1923,1993,29,Female,Y,349,Tranent,"East Lothian",EH33,"Lothian (Edinburgh)"
noun,56.20275736729271,-2.783327540720742,1664902484,1927,1983,39,Female,Y,1086,Anstruther,Fife,KY10,Fife
noun,55.822594062591584,-3.9450890958986777,1664902548,1311,1967,55,Female,N,1151,Motherwell,"North Lanarkshire",ML1,Glasgow
noun,56.26162870934317,-5.001749020283066,1664902704,1929,1998,24,Female,Y,1255,Inveraray,"Argyll and Bute",PA32,"Argyll and Bute"
noun,57.19903036255926,-2.4851325911277002,1664902799,1917,1993,29,Female,Y,67,Oldmeldrum,Aberdeenshire,AB51,"North East (Aberdeen)"
noun,56.35112874494852,-5.2982663888145245,1664903087,1938,1990,32,Female,N,1257,Oban,"Argyll and Bute",PA34,"Argyll and Bute"
noun,55.856658603850235,-4.337431407181272,1664903114,1937,1991,31,Female,Y,681,"Nitshill, Glasgow",Glasgow,"Glasgow Southwest",Glasgow
noun,55.469442710300186,-4.59311637916574,1664903165,1940,1950,72,Female,Y,868,"Newton on Ayr","South Ayrshire",KA8,Ayrshire
noun,55.92500547732481,-4.841709691866898,1664903170,1936,1993,29,Male,Y,1231,"Greenock (west: Bow Farm, Braeside, Branchton, Fort Matilda, Gateside, Greenock West, Overton, Pennyfern, Smithston)",Inverclyde,PA16,Glasgow
noun,56.45395965891061,-3.0330324121362975,1664903331,1941,1957,65,Female,N,260,"City centre, Dundee",Dundee,"Dundee West","Tayside and Angus (Dundee)"
noun,55.972004476267955,-3.1636046839651373,1664903763,1950,1959,63,Female,Y,285,"Leith, Edinburgh",Edinburgh,"Edinburgh Leith","Lothian (Edinburgh)"
noun,55.94978778990013,-4.828863411034384,1664903917,1958,1966,56,Female,Y,1235,Gourock,Inverclyde,PA19,Glasgow
noun,55.952484039325284,-3.167161928700835,1664904259,1962,1966,56,Female,Y,262,"Wester Hailes, Edinburgh",Edinburgh,"Edinburgh Central","Lothian (Edinburgh)"
noun,57.38479842384771,-4.401198561095471,1664904734,1970,1956,66,Male,N,736,"Inverness (west: Ballifeary, Balnafettack, Clachnaharry, Dalneigh, Kinmylies, Leachkin, Merkinch, Muirtown, South Kessock)",Highland,IV3,"Highlands (Inverness)"
noun,56.01950702030974,-3.402778766230098,1664904861,544,1966,56,Female,Y,1094,Rosyth,Fife,KY11,Fife
noun,55.67674091359665,-3.965386628644763,1664904911,1978,1964,58,Female,Y,1217,Larkhall,"North Lanarkshire",ML9,Glasgow
noun,55.88810515498048,-4.622511673345851,1664905301,1910,1957,65,Male,Y,1227,Kilmacolm,Inverclyde,PA13,Glasgow
noun,55.548694884211415,-4.61611258096347,1664905318,1983,1970,52,Female,Y,784,Troon,"South Ayrshire",KA10,Ayrshire
noun,55.95391752506271,-3.690175830885172,1664905345,1986,2001,21,Other,Y,420,Carron,Falkirk,FK2,"Stirling and Falkirk"
noun,55.64210132320983,-4.632673420099882,1664905419,1987,1981,41,Female,Y,785,"Irvine (east, south: Perceton, Lawthorn, Girdle Toll, Stanecastle, Bourtreehill, Broomlands, Dreghorn, Springside)","North Ayrshire",KA11,Ayrshire
noun,55.93962888893147,-3.24480460905039,1664905558,1991,1977,45,Female,N,267,"Sighthill, Edinburgh",Edinburgh,"Edinburgh Central","Lothian (Edinburgh)"
noun,57.20045104741676,-4.297949063276902,1664905637,1946,1973,49,Male,Y,714,"Inverness (east: Culcabock, Crown, Culduthel, Drummond, Haugh, Hilton, Holm, Lochardil, Millburn, Raigmore)",Highland,IV2,"Highlands (Inverness)"
noun,56.973944487204655,-2.2381662630372214,1664905688,2004,1990,32,Female,Y,48,Stonehaven,Aberdeenshire,AB39,"North East (Aberdeen)"
noun,56.80094717239204,-2.503043470030566,1664905710,1988,1959,63,Male,Y,18,Laurencekirk,Aberdeenshire,AB30,"North East (Aberdeen)"
noun,55.85998585266472,-3.1073070137883287,1664905829,1997,1973,49,Female,Y,328,Bonnyrigg,Midlothian,EH19,"Lothian (Edinburgh)"
noun,55.96360695643813,-4.2379199832342636,1664905864,1999,1991,31,Female,Y,510,"Milton of Campsie","East Dunbartonshire",G66,Glasgow
noun,55.85938121526054,-4.169757822935429,1664906056,2006,1990,32,Female,Y,598,Rutherglen,"South Lanarkshire","Glasgow Northeast",Glasgow
noun,56.517155480508535,-2.6944014077419745,1664906194,2003,1980,42,Female,Y,178,Carnoustie,Angus,DD7,"Tayside and Angus (Dundee)"
noun,57.129208598687356,-2.182777082183033,1664906474,1998,1991,31,Male,Y,134,"Cults, Aberdeen",Aberdeen,"Aberdeen Southwest","North East (Aberdeen)"
noun,55.791649215641826,-4.330437913072001,1664906708,2025,1968,54,Female,Y,539,"Newton Mearns","East Renfrewshire",G77,Glasgow
noun,55.90044826110371,-3.3322165822191256,1664906813,2012,1969,53,Male,Y,313,"Colinton, Edinburgh",Edinburgh,"Edinburgh South","Lothian (Edinburgh)"
noun,55.854395509037275,-2.9556726542427056,1664907073,1994,1980,42,Male,Y,353,Pathhead,Midlothian,EH37,"Lothian (Edinburgh)"
noun,55.76056184752821,-4.145433188692428,1664907231,2030,1958,64,Female,N,530,"East Kilbride (north: The Village, East Mains, West Mains, Lymekilns, St Leonards, Calderwood, Nerston, Stewartfield, Peel Park)","South Lanarkshire",G74,Glasgow
noun,55.769042392177475,-4.258050789413354,1664907257,2030,1958,64,Female,N,530,"East Kilbride (north: The Village, East Mains, West Mains, Lymekilns, St Leonards, Calderwood, Nerston, Stewartfield, Peel Park)","South Lanarkshire",G74,Glasgow
noun,57.72997173895681,-5.073005954514253,1664907423,2028,1955,67,Female,N,721,Garve,Highland,IV23,"Highlands (Inverness)"
noun,55.635376532436496,-4.703992539191979,1664907424,2020,1986,36,Female,Y,787,"Irvine (centre: Castlepark, Tarryholme)","North Ayrshire",KA12,Ayrshire
noun,55.78004874830396,-4.359011741010794,1664907469,2042,1994,28,Male,Y,539,"Newton Mearns","East Renfrewshire",G77,Glasgow
noun,55.64397245560849,-4.809079058421513,1664907548,2037,1985,37,Female,Y,813,Ardrossan,"North Ayrshire",KA22,Ayrshire
noun,55.77362235064581,-4.1551568258169365,1664907629,2030,1958,64,Female,N,530,"East Kilbride (north: The Village, East Mains, West Mains, Lymekilns, St Leonards, Calderwood, Nerston, Stewartfield, Peel Park)","South Lanarkshire",G74,Glasgow
noun,56.01300219625237,-2.734291221162148,1664907858,2048,1993,29,Male,Y,355,"North Berwick","East Lothian",EH39,"Lothian (Edinburgh)"
noun,55.891312822313495,-3.4610699838247667,1664907920,2051,1976,46,Female,Y,373,"Mid Calder","West Lothian",EH53,"Lothian (Edinburgh)"
noun,55.651497507484144,-4.429509240226067,1664907930,2043,1992,30,Female,Y,835,Fenwick,"East Ayrshire",KA3,Ayrshire
noun,55.82736564898472,-3.2789430081535933,1664907941,2049,1993,29,Female,Y,343,Penicuik,Midlothian,EH26,"Lothian (Edinburgh)"
noun,55.58441844313027,-4.561920077305578,1664907972,2053,1977,45,Female,Y,808,Crosshouse,"East Ayrshire",KA2,Ayrshire
noun,55.906243639648494,-4.119618117831102,1664908362,2060,1972,50,Female,Y,522,Chryston,"North Lanarkshire",G69,Glasgow
noun,56.34230382910275,-5.327661983941793,1664908582,2063,1968,54,Female,Y,1257,Oban,"Argyll and Bute",PA34,"Argyll and Bute"
noun,55.744745102434806,-4.007938729747393,1664908693,90,1947,75,Female,Y,1183,Hamilton,"South Lanarkshire",ML3,Glasgow
noun,55.70491641452672,-4.158928980502803,1664908848,2080,1967,55,Male,Y,534,"East Kilbride (south: Hairmyres, Westwood, The Murray, Murray East, Whitehills, Greenhill, Newlandsmuir, Gardenhall, Crosshouse, Newlands, Lindsayfield, Mossneuk)","South Lanarkshire",G75,Glasgow
noun,55.506456606655966,-2.6853725316483374,1664908942,2066,1996,26,Female,Y,1486,Jedburgh,"Scottish Borders",TD8,Borders
noun,56.46089524827626,-3.033616957179977,1664908987,2074,1998,24,Female,Y,261,"Westend, Dundee",Dundee,"Dundee West","Tayside and Angus (Dundee)"
noun,57.68644239246793,-3.282781517984234,1664909058,2026,1976,46,Male,Y,738,Lossiemouth,Moray,IV31,"North East (Aberdeen)"
noun,57.594412934391556,-3.4785368703625035,1664909120,2072,1998,24,Female,Y,737,Elgin,Moray,IV30,"North East (Aberdeen)"
noun,55.9850202787427,-4.168592483362166,1664909351,2084,1993,29,Female,Y,507,Kirkintilloch,"East Dunbartonshire",G66,Glasgow
noun,55.820152411088955,-4.261058636108904,1664909359,1037,1973,49,Female,Y,651,"Cathcart, Glasgow",Glasgow,"Glasgow South",Glasgow
noun,55.89018009055486,-4.4210209205369235,1664909506,2086,1969,53,Male,Y,1264,Renfrew,Renfrewshire,PA4,Glasgow
noun,55.806022097736005,-4.393068179844328,1664909588,2089,1975,47,Male,N,540,Barrhead,"East Renfrewshire",G78,Glasgow
noun,57.64243106790644,-2.8931558590068907,1664909865,2094,1992,30,Female,Y,90,Buckie,Moray,AB56,"North East (Aberdeen)"
noun,57.6916192117973,-3.19737140520485,1664910007,2098,1989,33,Female,Y,737,Elgin,Moray,IV30,"North East (Aberdeen)"
noun,56.49411138514157,-3.0134317941878868,1664910065,2102,1973,49,Female,N,238,"Menzieshill, Dundee",Dundee,"Dundee Central","Tayside and Angus (Dundee)"
noun,56.477489244800466,-2.9727622199748733,1664910166,2106,1985,37,Male,Y,237,"Blackness, Dundee",Dundee,"Dundee Central","Tayside and Angus (Dundee)"
noun,55.840881875687224,-3.395122993559087,1664910324,2109,1972,50,Female,Y,312,"Juniper Green, Edinburgh",Edinburgh,"Edinburgh South","Lothian (Edinburgh)"
noun,57.24516299661289,-2.2510002682193377,1664910409,2101,1992,30,Female,Y,109,"Hazelhead, Aberdeen",Aberdeen,"Aberdeen North","North East (Aberdeen)"
noun,55.72316280415326,-4.876523455075859,1664910515,2113,1975,47,Female,Y,814,"West Kilbride","North Ayrshire",KA23,Ayrshire
noun,55.7203250020586,-4.01138367145952,1664910539,2108,1956,66,Female,N,1183,Hamilton,"South Lanarkshire",ML3,Glasgow
noun,55.87481402327004,-4.593313608783389,1664910749,2123,1992,30,Male,N,1224,"Bridge of Weir",Renfrewshire,PA11,Glasgow
noun,57.50965492998987,-3.1444075045813813,1664911070,1782,1954,68,Male,Y,46,Rothes,Moray,AB38,"North East (Aberdeen)"
noun,58.14629661271854,-4.049274505179528,1664911109,2127,1955,67,Female,Y,1071,Brora,Highland,KW9,"Highlands (Inverness)"
noun,55.84421450338934,-4.3441527837887195,1664911235,2129,1962,60,Male,Y,663,"Mount Florida, Glasgow",Glasgow,"Glasgow Southwest",Glasgow
noun,57.52372077882699,-3.2846064376743054,1664911370,1782,1954,68,Male,Y,46,Rothes,Moray,AB38,"North East (Aberdeen)"
noun,56.65192196777883,-2.728875780456083,1664911614,2133,1986,36,Male,Y,181,Kirriemuir,Angus,DD8,"Tayside and Angus (Dundee)"
noun,56.46469993797095,-3.701284050382158,1664911638,2034,1980,42,Female,Y,1313,"Perth (north and west: Burghmuir, Cherrybank, Hillyland, Inveralmond, Lethom, Muirton, North Muirton, Tulloch)","Perth and Kinross",PH1,Fife
noun,55.570659447730065,-4.22525231106852,1664911913,2143,1969,53,Male,Y,1160,Strathaven,"North Lanarkshire",ML10,Glasgow
noun,55.51714199991416,-3.7970426005078752,1664911970,2142,1967,55,Male,N,1170,Biggar,"South Lanarkshire",ML12,Glasgow
noun,55.765643363095634,-4.0052897935302,1664912137,2150,1980,42,Male,N,1183,Hamilton,"South Lanarkshire",ML3,Glasgow
noun,55.95839762493954,-3.8919177437784502,1664912151,2140,1972,50,Male,Y,514,"Cumbernauld (south: Condorrat, Lenziemill, Carbrain, Kildrum, Cumbernauld Village, Abronhill, Seafar)","North Lanarkshire",G67,Glasgow
noun,56.01266852873118,-4.345866740497136,1664912156,1857,1991,31,Female,Y,493,Balmaha,Stirlingshire,G63,"Stirling and Falkirk"
noun,56.75584901825483,-2.4914944785151336,1664912369,2155,1985,37,Female,Y,140,Montrose,Angus,DD10,"Tayside and Angus (Dundee)"
noun,55.6932166856163,-4.192210106184092,1664912447,2148,1995,27,Female,Y,534,"East Kilbride (south: Hairmyres, Westwood, The Murray, Murray East, Whitehills, Greenhill, Newlandsmuir, Gardenhall, Crosshouse, Newlands, Lindsayfield, Mossneuk)","South Lanarkshire",G75,Glasgow
noun,55.783376710889975,-4.0507266617771105,1664912559,2152,2000,22,Female,Y,1183,Hamilton,"South Lanarkshire",ML3,Glasgow
noun,57.27156281470703,-5.265204989293485,1664912737,2162,1980,42,Female,Y,746,"Kyle of Lochalsh",Highland,IV40,"Highlands (Inverness)"
noun,56.49809001993451,-2.73770307286684,1664912750,2166,1963,59,Female,Y,178,Carnoustie,Angus,DD7,"Tayside and Angus (Dundee)"
noun,56.04236792835828,-3.508186072107377,1664912899,2158,1992,30,Female,Y,1088,Charlestown,Fife,KY11,Fife
noun,56.42235981649764,-5.292386535180645,1664912937,2167,1965,57,Female,Y,1258,Taynuilt,"Argyll and Bute",PA35,"Argyll and Bute"
noun,57.116298943617174,-2.260532044012242,1664913071,2174,1999,23,Female,Y,130,"Ferryhill, Aberdeen",Aberdeen,"Aberdeen Southwest","North East (Aberdeen)"
noun,55.82107682370052,-3.8432818668401345,1664913102,2096,1969,53,Female,Y,1151,Motherwell,"North Lanarkshire",ML1,Glasgow
noun,55.84476989994152,-4.144679114987477,1664913166,2178,1955,67,Female,N,631,"Royston, Glasgow",Glasgow,"Glasgow Northeast",Glasgow
noun,55.77122811958694,-4.263851758433747,1664913235,2170,2002,20,Male,Y,530,"East Kilbride (north: The Village, East Mains, West Mains, Lymekilns, St Leonards, Calderwood, Nerston, Stewartfield, Peel Park)","South Lanarkshire",G74,Glasgow
noun,57.40471016743321,-4.370361314322924,1664913355,2177,1991,31,Male,Y,736,"Inverness (west: Ballifeary, Balnafettack, Clachnaharry, Dalneigh, Kinmylies, Leachkin, Merkinch, Muirtown, South Kessock)",Highland,IV3,"Highlands (Inverness)"
noun,55.983575058571816,-5.100721161169547,1664913412,2172,1951,71,Male,Y,1241,Dunoon,"Argyll and Bute",PA23,"Argyll and Bute"
noun,56.09807466544947,-5.067521083370386,1664913675,2172,1951,71,Male,Y,1241,Dunoon,"Argyll and Bute",PA23,"Argyll and Bute"
noun,55.77870643209279,-4.157191213885133,1664913690,2179,1974,48,Female,Y,530,"East Kilbride (north: The Village, East Mains, West Mains, Lymekilns, St Leonards, Calderwood, Nerston, Stewartfield, Peel Park)","South Lanarkshire",G74,Glasgow
noun,57.1563989294467,-2.1384183357733906,1664913742,1966,1999,23,Female,Y,128,"Mannofield, Aberdeen",Aberdeen,"Aberdeen Southwest","North East (Aberdeen)"
noun,57.89305153766994,-4.47316152668107,1664913890,2189,2003,19,Male,N,723,"Bonar Bridge",Highland,IV24,"Highlands (Inverness)"
noun,56.48644318348811,-3.0445939715665817,1664913959,2191,1964,58,Male,N,245,"Law, Dundee",Dundee,"Dundee Central","Tayside and Angus (Dundee)"
noun,56.47152446349025,-2.965968784903181,1664914183,2205,1983,39,Male,Y,236,"Lochee, Dundee",Dundee,"Dundee Central","Tayside and Angus (Dundee)"
noun,55.835609455840036,-4.068026750284866,1664914232,2211,1976,46,Female,Y,525,Uddingston,"South Lanarkshire",G71,Glasgow
noun,56.17571098578555,-3.027075186996877,1664914263,2209,1994,28,Male,Y,1140,Leven,Fife,KY8,Fife
noun,59.08123243033339,-3.167362688648347,1664914282,2197,1974,48,Female,Y,1025,"Orkney Islands",Orkney,KW17,"Orkney Islands"
noun,55.86043439693081,-4.206077864406147,1664914290,2212,1961,61,Female,Y,609,"Garthamlock, Glasgow",Glasgow,"Glasgow Northeast",Glasgow
noun,55.973488896836606,-3.1999856144325904,1664914348,2203,2003,19,Female,Y,288,"Murrayfield, Edinburgh",Edinburgh,"Edinburgh North","Lothian (Edinburgh)"
noun,55.87441378627968,-3.3495490575778817,1664914613,2217,1980,42,Female,N,319,"Blackford, Edinburgh",Edinburgh,"Edinburgh South","Lothian (Edinburgh)"
noun,57.60710801509277,-3.3458041204653064,1664914650,2215,1986,36,Female,Y,737,Elgin,Moray,IV30,"North East (Aberdeen)"
noun,56.25250302975727,-2.7010407372730603,1664914965,2222,1992,30,Female,Y,1086,Anstruther,Fife,KY10,Fife
noun,55.81917342840291,-3.9315372039890395,1664915318,2224,1989,33,Female,Y,1151,Motherwell,"North Lanarkshire",ML1,Glasgow
noun,56.89280009114097,-3.1597217942765656,1664915432,1572,1952,70,Female,Y,181,Kirriemuir,Angus,DD8,"Tayside and Angus (Dundee)"
noun,56.19116564198341,-2.8143429157377606,1664915461,2220,1994,28,Female,Y,1145,Kilconquhar,Fife,KY9,Fife
noun,56.867097508919706,-5.458595420937997,1664915473,2221,1995,27,Male,Y,1383,Glenfinnan,Highland,PH37,"Highlands (Inverness)"
noun,55.26919352851051,-3.5909551275880327,1664915672,2236,1969,53,Female,Y,186,"Dumfries (centre and east: Dalscone, Georgetown, Heathhall, Kingholm Quay, Noblehill, The Crichton)","Dumfries and Galloway",DG1,"Dumfries and Galloway"
noun,56.21153738955961,-3.000255809680783,1664915717,2235,1989,33,Female,Y,1140,Leven,Fife,KY8,Fife
noun,55.43541523357561,-4.617804842814519,1664915719,2237,1962,60,Female,Y,856,"Ayr (Centre)","South Ayrshire",KA7,Ayrshire
noun,57.160558988259176,-2.122703755905079,1664915853,2238,1979,43,Male,Y,107,"Rosemount, Aberdeen",Aberdeen,"Aberdeen Central","North East (Aberdeen)"
noun,57.16734060583022,-2.1419456433925186,1664916251,2234,1981,41,Female,Y,106,"Kittybrewster, Aberdeen",Aberdeen,"Aberdeen Central","North East (Aberdeen)"
noun,58.208209900908535,-6.39000511838411,1664916308,2247,1965,57,Female,Y,686,"Stornoway, Isle of Lewis","Western Isles",HS1,"Western Isles"
noun,55.84703101113742,-4.436028469445201,1664916525,2257,1973,49,Female,Y,1220,"Paisley (central, east and north east: Ferguslie, Oldhall, Seedhill, Williamsburgh, Whitehaugh)",Renfrewshire,PA1,Glasgow
noun,55.88974871675493,-2.723561789502091,1664916583,2244,1973,49,Male,N,357,Haddington,"East Lothian",EH41,"Lothian (Edinburgh)"
noun,56.11617353339651,-3.3587589037352257,1664916678,2218,1996,26,Female,Y,1124,Kelty,Fife,KY4,Fife
noun,55.9169800578845,-4.349438810254418,1664916797,2255,1951,71,Female,Y,641,"Knightswood, Glasgow",Glasgow,"Glasgow Northwest",Glasgow
noun,56.213423890198364,-3.494840436634668,1664916857,1469,1996,26,Female,Y,1098,Kinross,"Perth and Kinross",KY13,Fife
noun,56.479081758288935,-2.909349549389611,1664916994,2259,1983,39,Female,Y,255,"Fintry, Dundee",Dundee,"Dundee North","Tayside and Angus (Dundee)"
noun,55.86282925295702,-4.467536797039065,1664917177,2263,1973,49,Female,Y,1249,"Paisley (north west: Ferguslie Park, Gallowhill, Gockston, Shortroods, )",Renfrewshire,PA3,Glasgow
noun,58.63286112645934,-3.258782094142844,1664917239,2252,1955,67,Female,Y,924,Achina,Highland,KW14,"Highlands (Inverness)"
noun,58.51513754735365,-4.02563564893739,1664917495,2252,1955,67,Female,Y,924,Achina,Highland,KW14,"Highlands (Inverness)"
noun,55.99560365641746,-5.14738629393114,1664917534,2272,1984,38,Male,N,1241,Dunoon,"Argyll and Bute",PA23,"Argyll and Bute"
noun,55.81471805308472,-4.433772474296768,1664917638,2258,1956,66,Male,Y,1236,"Paisley (south: Blackhall, Castlehead, Dykebar, Foxbar, Hunterhill, Meikleriggs)",Renfrewshire,PA2,Glasgow
noun,55.057832593738915,-3.3778510534514226,1664917659,2269,1993,29,Female,N,195,Kirtlebridge,"Dumfries and Galloway",DG11,"Dumfries and Galloway"
noun,55.93703152047102,-4.812854024334826,1664917739,2262,1955,67,Female,Y,1231,"Greenock (west: Bow Farm, Braeside, Branchton, Fort Matilda, Gateside, Greenock West, Overton, Pennyfern, Smithston)",Inverclyde,PA16,Glasgow
noun,57.745313499362766,-6.992605072365877,1664917820,2286,1994,28,Male,Y,692,"Leverburgh, Isle of Harris","Western Isles",HS5,"Western Isles"
noun,55.76930674759742,-4.165337840504408,1664917930,2273,2004,18,Male,Y,530,"East Kilbride (north: The Village, East Mains, West Mains, Lymekilns, St Leonards, Calderwood, Nerston, Stewartfield, Peel Park)","South Lanarkshire",G74,Glasgow
noun,56.93935473993002,-2.9012333334202958,1664917945,2279,1996,26,Female,Y,182,Brechin,Angus,DD9,"Tayside and Angus (Dundee)"
noun,56.24062628313303,-2.927017689065205,1664918073,2275,1974,48,Female,Y,1140,Leven,Fife,KY8,Fife
noun,55.400076952602376,-2.4508466698640246,1664918224,2295,2002,20,Female,Y,1486,Jedburgh,"Scottish Borders",TD8,Borders
noun,55.80753872794316,-4.261301649026721,1664918242,2288,1988,34,Male,Y,658,"Giffnock, Glasgow",Glasgow,"Glasgow South",Glasgow
noun,55.944147095917636,-3.7154241562747226,1664918507,2081,1983,39,Male,Y,377,"Falkirk (centre and south: Arnothill, Bantaskin, Callendar Park, Glen Village, Hallglen, Lionthorn, Tamfourhill, Woodlands)",Falkirk,FK1,"Stirling and Falkirk"
noun,57.43726433705023,-4.087190004732828,1664918675,2299,1987,35,Male,Y,713,Culloden,Highland,IV2,"Highlands (Inverness)"
noun,55.966847497421696,-3.25988916315729,1664918834,2307,1982,40,Female,Y,279,"Clermiston and Drumbrae, Edinburgh",Edinburgh,"Edinburgh Clermiston Granton","Lothian (Edinburgh)"
noun,55.83428893239214,-4.337185602747359,1664918939,2314,1967,55,Male,Y,683,"Priesthill, Glasgow",Glasgow,"Glasgow Southwest",Glasgow
noun,55.78183654005679,-4.160215969350167,1664919036,2306,1976,46,Male,Y,530,"East Kilbride (north: The Village, East Mains, West Mains, Lymekilns, St Leonards, Calderwood, Nerston, Stewartfield, Peel Park)","South Lanarkshire",G74,Glasgow
noun,55.816435363214275,-4.5099690304142355,1664919299,2311,1969,53,Female,Y,1276,Johnstone,Renfrewshire,PA5,Glasgow
noun,57.15487385017246,-4.689819097764339,1664919526,2325,1972,50,Male,Y,1376,"Fort Augustus",Highland,PH32,"Highlands (Inverness)"
noun,57.04353008024667,-2.4835664800931245,1664919566,2327,1988,34,Male,Y,22,Banchory,Aberdeenshire,AB31,"North East (Aberdeen)"
noun,55.46952874471295,-5.709431742979215,1664920289,2348,1997,25,Female,Y,1246,Campbeltown,"Argyll and Bute",PA28,"Argyll and Bute"
noun,55.83701888954839,-4.293844339835452,1664920330,2349,1990,32,Male,Y,651,"Cathcart, Glasgow",Glasgow,"Glasgow South",Glasgow
noun,55.426634806162284,-4.672825135456226,1664920430,2346,1962,60,Female,Y,856,"Ayr (Centre)","South Ayrshire",KA7,Ayrshire
noun,55.57626585633592,-4.337684117948735,1664920492,2351,1979,43,Female,Y,844,Moscow,"East Ayrshire",KA4,Ayrshire
noun,55.93847033204661,-4.21917196757412,1664920533,1913,1977,45,Female,Y,502,Bishopbriggs,"East Dunbartonshire",G64,Glasgow
noun,55.77878012068661,-5.0502365264738565,1664920552,2350,1981,41,Female,Y,1237,"Isle of Bute","Argyll and Bute",PA20,"Argyll and Bute"
noun,55.85845913094958,-4.085674534058405,1664920651,2341,1953,69,Female,Y,623,"Shettleston, Glasgow",Glasgow,"Glasgow Northeast",Glasgow
noun,57.16607051030875,-2.5892559790461327,1664920664,2213,1987,35,Other,Y,64,Inverurie,Aberdeenshire,AB51,"North East (Aberdeen)"
noun,55.77844787130477,-4.453479313870353,1664920751,2362,1998,24,Male,Y,540,Barrhead,"East Renfrewshire",G78,Glasgow
noun,55.92456011833841,-4.424243429650275,1664920837,2291,1953,69,Female,Y,546,Clydebank,"West Dunbartonshire",G81,Glasgow
noun,55.72712824763769,-4.047795137807977,1664921041,2367,1993,29,Female,Y,1183,Hamilton,"South Lanarkshire",ML3,Glasgow
noun,56.009584935905934,-4.203711602608761,1664921129,2301,2006,16,Female,School,509,Lenzie,"East Dunbartonshire",G66,Glasgow
noun,55.691451189084695,-4.162130182135964,1664921236,2370,2003,19,Other,N,534,"East Kilbride (south: Hairmyres, Westwood, The Murray, Murray East, Whitehills, Greenhill, Newlandsmuir, Gardenhall, Crosshouse, Newlands, Lindsayfield, Mossneuk)","South Lanarkshire",G75,Glasgow
noun,55.872492877895176,-4.250385269061987,1664921641,2374,1949,73,Female,Y,577,"City centre, Glasgow",Glasgow,"Glasgow City Centre",Glasgow
noun,55.89511232596742,-3.2569677205598455,1664921879,2377,1993,29,Male,Y,317,"Marchmont, Edinburgh",Edinburgh,"Edinburgh South","Lothian (Edinburgh)"
noun,57.541223296329285,-2.824777516088533,1664922452,2376,1961,61,Female,N,88,Keith, Moray,AB55,"North East (Aberdeen)"
noun,56.95294600924636,-2.9616043545392734,1664922543,2383,2000,22,Female,N,182,Brechin,Angus,DD9,"Tayside and Angus (Dundee)"
noun,55.7550290355243,-3.8095368282768596,1664922660,2380,1995,27,Male,Y,1214,Law,"North Lanarkshire",ML8,Glasgow
noun,57.580582172652356,-3.4749327471994267,1664922927,2384,1973,49,Female,Y,737,Elgin,Moray,IV30,"North East (Aberdeen)"
noun,58.12324185780732,-4.02741653270559,1664922960,2388,1968,54,Male,Y,1071,Brora,Highland,KW9,"Highlands (Inverness)"
noun,55.81452588047141,-4.0872236705437315,1664923483,2391,1966,56,Male,Y,525,Uddingston,"South Lanarkshire",G71,Glasgow
noun,55.97340979322475,-3.3899062650462595,1664924059,2397,2000,22,Male,N,306,"Queensferry, Edinburgh",Edinburgh,"Edinburgh Queensferry","Lothian (Edinburgh)"
noun,55.51953358783769,-4.581278748581657,1664924129,2401,1967,55,Male,Y,873,Prestwick,"South Ayrshire",KA9,Ayrshire
noun,56.46355501675438,-2.9910608769490605,1664924357,2403,1990,32,Female,N,243,"Hilltown, Dundee",Dundee,"Dundee Central","Tayside and Angus (Dundee)"
noun,55.946226320965145,-3.114084147692592,1664925151,2408,1992,30,Female,Y,281,"Portobello, Edinburgh",Edinburgh,"Edinburgh Duddingston","Lothian (Edinburgh)"
noun,55.0456569219752,-3.5925787390498085,1664925247,2411,1969,53,Female,Y,187,Locharbriggs,"Dumfries and Galloway",DG1,"Dumfries and Galloway"
noun,57.67552586192258,-3.2123541091580083,1664925353,2412,1983,39,Female,Y,737,Elgin,Moray,IV30,"North East (Aberdeen)"
noun,56.32427743501896,-3.0377612396460956,1664925546,2268,1955,67,Male,N,1105,Cupar,Fife,KY15,Fife
noun,55.51964279315039,-4.560949043841912,1664925756,2413,1987,35,Female,Y,873,Prestwick,"South Ayrshire",KA9,Ayrshire
noun,55.89300304940368,-4.461880312530486,1664925878,2414,1962,60,Female,Y,1264,Renfrew,Renfrewshire,PA4,Glasgow
noun,55.94311111175504,-4.5480096048072625,1664927638,2421,1981,41,Female,Y,549,Dumbarton,"West Dunbartonshire",G82,Glasgow
noun,55.99459641447792,-4.250148798244524,1664928030,2423,1961,61,Female,Y,509,Lenzie,"East Dunbartonshire",G66,Glasgow
noun,55.0186024407357,-3.4250895837358275,1664928209,2424,1997,25,Male,Y,186,"Dumfries (centre and east: Dalscone, Georgetown, Heathhall, Kingholm Quay, Noblehill, The Crichton)","Dumfries and Galloway",DG1,"Dumfries and Galloway"
noun,56.46034657759721,-2.9586561661599298,1664931126,2427,1947,75,Female,N,254,"Douglas, Dundee",Dundee,"Dundee North","Tayside and Angus (Dundee)"
noun,55.884960731860474,-3.3607322662902774,1664935745,2430,1953,69,Female,Y,313,"Colinton, Edinburgh",Edinburgh,"Edinburgh South","Lothian (Edinburgh)"
noun,56.3277014996805,-3.5472948021198127,1664937841,2434,1992,30,Female,Y,1354,"Perth (south and east: Barnhill, Bridgend, Craigie, Kincarrathie, Upper Craigie)","Perth and Kinross",PH2,Fife
noun,58.45657757313894,-6.21532632126179,1664943479,2441,1966,56,Male,Y,688,"Isle of Lewis","Western Isles (outside of Stornoway)",HS2,"Western Isles"
noun,57.13464122228945,-2.556942572566243,1664943980,2442,1999,23,Other,Y,64,Inverurie,Aberdeenshire,AB51,"North East (Aberdeen)"
noun,55.912550904224595,-3.2362017230186635,1664945719,2446,1983,39,Female,N,305,"Oxgangs, Edinburgh",Edinburgh,"Edinburgh Oxgangs","Lothian (Edinburgh)"
noun,55.890208467529675,-4.414129341439588,1664946913,2452,1960,62,Female,N,1264,Renfrew,Renfrewshire,PA4,Glasgow
noun,56.635377695992105,-2.7348710195220347,1664947185,2447,1994,28,Female,Y,181,Kirriemuir,Angus,DD8,"Tayside and Angus (Dundee)"
noun,56.922051777333365,-3.0982792851989607,1664948400,2454,1990,32,Female,Y,182,Brechin,Angus,DD9,"Tayside and Angus (Dundee)"
noun,58.410982303125195,-4.948247031433529,1664948886,2456,1961,61,Female,N,731,Tongue,Highland,IV27,"Highlands (Inverness)"
noun,57.01595657783989,-2.1629156744700975,1664949194,2457,1976,46,Female,Y,48,Stonehaven,Aberdeenshire,AB39,"North East (Aberdeen)"
noun,56.92752801213975,-2.2717879381516806,1664949424,2457,1976,46,Female,Y,48,Stonehaven,Aberdeenshire,AB39,"North East (Aberdeen)"
noun,57.69475059088228,-2.8375148245621102,1664949600,2460,1992,30,Female,Y,91,Cullen,Moray,AB56,"North East (Aberdeen)"
noun,55.96172043640308,-3.222796001202162,1664949684,2463,1981,41,Female,Y,287,"Corstorphine, Edinburgh",Edinburgh,"Edinburgh North","Lothian (Edinburgh)"
noun,56.47706042718829,-3.012773694963956,1664950113,2461,1965,57,Female,N,239,"Charleston, Dundee",Dundee,"Dundee Central","Tayside and Angus (Dundee)"
noun,58.35324141230045,-4.953162509042107,1664950160,2456,1961,61,Female,N,731,Tongue,Highland,IV27,"Highlands (Inverness)"
noun,55.765547022946144,-4.238061873767389,1664950186,2465,1953,69,Female,N,530,"East Kilbride (north: The Village, East Mains, West Mains, Lymekilns, St Leonards, Calderwood, Nerston, Stewartfield, Peel Park)","South Lanarkshire",G74,Glasgow
noun,55.407740812303,-4.696978714951434,1664951393,2471,1994,28,Female,Y,856,"Ayr (Centre)","South Ayrshire",KA7,Ayrshire
noun,57.11155374334616,-2.40675371400106,1664951937,2320,1987,35,Male,Y,28,Westhill,Aberdeenshire,AB32,"North East (Aberdeen)"
noun,56.08510660732796,-3.2215611062055887,1664952152,2476,1960,62,Female,Y,1117,"Kirkcaldy (west: Hayfield, Templehall, Newliston, Chapel, Dunnikier, Bennochy)",Fife,KY2,Fife
noun,57.10901481476381,-2.244863649281173,1664952903,2479,1993,29,Male,Y,132,"Peterculter, Aberdeen",Aberdeen,"Aberdeen Southwest","North East (Aberdeen)"
noun,56.46806563915104,-2.9372702510746294,1664953411,2482,1948,74,Female,N,250,"Downfield, Dundee",Dundee,"Dundee North","Tayside and Angus (Dundee)"
noun,56.485138398026194,-3.0037402420090897,1664953411,2481,1962,60,Male,Y,234,"Baxter Park, Dundee",Dundee,"Dundee Bluebelt","Tayside and Angus (Dundee)"
noun,55.8225755877364,-3.892413572324607,1664953446,2483,1950,72,Male,Y,1151,Motherwell,"North Lanarkshire",ML1,Glasgow
noun,56.7298746934276,-2.596114871134172,1664954440,2491,1995,27,Female,Y,183,Edzell,Angus,DD9,"Tayside and Angus (Dundee)"
noun,55.954856400416176,-3.266129181146918,1664954500,2489,1972,50,Male,Y,299,"Broughton, Edinburgh",Edinburgh,"Edinburgh North","Lothian (Edinburgh)"
noun,55.86713274591846,-4.240037209416066,1664955543,2498,1954,68,Female,Y,577,"City centre, Glasgow",Glasgow,"Glasgow City Centre",Glasgow
noun,54.914958972032345,-4.953118097221878,1664956551,2508,1990,32,Female,Y,231,Stranraer,"Dumfries and Galloway",DG9,"Dumfries and Galloway"
noun,55.825582609527544,-4.2037796300215815,1664956726,2509,1980,42,Female,Y,653,"Netherlee, Glasgow",Glasgow,"Glasgow South",Glasgow
noun,56.19212261940446,-3.212827503132021,1664957011,2511,1978,44,Female,Y,1129,"Glenrothes (west: Caskieberran, Rimbleton, Macedonia, Tanshall)",Fife,KY6,Fife
noun,57.67365719442587,-3.279732680857144,1664957144,2510,1994,28,Female,Y,737,Elgin,Moray,IV30,"North East (Aberdeen)"
noun,57.100609686625205,-2.285605038556171,1664957486,2516,1993,29,Male,Y,132,"Peterculter, Aberdeen",Aberdeen,"Aberdeen Southwest","North East (Aberdeen)"
noun,56.05637452729916,-3.481680298611899,1664957713,2514,1998,24,Male,Y,1095,Culross,Fife,KY12,Fife
noun,57.11608535960976,-2.409666977986474,1664957880,2513,1992,30,Female,Y,28,Westhill,Aberdeenshire,AB32,"North East (Aberdeen)"
noun,55.95216524090964,-5.476943362243738,1664958010,2521,1980,42,Female,Y,1250,Ardrishaig,"Argyll and Bute",PA30,"Argyll and Bute"
noun,56.16921735983606,-5.495198450592899,1664958072,2522,1983,39,Female,Y,1254,Lochgilphead,"Argyll and Bute",PA31,"Argyll and Bute"
noun,55.9279229216552,-4.361427910917792,1664958106,2518,1993,29,Female,Y,488,Bearsden,"East Dunbartonshire",G61,Glasgow
noun,57.159601907930615,-2.196891662440695,1664958351,2526,1966,56,Male,N,121,Blackburn,Aberdeenshire,"Aberdeen North","North East (Aberdeen)"
noun,55.945575679664614,-3.9780103635121056,1664958568,2532,1962,60,Female,N,514,"Cumbernauld (south: Condorrat, Lenziemill, Carbrain, Kildrum, Cumbernauld Village, Abronhill, Seafar)","North Lanarkshire",G67,Glasgow
noun,56.158616182052,-3.733753645998016,1664958599,2528,1995,27,Male,Y,396,Tillicoultry,Clackmannanshire,FK13,"Stirling and Falkirk"
noun,55.82534300241429,-4.202978760351294,1664958868,2535,2000,22,Female,Y,648,"Shawlands, Glasgow",Glasgow,"Glasgow South",Glasgow
noun,56.07565581972141,-4.122200353413605,1664959014,2536,1999,23,Female,Y,465,Aberfoyle,Stirlingshire,FK8,"Stirling and Falkirk"
noun,55.771093755693464,-3.9557679983249736,1664959411,2544,1956,66,Male,Y,1180,Wishaw,"North Lanarkshire",ML2,Glasgow
noun,55.412728080264365,-4.716045950343855,1664959769,2545,1952,70,Female,N,856,"Ayr (Centre)","South Ayrshire",KA7,Ayrshire
noun,55.929179325188684,-3.279359147625917,1664960635,2557,1979,43,Female,Y,267,"Sighthill, Edinburgh",Edinburgh,"Edinburgh Central","Lothian (Edinburgh)"
noun,56.436058908144595,-3.3769384203378188,1664960681,2555,1987,35,Female,Y,1354,"Perth (south and east: Barnhill, Bridgend, Craigie, Kincarrathie, Upper Craigie)","Perth and Kinross",PH2,Fife
noun,57.57077731148593,-3.2524653359658644,1664961013,2510,1994,28,Female,Y,737,Elgin,Moray,IV30,"North East (Aberdeen)"
noun,57.250199143371965,-2.055117904925756,1664961410,2539,1990,32,Female,Y,117,Balmedie,Aberdeenshire,"Aberdeen North","North East (Aberdeen)"
noun,56.48711974858704,-3.0381603100970356,1664961673,2564,1961,61,Female,N,236,"Lochee, Dundee",Dundee,"Dundee Central","Tayside and Angus (Dundee)"
noun,55.91234752425878,-4.366646210710687,1664961698,2563,1994,28,Female,Y,641,"Knightswood, Glasgow",Glasgow,"Glasgow Northwest",Glasgow
noun,56.465266279006634,-3.0511897805441386,1664962130,2567,1962,60,Male,Y,245,"Law, Dundee",Dundee,"Dundee Central","Tayside and Angus (Dundee)"
noun,55.8051484911467,-4.285758255535014,1664962508,2571,1982,40,Male,Y,647,"Pollokshields, Glasgow",Glasgow,"Glasgow South",Glasgow
noun,57.556942236749144,-2.3020365571275794,1664962765,2575,1977,45,Female,Y,78,Turriff,Aberdeenshire,AB53,"North East (Aberdeen)"
noun,55.709354570403114,-3.9519546389978952,1664962913,2573,1978,44,Male,Y,1217,Larkhall,"North Lanarkshire",ML9,Glasgow
noun,55.93103726801122,-4.790097229363623,1664963729,2588,1988,34,Female,Y,1232,Inverkip,Inverclyde,PA16,Glasgow
noun,54.93687791041804,-3.6456339255887524,1664963941,2595,1992,30,Female,Y,207,"Dumfries (west: Broomlands, Cargenbridge, Lochside, Maxwelltown, Troqueer)","Dumfries and Galloway",DG2,"Dumfries and Galloway"
noun,55.49047054475102,-4.169659846374689,1664964024,2591,1989,33,Female,Y,797,Auchinleck,"East Ayrshire",KA18,Ayrshire
noun,55.32448147348378,-5.723080651597891,1664964257,2597,2000,22,Female,Y,1246,Campbeltown,"Argyll and Bute",PA28,"Argyll and Bute"
noun,57.56601081717478,-7.184675541990551,1664964607,2599,1985,37,Female,Y,693,"Isle of North Uist","Western Isles",HS6,"Western Isles"
noun,55.548093321278635,-4.655224005978602,1664964712,2600,1989,33,Female,Y,784,Troon,"South Ayrshire",KA10,Ayrshire
noun,57.18196189118678,-4.583416781963567,1664964849,2581,1980,42,Female,Y,714,"Inverness (east: Culcabock, Crown, Culduthel, Drummond, Haugh, Hilton, Holm, Lochardil, Millburn, Raigmore)",Highland,IV2,"Highlands (Inverness)"
noun,56.4553614819108,-3.0453950036339488,1664965350,2602,2001,21,Female,Y,261,"Westend, Dundee",Dundee,"Dundee West","Tayside and Angus (Dundee)"
noun,57.189914245658926,-4.573824355691276,1664966053,2608,1976,46,Male,Y,713,Culloden,Highland,IV2,"Highlands (Inverness)"
noun,55.87844342378075,-4.415637342777184,1664966239,2610,1967,55,Male,Y,1249,"Paisley (north west: Ferguslie Park, Gallowhill, Gockston, Shortroods, )",Renfrewshire,PA3,Glasgow
noun,55.97683229161238,-3.9661343388003174,1664966631,2613,1981,41,Female,Y,517,"Cumbernauld (north: Balloch, Eastfield, Carrickstone, Smithstone, Blackwood, Westfield)","North Lanarkshire",G68,Glasgow
noun,57.161477653238734,-4.3282517242236445,1664966813,2611,1969,53,Male,Y,714,"Inverness (east: Culcabock, Crown, Culduthel, Drummond, Haugh, Hilton, Holm, Lochardil, Millburn, Raigmore)",Highland,IV2,"Highlands (Inverness)"
noun,56.16663682811594,-3.4432091529220785,1664967198,2615,1971,51,Male,Y,1098,Kinross,"Perth and Kinross",KY13,Fife
noun,56.60002842165513,-2.536890833831334,1664967879,2621,1986,36,Female,Y,141,Arbroath,Angus,DD11,"Tayside and Angus (Dundee)"
noun,55.902745858973056,-4.34973244336745,1664967917,2622,1986,36,Female,Y,639,"Scotstoun, Glasgow",Glasgow,"Glasgow Northwest",Glasgow
noun,57.039651307340485,-2.2851448622813497,1664968210,2626,1998,24,Female,Y,48,Stonehaven,Aberdeenshire,AB39,"North East (Aberdeen)"
noun,56.07547848193902,-3.165974808477718,1664969313,2654,2002,20,Other,Y,1118,Aberdour,Fife,KY3,Fife
noun,57.150250058494535,-2.1811679143255325,1664969326,2631,1994,28,Female,Y,107,"Rosemount, Aberdeen",Aberdeen,"Aberdeen Central","North East (Aberdeen)"
noun,55.789557504042705,-4.10513014685309,1664969411,2634,1974,48,Male,Y,529,Cambuslang,"South Lanarkshire",G72,Glasgow
noun,55.944990271948875,-4.22025257552471,1664969474,2639,1964,58,Male,Y,502,Bishopbriggs,"East Dunbartonshire",G64,Glasgow
noun,56.47426692222065,-3.0002794775240025,1664969559,2658,1992,30,Female,Y,240,"Ardler, Dundee",Dundee,"Dundee Central","Tayside and Angus (Dundee)"
noun,55.918864958165756,-4.126079473270226,1664969568,2659,1994,28,Male,Y,520,Gartcosh,"North Lanarkshire",G69,Glasgow
noun,55.77202625537998,-3.646586816346786,1664969714,2670,1987,35,Female,Y,1167,Lanark,"South Lanarkshire",ML11,Glasgow
noun,55.869811044673355,-3.991198097664603,1664969908,2681,1982,40,Female,Y,1192,Airdrie,"North Lanarkshire",ML6,Glasgow
noun,56.05581556130881,-3.4514846900902363,1664969910,2674,1990,32,Female,Y,1089,"Dalgety Bay",Fife,KY11,Fife
noun,55.87372386981827,-4.058995011165708,1664969935,2669,1985,37,Male,Y,1189,Coatbridge,"North Lanarkshire",ML5,Glasgow
noun,55.82973720471537,-3.917830681163944,1664970035,2695,1958,64,Female,N,1151,Motherwell,"North Lanarkshire",ML1,Glasgow
noun,55.83801940504833,-4.282772071446004,1664970066,2698,1976,46,Male,Y,652,"King's Park, Glasgow",Glasgow,"Glasgow South",Glasgow
noun,57.63387411577367,-3.3016456954570534,1664970114,2705,1954,68,Female,N,737,Elgin,Moray,IV30,"North East (Aberdeen)"
noun,56.0746263746153,-3.979014908832234,1664970117,2703,1988,34,Female,Y,458,Cambusbarron,Stirlingshire,FK7,"Stirling and Falkirk"
noun,56.18741913871821,-3.1488960259434617,1664970279,2719,1981,41,Male,N,1133,"Glenrothes (centre and east: Pitteuchar, Finglassie, Stenton, Auchmuty, Pitcoudie, Balfarg, Pircairn, Collydean)",Fife,KY7,Fife
noun,56.06545716157396,-3.2873806507864662,1664970413,2729,1976,46,Male,Y,1120,Kinghorn,Fife,KY3,Fife
noun,56.80880531258419,-3.1413661771269417,1664970422,2732,1990,32,Male,Y,179,Forfar,Angus,DD8,"Tayside and Angus (Dundee)"
noun,55.9099513170865,-4.377213603061427,1664970439,2701,1996,26,Female,Y,640,"Whiteinch, Glasgow",Glasgow,"Glasgow Northwest",Glasgow
noun,55.88566558032934,-3.985267864379536,1664970443,2717,1988,34,Female,Y,1192,Airdrie,"North Lanarkshire",ML6,Glasgow
noun,55.94975504528771,-3.2218599172686178,1664970446,2734,1983,39,Female,Y,287,"Corstorphine, Edinburgh",Edinburgh,"Edinburgh North","Lothian (Edinburgh)"
noun,56.259577506408576,-4.051014617755861,1664970465,2742,1989,33,Male,Y,409,Doune,Stirlingshire,FK16,"Stirling and Falkirk"
noun,55.892007499959306,-4.380741630936963,1664970517,2738,1985,37,Female,Y,644,"Partick, Glasgow",Glasgow,"Glasgow Northwest",Glasgow
noun,55.79726477301916,-4.05681424158399,1664970571,2723,1967,55,Male,Y,523,Bothwell,"South Lanarkshire",G71,Glasgow
noun,55.41311138084853,-4.634154485238929,1664970663,2739,1964,58,Female,Y,856,"Ayr (Centre)","South Ayrshire",KA7,Ayrshire
noun,55.806655409037134,-4.185129571495839,1664970680,2766,1961,61,Male,N,571,"Castlemilk, Glasgow",Glasgow,"Glasgow Castlemilk",Glasgow
noun,55.77290447494481,-4.270587916882388,1664970722,2749,1971,51,Female,Y,530,"East Kilbride (north: The Village, East Mains, West Mains, Lymekilns, St Leonards, Calderwood, Nerston, Stewartfield, Peel Park)","South Lanarkshire",G74,Glasgow
noun,56.11520405529824,-3.4817109239923294,1664970771,2746,2000,22,Female,N,1096,"Dunfermline (centre, north, west: Abbey Parks, Lady's Mill, Garvock, Headwell, Kingseathill, Wellwood, Milesmark, Baldridge, Pittencrieff, Baldridgeburn)",Fife,KY12,Fife
noun,55.921958991916966,-3.2365256118067176,1664970847,2748,1972,50,Female,Y,314,"Morningside, Edinburgh",Edinburgh,"Edinburgh South","Lothian (Edinburgh)"
noun,55.904436841384694,-4.270697419520523,1664970889,2761,1967,55,Female,Y,481,"Lambhill, Glasgow",Glasgow,G23,Glasgow
noun,55.81350006992661,-3.8521572509422093,1664970895,2750,1968,54,Male,Y,1150,Holytown,"North Lanarkshire",ML1,Glasgow
noun,56.373652182164086,-5.436394222955373,1664970918,2756,1993,29,Other,Y,1257,Oban,"Argyll and Bute",PA34,"Argyll and Bute"
noun,55.51214828078509,-2.5103851354388587,1664970940,2755,1977,45,Male,Y,1486,Jedburgh,"Scottish Borders",TD8,Borders
noun,55.914242055772746,-4.334690455106674,1664970991,2764,1964,58,Male,Y,488,Bearsden,"East Dunbartonshire",G61,Glasgow
noun,57.11958889782269,-2.2624176570974885,1664971019,2771,2001,21,Male,Y,128,"Mannofield, Aberdeen",Aberdeen,"Aberdeen Southwest","North East (Aberdeen)"
noun,55.87303897926557,-4.317680683795275,1664971081,2763,1996,26,Male,N,588,"Broomhill, Glasgow",Glasgow,"Glasgow Kelvin",Glasgow
noun,55.83148616072028,-4.426894108510385,1664971093,2782,1997,25,Male,Y,1236,"Paisley (south: Blackhall, Castlehead, Dykebar, Foxbar, Hunterhill, Meikleriggs)",Renfrewshire,PA2,Glasgow
noun,55.9940295142743,-4.263055173247421,1664971132,2779,1991,31,Female,N,507,Kirkintilloch,"East Dunbartonshire",G66,Glasgow
noun,55.86739057649452,-3.3407694208085426,1664971133,2780,1972,50,Female,Y,315,"Fairmilehead, Edinburgh",Edinburgh,"Edinburgh South","Lothian (Edinburgh)"
noun,57.667009951438644,-3.3262058386803743,1664971197,2784,1994,28,Other,Y,737,Elgin,Moray,IV30,"North East (Aberdeen)"
noun,55.194385447167065,-3.6148696900787183,1664971289,2773,1957,65,Female,Y,186,"Dumfries (centre and east: Dalscone, Georgetown, Heathhall, Kingholm Quay, Noblehill, The Crichton)","Dumfries and Galloway",DG1,"Dumfries and Galloway"
noun,55.50091948633609,-4.567422285456805,1664971403,2778,1992,30,Female,Y,873,Prestwick,"South Ayrshire",KA9,Ayrshire
noun,55.898579832062964,-4.450605880336769,1664971457,2811,1982,40,Female,Y,1306,Erskine,Renfrewshire,PA8,Glasgow
noun,56.433225180822724,-3.6803540153970506,1664971506,2805,1999,23,Female,Y,1309,Bankfoot,"Perth and Kinross",PH1,Fife
noun,55.86581762922919,-4.870632104907473,1664971548,2796,2000,22,Male,Y,1233,Skelmorlie,"North Ayrshire",PA17,Ayrshire
noun,55.91255613766604,-4.767063111572252,1664971578,2768,1971,51,Female,Y,1231,"Greenock (west: Bow Farm, Braeside, Branchton, Fort Matilda, Gateside, Greenock West, Overton, Pennyfern, Smithston)",Inverclyde,PA16,Glasgow
noun,55.90662899175595,-4.461616389123671,1664971621,2811,1982,40,Female,Y,1306,Erskine,Renfrewshire,PA8,Glasgow
noun,55.91882093220058,-4.257402825171532,1664971633,2819,1956,66,Female,Y,502,Bishopbriggs,"East Dunbartonshire",G64,Glasgow
noun,55.94561215373459,-4.196748176880041,1664971690,2817,1982,40,Male,Y,503,Torrance,"East Dunbartonshire",G64,Glasgow
noun,55.98070115812714,-3.191363793657212,1664971709,2824,1991,31,Female,Y,287,"Corstorphine, Edinburgh",Edinburgh,"Edinburgh North","Lothian (Edinburgh)"
noun,56.03337914102914,-5.048925856882716,1664971758,2829,1997,25,Female,Y,1241,Dunoon,"Argyll and Bute",PA23,"Argyll and Bute"
noun,55.79051320011874,-4.187057832509424,1664971816,2831,1995,27,Male,Y,530,"East Kilbride (north: The Village, East Mains, West Mains, Lymekilns, St Leonards, Calderwood, Nerston, Stewartfield, Peel Park)","South Lanarkshire",G74,Glasgow
noun,55.9068575081783,-4.539946582026884,1664971868,2814,1948,74,Male,Y,1292,Bishopton,Renfrewshire,PA7,Glasgow
noun,55.8435426814417,-4.37822300882967,1664972209,2849,1968,54,Male,Y,1220,"Paisley (central, east and north east: Ferguslie, Oldhall, Seedhill, Williamsburgh, Whitehaugh)",Renfrewshire,PA1,Glasgow
noun,55.9523065940667,-4.21701130460299,1664972221,2836,1979,43,Female,Y,503,Torrance,"East Dunbartonshire",G64,Glasgow
noun,55.5572508477913,-4.632087553857702,1664972435,2858,1994,28,Male,Y,784,Troon,"South Ayrshire",KA10,Ayrshire
noun,55.73111962487802,-6.150471461066673,1664972572,2861,1959,63,Male,Y,1267,"Bowmore, Isle of Islay","Argyll and Bute",PA43,"Argyll and Bute"
noun,55.914703467430314,-4.053135648154865,1664972648,2863,1982,40,Male,Y,514,"Cumbernauld (south: Condorrat, Lenziemill, Carbrain, Kildrum, Cumbernauld Village, Abronhill, Seafar)","North Lanarkshire",G67,Glasgow
noun,54.988006801519525,-3.091851806778233,1664972714,2867,1975,47,Female,Y,205,Gretna,"Dumfries and Galloway",DG16,"Dumfries and Galloway"
noun,57.183563037686405,-2.189498546853679,1664972743,2851,1997,25,Male,Y,112,"Dyce, Aberdeen",Aberdeen,"Aberdeen North","North East (Aberdeen)"
noun,55.95352506541348,-4.809055962126855,1664972891,2878,1970,52,Female,Y,1235,Gourock,Inverclyde,PA19,Glasgow
noun,55.88828328283505,-2.707662459169961,1664973013,2885,1988,34,Female,Y,357,Haddington,"East Lothian",EH41,"Lothian (Edinburgh)"
noun,55.84359201602955,-4.066436536076383,1664973225,2890,1980,42,Male,Y,525,Uddingston,"South Lanarkshire",G71,Glasgow
noun,56.6753357628169,-2.8820145388623626,1664973277,2891,1978,44,Female,Y,181,Kirriemuir,Angus,DD8,"Tayside and Angus (Dundee)"
noun,55.86354301811029,-4.445751371533583,1664973413,2887,1992,30,Female,Y,1248,Linwood,Renfrewshire,PA3,Glasgow
noun,55.75001108322803,-4.18029673957619,1664973419,2899,1994,28,Other,Y,534,"East Kilbride (south: Hairmyres, Westwood, The Murray, Murray East, Whitehills, Greenhill, Newlandsmuir, Gardenhall, Crosshouse, Newlands, Lindsayfield, Mossneuk)","South Lanarkshire",G75,Glasgow
noun,55.85813087166926,-3.8559044036940597,1664973506,2894,1952,70,Male,Y,1209,Shotts,"North Lanarkshire",ML7,Glasgow
noun,55.96158102840553,-4.2583401590718815,1664973558,2897,1982,40,Female,Y,489,Milngavie,"East Dunbartonshire",G62,Glasgow
noun,55.95796009094071,-4.1150727002610665,1664973808,2909,1989,33,Male,Y,509,Lenzie,"East Dunbartonshire",G66,Glasgow
noun,55.57158843840368,-4.5973976980745705,1664973819,2918,1971,51,Female,Y,809,Dundonald,"South Ayrshire",KA2,Ayrshire
noun,55.8118770531308,-4.079702877451845,1664973989,2877,1971,51,Female,N,525,Uddingston,"South Lanarkshire",G71,Glasgow
noun,55.721056950289736,-3.4212967233213427,1664974020,2929,1994,28,Male,Y,363,"West Linton","Scottish Borders",EH46,Borders
noun,55.53182928668185,-4.5233818054893735,1664974030,2930,1953,69,Female,Y,779,"Kilmarnock (centre and south: Bonnyton, Grange, Bellfield, Shortlees, Caprington, Riccarton, Hurlford)","East Ayrshire",KA1,Ayrshire
noun,55.93260182000703,-3.239325889770616,1664974043,2919,1991,31,Male,Y,311,"Currie, Edinburgh",Edinburgh,"Edinburgh South","Lothian (Edinburgh)"
noun,55.897181226173394,-3.2264638949550837,1664974162,2938,1991,31,Female,Y,314,"Morningside, Edinburgh",Edinburgh,"Edinburgh South","Lothian (Edinburgh)"
noun,55.926505077378984,-3.2536991184477664,1664974243,2943,1981,41,Male,Y,314,"Morningside, Edinburgh",Edinburgh,"Edinburgh South","Lothian (Edinburgh)"
noun,55.54444437327415,-4.6303882178625,1664974310,2940,1980,42,Female,Y,784,Troon,"South Ayrshire",KA10,Ayrshire
noun,55.634628683060235,-4.17586637916438,1664974348,2950,1970,52,Male,Y,1160,Strathaven,"North Lanarkshire",ML10,Glasgow
noun,55.93113554921557,-3.422946417771997,1664974364,2953,1992,30,Male,Y,301,"Kirkliston, Edinburgh",Edinburgh,"Edinburgh Northwest","Lothian (Edinburgh)"
noun,55.93787624511968,-3.5654285798337084,1664974412,2942,1962,60,Female,Y,371,Broxburn,"West Lothian",EH52,"Lothian (Edinburgh)"
noun,55.64068241400367,-4.495048839947506,1664974525,2956,1956,66,Male,Y,837,"Kilmarnock (north: Onthank, Townholm, Altonhill, Longpark, Beansburn, New Farm Loch, Knockinlaw, Hillhead, Crookedholm)","East Ayrshire",KA3,Ayrshire
noun,55.881357291420926,-4.154805409225096,1664974583,2972,1989,33,Female,Y,604,"Craigend, Glasgow",Glasgow,"Glasgow Northeast",Glasgow
noun,55.92335973630117,-4.170997550918347,1664974584,2963,1961,61,Female,Y,507,Kirkintilloch,"East Dunbartonshire",G66,Glasgow
noun,56.85151877864096,-3.4686374367117696,1664974602,2947,1991,31,Female,Y,1318,Blairgowrie,"Perth and Kinross",PH10,Fife
noun,56.69485139300283,-2.508580040401109,1664974613,2966,1972,50,Male,N,140,Montrose,Angus,DD10,"Tayside and Angus (Dundee)"
noun,55.891308085548204,-4.221953665649461,1664974628,2960,1989,33,Female,Y,602,"Baillieston, Glasgow",Glasgow,"Glasgow Northeast",Glasgow
noun,55.77442951619548,-4.11755281445473,1664974641,2925,1959,63,Male,Y,529,Cambuslang,"South Lanarkshire",G72,Glasgow
noun,56.53373309136769,-3.413402294009324,1664974657,2952,1955,67,Male,Y,1313,"Perth (north and west: Burghmuir, Cherrybank, Hillyland, Inveralmond, Lethom, Muirton, North Muirton, Tulloch)","Perth and Kinross",PH1,Fife
noun,55.9680156951604,-4.143020638469249,1664974712,2958,1977,45,Male,Y,510,"Milton of Campsie","East Dunbartonshire",G66,Glasgow
noun,55.938693873921295,-3.2401149773481284,1664974823,2968,1974,48,Female,Y,269,"Gorgie, Edinburgh",Edinburgh,"Edinburgh Central","Lothian (Edinburgh)"
noun,57.16460533992347,-2.1125723344485445,1664974884,2979,1999,23,Male,Y,97,"Mastrick, Aberdeen",Aberdeen,"Aberdeen Central","North East (Aberdeen)"
noun,55.95658953538591,-3.2269239029947663,1664974900,2990,1995,27,Male,Y,279,"Clermiston and Drumbrae, Edinburgh",Edinburgh,"Edinburgh Clermiston Granton","Lothian (Edinburgh)"
noun,56.864895591643304,-5.380060023941235,1664974988,2986,1997,25,Male,Y,1377,"Fort William",Highland,PH33,"Highlands (Inverness)"
noun,55.77918023479627,-4.1481679082065765,1664975087,2995,1977,45,Male,Y,530,"East Kilbride (north: The Village, East Mains, West Mains, Lymekilns, St Leonards, Calderwood, Nerston, Stewartfield, Peel Park)","South Lanarkshire",G74,Glasgow
noun,55.81705449458051,-4.127613518788898,1664975095,3002,2003,19,Other,Y,529,Cambuslang,"South Lanarkshire",G72,Glasgow
noun,55.95048816095207,-3.30301705726699,1664975171,2876,1970,52,Male,Y,304,"Cramond, Edinburgh",Edinburgh,"Edinburgh Northwest","Lothian (Edinburgh)"
noun,55.755552920201936,-4.003935207237996,1664975387,3000,1995,27,Female,Y,1183,Hamilton,"South Lanarkshire",ML3,Glasgow
noun,55.952911164616594,-3.3123367129339902,1664975590,3013,1992,30,Male,Y,301,"Kirkliston, Edinburgh",Edinburgh,"Edinburgh Northwest","Lothian (Edinburgh)"
noun,55.90395508831625,-3.6361593365039973,1664975622,3012,1967,55,Male,Y,367,Armadale,"West Lothian",EH48,"Lothian (Edinburgh)"
noun,55.84752892727599,-4.017605597543428,1664975640,3016,1988,34,Male,Y,1189,Coatbridge,"North Lanarkshire",ML5,Glasgow
noun,55.88429078419602,-2.6927008566260637,1664975728,3011,1958,64,Female,N,357,Haddington,"East Lothian",EH41,"Lothian (Edinburgh)"
noun,55.861289302038806,-4.007773116433714,1664975873,3016,1988,34,Male,Y,1189,Coatbridge,"North Lanarkshire",ML5,Glasgow
noun,56.03323080170666,-4.681113649235696,1664975940,3031,1988,34,Female,Y,567,Kilcreggan,"Argyll and Bute",G84,"Argyll and Bute"
noun,55.962850267865285,-4.255922851394987,1664975985,3030,1971,51,Male,N,502,Bishopbriggs,"East Dunbartonshire",G64,Glasgow
noun,56.00083265859515,-3.832331825652292,1664976083,3034,1997,25,Female,Y,377,"Falkirk (centre and south: Arnothill, Bantaskin, Callendar Park, Glen Village, Hallglen, Lionthorn, Tamfourhill, Woodlands)",Falkirk,FK1,"Stirling and Falkirk"
noun,56.47934231182343,-2.9564686105655764,1664976247,3015,1956,66,Female,N,254,"Douglas, Dundee",Dundee,"Dundee North","Tayside and Angus (Dundee)"
noun,56.03503267532625,-3.3488698713952134,1664976277,3032,1989,33,Male,Y,1090,"Dunfermline (south and east: Halbeath, Touch, Duloch, Masterton, Pitcorthie, Abbeyview, Brucefield, Hospital Hill, Camdean, Pitreavie)",Fife,KY11,Fife
noun,56.13852795465869,-3.4963119961090916,1664976420,3042,1969,53,Male,Y,1096,"Dunfermline (centre, north, west: Abbey Parks, Lady's Mill, Garvock, Headwell, Kingseathill, Wellwood, Milesmark, Baldridge, Pittencrieff, Baldridgeburn)",Fife,KY12,Fife
noun,55.831699185316275,-4.2915359043580406,1664976477,3051,1978,44,Male,Y,658,"Giffnock, Glasgow",Glasgow,"Glasgow South",Glasgow
noun,55.891543117141566,-4.587886408603816,1664976509,3046,1974,48,Female,Y,1278,Houston,Renfrewshire,PA6,Glasgow
noun,55.81624116549585,-4.346872144661523,1664976523,3056,1989,33,Female,N,678,"Cardonald, Glasgow",Glasgow,"Glasgow Southwest",Glasgow
noun,55.91442486433923,-4.747814809342297,1664976548,3026,1964,58,Female,Y,1231,"Greenock (west: Bow Farm, Braeside, Branchton, Fort Matilda, Gateside, Greenock West, Overton, Pennyfern, Smithston)",Inverclyde,PA16,Glasgow
noun,57.896471078257306,-6.946900783186843,1664976635,3059,2002,20,Female,Y,689,"Isle of Harris","Western Isles (excluding Leverburgh and Rodel areas)",HS3,"Western Isles"
noun,55.680894327324395,-3.6535341370347836,1664976687,3057,1982,40,Female,Y,1167,Lanark,"South Lanarkshire",ML11,Glasgow
noun,57.97346116031468,-6.973741024173953,1664976758,3059,2002,20,Female,Y,689,"Isle of Harris","Western Isles (excluding Leverburgh and Rodel areas)",HS3,"Western Isles"
noun,56.45494197554206,-3.016082481281,1664976842,3065,1984,38,Male,Y,257,"Ninewells, Dundee",Dundee,"Dundee West","Tayside and Angus (Dundee)"
noun,55.82819749802703,-2.232638473442387,1664976862,3061,1964,58,Female,Y,1431,Eyemouth,"Scottish Borders",TD14,Borders
noun,55.96533264027791,-3.9644422585377246,1664976927,3069,1986,36,Female,Y,514,"Cumbernauld (south: Condorrat, Lenziemill, Carbrain, Kildrum, Cumbernauld Village, Abronhill, Seafar)","North Lanarkshire",G67,Glasgow
noun,55.87893813731792,-4.018388681113214,1664977007,3063,1980,42,Male,Y,1192,Airdrie,"North Lanarkshire",ML6,Glasgow
noun,55.81916103091026,-4.284158660343197,1664977064,3072,1964,58,Female,Y,647,"Pollokshields, Glasgow",Glasgow,"Glasgow South",Glasgow
noun,57.52934782307432,-2.0589908417445133,1664977095,3076,1969,53,Female,Y,54,Peterhead,Aberdeenshire,AB42,"North East (Aberdeen)"
noun,55.990027674922274,-3.505378223986188,1664977176,3074,1997,25,Male,Y,369,Linlithgow,"West Lothian",EH49,"Lothian (Edinburgh)"
noun,56.48241084136273,-2.9969664183642704,1664977388,3073,1990,32,Female,N,232,"Craigiebank, Dundee",Dundee,"Dundee Bluebelt","Tayside and Angus (Dundee)"
noun,55.71961829815934,-3.20338427335023,1664977389,3075,1956,66,Female,Y,362,Peebles,"Scottish Borders",EH45,Borders
noun,56.000328994197694,-4.781705431747231,1664977500,3081,1996,26,Other,Y,566,Helensburgh,"Argyll and Bute",G84,"Argyll and Bute"
noun,55.873439450036635,-4.003090728782901,1664977502,3091,1966,56,Female,Y,1192,Airdrie,"North Lanarkshire",ML6,Glasgow
noun,55.89313527652252,-3.226043702425382,1664977610,3083,1962,60,Female,Y,313,"Colinton, Edinburgh",Edinburgh,"Edinburgh South","Lothian (Edinburgh)"
noun,57.154198298973846,-2.4582064193972264,1664977614,3090,2001,21,Male,Y,28,Westhill,Aberdeenshire,AB32,"North East (Aberdeen)"
noun,57.34235954408815,-3.174407229850021,1664977730,3094,1977,45,Female,Y,88,Keith, Moray,AB55,"North East (Aberdeen)"
noun,57.17368737078556,-2.1790410461942225,1664977940,3105,1991,31,Female,Y,107,"Rosemount, Aberdeen",Aberdeen,"Aberdeen Central","North East (Aberdeen)"
noun,55.76271210302339,-4.305990210845681,1664977947,3104,1985,37,Female,Y,539,"Newton Mearns","East Renfrewshire",G77,Glasgow
noun,55.973779984314646,-4.1909909576849245,1664978102,3109,1968,54,Female,N,508,Lennoxtown,"East Dunbartonshire",G66,Glasgow
noun,55.9541444891068,-2.7171273581066626,1664978213,3126,1981,41,Female,Y,357,Haddington,"East Lothian",EH41,"Lothian (Edinburgh)"
noun,55.772296815996384,-4.156047789440547,1664978213,3117,1975,47,Female,Y,530,"East Kilbride (north: The Village, East Mains, West Mains, Lymekilns, St Leonards, Calderwood, Nerston, Stewartfield, Peel Park)","South Lanarkshire",G74,Glasgow
noun,57.6820303615921,-3.4355115021197866,1664978271,3130,1993,29,Male,Y,737,Elgin,Moray,IV30,"North East (Aberdeen)"
noun,57.27978564422242,-3.7198426056970777,1664978302,3108,1992,30,Female,Y,1366,"Boat of Garten",Highland,PH24,"Highlands (Inverness)"
noun,55.01154579906459,-3.3042311331034346,1664978458,3123,1978,44,Male,Y,197,Annan,"Dumfries and Galloway",DG12,"Dumfries and Galloway"
noun,57.149431166066336,-2.471357868768528,1664978682,3135,1980,42,Female,Y,28,Westhill,Aberdeenshire,AB32,"North East (Aberdeen)"
noun,55.93867035480556,-3.913240129422841,1664978799,3139,1966,56,Female,Y,377,"Falkirk (centre and south: Arnothill, Bantaskin, Callendar Park, Glen Village, Hallglen, Lionthorn, Tamfourhill, Woodlands)",Falkirk,FK1,"Stirling and Falkirk"
noun,55.94630387482112,-4.852995013004437,1664978828,3140,2001,21,Female,Y,1235,Gourock,Inverclyde,PA19,Glasgow
noun,55.872481136398555,-4.0198375425652415,1664978844,3116,1975,47,Female,Y,1189,Coatbridge,"North Lanarkshire",ML5,Glasgow
noun,55.95329403197061,-3.272993422638313,1664978877,3136,1997,25,Female,N,289,"Newhaven, Edinburgh",Edinburgh,"Edinburgh North","Lothian (Edinburgh)"
noun,55.70289727040321,-4.198786413208665,1664978882,3146,1986,36,Female,Y,534,"East Kilbride (south: Hairmyres, Westwood, The Murray, Murray East, Whitehills, Greenhill, Newlandsmuir, Gardenhall, Crosshouse, Newlands, Lindsayfield, Mossneuk)","South Lanarkshire",G75,Glasgow
noun,56.69262050674519,-3.650349460832013,1664978926,3143,1973,49,Female,Y,1329,Pitlochry,"Perth and Kinross",PH16,Fife
noun,55.54187081796878,-4.5200307928449375,1664978959,3145,1958,64,Female,N,779,"Kilmarnock (centre and south: Bonnyton, Grange, Bellfield, Shortlees, Caprington, Riccarton, Hurlford)","East Ayrshire",KA1,Ayrshire
noun,55.73269217637021,-3.8286269403427324,1664979083,3147,1996,26,Female,Y,1212,Carluke,"South Lanarkshire",ML8,Glasgow
noun,55.90489759639333,-4.377811350175936,1664979166,3151,1950,72,Female,Y,641,"Knightswood, Glasgow",Glasgow,"Glasgow Northwest",Glasgow
noun,56.647866109327126,-5.611508291359944,1664979278,3144,1963,59,Male,Y,1377,"Fort William",Highland,PH33,"Highlands (Inverness)"
noun,56.04303961572597,-3.4370439409006726,1664979424,3166,1972,50,Female,N,1089,"Dalgety Bay",Fife,KY11,Fife
noun,55.917384918698644,-4.343107282186954,1664979556,3173,1996,26,Male,Y,488,Bearsden,"East Dunbartonshire",G61,Glasgow
noun,55.615263645699635,-4.167982139315805,1664979581,3177,1988,34,Female,Y,1160,Strathaven,"North Lanarkshire",ML10,Glasgow
noun,56.00191914148507,-3.777027757165802,1664979847,3160,1995,27,Female,Y,377,"Falkirk (centre and south: Arnothill, Bantaskin, Callendar Park, Glen Village, Hallglen, Lionthorn, Tamfourhill, Woodlands)",Falkirk,FK1,"Stirling and Falkirk"
noun,54.99162993303128,-3.143351773664867,1664979925,3186,1955,67,Female,Y,205,Gretna,"Dumfries and Galloway",DG16,"Dumfries and Galloway"
noun,55.894371440831065,-4.3793898694467694,1664980324,3189,1983,39,Female,Y,639,"Scotstoun, Glasgow",Glasgow,"Glasgow Northwest",Glasgow
noun,57.55522309677985,-4.007232000189092,1664980440,3194,1980,42,Female,N,714,"Inverness (east: Culcabock, Crown, Culduthel, Drummond, Haugh, Hilton, Holm, Lochardil, Millburn, Raigmore)",Highland,IV2,"Highlands (Inverness)"
noun,56.14752794215291,-3.8998088379133335,1664980466,3208,1987,35,Female,Y,477,"Bridge of Allan",Stirlingshire,FK9,"Stirling and Falkirk"
noun,56.061693534567304,-3.8428712871037667,1664980641,3199,1998,24,Male,Y,422,"Falkirk (north: Grahamston, Middlefield, Westfield)",Falkirk,FK2,"Stirling and Falkirk"
noun,55.90352178479157,-3.265625020132688,1664980811,3214,1984,38,Female,Y,314,"Morningside, Edinburgh",Edinburgh,"Edinburgh South","Lothian (Edinburgh)"
noun,55.818919504906205,-4.217123413034457,1664980898,3203,1988,34,Female,Y,653,"Netherlee, Glasgow",Glasgow,"Glasgow South",Glasgow
noun,55.73115723576141,-4.04249291603756,1664980967,3236,1994,28,Female,Y,1183,Hamilton,"South Lanarkshire",ML3,Glasgow
noun,56.07745549076859,-4.805870175731886,1664980998,3210,1982,40,Female,Y,567,Kilcreggan,"Argyll and Bute",G84,"Argyll and Bute"
noun,55.974270070139035,-3.8969651075872322,1664981003,3216,1959,63,Female,N,441,Bonnybridge,Falkirk,FK4,"Stirling and Falkirk"
noun,55.969190249395176,-3.138582750231345,1664981029,3224,1995,27,Female,Y,285,"Leith, Edinburgh",Edinburgh,"Edinburgh Leith","Lothian (Edinburgh)"
noun,55.94752582853148,-3.1056325094760266,1664981062,3221,1974,48,Female,Y,281,"Portobello, Edinburgh",Edinburgh,"Edinburgh Duddingston","Lothian (Edinburgh)"
noun,57.62510639977356,-3.27947731115878,1664981236,3225,1995,27,Female,Y,737,Elgin,Moray,IV30,"North East (Aberdeen)"
noun,55.755091583736196,-3.8198376495960384,1664981293,3240,1999,23,Male,Y,1212,Carluke,"South Lanarkshire",ML8,Glasgow
noun,56.97372639097079,-2.9343273445857387,1664981353,3220,1990,32,Male,Y,33,Aboyne,Aberdeenshire,AB34,"North East (Aberdeen)"
noun,55.848482682341604,-4.477771273274457,1664981411,3246,2002,20,Male,Y,1221,Ralston,Renfrewshire,PA1,Glasgow
noun,55.72386450744985,-4.404961737876257,1664981455,3245,1973,49,Female,Y,539,"Newton Mearns","East Renfrewshire",G77,Glasgow
noun,55.84352487337148,-4.32565389146402,1664981563,3235,1954,68,Male,Y,665,"Pollockshaws, Glasgow",Glasgow,"Glasgow Southwest",Glasgow
noun,55.25910241873182,-3.2836951499455793,1664981596,3248,1991,31,Male,Y,196,Lockerbie,"Dumfries and Galloway",DG11,"Dumfries and Galloway"
noun,55.86992447461858,-4.374613184355458,1664981695,3242,1980,42,Female,Y,1264,Renfrew,Renfrewshire,PA4,Glasgow
noun,57.795995511141506,-4.411530714439133,1664981806,3232,1972,50,Female,Y,707,Alness,Highland,IV17,"Highlands (Inverness)"
noun,55.87196394976965,-4.0095984493667105,1664981879,3262,1968,54,Female,Y,1189,Coatbridge,"North Lanarkshire",ML5,Glasgow
noun,55.87243656094854,-4.324737459176226,1664982057,3266,1964,58,Female,Y,588,"Broomhill, Glasgow",Glasgow,"Glasgow Kelvin",Glasgow
noun,55.88637842395901,-4.325571309628355,1664982104,3266,1964,58,Female,Y,588,"Broomhill, Glasgow",Glasgow,"Glasgow Kelvin",Glasgow
noun,57.06896198546207,-5.708221271743274,1664982112,3268,1977,45,Female,Y,1391,Knoydart,Highland,PH41,"Highlands (Inverness)"
noun,57.097551918516395,-2.5741600080172686,1664982172,3267,1976,46,Female,Y,22,Banchory,Aberdeenshire,AB31,"North East (Aberdeen)"
noun,55.644266863688564,-2.594117080460543,1664982310,3275,1981,41,Other,Y,1442,Earlston,"Scottish Borders",TD4,Borders
noun,56.031580339305314,-4.7208479867350075,1664982321,3277,1989,33,Female,Y,566,Helensburgh,"Argyll and Bute",G84,"Argyll and Bute"
noun,55.819640529441614,-4.050612576979977,1664982339,3278,1987,35,Female,Y,1186,Bellshill,"North Lanarkshire",ML4,Glasgow
noun,55.77868612656981,-3.858784920501667,1664982453,3281,1997,25,Other,Y,1180,Wishaw,"North Lanarkshire",ML2,Glasgow
noun,56.24639823488668,-3.052421985144034,1664982555,3269,1977,45,Female,Y,1639,Auchtermuchty,Fife,KY15,Fife
noun,55.946531784248556,-3.169421350977554,1664982663,3288,1985,37,Female,Y,281,"Portobello, Edinburgh",Edinburgh,"Edinburgh Duddingston","Lothian (Edinburgh)"
noun,56.37685408141815,-3.6101530311749346,1664982787,3285,1993,29,Female,Y,1313,"Perth (north and west: Burghmuir, Cherrybank, Hillyland, Inveralmond, Lethom, Muirton, North Muirton, Tulloch)","Perth and Kinross",PH1,Fife
noun,56.14654830177622,-3.3386732405911967,1664982940,3291,1989,33,Male,Y,1126,Cardenden,Fife,KY5,Fife
noun,56.63137805169256,-2.870778291608831,1664982980,3298,1986,36,Female,Y,179,Forfar,Angus,DD8,"Tayside and Angus (Dundee)"
noun,56.471203826282164,-2.910666754991816,1664983026,3292,1958,64,Female,Y,247,"Broughty Ferry, Dundee",Dundee,"Dundee East","Tayside and Angus (Dundee)"
noun,55.79998552083188,-4.640535692328105,1664983066,3255,1968,54,Female,Y,1226,Lochwinnoch,Renfrewshire,PA12,Glasgow
noun,55.87196461970574,-4.290992359411293,1664983150,3306,1975,47,Female,Y,591,"Hillhead, Glasgow",Glasgow,"Glasgow Kelvin",Glasgow
noun,55.95784521443236,-4.942329448065127,1664983226,3283,1985,37,Female,Y,1241,Dunoon,"Argyll and Bute",PA23,"Argyll and Bute"
noun,55.94976178473348,-3.527591424255987,1664983307,3314,1998,24,Female,Y,372,Winchburgh,"West Lothian",EH52,"Lothian (Edinburgh)"
noun,55.95415575168554,-3.2270550537071854,1664983449,3323,1971,51,Male,Y,296,"Davidson's Mains, Edinburgh",Edinburgh,"Edinburgh North","Lothian (Edinburgh)"
noun,55.74698625750932,-6.143015950212184,1664983484,3304,1966,56,Female,Y,1267,"Bowmore, Isle of Islay","Argyll and Bute",PA43,"Argyll and Bute"
noun,55.89464402065572,-3.3335308304871543,1664983588,3321,1970,52,Male,Y,313,"Colinton, Edinburgh",Edinburgh,"Edinburgh South","Lothian (Edinburgh)"
noun,55.98884225966147,-3.6074104573410515,1664983605,3326,1990,32,Female,Y,369,Linlithgow,"West Lothian",EH49,"Lothian (Edinburgh)"
noun,56.46866835030615,-2.9740200828971077,1664983623,3319,1970,52,Female,Y,238,"Menzieshill, Dundee",Dundee,"Dundee Central","Tayside and Angus (Dundee)"
noun,55.734029264690626,-4.048533234456189,1664983629,3312,1967,55,Female,Y,1183,Hamilton,"South Lanarkshire",ML3,Glasgow
noun,56.00879646955854,-4.68387297430839,1664983657,3324,1985,37,Female,Y,563,Clynder,"Argyll and Bute",G84,"Argyll and Bute"
noun,55.725915173282466,-4.459173206931668,1664983750,3316,1997,25,Male,N,841,Stewarton,"East Ayrshire",KA3,Ayrshire
noun,55.95050649233883,-3.2594944990493095,1664983751,3344,1983,39,Female,Y,296,"Davidson's Mains, Edinburgh",Edinburgh,"Edinburgh North","Lothian (Edinburgh)"
noun,55.95882093867785,-3.5066760552724503,1664983971,3339,1997,25,Other,Y,369,Linlithgow,"West Lothian",EH49,"Lothian (Edinburgh)"
noun,57.417718663075384,-4.171393943151455,1664984353,2611,1969,53,Male,Y,714,"Inverness (east: Culcabock, Crown, Culduthel, Drummond, Haugh, Hilton, Holm, Lochardil, Millburn, Raigmore)",Highland,IV2,"Highlands (Inverness)"
noun,55.96145957910302,-3.1833331113413563,1664984386,3362,1995,27,Male,Y,288,"Murrayfield, Edinburgh",Edinburgh,"Edinburgh North","Lothian (Edinburgh)"
noun,55.95103856192207,-3.2598717992281183,1664984402,3363,1974,48,Male,Y,297,"Blackhall, Edinburgh",Edinburgh,"Edinburgh North","Lothian (Edinburgh)"
noun,56.4355624730463,-3.306965394817816,1664984447,3346,1992,30,Female,Y,1353,Scone,"Perth and Kinross",PH2,Fife
noun,55.92867488214892,-3.0767214174863944,1664984467,3371,1967,55,Female,Y,330,Musselburgh,"East Lothian",EH21,"Lothian (Edinburgh)"
noun,57.22973910796924,-2.068669886525418,1664984606,3376,1964,58,Male,Y,111,"Bucksburn, Aberdeen",Aberdeen,"Aberdeen North","North East (Aberdeen)"
noun,57.120378214464445,-2.223488977688351,1664984648,3374,2003,19,Female,Y,128,"Mannofield, Aberdeen",Aberdeen,"Aberdeen Southwest","North East (Aberdeen)"
noun,55.93951074576776,-4.0080068473984864,1664984826,3382,1982,40,Female,Y,514,"Cumbernauld (south: Condorrat, Lenziemill, Carbrain, Kildrum, Cumbernauld Village, Abronhill, Seafar)","North Lanarkshire",G67,Glasgow
noun,55.7911580294787,-4.382675085297946,1664984838,3378,1985,37,Female,Y,541,Neilston,"East Renfrewshire",G78,Glasgow
noun,57.14591300872216,-2.5577120473845207,1664984945,3395,1989,33,Male,Y,64,Inverurie,Aberdeenshire,AB51,"North East (Aberdeen)"
noun,55.80293142582054,-3.9354891126911635,1664985080,3377,1987,35,Female,Y,1147,Carfin,"North Lanarkshire",ML1,Glasgow
noun,57.34372505856027,-4.266822254015244,1664985156,3388,1980,42,Male,Y,713,Culloden,Highland,IV2,"Highlands (Inverness)"
noun,57.13870953314787,-2.128509175810804,1664985163,3387,1978,44,Female,Y,128,"Mannofield, Aberdeen",Aberdeen,"Aberdeen Southwest","North East (Aberdeen)"
noun,55.55267882262821,-4.534752579590406,1664985176,3366,1991,31,Female,Y,779,"Kilmarnock (centre and south: Bonnyton, Grange, Bellfield, Shortlees, Caprington, Riccarton, Hurlford)","East Ayrshire",KA1,Ayrshire
noun,55.80430711900959,-4.297035247447799,1664985231,3389,1993,29,Female,Y,653,"Netherlee, Glasgow",Glasgow,"Glasgow South",Glasgow
noun,55.87110951978084,-4.258725716227978,1664985248,3400,1960,62,Female,Y,588,"Broomhill, Glasgow",Glasgow,"Glasgow Kelvin",Glasgow
noun,55.76851165157307,-4.097518115699354,1664985261,3350,1996,26,Female,Y,1183,Hamilton,"South Lanarkshire",ML3,Glasgow
noun,57.715153256168854,-4.23008320821849,1664985379,3399,1969,53,Female,Y,708,Invergordon,Highland,IV18,"Highlands (Inverness)"
noun,56.40048199638492,-3.221940534525195,1664985515,3356,1976,46,Female,Y,1354,"Perth (south and east: Barnhill, Bridgend, Craigie, Kincarrathie, Upper Craigie)","Perth and Kinross",PH2,Fife
noun,57.63426852410732,-3.32218787942219,1664985718,3409,1999,23,Female,Y,737,Elgin,Moray,IV30,"North East (Aberdeen)"
noun,55.94563375137575,-3.4993591961300945,1664985724,3411,1959,63,Female,Y,371,Broxburn,"West Lothian",EH52,"Lothian (Edinburgh)"
noun,56.091498309969516,-4.21823205284311,1664985737,3408,1979,43,Female,Y,501,Strathblane,Stirlingshire,G63,"Stirling and Falkirk"
noun,55.91366560130484,-4.686991272975256,1664985797,3413,1969,53,Male,Y,1227,Kilmacolm,Inverclyde,PA13,Glasgow
noun,57.14511843360881,-2.2379400447103053,1664985814,3415,1982,40,Female,Y,113,"Bridge of Don, Aberdeen",Aberdeen,"Aberdeen North","North East (Aberdeen)"
noun,56.12218058790291,-3.223393072975455,1664985888,3417,1969,53,Male,Y,1117,"Kirkcaldy (west: Hayfield, Templehall, Newliston, Chapel, Dunnikier, Bennochy)",Fife,KY2,Fife
noun,55.91244299266374,-3.3450715936109496,1664985911,3410,1966,56,Female,Y,314,"Morningside, Edinburgh",Edinburgh,"Edinburgh South","Lothian (Edinburgh)"
noun,55.964116797473835,-4.380969030584944,1664985952,3424,1984,38,Female,Y,489,Milngavie,"East Dunbartonshire",G62,Glasgow
noun,55.82886453501681,-4.124323144539508,1664986003,3414,1980,42,Female,Y,529,Cambuslang,"South Lanarkshire",G72,Glasgow
noun,56.21178104705549,-4.853550039155578,1664986017,3425,1986,36,Male,Y,557,Alexandria,"West Dunbartonshire",G83,"Argyll and Bute"
noun,55.94249987519213,-3.2539637398836407,1664986090,3438,1986,36,Male,Y,292,"Craigleith, Edinburgh",Edinburgh,"Edinburgh North","Lothian (Edinburgh)"
noun,55.75035067744645,-4.436052613485932,1664986301,3442,1967,55,Male,Y,540,Barrhead,"East Renfrewshire",G78,Glasgow
noun,55.70267176342537,-4.79603353310673,1664986348,3450,1987,35,Male,Y,815,Dalry,"North Ayrshire",KA24,Ayrshire
noun,57.358017781504365,-4.1057114273119355,1664986532,3447,1985,37,Female,Y,714,"Inverness (east: Culcabock, Crown, Culduthel, Drummond, Haugh, Hilton, Holm, Lochardil, Millburn, Raigmore)",Highland,IV2,"Highlands (Inverness)"
noun,55.853358103918275,-4.416779180307968,1664986563,3446,1992,30,Female,Y,1248,Linwood,Renfrewshire,PA3,Glasgow
noun,55.944302553286064,-3.1847469754616085,1664986713,3432,1977,45,Female,Y,313,"Colinton, Edinburgh",Edinburgh,"Edinburgh South","Lothian (Edinburgh)"
noun,55.88883406915438,-3.0308077179780324,1664986740,3462,1995,27,Female,Y,334,Dalkeith,Midlothian,EH22,"Lothian (Edinburgh)"
noun,57.640461819338206,-3.1729481574986633,1664986854,3465,1993,29,Male,Y,737,Elgin,Moray,IV30,"North East (Aberdeen)"
noun,55.812289091922956,-4.226687979163984,1664986885,3463,1978,44,Female,N,660,"Arden, Glasgow",Glasgow,"Glasgow South",Glasgow
noun,57.14589251010066,-2.164821046914719,1664987075,3468,1956,66,Male,N,106,"Kittybrewster, Aberdeen",Aberdeen,"Aberdeen Central","North East (Aberdeen)"
noun,55.930602126263786,-3.5690312598551017,1664987200,3467,1963,59,Female,Y,371,Broxburn,"West Lothian",EH52,"Lothian (Edinburgh)"
noun,56.638777411955914,-2.9152379205006347,1664987413,3469,1970,52,Male,Y,179,Forfar,Angus,DD8,"Tayside and Angus (Dundee)"
noun,55.8168674682973,-4.0872506162919455,1664987492,3470,1983,39,Female,Y,598,Rutherglen,"South Lanarkshire","Glasgow Northeast",Glasgow
noun,55.85952930448783,-4.359911855122086,1664987675,3405,1948,74,Female,N,672,"Govan, Glasgow",Glasgow,"Glasgow Southwest",Glasgow
noun,55.70559167261988,-4.151418945621253,1664987889,3480,1998,24,Male,Y,534,"East Kilbride (south: Hairmyres, Westwood, The Murray, Murray East, Whitehills, Greenhill, Newlandsmuir, Gardenhall, Crosshouse, Newlands, Lindsayfield, Mossneuk)","South Lanarkshire",G75,Glasgow
noun,55.97965442654122,-3.359789800295028,1664987910,3479,1974,48,Male,N,306,"Queensferry, Edinburgh",Edinburgh,"Edinburgh Queensferry","Lothian (Edinburgh)"
noun,55.81156200312731,-4.091361475622335,1664987927,3489,2001,21,Female,Y,525,Uddingston,"South Lanarkshire",G71,Glasgow
noun,57.25250973595941,-2.172827866824895,1664988325,3494,1999,23,Male,School,112,"Dyce, Aberdeen",Aberdeen,"Aberdeen North","North East (Aberdeen)"
noun,57.25293222001642,-2.1855292417409258,1664988411,3506,1996,26,Female,Y,113,"Bridge of Don, Aberdeen",Aberdeen,"Aberdeen North","North East (Aberdeen)"
noun,55.8149028863199,-4.30246277637179,1664988535,3510,1996,26,Female,Y,648,"Shawlands, Glasgow",Glasgow,"Glasgow South",Glasgow
noun,55.815700599762536,-4.315741200864592,1664988629,3460,1993,29,Female,Y,676,"Mosspark, Glasgow",Glasgow,"Glasgow Southwest",Glasgow
noun,54.78211774746388,-4.101712780870458,1664988708,3511,1996,26,Female,Y,218,Kirkcudbright,"Dumfries and Galloway",DG6,"Dumfries and Galloway"
noun,55.90405105771837,-2.501185006588372,1664988716,3370,1950,72,Male,Y,1423,Duns,"Scottish Borders",TD11,Borders
noun,56.38325528842726,-5.218240093983525,1664988723,3512,1973,49,Female,Y,1257,Oban,"Argyll and Bute",PA34,"Argyll and Bute"
noun,56.168301074461496,-3.6409285516928858,1664988725,3513,1957,65,Female,Y,397,Dollar,Clackmannanshire,FK14,"Stirling and Falkirk"
noun,55.89754020790704,-3.8881031701258717,1664988822,3515,1955,67,Female,Y,1192,Airdrie,"North Lanarkshire",ML6,Glasgow
noun,56.50243884304769,-3.3257473145406267,1664989055,3523,1998,24,Female,Y,1324,"Coupar Angus","Perth and Kinross",PH13,Fife
noun,58.49404020322216,-3.1763131984877577,1664989075,3527,1960,62,Female,Y,899,Wick,Highland,KW1,"Highlands (Inverness)"
noun,54.9032865919133,-3.770572455612997,1664989089,3522,1953,69,Female,N,215,Dalbeattie,"Dumfries and Galloway",DG5,"Dumfries and Galloway"
noun,55.92855196944861,-4.304312404333476,1664989150,3529,1983,39,Male,Y,488,Bearsden,"East Dunbartonshire",G61,Glasgow
noun,55.611556461678326,-4.640289252101307,1664989212,3537,1990,32,Male,Y,785,"Irvine (east, south: Perceton, Lawthorn, Girdle Toll, Stanecastle, Bourtreehill, Broomlands, Dreghorn, Springside)","North Ayrshire",KA11,Ayrshire
noun,55.934631425382484,-3.8020544241314616,1664989220,3531,1991,31,Female,N,382,Shieldhill, Falkirk,FK1,"Stirling and Falkirk"
noun,55.08898520425024,-3.216704188479932,1664989384,3525,1981,41,Male,Y,196,Lockerbie,"Dumfries and Galloway",DG11,"Dumfries and Galloway"
noun,56.27243990424519,-2.783367769635245,1664989513,3478,1974,48,Male,N,1114,"St Andrews",Fife,KY16,Fife
noun,55.77669287206682,-3.950002952186486,1664989577,3542,1982,40,Female,Y,1180,Wishaw,"North Lanarkshire",ML2,Glasgow
noun,55.838375439359595,-4.21085075644858,1664989669,3547,1985,37,Male,N,632,"Springburn, Glasgow",Glasgow,"Glasgow Northeast",Glasgow
noun,55.824979034766045,-4.271159941903086,1664989916,3549,1972,50,Female,Y,648,"Shawlands, Glasgow",Glasgow,"Glasgow South",Glasgow
noun,55.81245510663645,-3.9114705583152967,1664990024,3539,1984,38,Female,Y,1148,Cleland,"North Lanarkshire",ML1,Glasgow
noun,55.525596904230355,-3.6026034492587256,1664990342,3558,1970,52,Female,Y,1170,Biggar,"South Lanarkshire",ML12,Glasgow
noun,55.76423258807413,-4.078357633658584,1664990427,3559,1978,44,Male,Y,1183,Hamilton,"South Lanarkshire",ML3,Glasgow
noun,56.46733606280532,-2.857519090068464,1664990508,3556,1989,33,Female,Y,246,"West Ferry, Dundee",Dundee,"Dundee East","Tayside and Angus (Dundee)"
noun,55.985852470144565,-4.142231690130139,1664990649,3557,1994,28,Female,Y,509,Lenzie,"East Dunbartonshire",G66,Glasgow
noun,56.39152791773031,-3.331029644617456,1664990681,3566,1967,55,Female,N,1354,"Perth (south and east: Barnhill, Bridgend, Craigie, Kincarrathie, Upper Craigie)","Perth and Kinross",PH2,Fife
noun,56.01501415685479,-3.8757610799660003,1664990941,3581,1971,51,Female,Y,450,Stenhousemuir,Falkirk,FK5,"Stirling and Falkirk"
noun,55.97705759393114,-3.854756484770377,1664991091,3590,1965,57,Female,Y,379,California, Falkirk,FK1,"Stirling and Falkirk"
noun,55.91707104147366,-4.285113849273097,1664991140,3575,1966,56,Male,Y,481,"Lambhill, Glasgow",Glasgow,G23,Glasgow
noun,55.8448314394963,-4.22178230334719,1664991143,3588,1983,39,Female,Y,634,"Maryhill, Glasgow",Glasgow,"Glasgow Northeast",Glasgow
noun,55.58061480485711,-5.467001691327879,1664991256,3577,1989,33,Male,Y,1246,Campbeltown,"Argyll and Bute",PA28,"Argyll and Bute"
noun,56.031971845691984,-2.839975464545284,1664991283,3597,1996,26,Male,Y,347,Longniddry,"East Lothian",EH32,"Lothian (Edinburgh)"
noun,56.0786520036856,-3.365803099493028,1664991480,3602,1989,33,Male,N,1089,"Dalgety Bay",Fife,KY11,Fife
noun,56.17958114120424,-3.193279051908951,1664991559,3623,1949,73,Female,N,1130,Leslie,Fife,KY6,Fife
noun,57.19894293999172,-2.7781970447053346,1664991569,3604,1957,65,Female,N,29,Alford,Aberdeenshire,AB33,"North East (Aberdeen)"
noun,56.3444292187836,-3.3887920797952584,1664991689,3619,2003,19,Female,Y,1354,"Perth (south and east: Barnhill, Bridgend, Craigie, Kincarrathie, Upper Craigie)","Perth and Kinross",PH2,Fife
noun,55.85514887060098,-4.119149030516922,1664991750,3617,1993,29,Female,Y,602,"Baillieston, Glasgow",Glasgow,"Glasgow Northeast",Glasgow
noun,55.89697237133093,-4.293011766060299,1664991752,3616,1961,61,Female,N,605,"Ruchazie, Glasgow",Glasgow,"Glasgow Northeast",Glasgow
noun,56.90730968378497,-5.342265889764166,1664991957,3626,1973,49,Female,Y,1377,"Fort William",Highland,PH33,"Highlands (Inverness)"
noun,55.82303146075936,-4.307846948190506,1664991973,3625,1966,56,Male,Y,647,"Pollokshields, Glasgow",Glasgow,"Glasgow South",Glasgow
noun,55.95617574869903,-3.311945222292228,1664992106,3599,1966,56,Female,Y,304,"Cramond, Edinburgh",Edinburgh,"Edinburgh Northwest","Lothian (Edinburgh)"
noun,55.87784317224524,-3.1060871077355015,1664992229,3635,1999,23,Female,Y,328,Bonnyrigg,Midlothian,EH19,"Lothian (Edinburgh)"
noun,55.465475657289076,-4.594788697653535,1664992521,3659,1995,27,Other,Y,868,"Newton on Ayr","South Ayrshire",KA8,Ayrshire
noun,55.62203386650533,-4.446466379387427,1664992683,3650,1989,33,Female,Y,837,"Kilmarnock (north: Onthank, Townholm, Altonhill, Longpark, Beansburn, New Farm Loch, Knockinlaw, Hillhead, Crookedholm)","East Ayrshire",KA3,Ayrshire
noun,57.33115378301912,-4.3670454840915855,1664992695,3647,1998,24,Female,Y,713,Culloden,Highland,IV2,"Highlands (Inverness)"
noun,55.753488063710165,-4.936217545056886,1664992830,3638,1992,30,Female,Y,832,Millport,"North Ayrshire",KA28,Ayrshire
noun,58.50683263324681,-3.7233469037786424,1664992954,3660,1974,48,Female,Y,953,Reay,Highland,KW14,"Highlands (Inverness)"
noun,55.91692091240274,-4.762060598108563,1664992963,3663,1962,60,Female,N,1231,"Greenock (west: Bow Farm, Braeside, Branchton, Fort Matilda, Gateside, Greenock West, Overton, Pennyfern, Smithston)",Inverclyde,PA16,Glasgow
noun,55.51792107121812,-4.413874130019714,1664993015,3569,1978,44,Female,Y,848,Tarbolton,"South Ayrshire",KA5,Ayrshire
noun,55.95461310690614,-3.1991209957368514,1664993132,3670,1968,54,Male,Y,287,"Corstorphine, Edinburgh",Edinburgh,"Edinburgh North","Lothian (Edinburgh)"
noun,55.90873609896446,-4.871888600483562,1664993170,3663,1962,60,Female,N,1231,"Greenock (west: Bow Farm, Braeside, Branchton, Fort Matilda, Gateside, Greenock West, Overton, Pennyfern, Smithston)",Inverclyde,PA16,Glasgow
noun,55.96670585768458,-3.959261389441542,1664993186,3662,1984,38,Male,Y,514,"Cumbernauld (south: Condorrat, Lenziemill, Carbrain, Kildrum, Cumbernauld Village, Abronhill, Seafar)","North Lanarkshire",G67,Glasgow
noun,55.89553434360317,-4.884493887511261,1664993223,3672,1996,26,Male,Y,1231,"Greenock (west: Bow Farm, Braeside, Branchton, Fort Matilda, Gateside, Greenock West, Overton, Pennyfern, Smithston)",Inverclyde,PA16,Glasgow
noun,55.803770269642584,-4.106303138656564,1664993332,3666,1996,26,Female,Y,528,Blantyre,"South Lanarkshire",G72,Glasgow
noun,55.865753452781654,-4.071034003520512,1664993387,3681,1972,50,Female,Y,1189,Coatbridge,"North Lanarkshire",ML5,Glasgow
noun,55.90453742686272,-4.0464913087422225,1664993449,3664,1958,64,Female,N,1189,Coatbridge,"North Lanarkshire",ML5,Glasgow
noun,56.03192308953286,-2.827337819090087,1664993462,3669,1972,50,Female,Y,345,Gullane,"East Lothian",EH31,"Lothian (Edinburgh)"
noun,55.77642273168515,-3.8756798666936216,1664993483,3661,1966,56,Female,Y,1180,Wishaw,"North Lanarkshire",ML2,Glasgow
noun,55.821505641348715,-4.4373002559530565,1664993798,3671,1997,25,Female,Y,1236,"Paisley (south: Blackhall, Castlehead, Dykebar, Foxbar, Hunterhill, Meikleriggs)",Renfrewshire,PA2,Glasgow
noun,55.07462894382573,-4.96015259533924,1664994217,3698,1966,56,Female,Y,824,Girvan,"South Ayrshire",KA26,Ayrshire
noun,55.848498058179196,-4.807914071088354,1664994228,3700,1989,33,Female,Y,842,Largs,"North Ayrshire",KA30,Ayrshire
noun,55.9586638875298,-3.1695934265517147,1664994309,3692,1989,33,Male,N,294,"Stockbridge, Edinburgh",Edinburgh,"Edinburgh North","Lothian (Edinburgh)"
noun,55.95457029181614,-3.531217584104382,1664994412,3709,1971,51,Female,Y,371,Broxburn,"West Lothian",EH52,"Lothian (Edinburgh)"
noun,55.86798436160548,-3.1125048271773994,1664994443,3707,1973,49,Female,Y,328,Bonnyrigg,Midlothian,EH19,"Lothian (Edinburgh)"
noun,55.88709864563676,-4.311245283491167,1664994493,3687,1979,43,Female,Y,587,"Jordanhill, Glasgow",Glasgow,"Glasgow Kelvin",Glasgow
noun,55.762280804393285,-4.1407110571872545,1664994599,3712,1968,54,Female,Y,530,"East Kilbride (north: The Village, East Mains, West Mains, Lymekilns, St Leonards, Calderwood, Nerston, Stewartfield, Peel Park)","South Lanarkshire",G74,Glasgow
noun,56.4951919919606,-3.0379153122253766,1664994650,3711,1983,39,Male,Y,237,"Blackness, Dundee",Dundee,"Dundee Central","Tayside and Angus (Dundee)"
noun,55.95925031617545,-3.2568753699505932,1664994667,3717,1983,39,Female,Y,288,"Murrayfield, Edinburgh",Edinburgh,"Edinburgh North","Lothian (Edinburgh)"
noun,56.34840146591455,-3.347455756412205,1664994884,3721,1971,51,Male,Y,1354,"Perth (south and east: Barnhill, Bridgend, Craigie, Kincarrathie, Upper Craigie)","Perth and Kinross",PH2,Fife
noun,56.48890077289385,-3.016157435613777,1664994894,3719,1992,30,Male,Y,236,"Lochee, Dundee",Dundee,"Dundee Central","Tayside and Angus (Dundee)"
noun,55.69113453394886,-4.766018417801501,1664994902,3715,1998,24,Female,Y,812,Saltcoats,"East Ayrshire",KA21,Ayrshire
noun,56.489023150109034,-2.8307608759401504,1664995007,3725,1988,34,Male,Y,247,"Broughty Ferry, Dundee",Dundee,"Dundee East","Tayside and Angus (Dundee)"
noun,55.586906329713116,-4.414195340361175,1664995017,3734,1982,40,Female,Y,779,"Kilmarnock (centre and south: Bonnyton, Grange, Bellfield, Shortlees, Caprington, Riccarton, Hurlford)","East Ayrshire",KA1,Ayrshire
noun,60.265316066975664,-1.2168840830399226,1664995105,3730,1968,54,Female,N,1572,Leebotten,"Shetland Isles",ZE2,"Shetland Islands"
noun,55.44521154917208,-4.645323436172237,1664995196,3735,1993,29,Female,Y,856,"Ayr (Centre)","South Ayrshire",KA7,Ayrshire
noun,56.134688794142285,-4.7239326778228365,1664995204,3758,1987,35,Female,Y,559,Bonhill,"West Dunbartonshire",G83,"Argyll and Bute"
noun,56.49125512919657,-2.7571834872723637,1664995218,3744,1967,55,Female,Y,178,Carnoustie,Angus,DD7,"Tayside and Angus (Dundee)"
noun,55.849283196265255,-3.9958888922555316,1664995353,3749,1994,28,Female,Y,1189,Coatbridge,"North Lanarkshire",ML5,Glasgow
noun,55.96857397938176,-3.5290530090010908,1664995503,3755,1978,44,Female,Y,369,Linlithgow,"West Lothian",EH49,"Lothian (Edinburgh)"
noun,57.75939899261689,-4.233246425811926,1664995515,3764,1987,35,Female,Y,708,Invergordon,Highland,IV18,"Highlands (Inverness)"
noun,57.56139599025924,-3.154935661480702,1664995594,3768,1978,44,Female,Y,739,Fochabers,Moray,IV32,"North East (Aberdeen)"
noun,57.558597141069065,-3.430873660523201,1664995626,3762,1963,59,Female,N,740,Forres,Moray,IV36,"North East (Aberdeen)"
noun,56.647129023594324,-2.588498836651236,1664995630,3726,1993,29,Female,N,141,Arbroath,Angus,DD11,"Tayside and Angus (Dundee)"
noun,58.42488650002281,-3.7360110387379044,1664995677,3767,1994,28,Female,Y,941,Invernaver,Highland,KW14,"Highlands (Inverness)"
noun,56.253862493985,-2.9962482420095244,1664995762,3772,1979,43,Female,Y,1142,Methil,Fife,KY8,Fife
noun,56.477670133118565,-2.9178148249993328,1664995811,3774,1970,52,Female,Y,250,"Downfield, Dundee",Dundee,"Dundee North","Tayside and Angus (Dundee)"
noun,55.86871764029915,-4.214993912679184,1664995934,3778,1946,76,Female,Y,628,"Balornock, Glasgow",Glasgow,"Glasgow Northeast",Glasgow
noun,55.98907938900283,-3.6004352218647506,1664996047,825,1980,42,Female,Y,369,Linlithgow,"West Lothian",EH49,"Lothian (Edinburgh)"
noun,55.6410598907176,-4.7383023113133165,1664996100,3791,1998,24,Female,Y,811,Stevenston,"North Ayrshire",KA20,Ayrshire
noun,55.93171654890236,-4.252245807484726,1664996107,3783,1969,53,Female,Y,502,Bishopbriggs,"East Dunbartonshire",G64,Glasgow
noun,56.368990047441685,-5.3756551340429635,1664996242,3800,1995,27,Male,Y,1257,Oban,"Argyll and Bute",PA34,"Argyll and Bute"
noun,55.79329563451294,-4.503161411802033,1664996262,3777,1982,40,Female,Y,1236,"Paisley (south: Blackhall, Castlehead, Dykebar, Foxbar, Hunterhill, Meikleriggs)",Renfrewshire,PA2,Glasgow
noun,55.79434822548002,-4.318696203967138,1664996285,3795,1979,43,Female,Y,645,Clarkston,"East Renfrewshire","Glasgow South",Glasgow
noun,56.06652184097381,-3.2117250319508392,1664996397,3809,2004,18,Female,Y,1118,Aberdour,Fife,KY3,Fife
noun,58.452210777430395,-3.1053918814797634,1664996454,3797,1970,52,Female,Y,897,Watten,Highland,KW1,"Highlands (Inverness)"
noun,55.8886615577049,-4.3184269930936585,1664996459,3400,1960,62,Female,Y,588,"Broomhill, Glasgow",Glasgow,"Glasgow Kelvin",Glasgow
noun,56.79020643921918,-3.512112930949724,1664996545,3804,1981,41,Female,Y,1318,Blairgowrie,"Perth and Kinross",PH10,Fife
noun,57.53628662344495,-2.392291131915951,1664996582,3805,1996,26,Female,Y,78,Turriff,Aberdeenshire,AB53,"North East (Aberdeen)"
noun,55.57946718961549,-4.640339915134777,1664996594,3796,1996,26,Female,Y,785,"Irvine (east, south: Perceton, Lawthorn, Girdle Toll, Stanecastle, Bourtreehill, Broomlands, Dreghorn, Springside)","North Ayrshire",KA11,Ayrshire
noun,55.925834302739865,-3.2831151082142127,1664996912,3816,1969,53,Female,Y,262,"Wester Hailes, Edinburgh",Edinburgh,"Edinburgh Central","Lothian (Edinburgh)"
noun,56.02203535782683,-3.8665333245344162,1664997075,3819,1988,34,Female,Y,449,Larbert,Falkirk,FK5,"Stirling and Falkirk"
noun,55.85113165393705,-3.503556102031557,1664997127,3838,1998,24,Female,Y,375,Livingston,"West Lothian",EH54,"Lothian (Edinburgh)"
noun,55.84761498817985,-4.040384239035704,1664997137,3803,1983,39,Male,Y,1189,Coatbridge,"North Lanarkshire",ML5,Glasgow
noun,55.88329229344853,-4.333521861632329,1664997246,3825,1997,25,Female,Y,587,"Jordanhill, Glasgow",Glasgow,"Glasgow Kelvin",Glasgow
noun,56.039035560706694,-4.781384255416862,1664997296,3081,1996,26,Other,Y,566,Helensburgh,"Argyll and Bute",G84,"Argyll and Bute"
noun,55.9231154992686,-3.276724131672443,1664997342,3830,1970,52,Female,Y,262,"Wester Hailes, Edinburgh",Edinburgh,"Edinburgh Central","Lothian (Edinburgh)"
noun,57.72035772777138,-3.3328588967363975,1664997343,3832,1993,29,Female,Y,738,Lossiemouth,Moray,IV31,"North East (Aberdeen)"
noun,55.9097782442727,-3.133109035664929,1664997381,3834,1985,37,Female,Y,322,"Gilmerton, Edinburgh",Edinburgh,"Edinburgh Southeast","Lothian (Edinburgh)"
noun,57.619032329198646,-3.2204535859061836,1664997489,3837,1990,32,Female,Y,737,Elgin,Moray,IV30,"North East (Aberdeen)"
noun,55.63032817240048,-4.723545462641725,1664997559,3845,1998,24,Female,Y,811,Stevenston,"North Ayrshire",KA20,Ayrshire
noun,56.43032034589405,-3.422629153734913,1664997601,3861,1994,28,Female,Y,1354,"Perth (south and east: Barnhill, Bridgend, Craigie, Kincarrathie, Upper Craigie)","Perth and Kinross",PH2,Fife
noun,55.74424285764951,-4.16565578756627,1664997610,3850,1977,45,Female,Y,534,"East Kilbride (south: Hairmyres, Westwood, The Murray, Murray East, Whitehills, Greenhill, Newlandsmuir, Gardenhall, Crosshouse, Newlands, Lindsayfield, Mossneuk)","South Lanarkshire",G75,Glasgow
noun,57.6405677505677,-4.45033848261937,1664997666,3831,1981,41,Female,Y,705,Dingwall,Highland,IV15,"Highlands (Inverness)"
noun,55.9734331878486,-3.231327876177872,1664997737,3847,1960,62,Female,N,279,"Clermiston and Drumbrae, Edinburgh",Edinburgh,"Edinburgh Clermiston Granton","Lothian (Edinburgh)"
noun,55.938555275082585,-3.110533168227058,1664997876,3834,1985,37,Female,Y,322,"Gilmerton, Edinburgh",Edinburgh,"Edinburgh Southeast","Lothian (Edinburgh)"
noun,55.979298190340934,-3.254589455342335,1664997889,3847,1960,62,Female,N,279,"Clermiston and Drumbrae, Edinburgh",Edinburgh,"Edinburgh Clermiston Granton","Lothian (Edinburgh)"
noun,55.76755098908529,-4.182263716563957,1664998234,3876,1978,44,Female,Y,530,"East Kilbride (north: The Village, East Mains, West Mains, Lymekilns, St Leonards, Calderwood, Nerston, Stewartfield, Peel Park)","South Lanarkshire",G74,Glasgow
noun,55.95289152728417,-3.969426686054908,1664998381,3883,1990,32,Male,Y,514,"Cumbernauld (south: Condorrat, Lenziemill, Carbrain, Kildrum, Cumbernauld Village, Abronhill, Seafar)","North Lanarkshire",G67,Glasgow
noun,56.10846261001758,-3.2398576694951986,1664998424,3863,1978,44,Female,Y,1117,"Kirkcaldy (west: Hayfield, Templehall, Newliston, Chapel, Dunnikier, Bennochy)",Fife,KY2,Fife
noun,55.79684469536368,-3.974656676522387,1664998469,3881,1961,61,Female,Y,1151,Motherwell,"North Lanarkshire",ML1,Glasgow
noun,57.60799243650981,-4.231398806248638,1664998490,3886,1981,41,Female,Y,778,Avoch,Highland,IV9,"Highlands (Inverness)"
noun,55.9247732682586,-4.330735250157926,1664998536,3573,1998,24,Male,Y,488,Bearsden,"East Dunbartonshire",G61,Glasgow
noun,55.664743291871396,-3.976539440037339,1664998539,3894,1977,45,Female,Y,1217,Larkhall,"North Lanarkshire",ML9,Glasgow
noun,56.32903033506674,-3.4560611856359933,1664998701,3880,1988,34,Female,Y,1352,Meikleour,"Perth and Kinross",PH2,Fife
noun,55.813746564897826,-4.2555647671958425,1664998719,3878,1967,55,Female,Y,652,"King's Park, Glasgow",Glasgow,"Glasgow South",Glasgow
noun,55.937144637693514,-3.1729874150865616,1664998734,3898,1996,26,Male,Y,313,"Colinton, Edinburgh",Edinburgh,"Edinburgh South","Lothian (Edinburgh)"
noun,55.896984019884414,-3.8954708563408094,1664998746,3689,1982,40,Female,N,1192,Airdrie,"North Lanarkshire",ML6,Glasgow
noun,55.76737879287727,-4.131260661963067,1664998767,3891,1981,41,Female,Y,528,Blantyre,"South Lanarkshire",G72,Glasgow
noun,55.88773692767022,-4.15053054233028,1664998808,3888,1996,26,Female,Y,483,Stepps,"North Lanarkshire",G33,Glasgow
noun,55.74316607881149,-4.075901640026281,1664998810,3892,1988,34,Male,Y,1183,Hamilton,"South Lanarkshire",ML3,Glasgow
noun,56.11303714043695,-3.6158504607488657,1664998844,3907,1974,48,Female,N,1096,"Dunfermline (centre, north, west: Abbey Parks, Lady's Mill, Garvock, Headwell, Kingseathill, Wellwood, Milesmark, Baldridge, Pittencrieff, Baldridgeburn)",Fife,KY12,Fife
noun,57.11375667413767,-2.1821528079826975,1664999010,3909,1973,49,Male,Y,128,"Mannofield, Aberdeen",Aberdeen,"Aberdeen Southwest","North East (Aberdeen)"
noun,55.824544986200586,-4.533069586371314,1664999055,3905,1985,37,Female,N,1276,Johnstone,Renfrewshire,PA5,Glasgow
noun,55.94359160665843,-4.0598807260667025,1664999086,3818,1972,50,Female,N,517,"Cumbernauld (north: Balloch, Eastfield, Carrickstone, Smithstone, Blackwood, Westfield)","North Lanarkshire",G68,Glasgow
noun,55.974837829499535,-4.014738000021103,1664999185,3818,1972,50,Female,N,517,"Cumbernauld (north: Balloch, Eastfield, Carrickstone, Smithstone, Blackwood, Westfield)","North Lanarkshire",G68,Glasgow
noun,56.158918751642936,-3.2133277197706978,1664999187,3916,1965,57,Female,N,1117,"Kirkcaldy (west: Hayfield, Templehall, Newliston, Chapel, Dunnikier, Bennochy)",Fife,KY2,Fife
noun,55.92650659374703,-3.22081847235468,1664999390,3906,1996,26,Female,Y,313,"Colinton, Edinburgh",Edinburgh,"Edinburgh South","Lothian (Edinburgh)"
noun,57.37918682141094,-4.270056666196329,1664999401,3922,1971,51,Male,Y,714,"Inverness (east: Culcabock, Crown, Culduthel, Drummond, Haugh, Hilton, Holm, Lochardil, Millburn, Raigmore)",Highland,IV2,"Highlands (Inverness)"
noun,57.224645224961236,-2.2639578169745707,1664999417,3930,1976,46,Female,Y,112,"Dyce, Aberdeen",Aberdeen,"Aberdeen North","North East (Aberdeen)"
noun,55.890435540203455,-4.414527681952709,1664999455,3932,1986,36,Female,Y,1264,Renfrew,Renfrewshire,PA4,Glasgow
noun,57.583329418751305,-3.878958783266396,1664999501,3917,2000,22,Other,Y,702,Auldearn,Highland,IV12,"Highlands (Inverness)"
noun,55.61506881606972,-3.849955131465915,1664999636,3808,1980,42,Male,Y,1167,Lanark,"South Lanarkshire",ML11,Glasgow
noun,55.956035935211915,-3.80710114830568,1664999719,3939,1981,41,Female,Y,377,"Falkirk (centre and south: Arnothill, Bantaskin, Callendar Park, Glen Village, Hallglen, Lionthorn, Tamfourhill, Woodlands)",Falkirk,FK1,"Stirling and Falkirk"
noun,55.829988101706086,-4.2610939074545096,1664999766,3938,1984,38,Male,Y,645,Clarkston,"East Renfrewshire","Glasgow South",Glasgow
noun,55.81396623181893,-4.265070196578794,1664999804,3936,1969,53,Female,Y,653,"Netherlee, Glasgow",Glasgow,"Glasgow South",Glasgow
noun,55.84484371812402,-2.651685236679427,1664999875,3910,1967,55,Female,Y,1423,Duns,"Scottish Borders",TD11,Borders
noun,55.75724413594384,-4.126811260695829,1664999941,3943,1966,56,Female,Y,530,"East Kilbride (north: The Village, East Mains, West Mains, Lymekilns, St Leonards, Calderwood, Nerston, Stewartfield, Peel Park)","South Lanarkshire",G74,Glasgow
noun,55.78057167936031,-4.0421319341489,1664999983,3947,1958,64,Female,Y,1183,Hamilton,"South Lanarkshire",ML3,Glasgow
noun,55.90075462823605,-3.227930892702674,1664999996,3949,1994,28,Male,Y,319,"Blackford, Edinburgh",Edinburgh,"Edinburgh South","Lothian (Edinburgh)"
noun,55.66289421774528,-3.280851304562169,1665000076,3839,1972,50,Female,Y,362,Peebles,"Scottish Borders",EH45,Borders
noun,57.51591907660758,-4.3024770200828835,1665000076,3945,1997,25,Female,Y,698,"North Kessock",Highland,IV1,"Highlands (Inverness)"
noun,55.651626452354755,-4.057559511979186,1665000096,3935,1997,25,Female,Y,1160,Strathaven,"North Lanarkshire",ML10,Glasgow
noun,55.99070478399252,-3.3329366214641376,1665000108,3950,1971,51,Female,Y,306,"Queensferry, Edinburgh",Edinburgh,"Edinburgh Queensferry","Lothian (Edinburgh)"
noun,56.233964435643315,-4.488616367008816,1665000202,3934,1975,47,Female,Y,473,"Stirling (centre and west: Kings Park, Raploch, Riverside)",Stirlingshire,FK8,"Stirling and Falkirk"
noun,55.90241268860821,-3.3032118657885654,1665000215,3967,1980,42,Female,Y,308,"Liberton, Edinburgh",Edinburgh,"Edinburgh South","Lothian (Edinburgh)"
noun,55.857661897008924,-3.309539044300826,1665000291,3933,1996,26,Male,Y,314,"Morningside, Edinburgh",Edinburgh,"Edinburgh South","Lothian (Edinburgh)"
noun,55.94726979218198,-3.9400697232161255,1665000755,3969,1969,53,Female,Y,514,"Cumbernauld (south: Condorrat, Lenziemill, Carbrain, Kildrum, Cumbernauld Village, Abronhill, Seafar)","North Lanarkshire",G67,Glasgow
noun,55.916924178892785,-4.18865294084828,1665000757,3962,1983,39,Female,Y,502,Bishopbriggs,"East Dunbartonshire",G64,Glasgow
noun,56.50342417510377,-3.42072654815025,1665000805,3974,1986,36,Female,Y,1313,"Perth (north and west: Burghmuir, Cherrybank, Hillyland, Inveralmond, Lethom, Muirton, North Muirton, Tulloch)","Perth and Kinross",PH1,Fife
noun,57.07473183466599,-2.574975893936118,1665000943,3980,1983,39,Female,Y,22,Banchory,Aberdeenshire,AB31,"North East (Aberdeen)"
noun,56.804984339679066,-3.508874118709598,1665001238,3987,1989,33,Female,N,1318,Blairgowrie,"Perth and Kinross",PH10,Fife
noun,60.146129477087065,-1.3624665889091798,1665001239,3984,1977,45,Female,N,1501,Scalloway,"Shetland Isles",ZE1,"Shetland Islands"
noun,56.60424876224534,-3.9816911600056386,1665001281,3993,1981,41,Female,Y,1327,Aberfeldy,"Perth and Kinross",PH15,Fife
noun,56.19649139608065,-3.697796782884381,1665001460,3997,1976,46,Female,Y,397,Dollar,Clackmannanshire,FK14,"Stirling and Falkirk"
noun,55.87251264271374,-4.236250795489444,1665001515,3989,1977,45,Female,Y,620,"Mount Vernon, Glasgow",Glasgow,"Glasgow Northeast",Glasgow
noun,56.27227988259119,-3.399406859648412,1665001599,3928,1993,29,Female,Y,1354,"Perth (south and east: Barnhill, Bridgend, Craigie, Kincarrathie, Upper Craigie)","Perth and Kinross",PH2,Fife
noun,55.87763394624008,-4.130028526133135,1665001603,4003,1974,48,Female,Y,627,"Dennistoun, Glasgow",Glasgow,"Glasgow Northeast",Glasgow
noun,55.93721295315472,-4.22678027807075,1665001770,3999,1968,54,Female,Y,502,Bishopbriggs,"East Dunbartonshire",G64,Glasgow
noun,55.79222680334705,-3.536103391448871,1665001969,4016,1982,40,Female,Y,376,"West Calder","West Lothian",EH55,"Lothian (Edinburgh)"
noun,55.86213230408124,-3.302442398610196,1665001996,4032,2006,16,Female,School,316,"Bruntsfield, Edinburgh",Edinburgh,"Edinburgh South","Lothian (Edinburgh)"
noun,57.433091020165044,-4.387527519228546,1665002147,4022,1968,54,Female,Y,736,"Inverness (west: Ballifeary, Balnafettack, Clachnaharry, Dalneigh, Kinmylies, Leachkin, Merkinch, Muirtown, South Kessock)",Highland,IV3,"Highlands (Inverness)"
noun,55.54588839408489,-4.524384514750707,1665002177,3994,1971,51,Female,N,779,"Kilmarnock (centre and south: Bonnyton, Grange, Bellfield, Shortlees, Caprington, Riccarton, Hurlford)","East Ayrshire",KA1,Ayrshire
noun,56.16272344781596,-4.2554973413972155,1665002323,4023,1985,37,Male,Y,473,"Stirling (centre and west: Kings Park, Raploch, Riverside)",Stirlingshire,FK8,"Stirling and Falkirk"
noun,55.8293822732007,-4.32162036240677,1665002346,4035,1978,44,Female,Y,652,"King's Park, Glasgow",Glasgow,"Glasgow South",Glasgow
noun,55.77025372037293,-3.965300183888561,1665002543,4041,1989,33,Male,Y,1151,Motherwell,"North Lanarkshire",ML1,Glasgow
noun,55.84845278043503,-4.065080200981921,1665002664,4044,1981,41,Female,Y,598,Rutherglen,"South Lanarkshire","Glasgow Northeast",Glasgow
noun,56.10596909780315,-3.212699280525726,1665002808,3926,1971,51,Female,Y,1117,"Kirkcaldy (west: Hayfield, Templehall, Newliston, Chapel, Dunnikier, Bennochy)",Fife,KY2,Fife
noun,57.56915094221663,-3.4341738417086107,1665002853,4050,1996,26,Male,Y,737,Elgin,Moray,IV30,"North East (Aberdeen)"
noun,55.97215354768591,-3.2040247463382237,1665002862,4054,1981,41,Female,Y,287,"Corstorphine, Edinburgh",Edinburgh,"Edinburgh North","Lothian (Edinburgh)"
noun,57.163311712034535,-2.186629168210843,1665002954,4058,1957,65,Female,N,107,"Rosemount, Aberdeen",Aberdeen,"Aberdeen Central","North East (Aberdeen)"
noun,55.90078590485398,-3.2488916181065206,1665003107,4061,1994,28,Female,Y,305,"Oxgangs, Edinburgh",Edinburgh,"Edinburgh Oxgangs","Lothian (Edinburgh)"
noun,55.823621987848085,-3.99321665496688,1665003271,4064,1999,23,Male,Y,1186,Bellshill,"North Lanarkshire",ML4,Glasgow
noun,55.64098892414738,-2.747309723965143,1665003274,4065,1976,46,Female,Y,1413,Galashiels,"Scottish Borders",TD1,Borders
noun,55.81654713364352,-4.0856435929922155,1665003363,4070,1964,58,Female,Y,627,"Dennistoun, Glasgow",Glasgow,"Glasgow Northeast",Glasgow
noun,55.990513153316954,-3.483819945882303,1665003415,4043,1989,33,Male,Y,306,"Queensferry, Edinburgh",Edinburgh,"Edinburgh Queensferry","Lothian (Edinburgh)"
noun,55.90983312061974,-3.979635094791736,1665003426,2618,2002,20,Female,Y,1192,Airdrie,"North Lanarkshire",ML6,Glasgow
noun,55.8592289021525,-3.8934414862288995,1665003426,4051,1966,56,Female,N,1194,Caldercruix,"North Lanarkshire",ML6,Glasgow
noun,55.714815025909445,-3.572195040084141,1665003539,4078,1996,26,Female,Y,1167,Lanark,"South Lanarkshire",ML11,Glasgow
noun,57.16707253741158,-2.1571437625842447,1665003589,4069,1983,39,Male,N,98,"Northfield, Aberdeen",Aberdeen,"Aberdeen Central","North East (Aberdeen)"
noun,55.743360082511764,-4.18388616102833,1665003630,4083,1982,40,Female,Y,534,"East Kilbride (south: Hairmyres, Westwood, The Murray, Murray East, Whitehills, Greenhill, Newlandsmuir, Gardenhall, Crosshouse, Newlands, Lindsayfield, Mossneuk)","South Lanarkshire",G75,Glasgow
noun,55.96818814549838,-3.2578045640959497,1665003655,4079,1973,49,Female,Y,278,"Granton, Edinburgh",Edinburgh,"Edinburgh Clermiston Granton","Lothian (Edinburgh)"
noun,55.83334311355469,-4.291009000936025,1665003717,4034,1980,42,Female,Y,660,"Arden, Glasgow",Glasgow,"Glasgow South",Glasgow
noun,55.89948955074109,-4.380645225129651,1665003724,4084,1974,48,Female,N,546,Clydebank,"West Dunbartonshire",G81,Glasgow
noun,54.85040232503222,-3.9806682725259295,1665003746,4085,1982,40,Female,Y,218,Kirkcudbright,"Dumfries and Galloway",DG6,"Dumfries and Galloway"
noun,55.89061244331019,-4.471195918479727,1665003817,4090,1972,50,Female,Y,1264,Renfrew,Renfrewshire,PA4,Glasgow
noun,55.95137197566043,-3.147400775638509,1665003880,3877,1957,65,Male,N,281,"Portobello, Edinburgh",Edinburgh,"Edinburgh Duddingston","Lothian (Edinburgh)"
noun,57.72062360705699,-4.354771475429582,1665003912,4095,1974,48,Male,N,707,Alness,Highland,IV17,"Highlands (Inverness)"
noun,55.951592608602446,-4.129952682516194,1665003940,4087,1996,26,Male,Y,507,Kirkintilloch,"East Dunbartonshire",G66,Glasgow
noun,56.34091620840065,-3.044546438704679,1665004061,4096,1960,62,Female,Y,1104,Ceres,Fife,KY15,Fife
noun,55.837238768646664,-4.30138772066859,1665004185,4034,1980,42,Female,Y,660,"Arden, Glasgow",Glasgow,"Glasgow South",Glasgow
noun,57.388434103097005,-2.3127947694818136,1665004232,4110,1977,45,Female,Y,67,Oldmeldrum,Aberdeenshire,AB51,"North East (Aberdeen)"
noun,57.38961494502838,-2.1216933360675476,1665004305,4111,1983,39,Female,Y,49,Ellon,Aberdeenshire,AB41,"North East (Aberdeen)"
noun,59.024067113627765,-2.899330633741516,1665004320,4107,1978,44,Female,N,1025,"Orkney Islands",Orkney,KW17,"Orkney Islands"
noun,56.12257856998873,-3.230981826793212,1665004428,4101,1990,32,Female,Y,1117,"Kirkcaldy (west: Hayfield, Templehall, Newliston, Chapel, Dunnikier, Bennochy)",Fife,KY2,Fife
noun,56.40113902787015,-4.372318084505242,1665004430,4119,1980,42,Female,Y,438,Killin,Stirlingshire,FK21,"Stirling and Falkirk"
noun,55.907640969896434,-3.237248025501904,1665004440,4109,1985,37,Female,Y,314,"Morningside, Edinburgh",Edinburgh,"Edinburgh South","Lothian (Edinburgh)"
noun,55.76523750214338,-4.161608266268457,1665004474,4115,1989,33,Female,Y,530,"East Kilbride (north: The Village, East Mains, West Mains, Lymekilns, St Leonards, Calderwood, Nerston, Stewartfield, Peel Park)","South Lanarkshire",G74,Glasgow
noun,55.94315387934675,-3.210490334545558,1665004523,4126,1986,36,Female,Y,319,"Blackford, Edinburgh",Edinburgh,"Edinburgh South","Lothian (Edinburgh)"
noun,55.93007573373709,-3.225800940873959,1665004541,4118,1966,56,Female,Y,316,"Bruntsfield, Edinburgh",Edinburgh,"Edinburgh South","Lothian (Edinburgh)"
noun,56.69072984626392,-3.0074748948849592,1665004555,4124,1971,51,Male,Y,179,Forfar,Angus,DD8,"Tayside and Angus (Dundee)"
noun,56.48655530028489,-2.940232724824439,1665004582,4128,1972,50,Female,Y,255,"Fintry, Dundee",Dundee,"Dundee North","Tayside and Angus (Dundee)"
noun,55.74489212820622,-4.2285229125825605,1665004606,4127,1980,42,Female,Y,534,"East Kilbride (south: Hairmyres, Westwood, The Murray, Murray East, Whitehills, Greenhill, Newlandsmuir, Gardenhall, Crosshouse, Newlands, Lindsayfield, Mossneuk)","South Lanarkshire",G75,Glasgow
noun,56.48177938891328,-3.3864668688319997,1665004620,4130,1976,46,Male,Y,1353,Scone,"Perth and Kinross",PH2,Fife
noun,56.005368579609076,-3.6919281285326857,1665004654,4120,1954,68,Male,Y,439,Grangemouth,Falkirk,FK3,"Stirling and Falkirk"
noun,55.93895174159768,-4.108988463468202,1665004712,4087,1996,26,Male,Y,507,Kirkintilloch,"East Dunbartonshire",G66,Glasgow
noun,55.69685762317842,-4.0856760445492855,1665004780,4117,1962,60,Female,Y,1160,Strathaven,"North Lanarkshire",ML10,Glasgow
noun,55.79380272168628,-4.403248954887279,1665004829,4134,1977,45,Female,Y,541,Neilston,"East Renfrewshire",G78,Glasgow
noun,55.96970197948588,-3.228773039210364,1665004854,4112,1995,27,Female,Y,279,"Clermiston and Drumbrae, Edinburgh",Edinburgh,"Edinburgh Clermiston Granton","Lothian (Edinburgh)"
noun,55.85263555400502,-4.034488352539314,1665004953,4139,1975,47,Female,Y,1189,Coatbridge,"North Lanarkshire",ML5,Glasgow
noun,57.094127176351655,-4.451130110571151,1665004986,4140,1966,56,Female,Y,1376,"Fort Augustus",Highland,PH32,"Highlands (Inverness)"
noun,55.65537408424818,-4.802395209123047,1665005028,4142,1994,28,Female,Y,813,Ardrossan,"North Ayrshire",KA22,Ayrshire
noun,55.88562595436128,-3.3298563470894624,1665005154,4158,1964,58,Female,N,316,"Bruntsfield, Edinburgh",Edinburgh,"Edinburgh South","Lothian (Edinburgh)"
noun,55.93177751132637,-4.806876118251998,1665005224,4148,1975,47,Female,Y,1231,"Greenock (west: Bow Farm, Braeside, Branchton, Fort Matilda, Gateside, Greenock West, Overton, Pennyfern, Smithston)",Inverclyde,PA16,Glasgow
noun,55.54220985407615,-5.64423947848727,1665005233,4141,1971,51,Female,Y,1246,Campbeltown,"Argyll and Bute",PA28,"Argyll and Bute"
noun,56.244718542120104,-2.9495780427464777,1665005294,4131,1958,64,Female,N,1140,Leven,Fife,KY8,Fife
noun,55.885325701427135,-3.7263455380351624,1665005400,4143,1981,41,Male,Y,368,Bathgate,"West Lothian",EH48,"Lothian (Edinburgh)"
noun,55.79444419545261,-4.128298652290428,1665005448,4159,1984,38,Female,Y,528,Blantyre,"South Lanarkshire",G72,Glasgow
noun,55.686117739382155,-3.5173639343259655,1665005483,4013,1982,40,Female,Y,1163,Coalburn,"South Lanarkshire",ML11,Glasgow
noun,55.84409233924196,-4.465677524430527,1665005503,4161,1992,30,Female,Y,1220,"Paisley (central, east and north east: Ferguslie, Oldhall, Seedhill, Williamsburgh, Whitehaugh)",Renfrewshire,PA1,Glasgow
noun,55.94734011676593,-4.859685469459687,1665005774,4170,1977,45,Female,Y,1235,Gourock,Inverclyde,PA19,Glasgow
noun,55.94501307753159,-4.733791793748258,1665005828,4145,1976,46,Female,Y,1230,"Greenock (central and east: Bogston, Bridgend, Cartsdyke, Gibshill, Greenock Central, Ladyburn, Upper Ingleston)",Inverclyde,PA15,Glasgow
noun,55.74581198114639,-4.150536084965116,1665005852,4169,1990,32,Female,Y,534,"East Kilbride (south: Hairmyres, Westwood, The Murray, Murray East, Whitehills, Greenhill, Newlandsmuir, Gardenhall, Crosshouse, Newlands, Lindsayfield, Mossneuk)","South Lanarkshire",G75,Glasgow
noun,58.22049176754788,-6.373181250074548,1665005956,4176,1977,45,Female,Y,686,"Stornoway, Isle of Lewis","Western Isles",HS1,"Western Isles"
noun,57.26110751895271,-5.954817398905307,1665006008,4197,1968,54,Female,N,759,"Broadford, Isle of Skye",Highland,IV49,"Highlands (Inverness)"
noun,57.26545177629035,-4.954818932701053,1665006009,4175,2005,17,Male,School,743,Kiltarlity,Highland,IV4,"Highlands (Inverness)"
noun,55.8430307410628,-4.36962388700018,1665006179,4183,1957,65,Female,N,670,"Ibrox, Glasgow",Glasgow,"Glasgow Southwest",Glasgow
noun,55.89564636540138,-4.645196608785629,1665006200,4200,1994,28,Male,Y,1227,Kilmacolm,Inverclyde,PA13,Glasgow
noun,55.77719980179926,-4.167546832015039,1665006233,4189,1974,48,Male,Y,530,"East Kilbride (north: The Village, East Mains, West Mains, Lymekilns, St Leonards, Calderwood, Nerston, Stewartfield, Peel Park)","South Lanarkshire",G74,Glasgow
noun,55.814619824734265,-4.251700603490264,1665006270,4191,1980,42,Female,N,651,"Cathcart, Glasgow",Glasgow,"Glasgow South",Glasgow
noun,57.143894128175745,-6.233106299881656,1665006316,4195,1970,52,Female,Y,1392,Mallaig,Highland,PH41,"Highlands (Inverness)"
noun,56.315303584482386,-3.042679992190176,1665006329,4188,1990,32,Female,Y,1105,Cupar,Fife,KY15,Fife
noun,55.95704023521263,-3.9879093258410383,1665006472,4194,1977,45,Female,Y,514,"Cumbernauld (south: Condorrat, Lenziemill, Carbrain, Kildrum, Cumbernauld Village, Abronhill, Seafar)","North Lanarkshire",G67,Glasgow
noun,56.06480998171769,-3.5323219997825617,1665006691,4214,1982,40,Female,Y,1096,"Dunfermline (centre, north, west: Abbey Parks, Lady's Mill, Garvock, Headwell, Kingseathill, Wellwood, Milesmark, Baldridge, Pittencrieff, Baldridgeburn)",Fife,KY12,Fife
noun,57.20002115301435,-5.327804862677685,1665006776,4218,1981,41,Female,Y,746,"Kyle of Lochalsh",Highland,IV40,"Highlands (Inverness)"
noun,55.88943712382108,-4.32586366764804,1665006876,4210,1986,36,Female,Y,593,"West End, Glasgow",Glasgow,"Glasgow Kelvin",Glasgow
noun,55.735263676237345,-3.9896659489741224,1665006887,3894,1977,45,Female,Y,1217,Larkhall,"North Lanarkshire",ML9,Glasgow
noun,56.38667592637063,-3.407082422913404,1665006906,4225,1971,51,Female,Y,1354,"Perth (south and east: Barnhill, Bridgend, Craigie, Kincarrathie, Upper Craigie)","Perth and Kinross",PH2,Fife
noun,59.26385593514656,-2.862107926689342,1665006914,4242,1999,23,Male,Y,1025,"Orkney Islands",Orkney,KW17,"Orkney Islands"
noun,55.72796825200577,-4.695119937786626,1665006939,4202,1950,72,Female,N,815,Dalry,"North Ayrshire",KA24,Ayrshire
noun,55.91478243808907,-3.1798218691111653,1665006975,4235,1975,47,Female,Y,320,"Newington, Edinburgh",Edinburgh,"Edinburgh South","Lothian (Edinburgh)"
noun,55.4417050084421,-4.443204941369019,1665007105,4232,1977,45,Female,Y,851,Coylton,"South Ayrshire",KA6,Ayrshire
noun,58.47881011051649,-3.413997240674125,1665007105,4219,1993,29,Female,Y,900,"John O'Groats",Highland,KW1,"Highlands (Inverness)"
noun,55.91544638140868,-4.337251322841495,1665007240,4243,1970,52,Female,Y,488,Bearsden,"East Dunbartonshire",G61,Glasgow
noun,55.72351768360921,-3.921183103310236,1665007243,3894,1977,45,Female,Y,1217,Larkhall,"North Lanarkshire",ML9,Glasgow
noun,55.27141923467664,-4.409973469454751,1665007306,4224,1996,26,Female,Y,851,Coylton,"South Ayrshire",KA6,Ayrshire
noun,55.87648867711611,-4.2816569254685115,1665007307,4248,1979,43,Male,Y,591,"Hillhead, Glasgow",Glasgow,"Glasgow Kelvin",Glasgow
noun,55.73991697118586,-4.096671533295194,1665007460,4251,1994,28,Female,Y,1183,Hamilton,"South Lanarkshire",ML3,Glasgow
noun,55.92365419881487,-4.35316578103829,1665007472,4243,1970,52,Female,Y,488,Bearsden,"East Dunbartonshire",G61,Glasgow
noun,57.554877680384116,-3.556042337005557,1665007481,4250,1994,28,Female,Y,740,Forres,Moray,IV36,"North East (Aberdeen)"
noun,55.82639350470029,-4.257100177611943,1665007589,4254,1993,29,Female,Y,658,"Giffnock, Glasgow",Glasgow,"Glasgow South",Glasgow
noun,55.88815267235442,-3.775050076743332,1665007598,4258,1977,45,Female,Y,368,Bathgate,"West Lothian",EH48,"Lothian (Edinburgh)"
noun,56.08526298738853,-4.79406186486841,1665007726,4247,1982,40,Male,Y,566,Helensburgh,"Argyll and Bute",G84,"Argyll and Bute"
noun,55.81825554188417,-3.8764355648382773,1665007760,4261,1956,66,Male,N,1151,Motherwell,"North Lanarkshire",ML1,Glasgow
noun,55.93586780934529,-3.257653899939568,1665007809,4257,1976,46,Female,Y,267,"Sighthill, Edinburgh",Edinburgh,"Edinburgh Central","Lothian (Edinburgh)"
noun,55.80840547355812,-3.9186305897974987,1665007910,4262,1971,51,Male,Y,1151,Motherwell,"North Lanarkshire",ML1,Glasgow
noun,55.910543443820174,-4.878231661033125,1665007917,4148,1975,47,Female,Y,1231,"Greenock (west: Bow Farm, Braeside, Branchton, Fort Matilda, Gateside, Greenock West, Overton, Pennyfern, Smithston)",Inverclyde,PA16,Glasgow
noun,55.29476192043074,-4.394641554396714,1665007944,4267,1994,28,Female,Y,851,Coylton,"South Ayrshire",KA6,Ayrshire
noun,55.54824968272378,-4.650075350696193,1665008030,4270,1971,51,Female,Y,784,Troon,"South Ayrshire",KA10,Ayrshire
noun,55.95736922672801,-4.237050253491247,1665008322,4278,1973,49,Female,Y,502,Bishopbriggs,"East Dunbartonshire",G64,Glasgow
noun,55.94064516363696,-3.0719600493637502,1665008447,4280,1998,24,Female,Y,330,Musselburgh,"East Lothian",EH21,"Lothian (Edinburgh)"
noun,55.92264857506313,-3.500209937098893,1665008483,4274,1975,47,Female,Y,371,Broxburn,"West Lothian",EH52,"Lothian (Edinburgh)"
noun,55.96869041282435,-4.401568338380731,1665008487,4283,1963,59,Female,Y,546,Clydebank,"West Dunbartonshire",G81,Glasgow
noun,55.77635043135853,-5.060793527801891,1665008521,4284,1975,47,Female,Y,1237,"Isle of Bute","Argyll and Bute",PA20,"Argyll and Bute"
noun,55.74680056753442,-4.494700478598968,1665008596,4287,1981,41,Female,Y,540,Barrhead,"East Renfrewshire",G78,Glasgow
noun,57.6086141516792,-2.3406126630684976,1665008614,3805,1996,26,Female,Y,78,Turriff,Aberdeenshire,AB53,"North East (Aberdeen)"
noun,55.90483322684331,-3.307919225069177,1665008741,4275,1965,57,Female,Y,314,"Morningside, Edinburgh",Edinburgh,"Edinburgh South","Lothian (Edinburgh)"
noun,55.97523520308189,-4.682286183672016,1665009021,4292,1996,26,Female,Y,549,Dumbarton,"West Dunbartonshire",G82,Glasgow
noun,55.574622379661086,-4.445441516195206,1665009168,4291,1963,59,Female,Y,779,"Kilmarnock (centre and south: Bonnyton, Grange, Bellfield, Shortlees, Caprington, Riccarton, Hurlford)","East Ayrshire",KA1,Ayrshire
noun,55.92798853346109,-3.2651713207848525,1665009593,4295,1967,55,Female,Y,270,"Meadows and Southside, Edinburgh",Edinburgh,"Edinburgh Central","Lothian (Edinburgh)"
noun,55.80510622612251,-3.9697523755597115,1665009608,4299,1979,43,Male,Y,1151,Motherwell,"North Lanarkshire",ML1,Glasgow
noun,55.94958172356691,-3.9837438745249907,1665009880,4309,1962,60,Female,Y,514,"Cumbernauld (south: Condorrat, Lenziemill, Carbrain, Kildrum, Cumbernauld Village, Abronhill, Seafar)","North Lanarkshire",G67,Glasgow
noun,56.22200467814948,-2.9559543911920403,1665009943,4312,1987,35,Male,Y,1141,Largo,Fife,KY8,Fife
noun,56.17407367548729,-5.408126202354465,1665010039,4311,1990,32,Male,Y,1251,Cairnbaan,"Argyll and Bute",PA31,"Argyll and Bute"
noun,55.7739450181051,-4.133706279051935,1665010124,4306,1977,45,Female,Y,529,Cambuslang,"South Lanarkshire",G72,Glasgow
noun,55.55455977292987,-4.648561097172796,1665010222,4321,1981,41,Male,Y,784,Troon,"South Ayrshire",KA10,Ayrshire
noun,55.78742769426124,-4.610518103817354,1665010282,4308,1980,42,Male,Y,1226,Lochwinnoch,Renfrewshire,PA12,Glasgow
noun,57.56640901524245,-3.301660779904675,1665010415,4310,1995,27,Male,Y,737,Elgin,Moray,IV30,"North East (Aberdeen)"
noun,56.16888118860842,-3.8582926556573423,1665010654,4323,1970,52,Male,Y,405,Dunblane,Stirlingshire,FK15,"Stirling and Falkirk"
noun,56.03182818048032,-4.155368904072614,1665010655,4327,1990,32,Female,Y,499,Killearn,Stirlingshire,G63,"Stirling and Falkirk"
noun,55.97567129550073,-3.2102129845742966,1665010777,4330,1977,45,Female,Y,292,"Craigleith, Edinburgh",Edinburgh,"Edinburgh North","Lothian (Edinburgh)"
noun,56.454115973277695,-3.0014639437529187,1665010855,4329,1990,32,Female,Y,261,"Westend, Dundee",Dundee,"Dundee West","Tayside and Angus (Dundee)"
noun,57.260918728615984,-4.427615055571738,1665010968,4331,1968,54,Male,Y,714,"Inverness (east: Culcabock, Crown, Culduthel, Drummond, Haugh, Hilton, Holm, Lochardil, Millburn, Raigmore)",Highland,IV2,"Highlands (Inverness)"
noun,56.75132339042319,-2.5931466150870137,1665011136,4337,1999,23,Female,Y,137,Inverbervie,Aberdeenshire,DD10,"Tayside and Angus (Dundee)"
noun,56.477477046966015,-2.852095048928878,1665011398,4342,1972,50,Female,Y,248,"Barnhill, Dundee",Dundee,"Dundee East","Tayside and Angus (Dundee)"
noun,55.9614899078999,-3.6905008435095534,1665011589,4347,1993,29,Female,Y,422,"Falkirk (north: Grahamston, Middlefield, Westfield)",Falkirk,FK2,"Stirling and Falkirk"
noun,56.61745482095923,-5.54002323290753,1665011932,4326,1947,75,Male,Y,1377,"Fort William",Highland,PH33,"Highlands (Inverness)"
noun,55.6233048111821,-5.496390428422006,1665012183,4356,1995,27,Male,Y,1246,Campbeltown,"Argyll and Bute",PA28,"Argyll and Bute"
noun,59.088724527157495,-3.141630094100387,1665012622,4363,1999,23,Male,Y,1025,"Orkney Islands",Orkney,KW17,"Orkney Islands"
noun,57.71656442054645,-3.322389994239713,1665012896,4361,1968,54,Female,Y,738,Lossiemouth,Moray,IV31,"North East (Aberdeen)"
noun,55.95925902498146,-3.23030939522444,1665014045,4368,1965,57,Female,Y,278,"Granton, Edinburgh",Edinburgh,"Edinburgh Clermiston Granton","Lothian (Edinburgh)"
noun,57.615088289982836,-4.530393070475742,1665014107,4372,1994,28,Male,Y,704,Strathpeffer,Highland,IV14,"Highlands (Inverness)"
noun,56.685025055045344,-5.399114714600392,1665014792,4381,1983,39,Male,Y,1377,"Fort William",Highland,PH33,"Highlands (Inverness)"
noun,57.76864863077812,-4.6600999919947474,1665014966,4382,1991,31,Female,Y,707,Alness,Highland,IV17,"Highlands (Inverness)"
noun,56.04951897980897,-3.815137101114836,1665015380,4386,1995,27,Female,Y,425,Polmont, Falkirk,FK2,"Stirling and Falkirk"
noun,55.72921088230536,-4.2857199374631305,1665015715,4387,1949,73,Female,Y,535,Busby,"East Renfrewshire",G76,Glasgow
noun,55.85915064086195,-3.316063475720126,1665015994,4391,1955,67,Female,Y,314,"Morningside, Edinburgh",Edinburgh,"Edinburgh South","Lothian (Edinburgh)"
noun,57.43642672912009,-3.9749301422166545,1665016083,4389,1990,32,Other,Y,702,Auldearn,Highland,IV12,"Highlands (Inverness)"
noun,55.87506746101076,-4.131270127897484,1665017195,4395,1979,43,Female,Y,632,"Springburn, Glasgow",Glasgow,"Glasgow Northeast",Glasgow
noun,56.135898963789856,-4.580707197408321,1665019194,4399,1976,46,Female,Y,499,Killearn,Stirlingshire,G63,"Stirling and Falkirk"
noun,55.653737953544756,-4.2084758301145655,1665019302,4401,1999,23,Female,Y,1158,Glassford,"South Lanarkshire",ML10,Glasgow
noun,55.910948916126266,-4.220985926781715,1665019458,4400,1957,65,Female,Y,502,Bishopbriggs,"East Dunbartonshire",G64,Glasgow
noun,55.94400140159571,-3.262513223317115,1665019522,4392,1996,26,Male,Y,298,"Inverleith, Edinburgh",Edinburgh,"Edinburgh North","Lothian (Edinburgh)"
noun,55.823920415220336,-4.329032374709914,1665020106,4407,1968,54,Female,Y,645,Clarkston,"East Renfrewshire","Glasgow South",Glasgow
noun,55.87069492510597,-4.181891456220848,1665021049,4338,1971,51,Female,Y,634,"Maryhill, Glasgow",Glasgow,"Glasgow Northeast",Glasgow
noun,55.84801961118746,-4.435695668058099,1665021697,4411,1965,57,Female,Y,1248,Linwood,Renfrewshire,PA3,Glasgow
noun,55.974445665940245,-3.5378948405460275,1665024139,4414,1986,36,Male,Y,369,Linlithgow,"West Lothian",EH49,"Lothian (Edinburgh)"
noun,56.47261973611337,-2.8604300290071576,1665025831,4417,1974,48,Female,Y,247,"Broughty Ferry, Dundee",Dundee,"Dundee East","Tayside and Angus (Dundee)"
noun,55.94183533533093,-3.259315440478016,1665028171,4420,1980,42,Female,Y,297,"Blackhall, Edinburgh",Edinburgh,"Edinburgh North","Lothian (Edinburgh)"
noun,56.075912612926835,-3.79010201622375,1665032164,4432,1965,57,Female,N,430,Brightons,Falkirk,FK2,"Stirling and Falkirk"
noun,55.95261145100056,-4.121746214969455,1665032590,4434,1967,55,Female,N,508,Lennoxtown,"East Dunbartonshire",G66,Glasgow
noun,54.92577517154513,-5.132400200568751,1665034216,4443,1980,42,Male,Y,231,Stranraer,"Dumfries and Galloway",DG9,"Dumfries and Galloway"
noun,56.217431067004036,-3.0916313811337144,1665034560,4438,1976,46,Female,Y,1136,Star,Fife,KY7,Fife
noun,55.89867851663611,-4.1868888848681065,1665034821,4445,1962,60,Male,Y,632,"Springburn, Glasgow",Glasgow,"Glasgow Northeast",Glasgow
noun,55.80977939841089,-4.175494396105347,1665035368,4451,1982,40,Female,Y,529,Cambuslang,"South Lanarkshire",G72,Glasgow
noun,55.98661607407933,-4.8002625433336865,1665035452,4449,1965,57,Female,Y,566,Helensburgh,"Argyll and Bute",G84,"Argyll and Bute"
noun,55.74984837652914,-3.99197686791065,1665035580,4446,1956,66,Female,Y,1183,Hamilton,"South Lanarkshire",ML3,Glasgow
noun,55.76048028902169,-4.459094176639496,1665036090,4454,1963,59,Female,N,540,Barrhead,"East Renfrewshire",G78,Glasgow
noun,57.62409195938167,-4.409077634050975,1665036596,4460,1991,31,Male,N,705,Dingwall,Highland,IV15,"Highlands (Inverness)"
noun,56.370445798226335,-3.5641288344618753,1665036666,2711,1997,25,Female,Y,1345,Glencarse,"Perth and Kinross",PH2,Fife
noun,55.897980219192576,-4.3259041992948974,1665036669,4459,1979,43,Female,Y,592,"Dowanhill, Glasgow",Glasgow,"Glasgow Kelvin",Glasgow
noun,55.94924272736081,-3.1112336510512084,1665037263,4462,1991,31,Female,Y,281,"Portobello, Edinburgh",Edinburgh,"Edinburgh Duddingston","Lothian (Edinburgh)"
noun,55.908745276746245,-4.1728943111213574,1665037377,4208,1977,45,Male,Y,634,"Maryhill, Glasgow",Glasgow,"Glasgow Northeast",Glasgow
noun,55.95243396198417,-3.987524449161863,1665037695,4472,1974,48,Female,Y,514,"Cumbernauld (south: Condorrat, Lenziemill, Carbrain, Kildrum, Cumbernauld Village, Abronhill, Seafar)","North Lanarkshire",G67,Glasgow
noun,55.90918176972389,-4.470546997107961,1665037928,4470,1969,53,Male,N,1306,Erskine,Renfrewshire,PA8,Glasgow
noun,55.74193391371248,-4.1268167925231785,1665038464,4476,1973,49,Male,Y,534,"East Kilbride (south: Hairmyres, Westwood, The Murray, Murray East, Whitehills, Greenhill, Newlandsmuir, Gardenhall, Crosshouse, Newlands, Lindsayfield, Mossneuk)","South Lanarkshire",G75,Glasgow
noun,55.70658128271076,-3.995077416053709,1665038602,4480,1978,44,Male,N,1183,Hamilton,"South Lanarkshire",ML3,Glasgow
noun,56.267834996825414,-4.2988432079586785,1665038951,4477,1962,60,Female,Y,410,Callander,Stirlingshire,FK17,"Stirling and Falkirk"
noun,57.72698943410575,-4.461815791775925,1665039591,4483,1968,54,Male,N,707,Alness,Highland,IV17,"Highlands (Inverness)"
noun,56.34602777463378,-2.8826150467526763,1665039843,4485,1998,24,Female,Y,1114,"St Andrews",Fife,KY16,Fife
noun,57.23050642588361,-2.5595859222511876,1665039974,4110,1977,45,Female,Y,67,Oldmeldrum,Aberdeenshire,AB51,"North East (Aberdeen)"
noun,56.03899013535572,-4.91632966674471,1665040190,4490,1988,34,Male,Y,1241,Dunoon,"Argyll and Bute",PA23,"Argyll and Bute"
noun,55.60330240598963,-4.606465726424027,1665040477,4493,1990,32,Female,Y,785,"Irvine (east, south: Perceton, Lawthorn, Girdle Toll, Stanecastle, Bourtreehill, Broomlands, Dreghorn, Springside)","North Ayrshire",KA11,Ayrshire
noun,55.65227358327215,-5.529969539616988,1665040746,4495,1997,25,Female,Y,1246,Campbeltown,"Argyll and Bute",PA28,"Argyll and Bute"
noun,55.95280552302471,-4.293575323005916,1665042301,4506,1990,32,Female,Y,489,Milngavie,"East Dunbartonshire",G62,Glasgow
noun,56.45735620240733,-2.974239787401138,1665042600,4509,1982,40,Male,Y,261,"Westend, Dundee",Dundee,"Dundee West","Tayside and Angus (Dundee)"
noun,56.68430743147577,-2.5180512812718527,1665042691,4511,1998,24,Female,Y,137,Inverbervie,Aberdeenshire,DD10,"Tayside and Angus (Dundee)"
noun,55.905451999931444,-3.926448520085639,1665042849,4515,1987,35,Male,Y,1192,Airdrie,"North Lanarkshire",ML6,Glasgow
noun,55.00453958744171,-3.5627691237032217,1665042862,4499,1961,61,Female,N,186,"Dumfries (centre and east: Dalscone, Georgetown, Heathhall, Kingholm Quay, Noblehill, The Crichton)","Dumfries and Galloway",DG1,"Dumfries and Galloway"
noun,57.664774467249295,-3.134222479156846,1665042872,4512,2001,21,Female,Y,739,Fochabers,Moray,IV32,"North East (Aberdeen)"
noun,55.95925721083158,-3.889890636994572,1665042912,4516,1973,49,Male,Y,514,"Cumbernauld (south: Condorrat, Lenziemill, Carbrain, Kildrum, Cumbernauld Village, Abronhill, Seafar)","North Lanarkshire",G67,Glasgow
noun,55.873103665261866,-4.135866932606099,1665042926,4522,1990,32,Male,Y,598,Rutherglen,"South Lanarkshire","Glasgow Northeast",Glasgow
noun,55.809922337201996,-4.24989379213121,1665043065,4510,1969,53,Female,Y,645,Clarkston,"East Renfrewshire","Glasgow South",Glasgow
noun,55.79885189941521,-2.9127029893640537,1665043070,4518,1977,45,Male,Y,354,Heriot,"Scottish Borders",EH38,"Lothian (Edinburgh)"
noun,57.6023426209494,-4.156277711646257,1665043141,4521,1990,32,Male,Y,700,Fortrose,Highland,IV10,"Highlands (Inverness)"
noun,55.87647259160248,-4.422439782384998,1665043258,4523,1977,45,Male,Y,1248,Linwood,Renfrewshire,PA3,Glasgow
noun,55.978306158057386,-2.7885115076439013,1665043458,4505,1945,77,Female,N,355,"North Berwick","East Lothian",EH39,"Lothian (Edinburgh)"
noun,55.876643331839375,-3.2095329464574327,1665043571,4519,1958,64,Male,Y,313,"Colinton, Edinburgh",Edinburgh,"Edinburgh South","Lothian (Edinburgh)"
noun,55.29163617524394,-4.65621499469924,1665043754,4525,1998,24,Male,Y,806,Maybole,"South Ayrshire",KA19,Ayrshire
noun,55.84288853067344,-4.0680393408741615,1665043916,4529,2000,22,Male,Y,523,Bothwell,"South Lanarkshire",G71,Glasgow
noun,55.94312799551044,-4.352017003183023,1665043929,4526,1995,27,Female,Y,489,Milngavie,"East Dunbartonshire",G62,Glasgow
noun,55.61662604350001,-4.656149636027418,1665044234,4426,1990,32,Female,N,787,"Irvine (centre: Castlepark, Tarryholme)","North Ayrshire",KA12,Ayrshire
noun,55.81698038958764,-4.2892078958312325,1665044731,4455,1972,50,Female,Y,645,Clarkston,"East Renfrewshire","Glasgow South",Glasgow
noun,56.46603276250629,-3.0498582548365825,1665044900,4535,1949,73,Female,Y,243,"Hilltown, Dundee",Dundee,"Dundee Central","Tayside and Angus (Dundee)"
noun,56.0402491829104,-3.8480606706677563,1665045056,4539,1998,24,Female,Y,449,Larbert,Falkirk,FK5,"Stirling and Falkirk"
noun,56.69874741727429,-5.135814710497485,1665045440,4024,1971,51,Female,N,1377,"Fort William",Highland,PH33,"Highlands (Inverness)"
noun,57.06024620362091,-2.651131211437548,1665045463,3466,2003,19,Other,School,22,Banchory,Aberdeenshire,AB31,"North East (Aberdeen)"
noun,55.311940222008246,-3.4067436052682476,1665045595,4540,1971,51,Female,Y,189,Moffat,"Dumfries and Galloway",DG10,"Dumfries and Galloway"
noun,55.42281714774141,-4.722218083366554,1665046489,4550,1967,55,Male,Y,856,"Ayr (Centre)","South Ayrshire",KA7,Ayrshire
noun,55.928381581603375,-3.260565790678713,1665046559,4557,1974,48,Male,Y,264,"Slateford, Edinburgh",Edinburgh,"Edinburgh Central","Lothian (Edinburgh)"
noun,55.966993685123576,-2.9404332423184556,1665046858,4561,2000,22,Female,Y,348,Prestonpans,"East Lothian",EH32,"Lothian (Edinburgh)"
noun,55.97538792731227,-2.841690883441823,1665047036,4561,2000,22,Female,Y,348,Prestonpans,"East Lothian",EH32,"Lothian (Edinburgh)"
noun,57.12316655048061,-2.347509055912728,1665047057,4546,1978,44,Male,Y,128,"Mannofield, Aberdeen",Aberdeen,"Aberdeen Southwest","North East (Aberdeen)"
noun,55.82535161357119,-4.222400933056815,1665047153,4563,1976,46,Female,Y,651,"Cathcart, Glasgow",Glasgow,"Glasgow South",Glasgow
noun,56.06935716877238,-3.298485126692845,1665047348,4514,1995,27,Male,Y,1119,Burntisland,Fife,KY3,Fife
noun,55.88483908819696,-3.2742590002969134,1665048760,4571,1998,24,Other,Y,319,"Blackford, Edinburgh",Edinburgh,"Edinburgh South","Lothian (Edinburgh)"
noun,55.416721276993954,-4.7114286391530005,1665049177,4577,1990,32,Male,Y,856,"Ayr (Centre)","South Ayrshire",KA7,Ayrshire
noun,55.943264782435854,-4.240008644800713,1665049416,4578,1981,41,Female,Y,502,Bishopbriggs,"East Dunbartonshire",G64,Glasgow
noun,56.98778608931389,-2.3995337062160127,1665049594,4579,2003,19,Female,Y,48,Stonehaven,Aberdeenshire,AB39,"North East (Aberdeen)"
noun,55.7981138894141,-3.916998599273897,1665050164,4583,1961,61,Female,N,1151,Motherwell,"North Lanarkshire",ML1,Glasgow
noun,55.96952547733642,-2.962682612514397,1665050641,4594,2000,22,Female,Y,348,Prestonpans,"East Lothian",EH32,"Lothian (Edinburgh)"
noun,56.471697565922405,-2.899828682513063,1665050955,4595,1957,65,Female,Y,247,"Broughty Ferry, Dundee",Dundee,"Dundee East","Tayside and Angus (Dundee)"
noun,58.20848363028748,-6.377911654961015,1665050961,4591,1968,54,Female,Y,686,"Stornoway, Isle of Lewis","Western Isles",HS1,"Western Isles"
noun,57.11273586247868,-2.2970268204905895,1665051071,4590,1982,40,Male,Y,130,"Ferryhill, Aberdeen",Aberdeen,"Aberdeen Southwest","North East (Aberdeen)"
noun,55.89501626440928,-4.205234708480076,1665051092,4588,1988,34,Male,Y,598,Rutherglen,"South Lanarkshire","Glasgow Northeast",Glasgow
noun,55.85522401452926,-3.505360381791064,1665051285,4597,2002,20,Female,Y,375,Livingston,"West Lothian",EH54,"Lothian (Edinburgh)"
noun,55.85440281634041,-4.173055880457603,1665051374,4599,1980,42,Female,Y,619,"Tollcross, Glasgow",Glasgow,"Glasgow Northeast",Glasgow
noun,55.91678033713338,-5.171223977079854,1665051443,4284,1975,47,Female,Y,1237,"Isle of Bute","Argyll and Bute",PA20,"Argyll and Bute"
noun,55.53657641377411,-4.648609291964918,1665051776,4602,1987,35,Female,Y,784,Troon,"South Ayrshire",KA10,Ayrshire
noun,57.51325680953606,-4.061810566108164,1665051878,4584,1998,24,Male,Y,714,"Inverness (east: Culcabock, Crown, Culduthel, Drummond, Haugh, Hilton, Holm, Lochardil, Millburn, Raigmore)",Highland,IV2,"Highlands (Inverness)"
noun,55.77753615529227,-4.144384387112828,1665051998,4611,1986,36,Male,N,530,"East Kilbride (north: The Village, East Mains, West Mains, Lymekilns, St Leonards, Calderwood, Nerston, Stewartfield, Peel Park)","South Lanarkshire",G74,Glasgow
noun,55.95763999728785,-4.4575659287311336,1665052213,4608,2005,17,Female,School,546,Clydebank,"West Dunbartonshire",G81,Glasgow
noun,55.9378668745204,-3.5837802092482125,1665052429,4613,1990,32,Male,Y,367,Armadale,"West Lothian",EH48,"Lothian (Edinburgh)"
noun,55.910477759103415,-3.2985554551000553,1665052478,4614,1994,28,Female,Y,310,"Balerno, Edinburgh",Edinburgh,"Edinburgh South","Lothian (Edinburgh)"
noun,55.77932478854486,-4.674784092583569,1665052669,4618,1998,24,Female,N,1226,Lochwinnoch,Renfrewshire,PA12,Glasgow
noun,55.041394605592345,-3.2728887453083186,1665052800,4625,1992,30,Female,Y,196,Lockerbie,"Dumfries and Galloway",DG11,"Dumfries and Galloway"
noun,56.560251526064334,-3.0120599486176443,1665052801,4624,1990,32,Female,Y,179,Forfar,Angus,DD8,"Tayside and Angus (Dundee)"
noun,57.58159122132968,-3.1507478948420706,1665052893,4621,1981,41,Male,Y,739,Fochabers,Moray,IV32,"North East (Aberdeen)"
noun,55.90165495546604,-4.2033315208062145,1665052903,4631,1984,38,Female,Y,598,Rutherglen,"South Lanarkshire","Glasgow Northeast",Glasgow
noun,55.82689841852317,-4.336680226525489,1665053094,4630,1962,60,Female,Y,650,"Newlands, Glasgow",Glasgow,"Glasgow South",Glasgow
noun,55.87390774672681,-4.247692862972967,1665053179,4548,1972,50,Male,Y,591,"Hillhead, Glasgow",Glasgow,"Glasgow Kelvin",Glasgow
noun,55.933906765285585,-4.231383725485586,1665053241,4637,1991,31,Male,Y,502,Bishopbriggs,"East Dunbartonshire",G64,Glasgow
noun,57.49515779677002,-4.1406015491848445,1665053772,4639,1987,35,Female,Y,714,"Inverness (east: Culcabock, Crown, Culduthel, Drummond, Haugh, Hilton, Holm, Lochardil, Millburn, Raigmore)",Highland,IV2,"Highlands (Inverness)"
noun,56.51325920318866,-3.450813689673506,1665054042,4567,1954,68,Female,Y,1313,"Perth (north and west: Burghmuir, Cherrybank, Hillyland, Inveralmond, Lethom, Muirton, North Muirton, Tulloch)","Perth and Kinross",PH1,Fife
noun,56.476739756263584,-2.8517646715132967,1665054111,4641,1984,38,Female,Y,247,"Broughty Ferry, Dundee",Dundee,"Dundee East","Tayside and Angus (Dundee)"
noun,57.16588650429017,-4.586905963128796,1665054269,4644,1983,39,Male,Y,713,Culloden,Highland,IV2,"Highlands (Inverness)"
noun,55.8498093384585,-4.125344032449203,1665054663,4648,1968,54,Female,Y,598,Rutherglen,"South Lanarkshire","Glasgow Northeast",Glasgow
noun,56.451669066734276,-3.036985246840697,1665054762,4647,2004,18,Other,Y,260,"City centre, Dundee",Dundee,"Dundee West","Tayside and Angus (Dundee)"
noun,55.54755414244784,-4.14537499183275,1665055799,4661,1979,43,Female,Y,798,Cumnock,"East Ayrshire",KA18,Ayrshire
noun,56.39811794997443,-3.603787220615165,1665056351,4666,1979,43,Male,Y,1313,"Perth (north and west: Burghmuir, Cherrybank, Hillyland, Inveralmond, Lethom, Muirton, North Muirton, Tulloch)","Perth and Kinross",PH1,Fife
noun,57.67378725995735,-3.4637393003706407,1665056735,4670,1992,30,Female,Y,737,Elgin,Moray,IV30,"North East (Aberdeen)"
noun,55.89158935194244,-4.321205599954501,1665057139,4669,1992,30,Male,Y,592,"Dowanhill, Glasgow",Glasgow,"Glasgow Kelvin",Glasgow
noun,55.942196390502794,-4.720875318156357,1665057283,4681,1944,78,Male,N,1230,"Greenock (central and east: Bogston, Bridgend, Cartsdyke, Gibshill, Greenock Central, Ladyburn, Upper Ingleston)",Inverclyde,PA15,Glasgow
noun,55.86490536960261,-3.3373400940994578,1665057383,2748,1972,50,Female,Y,314,"Morningside, Edinburgh",Edinburgh,"Edinburgh South","Lothian (Edinburgh)"
noun,55.94847403189048,-3.913239930288247,1665057886,4682,1997,25,Female,N,514,"Cumbernauld (south: Condorrat, Lenziemill, Carbrain, Kildrum, Cumbernauld Village, Abronhill, Seafar)","North Lanarkshire",G67,Glasgow
noun,55.749961527802355,-4.099294362187565,1665058594,4683,1976,46,Female,Y,1183,Hamilton,"South Lanarkshire",ML3,Glasgow
noun,56.228357085588584,-3.050016297036602,1665061590,4702,1975,47,Female,N,1140,Leven,Fife,KY8,Fife
noun,57.57447498406653,-3.4109831296713957,1665062012,4447,1966,56,Male,Y,737,Elgin,Moray,IV30,"North East (Aberdeen)"
noun,56.06308765984142,-3.4775475117754033,1665062076,4705,1989,33,Female,Y,1096,"Dunfermline (centre, north, west: Abbey Parks, Lady's Mill, Garvock, Headwell, Kingseathill, Wellwood, Milesmark, Baldridge, Pittencrieff, Baldridgeburn)",Fife,KY12,Fife
noun,56.36507985717856,-3.4216382351654246,1665062131,4704,1967,55,Female,N,1354,"Perth (south and east: Barnhill, Bridgend, Craigie, Kincarrathie, Upper Craigie)","Perth and Kinross",PH2,Fife
noun,55.764817421133735,-4.503469470778659,1665063148,4709,1993,29,Male,Y,540,Barrhead,"East Renfrewshire",G78,Glasgow
noun,55.73573558813706,-4.190584202065623,1665063924,4710,1979,43,Female,Y,534,"East Kilbride (south: Hairmyres, Westwood, The Murray, Murray East, Whitehills, Greenhill, Newlandsmuir, Gardenhall, Crosshouse, Newlands, Lindsayfield, Mossneuk)","South Lanarkshire",G75,Glasgow
noun,56.484888290094496,-2.966423378363849,1665064449,4711,1963,59,Female,N,250,"Downfield, Dundee",Dundee,"Dundee North","Tayside and Angus (Dundee)"
noun,55.970897411466936,-3.1980016662623014,1665065491,4714,1986,36,Female,Y,288,"Murrayfield, Edinburgh",Edinburgh,"Edinburgh North","Lothian (Edinburgh)"
noun,56.15070931297417,-3.574013608481822,1665066226,4717,1970,52,Male,Y,1096,"Dunfermline (centre, north, west: Abbey Parks, Lady's Mill, Garvock, Headwell, Kingseathill, Wellwood, Milesmark, Baldridge, Pittencrieff, Baldridgeburn)",Fife,KY12,Fife
noun,60.81594833797353,-0.7926054309700241,1665066302,4695,1989,33,Female,Y,1587,Ollaberry,"Shetland Isles",ZE2,"Shetland Islands"
noun,56.052055983568444,-3.4704406952937705,1665066375,4719,1986,36,Female,Y,1090,"Dunfermline (south and east: Halbeath, Touch, Duloch, Masterton, Pitcorthie, Abbeyview, Brucefield, Hospital Hill, Camdean, Pitreavie)",Fife,KY11,Fife
noun,56.11689251080223,-3.223942040088824,1665067006,4580,1998,24,Female,Y,1117,"Kirkcaldy (west: Hayfield, Templehall, Newliston, Chapel, Dunnikier, Bennochy)",Fife,KY2,Fife
noun,55.74569593631505,-4.082421890080973,1665067440,4722,1945,77,Male,Y,1183,Hamilton,"South Lanarkshire",ML3,Glasgow
noun,58.36462958540269,-3.752267017899449,1665067623,4703,1992,30,Male,Y,913,Halkirk,Highland,KW12,"Highlands (Inverness)"
noun,56.475201466872214,-2.910294296009435,1665069179,4729,1997,25,Female,Y,247,"Broughty Ferry, Dundee",Dundee,"Dundee East","Tayside and Angus (Dundee)"
noun,56.22118057639255,-2.9610861452253006,1665069368,4730,1961,61,Female,Y,1141,Largo,Fife,KY8,Fife
noun,56.09267721089091,-3.645968899234336,1665069839,4731,1998,24,Female,Y,389,Tullibody,Clackmannanshire,FK10,"Stirling and Falkirk"
noun,55.957328905017164,-3.2204591310366752,1665071062,4739,1953,69,Male,Y,298,"Inverleith, Edinburgh",Edinburgh,"Edinburgh North","Lothian (Edinburgh)"
noun,55.8285688664031,-4.12980853796334,1665071571,4740,2011,11,Female,School,529,Cambuslang,"South Lanarkshire",G72,Glasgow
noun,55.87177438546588,-3.1570816994015156,1665072134,4744,1981,41,Female,Y,329,Loanhead,Midlothian,EH20,"Lothian (Edinburgh)"
noun,55.931209767715075,-2.548719310548192,1665072228,4746,1987,35,Female,Y,359,Dunbar,"East Lothian",EH42,"Lothian (Edinburgh)"
noun,57.112329692828474,-2.2693028033543516,1665072656,4751,2001,21,Female,Y,128,"Mannofield, Aberdeen",Aberdeen,"Aberdeen Southwest","North East (Aberdeen)"
noun,55.91832594597994,-4.0381843368814465,1665073108,4472,1974,48,Female,Y,514,"Cumbernauld (south: Condorrat, Lenziemill, Carbrain, Kildrum, Cumbernauld Village, Abronhill, Seafar)","North Lanarkshire",G67,Glasgow
noun,56.48343709404111,-3.0438976899231953,1665073652,4753,1987,35,Female,Y,238,"Menzieshill, Dundee",Dundee,"Dundee Central","Tayside and Angus (Dundee)"
noun,56.080526720167484,-3.5793931910208645,1665073724,4754,1976,46,Female,Y,1095,Culross,Fife,KY12,Fife
noun,58.42964435893845,-3.7573819217041855,1665074500,4755,1992,30,Male,Y,961,Thurso,Highland,KW14,"Highlands (Inverness)"
noun,55.799923442253,-3.702912351240375,1665074791,1157,1976,46,Male,N,364,Fauldhouse,"West Lothian",EH47,"Lothian (Edinburgh)"
noun,56.01963282885881,-4.4087088414884965,1665075469,4761,1967,55,Female,N,499,Killearn,Stirlingshire,G63,"Stirling and Falkirk"
noun,55.14627697860038,-4.91261773089052,1665076069,4764,2005,17,Female,N,824,Girvan,"South Ayrshire",KA26,Ayrshire
noun,55.51670069240501,-3.915698098595193,1665078217,4503,1967,55,Male,Y,1167,Lanark,"South Lanarkshire",ML11,Glasgow
noun,56.45678305230309,-3.5652987233395903,1665078900,4773,1990,32,Female,Y,1313,"Perth (north and west: Burghmuir, Cherrybank, Hillyland, Inveralmond, Lethom, Muirton, North Muirton, Tulloch)","Perth and Kinross",PH1,Fife
noun,55.95237424890928,-3.9769869169939813,1665078985,4472,1974,48,Female,Y,514,"Cumbernauld (south: Condorrat, Lenziemill, Carbrain, Kildrum, Cumbernauld Village, Abronhill, Seafar)","North Lanarkshire",G67,Glasgow
noun,56.52409150939482,-3.4224835269799723,1665080325,4785,1993,29,Male,Y,1313,"Perth (north and west: Burghmuir, Cherrybank, Hillyland, Inveralmond, Lethom, Muirton, North Muirton, Tulloch)","Perth and Kinross",PH1,Fife
noun,55.921184483259395,-4.656773172382867,1665080639,4791,1982,40,Male,N,1229,"Port Glasgow",Inverclyde,PA14,Glasgow
noun,57.30612515743862,-5.6380203926502785,1665081230,4794,1996,26,Female,Y,765,Plockton,Highland,IV52,"Highlands (Inverness)"
noun,55.55448154192687,-2.667281177742814,1665081382,4797,1981,41,Female,Y,1470,"St Boswells","Scottish Borders",TD6,Borders
noun,55.85737525078426,-4.348535947371939,1665081542,4795,1964,58,Female,Y,669,"Kennishead, Glasgow",Glasgow,"Glasgow Southwest",Glasgow
noun,55.96256165987303,-3.1968827057909937,1665081773,4798,1987,35,Female,Y,287,"Corstorphine, Edinburgh",Edinburgh,"Edinburgh North","Lothian (Edinburgh)"
noun,57.59919544005364,-4.581194209951923,1665082530,4809,1981,41,Female,Y,704,Strathpeffer,Highland,IV14,"Highlands (Inverness)"
noun,55.88138191595853,-4.036857630886524,1665082805,4819,1960,62,Female,Y,1189,Coatbridge,"North Lanarkshire",ML5,Glasgow
noun,55.91812419938773,-4.771501748755156,1665082875,4820,1996,26,Male,Y,1231,"Greenock (west: Bow Farm, Braeside, Branchton, Fort Matilda, Gateside, Greenock West, Overton, Pennyfern, Smithston)",Inverclyde,PA16,Glasgow
noun,55.95338402761569,-4.114530886308866,1665083062,4824,1969,53,Female,Y,507,Kirkintilloch,"East Dunbartonshire",G66,Glasgow
noun,55.867793609901845,-4.136065092110982,1665083156,4823,1950,72,Female,Y,628,"Balornock, Glasgow",Glasgow,"Glasgow Northeast",Glasgow
noun,55.82921287362179,-4.514590245514041,1665083335,4834,1979,43,Female,N,1276,Johnstone,Renfrewshire,PA5,Glasgow
noun,55.86767555948879,-4.275175849012231,1665083678,4847,1985,37,Male,Y,585,"Kelvindale, Glasgow",Glasgow,"Glasgow Kelvin",Glasgow
noun,56.06802427385205,-3.500957556003942,1665084066,4857,1993,29,Other,Y,1096,"Dunfermline (centre, north, west: Abbey Parks, Lady's Mill, Garvock, Headwell, Kingseathill, Wellwood, Milesmark, Baldridge, Pittencrieff, Baldridgeburn)",Fife,KY12,Fife
noun,57.55301823617372,-3.6352853408504324,1665084096,4862,1985,37,Male,Y,740,Forres,Moray,IV36,"North East (Aberdeen)"
noun,56.222348420219234,-3.2428387465534465,1665084113,4864,1972,50,Female,Y,1130,Leslie,Fife,KY6,Fife
noun,57.45421657489931,-2.574497969157111,1665084140,4859,1990,32,Male,Y,64,Inverurie,Aberdeenshire,AB51,"North East (Aberdeen)"
noun,55.825726736314614,-4.3091225773609825,1665084379,4861,1999,23,Female,Y,659,"Deaconsbank, Glasgow",Glasgow,"Glasgow South",Glasgow
noun,55.76171027845308,-4.2371673638210785,1665084383,1888,1969,53,Female,Y,530,"East Kilbride (north: The Village, East Mains, West Mains, Lymekilns, St Leonards, Calderwood, Nerston, Stewartfield, Peel Park)","South Lanarkshire",G74,Glasgow
noun,55.88004610189356,-3.2411417014756334,1665084593,4875,1961,61,Female,Y,308,"Liberton, Edinburgh",Edinburgh,"Edinburgh South","Lothian (Edinburgh)"
noun,55.58046715120842,-3.26154156475265,1665084857,4866,1985,37,Female,Y,362,Peebles,"Scottish Borders",EH45,Borders
noun,55.85904485212207,-4.328884595913226,1665084862,4880,1982,40,Male,Y,670,"Ibrox, Glasgow",Glasgow,"Glasgow Southwest",Glasgow
noun,55.87734219597306,-4.341984697317316,1665084905,4882,2001,21,Male,Y,643,"Anniesland, Glasgow",Glasgow,"Glasgow Northwest",Glasgow
noun,56.4925429291342,-2.765142483231769,1665084920,4849,1991,31,Female,Y,178,Carnoustie,Angus,DD7,"Tayside and Angus (Dundee)"
noun,56.46476540508066,-3.160556791160162,1665085435,4887,1990,32,Female,Y,1326,Inchture,"Perth and Kinross",PH14,Fife
noun,55.70087281014945,-4.039204314705602,1665085525,4885,1958,64,Female,Y,1160,Strathaven,"North Lanarkshire",ML10,Glasgow
noun,56.44254643869564,-3.429047698603828,1665085649,4895,1988,34,Female,Y,1353,Scone,"Perth and Kinross",PH2,Fife
noun,55.68290746662019,-4.232021720894524,1665085651,4885,1958,64,Female,Y,1160,Strathaven,"North Lanarkshire",ML10,Glasgow
noun,55.87804755981279,-4.039671155421043,1665085785,3749,1994,28,Female,Y,1189,Coatbridge,"North Lanarkshire",ML5,Glasgow
noun,55.94908260750745,-3.2282865521250503,1665085929,4899,1986,36,Female,Y,287,"Corstorphine, Edinburgh",Edinburgh,"Edinburgh North","Lothian (Edinburgh)"
noun,56.458153089184,-2.982910193817141,1665085945,4892,1991,31,Female,Y,261,"Westend, Dundee",Dundee,"Dundee West","Tayside and Angus (Dundee)"
noun,55.810459228127996,-4.2649209456428965,1665086095,4886,2008,14,Other,School,648,"Shawlands, Glasgow",Glasgow,"Glasgow South",Glasgow
noun,55.85083832744788,-4.272791343372907,1665086146,4909,1993,29,Female,Y,678,"Cardonald, Glasgow",Glasgow,"Glasgow Southwest",Glasgow
noun,55.76338055311135,-4.155956132566217,1665086858,4912,1970,52,Male,N,530,"East Kilbride (north: The Village, East Mains, West Mains, Lymekilns, St Leonards, Calderwood, Nerston, Stewartfield, Peel Park)","South Lanarkshire",G74,Glasgow
noun,55.938614915586015,-4.347062587487204,1665087270,4553,1961,61,Female,Y,489,Milngavie,"East Dunbartonshire",G62,Glasgow
noun,55.942705573975445,-3.243099343337262,1665087415,4920,1969,53,Male,Y,290,"North Leith, Edinburgh",Edinburgh,"Edinburgh North","Lothian (Edinburgh)"
noun,55.93389424229474,-4.3098092225941445,1665087723,4928,1985,37,Female,Y,489,Milngavie,"East Dunbartonshire",G62,Glasgow
noun,55.85414326220112,-3.315749317135467,1665087784,4923,1977,45,Male,Y,317,"Marchmont, Edinburgh",Edinburgh,"Edinburgh South","Lothian (Edinburgh)"
noun,55.8889430586319,-4.01591040543033,1665087859,4936,1969,53,Female,Y,1192,Airdrie,"North Lanarkshire",ML6,Glasgow
noun,57.36050602261711,-2.1936546717004792,1665087878,4919,1979,43,Male,Y,49,Ellon,Aberdeenshire,AB41,"North East (Aberdeen)"
noun,55.81674274328172,-4.15630949839824,1665087884,4935,1979,43,Female,Y,529,Cambuslang,"South Lanarkshire",G72,Glasgow
noun,55.79887241923705,-4.306161977429935,1665087991,4876,1984,38,Female,Y,659,"Deaconsbank, Glasgow",Glasgow,"Glasgow South",Glasgow
noun,56.92952375428006,-2.3625621143503546,1665088057,4942,2002,20,Other,Y,47,Newtonhill,Aberdeenshire,AB39,"North East (Aberdeen)"
noun,55.82809826971601,-4.191861892518572,1665088074,4935,1979,43,Female,Y,529,Cambuslang,"South Lanarkshire",G72,Glasgow
noun,55.83930699326587,-3.312475665386435,1665088087,4855,1972,50,Male,Y,343,Penicuik,Midlothian,EH26,"Lothian (Edinburgh)"
noun,55.88869357933712,-4.307317452738644,1665088119,4951,2001,21,Male,Y,588,"Broomhill, Glasgow",Glasgow,"Glasgow Kelvin",Glasgow
noun,55.790090551937894,-3.9669222399762383,1665088125,4934,1982,40,Female,Y,1151,Motherwell,"North Lanarkshire",ML1,Glasgow
noun,58.21603014701999,-6.368536595763549,1665088158,4940,1991,31,Female,Y,686,"Stornoway, Isle of Lewis","Western Isles",HS1,"Western Isles"
noun,55.89524607875996,-4.365540709146249,1665088232,4945,2003,19,Female,Y,641,"Knightswood, Glasgow",Glasgow,"Glasgow Northwest",Glasgow
noun,55.945110561194525,-4.933214233850764,1665088264,4943,1999,23,Female,Y,1241,Dunoon,"Argyll and Bute",PA23,"Argyll and Bute"
noun,55.84152765304029,-4.268980870960138,1665088361,4939,1961,61,Female,N,655,"Simshill, Glasgow",Glasgow,"Glasgow South",Glasgow
noun,56.32041222931301,-3.512857019016442,1665088362,4947,2005,17,Female,School,1354,"Perth (south and east: Barnhill, Bridgend, Craigie, Kincarrathie, Upper Craigie)","Perth and Kinross",PH2,Fife
noun,57.30695168327151,-3.9732806178651665,1665088377,4949,1996,26,Other,Y,703,Tomatin,Highland,IV13,"Highlands (Inverness)"
noun,55.909674763567295,-3.351243598021857,1665088854,4960,1967,55,Female,N,314,"Morningside, Edinburgh",Edinburgh,"Edinburgh South","Lothian (Edinburgh)"
noun,55.91122427971436,-4.461726179614281,1665089123,1639,1982,40,Female,Y,1306,Erskine,Renfrewshire,PA8,Glasgow
noun,56.537778024501876,-2.76703990310852,1665089167,4958,1963,59,Male,Y,178,Carnoustie,Angus,DD7,"Tayside and Angus (Dundee)"
noun,55.94112033865014,-4.202449871998812,1665089491,4969,1976,46,Female,Y,502,Bishopbriggs,"East Dunbartonshire",G64,Glasgow
noun,55.8758166032678,-4.2798036093701946,1665089863,4976,1988,34,Female,Y,588,"Broomhill, Glasgow",Glasgow,"Glasgow Kelvin",Glasgow
noun,58.460106228821324,-6.310107420564752,1665090045,4982,1990,32,Female,Y,688,"Isle of Lewis","Western Isles (outside of Stornoway)",HS2,"Western Isles"
noun,55.8042652236765,-4.329142962973341,1665090046,4980,1984,38,Male,Y,678,"Cardonald, Glasgow",Glasgow,"Glasgow Southwest",Glasgow
noun,55.95044717914939,-4.854345198532541,1665090185,4975,1996,26,Male,Y,1235,Gourock,Inverclyde,PA19,Glasgow
noun,56.48198638095857,-2.7708561809673187,1665090307,4978,1964,58,Female,Y,178,Carnoustie,Angus,DD7,"Tayside and Angus (Dundee)"
noun,56.333868845462554,-4.258454688616507,1665090434,4985,1987,35,Male,Y,414,Strathyre,Stirlingshire,FK18,"Stirling and Falkirk"
noun,56.20301141709964,-3.8546349085158806,1665090444,4981,1995,27,Male,Y,405,Dunblane,Stirlingshire,FK15,"Stirling and Falkirk"
noun,56.71401042611024,-3.0603670124152274,1665090550,4993,1996,26,Female,Y,179,Forfar,Angus,DD8,"Tayside and Angus (Dundee)"
noun,55.93618639492284,-3.2665445486419626,1665090591,4986,1988,34,Female,Y,287,"Corstorphine, Edinburgh",Edinburgh,"Edinburgh North","Lothian (Edinburgh)"
noun,55.849840789781474,-3.9806846956696207,1665090688,4990,1973,49,Female,Y,1192,Airdrie,"North Lanarkshire",ML6,Glasgow
noun,55.98365403796759,-3.61651473291197,1665090789,4991,1991,31,Female,Y,369,Linlithgow,"West Lothian",EH49,"Lothian (Edinburgh)"
noun,55.99538167366221,-3.6009767345229413,1665090860,4991,1991,31,Female,Y,369,Linlithgow,"West Lothian",EH49,"Lothian (Edinburgh)"
noun,55.886661650454755,-4.298622239319125,1665091014,4800,1985,37,Female,Y,590,"Hyndland, Glasgow",Glasgow,"Glasgow Kelvin",Glasgow
noun,56.52270808749724,-2.7013960717878,1665091088,4849,1991,31,Female,Y,178,Carnoustie,Angus,DD7,"Tayside and Angus (Dundee)"
noun,56.32806615109269,-3.0199104858160557,1665091116,4995,1985,37,Female,Y,1105,Cupar,Fife,KY15,Fife
noun,55.40031728233974,-5.574523747939515,1665091153,3577,1989,33,Male,Y,1246,Campbeltown,"Argyll and Bute",PA28,"Argyll and Bute"
noun,57.178053202034405,-3.1534690685347972,1665091156,4341,1986,36,Other,Y,40,Strathdon,Aberdeenshire,AB36,"North East (Aberdeen)"
noun,55.83483501241368,-4.3221347670060775,1665091189,4994,1960,62,Female,N,670,"Ibrox, Glasgow",Glasgow,"Glasgow Southwest",Glasgow
noun,56.52126357841863,-3.2404653891153723,1665091389,4999,1996,26,Other,Y,1324,"Coupar Angus","Perth and Kinross",PH13,Fife
noun,57.24113903638557,-3.058283799919787,1665091433,4341,1986,36,Other,Y,40,Strathdon,Aberdeenshire,AB36,"North East (Aberdeen)"
noun,55.82769994465916,-4.212957633159473,1665091453,5001,1987,35,Female,Y,646,"Burnside, Glasgow",Glasgow,"Glasgow South",Glasgow
noun,55.823243304345475,-4.199755268753375,1665091603,5005,1991,31,Male,Y,645,Clarkston,"East Renfrewshire","Glasgow South",Glasgow
noun,55.94143162928088,-4.414559164695519,1665091939,5011,1989,33,Female,Y,546,Clydebank,"West Dunbartonshire",G81,Glasgow
noun,56.99611410854783,-2.537222014938776,1665091996,5010,1997,25,Female,Y,22,Banchory,Aberdeenshire,AB31,"North East (Aberdeen)"
noun,55.46511927301001,-2.5092482064757498,1665092261,5013,2000,22,Female,Y,1486,Jedburgh,"Scottish Borders",TD8,Borders
noun,55.82366459004263,-3.8507467718565853,1665092695,5019,1985,37,Female,Y,1151,Motherwell,"North Lanarkshire",ML1,Glasgow
noun,55.00477385047304,-3.5405005264558262,1665092698,5022,1973,49,Female,Y,186,"Dumfries (centre and east: Dalscone, Georgetown, Heathhall, Kingholm Quay, Noblehill, The Crichton)","Dumfries and Galloway",DG1,"Dumfries and Galloway"
noun,55.94141572679211,-4.866666262756726,1665092772,5021,1964,58,Male,Y,1235,Gourock,Inverclyde,PA19,Glasgow
noun,55.94468270549974,-4.418912813398087,1665093058,5016,1970,52,Female,N,543,Duntocher,"West Dunbartonshire",G81,Glasgow
noun,56.471624006662296,-2.9528562427710434,1665093393,5028,1970,52,Female,Y,233,"Fairmuir, Dundee",Dundee,"Dundee Bluebelt","Tayside and Angus (Dundee)"
noun,56.1394772987795,-3.2948361323627218,1665093429,5029,1975,47,Female,Y,1125,Ballingry,Fife,KY5,Fife
noun,56.21892335354654,-3.1520086235193228,1665093597,5032,1956,66,Female,Y,1133,"Glenrothes (centre and east: Pitteuchar, Finglassie, Stenton, Auchmuty, Pitcoudie, Balfarg, Pircairn, Collydean)",Fife,KY7,Fife
noun,55.77115490580583,-4.205795659892275,1665093738,5038,1968,54,Male,Y,530,"East Kilbride (north: The Village, East Mains, West Mains, Lymekilns, St Leonards, Calderwood, Nerston, Stewartfield, Peel Park)","South Lanarkshire",G74,Glasgow
noun,55.84910097448405,-4.401815814923039,1665093824,4802,1992,30,Female,Y,1220,"Paisley (central, east and north east: Ferguslie, Oldhall, Seedhill, Williamsburgh, Whitehaugh)",Renfrewshire,PA1,Glasgow
noun,57.31962859224134,-2.12297608975401,1665094104,5039,1980,42,Male,Y,49,Ellon,Aberdeenshire,AB41,"North East (Aberdeen)"
noun,56.72423895139502,-2.7048248255958973,1665094479,5043,1986,36,Female,N,183,Edzell,Angus,DD9,"Tayside and Angus (Dundee)"
noun,56.14869694512259,-3.2062926423054354,1665094772,5047,1995,27,Female,Y,1117,"Kirkcaldy (west: Hayfield, Templehall, Newliston, Chapel, Dunnikier, Bennochy)",Fife,KY2,Fife
noun,56.8764003452987,-2.3981733713420557,1665095288,5049,1986,36,Female,Y,18,Laurencekirk,Aberdeenshire,AB30,"North East (Aberdeen)"
noun,55.84475299665028,-4.407907456921688,1665095354,4916,1953,69,Female,Y,1220,"Paisley (central, east and north east: Ferguslie, Oldhall, Seedhill, Williamsburgh, Whitehaugh)",Renfrewshire,PA1,Glasgow
noun,56.461927625578724,-2.9624926096635162,1665095772,5055,1988,34,Female,Y,250,"Downfield, Dundee",Dundee,"Dundee North","Tayside and Angus (Dundee)"
noun,55.88411996857209,-3.1283280640972033,1665095943,5050,1994,28,Female,Y,322,"Gilmerton, Edinburgh",Edinburgh,"Edinburgh Southeast","Lothian (Edinburgh)"
noun,55.88757882321154,-3.5448474397309275,1665096693,5067,1979,43,Female,Y,375,Livingston,"West Lothian",EH54,"Lothian (Edinburgh)"
noun,57.14478535453502,-2.2036247621285687,1665096725,5059,1977,45,Female,Y,112,"Dyce, Aberdeen",Aberdeen,"Aberdeen North","North East (Aberdeen)"
noun,55.893391438038925,-4.325648546606513,1665096817,5044,1990,32,Other,Y,597,"Yorkhill, Glasgow",Glasgow,"Glasgow Kelvin",Glasgow
noun,58.019844317312824,-6.438314197155391,1665097169,5069,1993,29,Female,Y,688,"Isle of Lewis","Western Isles (outside of Stornoway)",HS2,"Western Isles"
noun,55.867785440165285,-4.295755847443323,1665097299,5063,1999,23,Male,N,588,"Broomhill, Glasgow",Glasgow,"Glasgow Kelvin",Glasgow
noun,55.95847793757587,-3.1961561239928624,1665097336,5071,1989,33,Male,Y,297,"Blackhall, Edinburgh",Edinburgh,"Edinburgh North","Lothian (Edinburgh)"
noun,55.79271967556287,-4.316349826649148,1665098491,5080,1994,28,Male,Y,658,"Giffnock, Glasgow",Glasgow,"Glasgow South",Glasgow
noun,55.867571616000205,-4.257165681301053,1665098511,5084,1968,54,Female,Y,580,"Anderston, Glasgow",Glasgow,"Glasgow City Centre",Glasgow
noun,56.48746131365671,-2.7759691766305865,1665100867,5087,1968,54,Female,N,178,Carnoustie,Angus,DD7,"Tayside and Angus (Dundee)"
noun,57.052355652651045,-5.124452335584916,1665102365,5089,1991,31,Male,Y,1381,Invergarry,Highland,PH35,"Highlands (Inverness)"
noun,55.86409963777331,-3.20296289476637,1665103996,4992,1986,36,Female,Y,343,Penicuik,Midlothian,EH26,"Lothian (Edinburgh)"
noun,55.980805444387485,-3.180659323992376,1665104642,5090,1993,29,Female,Y,285,"Leith, Edinburgh",Edinburgh,"Edinburgh Leith","Lothian (Edinburgh)"
noun,58.22184278774054,-6.370898332895145,1665116669,5096,1989,33,Male,Y,686,"Stornoway, Isle of Lewis","Western Isles",HS1,"Western Isles"
noun,55.922791319702704,-4.431374889926051,1665119889,5101,1991,31,Male,N,546,Clydebank,"West Dunbartonshire",G81,Glasgow
noun,57.103136284628846,-2.0753336724938714,1665122059,5105,1976,46,Female,Y,5,"Cove Bay",Aberdeenshire,AB12,"North East (Aberdeen)"
noun,56.12487189073002,-3.553817647280944,1665122883,4717,1970,52,Male,Y,1096,"Dunfermline (centre, north, west: Abbey Parks, Lady's Mill, Garvock, Headwell, Kingseathill, Wellwood, Milesmark, Baldridge, Pittencrieff, Baldridgeburn)",Fife,KY12,Fife
noun,56.49484088719835,-2.8237551861722325,1665124868,5113,1977,45,Male,Y,247,"Broughty Ferry, Dundee",Dundee,"Dundee East","Tayside and Angus (Dundee)"
noun,56.47764650689305,-3.0152827976604617,1665125548,5115,1961,61,Female,Y,240,"Ardler, Dundee",Dundee,"Dundee Central","Tayside and Angus (Dundee)"
noun,56.8980765928642,-4.979268836183147,1665126607,5121,2002,20,Female,Y,1379,"Spean Bridge",Highland,PH34,"Highlands (Inverness)"
noun,56.43203279810693,-3.454872869607187,1665128503,5124,1966,56,Female,N,1338,"Bridge of Earn","Perth and Kinross",PH2,Fife
noun,55.462328291355,-4.282020786794471,1665129046,5137,2004,18,Male,N,802,"New Cumnock","East Ayrshire",KA18,Ayrshire
noun,55.31146673034547,-4.17707746063469,1665129746,5141,2004,18,Male,N,802,"New Cumnock","East Ayrshire",KA18,Ayrshire
noun,55.54437979057501,-4.6812056658184105,1665130001,5133,2000,22,Male,N,784,Troon,"South Ayrshire",KA10,Ayrshire
noun,58.22287367182396,-6.387333907237667,1665130338,5144,1991,31,Female,Y,686,"Stornoway, Isle of Lewis","Western Isles",HS1,"Western Isles"
noun,57.318996775693954,-4.151347749643925,1665131071,5145,1992,30,Female,Y,713,Culloden,Highland,IV2,"Highlands (Inverness)"
noun,55.52089994541719,-3.2678791561066607,1665131424,5146,1999,23,Female,N,362,Peebles,"Scottish Borders",EH45,Borders
noun,55.854554158748215,-4.361766480254237,1665132018,5149,1985,37,Female,N,662,"Battlefield, Glasgow",Glasgow,"Glasgow Southwest",Glasgow
noun,55.755742159983306,-4.126926114877076,1665132691,5152,1989,33,Male,Y,530,"East Kilbride (north: The Village, East Mains, West Mains, Lymekilns, St Leonards, Calderwood, Nerston, Stewartfield, Peel Park)","South Lanarkshire",G74,Glasgow
noun,55.75682520892438,-4.061499112948528,1665132851,5125,1954,68,Female,Y,1183,Hamilton,"South Lanarkshire",ML3,Glasgow
noun,56.068103990265776,-3.3696351121144805,1665133214,5154,1974,48,Male,Y,1089,"Dalgety Bay",Fife,KY11,Fife
noun,55.41691625369694,-4.682390885080225,1665133594,5157,1963,59,Female,Y,856,"Ayr (Centre)","South Ayrshire",KA7,Ayrshire
noun,56.05481161934278,-3.503515004493235,1665134390,5160,1995,27,Male,Y,1090,"Dunfermline (south and east: Halbeath, Touch, Duloch, Masterton, Pitcorthie, Abbeyview, Brucefield, Hospital Hill, Camdean, Pitreavie)",Fife,KY11,Fife
noun,56.4901518351184,-2.840789630027704,1665134760,5162,1966,56,Female,Y,249,Monifieth,Angus,"Dundee East","Tayside and Angus (Dundee)"
noun,55.71726074999744,-4.278962197219262,1665135584,5165,1991,31,Female,Y,537,Eaglesham,"East Renfrewshire",G76,Glasgow
noun,55.9715032123628,-3.2023188220225696,1665135954,5167,1955,67,Male,Y,288,"Murrayfield, Edinburgh",Edinburgh,"Edinburgh North","Lothian (Edinburgh)"
noun,57.157639224404534,-2.1502712596608085,1665137183,5188,2006,16,Male,School,100,"Cornhill, Aberdeen",Aberdeen,"Aberdeen Central","North East (Aberdeen)"
noun,55.925973863513356,-3.2866873374024013,1665137268,5178,1995,27,Female,Y,277,"Canongate, Edinburgh",Edinburgh,"Edinburgh Central","Lothian (Edinburgh)"
noun,57.864444452005344,-3.7779559887917578,1665137340,5180,1964,58,Female,Y,717,"Hill of Fearn",Highland,IV20,"Highlands (Inverness)"
noun,56.00487854289257,-3.701469908933639,1665137442,5185,1999,23,Female,Y,439,Grangemouth,Falkirk,FK3,"Stirling and Falkirk"
noun,57.157642026061396,-2.1744500425637203,1665137679,5191,2006,16,Female,School,103,"Woodside, Aberdeen",Aberdeen,"Aberdeen Central","North East (Aberdeen)"
noun,57.15612296822323,-2.0988161143778714,1665138169,5200,2006,16,Male,School,104,"Tillydrone, Aberdeen",Aberdeen,"Aberdeen Central","North East (Aberdeen)"
noun,55.859502375587745,-4.12893022438742,1665138169,5203,1996,26,Female,Y,632,"Springburn, Glasgow",Glasgow,"Glasgow Northeast",Glasgow
noun,55.8219124201119,-4.501283137017036,1665138230,5209,1987,35,Male,Y,1275,Elderslie,Renfrewshire,PA5,Glasgow
noun,55.83161489332323,-4.501843003613766,1665138423,5169,1977,45,Female,Y,1275,Elderslie,Renfrewshire,PA5,Glasgow
noun,56.471323077406,-3.0319306172350817,1665138463,5206,1992,30,Male,N,239,"Charleston, Dundee",Dundee,"Dundee Central","Tayside and Angus (Dundee)"
noun,55.83869272017842,-4.510130424895343,1665138598,5169,1977,45,Female,Y,1275,Elderslie,Renfrewshire,PA5,Glasgow
noun,55.8484094238258,-4.158973203150128,1665139208,5211,1951,71,Female,Y,627,"Dennistoun, Glasgow",Glasgow,"Glasgow Northeast",Glasgow
noun,55.81904541820791,-4.2389781375471465,1665139777,5214,1984,38,Female,Y,645,Clarkston,"East Renfrewshire","Glasgow South",Glasgow
noun,57.56272547702837,-3.5025311512117705,1665140152,170,2000,22,Male,Y,740,Forres,Moray,IV36,"North East (Aberdeen)"
noun,56.0993756797749,-3.5723692430603458,1665140544,3587,1971,51,Female,Y,1096,"Dunfermline (centre, north, west: Abbey Parks, Lady's Mill, Garvock, Headwell, Kingseathill, Wellwood, Milesmark, Baldridge, Pittencrieff, Baldridgeburn)",Fife,KY12,Fife
noun,56.238658455084696,-4.035374753824777,1665141124,5219,1989,33,Female,Y,405,Dunblane,Stirlingshire,FK15,"Stirling and Falkirk"
noun,56.971023979361114,-2.434663703082566,1665141629,5220,1986,36,Male,Y,48,Stonehaven,Aberdeenshire,AB39,"North East (Aberdeen)"
noun,55.89708632754719,-4.372921314909147,1665141675,5221,1970,52,Female,N,642,"Yoker, Glasgow",Glasgow,"Glasgow Northwest",Glasgow
noun,55.61203763580424,-4.666197894641204,1665141821,4426,1990,32,Female,N,787,"Irvine (centre: Castlepark, Tarryholme)","North Ayrshire",KA12,Ayrshire
noun,57.75888026001153,-4.16336465127653,1665142527,5222,1999,23,Female,Y,708,Invergordon,Highland,IV18,"Highlands (Inverness)"
noun,55.94964750249301,-3.132005283393576,1665142768,5230,1970,52,Male,N,281,"Portobello, Edinburgh",Edinburgh,"Edinburgh Duddingston","Lothian (Edinburgh)"
noun,55.6864345296196,-4.129368838887148,1665143634,5236,1984,38,Male,Y,1160,Strathaven,"North Lanarkshire",ML10,Glasgow
noun,56.022371027055854,-4.685346677156874,1665144363,5239,2000,22,Male,Y,566,Helensburgh,"Argyll and Bute",G84,"Argyll and Bute"
noun,55.83681349296013,-4.277618145938275,1665144897,5241,1955,67,Female,Y,650,"Newlands, Glasgow",Glasgow,"Glasgow South",Glasgow
noun,56.487719354170174,-3.110691632712789,1665145010,5245,1999,23,Other,Y,147,Lundie,Angus,DD2,"Tayside and Angus (Dundee)"
noun,58.17422029088595,-6.845388901541334,1665145183,5244,1949,73,Female,Y,688,"Isle of Lewis","Western Isles (outside of Stornoway)",HS2,"Western Isles"
noun,55.954344429167335,-3.1716761666084885,1665146911,5253,1966,56,Female,Y,264,"Slateford, Edinburgh",Edinburgh,"Edinburgh Central","Lothian (Edinburgh)"
noun,56.43338860271145,-3.4325305196434615,1665146991,5254,1989,33,Male,Y,1341,Errol,"Perth and Kinross",PH2,Fife
noun,55.91325323930197,-3.2831782789256043,1665147023,5255,1995,27,Female,N,264,"Slateford, Edinburgh",Edinburgh,"Edinburgh Central","Lothian (Edinburgh)"
noun,55.83241994203213,-4.259892664439808,1665149696,4909,1993,29,Female,Y,678,"Cardonald, Glasgow",Glasgow,"Glasgow Southwest",Glasgow
noun,55.84542171502677,-3.340146739141605,1665149863,5264,1964,58,Female,N,310,"Balerno, Edinburgh",Edinburgh,"Edinburgh South","Lothian (Edinburgh)"
noun,55.93855434775848,-3.221738974407764,1665150513,5266,1983,39,Female,Y,317,"Marchmont, Edinburgh",Edinburgh,"Edinburgh South","Lothian (Edinburgh)"
noun,55.80955054267092,-4.129071229688734,1665152923,5271,1997,25,Female,Y,528,Blantyre,"South Lanarkshire",G72,Glasgow
noun,55.85928732470471,-4.840043513193793,1665152940,4901,2007,15,Male,School,1233,Skelmorlie,"North Ayrshire",PA17,Ayrshire
noun,56.16262580200631,-4.967079269079888,1665153082,5270,1989,33,Female,Y,1242,Lochgoilhead,"Argyll and Bute",PA24,"Argyll and Bute"
noun,55.835548212624786,-4.145675751363559,1665153575,5273,1987,35,Male,Y,610,"Provanmill, Glasgow",Glasgow,"Glasgow Northeast",Glasgow
noun,55.82156203420785,-4.096705961173804,1665155038,5276,1950,72,Female,N,634,"Maryhill, Glasgow",Glasgow,"Glasgow Northeast",Glasgow
noun,57.31230994177602,-4.412956818662981,1665155650,5278,1984,38,Male,Y,714,"Inverness (east: Culcabock, Crown, Culduthel, Drummond, Haugh, Hilton, Holm, Lochardil, Millburn, Raigmore)",Highland,IV2,"Highlands (Inverness)"
noun,57.29699709760951,-4.841584450980514,1665156599,5281,1987,35,Female,Y,741,Beauly,Highland,IV4,"Highlands (Inverness)"
noun,55.970110549397745,-4.4124971171779555,1665156755,5290,1966,56,Female,Y,546,Clydebank,"West Dunbartonshire",G81,Glasgow
noun,55.82697780567477,-4.077622281868377,1665156865,5292,1991,31,Male,Y,523,Bothwell,"South Lanarkshire",G71,Glasgow
noun,55.79093737943537,-4.858338830256654,1665157022,5293,1993,29,Female,Y,842,Largs,"North Ayrshire",KA30,Ayrshire
noun,55.90764799847489,-4.2924071255086655,1665157796,5297,1998,24,Female,Y,480,"Summerston, Glasgow",Glasgow,G23,Glasgow
noun,55.88472173592019,-3.2748646523309572,1665158048,5300,1995,27,Female,Y,318,"The Grange, Edinburgh",Edinburgh,"Edinburgh South","Lothian (Edinburgh)"
noun,55.54763117741011,-4.602967468217908,1665159234,5303,1961,61,Female,N,782,Loans,"South Ayrshire",KA10,Ayrshire
noun,57.160402014488746,-2.0821198242761625,1665159304,5304,1959,63,Female,Y,107,"Rosemount, Aberdeen",Aberdeen,"Aberdeen Central","North East (Aberdeen)"
noun,55.558674425212445,-4.648579829646055,1665159412,5303,1961,61,Female,N,782,Loans,"South Ayrshire",KA10,Ayrshire
noun,55.534525445665494,-4.650730057708389,1665161665,5310,1985,37,Female,Y,784,Troon,"South Ayrshire",KA10,Ayrshire
noun,57.49663779057647,-1.913663039368396,1665163146,5317,1988,34,Female,Y,54,Peterhead,Aberdeenshire,AB42,"North East (Aberdeen)"
noun,55.90311296894602,-4.3798697301137945,1665164172,5318,2003,19,Male,Y,546,Clydebank,"West Dunbartonshire",G81,Glasgow
noun,55.780231319076485,-4.187742615504812,1665164926,5320,1972,50,Female,Y,530,"East Kilbride (north: The Village, East Mains, West Mains, Lymekilns, St Leonards, Calderwood, Nerston, Stewartfield, Peel Park)","South Lanarkshire",G74,Glasgow
noun,55.95567819655389,-3.1683971979052545,1665166734,5324,1975,47,Female,Y,270,"Meadows and Southside, Edinburgh",Edinburgh,"Edinburgh Central","Lothian (Edinburgh)"
noun,55.95755621287982,-4.776792420585454,1665170028,5334,1989,33,Male,Y,1231,"Greenock (west: Bow Farm, Braeside, Branchton, Fort Matilda, Gateside, Greenock West, Overton, Pennyfern, Smithston)",Inverclyde,PA16,Glasgow
noun,55.885230983896726,-4.301045551505392,1665170210,5336,1989,33,Male,Y,597,"Yorkhill, Glasgow",Glasgow,"Glasgow Kelvin",Glasgow
noun,56.11984237053937,-4.761220796456334,1665170748,5341,1983,39,Female,N,558,Balloch,"West Dunbartonshire",G83,"Argyll and Bute"
noun,55.75160097639671,-4.0479539181758275,1665170758,5340,1961,61,Male,Y,1183,Hamilton,"South Lanarkshire",ML3,Glasgow
noun,55.74288879547153,-4.077172021902311,1665170797,5340,1961,61,Male,Y,1183,Hamilton,"South Lanarkshire",ML3,Glasgow
noun,56.50052778361074,-2.7939371889702964,1665171328,5344,1993,29,Female,Y,246,"West Ferry, Dundee",Dundee,"Dundee East","Tayside and Angus (Dundee)"
noun,55.72764638573639,-3.2542603004785184,1665171727,5035,1968,54,Female,Y,362,Peebles,"Scottish Borders",EH45,Borders
noun,55.97936871490845,-4.119039911003947,1665172091,5329,1980,42,Female,Y,506,Kilsyth,"North Lanarkshire",G65,Glasgow
noun,58.210236995042806,-6.37634424704268,1665172745,5345,1957,65,Female,N,686,"Stornoway, Isle of Lewis","Western Isles",HS1,"Western Isles"
noun,55.81165671597921,-5.0592781819857215,1665174192,5354,1982,40,Female,Y,1237,"Isle of Bute","Argyll and Bute",PA20,"Argyll and Bute"
noun,55.893789258313085,-3.810910416057492,1665175381,5351,1993,29,Male,Y,368,Bathgate,"West Lothian",EH48,"Lothian (Edinburgh)"
noun,56.455602278001045,-2.991516400469776,1665176828,5362,1981,41,Female,Y,261,"Westend, Dundee",Dundee,"Dundee West","Tayside and Angus (Dundee)"
noun,55.9492282058003,-3.170536501965129,1665177450,5364,1980,42,Female,Y,281,"Portobello, Edinburgh",Edinburgh,"Edinburgh Duddingston","Lothian (Edinburgh)"
noun,55.95356383567,-4.596402439784286,1665178606,5366,1975,47,Male,Y,549,Dumbarton,"West Dunbartonshire",G82,Glasgow
noun,56.24330341792146,-2.655067575589825,1665178652,5370,1979,43,Female,Y,1086,Anstruther,Fife,KY10,Fife
noun,55.82895502478461,-4.277956353143675,1665179309,5374,1977,45,Female,Y,647,"Pollokshields, Glasgow",Glasgow,"Glasgow South",Glasgow
noun,55.962173112418014,-4.370032502502395,1665179423,5372,1976,46,Male,Y,489,Milngavie,"East Dunbartonshire",G62,Glasgow
noun,56.20788755169404,-3.5001697403573626,1665181060,5376,1996,26,Male,Y,1100,Scotlandwell,"Perth and Kinross",KY13,Fife
noun,55.941956820810894,-3.2659300240775124,1665181609,5378,1984,38,Male,N,287,"Corstorphine, Edinburgh",Edinburgh,"Edinburgh North","Lothian (Edinburgh)"
noun,55.92581881315726,-3.598513432964231,1665182031,5381,1958,64,Female,N,368,Bathgate,"West Lothian",EH48,"Lothian (Edinburgh)"
noun,57.015202489727095,-2.7884864606421407,1665182699,5382,1981,41,Female,Y,33,Aboyne,Aberdeenshire,AB34,"North East (Aberdeen)"
noun,55.90091292525168,-4.3291916422174515,1665183357,5383,1965,57,Male,Y,488,Bearsden,"East Dunbartonshire",G61,Glasgow
noun,55.87091066768153,-3.282982322968237,1665183501,5387,1994,28,Other,Y,309,"Cameron Toll, Edinburgh",Edinburgh,"Edinburgh South","Lothian (Edinburgh)"
noun,55.92479806410593,-4.314598863116472,1665183508,5383,1965,57,Male,Y,488,Bearsden,"East Dunbartonshire",G61,Glasgow
noun,55.840544275334366,-4.220250365951891,1665189384,5392,1961,61,Female,Y,634,"Maryhill, Glasgow",Glasgow,"Glasgow Northeast",Glasgow
noun,56.34439221081362,-3.328370417472091,1665197293,5342,2005,17,Other,N,1354,"Perth (south and east: Barnhill, Bridgend, Craigie, Kincarrathie, Upper Craigie)","Perth and Kinross",PH2,Fife
noun,55.857672549173536,-3.909057626723447,1665208950,5397,1967,55,Female,Y,1192,Airdrie,"North Lanarkshire",ML6,Glasgow
noun,58.256070591008374,-6.791592473208848,1665208951,5398,1998,24,Female,Y,688,"Isle of Lewis","Western Isles (outside of Stornoway)",HS2,"Western Isles"
noun,58.821772180621636,-3.084566468291125,1665214733,5401,1992,30,Female,Y,982,Stromness,Orkney,KW16,"Orkney Islands"
noun,55.238050064954244,-4.698995218903547,1665214789,5346,1956,66,Female,N,823,Turnberry,"South Ayrshire",KA26,Ayrshire
noun,55.894688990603164,-4.3316970620270165,1665215000,5403,1964,58,Male,Y,591,"Hillhead, Glasgow",Glasgow,"Glasgow Kelvin",Glasgow
noun,55.92170183235115,-4.422105267085788,1665217058,5406,1974,48,Male,Y,544,Faifley,"West Dunbartonshire",G81,Glasgow
noun,55.83403759799398,-4.850364097251187,1665220157,5415,1994,28,Male,Y,842,Largs,"North Ayrshire",KA30,Ayrshire
noun,55.92588256819471,-4.307806479836761,1665220292,5383,1965,57,Male,Y,488,Bearsden,"East Dunbartonshire",G61,Glasgow
noun,58.862169921148286,-3.3735662661151,1665220459,5416,1992,30,Female,Y,982,Stromness,Orkney,KW16,"Orkney Islands"
noun,55.87541455484119,-4.345190387456602,1665221760,5418,1991,31,Male,Y,638,"Drumchapel, Glasgow",Glasgow,"Glasgow Northwest",Glasgow
noun,55.96087088102823,-4.515524446345912,1665222332,5420,1994,28,Female,Y,549,Dumbarton,"West Dunbartonshire",G82,Glasgow
noun,56.057850157439084,-3.4491693131104135,1665225477,5425,1997,25,Female,Y,1090,"Dunfermline (south and east: Halbeath, Touch, Duloch, Masterton, Pitcorthie, Abbeyview, Brucefield, Hospital Hill, Camdean, Pitreavie)",Fife,KY11,Fife
noun,55.805881757279806,-4.314918427349331,1665228025,5426,1957,65,Male,Y,657,"Thornliebank, Glasgow",Glasgow,"Glasgow South",Glasgow
noun,55.84938935364677,-4.068214354388683,1665229124,5427,1996,26,Female,Y,1189,Coatbridge,"North Lanarkshire",ML5,Glasgow
noun,57.53217539448888,-6.232431890847634,1665231434,5430,2005,17,Male,Y,763,Portree,Highland,IV51,"Highlands (Inverness)"
noun,55.25878446389194,-3.877374616986245,1665231998,5431,2001,21,Female,Y,210,Thornhill,"Dumfries and Galloway",DG3,"Dumfries and Galloway"
noun,56.076444124796254,-3.924218488978814,1665234889,5437,1969,53,Female,Y,464,"Stirling (south and east: Braehead, Borestone, Broomridge, Torbrex)",Stirlingshire,FK7,"Stirling and Falkirk"
noun,55.80688545173867,-4.050262273155297,1665234983,5438,1984,38,Male,Y,525,Uddingston,"South Lanarkshire",G71,Glasgow
noun,55.942888457319974,-3.9506739853044937,1665235416,5441,1994,28,Female,Y,514,"Cumbernauld (south: Condorrat, Lenziemill, Carbrain, Kildrum, Cumbernauld Village, Abronhill, Seafar)","North Lanarkshire",G67,Glasgow
noun,55.93563738631402,-3.200538112573471,1665241097,5447,1984,38,Male,Y,314,"Morningside, Edinburgh",Edinburgh,"Edinburgh South","Lothian (Edinburgh)"
noun,55.560469935760814,-4.357449806732874,1665241817,5449,1988,34,Male,Y,843,Galston,"East Ayrshire",KA4,Ayrshire
noun,57.60353504259738,-1.9999321072213225,1665249248,5458,1992,30,Male,Y,57,Fraserburgh,Aberdeenshire,AB43,"North East (Aberdeen)"
noun,55.727225124282135,-4.200623447584985,1665252165,5461,1983,39,Female,N,534,"East Kilbride (south: Hairmyres, Westwood, The Murray, Murray East, Whitehills, Greenhill, Newlandsmuir, Gardenhall, Crosshouse, Newlands, Lindsayfield, Mossneuk)","South Lanarkshire",G75,Glasgow
noun,55.81166725669498,-4.251708006838819,1665252240,5463,2003,19,Female,Y,656,"Croftfoot, Glasgow",Glasgow,"Glasgow South",Glasgow
noun,56.20673812894066,-3.1758876689081417,1665255451,5467,1988,34,Female,N,1133,"Glenrothes (centre and east: Pitteuchar, Finglassie, Stenton, Auchmuty, Pitcoudie, Balfarg, Pircairn, Collydean)",Fife,KY7,Fife
noun,55.09342096848798,-3.5588588611433463,1665255707,5469,2007,15,Male,School,186,"Dumfries (centre and east: Dalscone, Georgetown, Heathhall, Kingholm Quay, Noblehill, The Crichton)","Dumfries and Galloway",DG1,"Dumfries and Galloway"
noun,57.08016892374168,-2.186400978754339,1665258147,5470,1964,58,Female,Y,13,"Tullos, Aberdeen",Aberdeen,AB12,"North East (Aberdeen)"
noun,56.38545453217679,-3.3822865907597617,1665258176,5471,2000,22,Female,Y,1354,"Perth (south and east: Barnhill, Bridgend, Craigie, Kincarrathie, Upper Craigie)","Perth and Kinross",PH2,Fife
noun,55.90130018968046,-3.530109405335299,1665258657,5474,1965,57,Female,Y,375,Livingston,"West Lothian",EH54,"Lothian (Edinburgh)"
noun,56.70286186786935,-3.1089184351714607,1665259256,5472,1957,65,Female,Y,179,Forfar,Angus,DD8,"Tayside and Angus (Dundee)"
noun,55.94481924579067,-4.278534430133283,1665261036,4928,1985,37,Female,Y,489,Milngavie,"East Dunbartonshire",G62,Glasgow
noun,58.244419258931565,-6.434966590382547,1665262640,5478,1990,32,Female,Y,688,"Isle of Lewis","Western Isles (outside of Stornoway)",HS2,"Western Isles"
noun,57.465874249405665,-1.8434942600000654,1665263209,5482,1968,54,Female,N,54,Peterhead,Aberdeenshire,AB42,"North East (Aberdeen)"
noun,55.95622589597529,-4.4345522212781425,1665264804,5485,1994,28,Male,Y,546,Clydebank,"West Dunbartonshire",G81,Glasgow
noun,55.821548556691354,-4.108005739947751,1665299013,5496,1957,65,Female,N,632,"Springburn, Glasgow",Glasgow,"Glasgow Northeast",Glasgow
noun,55.96706227994531,-3.1870963373072154,1665299811,5497,1966,56,Female,N,285,"Leith, Edinburgh",Edinburgh,"Edinburgh Leith","Lothian (Edinburgh)"
noun,57.95099595136022,-4.22362482208052,1665303833,5501,1975,47,Female,Y,726,Dornoch,Highland,IV25,"Highlands (Inverness)"
noun,55.95369246987918,-3.2680540320055296,1665304239,5503,1975,47,Female,Y,297,"Blackhall, Edinburgh",Edinburgh,"Edinburgh North","Lothian (Edinburgh)"
noun,55.91944676850072,-4.362404240767273,1665306356,5506,1982,40,Female,Y,643,"Anniesland, Glasgow",Glasgow,"Glasgow Northwest",Glasgow
noun,56.06187730756285,-3.7731149961186885,1665306602,5507,1975,47,Female,Y,425,Polmont, Falkirk,FK2,"Stirling and Falkirk"
noun,57.11791506149329,-2.27596398636357,1665306890,5508,1995,27,Female,Y,128,"Mannofield, Aberdeen",Aberdeen,"Aberdeen Southwest","North East (Aberdeen)"
noun,57.22342978516886,-2.2591117726904684,1665308907,5517,1986,36,Female,Y,124,Newmachar,Aberdeenshire,"Aberdeen North","North East (Aberdeen)"
noun,55.97957998506184,-2.6259642722568057,1665309073,5516,1999,23,Female,Y,359,Dunbar,"East Lothian",EH42,"Lothian (Edinburgh)"
noun,56.50198831990635,-3.327442337619463,1665316612,5525,1995,27,Other,Y,1324,"Coupar Angus","Perth and Kinross",PH13,Fife
noun,55.96434038003129,-4.48811394021623,1665318299,5528,1985,37,Female,Y,548,Cardross,"Argyll and Bute",G82,Glasgow
noun,56.46849261141986,-3.0266295288833516,1665320967,5533,1994,28,Female,Y,244,"Stobswell, Dundee",Dundee,"Dundee Central","Tayside and Angus (Dundee)"
noun,55.7689062151948,-4.165779619674678,1665320974,5532,1995,27,Male,Y,530,"East Kilbride (north: The Village, East Mains, West Mains, Lymekilns, St Leonards, Calderwood, Nerston, Stewartfield, Peel Park)","South Lanarkshire",G74,Glasgow
noun,55.84136860265447,-3.3587511955698006,1665320986,5534,1978,44,Female,Y,310,"Balerno, Edinburgh",Edinburgh,"Edinburgh South","Lothian (Edinburgh)"
noun,57.12410969972738,-2.2292098950662718,1665323863,5536,1992,30,Female,Y,132,"Peterculter, Aberdeen",Aberdeen,"Aberdeen Southwest","North East (Aberdeen)"
noun,57.73205240181368,-4.4490186549326936,1665324393,5537,1981,41,Male,Y,707,Alness,Highland,IV17,"Highlands (Inverness)"
noun,55.92946926927845,-3.276700652552448,1665327859,5541,1964,58,Female,Y,272,"New Town, Edinburgh",Edinburgh,"Edinburgh Central","Lothian (Edinburgh)"
noun,55.83155043394725,-4.274739077761029,1665340836,5552,1975,47,Male,Y,658,"Giffnock, Glasgow",Glasgow,"Glasgow South",Glasgow
noun,55.97153630345305,-4.546830494207353,1665343745,5557,1997,25,Male,Y,549,Dumbarton,"West Dunbartonshire",G82,Glasgow
noun,57.13918929554395,-2.069495605339876,1665347003,5562,1988,34,Female,N,126,"Bridge of Dee, Aberdeen",Aberdeen,"Aberdeen Southeast","North East (Aberdeen)"
noun,58.487288931109354,-6.275262196481108,1665352695,5478,1990,32,Female,Y,688,"Isle of Lewis","Western Isles (outside of Stornoway)",HS2,"Western Isles"
noun,56.949716717987755,-5.4249765905213225,1665353137,5121,2002,20,Female,Y,1379,"Spean Bridge",Highland,PH34,"Highlands (Inverness)"
noun,55.893340273475154,-4.459738449658585,1665355184,5570,1963,59,Female,N,1264,Renfrew,Renfrewshire,PA4,Glasgow
noun,55.94941497031621,-3.046817291159381,1665385155,5578,1953,69,Female,Y,330,Musselburgh,"East Lothian",EH21,"Lothian (Edinburgh)"
noun,55.92842189294064,-3.0679935691778706,1665385389,5578,1953,69,Female,Y,330,Musselburgh,"East Lothian",EH21,"Lothian (Edinburgh)"
noun,56.47221416664888,-2.8513740136818235,1665386653,5579,1977,45,Female,Y,247,"Broughty Ferry, Dundee",Dundee,"Dundee East","Tayside and Angus (Dundee)"
noun,55.90024345642028,-2.983705819936988,1665391026,5583,1981,41,Female,N,334,Dalkeith,Midlothian,EH22,"Lothian (Edinburgh)"
noun,56.49921996623632,-2.9608884261779176,1665391768,5307,1972,50,Male,Y,255,"Fintry, Dundee",Dundee,"Dundee North","Tayside and Angus (Dundee)"
noun,57.544476857603506,-2.0965258098281354,1665392156,5589,1998,24,Female,Y,54,Peterhead,Aberdeenshire,AB42,"North East (Aberdeen)"
noun,55.94087656415973,-4.53293498407968,1665392772,5586,1980,42,Female,Y,549,Dumbarton,"West Dunbartonshire",G82,Glasgow
noun,55.8347503835891,-4.202936302994294,1665393375,5595,1994,28,Female,Y,627,"Dennistoun, Glasgow",Glasgow,"Glasgow Northeast",Glasgow
noun,55.928137372695886,-4.215845985650569,1665404656,5598,1990,32,Male,Y,502,Bishopbriggs,"East Dunbartonshire",G64,Glasgow
noun,57.46760178564904,-4.255265199925243,1665415609,5605,1992,30,Male,Y,736,"Inverness (west: Ballifeary, Balnafettack, Clachnaharry, Dalneigh, Kinmylies, Leachkin, Merkinch, Muirtown, South Kessock)",Highland,IV3,"Highlands (Inverness)"
noun,56.01157001340148,-3.731521350997296,1665418084,5607,1971,51,Female,Y,439,Grangemouth,Falkirk,FK3,"Stirling and Falkirk"
noun,55.914885618956625,-3.2694386416522576,1665427671,5602,1963,59,Female,Y,316,"Bruntsfield, Edinburgh",Edinburgh,"Edinburgh South","Lothian (Edinburgh)"
noun,55.952500062631216,-4.590101085042827,1665430948,5586,1980,42,Female,Y,549,Dumbarton,"West Dunbartonshire",G82,Glasgow
noun,55.90014582012856,-4.246079601993056,1665434552,5620,1959,63,Other,Y,634,"Maryhill, Glasgow",Glasgow,"Glasgow Northeast",Glasgow
noun,55.80569717085734,-4.215602958209598,1665434679,5619,1989,33,Female,Y,571,"Castlemilk, Glasgow",Glasgow,"Glasgow Castlemilk",Glasgow
noun,55.91323808775589,-3.140336210649883,1665435020,5622,1964,58,Female,N,322,"Gilmerton, Edinburgh",Edinburgh,"Edinburgh Southeast","Lothian (Edinburgh)"
noun,55.83359960785969,-4.23335995715435,1665435781,5623,1978,44,Female,N,619,"Tollcross, Glasgow",Glasgow,"Glasgow Northeast",Glasgow
noun,55.89401037858866,-3.1296085412724763,1665436491,5622,1964,58,Female,N,322,"Gilmerton, Edinburgh",Edinburgh,"Edinburgh Southeast","Lothian (Edinburgh)"
noun,55.80453589196435,-4.17316761603354,1665439986,5628,1988,34,Female,Y,529,Cambuslang,"South Lanarkshire",G72,Glasgow
noun,55.72228238114142,-3.9136343566669956,1665450643,5632,1991,31,Female,Y,1217,Larkhall,"North Lanarkshire",ML9,Glasgow
noun,58.83522343547063,-2.911833853984039,1665467716,5635,1968,54,Female,Y,1025,"Orkney Islands",Orkney,KW17,"Orkney Islands"
noun,55.88528136571367,-3.6725386660632333,1665471864,3360,1963,59,Female,Y,368,Bathgate,"West Lothian",EH48,"Lothian (Edinburgh)"
noun,55.868849015789046,-4.297235915644065,1665473925,5639,1972,50,Female,N,644,"Partick, Glasgow",Glasgow,"Glasgow Northwest",Glasgow
noun,57.344101657012246,-2.1921085748882114,1665475559,5641,1976,46,Female,Y,51,Tarves,Aberdeenshire,AB41,"North East (Aberdeen)"
noun,55.84315750404535,-3.3750077886432552,1665479085,5646,1962,60,Male,Y,313,"Colinton, Edinburgh",Edinburgh,"Edinburgh South","Lothian (Edinburgh)"
noun,56.08356768156977,-3.2590465353549467,1665479678,5647,1998,24,Female,Y,1117,"Kirkcaldy (west: Hayfield, Templehall, Newliston, Chapel, Dunnikier, Bennochy)",Fife,KY2,Fife
noun,56.321157367251715,-4.706580801850732,1665486699,5651,1998,24,Female,Y,558,Balloch,"West Dunbartonshire",G83,"Argyll and Bute"
noun,55.63220827546948,-4.204023298965712,1665488140,5653,1984,38,Female,N,1160,Strathaven,"North Lanarkshire",ML10,Glasgow
noun,55.853491260790186,-3.897455136526901,1665489915,5657,1953,69,Female,N,1192,Airdrie,"North Lanarkshire",ML6,Glasgow
noun,55.881873826529386,-4.0510399554564565,1665495797,5660,2004,18,Female,Y,1189,Coatbridge,"North Lanarkshire",ML5,Glasgow
noun,55.85935827777212,-4.053978188110574,1665509068,5660,2004,18,Female,Y,1189,Coatbridge,"North Lanarkshire",ML5,Glasgow
noun,56.4235293375382,-2.842572413338278,1665511397,5674,1986,36,Female,Y,176,Tayport,Fife,DD6,"Tayside and Angus (Dundee)"
noun,55.81535984406576,-4.238735663398327,1665518032,5676,1974,48,Female,N,648,"Shawlands, Glasgow",Glasgow,"Glasgow South",Glasgow
noun,56.003158938942235,-4.473077799482655,1665563526,5681,1961,61,Female,Y,557,Alexandria,"West Dunbartonshire",G83,"Argyll and Bute"
noun,55.67258653551402,-4.606622601220183,1665574153,5682,1996,26,Female,Y,788,Kilwinning,"North Ayrshire",KA13,Ayrshire
noun,56.63219382350271,-3.1247912213166638,1665582579,5688,2003,19,Other,School,181,Kirriemuir,Angus,DD8,"Tayside and Angus (Dundee)"
noun,58.22095729633083,-6.392347883395214,1665582598,5689,1991,31,Female,Y,686,"Stornoway, Isle of Lewis","Western Isles",HS1,"Western Isles"
noun,55.56273375652523,-4.656155854243861,1665584408,5690,1990,32,Male,Y,784,Troon,"South Ayrshire",KA10,Ayrshire
noun,56.034914382654534,-4.543064760955052,1665585931,5693,1952,70,Female,Y,557,Alexandria,"West Dunbartonshire",G83,"Argyll and Bute"
noun,56.015028197063025,-3.861928596249168,1665608852,5700,1990,32,Female,Y,450,Stenhousemuir,Falkirk,FK5,"Stirling and Falkirk"
noun,55.55609606122442,-3.790194221182129,1665609082,5701,2002,20,Female,Y,1167,Lanark,"South Lanarkshire",ML11,Glasgow
noun,56.14453618698981,-3.435590703587617,1665659671,5709,1962,60,Female,Y,1124,Kelty,Fife,KY4,Fife
noun,55.57525878316992,-4.335408614251798,1665661912,5710,1994,28,Female,Y,795,Newmilns,"East Ayrshire",KA16,Ayrshire
noun,55.89898511488309,-4.334251731674524,1665664385,5711,1961,61,Female,Y,644,"Partick, Glasgow",Glasgow,"Glasgow Northwest",Glasgow
noun,55.76043822499357,-4.131729884946529,1665668011,5717,1969,53,Female,Y,528,Blantyre,"South Lanarkshire",G72,Glasgow
noun,55.83160451824374,-6.381151881238256,1665674598,5721,1966,56,Female,Y,1268,"Bridgend, Isle of Islay","Argyll and Bute",PA44,"Argyll and Bute"
noun,56.07973904571518,-3.405008570206434,1665697248,5727,1964,58,Female,Y,1092,Limekilns,Fife,KY11,Fife
noun,58.21765520470053,-6.378129306484924,1665701414,5730,1987,35,Female,Y,686,"Stornoway, Isle of Lewis","Western Isles",HS1,"Western Isles"
noun,56.62792377379373,-2.978117496911399,1665734354,5736,1993,29,Male,Y,181,Kirriemuir,Angus,DD8,"Tayside and Angus (Dundee)"
noun,56.97181276318275,-3.0228746998151266,1665745308,5740,1996,26,Other,N,33,Aboyne,Aberdeenshire,AB34,"North East (Aberdeen)"
noun,57.39311390005078,-6.22886886928669,1665759123,5743,1996,26,Female,Y,763,Portree,Highland,IV51,"Highlands (Inverness)"
noun,55.813515904605126,-4.467379635728858,1665760677,5745,1999,23,Female,Y,1236,"Paisley (south: Blackhall, Castlehead, Dykebar, Foxbar, Hunterhill, Meikleriggs)",Renfrewshire,PA2,Glasgow
noun,56.745842142064106,-2.948466930422974,1665784059,5751,1987,35,Female,Y,181,Kirriemuir,Angus,DD8,"Tayside and Angus (Dundee)"
noun,57.245433918665746,-2.127019963804389,1665812136,5756,1964,58,Female,Y,111,"Bucksburn, Aberdeen",Aberdeen,"Aberdeen North","North East (Aberdeen)"
noun,57.68993041759892,-3.281187432288152,1665824648,5761,1997,25,Male,Y,738,Lossiemouth,Moray,IV31,"North East (Aberdeen)"
noun,55.86588968273291,-4.372689118088627,1665827116,5762,1964,58,Female,Y,679,"Pollock, Glasgow",Glasgow,"Glasgow Southwest",Glasgow
noun,55.54995604985133,-4.644320116328517,1665835234,5779,1992,30,Male,Y,784,Troon,"South Ayrshire",KA10,Ayrshire
noun,55.979971603739436,-3.874333156792651,1665835459,5780,1995,27,Female,Y,443,Banknock, Falkirk,FK4,"Stirling and Falkirk"
noun,56.03562563214785,-4.854652782098977,1665835585,5786,1986,36,Male,N,566,Helensburgh,"Argyll and Bute",G84,"Argyll and Bute"
noun,55.94014632996704,-4.20175099915327,1665835707,5798,1985,37,Male,N,502,Bishopbriggs,"East Dunbartonshire",G64,Glasgow
noun,55.79870191358307,-4.579666770587066,1665835827,5804,1987,35,Male,Y,1308,Howwood,Renfrewshire,PA9,Glasgow
noun,55.789086569338046,-4.076426618211441,1665836403,5818,1973,49,Female,N,529,Cambuslang,"South Lanarkshire",G72,Glasgow
noun,55.85090556232457,-4.010664149553185,1665836417,5815,1978,44,Male,Y,1189,Coatbridge,"North Lanarkshire",ML5,Glasgow
noun,55.94270179247402,-3.148669032777989,1665836502,5809,1980,42,Male,N,280,"Duddingston, Edinburgh",Edinburgh,"Edinburgh Duddingston","Lothian (Edinburgh)"
noun,55.84504486031249,-4.113323260081553,1665837567,5828,1981,41,Male,Y,627,"Dennistoun, Glasgow",Glasgow,"Glasgow Northeast",Glasgow
noun,55.86069464503642,-2.9905737580209606,1665837670,5778,1970,52,Male,Y,338,Gorebridge,Midlothian,EH23,"Lothian (Edinburgh)"
noun,55.87765609093121,-4.8765262389524136,1665837978,5835,1994,28,Female,Y,1234,"Wemyss Bay",Inverclyde,PA18,Glasgow
noun,55.79100104976794,-4.029047990838827,1665839179,5844,1991,31,Female,Y,1151,Motherwell,"North Lanarkshire",ML1,Glasgow
noun,55.952533576852666,-4.215883027387035,1665840206,5848,1991,31,Male,N,502,Bishopbriggs,"East Dunbartonshire",G64,Glasgow
noun,56.598846112408786,-2.664626245498105,1665844528,5858,1982,40,Male,Y,141,Arbroath,Angus,DD11,"Tayside and Angus (Dundee)"
noun,56.354068926331514,-3.9826653960125533,1665844811,5863,1968,54,Male,Y,1399,Comrie,"Perth and Kinross",PH6,Fife
noun,55.903734330656114,-3.024167329440817,1665845630,5866,1959,63,Male,Y,334,Dalkeith,Midlothian,EH22,"Lothian (Edinburgh)"
noun,55.87054866234719,-4.08804039716674,1665849244,5876,1993,29,Female,Y,624,"Springboig, Glasgow",Glasgow,"Glasgow Northeast",Glasgow
noun,55.87006190907904,-4.152998188474443,1665857842,5889,1970,52,Female,Y,632,"Springburn, Glasgow",Glasgow,"Glasgow Northeast",Glasgow
noun,56.89280258219805,-2.2636390404856215,1665858167,5890,1999,23,Female,Y,48,Stonehaven,Aberdeenshire,AB39,"North East (Aberdeen)"
noun,55.869175951194954,-4.103022873397586,1665858284,5891,1996,26,Female,Y,623,"Shettleston, Glasgow",Glasgow,"Glasgow Northeast",Glasgow
noun,55.829651278321464,-4.159310691171296,1665875654,5900,1976,46,Female,Y,634,"Maryhill, Glasgow",Glasgow,"Glasgow Northeast",Glasgow
noun,55.86974349677327,-4.516660707377441,1665880469,5903,1986,36,Female,Y,1278,Houston,Renfrewshire,PA6,Glasgow
noun,55.93214738986576,-4.217857208215058,1665883555,5904,1995,27,Female,Y,502,Bishopbriggs,"East Dunbartonshire",G64,Glasgow
noun,55.82854525323441,-4.256970695985677,1665903069,5905,1989,33,Male,N,672,"Govan, Glasgow",Glasgow,"Glasgow Southwest",Glasgow
noun,55.82923213600086,-4.11239612764093,1665907538,5882,1966,56,Female,Y,598,Rutherglen,"South Lanarkshire","Glasgow Northeast",Glasgow
noun,57.111879239882484,-2.3315451883578566,1665909286,5907,1993,29,Male,Y,128,"Mannofield, Aberdeen",Aberdeen,"Aberdeen Southwest","North East (Aberdeen)"
noun,55.77438549233171,-4.251237312331898,1665915083,5894,1985,37,Female,Y,530,"East Kilbride (north: The Village, East Mains, West Mains, Lymekilns, St Leonards, Calderwood, Nerston, Stewartfield, Peel Park)","South Lanarkshire",G74,Glasgow
noun,55.792543635474615,-4.147059081157222,1665919717,5911,1957,65,Female,N,529,Cambuslang,"South Lanarkshire",G72,Glasgow
noun,55.992069372639214,-3.4865407733517166,1665948073,5692,1979,43,Male,Y,306,"Queensferry, Edinburgh",Edinburgh,"Edinburgh Queensferry","Lothian (Edinburgh)"
noun,55.88003224122461,-3.2566200412564545,1665952876,5915,1962,60,Male,Y,314,"Morningside, Edinburgh",Edinburgh,"Edinburgh South","Lothian (Edinburgh)"
noun,55.66301751823713,-4.619914286258704,1666000022,5837,1968,54,Male,Y,788,Kilwinning,"North Ayrshire",KA13,Ayrshire
noun,55.69905621726882,-4.18020569986149,1666004055,5919,1979,43,Male,Y,534,"East Kilbride (south: Hairmyres, Westwood, The Murray, Murray East, Whitehills, Greenhill, Newlandsmuir, Gardenhall, Crosshouse, Newlands, Lindsayfield, Mossneuk)","South Lanarkshire",G75,Glasgow
noun,56.740404743994006,-2.4881348256060902,1666011795,5922,1964,58,Female,Y,140,Montrose,Angus,DD10,"Tayside and Angus (Dundee)"
noun,56.704970226788355,-2.8113705582865576,1666018402,5925,1984,38,Female,Y,181,Kirriemuir,Angus,DD8,"Tayside and Angus (Dundee)"
noun,57.57671283672013,-2.371547354626235,1666021243,5917,1939,83,Female,N,78,Turriff,Aberdeenshire,AB53,"North East (Aberdeen)"
noun,55.97702824367801,-3.356835181852925,1666042975,5692,1979,43,Male,Y,306,"Queensferry, Edinburgh",Edinburgh,"Edinburgh Queensferry","Lothian (Edinburgh)"
noun,55.8464927351814,-3.9935974881942617,1666044872,5933,1982,40,Male,Y,1192,Airdrie,"North Lanarkshire",ML6,Glasgow
noun,55.252633957658055,-4.633930206858738,1666075043,5935,1965,57,Female,Y,824,Girvan,"South Ayrshire",KA26,Ayrshire
noun,57.4324782589401,-4.439592868894818,1666134729,5942,1991,31,Male,Y,761,Inchmore,Highland,IV5,"Highlands (Inverness)"
noun,56.74777185248501,-2.906042429743612,1666183079,5947,2003,19,Female,School,181,Kirriemuir,Angus,DD8,"Tayside and Angus (Dundee)"
noun,56.22597220842517,-3.192007805532704,1666185077,5949,1995,27,Female,Y,1129,"Glenrothes (west: Caskieberran, Rimbleton, Macedonia, Tanshall)",Fife,KY6,Fife
noun,55.794578785160226,-4.300557375718221,1666199501,5952,1994,28,Female,Y,659,"Deaconsbank, Glasgow",Glasgow,"Glasgow South",Glasgow
noun,55.91860173156071,-4.301972675901659,1666261633,5957,1984,38,Male,Y,488,Bearsden,"East Dunbartonshire",G61,Glasgow
noun,55.785938677473084,-3.9332455826913026,1666270025,5961,2004,18,Male,Y,1151,Motherwell,"North Lanarkshire",ML1,Glasgow
noun,55.91812135777921,-4.691508139456949,1666271025,5962,1973,49,Female,Y,1228,Langbank,Renfrewshire,PA14,Glasgow
noun,55.70647994595574,-2.672841063470075,1666284982,5964,1995,27,Other,N,1437,Lauder,"Scottish Borders",TD2,Borders
noun,56.69451661643609,-2.7624036057801096,1666287503,5966,1993,29,Female,Y,179,Forfar,Angus,DD8,"Tayside and Angus (Dundee)"
noun,55.80905765062771,-4.057042719310011,1666294685,5968,1970,52,Female,Y,525,Uddingston,"South Lanarkshire",G71,Glasgow
noun,55.76861321731055,-4.100390382415938,1666294844,5967,2000,22,Other,Y,1183,Hamilton,"South Lanarkshire",ML3,Glasgow
noun,55.878565100787974,-3.103166762064918,1666302461,5970,1983,39,Female,Y,328,Bonnyrigg,Midlothian,EH19,"Lothian (Edinburgh)"
noun,55.73967825610074,-4.357145063901382,1666395501,5977,1999,23,Male,Y,539,"Newton Mearns","East Renfrewshire",G77,Glasgow
noun,55.56380157693114,-5.346248551056011,1666433396,5980,1944,78,Male,Y,825,Brodick,"North Ayrshire",KA27,Ayrshire
noun,55.484830502823115,-5.2519960932829575,1666433403,5979,1985,37,Male,Y,827,"Isle of Arran","North Ayrshire",KA27,Ayrshire
noun,55.618473095904434,-5.183783549475625,1666433998,5980,1944,78,Male,Y,825,Brodick,"North Ayrshire",KA27,Ayrshire
noun,56.11283432458952,-3.5205825278353555,1666488616,5983,1973,49,Male,Y,1095,Culross,Fife,KY12,Fife
noun,55.97192100779619,-4.441119006221782,1666515870,5986,1994,28,Female,Y,549,Dumbarton,"West Dunbartonshire",G82,Glasgow
noun,56.10971740639985,-3.412336600853265,1666523145,5987,1996,26,Female,Y,1096,"Dunfermline (centre, north, west: Abbey Parks, Lady's Mill, Garvock, Headwell, Kingseathill, Wellwood, Milesmark, Baldridge, Pittencrieff, Baldridgeburn)",Fife,KY12,Fife
noun,55.72526074986383,-4.393765718876704,1666563765,5992,1984,38,Female,Y,539,"Newton Mearns","East Renfrewshire",G77,Glasgow
noun,56.00626078622414,-3.8409394936323853,1666614342,5995,1989,33,Female,Y,449,Larbert,Falkirk,FK5,"Stirling and Falkirk"
noun,55.90274208037927,-4.478003388571627,1666691358,6001,1995,27,Male,N,1306,Erskine,Renfrewshire,PA8,Glasgow
noun,56.07025824168565,-3.4233519846061498,1666693913,6002,1995,27,Female,Y,1091,Inverkeithing,Fife,KY11,Fife
noun,56.05063304732824,-3.8899926271675715,1666729790,6009,1974,48,Female,N,464,"Stirling (south and east: Braehead, Borestone, Broomridge, Torbrex)",Stirlingshire,FK7,"Stirling and Falkirk"
noun,56.64074908955273,-2.5420365634943316,1666734592,6011,1947,75,Female,N,141,Arbroath,Angus,DD11,"Tayside and Angus (Dundee)"
noun,55.63182772548214,-3.3195774217048855,1666820171,6014,2002,20,Female,Y,362,Peebles,"Scottish Borders",EH45,Borders
noun,55.69003088334517,-4.767999098433057,1666827462,6015,1970,52,Female,Y,812,Saltcoats,"East Ayrshire",KA21,Ayrshire
noun,55.832232365548,-4.5315150434534575,1666906872,6018,1989,33,Female,Y,1222,Kilbarchan,Renfrewshire,PA10,Glasgow
noun,58.145239922210195,-5.003137692604605,1666944562,6022,1957,65,Male,Y,729,Lairg,Highland,IV27,"Highlands (Inverness)"
noun,55.6634637491662,-3.2906087047510644,1667045846,6023,1986,36,Female,Y,362,Peebles,"Scottish Borders",EH45,Borders
noun,54.86368124464369,-4.060952158448585,1667116490,6025,1975,47,Female,Y,217,Dundrennan,"Dumfries and Galloway",DG6,"Dumfries and Galloway"
noun,55.85205662943222,-4.774623335046003,1667215121,6035,2005,17,Female,School,842,Largs,"North Ayrshire",KA30,Ayrshire
noun,55.80784830183045,-4.8058102097294935,1667215246,6034,2007,15,Male,School,842,Largs,"North Ayrshire",KA30,Ayrshire
noun,55.781058894941275,-4.922010837655007,1667216602,6039,2005,17,Female,School,832,Millport,"North Ayrshire",KA28,Ayrshire
noun,56.48722542721464,-2.935828086439477,1667232752,6046,1949,73,Male,Y,254,"Douglas, Dundee",Dundee,"Dundee North","Tayside and Angus (Dundee)"
noun,55.785566159918204,-4.274722766168348,1667320253,6057,1996,26,Female,Y,654,"Muirend, Glasgow",Glasgow,"Glasgow South",Glasgow
noun,55.83968659884793,-4.408888878683205,1667320255,6056,1995,27,Male,Y,1220,"Paisley (central, east and north east: Ferguslie, Oldhall, Seedhill, Williamsburgh, Whitehaugh)",Renfrewshire,PA1,Glasgow
noun,55.85832638458406,-4.708962262218163,1667320421,6058,1988,34,Female,Y,1222,Kilbarchan,Renfrewshire,PA10,Glasgow
noun,58.28492908539364,-4.421343552939515,1667337619,6061,1968,54,Female,Y,728,Durness,Highland,IV27,"Highlands (Inverness)"
noun,55.90084529269409,-3.125629510162773,1667426161,6063,1987,35,Female,Y,323,"Moredun, Edinburgh",Edinburgh,"Edinburgh Southeast","Lothian (Edinburgh)"
noun,57.6589462147267,-3.208339814754173,1667456592,6064,1986,36,Female,Y,737,Elgin,Moray,IV30,"North East (Aberdeen)"
noun,56.456834680183135,-3.016088727335719,1667472347,6067,1988,34,Female,Y,257,"Ninewells, Dundee",Dundee,"Dundee West","Tayside and Angus (Dundee)"
noun,55.39931066359424,-4.656425576139962,1667472963,6065,1983,39,Female,Y,856,"Ayr (Centre)","South Ayrshire",KA7,Ayrshire
noun,57.199339185441545,-2.1452356748416475,1667752763,6075,1963,59,Male,N,111,"Bucksburn, Aberdeen",Aberdeen,"Aberdeen North","North East (Aberdeen)"
noun,56.47878866448647,-2.8850486905689956,1667753437,6076,1960,62,Female,N,256,"Whitfield, Dundee",Dundee,"Dundee North","Tayside and Angus (Dundee)"
noun,55.600534337074556,-3.1694626733458713,1668091802,6081,2001,21,Female,Y,362,Peebles,"Scottish Borders",EH45,Borders
noun,55.985668112003765,-4.224738202528948,1668094339,6082,1998,24,Female,Y,509,Lenzie,"East Dunbartonshire",G66,Glasgow
noun,55.782429390349144,-4.38317787869123,1668094937,6083,1990,32,Female,Y,539,"Newton Mearns","East Renfrewshire",G77,Glasgow
noun,55.87603763964402,-4.263345281061775,1668111238,6084,1957,65,Female,Y,627,"Dennistoun, Glasgow",Glasgow,"Glasgow Northeast",Glasgow
noun,55.94408659965248,-3.2350842960940867,1668518141,6091,1977,45,Female,Y,287,"Corstorphine, Edinburgh",Edinburgh,"Edinburgh North","Lothian (Edinburgh)"
noun,55.93805352331852,-3.2575015821714968,1668548842,6091,1977,45,Female,Y,287,"Corstorphine, Edinburgh",Edinburgh,"Edinburgh North","Lothian (Edinburgh)"
noun,55.94244820646666,-3.245190625705285,1668550301,6091,1977,45,Female,Y,287,"Corstorphine, Edinburgh",Edinburgh,"Edinburgh North","Lothian (Edinburgh)"
noun,54.89992430783885,-4.126791088814464,1668701106,6098,1963,59,Female,Y,218,Kirkcudbright,"Dumfries and Galloway",DG6,"Dumfries and Galloway"
noun,55.98672563331575,-4.034923869892263,1668701224,6100,1988,34,Female,Y,506,Kilsyth,"North Lanarkshire",G65,Glasgow
noun,55.8997513275298,-4.376023008249275,1668783888,6104,1957,65,Female,Y,638,"Drumchapel, Glasgow",Glasgow,"Glasgow Northwest",Glasgow
noun,57.546212619644145,-3.572819588387336,1669053704,6096,1994,28,Female,Y,740,Forres,Moray,IV36,"North East (Aberdeen)"
noun,57.48046294188866,-3.5783514095935245,1669131656,6117,1994,28,Female,Y,740,Forres,Moray,IV36,"North East (Aberdeen)"
noun,55.77727589855515,-4.154635238281969,1669132229,6118,1996,26,Female,Y,530,"East Kilbride (north: The Village, East Mains, West Mains, Lymekilns, St Leonards, Calderwood, Nerston, Stewartfield, Peel Park)","South Lanarkshire",G74,Glasgow
noun,57.14533922257253,-2.273660123572077,1669387381,6123,1980,42,Male,Y,28,Westhill,Aberdeenshire,AB32,"North East (Aberdeen)"
noun,55.84821516118455,-4.057528725011533,1669797514,6048,1978,44,Female,Y,1189,Coatbridge,"North Lanarkshire",ML5,Glasgow
noun,55.9546325393984,-3.1621907304095704,1670452028,6133,1996,26,Male,Y,269,"Gorgie, Edinburgh",Edinburgh,"Edinburgh Central","Lothian (Edinburgh)"
noun,55.960279860226436,-4.261540691285491,1670519503,6137,1995,27,Male,Y,491,Baldernock,"East Dunbartonshire",G62,Glasgow
noun,55.96531090152095,-3.2064032545287797,1671084635,6142,1995,27,Female,Y,292,"Craigleith, Edinburgh",Edinburgh,"Edinburgh North","Lothian (Edinburgh)"
noun,55.84801603476155,-4.015293466408828,1671107872,6144,1951,71,Male,Y,1189,Coatbridge,"North Lanarkshire",ML5,Glasgow
noun,55.70960408717397,-4.2443252824441275,1671266364,6149,1968,54,Female,Y,536,"Carmunnock, Glasgow",Glasgow,G76,Glasgow
noun,57.58814746616633,-4.425278931718469,1671728208,6153,1981,41,Male,Y,705,Dingwall,Highland,IV15,"Highlands (Inverness)"
noun,55.96080093828364,-3.1505706023037705,1671818764,6155,1991,31,Female,Y,285,"Leith, Edinburgh",Edinburgh,"Edinburgh Leith","Lothian (Edinburgh)"
noun,56.85341218307825,-2.314759812834844,1672107938,6156,2000,22,Male,Y,136,Gourdon,Aberdeenshire,DD10,"Tayside and Angus (Dundee)"
noun,55.76949517210852,-4.357575549665954,1672599699,6159,2005,18,Female,School,539,"Newton Mearns","East Renfrewshire",G77,Glasgow
noun,55.77402882808925,-4.286219232471832,1672659319,6159,2005,18,Female,School,539,"Newton Mearns","East Renfrewshire",G77,Glasgow
noun,54.98147064658508,-5.024192486311399,1672960199,6161,2000,23,Female,Y,231,Stranraer,"Dumfries and Galloway",DG9,"Dumfries and Galloway"
noun,54.874882827772396,-4.858304737281939,1673388552,6165,1968,55,Female,Y,231,Stranraer,"Dumfries and Galloway",DG9,"Dumfries and Galloway"
noun,55.9989176348069,-3.8729235944980536,1673716135,6172,1999,24,Female,Y,444,Dennyloanhead, Falkirk,FK4,"Stirling and Falkirk"
noun,55.76772703350235,-4.243983502480825,1675164775,6194,2002,21,Female,Y,530,"East Kilbride (north: The Village, East Mains, West Mains, Lymekilns, St Leonards, Calderwood, Nerston, Stewartfield, Peel Park)","South Lanarkshire",G74,Glasgow
noun,55.760747609047236,-4.226809526982834,1675265565,6194,2002,21,Female,Y,530,"East Kilbride (north: The Village, East Mains, West Mains, Lymekilns, St Leonards, Calderwood, Nerston, Stewartfield, Peel Park)","South Lanarkshire",G74,Glasgow
noun,55.95641672280487,-3.519043282251871,1675695469,6208,2009,14,Male,School,371,Broxburn,"West Lothian",EH52,"Lothian (Edinburgh)"
noun,55.97513289394774,-3.1916769010911232,1675695491,6213,2009,14,Female,N,293,"Comely Bank, Edinburgh",Edinburgh,"Edinburgh North","Lothian (Edinburgh)"
noun,55.94108393170467,-3.2402251150771417,1675695493,6215,2009,14,Female,School,294,"Stockbridge, Edinburgh",Edinburgh,"Edinburgh North","Lothian (Edinburgh)"
noun,55.95495749007559,-3.233853837476247,1675695502,6212,2009,14,Female,School,296,"Davidson's Mains, Edinburgh",Edinburgh,"Edinburgh North","Lothian (Edinburgh)"
noun,55.95486317604916,-3.2442279198237394,1675695566,6221,2010,13,Male,N,299,"Broughton, Edinburgh",Edinburgh,"Edinburgh North","Lothian (Edinburgh)"
noun,55.942028642791584,-3.260406044209136,1675695671,6219,2009,14,Male,N,291,"Deans Village, Edinburgh",Edinburgh,"Edinburgh North","Lothian (Edinburgh)"
noun,55.94937414622768,-3.194384869944715,1675695682,6214,2009,14,Female,School,292,"Craigleith, Edinburgh",Edinburgh,"Edinburgh North","Lothian (Edinburgh)"
noun,55.965440007680186,-3.189998786284915,1675695756,6212,2009,14,Female,School,296,"Davidson's Mains, Edinburgh",Edinburgh,"Edinburgh North","Lothian (Edinburgh)"
noun,55.97779231765651,-3.180515983785268,1675695799,6220,2009,14,Male,School,292,"Craigleith, Edinburgh",Edinburgh,"Edinburgh North","Lothian (Edinburgh)"
noun,55.957348079724184,-3.2119444274887243,1675695892,6221,2010,13,Male,N,299,"Broughton, Edinburgh",Edinburgh,"Edinburgh North","Lothian (Edinburgh)"
noun,55.977615524574965,-3.2234951361831894,1675696197,6218,2009,14,Female,N,278,"Granton, Edinburgh",Edinburgh,"Edinburgh Clermiston Granton","Lothian (Edinburgh)"
noun,55.329293177905214,-4.434153788131184,1675730607,6224,1997,26,Male,Y,852,Dalmellington,"East Ayrshire",KA6,Ayrshire
noun,55.77489901402816,-3.9818686857354586,1675954454,6227,1988,35,Female,Y,1150,Holytown,"North Lanarkshire",ML1,Glasgow
noun,55.51270423003748,-4.577653123215323,1676071923,6230,1983,40,Female,Y,873,Prestwick,"South Ayrshire",KA9,Ayrshire
noun,56.627812021915595,-2.7301774950845012,1676998053,6238,2004,19,Female,Y,179,Forfar,Angus,DD8,"Tayside and Angus (Dundee)"
noun,55.76780007710837,-4.063515297378279,1677010211,6243,2003,20,Female,Y,1183,Hamilton,"South Lanarkshire",ML3,Glasgow
noun,55.82698194404834,-3.7168436775421654,1677015450,6244,2004,19,Female,Y,1209,Shotts,"North Lanarkshire",ML7,Glasgow
noun,55.8902587858832,-3.343756113068159,1677203161,6253,1970,53,Female,Y,314,"Morningside, Edinburgh",Edinburgh,"Edinburgh South","Lothian (Edinburgh)"
noun,55.82317088990879,-4.302904217427107,1677238083,6254,2000,23,Other,Y,653,"Netherlee, Glasgow",Glasgow,"Glasgow South",Glasgow
noun,55.834631439939095,-3.3904030336455597,1677600936,6268,2003,20,Male,Y,319,"Blackford, Edinburgh",Edinburgh,"Edinburgh South","Lothian (Edinburgh)"
noun,56.78061749947955,-3.0389069564359033,1677601050,6238,2004,19,Female,Y,179,Forfar,Angus,DD8,"Tayside and Angus (Dundee)"
noun,55.96069418790398,-4.259233710288712,1677604376,6275,2003,20,Female,Y,489,Milngavie,"East Dunbartonshire",G62,Glasgow
noun,55.782937385888474,-4.304885591512932,1677607818,6279,1986,37,Male,Y,645,Clarkston,"East Renfrewshire","Glasgow South",Glasgow
noun,55.885052797438604,-3.5468528866654725,1677607857,6280,2002,21,Female,School,375,Livingston,"West Lothian",EH54,"Lothian (Edinburgh)"
noun,57.57841251743095,-4.732247956789572,1677607901,6278,2004,19,Female,Y,704,Strathpeffer,Highland,IV14,"Highlands (Inverness)"
noun,57.53736426961462,-4.222134726993831,1677608059,6281,1984,39,Female,Y,699,"Inverness (centre, north: Longman)",Highland,IV1,"Highlands (Inverness)"
noun,55.76470035478563,-4.184250713890874,1677612695,6282,2000,23,Female,Y,530,"East Kilbride (north: The Village, East Mains, West Mains, Lymekilns, St Leonards, Calderwood, Nerston, Stewartfield, Peel Park)","South Lanarkshire",G74,Glasgow
noun,55.97048121521936,-4.35434023209447,1677613353,3156,1999,23,Female,Y,489,Milngavie,"East Dunbartonshire",G62,Glasgow
noun,58.44703795462968,-3.472959893671849,1677614656,6284,2003,20,Male,Y,899,Wick,Highland,KW1,"Highlands (Inverness)"
noun,55.87695636565506,-4.294264171666779,1677626352,6287,2002,21,Male,Y,590,"Hyndland, Glasgow",Glasgow,"Glasgow Kelvin",Glasgow
noun,55.94599645193182,-3.234639170000263,1677668808,6292,1992,31,Male,Y,287,"Corstorphine, Edinburgh",Edinburgh,"Edinburgh North","Lothian (Edinburgh)"
noun,55.893794733553364,-4.36663652868665,1677682038,6294,1978,45,Female,Y,638,"Drumchapel, Glasgow",Glasgow,"Glasgow Northwest",Glasgow
noun,55.797579126894725,-4.050283181839698,1677761889,6293,2004,19,Female,Y,525,Uddingston,"South Lanarkshire",G71,Glasgow
noun,55.85496922594018,-4.7800011139485985,1677763145,6301,1993,30,Female,Y,842,Largs,"North Ayrshire",KA30,Ayrshire
noun,56.0640830102768,-3.371206375197222,1677763292,6303,2003,20,Other,Y,1090,"Dunfermline (south and east: Halbeath, Touch, Duloch, Masterton, Pitcorthie, Abbeyview, Brucefield, Hospital Hill, Camdean, Pitreavie)",Fife,KY11,Fife
noun,55.828225359156555,-4.359293937277378,1677853374,6306,2001,22,Male,Y,662,"Battlefield, Glasgow",Glasgow,"Glasgow Southwest",Glasgow
noun,55.81284937261403,-4.074622461770232,1677949880,6309,1991,32,Other,Y,598,Rutherglen,"South Lanarkshire","Glasgow Northeast",Glasgow
noun,55.8286453770021,-4.307865783097119,1678028605,6312,2004,19,Female,Y,653,"Netherlee, Glasgow",Glasgow,"Glasgow South",Glasgow
noun,55.81559184959598,-4.291675249401063,1678117105,6319,2005,18,Female,Y,658,"Giffnock, Glasgow",Glasgow,"Glasgow South",Glasgow
noun,55.891476174536926,-3.1899910836839673,1678137502,6321,1965,58,Female,Y,320,"Newington, Edinburgh",Edinburgh,"Edinburgh South","Lothian (Edinburgh)"
noun,55.8138264789887,-3.990224682268721,1678202320,6324,2003,20,Female,Y,1186,Bellshill,"North Lanarkshire",ML4,Glasgow
noun,55.957151049546326,-3.2092366895588094,1678204149,6326,2003,20,Female,Y,292,"Craigleith, Edinburgh",Edinburgh,"Edinburgh North","Lothian (Edinburgh)"
noun,55.89777237552274,-3.525391690523778,1678219689,6329,2004,19,Male,Y,375,Livingston,"West Lothian",EH54,"Lothian (Edinburgh)"
noun,57.489073379056606,-6.414854021094201,1678453568,6336,2001,22,Other,Y,763,Portree,Highland,IV51,"Highlands (Inverness)"
noun,57.49494077102553,-6.35437923922419,1678462020,6336,2001,22,Other,Y,763,Portree,Highland,IV51,"Highlands (Inverness)"
noun,56.18162038888194,-3.1489094202504675,1679056353,6367,2008,15,Male,N,1133,"Glenrothes (centre and east: Pitteuchar, Finglassie, Stenton, Auchmuty, Pitcoudie, Balfarg, Pircairn, Collydean)",Fife,KY7,Fife
noun,56.22713752950605,-3.160485084388263,1679056487,6369,2009,14,Female,School,1133,"Glenrothes (centre and east: Pitteuchar, Finglassie, Stenton, Auchmuty, Pitcoudie, Balfarg, Pircairn, Collydean)",Fife,KY7,Fife
noun,56.18273679712231,-3.1267310575401672,1679056497,6370,2008,15,Female,N,1133,"Glenrothes (centre and east: Pitteuchar, Finglassie, Stenton, Auchmuty, Pitcoudie, Balfarg, Pircairn, Collydean)",Fife,KY7,Fife
noun,56.21303519563845,-3.1732562759377756,1679056548,6375,2008,15,Female,School,1133,"Glenrothes (centre and east: Pitteuchar, Finglassie, Stenton, Auchmuty, Pitcoudie, Balfarg, Pircairn, Collydean)",Fife,KY7,Fife
noun,56.20050560198149,-3.1344679364664247,1679056563,6362,2008,15,Female,School,1133,"Glenrothes (centre and east: Pitteuchar, Finglassie, Stenton, Auchmuty, Pitcoudie, Balfarg, Pircairn, Collydean)",Fife,KY7,Fife
noun,56.200132165562984,-3.112898952665768,1679056609,6363,2008,15,Female,School,1133,"Glenrothes (centre and east: Pitteuchar, Finglassie, Stenton, Auchmuty, Pitcoudie, Balfarg, Pircairn, Collydean)",Fife,KY7,Fife
noun,56.22145214188859,-3.10755348768616,1679056613,6374,2008,15,Female,School,1134,Markinch,Fife,KY7,Fife
noun,56.22023427744917,-3.1588516194470624,1679056626,6364,2009,14,Male,School,1133,"Glenrothes (centre and east: Pitteuchar, Finglassie, Stenton, Auchmuty, Pitcoudie, Balfarg, Pircairn, Collydean)",Fife,KY7,Fife
noun,56.23803888560996,-3.103836484123065,1679056712,6378,2008,15,Female,School,1133,"Glenrothes (centre and east: Pitteuchar, Finglassie, Stenton, Auchmuty, Pitcoudie, Balfarg, Pircairn, Collydean)",Fife,KY7,Fife
noun,56.228497825325995,-3.126379299513621,1679056775,6387,2008,15,Male,School,1133,"Glenrothes (centre and east: Pitteuchar, Finglassie, Stenton, Auchmuty, Pitcoudie, Balfarg, Pircairn, Collydean)",Fife,KY7,Fife
noun,56.09752449625743,-3.5720143574921175,1679056777,6398,2008,15,Other,School,1096,"Dunfermline (centre, north, west: Abbey Parks, Lady's Mill, Garvock, Headwell, Kingseathill, Wellwood, Milesmark, Baldridge, Pittencrieff, Baldridgeburn)",Fife,KY12,Fife
noun,56.234734300842085,-3.0896654782233726,1679056848,6386,2008,15,Female,School,1133,"Glenrothes (centre and east: Pitteuchar, Finglassie, Stenton, Auchmuty, Pitcoudie, Balfarg, Pircairn, Collydean)",Fife,KY7,Fife
noun,56.18511206125097,-3.133070708626025,1679056911,6359,2008,15,Female,School,1133,"Glenrothes (centre and east: Pitteuchar, Finglassie, Stenton, Auchmuty, Pitcoudie, Balfarg, Pircairn, Collydean)",Fife,KY7,Fife
noun,56.161702265138906,-3.517194454936745,1679056961,6384,2008,15,Female,School,1100,Scotlandwell,"Perth and Kinross",KY13,Fife
noun,56.21279043713868,-3.135524295415431,1679056963,6375,2008,15,Female,School,1133,"Glenrothes (centre and east: Pitteuchar, Finglassie, Stenton, Auchmuty, Pitcoudie, Balfarg, Pircairn, Collydean)",Fife,KY7,Fife
noun,56.1824273084526,-3.0880555509675074,1679057200,6388,2008,15,Female,School,1133,"Glenrothes (centre and east: Pitteuchar, Finglassie, Stenton, Auchmuty, Pitcoudie, Balfarg, Pircairn, Collydean)",Fife,KY7,Fife
noun,56.20912697033241,-3.179192707132743,1679057246,6399,2008,15,Male,School,1133,"Glenrothes (centre and east: Pitteuchar, Finglassie, Stenton, Auchmuty, Pitcoudie, Balfarg, Pircairn, Collydean)",Fife,KY7,Fife
noun,55.92030691276182,-3.3148977336228285,1679078801,6403,1974,49,Female,Y,313,"Colinton, Edinburgh",Edinburgh,"Edinburgh South","Lothian (Edinburgh)"
noun,57.36738586269489,-1.9781388515041485,1679350102,6409,1985,38,Female,Y,49,Ellon,Aberdeenshire,AB41,"North East (Aberdeen)"
noun,55.82354785404923,-4.253382326575159,1679406770,6411,1988,35,Male,Y,645,Clarkston,"East Renfrewshire","Glasgow South",Glasgow
noun,55.91459361565778,-4.182514346964429,1679667527,6415,2000,23,Female,Y,622,"Sandyhills, Glasgow",Glasgow,"Glasgow Northeast",Glasgow
noun,56.45737849335195,-3.0444602122364057,1679676810,6418,1998,25,Female,Y,261,"Westend, Dundee",Dundee,"Dundee West","Tayside and Angus (Dundee)"
noun,55.860747598481325,-4.215703527386586,1679708047,6420,1997,26,Female,Y,600,"Garrowhill, Glasgow",Glasgow,"Glasgow Northeast",Glasgow
noun,55.84441027867373,-4.296361451493625,1680010280,6427,2007,16,Female,School,645,Clarkston,"East Renfrewshire","Glasgow South",Glasgow
noun,55.80388198605953,-4.2600866933337,1680196896,6429,1979,44,Female,Y,653,"Netherlee, Glasgow",Glasgow,"Glasgow South",Glasgow
noun,56.05973335210651,-4.058904884407524,1680429259,6430,1990,33,Female,Y,464,"Stirling (south and east: Braehead, Borestone, Broomridge, Torbrex)",Stirlingshire,FK7,"Stirling and Falkirk"
noun,56.29686043389089,-2.7367136614274004,1681479759,6435,1981,42,Male,Y,1114,"St Andrews",Fife,KY16,Fife
noun,55.86579118036249,-3.110416310216645,1681937942,6438,2000,23,Male,Y,328,Bonnyrigg,Midlothian,EH19,"Lothian (Edinburgh)"
noun,55.86560852561802,-4.628270856404605,1682429871,6443,1995,28,Female,Y,1224,"Bridge of Weir",Renfrewshire,PA11,Glasgow
noun,56.08227951858095,-3.290464144068983,1682547769,6444,1997,26,Female,Y,1119,Burntisland,Fife,KY3,Fife
noun,55.8180851103037,-4.529509506660933,1682593111,6449,2008,15,Other,School,1276,Johnstone,Renfrewshire,PA5,Glasgow
noun,55.80510503548585,-4.253098134654106,1682676304,6452,2008,15,Male,N,658,"Giffnock, Glasgow",Glasgow,"Glasgow South",Glasgow
noun,55.83003023062404,-4.328151218414169,1682688591,6441,2008,15,Other,N,658,"Giffnock, Glasgow",Glasgow,"Glasgow South",Glasgow
noun,57.50704296019032,-4.241444666640168,1683018364,6456,2004,19,Female,Y,697,"Kilmuir, Inverness",Highland,IV1,"Highlands (Inverness)"
noun,55.81133169676014,-4.0310451605387225,1683054970,6458,2003,20,Female,Y,1186,Bellshill,"North Lanarkshire",ML4,Glasgow
noun,55.804939796601914,-3.9860900885162267,1683062719,6458,2003,20,Female,Y,1186,Bellshill,"North Lanarkshire",ML4,Glasgow
noun,55.82551890660962,-4.019801884508248,1683284100,6463,2008,15,Male,School,1186,Bellshill,"North Lanarkshire",ML4,Glasgow
noun,55.95062945190022,-3.257502439835875,1683634639,6469,1994,29,Female,Y,289,"Newhaven, Edinburgh",Edinburgh,"Edinburgh North","Lothian (Edinburgh)"
noun,55.835134347583384,-3.386663233356617,1683636170,6470,1989,34,Female,Y,315,"Fairmilehead, Edinburgh",Edinburgh,"Edinburgh South","Lothian (Edinburgh)"
noun,55.85290587776204,-4.154163181158124,1683989867,6482,1963,60,Female,Y,598,Rutherglen,"South Lanarkshire","Glasgow Northeast",Glasgow
noun,55.95098213080123,-4.854796582042863,1684074025,6483,2001,22,Female,Y,1235,Gourock,Inverclyde,PA19,Glasgow
noun,55.8304905405774,-4.227967788971226,1684489821,6488,1983,40,Female,Y,602,"Baillieston, Glasgow",Glasgow,"Glasgow Northeast",Glasgow
noun,56.28149687390709,-3.717383707943226,1684709279,6491,1990,33,Female,Y,1372,Aberuthven,"Perth and Kinross",PH3,Fife
noun,55.76017889767292,-4.475940595483996,1686143141,6502,2004,19,Male,School,541,Neilston,"East Renfrewshire",G78,Glasgow
noun,55.8335653133684,-4.148844732712141,1686577258,6523,2007,16,Male,School,631,"Royston, Glasgow",Glasgow,"Glasgow Northeast",Glasgow
noun,55.88578781533466,-4.281625621203276,1686577271,6507,2007,16,Female,School,616,"Calton, Glasgow",Glasgow,"Glasgow Northeast",Glasgow
noun,55.891799206035,-4.2640247032781335,1686577271,6505,2007,16,Female,School,615,"Bridgeton, Glasgow",Glasgow,"Glasgow Northeast",Glasgow
noun,55.865183482292224,-4.181175229621308,1686577273,6506,2007,16,Female,N,616,"Calton, Glasgow",Glasgow,"Glasgow Northeast",Glasgow
noun,55.8598493974949,-4.079759532631605,1686577288,6523,2007,16,Male,School,631,"Royston, Glasgow",Glasgow,"Glasgow Northeast",Glasgow
noun,55.893333978679614,-4.210683066653893,1686577310,6510,2007,16,Male,School,615,"Bridgeton, Glasgow",Glasgow,"Glasgow Northeast",Glasgow
noun,55.85711611601747,-4.084830485362411,1686577356,6522,2007,16,Male,N,617,"Dalmarnock, Glasgow",Glasgow,"Glasgow Northeast",Glasgow
noun,55.855441290592516,-4.153640296704347,1686577377,6524,2007,16,Male,School,615,"Bridgeton, Glasgow",Glasgow,"Glasgow Northeast",Glasgow
noun,55.8049311202608,-4.350924641457235,1686577661,6509,2007,16,Male,N,682,"Darnley, Glasgow",Glasgow,"Glasgow Southwest",Glasgow
noun,55.86093020792665,-4.105644642173998,1686593664,6537,2008,15,Female,School,615,"Bridgeton, Glasgow",Glasgow,"Glasgow Northeast",Glasgow
noun,55.90916374395075,-4.181207692110483,1686913430,6544,2008,15,Female,School,615,"Bridgeton, Glasgow",Glasgow,"Glasgow Northeast",Glasgow
noun,55.828574229405476,-4.110708777993465,1686913510,6545,2006,17,Female,School,615,"Bridgeton, Glasgow",Glasgow,"Glasgow Northeast",Glasgow
noun,55.820492223143326,-4.068078827057878,1686913629,6548,2006,17,Male,School,603,"Carntyne, Glasgow",Glasgow,"Glasgow Northeast",Glasgow
noun,55.87931108464786,-4.122092746590305,1686921054,6560,2007,16,Male,Y,603,"Carntyne, Glasgow",Glasgow,"Glasgow Northeast",Glasgow
noun,55.85219579876873,-4.172221697717615,1686921407,6559,2007,16,Female,School,623,"Shettleston, Glasgow",Glasgow,"Glasgow Northeast",Glasgow
noun,55.8614060068936,-4.162186604244074,1686921597,6563,2007,16,Male,School,619,"Tollcross, Glasgow",Glasgow,"Glasgow Northeast",Glasgow
noun,55.84349232065785,-4.216719543669628,1686921702,6561,2007,16,Other,School,617,"Dalmarnock, Glasgow",Glasgow,"Glasgow Northeast",Glasgow
noun,55.89268123617924,-3.869198577381063,1689060845,6565,1985,38,Male,Y,1192,Airdrie,"North Lanarkshire",ML6,Glasgow
noun,56.34030009242632,-2.9717816135933077,1689436908,6568,1994,29,Male,Y,1105,Cupar,Fife,KY15,Fife
noun,57.67927639628024,-3.1964071960061475,1692739769,6575,1993,30,Female,Y,737,Elgin,Moray,IV30,"North East (Aberdeen)"
noun,55.83361783108383,-4.15210381474888,1692896355,6578,1992,31,Female,Y,598,Rutherglen,"South Lanarkshire","Glasgow Northeast",Glasgow
noun,55.843499095171644,-4.214939610663562,1693935474,6583,1961,62,Female,N,603,"Carntyne, Glasgow",Glasgow,"Glasgow Northeast",Glasgow
noun,55.45991234271162,-4.6203302521350915,1694983651,6596,1957,66,Female,N,868,"Newton on Ayr","South Ayrshire",KA8,Ayrshire
noun,55.7867165515122,-4.12804958215665,1695208276,6600,2010,13,Male,N,529,Cambuslang,"South Lanarkshire",G72,Glasgow
noun,55.81506567282841,-4.167997084285456,1695208286,6598,2011,12,Male,School,529,Cambuslang,"South Lanarkshire",G72,Glasgow
noun,55.80239423517892,-4.178385464167406,1695208302,6602,2010,13,Female,School,529,Cambuslang,"South Lanarkshire",G72,Glasgow
noun,55.79987382710502,-4.124406262891154,1695208599,6606,2010,13,Female,School,529,Cambuslang,"South Lanarkshire",G72,Glasgow
noun,55.86723404322253,-4.122952691785503,1695208791,6610,2011,12,Male,School,598,Rutherglen,"South Lanarkshire","Glasgow Northeast",Glasgow
noun,55.80271178478567,-4.1953295890402975,1695208813,6609,2010,13,Male,School,575,"Springhall, Glasgow",Glasgow,"Glasgow Castlemilk",Glasgow
noun,55.87657577643933,-4.2840738693702685,1695549976,6617,1978,45,Male,Y,590,"Hyndland, Glasgow",Glasgow,"Glasgow Kelvin",Glasgow
noun,55.82557424588041,-4.101363680317404,1695822945,6620,2003,20,Female,Y,632,"Springburn, Glasgow",Glasgow,"Glasgow Northeast",Glasgow
noun,56.10270707731325,-3.401041887811064,1695994697,6621,2003,20,Female,Y,1096,"Dunfermline (centre, north, west: Abbey Parks, Lady's Mill, Garvock, Headwell, Kingseathill, Wellwood, Milesmark, Baldridge, Pittencrieff, Baldridgeburn)",Fife,KY12,Fife
noun,55.84575991808663,-4.4482433861161415,1696422559,6623,2002,21,Other,Y,1249,"Paisley (north west: Ferguslie Park, Gallowhill, Gockston, Shortroods, )",Renfrewshire,PA3,Glasgow
noun,55.972506957906596,-3.19701850361588,1696844664,6624,2005,18,Female,Y,287,"Corstorphine, Edinburgh",Edinburgh,"Edinburgh North","Lothian (Edinburgh)"
noun,55.94676119345284,-4.856469046571799,1697300157,6630,1966,57,Female,Y,1235,Gourock,Inverclyde,PA19,Glasgow
noun,55.90883404477272,-4.338571643108552,1697543436,6635,2005,18,Female,Y,488,Bearsden,"East Dunbartonshire",G61,Glasgow
noun,55.739638356716405,-4.644946938444871,1699514481,6640,1974,49,Female,Y,791,Beith,"East Ayrshire",KA15,Ayrshire
noun,55.25712708233454,-3.6168580681064895,1699908458,6642,2003,20,Other,Y,186,"Dumfries (centre and east: Dalscone, Georgetown, Heathhall, Kingholm Quay, Noblehill, The Crichton)","Dumfries and Galloway",DG1,"Dumfries and Galloway"
noun,55.00672342724193,-3.522606016898816,1699908766,6642,2003,20,Other,Y,186,"Dumfries (centre and east: Dalscone, Georgetown, Heathhall, Kingholm Quay, Noblehill, The Crichton)","Dumfries and Galloway",DG1,"Dumfries and Galloway"
noun,55.37271484128974,-5.62082515192244,1701045628,6650,1983,40,Female,Y,1246,Campbeltown,"Argyll and Bute",PA28,"Argyll and Bute"
noun,55.417629704939415,-2.8394485319952505,1702159977,6656,1989,34,Female,Y,1493,Hawick,"Scottish Borders",TD9,Borders
noun,55.96436983598383,-3.1420071918605497,1702420400,6659,1987,36,Male,Y,284,"Restalrig, Edinburgh",Edinburgh,"Edinburgh Leith","Lothian (Edinburgh)"
noun,55.891384928217576,-4.352657528785679,1702434953,6665,1993,30,Male,Y,638,"Drumchapel, Glasgow",Glasgow,"Glasgow Northwest",Glasgow
noun,55.94697729530658,-3.954629973382734,1702447388,6666,1993,30,Female,Y,514,"Cumbernauld (south: Condorrat, Lenziemill, Carbrain, Kildrum, Cumbernauld Village, Abronhill, Seafar)","North Lanarkshire",G67,Glasgow
noun,58.207685041025734,-6.374294343021476,1702453479,6669,1970,53,Male,Y,686,"Stornoway, Isle of Lewis","Western Isles",HS1,"Western Isles"
noun,57.106612448773134,-2.1963675029728273,1702460780,6674,1968,55,Male,N,133,"Bieldside, Aberdeen",Aberdeen,"Aberdeen Southwest","North East (Aberdeen)"
noun,55.94811891585051,-4.319029521906625,1702471994,6675,1997,26,Male,Y,489,Milngavie,"East Dunbartonshire",G62,Glasgow
noun,55.77392615697504,-3.5651403307596836,1702501933,6693,1955,68,Male,N,376,"West Calder","West Lothian",EH55,"Lothian (Edinburgh)"
noun,55.97608171944645,-2.495081302536002,1702514288,6694,1989,34,Male,Y,359,Dunbar,"East Lothian",EH42,"Lothian (Edinburgh)"
noun,55.70460407782281,-3.8818794160804604,1702715532,6699,1986,37,Male,Y,1212,Carluke,"South Lanarkshire",ML8,Glasgow
noun,56.46778289502864,-3.0259025457438207,1704307464,6706,2000,24,Female,Y,244,"Stobswell, Dundee",Dundee,"Dundee Central","Tayside and Angus (Dundee)"
noun,55.902615950542135,-4.488746632208247,1705409363,6708,2002,22,Male,Y,1292,Bishopton,Renfrewshire,PA7,Glasgow
noun,55.428061039707636,-4.629489333236656,1705500904,6718,2003,21,Female,Y,856,"Ayr (Centre)","South Ayrshire",KA7,Ayrshire
noun,55.39345944558869,-4.757111269846643,1705685946,6722,2003,21,Female,Y,855,Alloway,"South Ayrshire",KA7,Ayrshire
noun,57.05083559366905,-2.837578176570752,1706102420,6726,2003,21,Female,Y,33,Aboyne,Aberdeenshire,AB34,"North East (Aberdeen)"
noun,55.944203595519554,-3.03824303077161,1706541213,6728,1995,29,Female,Y,330,Musselburgh,"East Lothian",EH21,"Lothian (Edinburgh)"
noun,56.374988334899705,-3.9239848406568782,1706879947,6735,1957,67,Female,Y,1402,Crieff,"Perth and Kinross",PH7,Fife
noun,58.2148874235957,-6.210477044675207,1707252534,6744,1999,25,Female,Y,688,"Isle of Lewis","Western Isles (outside of Stornoway)",HS2,"Western Isles"
noun,55.596846856150336,-4.6809571155553344,1707649725,6752,1966,58,Female,Y,787,"Irvine (centre: Castlepark, Tarryholme)","North Ayrshire",KA12,Ayrshire
noun,55.96474923373922,-4.1827846416081504,1707657726,6753,1979,45,Female,Y,507,Kirkintilloch,"East Dunbartonshire",G66,Glasgow
noun,55.86432468502332,-4.280083479031825,1708079443,6757,1964,60,Female,N,591,"Hillhead, Glasgow",Glasgow,"Glasgow Kelvin",Glasgow
noun,55.951807392449695,-4.1512920154741835,1708095298,6758,1977,47,Female,Y,509,Lenzie,"East Dunbartonshire",G66,Glasgow
noun,54.806162459506105,-4.03400603683984,1708171051,6760,1977,47,Male,Y,218,Kirkcudbright,"Dumfries and Galloway",DG6,"Dumfries and Galloway"
noun,56.0155047063653,-4.031935114858485,1708444361,6769,2005,19,Female,Y,506,Kilsyth,"North Lanarkshire",G65,Glasgow
noun,58.30188207443568,-6.517367609802129,1708444887,6775,2005,19,Female,Y,688,"Isle of Lewis","Western Isles (outside of Stornoway)",HS2,"Western Isles"
noun,58.05303296594198,-6.526845096700879,1708445223,6779,2005,19,Female,Y,688,"Isle of Lewis","Western Isles (outside of Stornoway)",HS2,"Western Isles"
noun,58.3426710191718,-6.377656084996958,1708445421,6779,2005,19,Female,Y,688,"Isle of Lewis","Western Isles (outside of Stornoway)",HS2,"Western Isles"
noun,57.01447057117462,-2.2417668240079314,1708445786,6778,2005,19,Female,Y,48,Stonehaven,Aberdeenshire,AB39,"North East (Aberdeen)"
noun,56.44757175442454,-2.8820095165714528,1708446459,6767,1990,34,Male,Y,176,Tayport,Fife,DD6,"Tayside and Angus (Dundee)"
noun,56.477991233743204,-3.571738021747373,1708448628,6785,2004,20,Male,Y,1313,"Perth (north and west: Burghmuir, Cherrybank, Hillyland, Inveralmond, Lethom, Muirton, North Muirton, Tulloch)","Perth and Kinross",PH1,Fife
noun,55.88608143944647,-3.248438962981495,1708449964,6788,2005,19,Male,Y,314,"Morningside, Edinburgh",Edinburgh,"Edinburgh South","Lothian (Edinburgh)"
noun,55.89352456547376,-4.812564770929097,1708450373,6789,1988,36,Male,Y,1231,"Greenock (west: Bow Farm, Braeside, Branchton, Fort Matilda, Gateside, Greenock West, Overton, Pennyfern, Smithston)",Inverclyde,PA16,Glasgow
noun,55.842532169563185,-3.4118644775841345,1708451114,6774,2004,20,Male,Y,315,"Fairmilehead, Edinburgh",Edinburgh,"Edinburgh South","Lothian (Edinburgh)"
noun,55.93773279051385,-4.554465090310466,1708451259,6790,2004,20,Female,Y,549,Dumbarton,"West Dunbartonshire",G82,Glasgow
noun,55.543930894119896,-3.8666290912084813,1708455688,6783,2006,18,Female,Y,1168,Lesmahagow,"South Lanarkshire",ML11,Glasgow
noun,55.762144105410734,-4.6989596135838,1708456255,6797,2004,20,Female,School,817,Kilbirnie,"North Ayrshire",KA25,Ayrshire
noun,55.75831577570972,-4.269269948633431,1708458048,6801,2005,19,Female,Y,530,"East Kilbride (north: The Village, East Mains, West Mains, Lymekilns, St Leonards, Calderwood, Nerston, Stewartfield, Peel Park)","South Lanarkshire",G74,Glasgow
noun,55.41850583915496,-4.686932800833031,1708458866,6765,2005,19,Female,Y,856,"Ayr (Centre)","South Ayrshire",KA7,Ayrshire
noun,55.05812664788473,-3.949747500824783,1708460484,6802,2004,20,Female,Y,220,"Castle Douglas","Dumfries and Galloway",DG7,"Dumfries and Galloway"
noun,55.386323559169796,-4.758598818662593,1708462278,6766,2005,19,Female,Y,856,"Ayr (Centre)","South Ayrshire",KA7,Ayrshire
noun,55.93882963012197,-3.282169909611615,1708466769,6771,2004,20,Female,Y,287,"Corstorphine, Edinburgh",Edinburgh,"Edinburgh North","Lothian (Edinburgh)"
noun,55.84087748262404,-4.085424453865252,1708508333,6809,2005,19,Male,Y,526,Viewpark,"North Lanarkshire",G71,Glasgow
noun,55.86022991918604,-4.043043017433369,1708530593,6813,2005,19,Male,Y,1190,Glenboig,"North Lanarkshire",ML5,Glasgow
noun,55.82269801672385,-4.308590929986414,1708536179,6814,2004,20,Female,Y,653,"Netherlee, Glasgow",Glasgow,"Glasgow South",Glasgow
noun,55.64670713972467,-3.97160382616057,1708548313,6816,2004,20,Male,Y,1162,Blackwood,"South Lanarkshire",ML11,Glasgow
noun,55.98832067667239,-4.691465868792343,1708600007,6790,2004,20,Female,Y,549,Dumbarton,"West Dunbartonshire",G82,Glasgow
noun,55.95516068374914,-3.2832866098340614,1708618805,6825,2002,22,Female,Y,278,"Granton, Edinburgh",Edinburgh,"Edinburgh Clermiston Granton","Lothian (Edinburgh)"
noun,55.97499383751379,-3.208492360431914,1708625897,6826,2004,20,Female,Y,296,"Davidson's Mains, Edinburgh",Edinburgh,"Edinburgh North","Lothian (Edinburgh)"
noun,55.880760636833706,-4.308839572059102,1708700611,6829,2004,20,Female,Y,594,"Woodlands, Glasgow",Glasgow,"Glasgow Kelvin",Glasgow
noun,55.836721367183905,-4.506118901160315,1708708499,6831,1976,48,Male,Y,1275,Elderslie,Renfrewshire,PA5,Glasgow
noun,55.9597496205134,-3.2481365942975837,1708708539,6832,1974,50,Female,Y,278,"Granton, Edinburgh",Edinburgh,"Edinburgh Clermiston Granton","Lothian (Edinburgh)"
noun,55.94938707340306,-4.59811554560942,1708809721,6790,2004,20,Female,Y,549,Dumbarton,"West Dunbartonshire",G82,Glasgow
noun,55.947337664794105,-4.317086975833677,1708809761,6835,2005,19,Male,Y,489,Milngavie,"East Dunbartonshire",G62,Glasgow
noun,55.817593850758115,-4.24375545398355,1708955401,6838,2004,20,Female,Y,658,"Giffnock, Glasgow",Glasgow,"Glasgow South",Glasgow
noun,55.68336581359954,-4.771164187212885,1708956408,6839,2004,20,Female,Y,813,Ardrossan,"North Ayrshire",KA22,Ayrshire
noun,57.08624383480967,-2.2695071915017313,1708965158,6842,1997,27,Female,Y,132,"Peterculter, Aberdeen",Aberdeen,"Aberdeen Southwest","North East (Aberdeen)"
noun,55.78763765690568,-4.512117191197571,1708977819,6844,2006,18,Female,Y,1236,"Paisley (south: Blackhall, Castlehead, Dykebar, Foxbar, Hunterhill, Meikleriggs)",Renfrewshire,PA2,Glasgow
noun,56.06323676551241,-3.343738418944247,1708982538,6846,2005,19,Female,Y,1119,Burntisland,Fife,KY3,Fife
noun,55.91818040389347,-2.6770565916674225,1709029708,6852,2005,19,Female,Y,357,Haddington,"East Lothian",EH41,"Lothian (Edinburgh)"
noun,55.953800377526285,-4.363556793253696,1709035545,6854,2008,16,Male,School,489,Milngavie,"East Dunbartonshire",G62,Glasgow
noun,55.82807568297479,-4.317272888333183,1709037678,6859,2005,19,Female,Y,652,"King's Park, Glasgow",Glasgow,"Glasgow South",Glasgow
noun,55.95203028964777,-3.2502701385649826,1709040321,6856,2005,19,Male,Y,294,"Stockbridge, Edinburgh",Edinburgh,"Edinburgh North","Lothian (Edinburgh)"
noun,55.96570782797345,-3.150612003272806,1709041399,6861,2005,19,Female,Y,285,"Leith, Edinburgh",Edinburgh,"Edinburgh Leith","Lothian (Edinburgh)"
noun,55.8724602673526,-3.3413720288935185,1709047502,6867,2005,19,Male,Y,317,"Marchmont, Edinburgh",Edinburgh,"Edinburgh South","Lothian (Edinburgh)"
noun,55.7586285459466,-4.02133367707792,1709047675,6868,2005,19,Male,Y,1183,Hamilton,"South Lanarkshire",ML3,Glasgow
noun,56.02185622164914,-4.714854778209915,1709056239,6871,2006,18,Female,Y,566,Helensburgh,"Argyll and Bute",G84,"Argyll and Bute"
noun,55.93534241428982,-3.267669902916786,1709132427,6874,2002,22,Male,Y,296,"Davidson's Mains, Edinburgh",Edinburgh,"Edinburgh North","Lothian (Edinburgh)"
noun,56.85697078745638,-2.5104491345239643,1709150544,6875,2004,20,Female,Y,15,Auchenblae,Aberdeenshire,AB30,"North East (Aberdeen)"
noun,55.11341166670463,-3.8866950608982336,1709213336,6877,2004,20,Female,Y,207,"Dumfries (west: Broomlands, Cargenbridge, Lochside, Maxwelltown, Troqueer)","Dumfries and Galloway",DG2,"Dumfries and Galloway"
noun,55.90904520177337,-4.348171494375826,1709296116,6879,1979,45,Female,Y,488,Bearsden,"East Dunbartonshire",G61,Glasgow
noun,55.89183842196971,-3.164323302330071,1710070548,6895,1963,61,Female,Y,322,"Gilmerton, Edinburgh",Edinburgh,"Edinburgh Southeast","Lothian (Edinburgh)"
noun,55.95948521383844,-3.1481494030858252,1710072176,6897,1986,38,Female,N,285,"Leith, Edinburgh",Edinburgh,"Edinburgh Leith","Lothian (Edinburgh)"
noun,55.970743394877346,-3.181073023309239,1710073435,6897,1986,38,Female,N,285,"Leith, Edinburgh",Edinburgh,"Edinburgh Leith","Lothian (Edinburgh)"
noun,56.26469310543808,-3.1156334724370547,1710952092,6905,2004,20,Other,Y,1105,Cupar,Fife,KY15,Fife
noun,56.04757484134368,-3.430550900690568,1711118127,6908,2005,19,Female,Y,1090,"Dunfermline (south and east: Halbeath, Touch, Duloch, Masterton, Pitcorthie, Abbeyview, Brucefield, Hospital Hill, Camdean, Pitreavie)",Fife,KY11,Fife
noun,56.0583400438695,-3.426178635095839,1711118149,6908,2005,19,Female,Y,1090,"Dunfermline (south and east: Halbeath, Touch, Duloch, Masterton, Pitcorthie, Abbeyview, Brucefield, Hospital Hill, Camdean, Pitreavie)",Fife,KY11,Fife
noun,56.458932627787206,-2.987951959375497,1711393381,6909,1955,69,Female,Y,244,"Stobswell, Dundee",Dundee,"Dundee Central","Tayside and Angus (Dundee)"
noun,55.937092663183044,-2.7102200562528873,1713091220,6913,1990,34,Male,Y,357,Haddington,"East Lothian",EH41,"Lothian (Edinburgh)"
noun,55.813378538820736,-4.222263337783816,1713370117,6918,1957,67,Female,N,571,"Castlemilk, Glasgow",Glasgow,"Glasgow Castlemilk",Glasgow
noun,55.802482422715514,-4.22400994414682,1713370625,6918,1957,67,Female,N,571,"Castlemilk, Glasgow",Glasgow,"Glasgow Castlemilk",Glasgow
noun,55.61675967617741,-4.715320144251835,1713395563,6922,1963,61,Female,Y,811,Stevenston,"North Ayrshire",KA20,Ayrshire
noun,55.97235448986926,-4.199084678786376,1713452288,6924,1963,61,Female,Y,507,Kirkintilloch,"East Dunbartonshire",G66,Glasgow
noun,55.84375805171237,-4.305619901709801,1713452330,6925,1963,61,Female,Y,653,"Netherlee, Glasgow",Glasgow,"Glasgow South",Glasgow
noun,55.87600596946526,-4.881071890549546,1714163630,6936,2005,19,Female,Y,1234,"Wemyss Bay",Inverclyde,PA18,Glasgow
noun,55.91492274277699,-3.2620799008676546,1714171975,6937,2004,20,Male,Y,319,"Blackford, Edinburgh",Edinburgh,"Edinburgh South","Lothian (Edinburgh)"
noun,58.46195645790238,-3.66063353127079,1716583582,6943,1992,32,Male,Y,961,Thurso,Highland,KW14,"Highlands (Inverness)"
noun,55.77114456362601,-4.483106292471768,1718284682,6949,1988,36,Male,Y,540,Barrhead,"East Renfrewshire",G78,Glasgow
noun,55.827330286516585,-4.2885406672424615,1721857968,6961,1993,31,Female,Y,653,"Netherlee, Glasgow",Glasgow,"Glasgow South",Glasgow
noun,56.46379674435302,-3.0024027598792893,1723131744,6970,1955,69,Female,Y,244,"Stobswell, Dundee",Dundee,"Dundee Central","Tayside and Angus (Dundee)"
noun,56.417710246808376,-2.8724329289502517,1725033612,6976,1962,62,Female,Y,1114,"St Andrews",Fife,KY16,Fife
noun,55.860780133949376,-4.282953246519677,1725218860,6978,1955,69,Female,Y,591,"Hillhead, Glasgow",Glasgow,"Glasgow Kelvin",Glasgow
noun,55.4065121442054,-4.658563513580203,1726269813,6983,2003,21,Female,Y,856,"Ayr (Centre)","South Ayrshire",KA7,Ayrshire
noun,55.80270565740461,-3.238403599754605,1727865747,6989,2004,20,Female,Y,343,Penicuik,Midlothian,EH26,"Lothian (Edinburgh)"
noun,56.04329040116704,-4.7068828616220175,1727983096,6991,1997,27,Male,Y,566,Helensburgh,"Argyll and Bute",G84,"Argyll and Bute"
noun,55.77671800291445,-4.242999723949141,1730141587,6999,1987,37,Female,Y,537,Eaglesham,"East Renfrewshire",G76,Glasgow
noun,55.95422824246754,-3.1154989509018884,1730398987,7002,1998,26,Female,Y,283,"Craigentinny, Edinburgh",Edinburgh,"Edinburgh Duddingston","Lothian (Edinburgh)"
noun,55.91091696905459,-3.7518333165577196,1730405575,7004,1994,30,Female,Y,377,"Falkirk (centre and south: Arnothill, Bantaskin, Callendar Park, Glen Village, Hallglen, Lionthorn, Tamfourhill, Woodlands)",Falkirk,FK1,"Stirling and Falkirk"
noun,55.96218905896049,-4.359410536837759,1730406063,7005,1970,54,Male,N,489,Milngavie,"East Dunbartonshire",G62,Glasgow
noun,57.025814317301574,-2.3484547879532283,1730407908,7008,1987,37,Female,Y,22,Banchory,Aberdeenshire,AB31,"North East (Aberdeen)"
noun,57.62390027829702,-4.421458061553995,1730450871,7027,1960,64,Female,Y,705,Dingwall,Highland,IV15,"Highlands (Inverness)"
noun,55.93621842290553,-4.230500156994199,1730458920,7030,1987,37,Female,Y,502,Bishopbriggs,"East Dunbartonshire",G64,Glasgow
noun,55.674720545476404,-4.853810349159837,1730463745,7035,1972,52,Female,Y,814,"West Kilbride","North Ayrshire",KA23,Ayrshire
noun,56.47290623719603,-2.9692406390547035,1730465524,7036,1986,38,Female,Y,243,"Hilltown, Dundee",Dundee,"Dundee Central","Tayside and Angus (Dundee)"
noun,55.27362626347243,-3.5976809287079443,1730466488,7038,1971,53,Female,Y,186,"Dumfries (centre and east: Dalscone, Georgetown, Heathhall, Kingholm Quay, Noblehill, The Crichton)","Dumfries and Galloway",DG1,"Dumfries and Galloway"
noun,55.02847692168583,-3.402290955725972,1730466642,7038,1971,53,Female,Y,186,"Dumfries (centre and east: Dalscone, Georgetown, Heathhall, Kingholm Quay, Noblehill, The Crichton)","Dumfries and Galloway",DG1,"Dumfries and Galloway"
noun,55.47886769765549,-4.6232130801180125,1730468621,7039,1954,70,Female,Y,868,"Newton on Ayr","South Ayrshire",KA8,Ayrshire
noun,55.46870791910476,-4.622264372075582,1730468929,7039,1954,70,Female,Y,868,"Newton on Ayr","South Ayrshire",KA8,Ayrshire
noun,55.467428348578814,-4.629458358088506,1730469115,7039,1954,70,Female,Y,868,"Newton on Ayr","South Ayrshire",KA8,Ayrshire
noun,55.94955638612885,-3.180181326742719,1730474301,7044,1950,74,Female,N,263,"Longstone, Edinburgh",Edinburgh,"Edinburgh Central","Lothian (Edinburgh)"
noun,58.3526239249977,-3.6658581958980228,1730487658,7048,1992,32,Male,Y,913,Halkirk,Highland,KW12,"Highlands (Inverness)"
noun,55.99745847588261,-4.698267898056998,1730492644,7051,1980,44,Female,Y,568,Rhu,"Argyll and Bute",G84,"Argyll and Bute"
noun,57.155670294939775,-2.184084611578947,1730534757,7053,1972,52,Female,Y,107,"Rosemount, Aberdeen",Aberdeen,"Aberdeen Central","North East (Aberdeen)"
noun,57.38726405953329,-3.0478329643379385,1730535876,7054,1972,52,Male,Y,83,Huntly,Aberdeenshire,AB54,"North East (Aberdeen)"
noun,55.57565380078534,-2.877300158947646,1730559679,7057,1989,35,Female,Y,1413,Galashiels,"Scottish Borders",TD1,Borders
noun,55.863092877969876,-4.560332467906075,1730588616,7062,1968,56,Male,Y,1224,"Bridge of Weir",Renfrewshire,PA11,Glasgow
noun,55.434599290016806,-4.484984376155821,1730591695,7021,1985,39,Other,Y,852,Dalmellington,"East Ayrshire",KA6,Ayrshire
noun,57.133197587436946,-2.409083022389426,1730618874,7064,2010,14,Male,School,28,Westhill,Aberdeenshire,AB32,"North East (Aberdeen)"
noun,56.656001081271995,-2.616910177343728,1730655373,7067,1993,31,Female,Y,141,Arbroath,Angus,DD11,"Tayside and Angus (Dundee)"
noun,55.90514286791329,-3.2289144015034745,1730679907,7069,1950,74,Male,Y,305,"Oxgangs, Edinburgh",Edinburgh,"Edinburgh Oxgangs","Lothian (Edinburgh)"
noun,55.902084418960015,-3.2461811001863907,1730679935,7069,1950,74,Male,Y,305,"Oxgangs, Edinburgh",Edinburgh,"Edinburgh Oxgangs","Lothian (Edinburgh)"
noun,55.67011168717353,-4.731492509870272,1730733529,7074,1974,50,Male,Y,788,Kilwinning,"North Ayrshire",KA13,Ayrshire
noun,56.25931647108483,-2.9147876072244125,1730739793,7075,1989,35,Male,Y,1140,Leven,Fife,KY8,Fife
noun,57.247014311064454,-4.979718128956709,1730743186,7077,1964,60,Female,Y,741,Beauly,Highland,IV4,"Highlands (Inverness)"
noun,56.22513564105812,-3.0282203673572914,1730744570,7078,1995,29,Male,Y,1140,Leven,Fife,KY8,Fife
noun,56.09938028767217,-3.165986789814834,1730828222,7080,1999,25,Male,Y,1079,"Kirkcaldy (east: Linktown, Port Brae, Pathhead, Sinclairtown, Smeaton, Gallatown)",Fife,KY1,Fife
noun,56.37072889302494,-3.746607683824064,1730848141,7081,1977,47,Female,Y,1402,Crieff,"Perth and Kinross",PH7,Fife
noun,56.45364751158631,-3.0299571723120287,1731188059,7091,1953,71,Female,Y,261,"Westend, Dundee",Dundee,"Dundee West","Tayside and Angus (Dundee)"
noun,57.14962261165667,-2.12615153618605,1731344345,7093,1955,69,Male,Y,133,"Bieldside, Aberdeen",Aberdeen,"Aberdeen Southwest","North East (Aberdeen)"
noun,55.96182387772396,-4.422607802108099,1732000945,7105,1992,32,Female,Y,546,Clydebank,"West Dunbartonshire",G81,Glasgow
noun,55.9832997113214,-4.6433526844940465,1732046157,7108,1991,33,Male,Y,548,Cardross,"Argyll and Bute",G82,Glasgow
noun,58.594480443478275,-3.4959574978253354,1732526048,7115,1991,33,Male,Y,961,Thurso,Highland,KW14,"Highlands (Inverness)"
noun,55.854331898934625,-4.39994463836691,1733686969,7128,1954,70,Female,Y,1220,"Paisley (central, east and north east: Ferguslie, Oldhall, Seedhill, Williamsburgh, Whitehaugh)",Renfrewshire,PA1,Glasgow
noun,56.496988874170576,-3.5566789793971885,1733689837,7129,1964,60,Female,N,1313,"Perth (north and west: Burghmuir, Cherrybank, Hillyland, Inveralmond, Lethom, Muirton, North Muirton, Tulloch)","Perth and Kinross",PH1,Fife
noun,55.94407822628417,-3.2671717626295047,1733689870,7130,1956,68,Female,N,287,"Corstorphine, Edinburgh",Edinburgh,"Edinburgh North","Lothian (Edinburgh)"
noun,55.94467324636572,-4.560984120076275,1733691284,7131,1962,62,Female,Y,549,Dumbarton,"West Dunbartonshire",G82,Glasgow
noun,56.48692993744784,-3.270493267396844,1733693247,7133,1996,28,Female,Y,1324,"Coupar Angus","Perth and Kinross",PH13,Fife
noun,56.34196898246268,-3.725316876094853,1733702490,7136,1983,41,Female,Y,1402,Crieff,"Perth and Kinross",PH7,Fife
noun,56.10877032560615,-3.209300020934178,1733721615,7137,1964,60,Female,N,1117,"Kirkcaldy (west: Hayfield, Templehall, Newliston, Chapel, Dunnikier, Bennochy)",Fife,KY2,Fife
noun,57.57995420946497,-3.2671798634335603,1733724908,7138,1958,66,Male,Y,737,Elgin,Moray,IV30,"North East (Aberdeen)"
noun,56.54565784970107,-2.8853247198669933,1733727410,7139,2000,24,Male,Y,162,Kellas,Angus,DD5,"Tayside and Angus (Dundee)"
noun,55.909106836650665,-4.364400674854469,1733738604,7144,1962,62,Female,Y,644,"Partick, Glasgow",Glasgow,"Glasgow Northwest",Glasgow
noun,56.4693014331538,-3.030920829745478,1733752134,7146,1960,64,Male,Y,245,"Law, Dundee",Dundee,"Dundee Central","Tayside and Angus (Dundee)"
noun,56.476996796181005,-3.5520530488837885,1733756614,7147,1959,65,Female,Y,1313,"Perth (north and west: Burghmuir, Cherrybank, Hillyland, Inveralmond, Lethom, Muirton, North Muirton, Tulloch)","Perth and Kinross",PH1,Fife
noun,55.82231451453351,-4.807302675717534,1733772705,7149,1967,57,Female,Y,842,Largs,"North Ayrshire",KA30,Ayrshire
noun,57.421280691083105,-4.204144168845814,1733780503,7151,1980,44,Male,Y,714,"Inverness (east: Culcabock, Crown, Culduthel, Drummond, Haugh, Hilton, Holm, Lochardil, Millburn, Raigmore)",Highland,IV2,"Highlands (Inverness)"
noun,56.46214216217633,-2.984929637190728,1733782531,7152,1949,75,Male,Y,245,"Law, Dundee",Dundee,"Dundee Central","Tayside and Angus (Dundee)"
noun,56.139947715935335,-3.213199092274119,1733819149,7153,1966,58,Female,Y,1117,"Kirkcaldy (west: Hayfield, Templehall, Newliston, Chapel, Dunnikier, Bennochy)",Fife,KY2,Fife
noun,56.19778132792392,-3.2916810945505945,1733819173,7154,1956,68,Female,Y,1129,"Glenrothes (west: Caskieberran, Rimbleton, Macedonia, Tanshall)",Fife,KY6,Fife
noun,56.15318998257751,-3.2368976488311314,1733819311,7153,1966,58,Female,Y,1117,"Kirkcaldy (west: Hayfield, Templehall, Newliston, Chapel, Dunnikier, Bennochy)",Fife,KY2,Fife
noun,55.954475762055544,-3.223991591316179,1733820511,7155,1962,62,Male,Y,297,"Blackhall, Edinburgh",Edinburgh,"Edinburgh North","Lothian (Edinburgh)"
noun,55.90739584243901,-4.1932206250959245,1733923183,7165,1969,55,Female,Y,602,"Baillieston, Glasgow",Glasgow,"Glasgow Northeast",Glasgow
noun,55.9512414599912,-3.2189828634692708,1733950996,7169,1969,55,Male,Y,298,"Inverleith, Edinburgh",Edinburgh,"Edinburgh North","Lothian (Edinburgh)"
noun,55.87585115612068,-4.347975087176235,1733951437,7170,1981,43,Female,Y,638,"Drumchapel, Glasgow",Glasgow,"Glasgow Northwest",Glasgow
noun,56.43022299835255,-3.4224049093564712,1733962336,7172,1973,51,Female,Y,1354,"Perth (south and east: Barnhill, Bridgend, Craigie, Kincarrathie, Upper Craigie)","Perth and Kinross",PH2,Fife
noun,56.48378308317511,-2.8280365943760444,1734026346,7185,2000,24,Male,Y,247,"Broughty Ferry, Dundee",Dundee,"Dundee East","Tayside and Angus (Dundee)"
noun,55.849597051674195,-4.344133050698835,1734106966,7187,1945,79,Male,Y,661,"Govanhill, Glasgow",Glasgow,"Glasgow Southwest",Glasgow
noun,55.82807413670186,-3.3680132449971465,1734130220,7193,1964,60,Female,Y,317,"Marchmont, Edinburgh",Edinburgh,"Edinburgh South","Lothian (Edinburgh)"
noun,55.67003749902745,-3.998987316162735,1734212770,7197,1961,63,Female,Y,1217,Larkhall,"North Lanarkshire",ML9,Glasgow
noun,56.269683252378805,-3.4658028351749373,1734296511,7202,1985,39,Female,Y,1346,Glenfarg,"Perth and Kinross",PH2,Fife
noun,55.876072401751934,-3.656473036089037,1734984832,7208,1996,28,Female,Y,368,Bathgate,"West Lothian",EH48,"Lothian (Edinburgh)"
noun,55.913868441801284,-3.6140668555245106,1734984920,7208,1996,28,Female,Y,368,Bathgate,"West Lothian",EH48,"Lothian (Edinburgh)"
noun,56.09673436235888,-3.6030153172658457,1735722134,7209,1949,76,Male,Y,1096,"Dunfermline (centre, north, west: Abbey Parks, Lady's Mill, Garvock, Headwell, Kingseathill, Wellwood, Milesmark, Baldridge, Pittencrieff, Baldridgeburn)",Fife,KY12,Fife
noun,56.06166986819728,-3.528468918400597,1735992760,7210,1948,77,Male,Y,1096,"Dunfermline (centre, north, west: Abbey Parks, Lady's Mill, Garvock, Headwell, Kingseathill, Wellwood, Milesmark, Baldridge, Pittencrieff, Baldridgeburn)",Fife,KY12,Fife
noun,55.93845342587434,-4.7482775949575515,1736007285,7211,1992,33,Male,Y,1230,"Greenock (central and east: Bogston, Bridgend, Cartsdyke, Gibshill, Greenock Central, Ladyburn, Upper Ingleston)",Inverclyde,PA15,Glasgow
noun,55.912140274269845,-3.310508910603151,1736154369,7212,1987,38,Male,Y,319,"Blackford, Edinburgh",Edinburgh,"Edinburgh South","Lothian (Edinburgh)"
noun,55.93889685401664,-3.0176586607168474,1736179504,7219,1955,70,Female,N,330,Musselburgh,"East Lothian",EH21,"Lothian (Edinburgh)"
noun,56.17472394403093,-3.612828804108199,1736198388,7221,1978,47,Female,Y,397,Dollar,Clackmannanshire,FK14,"Stirling and Falkirk"
noun,57.61730888730942,-4.123286264603176,1736255041,7228,1995,30,Female,Y,700,Fortrose,Highland,IV10,"Highlands (Inverness)"
noun,56.4913446468455,-6.257294397368678,1736512616,7232,2003,22,Female,Y,1296,"Ballygown, Isle of Mull","Argyll and Bute",PA73,"Argyll and Bute"
noun,56.4712781747494,-2.8905894235471585,1736771596,7235,2003,22,Female,Y,247,"Broughty Ferry, Dundee",Dundee,"Dundee East","Tayside and Angus (Dundee)"
noun,55.943849684385555,-3.9426248446944183,1736862676,7243,2004,21,Female,Y,514,"Cumbernauld (south: Condorrat, Lenziemill, Carbrain, Kildrum, Cumbernauld Village, Abronhill, Seafar)","North Lanarkshire",G67,Glasgow
noun,56.069240364360056,-4.8578769086984215,1737124602,7252,1956,69,Female,Y,566,Helensburgh,"Argyll and Bute",G84,"Argyll and Bute"
noun,57.330851281004364,-2.0705179406378926,1737369968,7257,1997,28,Male,Y,49,Ellon,Aberdeenshire,AB41,"North East (Aberdeen)"
noun,57.1268973214404,-2.1841206199920316,1737377778,7259,1980,45,Female,Y,134,"Cults, Aberdeen",Aberdeen,"Aberdeen Southwest","North East (Aberdeen)"
noun,55.782559791375014,-4.108307151192391,1737378511,7260,1992,33,Male,Y,528,Blantyre,"South Lanarkshire",G72,Glasgow
noun,56.21471492835576,-3.984223486538558,1737380086,7261,1977,48,Male,Y,405,Dunblane,Stirlingshire,FK15,"Stirling and Falkirk"
noun,56.46328992687946,-3.0302191404755012,1737404063,7262,2000,25,Other,Y,261,"Westend, Dundee",Dundee,"Dundee West","Tayside and Angus (Dundee)"
noun,55.85611826622343,-3.3432104448792543,1737577281,2919,1991,31,Male,Y,311,"Currie, Edinburgh",Edinburgh,"Edinburgh South","Lothian (Edinburgh)"
noun,56.116807132198545,-3.8993572248402413,1738096732,7274,2004,21,Female,Y,464,"Stirling (south and east: Braehead, Borestone, Broomridge, Torbrex)",Stirlingshire,FK7,"Stirling and Falkirk"
noun,55.948535094478174,-4.806582045757131,1739289770,7293,2006,19,Male,Y,1235,Gourock,Inverclyde,PA19,Glasgow
noun,55.947025368239466,-4.833741410826782,1739394049,7293,2006,19,Male,Y,1235,Gourock,Inverclyde,PA19,Glasgow
noun,57.81617163386145,-4.284931389598385,1739444779,7302,2011,14,Female,School,711,Tain,Highland,IV19,"Highlands (Inverness)"
noun,57.76917966991478,-4.185128633063916,1739444811,7298,2012,13,Male,School,708,Invergordon,Highland,IV18,"Highlands (Inverness)"
noun,57.759434623110295,-4.059942483386305,1739444824,7299,2011,14,Female,School,708,Invergordon,Highland,IV18,"Highlands (Inverness)"
noun,57.75259442314287,-4.129455719323035,1739444861,7301,2011,14,Female,School,708,Invergordon,Highland,IV18,"Highlands (Inverness)"
noun,57.80383839282039,-4.529481675186295,1739444939,7304,2011,14,Female,School,707,Alness,Highland,IV17,"Highlands (Inverness)"
noun,57.7311095301641,-4.090683028044322,1739444974,7305,2011,14,Male,School,708,Invergordon,Highland,IV18,"Highlands (Inverness)"
noun,57.74001482666143,-4.032819413318742,1739444977,7308,2012,13,Male,N,708,Invergordon,Highland,IV18,"Highlands (Inverness)"
noun,57.71897011196798,-4.171223839559285,1739445026,7307,2011,14,Female,School,708,Invergordon,Highland,IV18,"Highlands (Inverness)"
noun,57.726305263300645,-4.1237617780852585,1739445065,7300,2011,14,Female,School,708,Invergordon,Highland,IV18,"Highlands (Inverness)"
noun,57.714787073987594,-4.230734179761284,1739445313,7306,2011,14,Male,School,708,Invergordon,Highland,IV18,"Highlands (Inverness)"
noun,57.727421815538904,-4.18557011977683,1739450602,7285,2010,15,Female,School,708,Invergordon,Highland,IV18,"Highlands (Inverness)"
noun,57.717213228457325,-4.156327515410058,1739450634,7290,2010,15,Female,School,708,Invergordon,Highland,IV18,"Highlands (Inverness)"
noun,57.73097939274972,-4.05867195551078,1739450667,7315,2010,15,Male,School,708,Invergordon,Highland,IV18,"Highlands (Inverness)"
noun,57.78887102375598,-4.400806006747327,1739450705,7316,2010,15,Male,School,707,Alness,Highland,IV17,"Highlands (Inverness)"
noun,57.74083011072852,-4.057195399500267,1739450786,7284,2010,15,Male,School,708,Invergordon,Highland,IV18,"Highlands (Inverness)"
noun,57.74896572363472,-4.118166048693573,1739450877,7286,2010,15,Male,School,708,Invergordon,Highland,IV18,"Highlands (Inverness)"
noun,57.21944645052805,-2.1363422754150783,1739451050,7289,2010,15,Male,N,109,"Hazelhead, Aberdeen",Aberdeen,"Aberdeen North","North East (Aberdeen)"
noun,57.70951937553906,-4.120082696422612,1739451225,7290,2010,15,Female,School,708,Invergordon,Highland,IV18,"Highlands (Inverness)"
noun,57.74574761849145,-4.3066018697214385,1739451514,7316,2010,15,Male,School,707,Alness,Highland,IV17,"Highlands (Inverness)"
noun,57.73775280826097,-4.193265133973987,1739451633,7317,2010,15,Male,School,708,Invergordon,Highland,IV18,"Highlands (Inverness)"
noun,57.71803245822964,-4.174576383081544,1739524218,7295,2011,14,Male,School,708,Invergordon,Highland,IV18,"Highlands (Inverness)"
noun,55.95025074663343,-3.2347297998908617,1739524304,7318,2012,13,Male,School,298,"Inverleith, Edinburgh",Edinburgh,"Edinburgh North","Lothian (Edinburgh)"
noun,57.72194154574184,-4.132112032546263,1739525823,7296,2011,14,Male,N,708,Invergordon,Highland,IV18,"Highlands (Inverness)"
noun,55.937534891516464,-4.717662346409009,1739803024,7320,1997,28,Female,Y,1230,"Greenock (central and east: Bogston, Bridgend, Cartsdyke, Gibshill, Greenock Central, Ladyburn, Upper Ingleston)",Inverclyde,PA15,Glasgow
noun,57.38620294687821,-6.62702702862631,1740179796,7323,1956,69,Female,Y,768,"Dunvegan, Isle of Skye",Highland,IV55,"Highlands (Inverness)"
noun,55.806091038493534,-4.241851904411108,1741010770,7325,2005,20,Female,Y,571,"Castlemilk, Glasgow",Glasgow,"Glasgow Castlemilk",Glasgow
noun,57.50714717102706,-4.281949272692824,1741205157,7345,2003,22,Male,Y,699,"Inverness (centre, north: Longman)",Highland,IV1,"Highlands (Inverness)"
noun,56.075929936032665,-3.7884719490584717,1741620617,7352,2006,19,Male,Y,422,"Falkirk (north: Grahamston, Middlefield, Westfield)",Falkirk,FK2,"Stirling and Falkirk"
noun,55.9369364765605,-3.2319291170815894,1741712269,7356,1965,60,Female,Y,308,"Liberton, Edinburgh",Edinburgh,"Edinburgh South","Lothian (Edinburgh)"
noun,56.48255871343231,-2.967749793525729,1745838754,7367,1963,62,Male,Y,252,"Linlathen and Midcraigie, Dundee",Dundee,"Dundee North","Tayside and Angus (Dundee)"
noun,56.80706976142856,-3.1409548493540127,1747990733,7371,1990,35,Female,Y,181,Kirriemuir,Angus,DD8,"Tayside and Angus (Dundee)"
noun,55.84821001298432,-4.30170349262132,1748429459,7374,2010,15,Male,School,650,"Newlands, Glasgow",Glasgow,"Glasgow South",Glasgow
noun,55.93683338537555,-3.246687203717383,1749589428,7377,1965,60,Female,Y,270,"Meadows and Southside, Edinburgh",Edinburgh,"Edinburgh Central","Lothian (Edinburgh)"
noun,55.92567834828824,-3.3079440788732484,1749589446,7377,1965,60,Female,Y,270,"Meadows and Southside, Edinburgh",Edinburgh,"Edinburgh Central","Lothian (Edinburgh)"
noun,55.64323103264342,-3.987519553383649,1751561484,7384,2008,17,Other,School,1167,Lanark,"South Lanarkshire",ML11,Glasgow
noun,55.88150012094674,-4.318538021985726,1752511176,7386,2004,21,Female,Y,591,"Hillhead, Glasgow",Glasgow,"Glasgow Kelvin",Glasgow
noun,55.928074482987036,-3.5952556433894567,1752843975,7388,1993,32,Male,Y,368,Bathgate,"West Lothian",EH48,"Lothian (Edinburgh)"
noun,56.21935335512849,-3.5302757492189483,1756033535,7393,2002,23,Female,Y,1098,Kinross,"Perth and Kinross",KY13,Fife
noun,55.139155602392634,-3.6799394518086292,1756898729,7394,2001,24,Female,Y,186,"Dumfries (centre and east: Dalscone, Georgetown, Heathhall, Kingholm Quay, Noblehill, The Crichton)","Dumfries and Galloway",DG1,"Dumfries and Galloway"
noun,55.91525623644421,-4.3367708822556565,1759488360,7402,2005,20,Female,Y,488,Bearsden,"East Dunbartonshire",G61,Glasgow
noun,55.86459258389512,-4.280606195267766,1759668985,7405,1997,28,Female,Y,587,"Jordanhill, Glasgow",Glasgow,"Glasgow Kelvin",Glasgow
noun,57.67368351473327,-3.3205376880279633,1760240042,7409,1993,32,Female,Y,737,Elgin,Moray,IV30,"North East (Aberdeen)"
noun,57.1320236177445,-2.1167030460282557,1760907455,7411,1958,67,Female,Y,132,"Peterculter, Aberdeen",Aberdeen,"Aberdeen Southwest","North East (Aberdeen)"
noun,55.97432201772991,-3.1931761906121494,1760962354,7412,2004,21,Female,Y,287,"Corstorphine, Edinburgh",Edinburgh,"Edinburgh North","Lothian (Edinburgh)"
noun,56.08192633833405,-3.7235619194425533,1763650317,7425,1945,80,Male,Y,391,Alloa,Clackmannanshire,FK10,"Stirling and Falkirk"
noun,56.464731080763436,-3.0252758614527107,1763661218,7427,1962,63,Female,Y,244,"Stobswell, Dundee",Dundee,"Dundee Central","Tayside and Angus (Dundee)"
noun,55.85812270735955,-3.415980671217742,1763759808,7430,1970,55,Male,Y,317,"Marchmont, Edinburgh",Edinburgh,"Edinburgh South","Lothian (Edinburgh)"
noun,55.9032941973689,-3.254408115800322,1763983297,7432,1980,45,Other,Y,309,"Cameron Toll, Edinburgh",Edinburgh,"Edinburgh South","Lothian (Edinburgh)"
noun,57.1200979289021,-2.294972415723334,1764144487,7433,1999,26,Female,Y,128,"Mannofield, Aberdeen",Aberdeen,"Aberdeen Southwest","North East (Aberdeen)"
noun,55.846029528096565,-3.289471970729274,1764681988,7436,1948,77,Female,Y,343,Penicuik,Midlothian,EH26,"Lothian (Edinburgh)"
noun,55.829035599666156,-4.268023756770509,1765222184,7440,2004,21,Female,Y,660,"Arden, Glasgow",Glasgow,"Glasgow South",Glasgow
noun,56.06085790973568,-3.252751413265826,1765742275,7442,2012,13,Male,School,1119,Burntisland,Fife,KY3,Fife
noun,55.91254541066615,-4.379530528942661,1766627228,7445,2008,17,Male,School,641,"Knightswood, Glasgow",Glasgow,"Glasgow Northwest",Glasgow
noun,55.864807860999726,-4.130627986966437,1766861513,7448,2008,17,Male,School,634,"Maryhill, Glasgow",Glasgow,"Glasgow Northeast",Glasgow
noun,55.779301464012796,-3.0610860412696685,1767201955,7449,1951,74,Female,N,338,Gorebridge,Midlothian,EH23,"Lothian (Edinburgh)"
noun,55.89739508373412,-4.340981213108979,1768033991,7453,1996,30,Female,Y,644,"Partick, Glasgow",Glasgow,"Glasgow Northwest",Glasgow
noun,56.62905622500376,-2.576636130910032,1768313864,7460,1994,32,Male,N,141,Arbroath,Angus,DD11,"Tayside and Angus (Dundee)"
noun,56.804700631690245,-2.5413060335197417,1768381913,7462,2004,22,Female,Y,18,Laurencekirk,Aberdeenshire,AB30,"North East (Aberdeen)"
noun,57.68891441233932,-4.174975636385083,1768491100,7283,2010,15,Other,School,708,Invergordon,Highland,IV18,"Highlands (Inverness)"
noun,55.8981580964156,-3.159132711687122,1768846925,7471,2003,23,Female,Y,322,"Gilmerton, Edinburgh",Edinburgh,"Edinburgh Southeast","Lothian (Edinburgh)"
noun,55.820893553264305,-4.38133605639775,1769176306,7480,1985,41,Female,Y,677,"Hillington, Glasgow",Glasgow,"Glasgow Southwest",Glasgow
noun,55.95064194344743,-3.9471285335430153,1769528995,7487,1992,34,Male,Y,514,"Cumbernauld (south: Condorrat, Lenziemill, Carbrain, Kildrum, Cumbernauld Village, Abronhill, Seafar)","North Lanarkshire",G67,Glasgow
noun,56.08534833648694,-4.258118237274282,1769529331,7485,1993,33,Male,Y,492,Balfron,Stirlingshire,G63,"Stirling and Falkirk"
noun,55.84818378197155,-4.41108387180365,1770196178,7498,2011,15,Male,School,1221,Ralston,Renfrewshire,PA1,Glasgow
noun,55.84254456586882,-4.399995901239295,1770196719,7497,2011,15,Female,School,1221,Ralston,Renfrewshire,PA1,Glasgow
noun,55.82807724802927,-4.378281423645032,1770196867,7501,2011,15,Other,School,1236,"Paisley (south: Blackhall, Castlehead, Dykebar, Foxbar, Hunterhill, Meikleriggs)",Renfrewshire,PA2,Glasgow
noon,57.23586577350274,-2.1903519123933495,1653839014,8,1986,36,Female,Y,117,Balmedie,Aberdeenshire,"Aberdeen North","North East (Aberdeen)"
noon,57.19965940011893,-2.1175440094883267,1653839910,8,1986,36,Female,Y,117,Balmedie,Aberdeenshire,"Aberdeen North","North East (Aberdeen)"
noon,56.71732021309052,-3.0633151249923283,1653854407,33,1966,56,Female,Y,179,Forfar,Angus,DD8,"Tayside and Angus (Dundee)"
noon,57.13545064955372,-2.178516884216236,1653855711,35,1959,63,Male,N,113,"Bridge of Don, Aberdeen",Aberdeen,"Aberdeen North","North East (Aberdeen)"
noon,57.51119720114428,-2.648557736249585,1653863790,64,1982,40,Female,Y,87,Glass,Aberdeenshire,AB54,"North East (Aberdeen)"
noon,57.19014165745552,-3.0191108186764937,1653866939,68,1975,47,Female,N,40,Strathdon,Aberdeenshire,AB36,"North East (Aberdeen)"
noon,57.16336261240153,-3.156229430909129,1653893563,84,1975,47,Female,N,40,Strathdon,Aberdeenshire,AB36,"North East (Aberdeen)"
noon,57.14956957425866,-2.171902646160791,1653896409,56,1963,59,Male,N,104,"Tillydrone, Aberdeen",Aberdeen,"Aberdeen Central","North East (Aberdeen)"
noon,57.578905894630324,-2.4153541999327626,1653897504,87,1960,62,Female,Y,78,Turriff,Aberdeenshire,AB53,"North East (Aberdeen)"
noon,57.171577770045175,-2.112185961176203,1653909567,113,1989,33,Male,N,101,"Sheddocksley, Aberdeen",Aberdeen,"Aberdeen Central","North East (Aberdeen)"
noon,56.76611262867161,-2.5987016651644814,1653939233,146,1971,51,Female,N,182,Brechin,Angus,DD9,"Tayside and Angus (Dundee)"
noon,55.91360053336515,-2.9021067209102003,1653994791,158,1998,24,Other,Y,350,Pencaitland,"East Lothian",EH34,"Lothian (Edinburgh)"
noon,0,0,1654099077,43,1955,67,Female,Y,115,"Grandholm, Aberdeen",Aberdeen,"Aberdeen North","North East (Aberdeen)"
noon,55.87629202102893,-4.148802246397963,1654107934,169,1961,61,Female,Y,609,"Garthamlock, Glasgow",Glasgow,"Glasgow Northeast",Glasgow
noon,57.514848537586026,-2.8024738941366927,1654295794,180,1985,37,Male,Y,83,Huntly,Aberdeenshire,AB54,"North East (Aberdeen)"
noon,0,0,1654608817,65,1986,36,Female,Y,264,"Slateford, Edinburgh",Edinburgh,"Edinburgh Central","Lothian (Edinburgh)"
noon,0,0,1654768519,65,1986,36,Female,Y,264,"Slateford, Edinburgh",Edinburgh,"Edinburgh Central","Lothian (Edinburgh)"
noon,0,0,1654768933,65,1986,36,Female,Y,264,"Slateford, Edinburgh",Edinburgh,"Edinburgh Central","Lothian (Edinburgh)"
noon,57.629650001169885,-2.478898591439112,1655111956,187,2005,17,Male,School,62,Portsoy,Aberdeenshire,AB45,"North East (Aberdeen)"
noon,57.61518488414375,-2.681167934712151,1655112070,188,2005,17,Female,School,63,Whitehills,Aberdeenshire,AB45,"North East (Aberdeen)"
noon,57.59573950101444,-2.608445423491156,1655112074,194,2005,17,Female,School,59,Banff,Aberdeenshire,AB45,"North East (Aberdeen)"
noon,57.671713850751544,-2.492192935089231,1655112077,192,2005,17,Female,School,58,Macduff,Aberdeenshire,AB44,"North East (Aberdeen)"
noon,57.52534637483312,-2.8869033061058897,1655112077,193,2006,16,Female,School,79,Aberchirder,Aberdeenshire,AB54,"North East (Aberdeen)"
noon,57.61651837534198,-2.515960841769086,1655112080,190,2005,17,Female,School,63,Whitehills,Aberdeenshire,AB45,"North East (Aberdeen)"
noon,57.665478824866454,-2.331085753520226,1655112085,195,2005,17,Female,School,59,Banff,Aberdeenshire,AB45,"North East (Aberdeen)"
noon,57.67218043975518,-2.577799606242306,1655112087,196,2005,17,Female,School,60,Cornhill,Aberdeenshire,AB45,"North East (Aberdeen)"
noon,57.63280001234152,-2.762733572086928,1655112091,201,2006,16,Male,N,59,Banff,Aberdeenshire,AB45,"North East (Aberdeen)"
noon,57.58423453895716,-2.5540789691178656,1655112092,200,2007,15,Male,School,59,Banff,Aberdeenshire,AB45,"North East (Aberdeen)"
noon,57.6448774027434,-2.4000955417699235,1655112095,203,2006,16,Male,School,59,Banff,Aberdeenshire,AB45,"North East (Aberdeen)"
noon,57.6714845008566,-2.4964587117129717,1655112109,191,2005,17,Female,School,58,Macduff,Aberdeenshire,AB44,"North East (Aberdeen)"
noon,57.65903347055223,-2.481801418783596,1655112109,204,2007,15,Male,School,58,Macduff,Aberdeenshire,AB44,"North East (Aberdeen)"
noon,57.46664577342825,-2.666321361982685,1655112121,199,2007,15,Male,School,79,Aberchirder,Aberdeenshire,AB54,"North East (Aberdeen)"
noon,57.57628252677666,-2.556402937532438,1655112128,198,2006,16,Female,School,60,Cornhill,Aberdeenshire,AB45,"North East (Aberdeen)"
noon,57.60599482761677,-2.5784280048948203,1655112357,195,2005,17,Female,School,59,Banff,Aberdeenshire,AB45,"North East (Aberdeen)"
noon,0,0,1655133202,43,1955,67,Female,Y,115,"Grandholm, Aberdeen",Aberdeen,"Aberdeen North","North East (Aberdeen)"
noon,55.01946824035292,-3.6016090810529615,1655185253,207,1991,31,Male,Y,207,"Dumfries (west: Broomlands, Cargenbridge, Lochside, Maxwelltown, Troqueer)","Dumfries and Galloway",DG2,"Dumfries and Galloway"
noon,57.62434586777283,-2.7997431561451096,1655212747,215,2006,16,Male,School,94,Portgordon,Moray,AB56,"North East (Aberdeen)"
noon,57.62840442586774,-2.896016420163556,1655212756,220,2007,15,Male,N,90,Buckie,Moray,AB56,"North East (Aberdeen)"
noon,57.62746462450115,-2.852127490169217,1655212757,221,2006,16,Female,School,90,Buckie,Moray,AB56,"North East (Aberdeen)"
noon,57.68263881948136,-2.8474558096768656,1655212758,228,2006,16,Male,School,95,Portknockie,Moray,AB56,"North East (Aberdeen)"
noon,57.625905202372586,-2.7931050512549183,1655212763,216,2006,16,Female,School,90,Buckie,Moray,AB56,"North East (Aberdeen)"
noon,57.604725519697986,-2.969282701400644,1655212774,225,2006,16,Male,School,90,Buckie,Moray,AB56,"North East (Aberdeen)"
noon,57.65460523061162,-2.8882164326373285,1655213112,231,2006,16,Female,School,90,Buckie,Moray,AB56,"North East (Aberdeen)"
noon,55.82479394949608,-4.0917514042390835,1655216841,214,1999,23,Female,Y,634,"Maryhill, Glasgow",Glasgow,"Glasgow Northeast",Glasgow
noon,55.90400048062347,-4.171069977131843,1655220013,214,1999,23,Female,Y,634,"Maryhill, Glasgow",Glasgow,"Glasgow Northeast",Glasgow
noon,57.6236566517699,-2.8360772479709864,1655291167,239,2008,14,Female,School,90,Buckie,Moray,AB56,"North East (Aberdeen)"
noon,57.62514217011546,-2.823857111649282,1655291449,254,2008,14,Female,School,92,Findochty,Moray,AB56,"North East (Aberdeen)"
noon,57.676551343803865,-2.904012651096839,1655291493,245,2008,14,Female,School,95,Portknockie,Moray,AB56,"North East (Aberdeen)"
noon,57.67879774686628,-2.897584693334463,1655291516,241,2008,14,Female,N,90,Buckie,Moray,AB56,"North East (Aberdeen)"
noon,57.638375412229344,-2.8566000592676204,1655291521,237,2009,13,Female,School,90,Buckie,Moray,AB56,"North East (Aberdeen)"
noon,57.61517278277911,-2.911689315819376,1655291528,236,2008,14,Male,School,90,Buckie,Moray,AB56,"North East (Aberdeen)"
noon,57.66164779243832,-2.924026673204528,1655291545,244,2008,14,Male,School,90,Buckie,Moray,AB56,"North East (Aberdeen)"
noon,57.60479817019745,-2.9551347688798004,1655291545,238,2008,14,Female,N,90,Buckie,Moray,AB56,"North East (Aberdeen)"
noon,57.662224750267846,-2.995641579076706,1655291557,242,2008,14,Male,School,90,Buckie,Moray,AB56,"North East (Aberdeen)"
noon,57.690204485906264,-2.8695177903740854,1655291576,248,2008,14,Male,School,90,Buckie,Moray,AB56,"North East (Aberdeen)"
noon,57.63673253378001,-2.88998731178548,1655291576,250,2009,13,Female,School,90,Buckie,Moray,AB56,"North East (Aberdeen)"
noon,57.66480979058295,-3.009520273106941,1655293615,270,2006,16,Male,N,90,Buckie,Moray,AB56,"North East (Aberdeen)"
noon,57.64664359191143,-2.8837461952224617,1655293696,267,2006,16,Female,School,90,Buckie,Moray,AB56,"North East (Aberdeen)"
noon,57.69071515049069,-2.8690146638899825,1655293736,265,2006,16,Female,School,95,Portknockie,Moray,AB56,"North East (Aberdeen)"
noon,57.68748982834852,-2.7922763829395665,1655293984,258,2006,16,Female,School,90,Buckie,Moray,AB56,"North East (Aberdeen)"
noon,57.678935341398386,-2.8286729467582163,1655294066,276,2006,16,Male,School,90,Buckie,Moray,AB56,"North East (Aberdeen)"
noon,57.63982007555965,-3.045732385025392,1655299566,283,2006,16,Male,School,90,Buckie,Moray,AB56,"North East (Aberdeen)"
noon,57.656378844493666,-2.8672643310686867,1655299764,292,2006,16,Male,School,90,Buckie,Moray,AB56,"North East (Aberdeen)"
noon,57.62713943963236,-2.9669380666633973,1655299770,296,2006,16,Female,School,90,Buckie,Moray,AB56,"North East (Aberdeen)"
noon,57.58610708455618,-2.1524418470916573,1655299788,289,2006,16,Female,School,57,Fraserburgh,Aberdeenshire,AB43,"North East (Aberdeen)"
noon,57.65077080090075,-2.855622928899415,1655299848,286,2006,16,Male,School,90,Buckie,Moray,AB56,"North East (Aberdeen)"
noon,57.670125664817945,-2.919854628357793,1655300082,284,2006,16,Male,School,90,Buckie,Moray,AB56,"North East (Aberdeen)"
noon,57.68237177712269,-2.924406727615431,1655300121,279,2006,16,Female,School,90,Buckie,Moray,AB56,"North East (Aberdeen)"
noon,57.59992476684009,-2.9913640864654214,1655300166,293,2006,16,Male,School,90,Buckie,Moray,AB56,"North East (Aberdeen)"
noon,57.61954081247987,-2.805314766997375,1655300179,295,2006,16,Female,School,90,Buckie,Moray,AB56,"North East (Aberdeen)"
noon,57.67666063067115,-2.834172872094837,1655300191,290,2006,16,Female,School,94,Portgordon,Moray,AB56,"North East (Aberdeen)"
noon,57.61522484190212,-2.9849843817405404,1655300508,280,2006,16,Female,School,90,Buckie,Moray,AB56,"North East (Aberdeen)"
noon,57.68201595961765,-3.3654046432537963,1655300514,281,2006,16,Female,School,737,Elgin,Moray,IV30,"North East (Aberdeen)"
noon,0,0,1655979477,65,1986,36,Female,Y,264,"Slateford, Edinburgh",Edinburgh,"Edinburgh Central","Lothian (Edinburgh)"
noon,0,0,1655993774,65,1986,36,Female,Y,264,"Slateford, Edinburgh",Edinburgh,"Edinburgh Central","Lothian (Edinburgh)"
noon,0,0,1659429136,43,1955,67,Female,Y,115,"Grandholm, Aberdeen",Aberdeen,"Aberdeen North","North East (Aberdeen)"
noon,0,0,1659530122,43,1955,67,Female,Y,115,"Grandholm, Aberdeen",Aberdeen,"Aberdeen North","North East (Aberdeen)"
noon,0,0,1661962889,43,1955,67,Female,Y,115,"Grandholm, Aberdeen",Aberdeen,"Aberdeen North","North East (Aberdeen)"
noon,57.65779040101426,-2.8294875666470185,1662550987,326,2005,17,Female,Y,90,Buckie,Moray,AB56,"North East (Aberdeen)"
noon,0,0,1662715510,43,1955,67,Female,Y,115,"Grandholm, Aberdeen",Aberdeen,"Aberdeen North","North East (Aberdeen)"
noon,57.66760757329296,-2.9997058496815345,1662981761,328,2006,16,Female,N,90,Buckie,Moray,AB56,"North East (Aberdeen)"
noon,57.655270690669255,-2.9939773451207548,1662982074,329,2005,17,Female,N,90,Buckie,Moray,AB56,"North East (Aberdeen)"
noon,57.651446370235746,-3.0218700054109844,1662982487,330,2004,18,Female,School,90,Buckie,Moray,AB56,"North East (Aberdeen)"
noon,60.1561145324599,-1.2355752642754754,1663062118,331,1985,37,Male,Y,1501,Scalloway,"Shetland Isles",ZE1,"Shetland Islands"
noon,60.5573300507921,-1.0374621838776867,1663158167,336,2008,14,Male,School,1512,Brae,"Shetland Isles",ZE2,"Shetland Islands"
noon,60.586618445228716,-1.4437756810368403,1663158169,334,2008,14,Male,School,1621,Vidlin,"Shetland Isles",ZE2,"Shetland Islands"
noon,60.51988803390968,-1.0938118540409225,1663158183,343,2008,14,Female,School,1622,Voe,"Shetland Isles",ZE2,"Shetland Islands"
noon,60.519398047109455,-1.1170320859873695,1663158184,342,2007,15,Male,School,1622,Voe,"Shetland Isles",ZE2,"Shetland Islands"
noon,60.09347775537656,-1.3027186950531564,1663158271,346,2008,14,Male,School,1512,Brae,"Shetland Isles",ZE2,"Shetland Islands"
noon,60.435860289442644,-1.4451064450987474,1663158585,344,2008,14,Female,School,1521,Busta,"Shetland Isles",ZE2,"Shetland Islands"
noon,60.365672259629406,-1.0907112776059373,1663158607,338,2008,14,Female,School,1512,Brae,"Shetland Isles",ZE2,"Shetland Islands"
noon,60.57533151955948,-1.1154658234256933,1663158642,346,2008,14,Male,School,1512,Brae,"Shetland Isles",ZE2,"Shetland Islands"
noon,60.6316146468814,-1.0665241783578012,1663158825,336,2008,14,Male,School,1512,Brae,"Shetland Isles",ZE2,"Shetland Islands"
noon,60.48083474748209,-1.5911106108753819,1663159030,341,2008,14,Male,School,1512,Brae,"Shetland Isles",ZE2,"Shetland Islands"
noon,60.05743080818277,-1.2825035270731178,1663159486,348,2008,14,Female,School,1512,Brae,"Shetland Isles",ZE2,"Shetland Islands"
noon,60.808457290497245,-0.8303549034010991,1663161013,354,2008,14,Female,School,1582,Mossbank,"Shetland Isles",ZE2,"Shetland Islands"
noon,60.268240327830846,-1.32830941962555,1663161025,352,2008,14,Male,N,1584,"North Roe","Shetland Isles",ZE2,"Shetland Islands"
noon,60.427412017790864,-1.2142519201118258,1663161035,355,2008,14,Female,N,1584,"North Roe","Shetland Isles",ZE2,"Shetland Islands"
noon,60.05745957871652,-1.2057966281863717,1663161099,361,2008,14,Female,N,1607,Sullom,"Shetland Isles",ZE2,"Shetland Islands"
noon,60.062769106643714,-1.266765315923834,1663161105,358,2008,14,Female,School,1561,Hillswick,"Shetland Isles",ZE2,"Shetland Islands"
noon,60.16359163666594,-1.2664096776297131,1663161129,362,2008,14,Male,School,1621,Vidlin,"Shetland Isles",ZE2,"Shetland Islands"
noon,60.2809498375705,-1.2889147651898973,1663161508,364,2008,14,Other,School,1582,Mossbank,"Shetland Isles",ZE2,"Shetland Islands"
noon,60.33644791010711,-1.230340771778518,1663161640,354,2008,14,Female,School,1582,Mossbank,"Shetland Isles",ZE2,"Shetland Islands"
noon,60.467771813295286,-1.299658840010315,1663161657,365,2008,14,Male,School,1607,Sullom,"Shetland Isles",ZE2,"Shetland Islands"
noon,55.881502933621945,-4.3646565008004785,1663165643,367,1988,34,Female,N,641,"Knightswood, Glasgow",Glasgow,"Glasgow Northwest",Glasgow
noon,55.531962289093855,-4.525519574306821,1663166888,368,1980,42,Female,N,779,"Kilmarnock (centre and south: Bonnyton, Grange, Bellfield, Shortlees, Caprington, Riccarton, Hurlford)","East Ayrshire",KA1,Ayrshire
noon,56.215684575450254,-3.2446809719305705,1663172328,369,1967,55,Male,Y,1129,"Glenrothes (west: Caskieberran, Rimbleton, Macedonia, Tanshall)",Fife,KY6,Fife
noon,55.85131791831747,-4.322212485539495,1663178232,384,1971,51,Female,N,673,"Drumoyne, Glasgow",Glasgow,"Glasgow Southwest",Glasgow
noon,55.6558753611432,-2.5094020592479396,1663179823,391,1972,50,Female,N,1451,Kelso,"Scottish Borders",TD5,Borders
noon,55.86490941426484,-4.378037084241721,1663191532,408,1984,38,Male,N,675,"Penilee, Glasgow",Glasgow,"Glasgow Southwest",Glasgow
noon,55.807964838642874,-4.345411812325319,1663191582,408,1984,38,Male,N,675,"Penilee, Glasgow",Glasgow,"Glasgow Southwest",Glasgow
noon,59.891135090165896,-1.2759987454496293,1663231477,414,1992,30,Other,Y,1638,Virkie,"Shetland Isles",ZE3,"Shetland Islands"
noon,56.19581875486302,-3.101428616093625,1663234314,418,1990,32,Male,Y,1133,"Glenrothes (centre and east: Pitteuchar, Finglassie, Stenton, Auchmuty, Pitcoudie, Balfarg, Pircairn, Collydean)",Fife,KY7,Fife
noon,56.18258456839872,-3.1221792078815342,1663259079,427,1990,32,Male,Y,1133,"Glenrothes (centre and east: Pitteuchar, Finglassie, Stenton, Auchmuty, Pitcoudie, Balfarg, Pircairn, Collydean)",Fife,KY7,Fife
noon,55.79551489021296,-3.7458212428003703,1663430813,431,1982,40,Male,Y,366,Whitburn,"West Lothian",EH47,"Lothian (Edinburgh)"
noon,57.61767816217935,-2.8156861818083567,1663770495,435,1964,58,Female,Y,90,Buckie,Moray,AB56,"North East (Aberdeen)"
noon,56.20844296274414,-3.205522890575657,1663861178,369,1967,55,Male,Y,1129,"Glenrothes (west: Caskieberran, Rimbleton, Macedonia, Tanshall)",Fife,KY6,Fife
noon,55.43912397750478,-4.044274221526867,1663961073,437,1977,45,Female,N,798,Cumnock,"East Ayrshire",KA18,Ayrshire
noon,56.462844774929366,-3.027899560752898,1664363822,443,1993,29,Male,Y,261,"Westend, Dundee",Dundee,"Dundee West","Tayside and Angus (Dundee)"
noon,54.94404726684763,-4.523844275646033,1664646952,447,1952,70,Female,Y,225,"Newton Stewart","Dumfries and Galloway",DG8,"Dumfries and Galloway"
noon,55.82820886319008,-4.3672214197775805,1664775026,449,1957,65,Male,N,678,"Cardonald, Glasgow",Glasgow,"Glasgow Southwest",Glasgow
noon,55.819124384144615,-4.365365857359054,1664775293,449,1957,65,Male,N,678,"Cardonald, Glasgow",Glasgow,"Glasgow Southwest",Glasgow
noon,57.68359774742256,-2.785095227946193,1664785260,455,1948,74,Male,Y,90,Buckie,Moray,AB56,"North East (Aberdeen)"
noon,55.87191965426069,-4.35796536673906,1664788584,457,1953,69,Male,Y,677,"Hillington, Glasgow",Glasgow,"Glasgow Southwest",Glasgow
noon,56.10250174982412,-3.31057686576579,1664789575,469,1965,57,Male,Y,1121,Cowdenbeath,Fife,KY4,Fife
noon,56.154583239699434,-4.189452485115455,1664790501,470,1995,27,Female,Y,470,Kippen,Stirlingshire,FK8,"Stirling and Falkirk"
noon,55.8379986176016,-4.164085957161344,1664791686,472,1999,23,Female,Y,601,Bargeddie,"North Lanarkshire","Glasgow Northeast",Glasgow
noon,59.08429946388346,-3.270079537326067,1664792346,477,1966,56,Female,Y,1025,"Orkney Islands",Orkney,KW17,"Orkney Islands"
noon,56.481590581546364,-3.0081203619795676,1664792424,479,1957,65,Male,N,238,"Menzieshill, Dundee",Dundee,"Dundee Central","Tayside and Angus (Dundee)"
noon,60.15822738573847,-1.2402621032607457,1664793437,465,1990,32,Male,Y,1501,Scalloway,"Shetland Isles",ZE1,"Shetland Islands"
noon,55.83261263287057,-4.460394629061364,1664793569,486,1955,67,Female,N,1236,"Paisley (south: Blackhall, Castlehead, Dykebar, Foxbar, Hunterhill, Meikleriggs)",Renfrewshire,PA2,Glasgow
noon,55.799834102977684,-4.506385500752052,1664793630,486,1955,67,Female,N,1236,"Paisley (south: Blackhall, Castlehead, Dykebar, Foxbar, Hunterhill, Meikleriggs)",Renfrewshire,PA2,Glasgow
noon,55.76094261412496,-4.026867697236424,1664794281,495,1955,67,Male,Y,1183,Hamilton,"South Lanarkshire",ML3,Glasgow
noon,56.47767679881696,-3.006145389334591,1664794846,502,1960,62,Male,N,243,"Hilltown, Dundee",Dundee,"Dundee Central","Tayside and Angus (Dundee)"
noon,56.494098344993226,-3.0330860167489764,1664794949,504,1964,58,Female,N,236,"Lochee, Dundee",Dundee,"Dundee Central","Tayside and Angus (Dundee)"
noon,55.932950950619066,-3.272756261422679,1664795296,496,1987,35,Male,Y,269,"Gorgie, Edinburgh",Edinburgh,"Edinburgh Central","Lothian (Edinburgh)"
noon,55.97689424865185,-4.452837746724605,1664795931,511,1987,35,Female,Y,549,Dumbarton,"West Dunbartonshire",G82,Glasgow
noon,54.790628098614704,-4.96109855621071,1664796692,516,1988,34,Male,Y,230,Sandhead,"Dumfries and Galloway",DG9,"Dumfries and Galloway"
noon,56.49256162089828,-2.9391570395570947,1664796851,517,1976,46,Male,Y,251,"Kirkton, Dundee",Dundee,"Dundee North","Tayside and Angus (Dundee)"
noon,55.10135108416735,-3.6771633566647086,1664797038,520,1991,31,Male,Y,207,"Dumfries (west: Broomlands, Cargenbridge, Lochside, Maxwelltown, Troqueer)","Dumfries and Galloway",DG2,"Dumfries and Galloway"
noon,55.89638519549263,-3.5907822533746567,1664797041,521,1980,42,Female,Y,366,Whitburn,"West Lothian",EH47,"Lothian (Edinburgh)"
noon,55.382170033178085,-3.266418264799642,1664797183,501,1949,73,Male,Y,1479,Selkirk,"Scottish Borders",TD7,Borders
noon,55.688534738902845,-2.6507471624262338,1664797278,522,1977,45,Female,Y,1442,Earlston,"Scottish Borders",TD4,Borders
noon,55.55731610126797,-4.597338147290373,1664797541,526,1996,26,Male,Y,809,Dundonald,"South Ayrshire",KA2,Ayrshire
noon,59.0966600910399,-3.1468488043416882,1664797676,527,1947,75,Female,Y,1025,"Orkney Islands",Orkney,KW17,"Orkney Islands"
noon,55.60505495410517,-4.594897173791641,1664798541,533,2002,20,Male,Y,785,"Irvine (east, south: Perceton, Lawthorn, Girdle Toll, Stanecastle, Bourtreehill, Broomlands, Dreghorn, Springside)","North Ayrshire",KA11,Ayrshire
noon,60.56182854991504,-1.1240521447284104,1664798626,531,1966,56,Female,Y,1581,"Mid Yell","Shetland Isles",ZE2,"Shetland Islands"
noon,55.90306735879035,-4.562187798825404,1664799147,534,1952,70,Male,Y,1229,"Port Glasgow",Inverclyde,PA14,Glasgow
noon,59.144687483292024,-3.2460753575812697,1664799735,539,1949,73,Female,Y,1025,"Orkney Islands",Orkney,KW17,"Orkney Islands"
noon,56.48811807281934,-2.965105080670139,1664800683,548,1966,56,Male,N,250,"Downfield, Dundee",Dundee,"Dundee North","Tayside and Angus (Dundee)"
noon,56.86597293116561,-2.7298501870759466,1664801504,550,1980,42,Female,Y,182,Brechin,Angus,DD9,"Tayside and Angus (Dundee)"
noon,56.596535615947296,-2.901866878769921,1664802028,555,1970,52,Male,N,180,Glamis,Angus,DD8,"Tayside and Angus (Dundee)"
noon,57.77662172561774,-3.8816183096571075,1664802710,557,1958,64,Male,Y,717,"Hill of Fearn",Highland,IV20,"Highlands (Inverness)"
noon,55.851096339309684,-4.389421132124733,1664802918,561,1971,51,Female,N,1220,"Paisley (central, east and north east: Ferguslie, Oldhall, Seedhill, Williamsburgh, Whitehaugh)",Renfrewshire,PA1,Glasgow
noon,59.096687207588495,-3.3130197892358697,1664803320,564,1956,66,Female,N,1025,"Orkney Islands",Orkney,KW17,"Orkney Islands"
noon,59.209842484741976,-2.6697314273299972,1664803421,564,1956,66,Female,N,1025,"Orkney Islands",Orkney,KW17,"Orkney Islands"
noon,55.95668712012691,-3.27751386396032,1664804063,109,1954,68,Female,N,299,"Broughton, Edinburgh",Edinburgh,"Edinburgh North","Lothian (Edinburgh)"
noon,60.08281906066059,-1.3292062135696545,1664805071,576,1953,69,Male,N,1622,Voe,"Shetland Isles",ZE2,"Shetland Islands"
noon,55.94546076700631,-3.262723856825964,1664805191,577,1951,71,Female,Y,299,"Broughton, Edinburgh",Edinburgh,"Edinburgh North","Lothian (Edinburgh)"
noon,56.253160800352305,-2.9507872714644883,1664805194,579,1959,63,Female,Y,1140,Leven,Fife,KY8,Fife
noon,56.02566964317656,-3.433836768491708,1664805320,581,1996,26,Male,Y,1094,Rosyth,Fife,KY11,Fife
noon,55.99458901932609,-5.4661140473549406,1664805643,585,1994,28,Female,Y,1250,Ardrishaig,"Argyll and Bute",PA30,"Argyll and Bute"
noon,55.947980807732435,-3.2316585369852002,1664805688,109,1954,68,Female,N,299,"Broughton, Edinburgh",Edinburgh,"Edinburgh North","Lothian (Edinburgh)"
noon,57.52579049018342,-2.4984973686711474,1664806188,586,1968,54,Male,Y,78,Turriff,Aberdeenshire,AB53,"North East (Aberdeen)"
noon,57.49946843161029,-2.4331271701090893,1664806246,586,1968,54,Male,Y,78,Turriff,Aberdeenshire,AB53,"North East (Aberdeen)"
noon,55.94922036857637,-4.857067416804745,1664806368,590,1995,27,Female,Y,1235,Gourock,Inverclyde,PA19,Glasgow
noon,58.96301301423382,-2.8551101068524685,1664806567,593,1957,65,Female,N,1025,"Orkney Islands",Orkney,KW17,"Orkney Islands"
noon,56.15456182985186,-3.198221691657156,1664806967,596,1956,66,Female,Y,1117,"Kirkcaldy (west: Hayfield, Templehall, Newliston, Chapel, Dunnikier, Bennochy)",Fife,KY2,Fife
noon,58.96269156004354,-2.9159573747497225,1664807029,595,1984,38,Female,N,967,Kirkwall,Orkney,KW15,"Orkney Islands"
noon,57.12271652878202,-2.3107008825877826,1664807289,600,1963,59,Male,Y,128,"Mannofield, Aberdeen",Aberdeen,"Aberdeen Southwest","North East (Aberdeen)"
noon,56.14917383722561,-5.256140061904876,1664807299,597,1970,52,Male,Y,1255,Inveraray,"Argyll and Bute",PA32,"Argyll and Bute"
noon,55.78615177703203,-3.876061993077016,1664808774,604,1953,69,Female,N,1180,Wishaw,"North Lanarkshire",ML2,Glasgow
noon,55.770922532046875,-3.8002560108984356,1664808915,604,1953,69,Female,N,1180,Wishaw,"North Lanarkshire",ML2,Glasgow
noon,55.9162189185094,-4.404714822936127,1664809092,605,1975,47,Female,Y,546,Clydebank,"West Dunbartonshire",G81,Glasgow
noon,56.61670728004655,-2.884677868582454,1664809350,608,1975,47,Male,Y,181,Kirriemuir,Angus,DD8,"Tayside and Angus (Dundee)"
noon,55.86701206314744,-4.18111621337146,1664809925,613,1983,39,Female,Y,623,"Shettleston, Glasgow",Glasgow,"Glasgow Northeast",Glasgow
noon,55.952769264576304,-3.1807704267871726,1664810298,617,1995,27,Male,N,267,"Sighthill, Edinburgh",Edinburgh,"Edinburgh Central","Lothian (Edinburgh)"
noon,55.86955040119791,-4.198494072801004,1664810801,619,1957,65,Male,Y,600,"Garrowhill, Glasgow",Glasgow,"Glasgow Northeast",Glasgow
noon,58.61483833185566,-3.1046539344176516,1664811298,622,1982,40,Female,Y,899,Wick,Highland,KW1,"Highlands (Inverness)"
noon,56.57782127826952,-2.9827652959675492,1664811463,623,1960,62,Male,Y,181,Kirriemuir,Angus,DD8,"Tayside and Angus (Dundee)"
noon,56.00229104026689,-3.5600592732484917,1664811515,624,1981,41,Other,Y,370,Bo'ness,Falkirk,EH51,"Lothian (Edinburgh)"
noon,55.745273328068315,-4.254240981524295,1664811769,626,1984,38,Male,Y,534,"East Kilbride (south: Hairmyres, Westwood, The Murray, Murray East, Whitehills, Greenhill, Newlandsmuir, Gardenhall, Crosshouse, Newlands, Lindsayfield, Mossneuk)","South Lanarkshire",G75,Glasgow
noon,55.8665973419147,-4.093648585947288,1664812837,630,1987,35,Female,N,623,"Shettleston, Glasgow",Glasgow,"Glasgow Northeast",Glasgow
noon,55.868383931355716,-4.200749839863734,1664812937,632,1959,63,Female,Y,623,"Shettleston, Glasgow",Glasgow,"Glasgow Northeast",Glasgow
noon,55.87918288366483,-4.263868861811906,1664813343,637,1989,33,Male,N,623,"Shettleston, Glasgow",Glasgow,"Glasgow Northeast",Glasgow
noon,55.25458331372837,-3.6086283989832957,1664813505,635,1939,83,Male,N,186,"Dumfries (centre and east: Dalscone, Georgetown, Heathhall, Kingholm Quay, Noblehill, The Crichton)","Dumfries and Galloway",DG1,"Dumfries and Galloway"
noon,55.06302164885061,-3.536221375418588,1664813671,635,1939,83,Male,N,186,"Dumfries (centre and east: Dalscone, Georgetown, Heathhall, Kingholm Quay, Noblehill, The Crichton)","Dumfries and Galloway",DG1,"Dumfries and Galloway"
noon,55.895675736447394,-4.0534697973524185,1664813963,641,1956,66,Male,Y,1189,Coatbridge,"North Lanarkshire",ML5,Glasgow
noon,55.80355535642854,-4.1959090656842575,1664814346,647,1998,24,Male,Y,571,"Castlemilk, Glasgow",Glasgow,"Glasgow Castlemilk",Glasgow
noon,54.66400877743144,-4.918200958284972,1664815252,651,1980,42,Female,N,231,Stranraer,"Dumfries and Galloway",DG9,"Dumfries and Galloway"
noon,58.926173106205,-3.169923825880298,1664815452,649,1960,62,Male,N,1025,"Orkney Islands",Orkney,KW17,"Orkney Islands"
noon,60.71080118262379,-1.1043561551996757,1664815529,652,1968,54,Male,Y,1623,Walls,"Shetland Isles",ZE2,"Shetland Islands"
noon,55.52622251654191,-4.236381756276251,1664816180,657,1970,52,Male,Y,845,Catrine,"East Ayrshire",KA5,Ayrshire
noon,60.28621438185658,-1.4475266881196571,1664816898,660,1982,40,Female,N,1543,Girlsta,"Shetland Isles",ZE2,"Shetland Islands"
noon,55.84556780043935,-3.9980073430382017,1664817010,664,1980,42,Female,N,1189,Coatbridge,"North Lanarkshire",ML5,Glasgow
noon,55.86565535093764,-3.5077349027918885,1664817045,665,1969,53,Male,N,375,Livingston,"West Lothian",EH54,"Lothian (Edinburgh)"
noon,57.31073359823325,-2.6210805627810267,1664817143,662,2003,19,Female,Y,68,Auchleven,Aberdeenshire,AB52,"North East (Aberdeen)"
noon,57.59492513544718,-4.464984598782795,1664817575,671,1987,35,Female,Y,705,Dingwall,Highland,IV15,"Highlands (Inverness)"
noon,55.939613206990515,-4.093316790795086,1664817669,631,1953,69,Female,N,508,Lennoxtown,"East Dunbartonshire",G66,Glasgow
noon,56.00821582919788,-4.16288296994073,1664817720,631,1953,69,Female,N,508,Lennoxtown,"East Dunbartonshire",G66,Glasgow
noon,55.74498536110654,-4.239584916460825,1664818334,673,1956,66,Female,Y,534,"East Kilbride (south: Hairmyres, Westwood, The Murray, Murray East, Whitehills, Greenhill, Newlandsmuir, Gardenhall, Crosshouse, Newlands, Lindsayfield, Mossneuk)","South Lanarkshire",G75,Glasgow
noon,55.89724099382662,-4.350519703909632,1664818960,677,1978,44,Female,N,638,"Drumchapel, Glasgow",Glasgow,"Glasgow Northwest",Glasgow
noon,56.47900138357545,-2.970206940654462,1664819881,686,1963,59,Female,N,256,"Whitfield, Dundee",Dundee,"Dundee North","Tayside and Angus (Dundee)"
noon,60.55610424047257,-1.1351306908497554,1664819968,684,1981,41,Female,N,1596,Scousburgh,"Shetland Isles",ZE2,"Shetland Islands"
noon,55.158313954820265,-3.6217997683188488,1664820444,688,1969,53,Female,Y,186,"Dumfries (centre and east: Dalscone, Georgetown, Heathhall, Kingholm Quay, Noblehill, The Crichton)","Dumfries and Galloway",DG1,"Dumfries and Galloway"
noon,59.38505616631793,-2.878959701642727,1664820572,689,1963,59,Female,N,1025,"Orkney Islands",Orkney,KW17,"Orkney Islands"
noon,55.12840775612795,-3.614210658882038,1664820753,688,1969,53,Female,Y,186,"Dumfries (centre and east: Dalscone, Georgetown, Heathhall, Kingholm Quay, Noblehill, The Crichton)","Dumfries and Galloway",DG1,"Dumfries and Galloway"
noon,55.84166054416437,-4.472218336883883,1664820865,695,2004,18,Male,School,1249,"Paisley (north west: Ferguslie Park, Gallowhill, Gockston, Shortroods, )",Renfrewshire,PA3,Glasgow
noon,56.03323129131924,-4.503973641700685,1664821267,698,1953,69,Female,Y,557,Alexandria,"West Dunbartonshire",G83,"Argyll and Bute"
noon,55.86350541940701,-4.02243766304103,1664821555,702,1996,26,Male,Y,1189,Coatbridge,"North Lanarkshire",ML5,Glasgow
noon,56.41347236544045,-3.6716127230602926,1664822095,705,1947,75,Male,Y,1313,"Perth (north and west: Burghmuir, Cherrybank, Hillyland, Inveralmond, Lethom, Muirton, North Muirton, Tulloch)","Perth and Kinross",PH1,Fife
noon,55.85214781251803,-4.282708974171086,1664822131,710,1999,23,Male,Y,672,"Govan, Glasgow",Glasgow,"Glasgow Southwest",Glasgow
noon,56.34107949939908,-2.882530286293292,1664822508,711,1960,62,Female,Y,1113,Kingsbarns,Fife,KY16,Fife
noon,57.615900107243625,-4.507216292801945,1664823197,714,2004,18,Female,Y,704,Strathpeffer,Highland,IV14,"Highlands (Inverness)"
noon,57.574843165562875,-4.69296064991011,1664823427,714,2004,18,Female,Y,704,Strathpeffer,Highland,IV14,"Highlands (Inverness)"
noon,55.11019832144852,-3.624239173147528,1664823532,683,1986,36,Male,Y,186,"Dumfries (centre and east: Dalscone, Georgetown, Heathhall, Kingholm Quay, Noblehill, The Crichton)","Dumfries and Galloway",DG1,"Dumfries and Galloway"
noon,55.818415727416955,-4.5049187851597665,1664824815,725,1989,33,Male,Y,1276,Johnstone,Renfrewshire,PA5,Glasgow
noon,54.962135318325736,-3.810326225946912,1664825327,727,1986,36,Male,Y,215,Dalbeattie,"Dumfries and Galloway",DG5,"Dumfries and Galloway"
noon,56.00016553816548,-3.6537271948747776,1664826898,473,1992,30,Female,School,369,Linlithgow,"West Lothian",EH49,"Lothian (Edinburgh)"
noon,55.72033340472979,-4.179282328346467,1664827224,734,1984,38,Male,Y,534,"East Kilbride (south: Hairmyres, Westwood, The Murray, Murray East, Whitehills, Greenhill, Newlandsmuir, Gardenhall, Crosshouse, Newlands, Lindsayfield, Mossneuk)","South Lanarkshire",G75,Glasgow
noon,55.70851129277359,-4.159871500008633,1664827246,734,1984,38,Male,Y,534,"East Kilbride (south: Hairmyres, Westwood, The Murray, Murray East, Whitehills, Greenhill, Newlandsmuir, Gardenhall, Crosshouse, Newlands, Lindsayfield, Mossneuk)","South Lanarkshire",G75,Glasgow
noon,60.15226431617813,-1.2598926897216902,1664827271,735,1982,40,Female,Y,1500,Lerwick,"Shetland Isles",ZE1,"Shetland Islands"
noon,56.269617976480056,-3.0188739658435093,1664827752,739,1961,61,Female,Y,1105,Cupar,Fife,KY15,Fife
noon,55.88214415551781,-4.352601546879387,1664829116,744,1980,42,Male,Y,638,"Drumchapel, Glasgow",Glasgow,"Glasgow Northwest",Glasgow
noon,55.908578970883994,-4.0291036093755945,1664829308,749,1975,47,Female,Y,1189,Coatbridge,"North Lanarkshire",ML5,Glasgow
noon,55.92281523897281,-4.423636423539322,1664829768,752,1980,42,Male,Y,546,Clydebank,"West Dunbartonshire",G81,Glasgow
noon,56.666652017240764,-2.6675005233222313,1664830235,751,1998,24,Female,Y,179,Forfar,Angus,DD8,"Tayside and Angus (Dundee)"
noon,55.892571825382944,-4.364586827034968,1664830540,756,1998,24,Male,Y,638,"Drumchapel, Glasgow",Glasgow,"Glasgow Northwest",Glasgow
noon,56.89307370984862,-3.2582908828771595,1664830554,753,1955,67,Male,N,181,Kirriemuir,Angus,DD8,"Tayside and Angus (Dundee)"
noon,55.78049170225707,-4.3699263263141574,1664830901,761,1985,37,Female,Y,539,"Newton Mearns","East Renfrewshire",G77,Glasgow
noon,59.12329153497519,-3.28297374115688,1664831213,755,1958,64,Female,Y,1025,"Orkney Islands",Orkney,KW17,"Orkney Islands"
noon,57.52748746305236,-2.9174991218445716,1664831599,762,1945,77,Male,Y,88,Keith, Moray,AB55,"North East (Aberdeen)"
noon,57.19734614840676,-2.236502036535918,1664831811,763,1986,36,Female,Y,117,Balmedie,Aberdeenshire,"Aberdeen North","North East (Aberdeen)"
noon,55.928258225554806,-3.7913047167132574,1664831892,764,1991,31,Female,Y,383,Slamannan, Falkirk,FK1,"Stirling and Falkirk"
noon,56.10768380804059,-4.781397872143913,1664832175,766,1964,58,Male,Y,566,Helensburgh,"Argyll and Bute",G84,"Argyll and Bute"
noon,56.67524863953627,-3.1707417790658363,1664832844,771,1981,41,Male,Y,179,Forfar,Angus,DD8,"Tayside and Angus (Dundee)"
noon,56.61533734525758,-2.9758454366164995,1664833037,771,1981,41,Male,Y,179,Forfar,Angus,DD8,"Tayside and Angus (Dundee)"
noon,57.31678126524756,-2.945386224756741,1664833155,772,1973,49,Male,Y,86,Rhynie,Aberdeenshire,AB54,"North East (Aberdeen)"
noon,56.732409153466975,-2.963017619360618,1664833160,771,1981,41,Male,Y,179,Forfar,Angus,DD8,"Tayside and Angus (Dundee)"
noon,55.76023930228463,-4.125205989753088,1664835121,781,1975,47,Female,Y,529,Cambuslang,"South Lanarkshire",G72,Glasgow
noon,55.579755190377476,-4.473651996480878,1664835337,782,1988,34,Male,Y,779,"Kilmarnock (centre and south: Bonnyton, Grange, Bellfield, Shortlees, Caprington, Riccarton, Hurlford)","East Ayrshire",KA1,Ayrshire
noon,60.141918125279396,-1.28946507540979,1664837108,783,1952,70,Female,Y,1500,Lerwick,"Shetland Isles",ZE1,"Shetland Islands"
noon,55.84997178176654,-4.253126626517415,1664839763,789,1971,51,Male,Y,672,"Govan, Glasgow",Glasgow,"Glasgow Southwest",Glasgow
noon,55.80038039752149,-4.340386265841992,1664839960,789,1971,51,Male,Y,672,"Govan, Glasgow",Glasgow,"Glasgow Southwest",Glasgow
noon,56.050683507557025,-3.673063698052112,1664845017,796,1957,65,Female,N,391,Alloa,Clackmannanshire,FK10,"Stirling and Falkirk"
noon,55.847242322970715,-3.19683335855782,1664847736,797,1980,42,Male,Y,341,Bilston,Midlothian,EH25,"Lothian (Edinburgh)"
noon,55.845901228003726,-3.1686234657080776,1664848015,797,1980,42,Male,Y,341,Bilston,Midlothian,EH25,"Lothian (Edinburgh)"
noon,56.80329439414742,-2.9676252862437593,1664863043,802,1972,50,Female,Y,179,Forfar,Angus,DD8,"Tayside and Angus (Dundee)"
noon,60.46147129839261,-1.35082241087997,1664865291,801,1992,30,Female,Y,1595,Sandwick,"Shetland Isles",ZE2,"Shetland Islands"
noon,56.480133427344235,-3.0217186822946336,1664866556,809,1971,51,Female,Y,237,"Blackness, Dundee",Dundee,"Dundee Central","Tayside and Angus (Dundee)"
noon,57.71898997321676,-3.3403868086664517,1664867369,811,1961,61,Female,Y,738,Lossiemouth,Moray,IV31,"North East (Aberdeen)"
noon,55.941025878215164,-3.2239172194174617,1664867640,815,1958,64,Male,N,272,"New Town, Edinburgh",Edinburgh,"Edinburgh Central","Lothian (Edinburgh)"
noon,55.90871813719968,-4.278851941509069,1664868125,817,1962,60,Male,N,481,"Lambhill, Glasgow",Glasgow,G23,Glasgow
noon,57.156434173107286,-2.109969196370539,1664870032,827,1947,75,Female,Y,107,"Rosemount, Aberdeen",Aberdeen,"Aberdeen Central","North East (Aberdeen)"
noon,57.56542611108057,-2.2269071492976096,1664870588,835,1987,35,Male,Y,78,Turriff,Aberdeenshire,AB53,"North East (Aberdeen)"
noon,55.877179475704374,-4.334267910416771,1664870700,838,1960,62,Male,Y,641,"Knightswood, Glasgow",Glasgow,"Glasgow Northwest",Glasgow
noon,56.104150941147175,-4.804502413784305,1664870720,829,1972,50,Male,N,566,Helensburgh,"Argyll and Bute",G84,"Argyll and Bute"
noon,55.828841115989626,-4.094735649785878,1664870840,854,1979,43,Male,Y,598,Rutherglen,"South Lanarkshire","Glasgow Northeast",Glasgow
noon,57.54262434014536,-3.161111457392146,1664870850,837,1968,54,Female,Y,44,Aberlour,Moray,AB38,"North East (Aberdeen)"
noon,57.594202842624576,-2.076125012902251,1664870974,856,1997,25,Male,Y,57,Fraserburgh,Aberdeenshire,AB43,"North East (Aberdeen)"
noon,57.50818277876867,-2.4585702048348343,1664870992,848,1964,58,Male,Y,78,Turriff,Aberdeenshire,AB53,"North East (Aberdeen)"
noon,56.025005146998346,-3.6847179060930912,1664871029,844,1971,51,Male,N,439,Grangemouth,Falkirk,FK3,"Stirling and Falkirk"
noon,57.15046058554203,-2.085729198466962,1664871154,821,1947,75,Female,Y,126,"Bridge of Dee, Aberdeen",Aberdeen,"Aberdeen Southeast","North East (Aberdeen)"
noon,55.83578678023569,-2.8664228470963593,1664871193,852,1971,51,Female,Y,353,Pathhead,Midlothian,EH37,"Lothian (Edinburgh)"
noon,55.90894256663088,-3.532383655830335,1664871195,873,1993,29,Male,Y,375,Livingston,"West Lothian",EH54,"Lothian (Edinburgh)"
noon,56.00888784288764,-3.3934773828080695,1664871197,874,1980,42,Male,N,1094,Rosyth,Fife,KY11,Fife
noon,56.05229493980616,-3.4634755885708985,1664871198,859,1939,83,Male,Y,1090,"Dunfermline (south and east: Halbeath, Touch, Duloch, Masterton, Pitcorthie, Abbeyview, Brucefield, Hospital Hill, Camdean, Pitreavie)",Fife,KY11,Fife
noon,55.91413314741496,-4.037972361479948,1664871280,870,1993,29,Male,Y,514,"Cumbernauld (south: Condorrat, Lenziemill, Carbrain, Kildrum, Cumbernauld Village, Abronhill, Seafar)","North Lanarkshire",G67,Glasgow
noon,55.89004447084793,-3.6760260035755494,1664871292,858,1984,38,Female,Y,368,Bathgate,"West Lothian",EH48,"Lothian (Edinburgh)"
noon,56.48005414578415,-2.925578951648461,1664871342,866,1956,66,Male,Y,255,"Fintry, Dundee",Dundee,"Dundee North","Tayside and Angus (Dundee)"
noon,56.464707755047066,-2.953396243349492,1664871364,863,1972,50,Male,N,251,"Kirkton, Dundee",Dundee,"Dundee North","Tayside and Angus (Dundee)"
noon,56.45659413046122,-3.0230084530081567,1664871404,871,1994,28,Male,Y,261,"Westend, Dundee",Dundee,"Dundee West","Tayside and Angus (Dundee)"
noon,55.71472246709404,-4.533266262903622,1664871719,880,1989,33,Male,Y,834,Dunlop,"East Ayrshire",KA3,Ayrshire
noon,55.65503098872494,-4.554053564750732,1664871737,881,1999,23,Male,Y,837,"Kilmarnock (north: Onthank, Townholm, Altonhill, Longpark, Beansburn, New Farm Loch, Knockinlaw, Hillhead, Crookedholm)","East Ayrshire",KA3,Ayrshire
noon,56.176882035464466,-3.1586487745582845,1664871850,867,1953,69,Male,N,1134,Markinch,Fife,KY7,Fife
noon,57.223645640936766,-2.135396827292819,1664872102,878,1975,47,Other,Y,113,"Bridge of Don, Aberdeen",Aberdeen,"Aberdeen North","North East (Aberdeen)"
noon,56.61632309598377,-3.032667434265131,1664872145,886,1974,48,Male,Y,181,Kirriemuir,Angus,DD8,"Tayside and Angus (Dundee)"
noon,55.93775343227652,-3.1042493488210323,1664872286,895,1985,37,Male,Y,281,"Portobello, Edinburgh",Edinburgh,"Edinburgh Duddingston","Lothian (Edinburgh)"
noon,55.94427454310764,-4.42642660919666,1664872300,898,1991,31,Female,Y,546,Clydebank,"West Dunbartonshire",G81,Glasgow
noon,55.93319629527414,-3.8680739215165953,1664872316,896,1995,27,Female,Y,377,"Falkirk (centre and south: Arnothill, Bantaskin, Callendar Park, Glen Village, Hallglen, Lionthorn, Tamfourhill, Woodlands)",Falkirk,FK1,"Stirling and Falkirk"
noon,55.89252669886975,-4.427377447987659,1664872330,899,1971,51,Male,Y,1306,Erskine,Renfrewshire,PA8,Glasgow
noon,55.94948146308744,-3.118672651322117,1664872470,895,1985,37,Male,Y,281,"Portobello, Edinburgh",Edinburgh,"Edinburgh Duddingston","Lothian (Edinburgh)"
noon,58.58274571386417,-3.4510975323062896,1664872494,903,1989,33,Male,Y,961,Thurso,Highland,KW14,"Highlands (Inverness)"
noon,56.383459171638016,-3.622206646629079,1664872586,44,1958,64,Male,N,1402,Crieff,"Perth and Kinross",PH7,Fife
noon,56.37096343650635,-3.631001554830904,1664872601,44,1958,64,Male,N,1402,Crieff,"Perth and Kinross",PH7,Fife
noon,55.84223174399521,-4.335778684800445,1664872661,908,1949,73,Male,Y,663,"Mount Florida, Glasgow",Glasgow,"Glasgow Southwest",Glasgow
noon,57.706719120403775,-3.387281573896873,1664872848,905,1942,80,Male,Y,737,Elgin,Moray,IV30,"North East (Aberdeen)"
noon,55.706586311272474,-4.386082067629289,1664872857,912,1984,38,Male,Y,837,"Kilmarnock (north: Onthank, Townholm, Altonhill, Longpark, Beansburn, New Farm Loch, Knockinlaw, Hillhead, Crookedholm)","East Ayrshire",KA3,Ayrshire
noon,56.126748094129866,-3.213575682345985,1664872916,910,1959,63,Male,Y,1117,"Kirkcaldy (west: Hayfield, Templehall, Newliston, Chapel, Dunnikier, Bennochy)",Fife,KY2,Fife
noon,55.27829206609179,-3.7505030559096615,1664873112,921,1965,57,Male,Y,209,Moniaive,"Dumfries and Galloway",DG3,"Dumfries and Galloway"
noon,56.057759628112954,-2.81957906915488,1664873178,917,1958,64,Male,Y,355,"North Berwick","East Lothian",EH39,"Lothian (Edinburgh)"
noon,55.97941534988461,-3.2526496938283467,1664873185,913,1948,74,Male,N,278,"Granton, Edinburgh",Edinburgh,"Edinburgh Clermiston Granton","Lothian (Edinburgh)"
noon,56.15675587182314,-4.086855119121654,1664873258,922,1958,64,Male,Y,477,"Bridge of Allan",Stirlingshire,FK9,"Stirling and Falkirk"
noon,57.66929471112317,-2.4828921933002497,1664873319,927,1968,54,Female,N,58,Macduff,Aberdeenshire,AB44,"North East (Aberdeen)"
noon,55.87969427980732,-3.653584960919078,1664873422,928,1979,43,Male,Y,367,Armadale,"West Lothian",EH48,"Lothian (Edinburgh)"
noon,55.88404552864616,-4.449453453797004,1664873732,929,1989,33,Female,Y,1264,Renfrew,Renfrewshire,PA4,Glasgow
noon,57.417048978805596,-1.9598832607427898,1664873784,932,1991,31,Female,Y,54,Peterhead,Aberdeenshire,AB42,"North East (Aberdeen)"
noon,55.97105013534817,-3.181647673327932,1664873814,933,1997,25,Male,Y,285,"Leith, Edinburgh",Edinburgh,"Edinburgh Leith","Lothian (Edinburgh)"
noon,55.474422002876565,-3.8664566065633132,1664873848,937,2000,22,Other,Y,1170,Biggar,"South Lanarkshire",ML12,Glasgow
noon,55.887833570932905,-4.453341453276497,1664873904,929,1989,33,Female,Y,1264,Renfrew,Renfrewshire,PA4,Glasgow
noon,60.63283668356763,-1.313482261572398,1664873983,940,1995,27,Male,Y,1555,Hamnavoe,"Shetland Isles",ZE2,"Shetland Islands"
noon,57.57273136515481,-3.281046740148805,1664874105,905,1942,80,Male,Y,737,Elgin,Moray,IV30,"North East (Aberdeen)"
noon,57.6219346853821,-1.9687191327522442,1664874309,946,1960,62,Female,N,57,Fraserburgh,Aberdeenshire,AB43,"North East (Aberdeen)"
noon,55.8442059086893,-4.38957316881358,1664874476,956,1994,28,Male,Y,1220,"Paisley (central, east and north east: Ferguslie, Oldhall, Seedhill, Williamsburgh, Whitehaugh)",Renfrewshire,PA1,Glasgow
noon,55.64706987492911,-2.247994809435589,1664874636,960,1972,50,Female,N,1424,Coldstream,"Scottish Borders",TD12,Borders
noon,55.577199349675176,-4.6059222588563165,1664874712,964,1995,27,Male,N,808,Crosshouse,"East Ayrshire",KA2,Ayrshire
noon,56.50848343148355,-2.7293854313685433,1664874741,968,1959,63,Male,Y,178,Carnoustie,Angus,DD7,"Tayside and Angus (Dundee)"
noon,56.010444359836,-3.786886265870352,1664874746,959,1999,23,Female,Y,420,Carron,Falkirk,FK2,"Stirling and Falkirk"
noon,56.52053616434998,-2.7933609281409013,1664874813,968,1959,63,Male,Y,178,Carnoustie,Angus,DD7,"Tayside and Angus (Dundee)"
noon,57.65961725080054,-3.3471895746441076,1664874829,965,1976,46,Male,N,737,Elgin,Moray,IV30,"North East (Aberdeen)"
noon,56.20225861405428,-4.664457117752889,1664874910,962,1966,56,Male,Y,494,Blanefield,Stirlingshire,G63,"Stirling and Falkirk"
noon,55.776142005458155,-4.107499339133618,1664874973,975,1985,37,Male,Y,528,Blantyre,"South Lanarkshire",G72,Glasgow
noon,56.050898189920346,-3.813261648832476,1664875049,959,1999,23,Female,Y,420,Carron,Falkirk,FK2,"Stirling and Falkirk"
noon,55.763553465091576,-4.013936095258938,1664875056,979,1961,61,Female,Y,1183,Hamilton,"South Lanarkshire",ML3,Glasgow
noon,55.97286602369218,-3.9053997073417865,1664875132,974,2001,21,Female,N,441,Bonnybridge,Falkirk,FK4,"Stirling and Falkirk"
noon,55.96158234282919,-3.917872677459338,1664875140,984,1980,42,Male,Y,514,"Cumbernauld (south: Condorrat, Lenziemill, Carbrain, Kildrum, Cumbernauld Village, Abronhill, Seafar)","North Lanarkshire",G67,Glasgow
noon,54.9010713752365,-3.891640747711863,1664875360,994,1979,43,Male,N,220,"Castle Douglas","Dumfries and Galloway",DG7,"Dumfries and Galloway"
noon,57.12075734482313,-2.1316858754287047,1664875416,981,1961,61,Female,Y,127,"Torry, Aberdeen",Aberdeen,"Aberdeen Southeast","North East (Aberdeen)"
noon,56.38795852082045,-2.9735758381360173,1664875434,993,1952,70,Male,N,174,Gauldry,Fife,DD6,"Tayside and Angus (Dundee)"
noon,55.93461154654208,-4.684349205996482,1664875579,998,1986,36,Male,N,1229,"Port Glasgow",Inverclyde,PA14,Glasgow
noon,55.83574609414092,-4.381281020288929,1664875599,992,1967,55,Male,N,1236,"Paisley (south: Blackhall, Castlehead, Dykebar, Foxbar, Hunterhill, Meikleriggs)",Renfrewshire,PA2,Glasgow
noon,59.87434598445465,-1.3096906081730182,1664875639,1003,1991,31,Male,Y,1636,Sumburgh,"Shetland Isles",ZE3,"Shetland Islands"
noon,56.100883302213774,-3.2105730575159788,1664875669,1004,1970,52,Female,N,1117,"Kirkcaldy (west: Hayfield, Templehall, Newliston, Chapel, Dunnikier, Bennochy)",Fife,KY2,Fife
noon,56.220829998408945,-3.283451457398762,1664875814,1011,1979,43,Male,Y,1129,"Glenrothes (west: Caskieberran, Rimbleton, Macedonia, Tanshall)",Fife,KY6,Fife
noon,55.95540728998434,-3.5363405054111605,1664875912,1016,1991,31,Other,Y,369,Linlithgow,"West Lothian",EH49,"Lothian (Edinburgh)"
noon,57.4885956500156,-2.0263436804412667,1664875950,1015,1981,41,Male,Y,54,Peterhead,Aberdeenshire,AB42,"North East (Aberdeen)"
noon,56.01908277898314,-3.9529021596050686,1664875956,1024,1977,45,Male,Y,452,Denny,Falkirk,FK6,"Stirling and Falkirk"
noon,55.97437588965532,-3.952764168545604,1664876020,1028,1992,30,Male,Y,514,"Cumbernauld (south: Condorrat, Lenziemill, Carbrain, Kildrum, Cumbernauld Village, Abronhill, Seafar)","North Lanarkshire",G67,Glasgow
noon,55.14028694530712,-4.703209210086943,1664876021,1051,1995,27,Other,Y,818,Ballantrae,"South Ayrshire",KA26,Ayrshire
noon,57.606744258913054,-2.2396813892469964,1664876116,1021,1968,54,Female,Y,57,Fraserburgh,Aberdeenshire,AB43,"North East (Aberdeen)"
noon,55.82258649259112,-4.228327189551202,1664876155,1039,1992,30,Male,Y,645,Clarkston,"East Renfrewshire","Glasgow South",Glasgow
noon,57.11962602310465,-2.229124693858857,1664876161,1017,1996,26,Male,Y,128,"Mannofield, Aberdeen",Aberdeen,"Aberdeen Southwest","North East (Aberdeen)"
noon,55.69316194620648,-3.2144802437973694,1664876188,1048,1960,62,Male,N,362,Peebles,"Scottish Borders",EH45,Borders
noon,55.214362143336345,-2.78329168255816,1664876190,1018,1968,54,Male,N,1493,Hawick,"Scottish Borders",TD9,Borders
noon,56.02356986593232,-3.720277535864489,1664876240,1031,1962,60,Female,Y,439,Grangemouth,Falkirk,FK3,"Stirling and Falkirk"
noon,55.85493317643686,-3.396856557073958,1664876255,1044,1990,32,Male,Y,309,"Cameron Toll, Edinburgh",Edinburgh,"Edinburgh South","Lothian (Edinburgh)"
noon,56.00124757930758,-3.808085072391404,1664876260,1032,2001,21,Male,N,377,"Falkirk (centre and south: Arnothill, Bantaskin, Callendar Park, Glen Village, Hallglen, Lionthorn, Tamfourhill, Woodlands)",Falkirk,FK1,"Stirling and Falkirk"
noon,55.99145119023696,-4.1054311365354454,1664876262,1025,1994,28,Male,Y,506,Kilsyth,"North Lanarkshire",G65,Glasgow
noon,55.78491806630801,-4.291864631586419,1664876290,1055,1991,31,Male,Y,655,"Simshill, Glasgow",Glasgow,"Glasgow South",Glasgow
noon,55.626994175449745,-2.769057460745942,1664876300,1052,1968,54,Male,Y,1413,Galashiels,"Scottish Borders",TD1,Borders
noon,56.11760032162156,-3.8111204748706884,1664876312,1038,1968,54,Male,Y,391,Alloa,Clackmannanshire,FK10,"Stirling and Falkirk"
noon,55.89895738359867,-4.388707592632987,1664876320,1049,1994,28,Male,Y,546,Clydebank,"West Dunbartonshire",G81,Glasgow
noon,56.03070597937167,-4.8578247592903105,1664876346,1045,1976,46,Male,Y,567,Kilcreggan,"Argyll and Bute",G84,"Argyll and Bute"
noon,55.66541618260285,-4.496429520858816,1664876485,1060,1966,56,Male,Y,837,"Kilmarnock (north: Onthank, Townholm, Altonhill, Longpark, Beansburn, New Farm Loch, Knockinlaw, Hillhead, Crookedholm)","East Ayrshire",KA3,Ayrshire
noon,55.74568600282118,-3.4748583364925247,1664876580,1070,1968,54,Male,N,1167,Lanark,"South Lanarkshire",ML11,Glasgow
noon,57.12101580732553,-2.1765267187559916,1664876604,1059,1954,68,Male,N,129,"Ruthrieston, Aberdeen",Aberdeen,"Aberdeen Southwest","North East (Aberdeen)"
noon,56.04038024071733,-3.5019287234935588,1664876605,1076,1989,33,Male,Y,1090,"Dunfermline (south and east: Halbeath, Touch, Duloch, Masterton, Pitcorthie, Abbeyview, Brucefield, Hospital Hill, Camdean, Pitreavie)",Fife,KY11,Fife
noon,54.84509743433379,-4.907509598723573,1664876630,1046,1976,46,Male,N,231,Stranraer,"Dumfries and Galloway",DG9,"Dumfries and Galloway"
noon,55.915096390815975,-4.3865239513539445,1664876699,996,1956,66,Male,Y,642,"Yoker, Glasgow",Glasgow,"Glasgow Northwest",Glasgow
noon,55.88227031704779,-4.329163711542976,1664876734,996,1956,66,Male,Y,642,"Yoker, Glasgow",Glasgow,"Glasgow Northwest",Glasgow
noon,56.062651097312205,-3.953028275211175,1664876776,1078,1985,37,Female,Y,457,Bannockburn,Stirlingshire,FK7,"Stirling and Falkirk"
noon,58.488830366460405,-3.7339591282463935,1664876788,1077,1985,37,Female,Y,954,Scarfskerry,Highland,KW14,"Highlands (Inverness)"
noon,55.810531704614384,-4.318480745468077,1664876815,1080,1988,34,Male,Y,661,"Govanhill, Glasgow",Glasgow,"Glasgow Southwest",Glasgow
noon,56.07529946055302,-3.991872678558614,1664876867,1078,1985,37,Female,Y,457,Bannockburn,Stirlingshire,FK7,"Stirling and Falkirk"
noon,56.48015662728242,-2.884456993438833,1664876982,1098,1983,39,Female,Y,254,"Douglas, Dundee",Dundee,"Dundee North","Tayside and Angus (Dundee)"
noon,55.93253828216067,-3.9477270255047587,1664876985,822,1992,30,Male,Y,514,"Cumbernauld (south: Condorrat, Lenziemill, Carbrain, Kildrum, Cumbernauld Village, Abronhill, Seafar)","North Lanarkshire",G67,Glasgow
noon,55.93455782420062,-4.031687222830769,1664877019,1086,1954,68,Male,N,514,"Cumbernauld (south: Condorrat, Lenziemill, Carbrain, Kildrum, Cumbernauld Village, Abronhill, Seafar)","North Lanarkshire",G67,Glasgow
noon,55.927034823013386,-3.2987791581668713,1664877038,1091,1976,46,Female,Y,262,"Wester Hailes, Edinburgh",Edinburgh,"Edinburgh Central","Lothian (Edinburgh)"
noon,55.89319674049595,-4.291426881129332,1664877045,1083,1961,61,Female,Y,598,Rutherglen,"South Lanarkshire","Glasgow Northeast",Glasgow
noon,56.667931670099144,-2.587004295415667,1664877085,1088,1956,66,Male,N,141,Arbroath,Angus,DD11,"Tayside and Angus (Dundee)"
noon,56.39999001231185,-2.8526854679569826,1664877114,1095,1945,77,Male,N,1114,"St Andrews",Fife,KY16,Fife
noon,55.798934321310725,-4.0485307048310775,1664877148,1062,1994,28,Male,N,1150,Holytown,"North Lanarkshire",ML1,Glasgow
noon,56.02351871700799,-4.940496738483115,1664877209,1106,1970,52,Male,N,1241,Dunoon,"Argyll and Bute",PA23,"Argyll and Bute"
noon,55.92702897653321,-4.400757531774193,1664877224,1104,1972,50,Female,N,546,Clydebank,"West Dunbartonshire",G81,Glasgow
noon,57.133763389740864,-2.160007203918835,1664877302,77,1976,46,Female,N,113,"Bridge of Don, Aberdeen",Aberdeen,"Aberdeen North","North East (Aberdeen)"
noon,55.8492025775386,-4.320475192118101,1664877425,1123,1989,33,Female,Y,664,"Toryglen, Glasgow",Glasgow,"Glasgow Southwest",Glasgow
noon,55.83025294539918,-3.9665049333161795,1664877479,1124,1988,34,Male,Y,1151,Motherwell,"North Lanarkshire",ML1,Glasgow
noon,56.08485406990555,-3.6924860106505513,1664877525,1126,1987,35,Male,N,386,Clackmannan,Clackmannanshire,FK10,"Stirling and Falkirk"
noon,55.88086160375023,-4.166653696471766,1664877551,1129,1973,49,Male,N,612,"Easterhouse, Glasgow",Glasgow,"Glasgow Northeast",Glasgow
noon,55.850425600929285,-3.111400946726965,1664877576,1114,1954,68,Male,N,328,Bonnyrigg,Midlothian,EH19,"Lothian (Edinburgh)"
noon,55.878838277495426,-4.291820023882192,1664877631,1118,1955,67,Male,Y,586,"Kelvinside, Glasgow",Glasgow,"Glasgow Kelvin",Glasgow
noon,55.59642045734038,-4.527737763286696,1664877775,1131,1996,26,Male,Y,808,Crosshouse,"East Ayrshire",KA2,Ayrshire
noon,55.408374572641506,-4.647149663540159,1664877895,1121,1987,35,Male,N,856,"Ayr (Centre)","South Ayrshire",KA7,Ayrshire
noon,55.689782152500506,-4.723228767165291,1664877987,1150,1977,45,Female,Y,788,Kilwinning,"North Ayrshire",KA13,Ayrshire
noon,56.11739409746986,-3.372394436727693,1664878005,1161,1996,26,Male,Y,1124,Kelty,Fife,KY4,Fife
noon,56.203583794071484,-3.100923157886698,1664878043,1152,1984,38,Female,Y,1133,"Glenrothes (centre and east: Pitteuchar, Finglassie, Stenton, Auchmuty, Pitcoudie, Balfarg, Pircairn, Collydean)",Fife,KY7,Fife
noon,55.7823862701053,-4.110728192193642,1664878073,1148,1956,66,Male,Y,529,Cambuslang,"South Lanarkshire",G72,Glasgow
noon,56.391616538486815,-3.021065673986244,1664878258,1139,1997,25,Female,Y,1109,Ladybank,Fife,KY15,Fife
noon,56.35804404501362,-3.070420653989812,1664878262,1141,1997,25,Male,Y,1105,Cupar,Fife,KY15,Fife
noon,55.95382412565864,-4.333444374958082,1664878296,1027,1994,28,Male,N,489,Milngavie,"East Dunbartonshire",G62,Glasgow
noon,56.48541884557329,-3.0237733809241734,1664878567,1171,1996,26,Male,N,243,"Hilltown, Dundee",Dundee,"Dundee Central","Tayside and Angus (Dundee)"
noon,55.91414255288853,-3.6273541468561086,1664878597,1186,1993,29,Male,N,367,Armadale,"West Lothian",EH48,"Lothian (Edinburgh)"
noon,55.78190471475684,-3.9467430379456974,1664878714,1181,1980,42,Female,Y,1151,Motherwell,"North Lanarkshire",ML1,Glasgow
noon,57.15306035943286,-2.185005324207457,1664878721,1182,1983,39,Female,Y,104,"Tillydrone, Aberdeen",Aberdeen,"Aberdeen Central","North East (Aberdeen)"
noon,55.85949234421612,-3.02783836363538,1664878749,1162,1991,31,Male,Y,334,Dalkeith,Midlothian,EH22,"Lothian (Edinburgh)"
noon,55.945333061162685,-3.0882236996884007,1664878934,1191,1958,64,Male,N,281,"Portobello, Edinburgh",Edinburgh,"Edinburgh Duddingston","Lothian (Edinburgh)"
noon,55.80810351291547,-3.975980929399231,1664879018,1195,1992,30,Male,Y,1151,Motherwell,"North Lanarkshire",ML1,Glasgow
noon,55.40255392973927,-4.645407452659774,1664879021,1159,1996,26,Male,Y,856,"Ayr (Centre)","South Ayrshire",KA7,Ayrshire
noon,58.91920012082765,-2.8541404884586816,1664879042,1183,1985,37,Female,Y,986,Backaland,Orkney,KW17,"Orkney Islands"
noon,55.484584665946706,-4.597863516607702,1664879044,1196,1986,36,Female,Y,873,Prestwick,"South Ayrshire",KA9,Ayrshire
noon,57.151321682485595,-2.170540259464992,1664879074,1211,1997,25,Male,Y,98,"Northfield, Aberdeen",Aberdeen,"Aberdeen Central","North East (Aberdeen)"
noon,57.088345951054,-2.149887913441041,1664879106,1197,1984,38,Male,N,11,Kincorth, Aberdeen,AB12,"North East (Aberdeen)"
noon,55.42715818325841,-4.6365950592724685,1664879111,1159,1996,26,Male,Y,856,"Ayr (Centre)","South Ayrshire",KA7,Ayrshire
noon,56.15451239100463,-3.76252254247929,1664879170,1198,1980,42,Female,Y,393,Alva,Clackmannanshire,FK12,"Stirling and Falkirk"
noon,57.60461924416577,-3.335473992611458,1664879203,1160,1982,40,Other,Y,737,Elgin,Moray,IV30,"North East (Aberdeen)"
noon,55.99764400501683,-3.8505752159601943,1664879234,1202,1974,48,Male,Y,449,Larbert,Falkirk,FK5,"Stirling and Falkirk"
noon,60.15245022805805,-1.284591089796184,1664879317,1189,1987,35,Female,Y,1500,Lerwick,"Shetland Isles",ZE1,"Shetland Islands"
noon,55.82491368785771,-4.304822503260527,1664879319,1215,1997,25,Male,Y,648,"Shawlands, Glasgow",Glasgow,"Glasgow South",Glasgow
noon,55.815633154613174,-4.381709987019485,1664879337,1206,1964,58,Female,Y,679,"Pollock, Glasgow",Glasgow,"Glasgow Southwest",Glasgow
noon,55.870643489832325,-4.251101317545781,1664879411,1213,1970,52,Male,Y,577,"City centre, Glasgow",Glasgow,"Glasgow City Centre",Glasgow
noon,55.919429487632804,-2.67503154881523,1664879492,1217,2000,22,Male,Y,357,Haddington,"East Lothian",EH41,"Lothian (Edinburgh)"
noon,55.968277223943694,-3.6978193637576973,1664879519,1194,1993,29,Male,Y,422,"Falkirk (north: Grahamston, Middlefield, Westfield)",Falkirk,FK2,"Stirling and Falkirk"
noon,55.9010723259595,-3.6009078755645194,1664879539,1222,1994,28,Female,N,368,Bathgate,"West Lothian",EH48,"Lothian (Edinburgh)"
noon,55.8367668710657,-4.111275165915584,1664879596,1221,1995,27,Male,Y,615,"Bridgeton, Glasgow",Glasgow,"Glasgow Northeast",Glasgow
noon,55.77992406615973,-3.989357057191996,1664879669,1227,1984,38,Female,N,1151,Motherwell,"North Lanarkshire",ML1,Glasgow
noon,55.54395910865367,-4.579354441221316,1664879775,1229,1981,41,Male,N,779,"Kilmarnock (centre and south: Bonnyton, Grange, Bellfield, Shortlees, Caprington, Riccarton, Hurlford)","East Ayrshire",KA1,Ayrshire
noon,55.87478292286998,-4.14281633417613,1664879850,1228,1984,38,Female,Y,629,"Barmulloch, Glasgow",Glasgow,"Glasgow Northeast",Glasgow
noon,55.84075563775235,-4.297703550020641,1664879855,1234,1961,61,Male,Y,647,"Pollokshields, Glasgow",Glasgow,"Glasgow South",Glasgow
noon,58.59755971107578,-3.1354864857537734,1664879971,1254,1989,33,Male,N,899,Wick,Highland,KW1,"Highlands (Inverness)"
noon,55.71106529710012,-3.764716672919792,1664880032,1243,1977,45,Male,Y,1212,Carluke,"South Lanarkshire",ML8,Glasgow
noon,55.8494583252703,-4.14091083480625,1664880083,1228,1984,38,Female,Y,629,"Barmulloch, Glasgow",Glasgow,"Glasgow Northeast",Glasgow
noon,55.77163023849887,-4.184056114657384,1664880195,1251,1984,38,Male,N,530,"East Kilbride (north: The Village, East Mains, West Mains, Lymekilns, St Leonards, Calderwood, Nerston, Stewartfield, Peel Park)","South Lanarkshire",G74,Glasgow
noon,55.837938090075255,-4.065938999707587,1664880199,1244,1995,27,Female,Y,525,Uddingston,"South Lanarkshire",G71,Glasgow
noon,55.86382709489672,-3.2830458269125065,1664880220,1241,1959,63,Male,N,343,Penicuik,Midlothian,EH26,"Lothian (Edinburgh)"
noon,54.94951301976008,-4.647467259845438,1664880221,1239,1960,62,Male,Y,225,"Newton Stewart","Dumfries and Galloway",DG8,"Dumfries and Galloway"
noon,55.7824832995301,-3.813859380717835,1664880247,1253,1995,27,Other,Y,1180,Wishaw,"North Lanarkshire",ML2,Glasgow
noon,55.73025573440503,-4.043635525819992,1664880254,1246,2003,19,Female,Y,1183,Hamilton,"South Lanarkshire",ML3,Glasgow
noon,56.15123055611709,-3.351237296850038,1664880264,1252,1991,31,Male,Y,1126,Cardenden,Fife,KY5,Fife
noon,55.73952728013537,-4.547003061573283,1664880318,1258,1964,58,Female,Y,791,Beith,"East Ayrshire",KA15,Ayrshire
noon,57.66356075542079,-2.9682885320405723,1664880321,1262,1989,33,Male,N,90,Buckie,Moray,AB56,"North East (Aberdeen)"
noon,55.111515779859786,-4.46227991685142,1664880362,1242,1981,41,Female,Y,226,"Port William","Dumfries and Galloway",DG8,"Dumfries and Galloway"
noon,56.47661073376144,-2.9528809761040296,1664880437,1270,1968,54,Female,Y,255,"Fintry, Dundee",Dundee,"Dundee North","Tayside and Angus (Dundee)"
noon,56.211265614569484,-3.0530588540008803,1664880621,1248,1986,36,Female,Y,1140,Leven,Fife,KY8,Fife
noon,55.82140766741117,-3.904930709359645,1664880637,1278,1997,25,Female,Y,1151,Motherwell,"North Lanarkshire",ML1,Glasgow
noon,56.036306312057505,-3.350611375744652,1664880670,1276,1998,24,Male,Y,1094,Rosyth,Fife,KY11,Fife
noon,56.09185300489104,-3.477175394747093,1664880800,1260,1985,37,Male,Y,1096,"Dunfermline (centre, north, west: Abbey Parks, Lady's Mill, Garvock, Headwell, Kingseathill, Wellwood, Milesmark, Baldridge, Pittencrieff, Baldridgeburn)",Fife,KY12,Fife
noon,54.941799790467165,-3.7379901167175658,1664880811,1264,1994,28,Male,N,215,Dalbeattie,"Dumfries and Galloway",DG5,"Dumfries and Galloway"
noon,55.88903831423365,-4.385264984041482,1664880875,1281,1982,40,Male,N,644,"Partick, Glasgow",Glasgow,"Glasgow Northwest",Glasgow
noon,56.34076103196345,-3.0135235230503303,1664881056,1247,1980,42,Male,Y,1104,Ceres,Fife,KY15,Fife
noon,55.93675908591154,-3.2285676144272637,1664881187,1287,1964,58,Female,N,267,"Sighthill, Edinburgh",Edinburgh,"Edinburgh Central","Lothian (Edinburgh)"
noon,56.34780034860188,-3.6890017138482416,1664881191,1304,1961,61,Female,N,1373,Auchterarder,"Perth and Kinross",PH3,Fife
noon,56.46258256140685,-3.0031288360697466,1664881395,1301,1964,58,Male,Y,243,"Hilltown, Dundee",Dundee,"Dundee Central","Tayside and Angus (Dundee)"
noon,57.513059481024186,-2.014741805534359,1664881413,1306,1996,26,Female,Y,54,Peterhead,Aberdeenshire,AB42,"North East (Aberdeen)"
noon,56.04652544547328,-3.94662525544819,1664881433,1305,1985,37,Male,Y,456,"Head of Muir",Falkirk,FK6,"Stirling and Falkirk"
noon,55.61172488442282,-4.501626683537346,1664881450,1303,1971,51,Male,N,779,"Kilmarnock (centre and south: Bonnyton, Grange, Bellfield, Shortlees, Caprington, Riccarton, Hurlford)","East Ayrshire",KA1,Ayrshire
noon,59.2799142516876,-2.4827209848072465,1664881450,1300,1952,70,Female,Y,1025,"Orkney Islands",Orkney,KW17,"Orkney Islands"
noon,55.80878467117472,-3.540757972069646,1664881465,1302,1954,68,Male,Y,376,"West Calder","West Lothian",EH55,"Lothian (Edinburgh)"
noon,56.69114441718452,-2.4475921318521157,1664881465,1298,1996,26,Male,Y,140,Montrose,Angus,DD10,"Tayside and Angus (Dundee)"
noon,55.70576762423796,-4.810982166347865,1664881591,1297,1973,49,Male,Y,814,"West Kilbride","North Ayrshire",KA23,Ayrshire
noon,56.47092573654266,-3.03686590509762,1664881608,1312,2001,21,Male,Y,238,"Menzieshill, Dundee",Dundee,"Dundee Central","Tayside and Angus (Dundee)"
noon,57.01366513415484,-2.243089535125365,1664881696,1310,1976,46,Male,Y,48,Stonehaven,Aberdeenshire,AB39,"North East (Aberdeen)"
noon,56.473627824555884,-2.9679843480780317,1664881718,1313,1964,58,Male,Y,242,"St Marys, Dundee",Dundee,"Dundee Central","Tayside and Angus (Dundee)"
noon,55.827595052799666,-3.56305451542458,1664881737,1302,1954,68,Male,Y,376,"West Calder","West Lothian",EH55,"Lothian (Edinburgh)"
noon,57.660251490138045,-2.43697355902601,1664881817,1029,1971,51,Male,Y,62,Portsoy,Aberdeenshire,AB45,"North East (Aberdeen)"
noon,56.44911595379785,-3.131408501925485,1664881820,1331,1997,25,Male,Y,146,Longforgan,"Perth and Kinross",DD2,"Tayside and Angus (Dundee)"
noon,55.91740588548185,-3.167417816128797,1664881909,1326,1976,46,Male,N,322,"Gilmerton, Edinburgh",Edinburgh,"Edinburgh Southeast","Lothian (Edinburgh)"
noon,55.839224970917726,-3.902908057912044,1664881938,1328,1978,44,Female,Y,1151,Motherwell,"North Lanarkshire",ML1,Glasgow
noon,56.08233630030706,-3.683690655209497,1664882021,1325,1969,53,Male,Y,391,Alloa,Clackmannanshire,FK10,"Stirling and Falkirk"
noon,56.164869413538895,-4.5400778529478725,1664882202,1333,1961,61,Female,Y,473,"Stirling (centre and west: Kings Park, Raploch, Riverside)",Stirlingshire,FK8,"Stirling and Falkirk"
noon,55.91819816348026,-3.6545532992790055,1664882353,1334,1990,32,Male,Y,368,Bathgate,"West Lothian",EH48,"Lothian (Edinburgh)"
noon,57.69236869761795,-3.278293813016761,1664882431,1324,1961,61,Female,N,738,Lossiemouth,Moray,IV31,"North East (Aberdeen)"
noon,55.48188245671065,-4.6194575067391135,1664882522,1347,1956,66,Male,Y,868,"Newton on Ayr","South Ayrshire",KA8,Ayrshire
noon,55.52994037845861,-4.265656167591411,1664882575,1358,1991,31,Male,Y,846,Mauchline,"East Ayrshire",KA5,Ayrshire
noon,55.82479004868207,-2.9997460548164394,1664882738,1364,1995,27,Male,Y,338,Gorebridge,Midlothian,EH23,"Lothian (Edinburgh)"
noon,56.407127554369346,-2.8619743245433766,1664882739,1359,1981,41,Male,Y,177,Wormit,Fife,DD6,"Tayside and Angus (Dundee)"
noon,56.02514353539785,-3.4145861889452527,1664882772,1363,1975,47,Male,N,1094,Rosyth,Fife,KY11,Fife
noon,55.8518698051849,-2.3810963720000413,1664882790,1360,1970,52,Female,N,1423,Duns,"Scottish Borders",TD11,Borders
noon,57.10041591007946,-2.121341129232902,1664882952,1348,1977,45,Male,Y,5,"Cove Bay",Aberdeenshire,AB12,"North East (Aberdeen)"
noon,56.087074625635225,-3.1923511060814254,1664883041,1369,1944,78,Male,Y,1117,"Kirkcaldy (west: Hayfield, Templehall, Newliston, Chapel, Dunnikier, Bennochy)",Fife,KY2,Fife
noon,56.214007157059584,-4.8601106511457886,1664883163,1367,1996,26,Male,Y,558,Balloch,"West Dunbartonshire",G83,"Argyll and Bute"
noon,56.05142985091383,-3.4069810555287945,1664883378,1362,1986,36,Male,Y,1090,"Dunfermline (south and east: Halbeath, Touch, Duloch, Masterton, Pitcorthie, Abbeyview, Brucefield, Hospital Hill, Camdean, Pitreavie)",Fife,KY11,Fife
noon,55.88381676660544,-4.441891617017279,1664883613,1381,1990,32,Male,Y,1264,Renfrew,Renfrewshire,PA4,Glasgow
noon,57.121387588538305,-2.125161016982074,1664883649,1382,1995,27,Female,N,126,"Bridge of Dee, Aberdeen",Aberdeen,"Aberdeen Southeast","North East (Aberdeen)"
noon,55.66107746356645,-3.7820618470168457,1664883821,1394,1991,31,Male,Y,1167,Lanark,"South Lanarkshire",ML11,Glasgow
noon,56.067101071877076,-3.4404725218196606,1664883854,1386,1973,49,Female,Y,1090,"Dunfermline (south and east: Halbeath, Touch, Duloch, Masterton, Pitcorthie, Abbeyview, Brucefield, Hospital Hill, Camdean, Pitreavie)",Fife,KY11,Fife
noon,56.947835285370004,-2.7957720217590327,1664884037,1399,1993,29,Male,N,182,Brechin,Angus,DD9,"Tayside and Angus (Dundee)"
noon,56.00074114734956,-3.703271999230351,1664884055,1406,1991,31,Male,Y,430,Brightons,Falkirk,FK2,"Stirling and Falkirk"
noon,55.8316670288977,-4.123433837826899,1664884077,1002,1977,45,Female,Y,615,"Bridgeton, Glasgow",Glasgow,"Glasgow Northeast",Glasgow
noon,57.537882695285525,-2.4986347962937963,1664884256,1403,2002,20,Female,School,76,Fyvie,Aberdeenshire,AB53,"North East (Aberdeen)"
noon,56.11826157838986,-3.365553427256532,1664884440,1407,1982,40,Female,Y,1121,Cowdenbeath,Fife,KY4,Fife
noon,57.38037879428099,-3.054655608186752,1664884449,1375,1998,24,Female,Y,83,Huntly,Aberdeenshire,AB54,"North East (Aberdeen)"
noon,55.91097921734498,-4.360671038811027,1664884586,1414,1990,32,Male,Y,644,"Partick, Glasgow",Glasgow,"Glasgow Northwest",Glasgow
noon,55.78898671003693,-4.1647076787344135,1664884774,1416,1966,56,Male,Y,530,"East Kilbride (north: The Village, East Mains, West Mains, Lymekilns, St Leonards, Calderwood, Nerston, Stewartfield, Peel Park)","South Lanarkshire",G74,Glasgow
noon,56.03082902515223,-3.8319277071962827,1664884857,1404,1992,30,Female,Y,450,Stenhousemuir,Falkirk,FK5,"Stirling and Falkirk"
noon,56.941261927110055,-2.2492465892471203,1664885078,1431,1962,60,Female,N,48,Stonehaven,Aberdeenshire,AB39,"North East (Aberdeen)"
noon,55.96627321826092,-4.454194155746237,1664885107,1435,1985,37,Female,Y,546,Clydebank,"West Dunbartonshire",G81,Glasgow
noon,57.53242013949196,-2.031624321474766,1664885154,1426,1995,27,Other,Y,54,Peterhead,Aberdeenshire,AB42,"North East (Aberdeen)"
noon,56.152077358674624,-3.940550956760056,1664885156,1398,1968,54,Other,Y,479,"Stirling (north: Causewayhead, Cornton)",Stirlingshire,FK9,"Stirling and Falkirk"
noon,57.462625398212715,-2.004218598563609,1664885340,1454,1989,33,Female,Y,54,Peterhead,Aberdeenshire,AB42,"North East (Aberdeen)"
noon,56.15686275220366,-3.2494616448970324,1664885387,1444,1953,69,Female,Y,1125,Ballingry,Fife,KY5,Fife
noon,56.23709368459903,-3.274986500692878,1664885413,1442,1970,52,Male,N,1129,"Glenrothes (west: Caskieberran, Rimbleton, Macedonia, Tanshall)",Fife,KY6,Fife
noon,55.89872742490084,-4.295866963391112,1664885616,1457,1991,31,Male,Y,634,"Maryhill, Glasgow",Glasgow,"Glasgow Northeast",Glasgow
noon,55.68296284665047,-4.786798424550433,1664885626,1466,1980,42,Female,Y,813,Ardrossan,"North Ayrshire",KA22,Ayrshire
noon,56.01746410155947,-3.8743483805253933,1664885699,1458,1972,50,Male,Y,449,Larbert,Falkirk,FK5,"Stirling and Falkirk"
noon,54.882552459442614,-3.718568135473352,1664885777,1465,1985,37,Female,N,215,Dalbeattie,"Dumfries and Galloway",DG5,"Dumfries and Galloway"
noon,57.827061273464544,-4.076000199401582,1664885982,1449,1958,64,Female,N,711,Tain,Highland,IV19,"Highlands (Inverness)"
noon,57.73082816022288,-3.9581008986889112,1664885985,557,1958,64,Male,Y,717,"Hill of Fearn",Highland,IV20,"Highlands (Inverness)"
noon,56.57124341664704,-3.2779882396571254,1664885987,1462,1981,41,Male,N,1324,"Coupar Angus","Perth and Kinross",PH13,Fife
noon,56.283391865731964,-4.492324293592658,1664886171,1471,1967,55,Male,N,410,Callander,Stirlingshire,FK17,"Stirling and Falkirk"
noon,55.63371245424901,-4.766194568934932,1664886188,1474,1965,57,Female,Y,812,Saltcoats,"East Ayrshire",KA21,Ayrshire
noon,55.8963189041673,-4.4031771758235605,1664886353,1492,1998,24,Female,Y,546,Clydebank,"West Dunbartonshire",G81,Glasgow
noon,56.48161481761701,-3.022604199868047,1664886430,1479,1968,54,Male,Y,237,"Blackness, Dundee",Dundee,"Dundee Central","Tayside and Angus (Dundee)"
noon,55.826515939183565,-4.348065662664151,1664886533,1476,1994,28,Female,Y,678,"Cardonald, Glasgow",Glasgow,"Glasgow Southwest",Glasgow
noon,56.48508850283916,-2.9544325158653484,1664886661,1505,1970,52,Male,Y,256,"Whitfield, Dundee",Dundee,"Dundee North","Tayside and Angus (Dundee)"
noon,56.077635913065244,-3.414504175380396,1664886698,1499,1982,40,Female,Y,1094,Rosyth,Fife,KY11,Fife
noon,55.91970188886838,-3.6949630077186693,1664886716,1500,1979,43,Male,Y,367,Armadale,"West Lothian",EH48,"Lothian (Edinburgh)"
noon,57.66774820956419,-2.183643974328891,1664886907,1501,1988,34,Female,Y,57,Fraserburgh,Aberdeenshire,AB43,"North East (Aberdeen)"
noon,55.64565952007566,-4.703175426840968,1664886918,1232,1970,52,Female,Y,788,Kilwinning,"North Ayrshire",KA13,Ayrshire
noon,55.96724164311455,-3.142556528253234,1664886978,1489,1956,66,Male,Y,285,"Leith, Edinburgh",Edinburgh,"Edinburgh Leith","Lothian (Edinburgh)"
noon,55.004692682100625,-3.1178781499315273,1664887167,1518,2003,19,Other,Y,205,Gretna,"Dumfries and Galloway",DG16,"Dumfries and Galloway"
noon,55.98106711339679,-3.1707502774112113,1664887251,1506,1954,68,Male,N,285,"Leith, Edinburgh",Edinburgh,"Edinburgh Leith","Lothian (Edinburgh)"
noon,56.90564919326103,-3.0144180179404634,1664887268,1519,1991,31,Female,N,182,Brechin,Angus,DD9,"Tayside and Angus (Dundee)"
noon,56.08625855706254,-3.956006568724417,1664887300,1509,2004,18,Female,Y,464,"Stirling (south and east: Braehead, Borestone, Broomridge, Torbrex)",Stirlingshire,FK7,"Stirling and Falkirk"
noon,56.48707898060415,-2.9944530470623354,1664887301,1517,1949,73,Female,Y,234,"Baxter Park, Dundee",Dundee,"Dundee Bluebelt","Tayside and Angus (Dundee)"
noon,55.5832728683607,-4.464550212592558,1664887393,1527,1984,38,Female,N,779,"Kilmarnock (centre and south: Bonnyton, Grange, Bellfield, Shortlees, Caprington, Riccarton, Hurlford)","East Ayrshire",KA1,Ayrshire
noon,56.68812553914699,-2.70919611997147,1664887417,1511,1956,66,Female,N,182,Brechin,Angus,DD9,"Tayside and Angus (Dundee)"
noon,56.48462245567221,-2.9520313933358113,1664887437,1520,1981,41,Female,N,252,"Linlathen and Midcraigie, Dundee",Dundee,"Dundee North","Tayside and Angus (Dundee)"
noon,56.00822483165865,-3.5947175447971875,1664887687,1539,1969,53,Female,Y,370,Bo'ness,Falkirk,EH51,"Lothian (Edinburgh)"
noon,57.48347684350667,-2.0293584623069214,1664887866,1536,1950,72,Male,Y,54,Peterhead,Aberdeenshire,AB42,"North East (Aberdeen)"
noon,55.45944772224635,-4.626762896630706,1664887927,1530,1997,25,Male,Y,856,"Ayr (Centre)","South Ayrshire",KA7,Ayrshire
noon,55.79993488968419,-4.316624578422026,1664887953,1532,1966,56,Female,N,660,"Arden, Glasgow",Glasgow,"Glasgow South",Glasgow
noon,55.63611664962179,-4.707100185682611,1664888004,1542,1984,38,Female,N,787,"Irvine (centre: Castlepark, Tarryholme)","North Ayrshire",KA12,Ayrshire
noon,57.033850963335375,-2.483050372733077,1664888107,1351,1986,36,Male,Y,22,Banchory,Aberdeenshire,AB31,"North East (Aberdeen)"
noon,56.12998256955614,-3.3886235193189207,1664888164,1546,1968,54,Male,N,1121,Cowdenbeath,Fife,KY4,Fife
noon,55.131411412047086,-4.695409579688288,1664888190,1548,1986,36,Female,Y,824,Girvan,"South Ayrshire",KA26,Ayrshire
noon,55.91667217552908,-4.617029815987914,1664888287,1554,1971,51,Male,Y,1228,Langbank,Renfrewshire,PA14,Glasgow
noon,56.81557392319405,-2.903254807158879,1664888475,1568,2002,20,Male,Y,182,Brechin,Angus,DD9,"Tayside and Angus (Dundee)"
noon,55.45097636908842,-4.597161252570546,1664889111,1585,1989,33,Female,Y,860,Dunure,"South Ayrshire",KA7,Ayrshire
noon,57.68310131610632,-2.8265610863820223,1664889121,1580,1997,25,Female,Y,90,Buckie,Moray,AB56,"North East (Aberdeen)"
noon,55.91768453224987,-4.397679216466836,1664889129,1587,1967,55,Male,Y,546,Clydebank,"West Dunbartonshire",G81,Glasgow
noon,57.63433335983869,-2.942328385933658,1664889235,1580,1997,25,Female,Y,90,Buckie,Moray,AB56,"North East (Aberdeen)"
noon,55.83753344447764,-4.19058752229471,1664889577,1598,1981,41,Male,Y,623,"Shettleston, Glasgow",Glasgow,"Glasgow Northeast",Glasgow
noon,55.906428732269305,-3.6141859844974924,1664889592,1600,1994,28,Male,Y,368,Bathgate,"West Lothian",EH48,"Lothian (Edinburgh)"
noon,55.88907124865358,-4.835093821469183,1664889608,1602,1990,32,Female,Y,1231,"Greenock (west: Bow Farm, Braeside, Branchton, Fort Matilda, Gateside, Greenock West, Overton, Pennyfern, Smithston)",Inverclyde,PA16,Glasgow
noon,55.824786945085975,-3.9126808124942474,1664889664,1603,1996,26,Female,Y,1151,Motherwell,"North Lanarkshire",ML1,Glasgow
noon,55.72432938593706,-3.745607737314301,1664890327,1612,1990,32,Female,Y,1212,Carluke,"South Lanarkshire",ML8,Glasgow
noon,57.16496707180318,-2.0814307325953925,1664890332,1608,1945,77,Female,N,107,"Rosemount, Aberdeen",Aberdeen,"Aberdeen Central","North East (Aberdeen)"
noon,55.93093179606826,-3.6836933907899256,1664890346,1604,1956,66,Female,Y,368,Bathgate,"West Lothian",EH48,"Lothian (Edinburgh)"
noon,55.94643033000752,-4.830591446358973,1664890508,1621,1984,38,Male,Y,1235,Gourock,Inverclyde,PA19,Glasgow
noon,55.80852791472026,-4.005152221786709,1664890584,1601,1996,26,Female,Y,1151,Motherwell,"North Lanarkshire",ML1,Glasgow
noon,57.153172154856954,-2.1820428298472923,1664890719,1615,1971,51,Female,Y,107,"Rosemount, Aberdeen",Aberdeen,"Aberdeen Central","North East (Aberdeen)"
noon,57.11041266375972,-2.1905059048196662,1664890775,1620,1991,31,Male,Y,128,"Mannofield, Aberdeen",Aberdeen,"Aberdeen Southwest","North East (Aberdeen)"
noon,57.11494140612356,-2.2643830640047184,1664890837,1622,1976,46,Female,N,128,"Mannofield, Aberdeen",Aberdeen,"Aberdeen Southwest","North East (Aberdeen)"
noon,58.215598268027556,-6.362848353346484,1664891173,1630,1957,65,Male,Y,686,"Stornoway, Isle of Lewis","Western Isles",HS1,"Western Isles"
noon,55.1425804919294,-4.0664222350776456,1664891770,1638,1970,52,Male,Y,221,"Gatehouse of Fleet","Dumfries and Galloway",DG7,"Dumfries and Galloway"
noon,55.540167584573695,-4.513941146830871,1664891851,1647,1947,75,Male,Y,779,"Kilmarnock (centre and south: Bonnyton, Grange, Bellfield, Shortlees, Caprington, Riccarton, Hurlford)","East Ayrshire",KA1,Ayrshire
noon,55.97906857950653,-3.8824986122144365,1664891905,1644,1990,32,Female,Y,442,Allandale, Falkirk,FK4,"Stirling and Falkirk"
noon,55.667296045316206,-4.172679939265084,1664892000,1593,1960,62,Male,N,1160,Strathaven,"North Lanarkshire",ML10,Glasgow
noon,55.189808167992624,-3.3105938380428377,1664892085,1633,1947,75,Male,Y,196,Lockerbie,"Dumfries and Galloway",DG11,"Dumfries and Galloway"
noon,57.66170368236738,-2.1636518128242437,1664892284,1655,1969,53,Female,Y,57,Fraserburgh,Aberdeenshire,AB43,"North East (Aberdeen)"
noon,56.14263737310328,-3.169023892983608,1664892302,1657,1958,64,Female,Y,1079,"Kirkcaldy (east: Linktown, Port Brae, Pathhead, Sinclairtown, Smeaton, Gallatown)",Fife,KY1,Fife
noon,55.91299898607756,-3.9558935464018368,1664892530,1661,1959,63,Male,Y,1192,Airdrie,"North Lanarkshire",ML6,Glasgow
noon,55.886788969121135,-4.254458971916684,1664892610,1660,1964,58,Female,Y,634,"Maryhill, Glasgow",Glasgow,"Glasgow Northeast",Glasgow
noon,56.56732852939354,-2.854829477713502,1664892681,1641,1977,45,Male,N,179,Forfar,Angus,DD8,"Tayside and Angus (Dundee)"
noon,55.89790391964938,-3.542400650752841,1664892709,1666,1974,48,Female,N,375,Livingston,"West Lothian",EH54,"Lothian (Edinburgh)"
noon,55.8266422910079,-4.355220124497603,1664892882,1675,1974,48,Female,N,672,"Govan, Glasgow",Glasgow,"Glasgow Southwest",Glasgow
noon,55.86125316643367,-4.386702816667605,1664892920,1669,1994,28,Male,N,1249,"Paisley (north west: Ferguslie Park, Gallowhill, Gockston, Shortroods, )",Renfrewshire,PA3,Glasgow
noon,56.15264351324405,-3.1962143513846875,1664892974,1674,1979,43,Male,Y,1117,"Kirkcaldy (west: Hayfield, Templehall, Newliston, Chapel, Dunnikier, Bennochy)",Fife,KY2,Fife
noon,55.3131913687835,-3.291012776489729,1664892977,1671,2004,18,Male,Y,203,Langholm,"Dumfries and Galloway",DG13,"Dumfries and Galloway"
noon,55.926678008285954,-3.117883026217175,1664893076,1672,1949,73,Female,N,322,"Gilmerton, Edinburgh",Edinburgh,"Edinburgh Southeast","Lothian (Edinburgh)"
noon,56.77413165098333,-2.6438986917161893,1664893491,1679,2001,21,Female,N,182,Brechin,Angus,DD9,"Tayside and Angus (Dundee)"
noon,58.54756878047292,-3.964201153505883,1664893547,1694,1996,26,Other,Y,953,Reay,Highland,KW14,"Highlands (Inverness)"
noon,56.46975420764014,-2.9759941974467483,1664893951,1695,1956,66,Male,N,238,"Menzieshill, Dundee",Dundee,"Dundee Central","Tayside and Angus (Dundee)"
noon,56.038660812487855,-3.407028175285405,1664894049,1703,1994,28,Male,Y,1090,"Dunfermline (south and east: Halbeath, Touch, Duloch, Masterton, Pitcorthie, Abbeyview, Brucefield, Hospital Hill, Camdean, Pitreavie)",Fife,KY11,Fife
noon,56.0888855409826,-3.743226277413733,1664894114,1696,1965,57,Female,N,391,Alloa,Clackmannanshire,FK10,"Stirling and Falkirk"
noon,55.95718691212285,-3.1356034145614116,1664894127,1702,1948,74,Female,Y,285,"Leith, Edinburgh",Edinburgh,"Edinburgh Leith","Lothian (Edinburgh)"
noon,56.302140768095924,-2.7523629203410365,1664894222,1706,1989,33,Female,Y,1114,"St Andrews",Fife,KY16,Fife
noon,56.387854235210646,-2.9778728851592526,1664894234,1707,1966,56,Male,Y,176,Tayport,Fife,DD6,"Tayside and Angus (Dundee)"
noon,57.345493512723586,-2.270435878228373,1664894523,1714,1962,60,Female,Y,66,Kintore,Aberdeenshire,AB51,"North East (Aberdeen)"
noon,56.13365054086097,-3.229968631985569,1664894778,1719,1989,33,Female,Y,1117,"Kirkcaldy (west: Hayfield, Templehall, Newliston, Chapel, Dunnikier, Bennochy)",Fife,KY2,Fife
noon,56.81185274173832,-2.7739386575270766,1664894857,1722,1979,43,Female,N,182,Brechin,Angus,DD9,"Tayside and Angus (Dundee)"
noon,56.134403534772744,-3.7980222045406182,1664895086,1728,1994,28,Female,Y,391,Alloa,Clackmannanshire,FK10,"Stirling and Falkirk"
noon,57.59170000804983,-3.1448387651579623,1664895165,1727,1995,27,Male,Y,739,Fochabers,Moray,IV32,"North East (Aberdeen)"
noon,54.970069987760034,-4.861203022831523,1664895265,1733,1989,33,Female,Y,225,"Newton Stewart","Dumfries and Galloway",DG8,"Dumfries and Galloway"
noon,54.91781512958158,-4.091818689866601,1664895267,1629,1968,54,Female,N,220,"Castle Douglas","Dumfries and Galloway",DG7,"Dumfries and Galloway"
noon,57.137197681615035,-2.08574738390323,1664895355,1736,1960,62,Male,N,127,"Torry, Aberdeen",Aberdeen,"Aberdeen Southeast","North East (Aberdeen)"
noon,55.72906560701291,-3.849037112363895,1664895364,1729,1995,27,Male,Y,1212,Carluke,"South Lanarkshire",ML8,Glasgow
noon,55.00396654443227,-4.938235020498748,1664895386,1735,1955,67,Female,Y,223,Glenluce,"Dumfries and Galloway",DG8,"Dumfries and Galloway"
noon,55.763956461327695,-3.493112345225899,1664895712,1738,1986,36,Male,Y,1167,Lanark,"South Lanarkshire",ML11,Glasgow
noon,55.445519067918404,-4.6476299381463,1664895887,1741,1976,46,Male,N,856,"Ayr (Centre)","South Ayrshire",KA7,Ayrshire
noon,55.85958991089804,-3.635267409856726,1664896109,1688,1981,41,Male,Y,366,Whitburn,"West Lothian",EH47,"Lothian (Edinburgh)"
noon,57.119932817557356,-2.4294946677683016,1664896214,1753,1996,26,Male,Y,28,Westhill,Aberdeenshire,AB32,"North East (Aberdeen)"
noon,57.229040934737334,-2.176627216956021,1664896570,1749,1994,28,Male,Y,113,"Bridge of Don, Aberdeen",Aberdeen,"Aberdeen North","North East (Aberdeen)"
noon,55.55282123757033,-4.239251424086266,1664896641,1452,1988,34,Male,Y,846,Mauchline,"East Ayrshire",KA5,Ayrshire
noon,57.575231596870545,-2.1648064678599583,1664896805,1739,1992,30,Female,Y,57,Fraserburgh,Aberdeenshire,AB43,"North East (Aberdeen)"
noon,56.16593155662084,-3.883150502683383,1664896820,1752,1975,47,Female,Y,479,"Stirling (north: Causewayhead, Cornton)",Stirlingshire,FK9,"Stirling and Falkirk"
noon,56.472985053062395,-2.903233907766146,1664897027,1779,1965,57,Female,Y,248,"Barnhill, Dundee",Dundee,"Dundee East","Tayside and Angus (Dundee)"
noon,56.48530380329104,-2.966977880947204,1664897359,1790,1983,39,Male,Y,232,"Craigiebank, Dundee",Dundee,"Dundee Bluebelt","Tayside and Angus (Dundee)"
noon,56.48756256648346,-3.016212590937962,1664897404,1793,1957,65,Female,N,236,"Lochee, Dundee",Dundee,"Dundee Central","Tayside and Angus (Dundee)"
noon,56.475575747991556,-2.964297664321948,1664897422,1793,1957,65,Female,N,236,"Lochee, Dundee",Dundee,"Dundee Central","Tayside and Angus (Dundee)"
noon,55.87756960352242,-3.5843351830583345,1664897496,1794,1989,33,Male,N,366,Whitburn,"West Lothian",EH47,"Lothian (Edinburgh)"
noon,56.100814887083914,-4.066369837427952,1664897574,1803,1978,44,Male,N,457,Bannockburn,Stirlingshire,FK7,"Stirling and Falkirk"
noon,55.58623729388469,-4.224355964436487,1664897602,1800,1966,56,Female,Y,796,Darvel,"East Ayrshire",KA17,Ayrshire
noon,55.9083907502502,-3.219077778831624,1664897646,1801,1964,58,Male,N,305,"Oxgangs, Edinburgh",Edinburgh,"Edinburgh Oxgangs","Lothian (Edinburgh)"
noon,56.245614295394994,-4.756795639181899,1664897744,1805,1983,39,Male,Y,557,Alexandria,"West Dunbartonshire",G83,"Argyll and Bute"
noon,56.44457844132036,-2.8801837464163427,1664898037,1808,1958,64,Male,N,176,Tayport,Fife,DD6,"Tayside and Angus (Dundee)"
noon,56.48173280399951,-2.9544344563909024,1664898289,1819,1980,42,Male,Y,254,"Douglas, Dundee",Dundee,"Dundee North","Tayside and Angus (Dundee)"
noon,57.61820982972874,-2.8662261437012084,1664898319,1818,1941,81,Female,N,92,Findochty,Moray,AB56,"North East (Aberdeen)"
noon,57.57758295019052,-3.3514781370062443,1664898612,1772,1996,26,Other,Y,737,Elgin,Moray,IV30,"North East (Aberdeen)"
noon,55.97618951771779,-4.504483831234368,1664898710,1838,1993,29,Male,Y,549,Dumbarton,"West Dunbartonshire",G82,Glasgow
noon,56.000851723002235,-4.480005474729616,1664898740,1838,1993,29,Male,Y,549,Dumbarton,"West Dunbartonshire",G82,Glasgow
noon,55.978623423900125,-3.1871096470120746,1664898809,1828,1958,64,Male,Y,297,"Blackhall, Edinburgh",Edinburgh,"Edinburgh North","Lothian (Edinburgh)"
noon,56.0361693847774,-2.7296338905604944,1664898819,1830,1996,26,Male,Y,355,"North Berwick","East Lothian",EH39,"Lothian (Edinburgh)"
noon,55.21829391310724,-4.480771568925811,1664898841,1833,1948,74,Male,Y,804,Crosshill,"South Ayrshire",KA19,Ayrshire
noon,55.946950698147745,-3.9515817487398355,1664899000,1441,1982,40,Male,Y,514,"Cumbernauld (south: Condorrat, Lenziemill, Carbrain, Kildrum, Cumbernauld Village, Abronhill, Seafar)","North Lanarkshire",G67,Glasgow
noon,55.80739979862934,-4.454503318566006,1664899248,1841,1989,33,Female,Y,1236,"Paisley (south: Blackhall, Castlehead, Dykebar, Foxbar, Hunterhill, Meikleriggs)",Renfrewshire,PA2,Glasgow
noon,55.89231201280604,-3.6143642480031586,1664899282,1837,1973,49,Female,N,368,Bathgate,"West Lothian",EH48,"Lothian (Edinburgh)"
noon,55.97272116333569,-3.968805296397086,1664899299,1767,1994,28,Male,Y,517,"Cumbernauld (north: Balloch, Eastfield, Carrickstone, Smithstone, Blackwood, Westfield)","North Lanarkshire",G68,Glasgow
noon,55.91182432016306,-4.414819027693238,1664899518,1842,1960,62,Male,Y,546,Clydebank,"West Dunbartonshire",G81,Glasgow
noon,56.697736507688724,-3.0289997648596616,1664899540,1854,1994,28,Female,Y,179,Forfar,Angus,DD8,"Tayside and Angus (Dundee)"
noon,55.78450575445349,-4.292654938490162,1664899597,1849,1993,29,Female,Y,657,"Thornliebank, Glasgow",Glasgow,"Glasgow South",Glasgow
noon,56.12294489168247,-3.1699308628982696,1664899628,1852,1967,55,Male,Y,1117,"Kirkcaldy (west: Hayfield, Templehall, Newliston, Chapel, Dunnikier, Bennochy)",Fife,KY2,Fife
noon,55.963851737463195,-4.225600913336262,1664899634,957,1971,51,Female,N,507,Kirkintilloch,"East Dunbartonshire",G66,Glasgow
noon,56.472040291455315,-3.0390459441762037,1664899693,1855,1976,46,Male,Y,245,"Law, Dundee",Dundee,"Dundee Central","Tayside and Angus (Dundee)"
noon,56.98981832946806,-2.4876240069488054,1664900341,1860,1957,65,Female,N,22,Banchory,Aberdeenshire,AB31,"North East (Aberdeen)"
noon,56.51789546091763,-3.180804590131129,1664900367,1864,1965,57,Female,N,145,Liff,Angus,DD2,"Tayside and Angus (Dundee)"
noon,55.644267560677505,-4.340155165895113,1664900694,1876,1992,30,Female,N,843,Galston,"East Ayrshire",KA4,Ayrshire
noon,57.1328490758711,-2.072697971896901,1664900871,1872,1970,52,Female,Y,126,"Bridge of Dee, Aberdeen",Aberdeen,"Aberdeen Southeast","North East (Aberdeen)"
noon,55.89143841512985,-4.238123485836281,1664901030,1874,1997,25,Male,Y,612,"Easterhouse, Glasgow",Glasgow,"Glasgow Northeast",Glasgow
noon,56.6936987165655,-2.701247235360587,1664901031,1893,1961,61,Female,N,182,Brechin,Angus,DD9,"Tayside and Angus (Dundee)"
noon,55.801648929230566,-4.077398873554506,1664901110,1881,1962,60,Male,Y,525,Uddingston,"South Lanarkshire",G71,Glasgow
noon,55.765817047986616,-4.241856233389446,1664901205,1888,1969,53,Female,Y,530,"East Kilbride (north: The Village, East Mains, West Mains, Lymekilns, St Leonards, Calderwood, Nerston, Stewartfield, Peel Park)","South Lanarkshire",G74,Glasgow
noon,57.6267217896481,-3.015272789356776,1664901236,1889,1964,58,Female,N,90,Buckie,Moray,AB56,"North East (Aberdeen)"
noon,57.16180045458472,-2.1095949561976854,1664901288,1892,1954,68,Male,Y,107,"Rosemount, Aberdeen",Aberdeen,"Aberdeen Central","North East (Aberdeen)"
noon,55.78944451225201,-4.4229350790827535,1664901319,1885,1963,59,Male,Y,540,Barrhead,"East Renfrewshire",G78,Glasgow
noon,55.80394626497253,-3.779142940589677,1664901584,1895,1953,69,Female,N,1208,Salsburgh,"North Lanarkshire",ML7,Glasgow
noon,55.93684032928612,-4.407627229860939,1664901668,1905,1998,24,Female,Y,546,Clydebank,"West Dunbartonshire",G81,Glasgow
noon,55.942646578392306,-3.5882487843613715,1664901681,1891,1954,68,Male,Y,368,Bathgate,"West Lothian",EH48,"Lothian (Edinburgh)"
noon,57.027038265617215,-2.189511317989121,1664901729,1902,1970,52,Female,N,48,Stonehaven,Aberdeenshire,AB39,"North East (Aberdeen)"
noon,55.75588410568766,-4.013180686329035,1664901737,1906,1958,64,Female,N,1183,Hamilton,"South Lanarkshire",ML3,Glasgow
noon,56.93953525187148,-2.8184460102385205,1664901892,1907,1987,35,Female,Y,182,Brechin,Angus,DD9,"Tayside and Angus (Dundee)"
noon,55.805998710763454,-3.8088608159569963,1664902545,1898,1993,29,Female,N,1210,Greenrigg,"West Lothian",ML7,Glasgow
noon,56.44990023801806,-3.5260974208690286,1664902628,1873,2000,22,Female,Y,1313,"Perth (north and west: Burghmuir, Cherrybank, Hillyland, Inveralmond, Lethom, Muirton, North Muirton, Tulloch)","Perth and Kinross",PH1,Fife
noon,55.865160777100535,-4.168943377575285,1664902665,1928,1980,42,Female,Y,615,"Bridgeton, Glasgow",Glasgow,"Glasgow Northeast",Glasgow
noon,55.90290761453149,-4.225630126318898,1664902704,1928,1980,42,Female,Y,615,"Bridgeton, Glasgow",Glasgow,"Glasgow Northeast",Glasgow
noon,55.83774515002144,-4.082326751506145,1664902890,1932,1975,47,Female,Y,525,Uddingston,"South Lanarkshire",G71,Glasgow
noon,57.620871635714416,-2.1227880934712497,1664903000,1935,1990,32,Male,Y,57,Fraserburgh,Aberdeenshire,AB43,"North East (Aberdeen)"
noon,56.03978174949287,-3.492541523763825,1664903067,1362,1986,36,Male,Y,1090,"Dunfermline (south and east: Halbeath, Touch, Duloch, Masterton, Pitcorthie, Abbeyview, Brucefield, Hospital Hill, Camdean, Pitreavie)",Fife,KY11,Fife
noon,57.24947649572952,-2.3038116424278727,1664903067,1914,1967,55,Female,Y,64,Inverurie,Aberdeenshire,AB51,"North East (Aberdeen)"
noon,57.28846501513961,-2.421703596587182,1664903096,1917,1993,29,Female,Y,67,Oldmeldrum,Aberdeenshire,AB51,"North East (Aberdeen)"
noon,58.62932208012769,-3.2691294953984764,1664903277,1939,1979,43,Male,Y,961,Thurso,Highland,KW14,"Highlands (Inverness)"
noon,56.06112210189471,-3.2358876008067936,1664903409,1943,1973,49,Male,N,1119,Burntisland,Fife,KY3,Fife
noon,55.72196384819724,-3.9725974769366137,1664903491,1944,1965,57,Male,Y,1217,Larkhall,"North Lanarkshire",ML9,Glasgow
noon,58.57182269984534,-3.3874819003575523,1664903577,1939,1979,43,Male,Y,961,Thurso,Highland,KW14,"Highlands (Inverness)"
noon,55.99959954990508,-3.951156376148715,1664903606,1947,1980,42,Female,N,447,"High Bonnybridge",Falkirk,FK4,"Stirling and Falkirk"
noon,57.43783815032744,-1.9760357697520183,1664903728,1949,1984,38,Male,N,54,Peterhead,Aberdeenshire,AB42,"North East (Aberdeen)"
noon,55.88472140218838,-3.5600689904867844,1664903784,1952,2000,22,Other,Y,375,Livingston,"West Lothian",EH54,"Lothian (Edinburgh)"
noon,56.6030540849645,-2.6982546584166855,1664903800,1954,1999,23,Male,Y,141,Arbroath,Angus,DD11,"Tayside and Angus (Dundee)"
noon,55.66650103840498,-4.009112585990475,1664903858,1956,1994,28,Female,Y,1217,Larkhall,"North Lanarkshire",ML9,Glasgow
noon,55.65678842240947,-4.6064056722818565,1664904067,1961,1987,35,Female,Y,785,"Irvine (east, south: Perceton, Lawthorn, Girdle Toll, Stanecastle, Bourtreehill, Broomlands, Dreghorn, Springside)","North Ayrshire",KA11,Ayrshire
noon,55.950442891952875,-3.004282302509128,1664904143,1963,1976,46,Female,Y,348,Prestonpans,"East Lothian",EH32,"Lothian (Edinburgh)"
noon,57.543859308445626,-1.80949426107885,1664904211,1964,1989,33,Female,N,54,Peterhead,Aberdeenshire,AB42,"North East (Aberdeen)"
noon,57.15379716091559,-2.1170942545119003,1664904446,1971,1977,45,Male,Y,132,"Peterculter, Aberdeen",Aberdeen,"Aberdeen Southwest","North East (Aberdeen)"
noon,57.64196412845224,-3.4279096680623513,1664904666,1968,1983,39,Female,Y,737,Elgin,Moray,IV30,"North East (Aberdeen)"
noon,55.630435591220966,-4.467622734646464,1664904899,1974,1956,66,Male,N,837,"Kilmarnock (north: Onthank, Townholm, Altonhill, Longpark, Beansburn, New Farm Loch, Knockinlaw, Hillhead, Crookedholm)","East Ayrshire",KA3,Ayrshire
noon,57.641272445983844,-3.1360909979820417,1664905037,1980,1983,39,Male,Y,739,Fochabers,Moray,IV32,"North East (Aberdeen)"
noon,59.110647301125375,-3.345950280263033,1664905055,1979,1961,61,Female,Y,1025,"Orkney Islands",Orkney,KW17,"Orkney Islands"
noon,58.90975234270248,-2.8934529967035307,1664905172,1976,1968,54,Female,Y,1025,"Orkney Islands",Orkney,KW17,"Orkney Islands"
noon,56.71991945281715,-2.634910165584036,1664905266,1982,1996,26,Female,N,182,Brechin,Angus,DD9,"Tayside and Angus (Dundee)"
noon,56.48402859508115,-2.9845611054555636,1664905550,1992,1963,59,Male,N,234,"Baxter Park, Dundee",Dundee,"Dundee Bluebelt","Tayside and Angus (Dundee)"
noon,55.9624499641882,-3.163130381465246,1664905588,1489,1956,66,Male,Y,285,"Leith, Edinburgh",Edinburgh,"Edinburgh Leith","Lothian (Edinburgh)"
noon,56.86037151080199,-3.5380490593298104,1664905820,1985,1997,25,Male,Y,1318,Blairgowrie,"Perth and Kinross",PH10,Fife
noon,57.15625703193649,-2.1823946744527367,1664905861,2000,1964,58,Female,N,97,"Mastrick, Aberdeen",Aberdeen,"Aberdeen Central","North East (Aberdeen)"
noon,56.039004131888525,-3.821259524777328,1664906098,2009,1994,28,Male,Y,449,Larbert,Falkirk,FK5,"Stirling and Falkirk"
noon,57.67502647190537,-3.463206283777278,1664906215,2007,1978,44,Male,Y,737,Elgin,Moray,IV30,"North East (Aberdeen)"
noon,56.126671795507804,-3.642906891074919,1664906275,2011,2000,22,Male,Y,1096,"Dunfermline (centre, north, west: Abbey Parks, Lady's Mill, Garvock, Headwell, Kingseathill, Wellwood, Milesmark, Baldridge, Pittencrieff, Baldridgeburn)",Fife,KY12,Fife
noon,56.48726285534339,-2.9538145444422077,1664906491,2014,1980,42,Male,Y,254,"Douglas, Dundee",Dundee,"Dundee North","Tayside and Angus (Dundee)"
noon,57.67459438119374,-2.0764951804348017,1664906562,2022,1952,70,Female,Y,57,Fraserburgh,Aberdeenshire,AB43,"North East (Aberdeen)"
noon,60.30907806303575,-1.1946562466220536,1664906583,1320,1988,34,Female,Y,1512,Brae,"Shetland Isles",ZE2,"Shetland Islands"
noon,55.6571784068732,-4.126684583848726,1664906605,2017,1970,52,Female,Y,1160,Strathaven,"North Lanarkshire",ML10,Glasgow
noon,60.588863016245064,-1.3887250282781367,1664906611,1320,1988,34,Female,Y,1512,Brae,"Shetland Isles",ZE2,"Shetland Islands"
noon,55.64078493891744,-4.679727704780958,1664906636,2020,1986,36,Female,Y,787,"Irvine (centre: Castlepark, Tarryholme)","North Ayrshire",KA12,Ayrshire
noon,55.246149830641535,-4.265309783596385,1664906757,2023,1997,25,Female,Y,220,"Castle Douglas","Dumfries and Galloway",DG7,"Dumfries and Galloway"
noon,56.03161921886297,-3.6900762422312807,1664906766,1960,1955,67,Male,N,439,Grangemouth,Falkirk,FK3,"Stirling and Falkirk"
noon,56.120829007162506,-4.452408361273816,1664906778,2027,1959,63,Female,N,473,"Stirling (centre and west: Kings Park, Raploch, Riverside)",Stirlingshire,FK8,"Stirling and Falkirk"
noon,56.48575487871277,-2.899330753568937,1664906825,2024,1968,54,Male,Y,256,"Whitfield, Dundee",Dundee,"Dundee North","Tayside and Angus (Dundee)"
noon,55.89907762562054,-4.423387837469215,1664906980,2029,1982,40,Male,Y,1264,Renfrew,Renfrewshire,PA4,Glasgow
noon,56.04326026662426,-3.3419170384680723,1664907033,2019,1979,43,Female,Y,1091,Inverkeithing,Fife,KY11,Fife
noon,55.59769991354426,-4.405300911893329,1664907093,2015,1978,44,Female,Y,843,Galston,"East Ayrshire",KA4,Ayrshire
noon,57.67467341212605,-3.3753247926302445,1664907295,2032,1983,39,Female,Y,737,Elgin,Moray,IV30,"North East (Aberdeen)"
noon,55.96008470105713,-3.2706776127319706,1664907387,2036,1967,55,Male,N,278,"Granton, Edinburgh",Edinburgh,"Edinburgh Clermiston Granton","Lothian (Edinburgh)"
noon,56.44527596199605,-3.5158178960044015,1664907616,2041,1962,60,Male,Y,1313,"Perth (north and west: Burghmuir, Cherrybank, Hillyland, Inveralmond, Lethom, Muirton, North Muirton, Tulloch)","Perth and Kinross",PH1,Fife
noon,57.28191203386178,-2.400005773593745,1664907839,2050,1966,56,Female,N,64,Inverurie,Aberdeenshire,AB51,"North East (Aberdeen)"
noon,56.1464955989073,-3.7293526271412167,1664907976,2052,1984,38,Female,Y,396,Tillicoultry,Clackmannanshire,FK13,"Stirling and Falkirk"
noon,57.60472081653778,-3.1638702996247963,1664908332,2058,1983,39,Female,N,739,Fochabers,Moray,IV32,"North East (Aberdeen)"
noon,57.60994379747057,-2.53025095831716,1664908362,2057,1989,33,Female,Y,59,Banff,Aberdeenshire,AB45,"North East (Aberdeen)"
noon,57.21526095261039,-2.2826891934645355,1664909103,2071,1973,49,Male,N,113,"Bridge of Don, Aberdeen",Aberdeen,"Aberdeen North","North East (Aberdeen)"
noon,57.237894951291274,-2.526076446178342,1664909290,2077,1973,49,Female,Y,67,Oldmeldrum,Aberdeenshire,AB51,"North East (Aberdeen)"
noon,55.61645678559787,-4.374789393296869,1664909528,2087,1972,50,Male,Y,843,Galston,"East Ayrshire",KA4,Ayrshire
noon,56.457135049622806,-3.717615408831991,1664909535,2088,1966,56,Male,Y,1313,"Perth (north and west: Burghmuir, Cherrybank, Hillyland, Inveralmond, Lethom, Muirton, North Muirton, Tulloch)","Perth and Kinross",PH1,Fife
noon,55.908576571950135,-3.5164961129889893,1664909904,2083,1965,57,Male,N,375,Livingston,"West Lothian",EH54,"Lothian (Edinburgh)"
noon,55.92049342598356,-3.704368731498736,1664909961,2093,1969,53,Male,N,367,Armadale,"West Lothian",EH48,"Lothian (Edinburgh)"
noon,56.89434749329086,-3.2632662187510806,1664910087,2103,1996,26,Female,Y,181,Kirriemuir,Angus,DD8,"Tayside and Angus (Dundee)"
noon,57.67939030593817,-2.94158892042251,1664910140,2110,1992,30,Female,N,90,Buckie,Moray,AB56,"North East (Aberdeen)"
noon,55.84450366124941,-3.6565021642565103,1664910205,2099,1993,29,Female,N,366,Whitburn,"West Lothian",EH47,"Lothian (Edinburgh)"
noon,55.66778559362795,-4.0047478679728234,1664910592,2114,1995,27,Female,Y,1217,Larkhall,"North Lanarkshire",ML9,Glasgow
noon,58.398985412536234,-3.139996199032827,1664910747,2116,1971,51,Female,Y,899,Wick,Highland,KW1,"Highlands (Inverness)"
noon,55.97055066428795,-3.154094377439665,1664910801,2121,1968,54,Female,Y,285,"Leith, Edinburgh",Edinburgh,"Edinburgh Leith","Lothian (Edinburgh)"
noon,57.713771234528366,-3.285441344237624,1664911189,2124,1984,38,Male,Y,738,Lossiemouth,Moray,IV31,"North East (Aberdeen)"
noon,57.66505420702922,-2.9839005047622944,1664911204,2130,1992,30,Female,Y,90,Buckie,Moray,AB56,"North East (Aberdeen)"
noon,57.394636196542216,-2.399413302495803,1664911392,2132,1967,55,Female,Y,64,Inverurie,Aberdeenshire,AB51,"North East (Aberdeen)"
noon,55.58237582874759,-3.3270790254134837,1664911534,2135,1976,46,Male,N,1170,Biggar,"South Lanarkshire",ML12,Glasgow
noon,55.943120263526865,-3.0694632352387585,1664912051,2141,1955,67,Male,N,330,Musselburgh,"East Lothian",EH21,"Lothian (Edinburgh)"
noon,55.94322545600077,-3.2188715077106096,1664912089,2151,1971,51,Female,Y,271,"Abbeyhill, Edinburgh",Edinburgh,"Edinburgh Central","Lothian (Edinburgh)"
noon,59.25941370896451,-2.8597264079002653,1664912129,2144,1980,42,Male,Y,1025,"Orkney Islands",Orkney,KW17,"Orkney Islands"
noon,57.477349031875555,-1.9709745900478284,1664912182,2146,1980,42,Male,Y,54,Peterhead,Aberdeenshire,AB42,"North East (Aberdeen)"
noon,56.06235298084445,-3.432229448014077,1664912390,2156,1970,52,Male,Y,1090,"Dunfermline (south and east: Halbeath, Touch, Duloch, Masterton, Pitcorthie, Abbeyview, Brucefield, Hospital Hill, Camdean, Pitreavie)",Fife,KY11,Fife
noon,57.34736852933671,-2.3788020103469334,1664912538,2157,1962,60,Female,Y,64,Inverurie,Aberdeenshire,AB51,"North East (Aberdeen)"
noon,55.84120971464115,-4.3663478758377,1664912737,2097,1951,71,Female,N,679,"Pollock, Glasgow",Glasgow,"Glasgow Southwest",Glasgow
noon,55.478086457710106,-4.252787536305292,1664912856,2165,1985,37,Female,Y,798,Cumnock,"East Ayrshire",KA18,Ayrshire
noon,56.6378893211906,-3.2686999577816462,1664913194,2176,1981,41,Male,Y,1321,Alyth,"Perth and Kinross",PH11,Fife
noon,57.47664638591972,-2.0073340026092974,1664913681,2180,1956,66,Female,Y,54,Peterhead,Aberdeenshire,AB42,"North East (Aberdeen)"
noon,56.481753029766715,-3.028858180273499,1664913774,2181,1955,67,Female,N,240,"Ardler, Dundee",Dundee,"Dundee Central","Tayside and Angus (Dundee)"
noon,56.48494641941631,-3.0077276610655357,1664913777,2190,2005,17,Male,N,238,"Menzieshill, Dundee",Dundee,"Dundee Central","Tayside and Angus (Dundee)"
noon,55.90826847820156,-4.038489236494297,1664913788,2187,1985,37,Female,Y,1189,Coatbridge,"North Lanarkshire",ML5,Glasgow
noon,55.73449388950048,-4.187239165168093,1664913796,2192,1994,28,Male,Y,534,"East Kilbride (south: Hairmyres, Westwood, The Murray, Murray East, Whitehills, Greenhill, Newlandsmuir, Gardenhall, Crosshouse, Newlands, Lindsayfield, Mossneuk)","South Lanarkshire",G75,Glasgow
noon,55.974923474771515,-3.253625087575367,1664913811,2188,1967,55,Female,Y,278,"Granton, Edinburgh",Edinburgh,"Edinburgh Clermiston Granton","Lothian (Edinburgh)"
noon,55.77529159641651,-3.9655718267432305,1664913815,2171,1995,27,Female,Y,1151,Motherwell,"North Lanarkshire",ML1,Glasgow
noon,55.51639622270374,-4.495336845596572,1664913824,2182,1956,66,Female,N,846,Mauchline,"East Ayrshire",KA5,Ayrshire
noon,58.479530211233296,-3.6628108559983548,1664914047,2196,1975,47,Female,Y,954,Scarfskerry,Highland,KW14,"Highlands (Inverness)"
noon,55.8327296246578,-4.785385160263081,1664914081,2195,1966,56,Male,Y,842,Largs,"North Ayrshire",KA30,Ayrshire
noon,55.843542432856395,-4.071962850634361,1664914116,2185,2003,19,Other,Y,526,Viewpark,"North Lanarkshire",G71,Glasgow
noon,55.80541741674674,-4.305156239119911,1664914344,2206,1990,32,Male,Y,653,"Netherlee, Glasgow",Glasgow,"Glasgow South",Glasgow
noon,57.14766244360072,-2.2622209386270122,1664914488,2214,1948,74,Female,Y,111,"Bucksburn, Aberdeen",Aberdeen,"Aberdeen North","North East (Aberdeen)"
noon,57.23788199346499,-4.253322554439206,1664915224,2225,1993,29,Male,Y,714,"Inverness (east: Culcabock, Crown, Culduthel, Drummond, Haugh, Hilton, Holm, Lochardil, Millburn, Raigmore)",Highland,IV2,"Highlands (Inverness)"
noon,55.85075309437929,-4.142514735409554,1664915414,2231,1984,38,Male,Y,602,"Baillieston, Glasgow",Glasgow,"Glasgow Northeast",Glasgow
noon,55.9354915394651,-3.452032824214392,1664915467,2227,1954,68,Female,N,371,Broxburn,"West Lothian",EH52,"Lothian (Edinburgh)"
noon,55.875736890720404,-4.33541115957495,1664915487,2230,1969,53,Male,Y,638,"Drumchapel, Glasgow",Glasgow,"Glasgow Northwest",Glasgow
noon,55.037485837485356,-3.6926630761976047,1664915522,2223,1993,29,Other,N,208,"New Abbey","Dumfries and Galloway",DG2,"Dumfries and Galloway"
noon,56.060069181434244,-3.557650882336758,1664915627,2226,1973,49,Male,Y,1096,"Dunfermline (centre, north, west: Abbey Parks, Lady's Mill, Garvock, Headwell, Kingseathill, Wellwood, Milesmark, Baldridge, Pittencrieff, Baldridgeburn)",Fife,KY12,Fife
noon,55.69569283377551,-3.0192516890551575,1664916142,2186,1976,46,Male,N,361,Innerleithen,"Scottish Borders",EH44,Borders
noon,55.96524978461264,-3.1591013517917705,1664916210,2240,1963,59,Male,N,285,"Leith, Edinburgh",Edinburgh,"Edinburgh Leith","Lothian (Edinburgh)"
noon,56.1439530233189,-3.4978794107761373,1664916252,2241,1991,31,Male,Y,1096,"Dunfermline (centre, north, west: Abbey Parks, Lady's Mill, Garvock, Headwell, Kingseathill, Wellwood, Milesmark, Baldridge, Pittencrieff, Baldridgeburn)",Fife,KY12,Fife
noon,55.94813116477131,-2.9956392159220635,1664916578,2248,1985,37,Male,Y,347,Longniddry,"East Lothian",EH32,"Lothian (Edinburgh)"
noon,55.80849012177177,-4.463258526930133,1664917120,2258,1956,66,Male,Y,1236,"Paisley (south: Blackhall, Castlehead, Dykebar, Foxbar, Hunterhill, Meikleriggs)",Renfrewshire,PA2,Glasgow
noon,55.905119810855474,-3.0256073299407684,1664917699,2271,1987,35,Female,Y,334,Dalkeith,Midlothian,EH22,"Lothian (Edinburgh)"
noon,56.24370000768088,-3.2578295520023874,1664917930,2268,1955,67,Male,N,1105,Cupar,Fife,KY15,Fife
noon,55.9413228907574,-3.2301975323210947,1664917986,2276,2001,21,Male,Y,262,"Wester Hailes, Edinburgh",Edinburgh,"Edinburgh Central","Lothian (Edinburgh)"
noon,55.38998500114932,-3.9891925272922797,1664918064,2281,1960,62,Female,Y,212,Kirkconnel,"Dumfries and Galloway",DG4,"Dumfries and Galloway"
noon,55.954104416977366,-4.160326884998631,1664918489,957,1971,51,Female,N,507,Kirkintilloch,"East Dunbartonshire",G66,Glasgow
noon,55.133373939130976,-3.567688597986328,1664918549,2296,1985,37,Male,Y,186,"Dumfries (centre and east: Dalscone, Georgetown, Heathhall, Kingholm Quay, Noblehill, The Crichton)","Dumfries and Galloway",DG1,"Dumfries and Galloway"
noon,55.865760006081985,-4.285942266346788,1664918667,2297,1995,27,Male,Y,588,"Broomhill, Glasgow",Glasgow,"Glasgow Kelvin",Glasgow
noon,55.93294674658131,-3.4332559885360214,1664918702,2303,1985,37,Female,Y,371,Broxburn,"West Lothian",EH52,"Lothian (Edinburgh)"
noon,56.48859934914511,-3.0134511960529062,1664918844,2313,1960,62,Male,Y,238,"Menzieshill, Dundee",Dundee,"Dundee Central","Tayside and Angus (Dundee)"
noon,56.084836658609014,-3.9713788558594647,1664918867,2309,1983,39,Male,Y,457,Bannockburn,Stirlingshire,FK7,"Stirling and Falkirk"
noon,56.15320348206788,-3.343328542475956,1664918978,2115,1953,69,Male,Y,1128,Lochgelly,Fife,KY5,Fife
noon,56.47574380601486,-3.0238800235622385,1664919033,2315,1971,51,Male,Y,239,"Charleston, Dundee",Dundee,"Dundee Central","Tayside and Angus (Dundee)"
noon,55.83538065954805,-4.3693050469216255,1664919062,2319,1978,44,Female,N,672,"Govan, Glasgow",Glasgow,"Glasgow Southwest",Glasgow
noon,55.787931835298444,-4.448329897506687,1664919106,2316,1970,52,Female,Y,540,Barrhead,"East Renfrewshire",G78,Glasgow
noon,56.00134562494909,-3.7161197196575824,1664919195,2312,1975,47,Female,Y,439,Grangemouth,Falkirk,FK3,"Stirling and Falkirk"
noon,56.24670584788615,-3.6156383961696825,1664919465,2324,1975,47,Female,N,401,Powmill,"Perth and Kinross",FK14,"Stirling and Falkirk"
noon,56.49342015246457,-2.9581047476629396,1664919544,2323,1966,56,Female,Y,250,"Downfield, Dundee",Dundee,"Dundee North","Tayside and Angus (Dundee)"
noon,55.255726333615264,-4.4095008779334,1664919603,2326,1957,65,Male,Y,852,Dalmellington,"East Ayrshire",KA6,Ayrshire
noon,55.706563179101416,-4.513353097084732,1664919774,2328,1972,50,Male,Y,841,Stewarton,"East Ayrshire",KA3,Ayrshire
noon,56.71908064390259,-3.105352982301748,1664919832,2333,1991,31,Male,Y,181,Kirriemuir,Angus,DD8,"Tayside and Angus (Dundee)"
noon,60.43543234666632,-1.3906467394693602,1664919848,2329,1975,47,Female,Y,1623,Walls,"Shetland Isles",ZE2,"Shetland Islands"
noon,55.62437409419369,-4.7008486256684785,1664920012,1689,2002,20,Female,Y,787,"Irvine (centre: Castlepark, Tarryholme)","North Ayrshire",KA12,Ayrshire
noon,55.84908737971356,-4.41150469729534,1664920182,2343,1994,28,Male,Y,1220,"Paisley (central, east and north east: Ferguslie, Oldhall, Seedhill, Williamsburgh, Whitehaugh)",Renfrewshire,PA1,Glasgow
noon,56.83586586320381,-2.6335580250942567,1664920298,2344,1971,51,Female,N,182,Brechin,Angus,DD9,"Tayside and Angus (Dundee)"
noon,55.870311534539184,-2.774556569665214,1664920385,2244,1973,49,Male,N,357,Haddington,"East Lothian",EH41,"Lothian (Edinburgh)"
noon,55.85230508677302,-4.287596743631823,1664920458,2338,1978,44,Male,N,681,"Nitshill, Glasgow",Glasgow,"Glasgow Southwest",Glasgow
noon,56.48039612981909,-2.884602885935483,1664920520,2354,1947,75,Female,N,250,"Downfield, Dundee",Dundee,"Dundee North","Tayside and Angus (Dundee)"
noon,56.46522273241516,-2.9515239309479115,1664920823,2358,1965,57,Female,N,250,"Downfield, Dundee",Dundee,"Dundee North","Tayside and Angus (Dundee)"
noon,57.58298342797464,-2.257501826855101,1664921077,2368,1994,28,Male,Y,57,Fraserburgh,Aberdeenshire,AB43,"North East (Aberdeen)"
noon,55.93796368702904,-4.715693321518875,1664921214,2369,2000,22,Other,Y,1230,"Greenock (central and east: Bogston, Bridgend, Cartsdyke, Gibshill, Greenock Central, Ladyburn, Upper Ingleston)",Inverclyde,PA15,Glasgow
noon,57.14205414605974,-2.0897663780645437,1664921327,2372,1960,62,Female,N,127,"Torry, Aberdeen",Aberdeen,"Aberdeen Southeast","North East (Aberdeen)"
noon,55.94079523183485,-4.710604989027526,1664921376,2366,1982,40,Male,Y,1230,"Greenock (central and east: Bogston, Bridgend, Cartsdyke, Gibshill, Greenock Central, Ladyburn, Upper Ingleston)",Inverclyde,PA15,Glasgow
noon,57.1578307829974,-2.1191551443537664,1664921709,2373,1968,54,Female,N,103,"Woodside, Aberdeen",Aberdeen,"Aberdeen Central","North East (Aberdeen)"
noon,56.49207638660677,-2.967958267431536,1664921831,2298,1966,56,Female,N,256,"Whitfield, Dundee",Dundee,"Dundee North","Tayside and Angus (Dundee)"
noon,57.67998576893955,-2.9336652979937794,1664923509,2393,1993,29,Female,Y,90,Buckie,Moray,AB56,"North East (Aberdeen)"
noon,55.01693047735301,-4.652500181607103,1664923826,2392,1974,48,Female,Y,227,Wigtown,"Dumfries and Galloway",DG8,"Dumfries and Galloway"
noon,56.17289145919834,-3.3075146437455953,1664923922,2395,1956,66,Female,Y,1125,Ballingry,Fife,KY5,Fife
noon,58.80591846444657,-2.9669615959807523,1664924081,2398,1987,35,Female,Y,1025,"Orkney Islands",Orkney,KW17,"Orkney Islands"
noon,55.894164267213434,-3.7078979265321315,1664924542,2399,1958,64,Male,N,368,Bathgate,"West Lothian",EH48,"Lothian (Edinburgh)"
noon,57.06141885844977,-2.178729847468042,1664924559,2404,1974,48,Female,Y,47,Newtonhill,Aberdeenshire,AB39,"North East (Aberdeen)"
noon,56.21602176277315,-2.9778100065284336,1664924603,2406,1983,39,Male,Y,1138,Buckhaven,Fife,KY8,Fife
noon,55.91495968269341,-3.646343711411852,1664924697,2399,1958,64,Male,N,368,Bathgate,"West Lothian",EH48,"Lothian (Edinburgh)"
noon,55.2218274243972,-3.60046434918215,1664924967,2410,1972,50,Female,Y,186,"Dumfries (centre and east: Dalscone, Georgetown, Heathhall, Kingholm Quay, Noblehill, The Crichton)","Dumfries and Galloway",DG1,"Dumfries and Galloway"
noon,57.58412575536238,-3.071008936753543,1664926734,2416,1957,65,Female,N,89,Dufftown,Moray,AB55,"North East (Aberdeen)"
noon,55.070190356945716,-3.7860396452539327,1664930924,2426,1965,57,Female,Y,207,"Dumfries (west: Broomlands, Cargenbridge, Lochside, Maxwelltown, Troqueer)","Dumfries and Galloway",DG2,"Dumfries and Galloway"
noon,55.7821943179178,-4.170427848920091,1664933479,2428,1981,41,Male,Y,530,"East Kilbride (north: The Village, East Mains, West Mains, Lymekilns, St Leonards, Calderwood, Nerston, Stewartfield, Peel Park)","South Lanarkshire",G74,Glasgow
noon,57.607797469856806,-2.0955312089341063,1664936748,2433,1966,56,Male,Y,57,Fraserburgh,Aberdeenshire,AB43,"North East (Aberdeen)"
noon,57.627894493814985,-2.112557617772856,1664939829,2436,1967,55,Female,Y,57,Fraserburgh,Aberdeenshire,AB43,"North East (Aberdeen)"
noon,55.86921785670186,-4.08778257379244,1664942392,2439,1961,61,Female,N,627,"Dennistoun, Glasgow",Glasgow,"Glasgow Northeast",Glasgow
noon,57.68860611360895,-3.297474059876648,1664945296,2445,1962,60,Female,Y,738,Lossiemouth,Moray,IV31,"North East (Aberdeen)"
noon,57.681980125790126,-3.298978184413247,1664945467,2445,1962,60,Female,Y,738,Lossiemouth,Moray,IV31,"North East (Aberdeen)"
noon,54.97438786754873,-3.465880521490823,1664946258,2448,1986,36,Female,Y,186,"Dumfries (centre and east: Dalscone, Georgetown, Heathhall, Kingholm Quay, Noblehill, The Crichton)","Dumfries and Galloway",DG1,"Dumfries and Galloway"
noon,55.800341632621084,-4.20267824704762,1664946339,2449,1969,53,Female,N,575,"Springhall, Glasgow",Glasgow,"Glasgow Castlemilk",Glasgow
noon,56.70313881016728,-2.6224849505834906,1664947985,2450,1992,30,Male,Y,182,Brechin,Angus,DD9,"Tayside and Angus (Dundee)"
noon,57.62218784845879,-2.0942335920058555,1664949234,2453,1995,27,Female,N,57,Fraserburgh,Aberdeenshire,AB43,"North East (Aberdeen)"
noon,55.92958348566597,-3.5368926786036314,1664949785,2462,1977,45,Male,Y,371,Broxburn,"West Lothian",EH52,"Lothian (Edinburgh)"
noon,55.9819814649422,-3.1726445821577767,1664949986,2464,1973,49,Female,N,285,"Leith, Edinburgh",Edinburgh,"Edinburgh Leith","Lothian (Edinburgh)"
noon,56.48908795585393,-2.8157603489954592,1664950119,2466,1971,51,Female,N,247,"Broughty Ferry, Dundee",Dundee,"Dundee East","Tayside and Angus (Dundee)"
noon,60.558200257969396,-1.398926702103016,1664950748,2467,1978,44,Female,N,1514,"Bridge of Walls","Shetland Isles",ZE2,"Shetland Islands"
noon,56.46590037743832,-2.8763821844250597,1664951427,2468,1956,66,Female,Y,247,"Broughty Ferry, Dundee",Dundee,"Dundee East","Tayside and Angus (Dundee)"
noon,55.653463225760504,-4.793673687668461,1664951725,2474,1979,43,Female,Y,812,Saltcoats,"East Ayrshire",KA21,Ayrshire
noon,57.50851810309762,-3.443344627828593,1664951765,2475,1979,43,Male,Y,740,Forres,Moray,IV36,"North East (Aberdeen)"
noon,55.685828417417135,-4.729122118530382,1664952227,2477,1999,23,Female,Y,788,Kilwinning,"North Ayrshire",KA13,Ayrshire
noon,56.21582427425475,-3.1215864579472754,1664952247,2472,1962,60,Female,Y,1134,Markinch,Fife,KY7,Fife
noon,56.311935496089745,-3.3625322776991804,1664954789,2494,1995,27,Male,N,1354,"Perth (south and east: Barnhill, Bridgend, Craigie, Kincarrathie, Upper Craigie)","Perth and Kinross",PH2,Fife
noon,57.25723307610892,-2.231368598848082,1664954995,2495,1978,44,Male,Y,113,"Bridge of Don, Aberdeen",Aberdeen,"Aberdeen North","North East (Aberdeen)"
noon,55.775491672069165,-4.21800580513414,1664956071,2502,1977,45,Female,Y,530,"East Kilbride (north: The Village, East Mains, West Mains, Lymekilns, St Leonards, Calderwood, Nerston, Stewartfield, Peel Park)","South Lanarkshire",G74,Glasgow
noon,57.66636153573268,-2.4994541279994356,1664956270,139,1955,67,Male,N,58,Macduff,Aberdeenshire,AB44,"North East (Aberdeen)"
noon,55.88074391663836,-4.038183501972047,1664956437,2504,1982,40,Male,Y,1189,Coatbridge,"North Lanarkshire",ML5,Glasgow
noon,56.30184034783602,-3.5924929061958775,1664956689,2506,1989,33,Male,N,1354,"Perth (south and east: Barnhill, Bridgend, Craigie, Kincarrathie, Upper Craigie)","Perth and Kinross",PH2,Fife
noon,55.94094946684907,-4.01572242992023,1664956827,2505,1970,52,Female,Y,514,"Cumbernauld (south: Condorrat, Lenziemill, Carbrain, Kildrum, Cumbernauld Village, Abronhill, Seafar)","North Lanarkshire",G67,Glasgow
noon,56.36442375499895,-3.376370872080989,1664957033,2506,1989,33,Male,N,1354,"Perth (south and east: Barnhill, Bridgend, Craigie, Kincarrathie, Upper Craigie)","Perth and Kinross",PH2,Fife
noon,60.25861174065427,-1.5489849518941,1664957095,2512,1981,41,Female,Y,1510,Bixter,"Shetland Isles",ZE2,"Shetland Islands"
noon,55.80910174403387,-4.333839560355449,1664957272,2503,1953,69,Female,Y,672,"Govan, Glasgow",Glasgow,"Glasgow Southwest",Glasgow
noon,55.879017556143836,-3.7079078433643144,1664957442,2507,1958,64,Female,Y,368,Bathgate,"West Lothian",EH48,"Lothian (Edinburgh)"
noon,55.70264751322348,-3.9298528443659833,1664957481,2515,1993,29,Female,Y,1217,Larkhall,"North Lanarkshire",ML9,Glasgow
noon,56.466173780703755,-2.9825117069648766,1664958008,2520,1964,58,Female,Y,237,"Blackness, Dundee",Dundee,"Dundee Central","Tayside and Angus (Dundee)"
noon,56.134583244840805,-3.5533210497235124,1664958143,2519,1982,40,Female,Y,1096,"Dunfermline (centre, north, west: Abbey Parks, Lady's Mill, Garvock, Headwell, Kingseathill, Wellwood, Milesmark, Baldridge, Pittencrieff, Baldridgeburn)",Fife,KY12,Fife
noon,55.8031351814996,-4.470027775940265,1664958407,2524,1972,50,Female,Y,1236,"Paisley (south: Blackhall, Castlehead, Dykebar, Foxbar, Hunterhill, Meikleriggs)",Renfrewshire,PA2,Glasgow
noon,56.07216170051183,-3.849461612947588,1664958465,2529,1982,40,Male,N,424,Maddiston, Falkirk,FK2,"Stirling and Falkirk"
noon,55.93439180191654,-3.2105918665542585,1664958505,2523,1977,45,Male,N,311,"Currie, Edinburgh",Edinburgh,"Edinburgh South","Lothian (Edinburgh)"
noon,55.850692741837356,-4.431977196307965,1664959346,2534,1962,60,Male,Y,1249,"Paisley (north west: Ferguslie Park, Gallowhill, Gockston, Shortroods, )",Renfrewshire,PA3,Glasgow
noon,55.83698978235744,-4.367779949682102,1664959412,2541,1979,43,Female,Y,672,"Govan, Glasgow",Glasgow,"Glasgow Southwest",Glasgow
noon,55.91714372586738,-4.264508983835879,1664959681,2549,1985,37,Male,N,481,"Lambhill, Glasgow",Glasgow,G23,Glasgow
noon,56.480764729623104,-3.0262527512638533,1664960380,2554,1984,38,Male,N,240,"Ardler, Dundee",Dundee,"Dundee Central","Tayside and Angus (Dundee)"
noon,55.83172500918309,-3.7371911831078313,1664961148,2558,1971,51,Female,N,1209,Shotts,"North Lanarkshire",ML7,Glasgow
noon,56.62055435110539,-4.296618400275787,1664961406,2561,1964,58,Male,Y,1327,Aberfeldy,"Perth and Kinross",PH15,Fife
noon,57.562150269842796,-2.205590348400143,1664961989,2565,1961,61,Female,N,78,Turriff,Aberdeenshire,AB53,"North East (Aberdeen)"
noon,55.84808745313754,-4.054589068221167,1664962654,1036,1964,58,Male,N,1190,Glenboig,"North Lanarkshire",ML5,Glasgow
noon,55.84681861322783,-4.464539465824298,1664962707,2572,2001,21,Female,Y,1220,"Paisley (central, east and north east: Ferguslie, Oldhall, Seedhill, Williamsburgh, Whitehaugh)",Renfrewshire,PA1,Glasgow
noon,56.47295987311056,-2.919185949135828,1664963040,1380,1963,59,Male,Y,252,"Linlathen and Midcraigie, Dundee",Dundee,"Dundee North","Tayside and Angus (Dundee)"
noon,55.93938792573589,-2.6268397586688756,1664963875,2586,1967,55,Male,Y,357,Haddington,"East Lothian",EH41,"Lothian (Edinburgh)"
noon,56.0286235485325,-3.3717679592975767,1664963983,2587,1965,57,Male,N,1094,Rosyth,Fife,KY11,Fife
noon,56.00453224829363,-3.9038905378045934,1664964011,2592,1982,40,Male,Y,452,Denny,Falkirk,FK6,"Stirling and Falkirk"
noon,55.80404827267884,-4.07643128779057,1664964261,2593,1986,36,Male,Y,525,Uddingston,"South Lanarkshire",G71,Glasgow
noon,58.38560709546937,-3.6935530486473236,1664965911,2606,1992,30,Female,Y,913,Halkirk,Highland,KW12,"Highlands (Inverness)"
noon,56.47926457580078,-2.9303429052090557,1664966949,1380,1963,59,Male,Y,252,"Linlathen and Midcraigie, Dundee",Dundee,"Dundee North","Tayside and Angus (Dundee)"
noon,55.87087013173987,-3.1071079574731484,1664967795,2624,1979,43,Female,N,328,Bonnyrigg,Midlothian,EH19,"Lothian (Edinburgh)"
noon,56.059101823669714,-3.3094370348352693,1664967817,2620,1964,58,Male,Y,1119,Burntisland,Fife,KY3,Fife
noon,57.35374287065468,-2.6023314539299034,1664968012,2617,1942,80,Female,Y,70,Insch,Aberdeenshire,AB52,"North East (Aberdeen)"
noon,56.2135844326077,-4.008541254459341,1664968069,2619,1999,23,Female,Y,405,Dunblane,Stirlingshire,FK15,"Stirling and Falkirk"
noon,56.26540174431577,-4.015035558898573,1664968263,2619,1999,23,Female,Y,405,Dunblane,Stirlingshire,FK15,"Stirling and Falkirk"
noon,57.380413804047194,-2.0458057595790162,1664968978,2630,1986,36,Male,Y,51,Tarves,Aberdeenshire,AB41,"North East (Aberdeen)"
noon,55.85471035799821,-4.185651618832666,1664969454,2642,1996,26,Male,Y,637,"Woodside, Glasgow",Glasgow,"Glasgow Northeast",Glasgow
noon,56.453291389872795,-2.983132200651576,1664969549,2650,1998,24,Male,Y,261,"Westend, Dundee",Dundee,"Dundee West","Tayside and Angus (Dundee)"
noon,55.85860473276468,-4.446924062112204,1664969561,2662,1985,37,Male,Y,1249,"Paisley (north west: Ferguslie Park, Gallowhill, Gockston, Shortroods, )",Renfrewshire,PA3,Glasgow
noon,55.89135873003821,-4.343269433676014,1664969562,2660,1988,34,Male,Y,590,"Hyndland, Glasgow",Glasgow,"Glasgow Kelvin",Glasgow
noon,55.2385072512661,-4.55012818952617,1664969618,2653,1968,54,Female,Y,806,Maybole,"South Ayrshire",KA19,Ayrshire
noon,56.481467716154505,-2.9374114625474586,1664969634,2651,1969,53,Male,Y,254,"Douglas, Dundee",Dundee,"Dundee North","Tayside and Angus (Dundee)"
noon,55.76041854162608,-3.879699648793433,1664969637,2643,1963,59,Male,Y,1180,Wishaw,"North Lanarkshire",ML2,Glasgow
noon,55.888534997560676,-4.302041725230269,1664969682,2663,1961,61,Male,N,588,"Broomhill, Glasgow",Glasgow,"Glasgow Kelvin",Glasgow
noon,56.03510027706965,-3.8120833013822395,1664969724,2668,1998,24,Male,N,450,Stenhousemuir,Falkirk,FK5,"Stirling and Falkirk"
noon,54.799448780555274,-4.111074907217845,1664969822,2678,1959,63,Male,Y,218,Kirkcudbright,"Dumfries and Galloway",DG6,"Dumfries and Galloway"
noon,57.156301254637576,-2.107410191443527,1664969837,2655,1997,25,Male,N,98,"Northfield, Aberdeen",Aberdeen,"Aberdeen Central","North East (Aberdeen)"
noon,56.60296275050895,-2.7037213999108607,1664969857,2684,1967,55,Female,Y,141,Arbroath,Angus,DD11,"Tayside and Angus (Dundee)"
noon,55.779706850767866,-4.085205550313812,1664969889,2683,1955,67,Female,Y,1183,Hamilton,"South Lanarkshire",ML3,Glasgow
noon,55.81928511676323,-4.156441632452383,1664969896,2693,1982,40,Female,Y,528,Blantyre,"South Lanarkshire",G72,Glasgow
noon,55.76773967872495,-3.8072705963645945,1664969939,2643,1963,59,Male,Y,1180,Wishaw,"North Lanarkshire",ML2,Glasgow
noon,57.13878061593898,-2.5385389008818984,1664969941,2686,1977,45,Male,Y,64,Inverurie,Aberdeenshire,AB51,"North East (Aberdeen)"
noon,55.53233150030249,-4.525811933700366,1664969949,2656,1989,33,Male,Y,779,"Kilmarnock (centre and south: Bonnyton, Grange, Bellfield, Shortlees, Caprington, Riccarton, Hurlford)","East Ayrshire",KA1,Ayrshire
noon,57.54880779502085,-3.103883449390162,1664969990,2692,1959,63,Female,Y,89,Dufftown,Moray,AB55,"North East (Aberdeen)"
noon,56.46949748267103,-3.0405626197942786,1664970001,2680,1999,23,Other,Y,244,"Stobswell, Dundee",Dundee,"Dundee Central","Tayside and Angus (Dundee)"
noon,55.44316329062211,-4.624689355993241,1664970033,2696,1983,39,Male,Y,856,"Ayr (Centre)","South Ayrshire",KA7,Ayrshire
noon,55.528658308034544,-4.524749157594259,1664970083,2704,1991,31,Male,N,779,"Kilmarnock (centre and south: Bonnyton, Grange, Bellfield, Shortlees, Caprington, Riccarton, Hurlford)","East Ayrshire",KA1,Ayrshire
noon,56.46844567309054,-3.039770880719207,1664970145,2707,1966,56,Female,N,243,"Hilltown, Dundee",Dundee,"Dundee Central","Tayside and Angus (Dundee)"
noon,55.90470271059797,-4.171327602105195,1664970152,2709,1965,57,Male,Y,636,"Ruchill, Glasgow",Glasgow,"Glasgow Northeast",Glasgow
noon,56.008316667915736,-3.605219706123816,1664970163,2706,1985,37,Male,Y,370,Bo'ness,Falkirk,EH51,"Lothian (Edinburgh)"
noon,55.9682680319608,-4.51366577639126,1664970164,2720,1988,34,Male,N,549,Dumbarton,"West Dunbartonshire",G82,Glasgow
noon,55.89115555041535,-4.369443021550137,1664970174,2676,1993,29,Male,Y,640,"Whiteinch, Glasgow",Glasgow,"Glasgow Northwest",Glasgow
noon,55.908118850347975,-3.2165039711161443,1664970208,2715,1989,33,Female,Y,310,"Balerno, Edinburgh",Edinburgh,"Edinburgh South","Lothian (Edinburgh)"
noon,55.917825229917796,-4.052056598522885,1664970326,2721,1980,42,Female,Y,514,"Cumbernauld (south: Condorrat, Lenziemill, Carbrain, Kildrum, Cumbernauld Village, Abronhill, Seafar)","North Lanarkshire",G67,Glasgow
noon,55.93747341759327,-3.6534787351627296,1664970333,2724,1969,53,Female,Y,367,Armadale,"West Lothian",EH48,"Lothian (Edinburgh)"
noon,54.84949697627528,-4.01012470291339,1664970346,2726,1971,51,Male,N,217,Dundrennan,"Dumfries and Galloway",DG6,"Dumfries and Galloway"
noon,55.567373135852556,-4.511406914248467,1664970362,2682,1993,29,Male,N,779,"Kilmarnock (centre and south: Bonnyton, Grange, Bellfield, Shortlees, Caprington, Riccarton, Hurlford)","East Ayrshire",KA1,Ayrshire
noon,55.96747193392449,-4.588647696566342,1664970421,2710,1974,48,Female,Y,549,Dumbarton,"West Dunbartonshire",G82,Glasgow
noon,56.215241245462,-3.1236286862155946,1664970421,2730,1992,30,Male,Y,1133,"Glenrothes (centre and east: Pitteuchar, Finglassie, Stenton, Auchmuty, Pitcoudie, Balfarg, Pircairn, Collydean)",Fife,KY7,Fife
noon,57.5546459990913,-2.0112915903682422,1664970430,2727,1973,49,Other,N,54,Peterhead,Aberdeenshire,AB42,"North East (Aberdeen)"
noon,55.10537483158358,-3.6150141238492792,1664970435,2733,1976,46,Male,Y,185,Carrutherstown,"Dumfries and Galloway",DG1,"Dumfries and Galloway"
noon,56.43726143214224,-3.7294759946645577,1664970570,2741,1979,43,Female,Y,1313,"Perth (north and west: Burghmuir, Cherrybank, Hillyland, Inveralmond, Lethom, Muirton, North Muirton, Tulloch)","Perth and Kinross",PH1,Fife
noon,55.383747122193874,-3.843983211112512,1664970632,2737,2001,21,Male,Y,212,Kirkconnel,"Dumfries and Galloway",DG4,"Dumfries and Galloway"
noon,57.36488214268563,-2.576093885339175,1664970701,2743,1978,44,Male,N,70,Insch,Aberdeenshire,AB52,"North East (Aberdeen)"
noon,55.82179208137839,-4.12219855941364,1664970794,2752,1974,48,Male,N,529,Cambuslang,"South Lanarkshire",G72,Glasgow
noon,54.848720149958616,-4.282753220319909,1664970845,2751,1976,46,Female,N,222,"New Galloway","Dumfries and Galloway",DG7,"Dumfries and Galloway"
noon,55.962606974164174,-4.2079136152834895,1664970859,2637,1977,45,Male,N,507,Kirkintilloch,"East Dunbartonshire",G66,Glasgow
noon,55.85117266341376,-4.150442293758703,1664971004,2774,1988,34,Male,N,628,"Balornock, Glasgow",Glasgow,"Glasgow Northeast",Glasgow
noon,57.44725632234948,-4.2486561867410275,1664971055,2762,1982,40,Male,Y,713,Culloden,Highland,IV2,"Highlands (Inverness)"
noon,56.16782173307557,-3.357324293380764,1664971119,2775,1993,29,Female,Y,1121,Cowdenbeath,Fife,KY4,Fife
noon,55.89138798331819,-4.217063348945825,1664971163,2785,1992,30,Male,N,634,"Maryhill, Glasgow",Glasgow,"Glasgow Northeast",Glasgow
noon,57.611821271409625,-2.915135870777717,1664971178,2786,1997,25,Female,Y,95,Portknockie,Moray,AB56,"North East (Aberdeen)"
noon,55.790874844641166,-4.168727227019071,1664971210,2758,1981,41,Male,Y,529,Cambuslang,"South Lanarkshire",G72,Glasgow
noon,56.067325532015616,-3.3623541035853908,1664971219,2783,1962,60,Male,N,1094,Rosyth,Fife,KY11,Fife
noon,55.71590508285697,-4.67307850011745,1664971388,2797,1971,51,Female,Y,815,Dalry,"North Ayrshire",KA24,Ayrshire
noon,56.02911305725632,-3.399665214663295,1664971511,2788,1992,30,Male,Y,1090,"Dunfermline (south and east: Halbeath, Touch, Duloch, Masterton, Pitcorthie, Abbeyview, Brucefield, Hospital Hill, Camdean, Pitreavie)",Fife,KY11,Fife
noon,56.154865676098616,-3.2028010754096092,1664971516,2803,1981,41,Female,Y,1117,"Kirkcaldy (west: Hayfield, Templehall, Newliston, Chapel, Dunnikier, Bennochy)",Fife,KY2,Fife
noon,55.65442851348245,-2.811255323508027,1664971517,2806,1961,61,Female,Y,1413,Galashiels,"Scottish Borders",TD1,Borders
noon,57.60413636430981,-3.336534857538071,1664971522,2760,1980,42,Male,N,737,Elgin,Moray,IV30,"North East (Aberdeen)"
noon,55.90366205212834,-3.1200167088750743,1664971528,2800,1994,28,Other,Y,323,"Moredun, Edinburgh",Edinburgh,"Edinburgh Southeast","Lothian (Edinburgh)"
noon,55.92755011916808,-4.303767264839452,1664971565,2810,1985,37,Male,Y,488,Bearsden,"East Dunbartonshire",G61,Glasgow
noon,55.86789190861764,-3.1104511674831548,1664971602,2799,1991,31,Female,N,328,Bonnyrigg,Midlothian,EH19,"Lothian (Edinburgh)"
noon,55.928043144878096,-3.248739909701754,1664971667,2807,1978,44,Male,Y,320,"Newington, Edinburgh",Edinburgh,"Edinburgh South","Lothian (Edinburgh)"
noon,55.83051898439178,-4.432739149872479,1664971716,2820,1982,40,Male,Y,1236,"Paisley (south: Blackhall, Castlehead, Dykebar, Foxbar, Hunterhill, Meikleriggs)",Renfrewshire,PA2,Glasgow
noon,55.643164224538474,-2.9612304337742987,1664971723,2806,1961,61,Female,Y,1413,Galashiels,"Scottish Borders",TD1,Borders
noon,55.875277139999554,-4.0557260746658885,1664971804,2835,1982,40,Male,Y,1189,Coatbridge,"North Lanarkshire",ML5,Glasgow
noon,55.88918125122397,-4.20331981084577,1664971869,2769,1997,25,Male,N,618,"Carmyle, Glasgow",Glasgow,"Glasgow Northeast",Glasgow
noon,55.69514530830342,-3.9878849854725433,1664971932,2830,1990,32,Female,N,1217,Larkhall,"North Lanarkshire",ML9,Glasgow
noon,57.67148931621459,-2.1255435369275655,1664972106,2834,1988,34,Female,Y,57,Fraserburgh,Aberdeenshire,AB43,"North East (Aberdeen)"
noon,55.37485235298797,-3.505479417146923,1664972192,2838,1961,61,Female,Y,189,Moffat,"Dumfries and Galloway",DG10,"Dumfries and Galloway"
noon,56.08387315145874,-3.87764600805839,1664972202,2825,1967,55,Female,N,457,Bannockburn,Stirlingshire,FK7,"Stirling and Falkirk"
noon,55.84620212302747,-4.160794198273125,1664972218,2837,1984,38,Female,Y,606,"Cranhill, Glasgow",Glasgow,"Glasgow Northeast",Glasgow
noon,56.70674025753704,-2.983481486012251,1664972227,2850,2007,15,Male,School,179,Forfar,Angus,DD8,"Tayside and Angus (Dundee)"
noon,55.92869653738231,-4.425736212804537,1664972273,2772,1973,49,Female,Y,546,Clydebank,"West Dunbartonshire",G81,Glasgow
noon,55.96976711615989,-3.2395486965895715,1664972390,2833,2005,17,Female,School,279,"Clermiston and Drumbrae, Edinburgh",Edinburgh,"Edinburgh Clermiston Granton","Lothian (Edinburgh)"
noon,57.14906579422596,-2.1853901846227473,1664972495,2839,1959,63,Male,Y,97,"Mastrick, Aberdeen",Aberdeen,"Aberdeen Central","North East (Aberdeen)"
noon,55.78926599117643,-3.9680647964379396,1664972563,2860,1994,28,Male,Y,1151,Motherwell,"North Lanarkshire",ML1,Glasgow
noon,55.46820332130117,-4.6290237757511346,1664972568,2862,1997,25,Male,N,868,"Newton on Ayr","South Ayrshire",KA8,Ayrshire
noon,55.96937154338212,-3.1732329127251937,1664972640,2856,1983,39,Male,Y,285,"Leith, Edinburgh",Edinburgh,"Edinburgh Leith","Lothian (Edinburgh)"
noon,57.62379643248127,-2.9764666594318068,1664972732,2871,1997,25,Female,Y,90,Buckie,Moray,AB56,"North East (Aberdeen)"
noon,56.76564983625311,-3.300036627977044,1664972778,2870,1994,28,Male,Y,1321,Alyth,"Perth and Kinross",PH11,Fife
noon,56.698747576553295,-3.4657661385817846,1664972820,2866,1995,27,Male,Y,1319,"Bridge of Cally","Perth and Kinross",PH10,Fife
noon,55.587893315197114,-2.464339911558014,1664972853,2868,1977,45,Female,Y,1451,Kelso,"Scottish Borders",TD5,Borders
noon,55.654254659945984,-2.4808525143265086,1664972920,2868,1977,45,Female,Y,1451,Kelso,"Scottish Borders",TD5,Borders
noon,55.69966020004785,-4.505350279032771,1664972977,2880,1975,47,Female,N,837,"Kilmarnock (north: Onthank, Townholm, Altonhill, Longpark, Beansburn, New Farm Loch, Knockinlaw, Hillhead, Crookedholm)","East Ayrshire",KA3,Ayrshire
noon,55.9212281385053,-3.287044641236181,1664973200,2875,1991,31,Male,Y,267,"Sighthill, Edinburgh",Edinburgh,"Edinburgh Central","Lothian (Edinburgh)"
noon,55.91365327220163,-3.8406836031303917,1664973223,2852,1996,26,Female,Y,377,"Falkirk (centre and south: Arnothill, Bantaskin, Callendar Park, Glen Village, Hallglen, Lionthorn, Tamfourhill, Woodlands)",Falkirk,FK1,"Stirling and Falkirk"
noon,55.76731885601403,-4.049397935195765,1664973244,2883,1985,37,Male,Y,1183,Hamilton,"South Lanarkshire",ML3,Glasgow
noon,56.51449013723691,-2.7209685112767774,1664973315,2886,1982,40,Male,Y,178,Carnoustie,Angus,DD7,"Tayside and Angus (Dundee)"
noon,55.80340329665543,-4.489556083602518,1664973320,2820,1982,40,Male,Y,1236,"Paisley (south: Blackhall, Castlehead, Dykebar, Foxbar, Hunterhill, Meikleriggs)",Renfrewshire,PA2,Glasgow
noon,56.46204980615654,-2.98168688570609,1664973357,2744,1993,29,Male,N,237,"Blackness, Dundee",Dundee,"Dundee Central","Tayside and Angus (Dundee)"
noon,55.525632955983816,-5.143474475837661,1664973492,2903,1994,28,Female,Y,827,"Isle of Arran","North Ayrshire",KA27,Ayrshire
noon,56.53423268437131,-3.3459500636207578,1664973515,2901,1961,61,Male,N,1353,Scone,"Perth and Kinross",PH2,Fife
noon,55.96253816818345,-3.1811586813215085,1664973537,2892,1955,67,Male,Y,298,"Inverleith, Edinburgh",Edinburgh,"Edinburgh North","Lothian (Edinburgh)"
noon,55.88089792966869,-4.341326764727202,1664973610,2911,1989,33,Female,Y,641,"Knightswood, Glasgow",Glasgow,"Glasgow Northwest",Glasgow
noon,56.208402693454374,-2.7527365758012614,1664973611,2908,1978,44,Male,N,1086,Anstruther,Fife,KY10,Fife
noon,55.67098461654839,-4.066625558045588,1664973633,2902,1972,50,Female,Y,1160,Strathaven,"North Lanarkshire",ML10,Glasgow
noon,55.63878731227477,-4.008707769069007,1664973691,2902,1972,50,Female,Y,1160,Strathaven,"North Lanarkshire",ML10,Glasgow
noon,55.90094023913523,-4.2231015781020425,1664973706,2927,1982,40,Male,Y,603,"Carntyne, Glasgow",Glasgow,"Glasgow Northeast",Glasgow
noon,55.97237581211534,-3.351928743541618,1664973709,2912,2000,22,Male,Y,306,"Queensferry, Edinburgh",Edinburgh,"Edinburgh Queensferry","Lothian (Edinburgh)"
noon,55.460942434771084,-4.375320288538439,1664973745,2914,1982,40,Female,N,798,Cumnock,"East Ayrshire",KA18,Ayrshire
noon,56.05032428574649,-4.11694187969252,1664973750,2913,1975,47,Female,Y,464,"Stirling (south and east: Braehead, Borestone, Broomridge, Torbrex)",Stirlingshire,FK7,"Stirling and Falkirk"
noon,57.15014890200813,-2.086307035451505,1664973781,2917,1969,53,Male,Y,127,"Torry, Aberdeen",Aberdeen,"Aberdeen Southeast","North East (Aberdeen)"
noon,55.87896670522637,-3.13514990536823,1664973806,2921,1980,42,Female,Y,329,Loanhead,Midlothian,EH20,"Lothian (Edinburgh)"
noon,55.9556108708702,-3.120768329222046,1664973817,2920,1989,33,Female,Y,283,"Craigentinny, Edinburgh",Edinburgh,"Edinburgh Duddingston","Lothian (Edinburgh)"
noon,55.596500780336896,-4.061160960118127,1664973890,2902,1972,50,Female,Y,1160,Strathaven,"North Lanarkshire",ML10,Glasgow
noon,55.856155792976196,-4.287573845588182,1664973891,2915,1991,31,Female,N,676,"Mosspark, Glasgow",Glasgow,"Glasgow Southwest",Glasgow
noon,55.95944119952775,-3.2182149940069205,1664973999,2923,1958,64,Male,N,287,"Corstorphine, Edinburgh",Edinburgh,"Edinburgh North","Lothian (Edinburgh)"
noon,55.79087251824272,-4.09727089785529,1664974059,2926,1982,40,Female,Y,529,Cambuslang,"South Lanarkshire",G72,Glasgow
noon,55.60705296702651,-4.133790747422138,1664974075,2902,1972,50,Female,Y,1160,Strathaven,"North Lanarkshire",ML10,Glasgow
noon,57.60708050544027,-2.044294269228626,1664974135,2939,1996,26,Female,Y,57,Fraserburgh,Aberdeenshire,AB43,"North East (Aberdeen)"
noon,56.14839464684019,-4.754932050032818,1664974242,2935,1991,31,Male,Y,557,Alexandria,"West Dunbartonshire",G83,"Argyll and Bute"
noon,55.59455954112061,-4.677947602146764,1664974251,2931,1991,31,Male,N,787,"Irvine (centre: Castlepark, Tarryholme)","North Ayrshire",KA12,Ayrshire
noon,55.907836158011136,-4.587992573347007,1664974346,2944,1979,43,Male,N,1229,"Port Glasgow",Inverclyde,PA14,Glasgow
noon,60.12407180672365,-1.2692351850249655,1664974516,2965,2005,17,Other,School,1500,Lerwick,"Shetland Isles",ZE1,"Shetland Islands"
noon,55.60648474207153,-4.5531390826136935,1664974678,2971,1966,56,Female,N,810,Knockentiber,"East Ayrshire",KA2,Ayrshire
noon,55.893999429707264,-4.367618737851817,1664974679,2614,1960,62,Male,N,640,"Whiteinch, Glasgow",Glasgow,"Glasgow Northwest",Glasgow
noon,55.63812520768486,-4.606493836687,1664974697,2973,1955,67,Male,Y,785,"Irvine (east, south: Perceton, Lawthorn, Girdle Toll, Stanecastle, Bourtreehill, Broomlands, Dreghorn, Springside)","North Ayrshire",KA11,Ayrshire
noon,57.15242193189106,-2.1846426721592587,1664974726,2976,1988,34,Male,Y,106,"Kittybrewster, Aberdeen",Aberdeen,"Aberdeen Central","North East (Aberdeen)"
noon,55.41078580304057,-4.681701906716351,1664974751,2978,1983,39,Male,Y,856,"Ayr (Centre)","South Ayrshire",KA7,Ayrshire
noon,55.821059868940935,-4.2362677748702655,1664974811,2977,1998,24,Male,Y,645,Clarkston,"East Renfrewshire","Glasgow South",Glasgow
noon,55.533805101766205,-4.568580173141544,1664974854,2957,1958,64,Female,N,779,"Kilmarnock (centre and south: Bonnyton, Grange, Bellfield, Shortlees, Caprington, Riccarton, Hurlford)","East Ayrshire",KA1,Ayrshire
noon,55.05828611239722,-4.559459028570617,1664974945,2983,1970,52,Male,Y,227,Wigtown,"Dumfries and Galloway",DG8,"Dumfries and Galloway"
noon,55.55071948501821,-4.521241507942931,1664975024,2957,1958,64,Female,N,779,"Kilmarnock (centre and south: Bonnyton, Grange, Bellfield, Shortlees, Caprington, Riccarton, Hurlford)","East Ayrshire",KA1,Ayrshire
noon,55.84326685918985,-4.334165369004094,1664975153,2988,1995,27,Other,N,678,"Cardonald, Glasgow",Glasgow,"Glasgow Southwest",Glasgow
noon,55.753809297035176,-4.180943631226526,1664975194,2994,1979,43,Male,N,534,"East Kilbride (south: Hairmyres, Westwood, The Murray, Murray East, Whitehills, Greenhill, Newlandsmuir, Gardenhall, Crosshouse, Newlands, Lindsayfield, Mossneuk)","South Lanarkshire",G75,Glasgow
noon,55.90506766342313,-3.5570652483941556,1664975212,2997,1988,34,Male,Y,375,Livingston,"West Lothian",EH54,"Lothian (Edinburgh)"
noon,57.15411577620889,-2.1055888400067264,1664975360,3017,1956,66,Male,N,97,"Mastrick, Aberdeen",Aberdeen,"Aberdeen Central","North East (Aberdeen)"
noon,55.90434449086805,-2.717069959548647,1664975420,2993,1987,35,Other,Y,357,Haddington,"East Lothian",EH41,"Lothian (Edinburgh)"
noon,55.687129837994334,-4.559947907369512,1664975555,3009,1970,52,Female,Y,837,"Kilmarnock (north: Onthank, Townholm, Altonhill, Longpark, Beansburn, New Farm Loch, Knockinlaw, Hillhead, Crookedholm)","East Ayrshire",KA3,Ayrshire
noon,55.6090072272416,-4.460612391469806,1664975705,3009,1970,52,Female,Y,837,"Kilmarnock (north: Onthank, Townholm, Altonhill, Longpark, Beansburn, New Farm Loch, Knockinlaw, Hillhead, Crookedholm)","East Ayrshire",KA3,Ayrshire
noon,55.8540921308536,-4.386067615609719,1664975708,3023,1997,25,Male,Y,1220,"Paisley (central, east and north east: Ferguslie, Oldhall, Seedhill, Williamsburgh, Whitehaugh)",Renfrewshire,PA1,Glasgow
noon,57.681589777149085,-2.918973734946081,1664975716,3021,1992,30,Female,Y,90,Buckie,Moray,AB56,"North East (Aberdeen)"
noon,55.95658710109514,-2.4087995478044766,1664975769,3022,1973,49,Male,Y,359,Dunbar,"East Lothian",EH42,"Lothian (Edinburgh)"
noon,55.839792395005546,-4.49289053712445,1664975780,3024,1965,57,Male,Y,1276,Johnstone,Renfrewshire,PA5,Glasgow
noon,56.54609953714226,-3.46340244781765,1664975859,3019,1996,26,Female,Y,1313,"Perth (north and west: Burghmuir, Cherrybank, Hillyland, Inveralmond, Lethom, Muirton, North Muirton, Tulloch)","Perth and Kinross",PH1,Fife
noon,55.37636275773695,-3.8340152902762323,1664975880,3020,2001,21,Female,Y,214,Sanquhar,"Dumfries and Galloway",DG4,"Dumfries and Galloway"
noon,55.83205494195005,-4.500856378711824,1664975890,3024,1965,57,Male,Y,1276,Johnstone,Renfrewshire,PA5,Glasgow
noon,55.89682976373744,-3.6418985310131102,1664975989,3014,1983,39,Male,Y,368,Bathgate,"West Lothian",EH48,"Lothian (Edinburgh)"
noon,59.03314938451996,-3.0778875944421498,1664976000,3025,1996,26,Male,Y,1025,"Orkney Islands",Orkney,KW17,"Orkney Islands"
noon,55.97244844720295,-3.1896976840518065,1664976036,3029,1965,57,Female,Y,295,"Ravelston, Edinburgh",Edinburgh,"Edinburgh North","Lothian (Edinburgh)"
noon,55.6820540007571,-4.4578047913494325,1664976153,3009,1970,52,Female,Y,837,"Kilmarnock (north: Onthank, Townholm, Altonhill, Longpark, Beansburn, New Farm Loch, Knockinlaw, Hillhead, Crookedholm)","East Ayrshire",KA3,Ayrshire
noon,56.08817495513429,-4.081485941572274,1664976233,3035,1963,59,Male,Y,464,"Stirling (south and east: Braehead, Borestone, Broomridge, Torbrex)",Stirlingshire,FK7,"Stirling and Falkirk"
noon,57.42114094467713,-3.5258449366935234,1664976238,3039,1955,67,Female,N,1371,Grantown-On-Spey,Highland,PH26,"Highlands (Inverness)"
noon,54.853236521377816,-4.874047500397749,1664976636,3067,1967,55,Female,Y,231,Stranraer,"Dumfries and Galloway",DG9,"Dumfries and Galloway"
noon,56.10725743538944,-3.3618704093031786,1664976807,3064,2000,22,Female,Y,1121,Cowdenbeath,Fife,KY4,Fife
noon,56.94167006468569,-2.319816850409612,1664976894,3050,1965,57,Male,Y,48,Stonehaven,Aberdeenshire,AB39,"North East (Aberdeen)"
noon,56.192938789158354,-3.4408402321349496,1664976913,2954,1973,49,Male,Y,1097,Kinnesswood,"Perth and Kinross",KY13,Fife
noon,55.730859619613675,-4.228483353402694,1664976998,3070,1994,28,Other,Y,534,"East Kilbride (south: Hairmyres, Westwood, The Murray, Murray East, Whitehills, Greenhill, Newlandsmuir, Gardenhall, Crosshouse, Newlands, Lindsayfield, Mossneuk)","South Lanarkshire",G75,Glasgow
noon,58.570645693277065,-3.298782828575076,1664977071,3054,1968,54,Female,N,899,Wick,Highland,KW1,"Highlands (Inverness)"
noon,58.39561220576786,-3.205228085380214,1664977286,3054,1968,54,Female,N,899,Wick,Highland,KW1,"Highlands (Inverness)"
noon,55.82637944697976,-4.078954883750989,1664977510,3089,1972,50,Male,Y,526,Viewpark,"North Lanarkshire",G71,Glasgow
noon,56.478846620611506,-3.026107311293128,1664977843,3048,1949,73,Male,N,239,"Charleston, Dundee",Dundee,"Dundee Central","Tayside and Angus (Dundee)"
noon,55.43933818427668,-4.3352193970190935,1664977895,3102,1978,44,Female,Y,802,"New Cumnock","East Ayrshire",KA18,Ayrshire
noon,55.463810605421145,-4.187783489083687,1664977917,3102,1978,44,Female,Y,802,"New Cumnock","East Ayrshire",KA18,Ayrshire
noon,55.81101861440332,-4.297288911336117,1664977966,3087,1981,41,Male,Y,658,"Giffnock, Glasgow",Glasgow,"Glasgow South",Glasgow
noon,57.629419130377975,-2.1646077902225405,1664978031,3093,1995,27,Female,Y,57,Fraserburgh,Aberdeenshire,AB43,"North East (Aberdeen)"
noon,56.64615191000729,-2.543085262532097,1664978061,2714,1968,54,Male,Y,141,Arbroath,Angus,DD11,"Tayside and Angus (Dundee)"
noon,55.768259857369706,-3.8934784847067316,1664978156,3110,1986,36,Female,Y,1180,Wishaw,"North Lanarkshire",ML2,Glasgow
noon,55.85800947406347,-3.4167773576529608,1664978176,3107,1967,55,Male,Y,308,"Liberton, Edinburgh",Edinburgh,"Edinburgh South","Lothian (Edinburgh)"
noon,57.65318182297632,-2.0431814417257583,1664978244,3103,1965,57,Male,N,57,Fraserburgh,Aberdeenshire,AB43,"North East (Aberdeen)"
noon,56.18616733042724,-3.125476623973634,1664978275,3114,1996,26,Male,Y,1133,"Glenrothes (centre and east: Pitteuchar, Finglassie, Stenton, Auchmuty, Pitcoudie, Balfarg, Pircairn, Collydean)",Fife,KY7,Fife
noon,55.772146047767535,-4.066068382762662,1664978289,3119,1981,41,Male,Y,1183,Hamilton,"South Lanarkshire",ML3,Glasgow
noon,57.259864800355906,-2.264576204949097,1664978321,3115,1972,50,Male,N,113,"Bridge of Don, Aberdeen",Aberdeen,"Aberdeen North","North East (Aberdeen)"
noon,55.88607188221089,-4.324458578960802,1664978347,3118,2004,18,Female,Y,586,"Kelvinside, Glasgow",Glasgow,"Glasgow Kelvin",Glasgow
noon,55.90065005002631,-3.233156852483878,1664978477,3127,1990,32,Male,Y,305,"Oxgangs, Edinburgh",Edinburgh,"Edinburgh Oxgangs","Lothian (Edinburgh)"
noon,57.04259256740414,-2.68988362464468,1664978498,3124,1998,24,Male,Y,35,"Kincardine O'Neil",Aberdeenshire,AB34,"North East (Aberdeen)"
noon,55.90745650733161,-4.2380204567143975,1664978503,3120,2001,21,Male,Y,502,Bishopbriggs,"East Dunbartonshire",G64,Glasgow
noon,55.820376240789585,-4.2447042445079814,1664978609,3129,2002,20,Male,Y,648,"Shawlands, Glasgow",Glasgow,"Glasgow South",Glasgow
noon,55.663416935188856,-4.8059902332125715,1664978639,3128,1978,44,Male,Y,813,Ardrossan,"North Ayrshire",KA22,Ayrshire
noon,56.025464999377405,-2.8607971029794586,1664978686,3137,1989,33,Male,Y,348,Prestonpans,"East Lothian",EH32,"Lothian (Edinburgh)"
noon,57.56890062810991,-3.370897007127068,1664978789,3131,1945,77,Male,Y,737,Elgin,Moray,IV30,"North East (Aberdeen)"
noon,57.06989410918,-2.237026707392771,1664978865,3141,1974,48,Female,Y,6,"Kirkton of Maryculter",Aberdeenshire,AB12,"North East (Aberdeen)"
noon,55.81664604626723,-3.9920990710327806,1664978940,3150,1993,29,Male,Y,1186,Bellshill,"North Lanarkshire",ML4,Glasgow
noon,57.55892712044591,-1.8653707280176972,1664979039,2869,1990,32,Other,Y,54,Peterhead,Aberdeenshire,AB42,"North East (Aberdeen)"
noon,57.64970277175747,-3.227786312235311,1664979090,3138,1997,25,Male,Y,737,Elgin,Moray,IV30,"North East (Aberdeen)"
noon,55.826522940181796,-4.493741801253751,1664979091,3164,1965,57,Female,Y,1276,Johnstone,Renfrewshire,PA5,Glasgow
noon,57.19628013292284,-2.6504182504624354,1664979093,3155,1971,51,Female,N,29,Alford,Aberdeenshire,AB33,"North East (Aberdeen)"
noon,55.803549125500574,-4.026884324682096,1664979195,3153,1994,28,Male,Y,1186,Bellshill,"North Lanarkshire",ML4,Glasgow
noon,57.389418749379345,-3.192170518566073,1664979203,3157,1982,40,Female,Y,88,Keith, Moray,AB55,"North East (Aberdeen)"
noon,56.12455680236209,-4.7760035409451325,1664979361,3106,1977,45,Male,N,557,Alexandria,"West Dunbartonshire",G83,"Argyll and Bute"
noon,58.92172194034813,-2.8353733482731562,1664979404,3161,1962,60,Female,N,1025,"Orkney Islands",Orkney,KW17,"Orkney Islands"
noon,55.90426372091669,-3.098662055954899,1664979430,3163,1997,25,Female,N,334,Dalkeith,Midlothian,EH22,"Lothian (Edinburgh)"
noon,58.998012724315984,-2.9165821665270033,1664979450,3162,1982,40,Male,Y,967,Kirkwall,Orkney,KW15,"Orkney Islands"
noon,55.426431880158056,-4.71874460286274,1664979638,3170,1976,46,Female,Y,856,"Ayr (Centre)","South Ayrshire",KA7,Ayrshire
noon,55.958674516704704,-3.1552031774390628,1664979883,3180,1987,35,Male,Y,285,"Leith, Edinburgh",Edinburgh,"Edinburgh Leith","Lothian (Edinburgh)"
noon,55.55902923691192,-4.275759426759291,1664979937,3181,1983,39,Female,Y,845,Catrine,"East Ayrshire",KA5,Ayrshire
noon,56.1483926509658,-4.3857533462399445,1664979998,3167,1990,32,Male,N,473,"Stirling (centre and west: Kings Park, Raploch, Riverside)",Stirlingshire,FK8,"Stirling and Falkirk"
noon,54.65550109182202,-4.896553065472317,1664980328,3191,1989,33,Female,Y,231,Stranraer,"Dumfries and Galloway",DG9,"Dumfries and Galloway"
noon,55.907117516146045,-3.2783704826945796,1664980390,3190,1980,42,Female,Y,308,"Liberton, Edinburgh",Edinburgh,"Edinburgh South","Lothian (Edinburgh)"
noon,55.95369834209598,-3.14879773893398,1664980401,2673,1956,66,Male,N,281,"Portobello, Edinburgh",Edinburgh,"Edinburgh Duddingston","Lothian (Edinburgh)"
noon,55.877052836431076,-4.28404804924855,1664980428,3201,2001,21,Other,Y,591,"Hillhead, Glasgow",Glasgow,"Glasgow Kelvin",Glasgow
noon,56.46779614256594,-2.9631570491043004,1664980642,2884,1996,26,Male,N,243,"Hilltown, Dundee",Dundee,"Dundee Central","Tayside and Angus (Dundee)"
noon,54.77502247895855,-4.966102205335877,1664980664,3206,1979,43,Female,Y,231,Stranraer,"Dumfries and Galloway",DG9,"Dumfries and Galloway"
noon,55.862761063089536,-4.249711281700338,1664980703,3188,1970,52,Male,N,578,"Townhead, Glasgow",Glasgow,"Glasgow City Centre",Glasgow
noon,55.91700182388764,-4.585841294709714,1664980868,3207,1963,59,Female,Y,1229,"Port Glasgow",Inverclyde,PA14,Glasgow
noon,57.16892482275554,-2.159109513086492,1664980929,3218,1996,26,Male,Y,101,"Sheddocksley, Aberdeen",Aberdeen,"Aberdeen Central","North East (Aberdeen)"
noon,56.07044034832924,-3.485890615468414,1664981281,3227,1956,66,Female,Y,1096,"Dunfermline (centre, north, west: Abbey Parks, Lady's Mill, Garvock, Headwell, Kingseathill, Wellwood, Milesmark, Baldridge, Pittencrieff, Baldridgeburn)",Fife,KY12,Fife
noon,55.898870161206034,-4.329484059949212,1664981287,3237,1980,42,Male,Y,596,"Finnieston, Glasgow",Glasgow,"Glasgow Kelvin",Glasgow
noon,56.10823173471452,-3.4549655305289595,1664981405,3227,1956,66,Female,Y,1096,"Dunfermline (centre, north, west: Abbey Parks, Lady's Mill, Garvock, Headwell, Kingseathill, Wellwood, Milesmark, Baldridge, Pittencrieff, Baldridgeburn)",Fife,KY12,Fife
noon,57.38689051931495,-2.7858436361370376,1664981408,3213,1987,35,Male,Y,79,Aberchirder,Aberdeenshire,AB54,"North East (Aberdeen)"
noon,56.127361993902724,-3.4465047189249,1664981608,3252,1964,58,Female,N,1121,Cowdenbeath,Fife,KY4,Fife
noon,56.07996016024252,-3.1909729437602867,1664981615,3249,1974,48,Female,N,1117,"Kirkcaldy (west: Hayfield, Templehall, Newliston, Chapel, Dunnikier, Bennochy)",Fife,KY2,Fife
noon,56.04992939502408,-3.3879050471073553,1664981700,3243,1984,38,Male,N,1089,"Dalgety Bay",Fife,KY11,Fife
noon,58.48520614915052,-3.2360020436202763,1664981764,2961,1980,42,Female,Y,879,Keiss,Highland,KW1,"Highlands (Inverness)"
noon,55.62501085742275,-4.643299275714587,1664981851,3261,1978,44,Female,N,785,"Irvine (east, south: Perceton, Lawthorn, Girdle Toll, Stanecastle, Bourtreehill, Broomlands, Dreghorn, Springside)","North Ayrshire",KA11,Ayrshire
noon,56.47731241181181,-3.001148913184789,1664981937,1352,1962,60,Male,N,237,"Blackness, Dundee",Dundee,"Dundee Central","Tayside and Angus (Dundee)"
noon,57.17319007090177,-2.1381589706304958,1664982192,3272,1973,49,Female,Y,101,"Sheddocksley, Aberdeen",Aberdeen,"Aberdeen Central","North East (Aberdeen)"
noon,55.92688126123227,-3.2015977659107007,1664982352,3250,1942,80,Male,Y,320,"Newington, Edinburgh",Edinburgh,"Edinburgh South","Lothian (Edinburgh)"
noon,55.87556984139224,-3.884882763693871,1664982513,3280,2005,17,Female,School,1192,Airdrie,"North Lanarkshire",ML6,Glasgow
noon,55.3618587789801,-2.8930063605000074,1664982576,3284,1983,39,Male,Y,1493,Hawick,"Scottish Borders",TD9,Borders
noon,55.583116737653285,-4.326971487773264,1664982613,3287,1978,44,Male,N,795,Newmilns,"East Ayrshire",KA16,Ayrshire
noon,55.75751369619742,-4.107792261753507,1664982677,3289,1995,27,Female,Y,1183,Hamilton,"South Lanarkshire",ML3,Glasgow
noon,55.72460448078394,-3.979242039870252,1664982751,3300,1998,24,Female,N,1217,Larkhall,"North Lanarkshire",ML9,Glasgow
noon,60.27944698627951,-1.2454286740399896,1664982859,3293,1980,42,Female,Y,1555,Hamnavoe,"Shetland Isles",ZE2,"Shetland Islands"
noon,55.792314824570795,-4.122913867653551,1664982921,3294,1958,64,Female,N,529,Cambuslang,"South Lanarkshire",G72,Glasgow
noon,57.63801594092594,-3.0549257141504222,1664983017,3301,1988,34,Female,N,90,Buckie,Moray,AB56,"North East (Aberdeen)"
noon,55.99319774723341,-3.6897598021180826,1664983042,3290,2002,20,Other,School,422,"Falkirk (north: Grahamston, Middlefield, Westfield)",Falkirk,FK2,"Stirling and Falkirk"
noon,55.98010317195068,-3.2102446489643603,1664983163,3302,1993,29,Male,Y,298,"Inverleith, Edinburgh",Edinburgh,"Edinburgh North","Lothian (Edinburgh)"
noon,55.36067780601305,-3.8199292313209607,1664983232,3299,1964,58,Male,Y,212,Kirkconnel,"Dumfries and Galloway",DG4,"Dumfries and Galloway"
noon,55.963117851107896,-3.136259365750416,1664983324,3313,1973,49,Male,Y,285,"Leith, Edinburgh",Edinburgh,"Edinburgh Leith","Lothian (Edinburgh)"
noon,57.662429508624705,-2.0501644268163832,1664983492,3318,1999,23,Other,Y,57,Fraserburgh,Aberdeenshire,AB43,"North East (Aberdeen)"
noon,55.17067315464769,-4.832154527010466,1664983527,3325,1963,59,Female,Y,824,Girvan,"South Ayrshire",KA26,Ayrshire
noon,55.65854923410906,-4.239774213456043,1664983714,3328,1982,40,Female,Y,796,Darvel,"East Ayrshire",KA17,Ayrshire
noon,55.70929285935261,-3.7818594140935518,1664983761,3357,2001,21,Other,N,1212,Carluke,"South Lanarkshire",ML8,Glasgow
noon,59.34830580398788,-2.9520799518463985,1664983854,3336,1974,48,Female,Y,1025,"Orkney Islands",Orkney,KW17,"Orkney Islands"
noon,55.62444334842722,-4.671941694219748,1664983863,3327,1961,61,Male,Y,787,"Irvine (centre: Castlepark, Tarryholme)","North Ayrshire",KA12,Ayrshire
noon,55.644309699372876,-4.458906360228952,1664983901,3347,1991,31,Male,Y,834,Dunlop,"East Ayrshire",KA3,Ayrshire
noon,55.85948809128719,-3.994166186735951,1664983984,3331,1966,56,Male,Y,1192,Airdrie,"North Lanarkshire",ML6,Glasgow
noon,55.48912844644763,-3.2311443922538494,1664983993,3345,1986,36,Male,N,1479,Selkirk,"Scottish Borders",TD7,Borders
noon,58.75544900181636,-2.9668029727978342,1664984080,3359,1971,51,Male,Y,1025,"Orkney Islands",Orkney,KW17,"Orkney Islands"
noon,56.02810556220184,-3.8599645837389898,1664984087,3053,1990,32,Male,Y,450,Stenhousemuir,Falkirk,FK5,"Stirling and Falkirk"
noon,55.8375503686874,-4.515567246596828,1664984288,3365,1968,54,Male,Y,1276,Johnstone,Renfrewshire,PA5,Glasgow
noon,55.816857458112004,-3.839617689196716,1664984407,3364,1958,64,Female,N,1151,Motherwell,"North Lanarkshire",ML1,Glasgow
noon,57.13733810090356,-2.0887296719887427,1664984413,3369,1964,58,Female,Y,127,"Torry, Aberdeen",Aberdeen,"Aberdeen Southeast","North East (Aberdeen)"
noon,55.796137040699506,-4.023351106661306,1664984563,3372,1996,26,Male,Y,1151,Motherwell,"North Lanarkshire",ML1,Glasgow
noon,55.961149251498966,-3.2184247448567587,1664984766,3096,1988,34,Male,Y,287,"Corstorphine, Edinburgh",Edinburgh,"Edinburgh North","Lothian (Edinburgh)"
noon,55.7970571134851,-4.244502106886625,1664984881,3381,1975,47,Male,Y,571,"Castlemilk, Glasgow",Glasgow,"Glasgow Castlemilk",Glasgow
noon,56.973180460897964,-2.7713420364481762,1664984946,3380,1989,33,Female,Y,22,Banchory,Aberdeenshire,AB31,"North East (Aberdeen)"
noon,56.47734016906303,-2.8499158746919924,1664985012,3385,1996,26,Male,Y,249,Monifieth,Angus,"Dundee East","Tayside and Angus (Dundee)"
noon,55.574848705954224,-4.625292947386246,1664985024,3384,1992,30,Male,Y,784,Troon,"South Ayrshire",KA10,Ayrshire
noon,55.90240955539729,-4.7602797717480305,1664985270,3390,1994,28,Other,Y,1231,"Greenock (west: Bow Farm, Braeside, Branchton, Fort Matilda, Gateside, Greenock West, Overton, Pennyfern, Smithston)",Inverclyde,PA16,Glasgow
noon,57.121397378933246,-2.1371216637214943,1664985272,3369,1964,58,Female,Y,127,"Torry, Aberdeen",Aberdeen,"Aberdeen Southeast","North East (Aberdeen)"
noon,55.89522399640621,-4.471789226786183,1664985480,3396,1990,32,Male,Y,1264,Renfrew,Renfrewshire,PA4,Glasgow
noon,56.49593799231885,-3.0044589563735595,1664985482,3404,1959,63,Male,Y,243,"Hilltown, Dundee",Dundee,"Dundee Central","Tayside and Angus (Dundee)"
noon,57.67828295367437,-2.879716683965562,1664985528,3403,1964,58,Male,N,90,Buckie,Moray,AB56,"North East (Aberdeen)"
noon,56.786096424934264,-3.5673787071932708,1664985708,3430,2002,20,Female,Y,1318,Blairgowrie,"Perth and Kinross",PH10,Fife
noon,56.711534521921095,-3.415911449427237,1664985744,3406,1987,35,Male,N,1318,Blairgowrie,"Perth and Kinross",PH10,Fife
noon,55.87017015052025,-3.6798070886901075,1664985816,3419,1971,51,Female,Y,366,Whitburn,"West Lothian",EH47,"Lothian (Edinburgh)"
noon,55.770133321123815,-4.1727469146306975,1664985891,3423,1966,56,Male,Y,530,"East Kilbride (north: The Village, East Mains, West Mains, Lymekilns, St Leonards, Calderwood, Nerston, Stewartfield, Peel Park)","South Lanarkshire",G74,Glasgow
noon,55.586863674643325,-3.9908465204003307,1664985895,3418,1995,27,Male,Y,1167,Lanark,"South Lanarkshire",ML11,Glasgow
noon,55.83231581135926,-4.2901892992020585,1664985971,3427,1990,32,Male,Y,646,"Burnside, Glasgow",Glasgow,"Glasgow South",Glasgow
noon,55.56578787670052,-4.599095980247199,1664986061,3422,1977,45,Male,Y,809,Dundonald,"South Ayrshire",KA2,Ayrshire
noon,55.806694592693646,-4.4579012299238014,1664986081,3368,1962,60,Male,N,1236,"Paisley (south: Blackhall, Castlehead, Dykebar, Foxbar, Hunterhill, Meikleriggs)",Renfrewshire,PA2,Glasgow
noon,56.82684212190507,-3.5697100027291806,1664986138,3431,1980,42,Female,N,1318,Blairgowrie,"Perth and Kinross",PH10,Fife
noon,55.87641120908945,-4.377805096200666,1664986190,3429,1974,48,Female,Y,1264,Renfrew,Renfrewshire,PA4,Glasgow
noon,56.117282938673405,-3.251837640623432,1664986285,3407,1993,29,Female,Y,1117,"Kirkcaldy (west: Hayfield, Templehall, Newliston, Chapel, Dunnikier, Bennochy)",Fife,KY2,Fife
noon,55.91024254447037,-4.454311330453078,1664986379,3444,1988,34,Male,Y,1306,Erskine,Renfrewshire,PA8,Glasgow
noon,55.893940978509534,-4.802734629673814,1664986413,3433,1980,42,Female,Y,1231,"Greenock (west: Bow Farm, Braeside, Branchton, Fort Matilda, Gateside, Greenock West, Overton, Pennyfern, Smithston)",Inverclyde,PA16,Glasgow
noon,55.83692866560397,-4.5222264590655445,1664986425,3443,1948,74,Female,N,1276,Johnstone,Renfrewshire,PA5,Glasgow
noon,56.46880898754537,-3.0416907619941,1664986432,3448,1998,24,Male,Y,244,"Stobswell, Dundee",Dundee,"Dundee Central","Tayside and Angus (Dundee)"
noon,57.5830214084686,-3.301097421241551,1664986457,3322,1980,42,Female,N,737,Elgin,Moray,IV30,"North East (Aberdeen)"
noon,57.64775548510663,-2.2569235330086745,1664986457,3441,1965,57,Female,Y,57,Fraserburgh,Aberdeenshire,AB43,"North East (Aberdeen)"
noon,55.88369948035926,-3.5508744572725375,1664986486,3440,1968,54,Male,N,375,Livingston,"West Lothian",EH54,"Lothian (Edinburgh)"
noon,58.53047183946484,-3.6652330846261334,1664986524,3451,1957,65,Female,Y,961,Thurso,Highland,KW14,"Highlands (Inverness)"
noon,56.03276690786857,-5.51613470137097,1664986576,3458,1966,56,Female,Y,1254,Lochgilphead,"Argyll and Bute",PA31,"Argyll and Bute"
noon,55.01390789767569,-3.485441898305265,1664986625,3456,1980,42,Female,Y,186,"Dumfries (centre and east: Dalscone, Georgetown, Heathhall, Kingholm Quay, Noblehill, The Crichton)","Dumfries and Galloway",DG1,"Dumfries and Galloway"
noon,57.16462099667746,-2.1724082091208308,1664986779,3420,1991,31,Female,Y,98,"Northfield, Aberdeen",Aberdeen,"Aberdeen Central","North East (Aberdeen)"
noon,57.15504056501508,-2.720561697561279,1664986947,3461,1980,42,Male,Y,24,Lumphanan,Aberdeenshire,AB31,"North East (Aberdeen)"
noon,55.92224113970481,-3.1334331078003133,1664986974,3459,1977,45,Male,N,323,"Moredun, Edinburgh",Edinburgh,"Edinburgh Southeast","Lothian (Edinburgh)"
noon,55.913170044562854,-3.1699435941205762,1664987049,3459,1977,45,Male,N,323,"Moredun, Edinburgh",Edinburgh,"Edinburgh Southeast","Lothian (Edinburgh)"
noon,56.23901982376548,-3.252811298085149,1664987451,3471,1975,47,Female,N,1105,Cupar,Fife,KY15,Fife
noon,57.127495970741464,-2.1163033714267,1664987731,3476,1986,36,Male,Y,127,"Torry, Aberdeen",Aberdeen,"Aberdeen Southeast","North East (Aberdeen)"
noon,55.69318073997868,-3.973834624541869,1664987819,3477,1967,55,Female,Y,1217,Larkhall,"North Lanarkshire",ML9,Glasgow
noon,55.82466611473538,-4.1000335594128074,1664987914,3485,1976,46,Male,Y,628,"Balornock, Glasgow",Glasgow,"Glasgow Northeast",Glasgow
noon,57.2811342396844,-2.162455129829128,1664987945,3499,1973,49,Male,N,112,"Dyce, Aberdeen",Aberdeen,"Aberdeen North","North East (Aberdeen)"
noon,55.66365893038681,-4.803751234068347,1664988025,3484,1989,33,Male,Y,813,Ardrossan,"North Ayrshire",KA22,Ayrshire
noon,56.82718726241862,-5.353752536856684,1664988100,3487,1964,58,Male,Y,1377,"Fort William",Highland,PH33,"Highlands (Inverness)"
noon,55.71670952518347,-4.154890904963917,1664988106,3490,1968,54,Female,Y,534,"East Kilbride (south: Hairmyres, Westwood, The Murray, Murray East, Whitehills, Greenhill, Newlandsmuir, Gardenhall, Crosshouse, Newlands, Lindsayfield, Mossneuk)","South Lanarkshire",G75,Glasgow
noon,56.03374551140738,-3.8416680315925644,1664988179,3491,1989,33,Male,Y,450,Stenhousemuir,Falkirk,FK5,"Stirling and Falkirk"
noon,56.08172965207973,-3.645209290212111,1664988283,3500,1992,30,Male,N,1096,"Dunfermline (centre, north, west: Abbey Parks, Lady's Mill, Garvock, Headwell, Kingseathill, Wellwood, Milesmark, Baldridge, Pittencrieff, Baldridgeburn)",Fife,KY12,Fife
noon,56.00220305506367,-3.5415268307267955,1664988302,3501,1962,60,Other,Y,370,Bo'ness,Falkirk,EH51,"Lothian (Edinburgh)"
noon,56.20096764712488,-5.14626918030658,1664988487,3496,1958,64,Male,N,1255,Inveraray,"Argyll and Bute",PA32,"Argyll and Bute"
noon,56.492309788237286,-2.9469908304435815,1664988537,3504,1967,55,Female,Y,256,"Whitfield, Dundee",Dundee,"Dundee North","Tayside and Angus (Dundee)"
noon,57.56941320837299,-2.173818305573799,1664988605,3517,1995,27,Male,Y,54,Peterhead,Aberdeenshire,AB42,"North East (Aberdeen)"
noon,55.87347598887657,-3.090601611428101,1664988613,3508,1956,66,Female,Y,328,Bonnyrigg,Midlothian,EH19,"Lothian (Edinburgh)"
noon,56.59447305127675,-2.7011980348850275,1664988714,3503,1983,39,Female,N,141,Arbroath,Angus,DD11,"Tayside and Angus (Dundee)"
noon,55.784805900755615,-4.179795563701491,1664988803,3526,1993,29,Female,Y,530,"East Kilbride (north: The Village, East Mains, West Mains, Lymekilns, St Leonards, Calderwood, Nerston, Stewartfield, Peel Park)","South Lanarkshire",G74,Glasgow
noon,55.8189401047639,-3.2886495837701735,1664989129,3528,1985,37,Other,Y,343,Penicuik,Midlothian,EH26,"Lothian (Edinburgh)"
noon,56.46697736812911,-2.992227142262926,1664989181,3516,1982,40,Male,Y,242,"St Marys, Dundee",Dundee,"Dundee Central","Tayside and Angus (Dundee)"
noon,55.788261428244255,-4.465573412146622,1664989199,3524,1989,33,Male,Y,540,Barrhead,"East Renfrewshire",G78,Glasgow
noon,55.63149965546955,-4.793417871893479,1664989267,3533,1977,45,Female,N,812,Saltcoats,"East Ayrshire",KA21,Ayrshire
noon,55.981432242569504,-2.8458324755443614,1664989278,3474,1944,78,Female,N,348,Prestonpans,"East Lothian",EH32,"Lothian (Edinburgh)"
noon,57.12258016536142,-2.174599012019461,1664989350,3532,1986,36,Female,Y,130,"Ferryhill, Aberdeen",Aberdeen,"Aberdeen Southwest","North East (Aberdeen)"
noon,55.685188151157504,-4.762465522134934,1664989475,3475,1964,58,Male,N,812,Saltcoats,"East Ayrshire",KA21,Ayrshire
noon,55.82883252776947,-3.949485553155322,1664989536,3543,1961,61,Other,Y,1151,Motherwell,"North Lanarkshire",ML1,Glasgow
noon,55.86687371446764,-3.4885716576383943,1664989555,3538,1993,29,Female,Y,375,Livingston,"West Lothian",EH54,"Lothian (Edinburgh)"
noon,55.70622218449843,-4.624180624172106,1664989716,3212,1999,23,Male,Y,788,Kilwinning,"North Ayrshire",KA13,Ayrshire
noon,56.11002661822032,-3.338138651904718,1664989857,3546,1976,46,Female,Y,1121,Cowdenbeath,Fife,KY4,Fife
noon,55.44458873436769,-4.613216840455145,1664990181,3551,1972,50,Male,Y,856,"Ayr (Centre)","South Ayrshire",KA7,Ayrshire
noon,56.44299855919344,-3.738325041770799,1664990225,3552,1975,47,Male,Y,1313,"Perth (north and west: Burghmuir, Cherrybank, Hillyland, Inveralmond, Lethom, Muirton, North Muirton, Tulloch)","Perth and Kinross",PH1,Fife
noon,57.14886402616145,-2.10563159259522,1664990256,3555,1984,38,Male,N,98,"Northfield, Aberdeen",Aberdeen,"Aberdeen Central","North East (Aberdeen)"
noon,56.20949679675291,-3.1683624155583714,1664990477,3563,1971,51,Female,Y,1133,"Glenrothes (centre and east: Pitteuchar, Finglassie, Stenton, Auchmuty, Pitcoudie, Balfarg, Pircairn, Collydean)",Fife,KY7,Fife
noon,56.02955730766317,-3.8281983272612754,1664990619,3568,1972,50,Female,N,449,Larbert,Falkirk,FK5,"Stirling and Falkirk"
noon,55.90369149291629,-3.8264662183539677,1664990655,3574,1992,30,Female,Y,377,"Falkirk (centre and south: Arnothill, Bantaskin, Callendar Park, Glen Village, Hallglen, Lionthorn, Tamfourhill, Woodlands)",Falkirk,FK1,"Stirling and Falkirk"
noon,55.89981769066358,-3.18472412568412,1664990678,3562,1996,26,Female,Y,322,"Gilmerton, Edinburgh",Edinburgh,"Edinburgh Southeast","Lothian (Edinburgh)"
noon,55.881210921903886,-3.540664035756844,1664990722,3576,1997,25,Other,Y,375,Livingston,"West Lothian",EH54,"Lothian (Edinburgh)"
noon,56.18259231124223,-3.13163802193072,1664990747,3564,1952,70,Female,Y,1079,"Kirkcaldy (east: Linktown, Port Brae, Pathhead, Sinclairtown, Smeaton, Gallatown)",Fife,KY1,Fife
noon,55.97919476955887,-3.8960727090460243,1664990772,3578,1992,30,Female,Y,441,Bonnybridge,Falkirk,FK4,"Stirling and Falkirk"
noon,57.176197986531875,-2.237533835462442,1664990983,3584,1985,37,Female,Y,113,"Bridge of Don, Aberdeen",Aberdeen,"Aberdeen North","North East (Aberdeen)"
noon,56.13119363323449,-3.4550192436889375,1664991022,3565,1959,63,Male,Y,1124,Kelty,Fife,KY4,Fife
noon,55.86206537089056,-4.156402343567876,1664991047,3589,1969,53,Female,N,619,"Tollcross, Glasgow",Glasgow,"Glasgow Northeast",Glasgow
noon,55.92904048020905,-3.2814012452434427,1664991116,3585,1982,40,Male,Y,267,"Sighthill, Edinburgh",Edinburgh,"Edinburgh Central","Lothian (Edinburgh)"
noon,55.703793120370044,-4.206598224899789,1664991180,3594,1996,26,Female,Y,534,"East Kilbride (south: Hairmyres, Westwood, The Murray, Murray East, Whitehills, Greenhill, Newlandsmuir, Gardenhall, Crosshouse, Newlands, Lindsayfield, Mossneuk)","South Lanarkshire",G75,Glasgow
noon,55.86303719875517,-4.177114792203847,1664991196,3591,1962,60,Female,N,632,"Springburn, Glasgow",Glasgow,"Glasgow Northeast",Glasgow
noon,60.345223426830394,-1.3172974719062691,1664991292,3583,1968,54,Female,Y,1555,Hamnavoe,"Shetland Isles",ZE2,"Shetland Islands"
noon,55.87265539666081,-4.2789715051067265,1664991411,3188,1970,52,Male,N,578,"Townhead, Glasgow",Glasgow,"Glasgow City Centre",Glasgow
noon,56.488881352339455,-2.941947417301971,1664991503,3606,1981,41,Female,Y,251,"Kirkton, Dundee",Dundee,"Dundee North","Tayside and Angus (Dundee)"
noon,56.46132733067636,-2.956661228923323,1664991524,3606,1981,41,Female,Y,251,"Kirkton, Dundee",Dundee,"Dundee North","Tayside and Angus (Dundee)"
noon,55.56972019246366,-3.0102334304824367,1664991649,3607,1991,31,Male,Y,1479,Selkirk,"Scottish Borders",TD7,Borders
noon,55.7741248246413,-3.5192806832586605,1664991663,3611,1979,43,Male,Y,1167,Lanark,"South Lanarkshire",ML11,Glasgow
noon,55.09275567095701,-3.6429754076758623,1664991668,3614,1995,27,Female,Y,207,"Dumfries (west: Broomlands, Cargenbridge, Lochside, Maxwelltown, Troqueer)","Dumfries and Galloway",DG2,"Dumfries and Galloway"
noon,57.13713667741854,-2.081864616483574,1664991671,3601,1963,59,Female,N,127,"Torry, Aberdeen",Aberdeen,"Aberdeen Southeast","North East (Aberdeen)"
noon,56.20672692188185,-3.1323483344029017,1664991757,3595,1985,37,Female,Y,1133,"Glenrothes (centre and east: Pitteuchar, Finglassie, Stenton, Auchmuty, Pitcoudie, Balfarg, Pircairn, Collydean)",Fife,KY7,Fife
noon,57.13407388310673,-2.0652614584275675,1664992073,3601,1963,59,Female,N,127,"Torry, Aberdeen",Aberdeen,"Aberdeen Southeast","North East (Aberdeen)"
noon,55.87704409250422,-3.637015093629741,1664992077,3629,1995,27,Male,Y,368,Bathgate,"West Lothian",EH48,"Lothian (Edinburgh)"
noon,55.907089260302506,-3.7098039203756996,1664992194,3632,1971,51,Male,Y,368,Bathgate,"West Lothian",EH48,"Lothian (Edinburgh)"
noon,55.30631442842118,-4.711712088311859,1664992233,3636,1995,27,Female,Y,806,Maybole,"South Ayrshire",KA19,Ayrshire
noon,55.440926793303944,-3.8622915330899557,1664992260,3644,1969,53,Male,N,214,Sanquhar,"Dumfries and Galloway",DG4,"Dumfries and Galloway"
noon,56.81804213030561,-2.334259262619764,1664992307,3634,1968,54,Male,Y,140,Montrose,Angus,DD10,"Tayside and Angus (Dundee)"
noon,55.98862822303656,-4.910656743081058,1664992397,3645,1976,46,Female,Y,1241,Dunoon,"Argyll and Bute",PA23,"Argyll and Bute"
noon,55.83203869799145,-4.237997047810251,1664992612,3648,1974,48,Male,N,678,"Cardonald, Glasgow",Glasgow,"Glasgow Southwest",Glasgow
noon,56.16842131208905,-3.116356892844874,1664992664,3561,1974,48,Female,Y,1079,"Kirkcaldy (east: Linktown, Port Brae, Pathhead, Sinclairtown, Smeaton, Gallatown)",Fife,KY1,Fife
noon,57.670821934013574,-2.981758444093683,1664992698,3605,1999,23,Female,Y,90,Buckie,Moray,AB56,"North East (Aberdeen)"
noon,57.127832655536956,-2.2559563291944897,1664992714,3653,1993,29,Female,Y,111,"Bucksburn, Aberdeen",Aberdeen,"Aberdeen North","North East (Aberdeen)"
noon,55.9561545724752,-2.898741272446578,1664992740,3658,1995,27,Female,Y,349,Tranent,"East Lothian",EH33,"Lothian (Edinburgh)"
noon,56.61103543328208,-2.600425015237841,1664992874,3668,1985,37,Male,Y,141,Arbroath,Angus,DD11,"Tayside and Angus (Dundee)"
noon,55.951849565344254,-4.839023480534391,1664992879,3639,1974,48,Male,Y,1235,Gourock,Inverclyde,PA19,Glasgow
noon,55.830119230196935,-3.878129731324436,1664992936,3652,1995,27,Male,Y,1153,Newarthill,"North Lanarkshire",ML1,Glasgow
noon,55.793504967663374,-4.002213497825801,1664992937,3654,1994,28,Female,Y,1150,Holytown,"North Lanarkshire",ML1,Glasgow
noon,58.958350886979346,-3.1227491579631073,1664992964,3641,1960,62,Male,N,982,Stromness,Orkney,KW16,"Orkney Islands"
noon,57.15064567930041,-2.0887273704650733,1664993066,3620,1959,63,Male,N,98,"Northfield, Aberdeen",Aberdeen,"Aberdeen Central","North East (Aberdeen)"
noon,56.47650257028941,-2.74743723015383,1664993135,3657,1973,49,Female,Y,178,Carnoustie,Angus,DD7,"Tayside and Angus (Dundee)"
noon,57.56583219713305,-2.1174133143816327,1664993136,3665,1998,24,Male,Y,54,Peterhead,Aberdeenshire,AB42,"North East (Aberdeen)"
noon,55.24104787908664,-4.417111971573265,1664993203,3667,1993,29,Female,Y,851,Coylton,"South Ayrshire",KA6,Ayrshire
noon,55.890690410220685,-4.233306625999762,1664993212,3631,1977,45,Male,Y,623,"Shettleston, Glasgow",Glasgow,"Glasgow Northeast",Glasgow
noon,55.62868444402429,-4.698421285348814,1664993409,3674,1960,62,Female,Y,787,"Irvine (centre: Castlepark, Tarryholme)","North Ayrshire",KA12,Ayrshire
noon,55.83041059151109,-3.026561011834292,1664993469,3677,1974,48,Female,Y,338,Gorebridge,Midlothian,EH23,"Lothian (Edinburgh)"
noon,55.90656252375197,-3.281647465066533,1664993526,3680,1974,48,Male,Y,310,"Balerno, Edinburgh",Edinburgh,"Edinburgh South","Lothian (Edinburgh)"
noon,55.82255979017045,-4.3209135265050636,1664993781,3684,1965,57,Male,N,660,"Arden, Glasgow",Glasgow,"Glasgow South",Glasgow
noon,55.9026965942382,-4.3650639905406985,1664993916,3697,1972,50,Female,N,639,"Scotstoun, Glasgow",Glasgow,"Glasgow Northwest",Glasgow
noon,55.844529334744855,-3.3952483173625536,1664994046,3686,1969,53,Male,Y,320,"Newington, Edinburgh",Edinburgh,"Edinburgh South","Lothian (Edinburgh)"
noon,57.17472918996263,-2.17719831860837,1664994060,3690,1971,51,Male,Y,100,"Cornhill, Aberdeen",Aberdeen,"Aberdeen Central","North East (Aberdeen)"
noon,56.00431841632621,-3.575256169785597,1664994103,3694,1968,54,Male,Y,370,Bo'ness,Falkirk,EH51,"Lothian (Edinburgh)"
noon,54.92818862922919,-4.378681397504129,1664994250,3702,1964,58,Female,Y,225,"Newton Stewart","Dumfries and Galloway",DG8,"Dumfries and Galloway"
noon,55.788271430610536,-4.060345768032148,1664994307,3696,1961,61,Male,Y,1183,Hamilton,"South Lanarkshire",ML3,Glasgow
noon,56.728637639965996,-3.5529529533768947,1664994319,3699,1967,55,Male,N,1318,Blairgowrie,"Perth and Kinross",PH10,Fife
noon,55.54837910150477,-4.499022616015786,1664994334,3710,1996,26,Female,Y,779,"Kilmarnock (centre and south: Bonnyton, Grange, Bellfield, Shortlees, Caprington, Riccarton, Hurlford)","East Ayrshire",KA1,Ayrshire
noon,55.839713942048135,-4.319569700492656,1664994435,3713,1968,54,Female,Y,679,"Pollock, Glasgow",Glasgow,"Glasgow Southwest",Glasgow
noon,55.39188283623391,-4.067626843096259,1664994606,3716,1973,49,Female,N,214,Sanquhar,"Dumfries and Galloway",DG4,"Dumfries and Galloway"
noon,55.90814950854292,-3.567140894204589,1664994838,3724,1996,26,Male,Y,375,Livingston,"West Lothian",EH54,"Lothian (Edinburgh)"
noon,55.95113894825824,-3.1735356420179253,1664995015,3736,1997,25,Female,Y,269,"Gorgie, Edinburgh",Edinburgh,"Edinburgh Central","Lothian (Edinburgh)"
noon,57.30976469580951,-2.2394111071021707,1664995108,3740,1957,65,Female,Y,111,"Bucksburn, Aberdeen",Aberdeen,"Aberdeen North","North East (Aberdeen)"
noon,55.76053054829597,-4.479128296001134,1664995174,3732,1980,42,Female,Y,540,Barrhead,"East Renfrewshire",G78,Glasgow
noon,56.001182439985925,-3.5390907359581143,1664995236,3743,1976,46,Female,Y,369,Linlithgow,"West Lothian",EH49,"Lothian (Edinburgh)"
noon,55.012351955822474,-3.1949709188062565,1664995284,3746,1962,60,Female,Y,197,Annan,"Dumfries and Galloway",DG12,"Dumfries and Galloway"
noon,56.476558390875276,-2.838109782837489,1664995389,3751,1970,52,Female,Y,249,Monifieth,Angus,"Dundee East","Tayside and Angus (Dundee)"
noon,55.82438649466626,-4.156573822213244,1664995449,3723,1981,41,Female,Y,528,Blantyre,"South Lanarkshire",G72,Glasgow
noon,56.19891407127483,-3.152296491264021,1664995469,3750,1986,36,Female,Y,1133,"Glenrothes (centre and east: Pitteuchar, Finglassie, Stenton, Auchmuty, Pitcoudie, Balfarg, Pircairn, Collydean)",Fife,KY7,Fife
noon,55.83204339787164,-4.169622411664124,1664995478,3742,1981,41,Male,N,619,"Tollcross, Glasgow",Glasgow,"Glasgow Northeast",Glasgow
noon,56.14619809419691,-4.298912869565815,1664995506,3738,1983,39,Female,N,473,"Stirling (centre and west: Kings Park, Raploch, Riverside)",Stirlingshire,FK8,"Stirling and Falkirk"
noon,57.58497240208934,-3.3565544433641326,1664995542,3763,1981,41,Female,Y,737,Elgin,Moray,IV30,"North East (Aberdeen)"
noon,55.654467395389254,-4.642849831036705,1664995578,3765,1998,24,Female,N,788,Kilwinning,"North Ayrshire",KA13,Ayrshire
noon,55.83503233594599,-4.236783949646321,1664995589,3759,1956,66,Female,Y,672,"Govan, Glasgow",Glasgow,"Glasgow Southwest",Glasgow
noon,55.91660668861316,-3.5868912796136727,1664995652,3770,1978,44,Female,Y,367,Armadale,"West Lothian",EH48,"Lothian (Edinburgh)"
noon,57.156848619606535,-2.18773735787273,1664995674,3756,1967,55,Male,N,98,"Northfield, Aberdeen",Aberdeen,"Aberdeen Central","North East (Aberdeen)"
noon,56.1593931257216,-3.3706113206298007,1664995909,3781,1959,63,Female,Y,1122,Crossgates,Fife,KY4,Fife
noon,57.16908270730856,-2.1102021670635094,1664995953,3756,1967,55,Male,N,98,"Northfield, Aberdeen",Aberdeen,"Aberdeen Central","North East (Aberdeen)"
noon,55.797013383277275,-3.8572058787744568,1664996003,3788,1976,46,Other,Y,1180,Wishaw,"North Lanarkshire",ML2,Glasgow
noon,56.761638004796446,-2.4395465003588903,1664996129,3787,1960,62,Male,Y,140,Montrose,Angus,DD10,"Tayside and Angus (Dundee)"
noon,57.1156848101488,-2.4125953925935786,1664996292,3790,1994,28,Male,Y,28,Westhill,Aberdeenshire,AB32,"North East (Aberdeen)"
noon,57.70674705304863,-3.3141582006776886,1664996325,3779,1976,46,Male,Y,738,Lossiemouth,Moray,IV31,"North East (Aberdeen)"
noon,57.69746241233989,-3.4890180192865543,1664996649,3817,1987,35,Male,N,737,Elgin,Moray,IV30,"North East (Aberdeen)"
noon,55.82668880633919,-4.113555870895051,1664996841,3535,1957,65,Male,N,629,"Barmulloch, Glasgow",Glasgow,"Glasgow Northeast",Glasgow
noon,56.1568385613685,-3.135149739621148,1664997014,3823,1974,48,Female,Y,1079,"Kirkcaldy (east: Linktown, Port Brae, Pathhead, Sinclairtown, Smeaton, Gallatown)",Fife,KY1,Fife
noon,55.810261180082094,-4.335758757197462,1664997324,3833,1968,54,Male,Y,665,"Pollockshaws, Glasgow",Glasgow,"Glasgow Southwest",Glasgow
noon,55.8761186105067,-3.5147257175269377,1664997358,3829,1979,43,Male,N,375,Livingston,"West Lothian",EH54,"Lothian (Edinburgh)"
noon,55.17930837551751,-3.614174603339072,1664997436,3836,1974,48,Female,Y,186,"Dumfries (centre and east: Dalscone, Georgetown, Heathhall, Kingholm Quay, Noblehill, The Crichton)","Dumfries and Galloway",DG1,"Dumfries and Galloway"
noon,56.39806784653718,-3.5067146627727004,1664997520,3841,1987,35,Female,Y,1313,"Perth (north and west: Burghmuir, Cherrybank, Hillyland, Inveralmond, Lethom, Muirton, North Muirton, Tulloch)","Perth and Kinross",PH1,Fife
noon,55.741551832906595,-4.697249830916037,1664997522,3821,1973,49,Male,Y,817,Kilbirnie,"North Ayrshire",KA25,Ayrshire
noon,55.93796495736638,-3.244542151554055,1664997547,3844,1988,34,Female,Y,277,"Canongate, Edinburgh",Edinburgh,"Edinburgh Central","Lothian (Edinburgh)"
noon,57.123780733485056,-2.2744668198484614,1664997592,3814,1993,29,Male,Y,128,"Mannofield, Aberdeen",Aberdeen,"Aberdeen Southwest","North East (Aberdeen)"
noon,55.90085301859807,-4.192024228910426,1664997968,3856,1979,43,Female,Y,632,"Springburn, Glasgow",Glasgow,"Glasgow Northeast",Glasgow
noon,55.631337406320554,-4.666209236669815,1664998019,3854,1981,41,Male,Y,787,"Irvine (centre: Castlepark, Tarryholme)","North Ayrshire",KA12,Ayrshire
noon,56.96316359283504,-2.7318406045539456,1664998170,3867,1973,49,Male,Y,25,Torphins,Aberdeenshire,AB31,"North East (Aberdeen)"
noon,55.81752104769548,-4.018167570973276,1664998210,3852,1955,67,Male,N,1186,Bellshill,"North Lanarkshire",ML4,Glasgow
noon,55.961463461865065,-3.861234289441673,1664998326,3870,1960,62,Male,N,444,Dennyloanhead, Falkirk,FK4,"Stirling and Falkirk"
noon,55.954357055301855,-3.1117641856865137,1664998385,3877,1957,65,Male,N,281,"Portobello, Edinburgh",Edinburgh,"Edinburgh Duddingston","Lothian (Edinburgh)"
noon,55.92132569885919,-4.595192905473733,1664998508,3875,1993,29,Female,Y,1229,"Port Glasgow",Inverclyde,PA14,Glasgow
noon,55.89937165109883,-3.5585092797968376,1664998552,3882,1966,56,Male,Y,375,Livingston,"West Lothian",EH54,"Lothian (Edinburgh)"
noon,55.948859734320315,-4.258462489089321,1664998557,3701,1969,53,Female,Y,502,Bishopbriggs,"East Dunbartonshire",G64,Glasgow
noon,56.68544565860324,-3.1126663906911327,1664998718,3896,1984,38,Male,Y,179,Forfar,Angus,DD8,"Tayside and Angus (Dundee)"
noon,55.82736476027652,-4.218844465271039,1664998764,3885,1993,29,Male,Y,647,"Pollokshields, Glasgow",Glasgow,"Glasgow South",Glasgow
noon,56.491713313455534,-2.951184897620474,1664999042,3305,1985,37,Male,Y,254,"Douglas, Dundee",Dundee,"Dundee North","Tayside and Angus (Dundee)"
noon,60.144609909122885,-1.1656521406952347,1664999056,3911,1993,29,Female,Y,1500,Lerwick,"Shetland Isles",ZE1,"Shetland Islands"
noon,55.845223731624515,-4.4958438709572555,1664999072,3904,1981,41,Male,Y,1248,Linwood,Renfrewshire,PA3,Glasgow
noon,57.15755578566782,-2.099892801049622,1664999103,3915,1972,50,Male,N,98,"Northfield, Aberdeen",Aberdeen,"Aberdeen Central","North East (Aberdeen)"
noon,56.1751798163709,-3.1590161764620492,1664999201,3862,1987,35,Female,N,1133,"Glenrothes (centre and east: Pitteuchar, Finglassie, Stenton, Auchmuty, Pitcoudie, Balfarg, Pircairn, Collydean)",Fife,KY7,Fife
noon,56.93168681657039,-2.4948645415470323,1664999206,3913,1964,58,Male,Y,18,Laurencekirk,Aberdeenshire,AB30,"North East (Aberdeen)"
noon,55.916607852129694,-2.9844501992824974,1664999274,3908,1953,69,Female,N,349,Tranent,"East Lothian",EH33,"Lothian (Edinburgh)"
noon,57.21731929151985,-2.1083521733780626,1664999358,3923,1989,33,Female,Y,124,Newmachar,Aberdeenshire,"Aberdeen North","North East (Aberdeen)"
noon,56.00193375878267,-3.849591227761286,1664999426,3927,1986,36,Other,Y,450,Stenhousemuir,Falkirk,FK5,"Stirling and Falkirk"
noon,56.151757040981096,-3.187779378942995,1664999510,3926,1971,51,Female,Y,1117,"Kirkcaldy (west: Hayfield, Templehall, Newliston, Chapel, Dunnikier, Bennochy)",Fife,KY2,Fife
noon,55.946115092085364,-2.8952679903394993,1664999583,3908,1953,69,Female,N,349,Tranent,"East Lothian",EH33,"Lothian (Edinburgh)"
noon,56.84140274251602,-2.3014724409904828,1664999814,3937,1989,33,Male,N,140,Montrose,Angus,DD10,"Tayside and Angus (Dundee)"
noon,55.81917074490558,-4.133682394965148,1665000005,3952,1997,25,Female,N,528,Blantyre,"South Lanarkshire",G72,Glasgow
noon,57.152747876329634,-2.1567132511812854,1665000400,3957,1976,46,Male,Y,107,"Rosemount, Aberdeen",Aberdeen,"Aberdeen Central","North East (Aberdeen)"
noon,55.878111083099895,-4.27370727269437,1665000520,3961,1969,53,Female,N,628,"Balornock, Glasgow",Glasgow,"Glasgow Northeast",Glasgow
noon,55.792034742469866,-4.015045074700425,1665000553,3968,1981,41,Female,Y,1151,Motherwell,"North Lanarkshire",ML1,Glasgow
noon,55.303152040846584,-2.984876321928999,1665000564,3946,1966,56,Male,Y,1493,Hawick,"Scottish Borders",TD9,Borders
noon,55.9175048607674,-4.4651936994094035,1665000619,3965,1971,51,Male,Y,1306,Erskine,Renfrewshire,PA8,Glasgow
noon,56.67096425544352,-3.505680077494974,1665000624,3954,1987,35,Female,N,1319,"Bridge of Cally","Perth and Kinross",PH10,Fife
noon,57.598482412891705,-3.2243980516296817,1665000655,3972,1972,50,Male,N,737,Elgin,Moray,IV30,"North East (Aberdeen)"
noon,55.820194682839826,-4.523337539701071,1665000710,3963,1977,45,Female,N,1276,Johnstone,Renfrewshire,PA5,Glasgow
noon,57.20513204831417,-2.197221347774769,1665000749,3960,1977,45,Female,N,114,"Danestone, Aberdeen",Aberdeen,"Aberdeen North","North East (Aberdeen)"
noon,56.47974384770657,-3.020213831554419,1665000795,3958,1966,56,Male,N,236,"Lochee, Dundee",Dundee,"Dundee Central","Tayside and Angus (Dundee)"
noon,55.93891806958162,-3.0121859855720587,1665000811,3978,1991,31,Female,Y,330,Musselburgh,"East Lothian",EH21,"Lothian (Edinburgh)"
noon,55.61499472208757,-4.272197151224556,1665000932,2949,1981,41,Female,Y,796,Darvel,"East Ayrshire",KA17,Ayrshire
noon,55.518824065824305,-4.413963127844069,1665001018,3981,1998,24,Female,Y,846,Mauchline,"East Ayrshire",KA5,Ayrshire
noon,56.49316618791836,-3.021212319528425,1665001130,3976,1992,30,Female,Y,244,"Stobswell, Dundee",Dundee,"Dundee Central","Tayside and Angus (Dundee)"
noon,56.24450914962362,-2.9624686720222226,1665001213,4002,1958,64,Female,N,1140,Leven,Fife,KY8,Fife
noon,56.031606588556485,-3.3950346559103584,1665001269,3985,1987,35,Male,Y,1090,"Dunfermline (south and east: Halbeath, Touch, Duloch, Masterton, Pitcorthie, Abbeyview, Brucefield, Hospital Hill, Camdean, Pitreavie)",Fife,KY11,Fife
noon,55.80785843244411,-4.087542526951016,1665001354,3983,1988,34,Male,Y,525,Uddingston,"South Lanarkshire",G71,Glasgow
noon,56.4620839258415,-2.9740183190630205,1665001452,3988,1957,65,Male,N,239,"Charleston, Dundee",Dundee,"Dundee Central","Tayside and Angus (Dundee)"
noon,55.942857219385466,-4.076316563926508,1665001777,4021,1995,27,Female,Y,508,Lennoxtown,"East Dunbartonshire",G66,Glasgow
noon,55.42530343511103,-4.252065933193471,1665001787,4004,1977,45,Male,Y,798,Cumnock,"East Ayrshire",KA18,Ayrshire
noon,56.46763010548465,-2.942400794315799,1665001815,4009,1991,31,Male,Y,233,"Fairmuir, Dundee",Dundee,"Dundee Bluebelt","Tayside and Angus (Dundee)"
noon,55.79540530571358,-3.9802316776888707,1665001835,4008,1977,45,Female,Y,1151,Motherwell,"North Lanarkshire",ML1,Glasgow
noon,55.66174984205195,-4.742642878674099,1665001985,4019,1985,37,Female,Y,811,Stevenston,"North Ayrshire",KA20,Ayrshire
noon,55.85678122117929,-4.441998606193332,1665002002,4000,1975,47,Male,Y,1249,"Paisley (north west: Ferguslie Park, Gallowhill, Gockston, Shortroods, )",Renfrewshire,PA3,Glasgow
noon,60.52758574369111,-1.5370017333315125,1665002101,4015,1989,33,Male,N,1552,Gulberwick,"Shetland Isles",ZE2,"Shetland Islands"
noon,55.998566695982255,-4.123442836044353,1665002146,4038,1995,27,Male,N,506,Kilsyth,"North Lanarkshire",G65,Glasgow
noon,55.8316083810294,-4.015126968409532,1665002195,4028,1984,38,Male,Y,1186,Bellshill,"North Lanarkshire",ML4,Glasgow
noon,57.724439301806065,-3.2879796338846146,1665002283,3779,1976,46,Male,Y,738,Lossiemouth,Moray,IV31,"North East (Aberdeen)"
noon,57.5980690265518,-2.9946472354859144,1665002309,3998,1997,25,Female,Y,91,Cullen,Moray,AB56,"North East (Aberdeen)"
noon,55.93603440017899,-3.2425814064672074,1665002316,4011,1970,52,Female,N,267,"Sighthill, Edinburgh",Edinburgh,"Edinburgh Central","Lothian (Edinburgh)"
noon,56.23411709073379,-4.069387323531206,1665002345,4018,1975,47,Female,Y,409,Doune,Stirlingshire,FK16,"Stirling and Falkirk"
noon,55.62307756436865,-2.7223772174831695,1665002444,4030,1972,50,Female,N,1468,Melrose,"Scottish Borders",TD6,Borders
noon,55.95950185856983,-3.2816608780140157,1665002652,4048,1968,54,Male,N,278,"Granton, Edinburgh",Edinburgh,"Edinburgh Clermiston Granton","Lothian (Edinburgh)"
noon,55.83051601789514,-4.344677266885921,1665002732,4049,1962,60,Female,Y,672,"Govan, Glasgow",Glasgow,"Glasgow Southwest",Glasgow
noon,55.86208727564341,-4.222124628416963,1665002734,3856,1979,43,Female,Y,632,"Springburn, Glasgow",Glasgow,"Glasgow Northeast",Glasgow
noon,55.96465891883438,-3.136679907772544,1665002759,4046,1962,60,Male,N,285,"Leith, Edinburgh",Edinburgh,"Edinburgh Leith","Lothian (Edinburgh)"
noon,55.93509966769192,-3.2636355696145234,1665003062,4063,1969,53,Female,Y,263,"Longstone, Edinburgh",Edinburgh,"Edinburgh Central","Lothian (Edinburgh)"
noon,56.015538485309264,-3.7468034711838265,1665003194,4067,1952,70,Female,Y,439,Grangemouth,Falkirk,FK3,"Stirling and Falkirk"
noon,55.90527473137145,-4.474458518883846,1665003202,4071,1999,23,Male,N,1306,Erskine,Renfrewshire,PA8,Glasgow
noon,57.1058989337249,-2.1867970359931213,1665003530,4080,1978,44,Male,Y,7,Altens, Aberdeen,AB12,"North East (Aberdeen)"
noon,57.649462235373576,-2.923569565252747,1665003697,4072,1996,26,Female,Y,90,Buckie,Moray,AB56,"North East (Aberdeen)"
noon,55.77746896724579,-3.968357514190313,1665003744,4039,1989,33,Male,Y,1151,Motherwell,"North Lanarkshire",ML1,Glasgow
noon,55.84332363544026,-3.506564370483721,1665003864,4093,1995,27,Male,N,375,Livingston,"West Lothian",EH54,"Lothian (Edinburgh)"
noon,55.333619749197894,-4.286375302948775,1665003952,4099,1977,45,Female,N,802,"New Cumnock","East Ayrshire",KA18,Ayrshire
noon,56.34282303913512,-3.0933308132960944,1665003988,4089,1985,37,Male,Y,1639,Auchtermuchty,Fife,KY15,Fife
noon,55.44783860349518,-4.300064204581515,1665004056,4057,1997,25,Male,Y,798,Cumnock,"East Ayrshire",KA18,Ayrshire
noon,55.89836337602258,-3.5709669652739655,1665004122,4094,1967,55,Female,Y,375,Livingston,"West Lothian",EH54,"Lothian (Edinburgh)"
noon,60.160120054998096,-1.2472595059621698,1665004233,4102,1958,64,Female,N,1500,Lerwick,"Shetland Isles",ZE1,"Shetland Islands"
noon,55.89644259641176,-3.69040128398491,1665004254,4105,1972,50,Male,Y,368,Bathgate,"West Lothian",EH48,"Lothian (Edinburgh)"
noon,55.848238043961864,-4.461295583782349,1665004289,4100,1970,52,Male,Y,1248,Linwood,Renfrewshire,PA3,Glasgow
noon,55.36165790379383,-5.58221060155442,1665004351,4106,1960,62,Female,N,1246,Campbeltown,"Argyll and Bute",PA28,"Argyll and Bute"
noon,55.910282259592044,-4.463909373126887,1665004379,4133,1998,24,Female,Y,1306,Erskine,Renfrewshire,PA8,Glasgow
noon,55.89817044344457,-3.1168498360679795,1665004409,4114,1999,23,Other,School,325,"Niddrie, Edinburgh",Edinburgh,"Edinburgh Southeast","Lothian (Edinburgh)"
noon,55.9300806942777,-3.9487174794747766,1665004432,4116,1993,29,Male,Y,514,"Cumbernauld (south: Condorrat, Lenziemill, Carbrain, Kildrum, Cumbernauld Village, Abronhill, Seafar)","North Lanarkshire",G67,Glasgow
noon,57.46154430211021,-2.0087576103990825,1665004563,4104,1967,55,Female,Y,53,Hatton,Aberdeenshire,AB42,"North East (Aberdeen)"
noon,55.40544395002851,-4.108228016525546,1665004701,4057,1997,25,Male,Y,798,Cumnock,"East Ayrshire",KA18,Ayrshire
noon,55.71524282038287,-3.97167221845126,1665004930,4138,1970,52,Male,Y,1183,Hamilton,"South Lanarkshire",ML3,Glasgow
noon,55.86689612052339,-4.3479430348500046,1665005308,4151,1982,40,Male,N,664,"Toryglen, Glasgow",Glasgow,"Glasgow Southwest",Glasgow
noon,56.47994477440211,-2.9174824730621927,1665005350,4152,1988,34,Male,Y,251,"Kirkton, Dundee",Dundee,"Dundee North","Tayside and Angus (Dundee)"
noon,57.16741872133419,-2.1433537973323076,1665005395,4150,1981,41,Male,Y,97,"Mastrick, Aberdeen",Aberdeen,"Aberdeen Central","North East (Aberdeen)"
noon,55.59574344606865,-2.860378903419672,1665005466,4146,1971,51,Male,Y,1413,Galashiels,"Scottish Borders",TD1,Borders
noon,55.66852530128481,-3.81392454879661,1665005498,4013,1982,40,Female,Y,1163,Coalburn,"South Lanarkshire",ML11,Glasgow
noon,55.850349207812684,-4.090882156641234,1665005507,4162,1957,65,Female,Y,602,"Baillieston, Glasgow",Glasgow,"Glasgow Northeast",Glasgow
noon,56.082807841064074,-3.354386712051421,1665005516,4171,1978,44,Female,Y,1121,Cowdenbeath,Fife,KY4,Fife
noon,55.84258742636528,-3.6610012283659397,1665005546,4164,1974,48,Male,Y,366,Whitburn,"West Lothian",EH47,"Lothian (Edinburgh)"
noon,55.75622864863389,-2.8847427815131867,1665005557,4163,1981,41,Female,Y,1415,Stow,"Scottish Borders",TD1,Borders
noon,57.66998917637623,-2.1702437954774334,1665005567,4165,1992,30,Female,N,57,Fraserburgh,Aberdeenshire,AB43,"North East (Aberdeen)"
noon,55.90851840889111,-2.1373983063150064,1665005621,4168,1981,41,Female,N,1431,Eyemouth,"Scottish Borders",TD14,Borders
noon,56.107887563498196,-3.6259597040948224,1665006057,4180,1964,58,Female,N,391,Alloa,Clackmannanshire,FK10,"Stirling and Falkirk"
noon,54.964881518849715,-5.092948342349823,1665006116,4205,1967,55,Female,Y,231,Stranraer,"Dumfries and Galloway",DG9,"Dumfries and Galloway"
noon,55.829868143037515,-3.986194216276776,1665006188,4185,1970,52,Male,Y,1151,Motherwell,"North Lanarkshire",ML1,Glasgow
noon,55.955495795864906,-3.908381594410818,1665006192,4193,1969,53,Female,N,514,"Cumbernauld (south: Condorrat, Lenziemill, Carbrain, Kildrum, Cumbernauld Village, Abronhill, Seafar)","North Lanarkshire",G67,Glasgow
noon,56.060153420931194,-3.4468767463630563,1665006216,4135,1991,31,Male,N,1090,"Dunfermline (south and east: Halbeath, Touch, Duloch, Masterton, Pitcorthie, Abbeyview, Brucefield, Hospital Hill, Camdean, Pitreavie)",Fife,KY11,Fife
noon,57.81757370721636,-4.1982860929847226,1665006261,4201,1976,46,Female,Y,711,Tain,Highland,IV19,"Highlands (Inverness)"
noon,55.76152907550198,-4.08483341235551,1665006337,4196,1985,37,Male,N,1183,Hamilton,"South Lanarkshire",ML3,Glasgow
noon,55.87442266413355,-3.616726022520898,1665006452,4192,1990,32,Female,Y,366,Whitburn,"West Lothian",EH47,"Lothian (Edinburgh)"
noon,55.74239059482459,-3.6595316028155436,1665006561,4206,1980,42,Female,Y,1167,Lanark,"South Lanarkshire",ML11,Glasgow
noon,57.60808715566541,-3.201516326316254,1665006574,4212,1968,54,Female,N,737,Elgin,Moray,IV30,"North East (Aberdeen)"
noon,57.31593337190688,-2.5418829359039337,1665006697,4216,1974,48,Female,Y,70,Insch,Aberdeenshire,AB52,"North East (Aberdeen)"
noon,55.21416346448682,-3.6236528092085307,1665006710,4215,1975,47,Male,Y,186,"Dumfries (centre and east: Dalscone, Georgetown, Heathhall, Kingholm Quay, Noblehill, The Crichton)","Dumfries and Galloway",DG1,"Dumfries and Galloway"
noon,55.727981551174366,-4.715353686899006,1665006750,4202,1950,72,Female,N,815,Dalry,"North Ayrshire",KA24,Ayrshire
noon,57.38886719163846,-2.5686387267623254,1665006868,4216,1974,48,Female,Y,70,Insch,Aberdeenshire,AB52,"North East (Aberdeen)"
noon,55.88163856338251,-4.83852555297052,1665006878,4228,1973,49,Female,Y,1232,Inverkip,Inverclyde,PA16,Glasgow
noon,55.64798950842017,-3.8331267298990994,1665006931,4233,1985,37,Male,Y,1167,Lanark,"South Lanarkshire",ML11,Glasgow
noon,55.74651831996998,-4.802928327685176,1665006991,4202,1950,72,Female,N,815,Dalry,"North Ayrshire",KA24,Ayrshire
noon,55.930601665633134,-4.804259046410581,1665007162,4220,1998,24,Male,N,1231,"Greenock (west: Bow Farm, Braeside, Branchton, Fort Matilda, Gateside, Greenock West, Overton, Pennyfern, Smithston)",Inverclyde,PA16,Glasgow
noon,55.9484155782606,-2.9842959399930167,1665007242,4231,1952,70,Female,Y,349,Tranent,"East Lothian",EH33,"Lothian (Edinburgh)"
noon,55.95665974156631,-4.200390886985792,1665007485,4252,1963,59,Male,Y,507,Kirkintilloch,"East Dunbartonshire",G66,Glasgow
noon,56.01979977108362,-2.823934026861282,1665007759,4264,1970,52,Female,Y,346,"Cockenzie and Port Seton","East Lothian",EH32,"Lothian (Edinburgh)"
noon,55.89221049508861,-4.345039601565079,1665007835,4253,1954,68,Female,N,638,"Drumchapel, Glasgow",Glasgow,"Glasgow Northwest",Glasgow
noon,55.555661681064365,-4.180498345194295,1665007993,4265,1953,69,Male,N,802,"New Cumnock","East Ayrshire",KA18,Ayrshire
noon,55.709627210342866,-4.209083703378059,1665008044,4268,1997,25,Female,N,534,"East Kilbride (south: Hairmyres, Westwood, The Murray, Murray East, Whitehills, Greenhill, Newlandsmuir, Gardenhall, Crosshouse, Newlands, Lindsayfield, Mossneuk)","South Lanarkshire",G75,Glasgow
noon,55.63316715371135,-4.659354870222108,1665008300,4279,1999,23,Female,Y,787,"Irvine (centre: Castlepark, Tarryholme)","North Ayrshire",KA12,Ayrshire
noon,55.85547401142848,-4.009757671401356,1665008309,4281,1996,26,Male,Y,1189,Coatbridge,"North Lanarkshire",ML5,Glasgow
noon,56.33089860853864,-3.13522877981696,1665008365,4276,1976,46,Male,Y,1639,Auchtermuchty,Fife,KY15,Fife
noon,55.897810829300056,-5.154749387201799,1665008576,4269,1995,27,Male,N,1237,"Isle of Bute","Argyll and Bute",PA20,"Argyll and Bute"
noon,57.601527073263654,-4.469964843713468,1665008677,4288,1979,43,Male,Y,705,Dingwall,Highland,IV15,"Highlands (Inverness)"
noon,56.002857078228224,-4.547736479843396,1665009477,4302,1994,28,Female,Y,557,Alexandria,"West Dunbartonshire",G83,"Argyll and Bute"
noon,57.612689436599354,-2.19745940632902,1665009518,4313,1968,54,Female,Y,57,Fraserburgh,Aberdeenshire,AB43,"North East (Aberdeen)"
noon,56.216910869313764,-3.266064631449366,1665009591,4304,1957,65,Female,N,1130,Leslie,Fife,KY6,Fife
noon,55.89139596091233,-3.1785633884886484,1665009662,4305,1999,23,Female,Y,322,"Gilmerton, Edinburgh",Edinburgh,"Edinburgh Southeast","Lothian (Edinburgh)"
noon,55.2610385001942,-3.963414705295917,1665009894,4307,1984,38,Female,Y,210,Thornhill,"Dumfries and Galloway",DG3,"Dumfries and Galloway"
noon,56.077523361862056,-4.037956710776068,1665011086,4339,1974,48,Female,Y,464,"Stirling (south and east: Braehead, Borestone, Broomridge, Torbrex)",Stirlingshire,FK7,"Stirling and Falkirk"
noon,57.095207182672254,-2.082875210759289,1665011119,4335,1964,58,Female,N,11,Kincorth, Aberdeen,AB12,"North East (Aberdeen)"
noon,57.18643632992058,-3.2871353763784024,1665011329,4341,1986,36,Other,Y,40,Strathdon,Aberdeenshire,AB36,"North East (Aberdeen)"
noon,56.00426794810364,-3.8992931520753706,1665011405,4343,1992,30,Male,Y,441,Bonnybridge,Falkirk,FK4,"Stirling and Falkirk"
noon,55.81056785910751,-4.141200332777543,1665011429,4340,1995,27,Female,Y,529,Cambuslang,"South Lanarkshire",G72,Glasgow
noon,55.966092241387194,-2.5545754457426093,1665011465,4346,1996,26,Female,Y,359,Dunbar,"East Lothian",EH42,"Lothian (Edinburgh)"
noon,56.11665887252345,-3.777988974331187,1665012288,4354,1985,37,Male,N,389,Tullibody,Clackmannanshire,FK10,"Stirling and Falkirk"
noon,56.11263181581503,-3.2210618371527358,1665013275,3249,1974,48,Female,N,1117,"Kirkcaldy (west: Hayfield, Templehall, Newliston, Chapel, Dunnikier, Bennochy)",Fife,KY2,Fife
noon,59.04550809081482,-3.10011018503762,1665014011,4373,1994,28,Female,Y,1025,"Orkney Islands",Orkney,KW17,"Orkney Islands"
noon,56.10163907086499,-3.1950743214515915,1665014380,4376,1975,47,Female,Y,1117,"Kirkcaldy (west: Hayfield, Templehall, Newliston, Chapel, Dunnikier, Bennochy)",Fife,KY2,Fife
noon,55.639492474337324,-4.530438199769818,1665014549,4379,1997,25,Male,Y,841,Stewarton,"East Ayrshire",KA3,Ayrshire
noon,56.0032805156122,-4.259786356292446,1665015971,4390,1999,23,Female,Y,507,Kirkintilloch,"East Dunbartonshire",G66,Glasgow
noon,54.845362031435656,-5.090689550651956,1665017065,4394,1977,45,Female,N,231,Stranraer,"Dumfries and Galloway",DG9,"Dumfries and Galloway"
noon,55.91317903204865,-3.5277654412735577,1665018639,4397,1993,29,Female,Y,375,Livingston,"West Lothian",EH54,"Lothian (Edinburgh)"
noon,56.0513615166727,-3.7409468590149233,1665019593,4402,1993,29,Other,Y,422,"Falkirk (north: Grahamston, Middlefield, Westfield)",Falkirk,FK2,"Stirling and Falkirk"
noon,57.15585046312783,-2.217809364878445,1665019768,4405,1957,65,Female,N,125,Whiterashes,Aberdeenshire,"Aberdeen North","North East (Aberdeen)"
noon,55.954778821926126,-3.1342509946290344,1665020397,4408,1987,35,Other,Y,281,"Portobello, Edinburgh",Edinburgh,"Edinburgh Duddingston","Lothian (Edinburgh)"
noon,56.527691994280346,-2.7668929664172306,1665020558,4409,1983,39,Female,N,178,Carnoustie,Angus,DD7,"Tayside and Angus (Dundee)"
noon,56.47902700866954,-2.9086083303858565,1665024598,4416,1984,38,Female,Y,254,"Douglas, Dundee",Dundee,"Dundee North","Tayside and Angus (Dundee)"
noon,55.97070460103827,-3.2257674351443346,1665027036,4419,1966,56,Female,Y,278,"Granton, Edinburgh",Edinburgh,"Edinburgh Clermiston Granton","Lothian (Edinburgh)"
noon,56.0596179614451,-3.8724394451615396,1665029173,4423,1965,57,Male,N,464,"Stirling (south and east: Braehead, Borestone, Broomridge, Torbrex)",Stirlingshire,FK7,"Stirling and Falkirk"
noon,55.939422529852955,-3.9746536943134916,1665029259,4425,1994,28,Female,N,514,"Cumbernauld (south: Condorrat, Lenziemill, Carbrain, Kildrum, Cumbernauld Village, Abronhill, Seafar)","North Lanarkshire",G67,Glasgow
noon,55.61531871218656,-4.658192444862063,1665029658,4426,1990,32,Female,N,787,"Irvine (centre: Castlepark, Tarryholme)","North Ayrshire",KA12,Ayrshire
noon,56.803053925987925,-3.5868246132516246,1665029747,4427,1983,39,Male,N,1318,Blairgowrie,"Perth and Kinross",PH10,Fife
noon,55.924811606002486,-4.656295871356985,1665029846,4429,1983,39,Female,Y,1229,"Port Glasgow",Inverclyde,PA14,Glasgow
noon,55.9182964850499,-4.754402751646484,1665030069,4428,1971,51,Female,N,1231,"Greenock (west: Bow Farm, Braeside, Branchton, Fort Matilda, Gateside, Greenock West, Overton, Pennyfern, Smithston)",Inverclyde,PA16,Glasgow
noon,57.41091294259428,-2.753332471367102,1665032768,4435,1974,48,Female,Y,83,Huntly,Aberdeenshire,AB54,"North East (Aberdeen)"
noon,55.39988859391418,-4.656847850097278,1665036245,4453,1972,50,Male,Y,856,"Ayr (Centre)","South Ayrshire",KA7,Ayrshire
noon,57.19400603007392,-2.192658793295456,1665036261,4457,1996,26,Female,Y,113,"Bridge of Don, Aberdeen",Aberdeen,"Aberdeen North","North East (Aberdeen)"
noon,55.89768366360341,-4.321999611322539,1665036540,4458,1990,32,Male,Y,585,"Kelvindale, Glasgow",Glasgow,"Glasgow Kelvin",Glasgow
noon,56.82879799562391,-2.5233426861158255,1665037183,4464,1994,28,Female,Y,18,Laurencekirk,Aberdeenshire,AB30,"North East (Aberdeen)"
noon,55.52587665685528,-2.53446790148434,1665037279,4463,1983,39,Male,N,1486,Jedburgh,"Scottish Borders",TD8,Borders
noon,55.96692524142686,-4.606152491950387,1665037832,4471,1990,32,Female,Y,548,Cardross,"Argyll and Bute",G82,Glasgow
noon,55.32465664833735,-2.653914412536002,1665038087,4473,1979,43,Male,Y,1493,Hawick,"Scottish Borders",TD9,Borders
noon,55.48322036002638,-2.5083554244470347,1665038268,4474,1996,26,Female,Y,1483,Ancrum,"Scottish Borders",TD8,Borders
noon,56.844484685258216,-3.1973069572843604,1665038509,4475,1971,51,Female,Y,179,Forfar,Angus,DD8,"Tayside and Angus (Dundee)"
noon,55.88092021083559,-4.2695194786368855,1665039039,4481,1960,62,Male,N,628,"Balornock, Glasgow",Glasgow,"Glasgow Northeast",Glasgow
noon,56.88367899690399,-3.161220078120757,1665039197,4430,1969,53,Male,Y,179,Forfar,Angus,DD8,"Tayside and Angus (Dundee)"
noon,55.99641910395435,-2.770488526098149,1665039669,4484,1982,40,Male,Y,355,"North Berwick","East Lothian",EH39,"Lothian (Edinburgh)"
noon,56.62768473846746,-2.944561403507321,1665039839,4475,1971,51,Female,Y,179,Forfar,Angus,DD8,"Tayside and Angus (Dundee)"
noon,55.8055608692278,-4.142774838992178,1665039964,4486,1967,55,Female,Y,529,Cambuslang,"South Lanarkshire",G72,Glasgow
noon,56.68750106543627,-3.043601604036377,1665039965,4475,1971,51,Female,Y,179,Forfar,Angus,DD8,"Tayside and Angus (Dundee)"
noon,55.93014112325925,-3.133006736204186,1665040034,4488,1995,27,Other,Y,325,"Niddrie, Edinburgh",Edinburgh,"Edinburgh Southeast","Lothian (Edinburgh)"
noon,56.668971067654326,-3.0689250968702337,1665040171,4475,1971,51,Female,Y,179,Forfar,Angus,DD8,"Tayside and Angus (Dundee)"
noon,56.48001411605377,-2.953012154407451,1665040719,4494,1948,74,Female,Y,254,"Douglas, Dundee",Dundee,"Dundee North","Tayside and Angus (Dundee)"
noon,55.612095412276865,-4.660471936473227,1665041129,4426,1990,32,Female,N,787,"Irvine (centre: Castlepark, Tarryholme)","North Ayrshire",KA12,Ayrshire
noon,55.881351732665216,-4.344768685798322,1665041185,4500,1959,63,Male,N,641,"Knightswood, Glasgow",Glasgow,"Glasgow Northwest",Glasgow
noon,56.49544126886724,-3.0082247504235036,1665041453,4501,1945,77,Female,N,242,"St Marys, Dundee",Dundee,"Dundee Central","Tayside and Angus (Dundee)"
noon,55.739593700906084,-4.224985894106741,1665041604,4502,1988,34,Male,N,533,Auldhouse,"South Lanarkshire",G75,Glasgow
noon,55.637374094231454,-4.6575982961494935,1665042617,4426,1990,32,Female,N,787,"Irvine (centre: Castlepark, Tarryholme)","North Ayrshire",KA12,Ayrshire
noon,55.620478121103766,-4.66544344904658,1665043091,4426,1990,32,Female,N,787,"Irvine (centre: Castlepark, Tarryholme)","North Ayrshire",KA12,Ayrshire
noon,55.977958530504026,-3.165347765408342,1665043363,4468,1958,64,Male,Y,285,"Leith, Edinburgh",Edinburgh,"Edinburgh Leith","Lothian (Edinburgh)"
noon,55.85510459526044,-4.103023340942875,1665043545,4527,1982,40,Female,Y,617,"Dalmarnock, Glasgow",Glasgow,"Glasgow Northeast",Glasgow
noon,55.85118048250943,-4.3942847170526225,1665044026,4365,1980,42,Male,N,1220,"Paisley (central, east and north east: Ferguslie, Oldhall, Seedhill, Williamsburgh, Whitehaugh)",Renfrewshire,PA1,Glasgow
noon,55.75564326642204,-4.5160124946705205,1665045525,4541,1990,32,Female,N,540,Barrhead,"East Renfrewshire",G78,Glasgow
noon,56.82607050018705,-2.299090045875651,1665045752,4511,1998,24,Female,Y,137,Inverbervie,Aberdeenshire,DD10,"Tayside and Angus (Dundee)"
noon,55.75572052274012,-4.78483265877596,1665045890,4542,1976,46,Female,Y,815,Dalry,"North Ayrshire",KA24,Ayrshire
noon,55.805553578441454,-4.357639692354792,1665045971,4545,1981,41,Female,Y,681,"Nitshill, Glasgow",Glasgow,"Glasgow Southwest",Glasgow
noon,55.69349979605961,-3.0627855391638006,1665046705,4554,1987,35,Male,Y,361,Innerleithen,"Scottish Borders",EH44,Borders
noon,56.336906673149926,-3.004144456945572,1665046755,4558,1978,44,Other,Y,1105,Cupar,Fife,KY15,Fife
noon,55.68092685964145,-3.987822056715838,1665046778,4559,1955,67,Male,N,1217,Larkhall,"North Lanarkshire",ML9,Glasgow
noon,56.46689165027368,-2.9408032819474084,1665047065,4555,1956,66,Female,N,252,"Linlathen and Midcraigie, Dundee",Dundee,"Dundee North","Tayside and Angus (Dundee)"
noon,57.27965977105703,-2.150661055749037,1665047171,4562,1971,51,Female,N,115,"Grandholm, Aberdeen",Aberdeen,"Aberdeen North","North East (Aberdeen)"
noon,55.13398257748149,-4.950531786208511,1665049231,4573,1984,38,Female,Y,824,Girvan,"South Ayrshire",KA26,Ayrshire
noon,57.1433780322013,-2.0847483086499468,1665050194,4587,1993,29,Male,Y,126,"Bridge of Dee, Aberdeen",Aberdeen,"Aberdeen Southeast","North East (Aberdeen)"
noon,57.333164566122335,-2.496569535890102,1665050835,4592,1958,64,Male,Y,65,Kemnay,Aberdeenshire,AB51,"North East (Aberdeen)"
noon,55.888935598347096,-5.147248517938873,1665051352,4596,1956,66,Female,Y,1237,"Isle of Bute","Argyll and Bute",PA20,"Argyll and Bute"
noon,55.90513359819919,-4.378568903114644,1665051618,4601,1954,68,Male,Y,644,"Partick, Glasgow",Glasgow,"Glasgow Northwest",Glasgow
noon,55.70183906585336,-4.202269187711436,1665051755,4604,1974,48,Female,N,534,"East Kilbride (south: Hairmyres, Westwood, The Murray, Murray East, Whitehills, Greenhill, Newlandsmuir, Gardenhall, Crosshouse, Newlands, Lindsayfield, Mossneuk)","South Lanarkshire",G75,Glasgow
noon,55.85714578977225,-4.564026061990346,1665052032,4605,1996,26,Male,Y,1224,"Bridge of Weir",Renfrewshire,PA11,Glasgow
noon,55.71462552041864,-4.147687095534755,1665052246,4609,1997,25,Female,Y,534,"East Kilbride (south: Hairmyres, Westwood, The Murray, Murray East, Whitehills, Greenhill, Newlandsmuir, Gardenhall, Crosshouse, Newlands, Lindsayfield, Mossneuk)","South Lanarkshire",G75,Glasgow
noon,55.604607562503084,-4.49424830793186,1665052255,4440,1973,49,Female,N,779,"Kilmarnock (centre and south: Bonnyton, Grange, Bellfield, Shortlees, Caprington, Riccarton, Hurlford)","East Ayrshire",KA1,Ayrshire
noon,55.318092203564824,-4.413625492866032,1665052528,4617,1987,35,Male,N,852,Dalmellington,"East Ayrshire",KA6,Ayrshire
noon,60.54041248059813,-1.0464757646461849,1665052645,4619,1992,30,Female,N,1505,Baltasound,"Shetland Isles",ZE2,"Shetland Islands"
noon,55.68395355778252,-5.174244926792125,1665052796,4612,1955,67,Male,Y,827,"Isle of Arran","North Ayrshire",KA27,Ayrshire
noon,55.89139278163607,-4.521639778665913,1665053011,4629,1995,27,Female,Y,1278,Houston,Renfrewshire,PA6,Glasgow
noon,55.80765404795068,-3.9958172430485366,1665053463,4632,1960,62,Female,Y,1186,Bellshill,"North Lanarkshire",ML4,Glasgow
noon,57.481820058410435,-3.759177227686575,1665053574,4635,1976,46,Male,Y,702,Auldearn,Highland,IV12,"Highlands (Inverness)"
noon,57.36468645884108,-2.2486413691452847,1665053763,4640,1988,34,Male,Y,49,Ellon,Aberdeenshire,AB41,"North East (Aberdeen)"
noon,55.40303728108189,-4.753223004951379,1665054418,4646,1961,61,Male,Y,856,"Ayr (Centre)","South Ayrshire",KA7,Ayrshire
noon,55.4328518021784,-4.425447038345265,1665054683,4650,1971,51,Other,Y,798,Cumnock,"East Ayrshire",KA18,Ayrshire
noon,56.169049263026885,-3.3868970885467813,1665055281,4657,1967,55,Male,Y,1098,Kinross,"Perth and Kinross",KY13,Fife
noon,55.86644081735768,-4.194382238931009,1665055639,4633,1978,44,Male,Y,605,"Ruchazie, Glasgow",Glasgow,"Glasgow Northeast",Glasgow
noon,55.28945307159534,-2.996380294025972,1665055727,4658,1970,52,Male,Y,1493,Hawick,"Scottish Borders",TD9,Borders
noon,57.676051391632605,-2.304063139905931,1665055858,4664,1963,59,Male,N,59,Banff,Aberdeenshire,AB45,"North East (Aberdeen)"
noon,55.84710490753858,-3.7087709161388114,1665056514,4574,1974,48,Female,N,366,Whitburn,"West Lothian",EH47,"Lothian (Edinburgh)"
noon,55.247434297176774,-4.386879836860234,1665057521,4677,1979,43,Male,Y,851,Coylton,"South Ayrshire",KA6,Ayrshire
noon,55.91176996804716,-2.522539377677829,1665058863,4686,1979,43,Female,Y,359,Dunbar,"East Lothian",EH42,"Lothian (Edinburgh)"
noon,56.10972519172302,-3.170406593139328,1665060497,4697,1998,24,Female,Y,1117,"Kirkcaldy (west: Hayfield, Templehall, Newliston, Chapel, Dunnikier, Bennochy)",Fife,KY2,Fife
noon,58.48936401196114,-3.498684898228702,1665061379,4703,1992,30,Male,Y,913,Halkirk,Highland,KW12,"Highlands (Inverness)"
noon,56.04759205789053,-3.6725209344385883,1665061841,4354,1985,37,Male,N,389,Tullibody,Clackmannanshire,FK10,"Stirling and Falkirk"
noon,58.49257723745312,-4.297589943526034,1665062589,4706,1963,59,Female,Y,961,Thurso,Highland,KW14,"Highlands (Inverness)"
noon,56.233954144139055,-3.2301703892179017,1665062906,4708,1958,64,Female,N,1129,"Glenrothes (west: Caskieberran, Rimbleton, Macedonia, Tanshall)",Fife,KY6,Fife
noon,55.80731063814265,-4.338033691495316,1665063060,4628,1991,31,Male,Y,678,"Cardonald, Glasgow",Glasgow,"Glasgow Southwest",Glasgow
noon,60.1760069661151,-1.155803039278974,1665067026,4721,1985,37,Female,N,1500,Lerwick,"Shetland Isles",ZE1,"Shetland Islands"
noon,55.9468376234334,-3.930682334777893,1665067099,4723,1969,53,Female,Y,514,"Cumbernauld (south: Condorrat, Lenziemill, Carbrain, Kildrum, Cumbernauld Village, Abronhill, Seafar)","North Lanarkshire",G67,Glasgow
noon,55.86301525824237,-3.153515436258103,1665070329,4735,1994,28,Female,School,342,Roslin,Midlothian,EH25,"Lothian (Edinburgh)"
noon,55.83046540602832,-4.054661287879242,1665070332,4732,1990,32,Female,Y,526,Viewpark,"North Lanarkshire",G71,Glasgow
noon,57.121002947296525,-2.1242197166567762,1665071757,4743,1950,72,Male,N,126,"Bridge of Dee, Aberdeen",Aberdeen,"Aberdeen Southeast","North East (Aberdeen)"
noon,55.80520934469721,-4.081535913868883,1665073129,4750,2000,22,Female,Y,525,Uddingston,"South Lanarkshire",G71,Glasgow
noon,55.806620574807766,-4.087850626283246,1665073440,4752,1993,29,Female,Y,526,Viewpark,"North Lanarkshire",G71,Glasgow
noon,55.83854856805242,-4.079214324161052,1665073790,4756,1993,29,Female,Y,526,Viewpark,"North Lanarkshire",G71,Glasgow
noon,57.18230416276144,-2.2538223944746782,1665074342,4757,1993,29,Female,Y,113,"Bridge of Don, Aberdeen",Aberdeen,"Aberdeen North","North East (Aberdeen)"
noon,56.48100602100757,-3.044449775015867,1665074402,4758,1968,54,Female,Y,236,"Lochee, Dundee",Dundee,"Dundee Central","Tayside and Angus (Dundee)"
noon,55.95707862396888,-3.910392964864027,1665076653,4759,1996,26,Male,Y,514,"Cumbernauld (south: Condorrat, Lenziemill, Carbrain, Kildrum, Cumbernauld Village, Abronhill, Seafar)","North Lanarkshire",G67,Glasgow
noon,55.87015704759181,-4.142447478079216,1665078558,4772,1976,46,Female,N,625,"Parkhead, Glasgow",Glasgow,"Glasgow Northeast",Glasgow
noon,55.83365633422125,-4.132709868440601,1665080111,4781,1977,45,Female,Y,612,"Easterhouse, Glasgow",Glasgow,"Glasgow Northeast",Glasgow
noon,57.6120724270027,-2.172222827455644,1665080303,4782,1995,27,Female,Y,57,Fraserburgh,Aberdeenshire,AB43,"North East (Aberdeen)"
noon,55.72703815855787,-4.4233551594744664,1665080441,4762,1964,58,Male,Y,835,Fenwick,"East Ayrshire",KA3,Ayrshire
noon,56.479105324957445,-2.9794732099309127,1665080865,4790,1975,47,Female,Y,232,"Craigiebank, Dundee",Dundee,"Dundee Bluebelt","Tayside and Angus (Dundee)"
noon,55.51262499224062,-5.649710816881695,1665081468,4796,2002,20,Male,N,1246,Campbeltown,"Argyll and Bute",PA28,"Argyll and Bute"
noon,55.93985558408981,-3.9481252236427253,1665082180,4787,1984,38,Female,N,514,"Cumbernauld (south: Condorrat, Lenziemill, Carbrain, Kildrum, Cumbernauld Village, Abronhill, Seafar)","North Lanarkshire",G67,Glasgow
noon,55.14613489728386,-3.50691136981901,1665082324,4803,1992,30,Male,Y,196,Lockerbie,"Dumfries and Galloway",DG11,"Dumfries and Galloway"
noon,55.010298439857735,-3.347821240512698,1665082527,4805,1976,46,Female,Y,197,Annan,"Dumfries and Galloway",DG12,"Dumfries and Galloway"
noon,57.457357963949555,-2.3874194430169413,1665082841,4811,1988,34,Male,Y,78,Turriff,Aberdeenshire,AB53,"North East (Aberdeen)"
noon,55.469419064229186,-4.607068025050581,1665083106,4815,1977,45,Other,Y,865,Dalmilling,"South Ayrshire",KA8,Ayrshire
noon,57.17112578375226,-2.1692581177241284,1665083202,4829,1971,51,Female,Y,107,"Rosemount, Aberdeen",Aberdeen,"Aberdeen Central","North East (Aberdeen)"
noon,55.51017989074606,-4.248542867854386,1665084762,4872,2004,18,Male,N,846,Mauchline,"East Ayrshire",KA5,Ayrshire
noon,56.157138996858166,-3.8500322833054463,1665084894,4870,1972,50,Female,Y,392,Menstrie,Clackmannanshire,FK11,"Stirling and Falkirk"
noon,55.86533349399127,-3.3251248929823,1665085118,4873,1998,24,Other,Y,310,"Balerno, Edinburgh",Edinburgh,"Edinburgh South","Lothian (Edinburgh)"
noon,58.57420859525789,-3.2908925793264134,1665085469,4893,1964,58,Male,Y,897,Watten,Highland,KW1,"Highlands (Inverness)"
noon,55.75977233411899,-3.8882768394207363,1665085617,4888,1985,37,Male,N,1177,Newmains,"North Lanarkshire",ML2,Glasgow
noon,57.54803244670755,-3.3537945260701605,1665086136,4907,1967,55,Female,N,737,Elgin,Moray,IV30,"North East (Aberdeen)"
noon,55.73765797035584,-4.137787003824059,1665086868,4911,1990,32,Female,Y,534,"East Kilbride (south: Hairmyres, Westwood, The Murray, Murray East, Whitehills, Greenhill, Newlandsmuir, Gardenhall, Crosshouse, Newlands, Lindsayfield, Mossneuk)","South Lanarkshire",G75,Glasgow
noon,55.86263912573941,-4.107044714915598,1665086941,4917,1969,53,Male,Y,631,"Royston, Glasgow",Glasgow,"Glasgow Northeast",Glasgow
noon,55.82627308661893,-4.243493384322661,1665087178,4845,1969,53,Male,Y,647,"Pollokshields, Glasgow",Glasgow,"Glasgow South",Glasgow
noon,56.06961373596692,-3.486333039334144,1665087660,4927,1961,61,Male,Y,1096,"Dunfermline (centre, north, west: Abbey Parks, Lady's Mill, Garvock, Headwell, Kingseathill, Wellwood, Milesmark, Baldridge, Pittencrieff, Baldridgeburn)",Fife,KY12,Fife
noon,55.91162043788553,-4.036970818666712,1665087688,4925,2004,18,Male,N,1189,Coatbridge,"North Lanarkshire",ML5,Glasgow
noon,55.59575852377616,-4.676048482055345,1665087724,4931,1967,55,Male,Y,787,"Irvine (centre: Castlepark, Tarryholme)","North Ayrshire",KA12,Ayrshire
noon,56.30295664862362,-3.6258477287488056,1665087774,4930,1984,38,Male,N,1354,"Perth (south and east: Barnhill, Bridgend, Craigie, Kincarrathie, Upper Craigie)","Perth and Kinross",PH2,Fife
noon,55.73183020733395,-4.013342459777312,1665088296,4933,1998,24,Female,Y,1183,Hamilton,"South Lanarkshire",ML3,Glasgow
noon,55.81388514543589,-4.15099030779264,1665088484,4950,1985,37,Female,Y,528,Blantyre,"South Lanarkshire",G72,Glasgow
noon,55.711363502595624,-4.402453532817138,1665088679,1005,1971,51,Male,Y,837,"Kilmarnock (north: Onthank, Townholm, Altonhill, Longpark, Beansburn, New Farm Loch, Knockinlaw, Hillhead, Crookedholm)","East Ayrshire",KA3,Ayrshire
noon,55.87816456161207,-4.357128891145032,1665088702,4955,1971,51,Male,Y,643,"Anniesland, Glasgow",Glasgow,"Glasgow Northwest",Glasgow
noon,55.481287317886505,-4.619561263708006,1665088768,4874,1997,25,Male,N,868,"Newton on Ayr","South Ayrshire",KA8,Ayrshire
noon,55.547999421272074,-4.4841370093129695,1665088952,4959,1960,62,Female,Y,779,"Kilmarnock (centre and south: Bonnyton, Grange, Bellfield, Shortlees, Caprington, Riccarton, Hurlford)","East Ayrshire",KA1,Ayrshire
noon,55.587397342948144,-2.392172362875859,1665088972,4964,1981,41,Female,N,1451,Kelso,"Scottish Borders",TD5,Borders
noon,55.84989115618441,-4.156723341759088,1665089432,4968,1981,41,Female,N,624,"Springboig, Glasgow",Glasgow,"Glasgow Northeast",Glasgow
noon,56.009107793364926,-3.5849264282354243,1665089464,4966,1967,55,Male,Y,370,Bo'ness,Falkirk,EH51,"Lothian (Edinburgh)"
noon,56.174434442164404,-3.270986771714393,1665089784,4972,1973,49,Female,Y,1125,Ballingry,Fife,KY5,Fife
noon,56.25512530569254,-2.6396697981830375,1665090098,4984,1977,45,Male,N,1086,Anstruther,Fife,KY10,Fife
noon,55.84677433130159,-4.4451425211155104,1665090373,4974,1993,29,Male,Y,1220,"Paisley (central, east and north east: Ferguslie, Oldhall, Seedhill, Williamsburgh, Whitehaugh)",Renfrewshire,PA1,Glasgow
noon,56.093657527686524,-3.21742338279733,1665091143,4996,2008,14,Other,School,1117,"Kirkcaldy (west: Hayfield, Templehall, Newliston, Chapel, Dunnikier, Bennochy)",Fife,KY2,Fife
noon,55.763790892164856,-3.145222581180675,1665091513,5003,1995,27,Male,N,338,Gorebridge,Midlothian,EH23,"Lothian (Edinburgh)"
noon,55.933535582180085,-3.2445647384342315,1665091675,5006,1983,39,Male,N,267,"Sighthill, Edinburgh",Edinburgh,"Edinburgh Central","Lothian (Edinburgh)"
noon,56.465939593344714,-3.1563415973025197,1665091805,5008,1989,33,Female,Y,1326,Inchture,"Perth and Kinross",PH14,Fife
noon,55.99318920427881,-3.8183767049457438,1665092063,5015,1994,28,Male,N,377,"Falkirk (centre and south: Arnothill, Bantaskin, Callendar Park, Glen Village, Hallglen, Lionthorn, Tamfourhill, Woodlands)",Falkirk,FK1,"Stirling and Falkirk"
noon,56.21452360458882,-2.7374708378950268,1665093010,5020,1970,52,Male,Y,1083,Crail,Fife,KY10,Fife
noon,55.9142432066921,-4.610425542417418,1665093331,5027,1991,31,Female,Y,1229,"Port Glasgow",Inverclyde,PA14,Glasgow
noon,56.08539560442334,-3.1810554314614077,1665093424,5023,1996,26,Female,Y,1117,"Kirkcaldy (west: Hayfield, Templehall, Newliston, Chapel, Dunnikier, Bennochy)",Fife,KY2,Fife
noon,55.420746624187665,-4.7313237029163115,1665093817,4478,1962,60,Female,Y,856,"Ayr (Centre)","South Ayrshire",KA7,Ayrshire
noon,55.334583618375895,-4.562309487492532,1665094186,5037,1984,38,Female,Y,806,Maybole,"South Ayrshire",KA19,Ayrshire
noon,56.11383902646289,-3.214581388545129,1665094257,5023,1996,26,Female,Y,1117,"Kirkcaldy (west: Hayfield, Templehall, Newliston, Chapel, Dunnikier, Bennochy)",Fife,KY2,Fife
noon,56.15400673169508,-3.1973821697990523,1665094366,5023,1996,26,Female,Y,1117,"Kirkcaldy (west: Hayfield, Templehall, Newliston, Chapel, Dunnikier, Bennochy)",Fife,KY2,Fife
noon,56.32768188635385,-4.650472769145102,1665096715,5052,1986,36,Male,N,558,Balloch,"West Dunbartonshire",G83,"Argyll and Bute"
noon,55.33667551472109,-4.291400722891483,1665096752,5061,1958,64,Male,Y,802,"New Cumnock","East Ayrshire",KA18,Ayrshire
noon,55.70134151593255,-4.893265094934844,1665097698,5074,1977,45,Male,Y,814,"West Kilbride","North Ayrshire",KA23,Ayrshire
noon,57.604387195638154,-2.004787455968107,1665098157,5079,1960,62,Female,N,57,Fraserburgh,Aberdeenshire,AB43,"North East (Aberdeen)"
noon,55.471617641173424,-4.349409104250728,1665098788,5085,1982,40,Male,Y,798,Cumnock,"East Ayrshire",KA18,Ayrshire
noon,55.773494293805875,-3.790564157314942,1665101427,5088,1966,56,Male,Y,1180,Wishaw,"North Lanarkshire",ML2,Glasgow
noon,56.21813135597932,-3.2755388285400193,1665103980,4838,1961,61,Male,Y,1129,"Glenrothes (west: Caskieberran, Rimbleton, Macedonia, Tanshall)",Fife,KY6,Fife
noon,55.042146965516885,-3.510078641917804,1665109045,5092,1976,46,Female,N,186,"Dumfries (centre and east: Dalscone, Georgetown, Heathhall, Kingholm Quay, Noblehill, The Crichton)","Dumfries and Galloway",DG1,"Dumfries and Galloway"
noon,55.78229537001926,-4.350327520579757,1665121551,5104,1985,37,Female,Y,539,"Newton Mearns","East Renfrewshire",G77,Glasgow
noon,57.05488561796143,-2.2279116771733802,1665122076,5105,1976,46,Female,Y,5,"Cove Bay",Aberdeenshire,AB12,"North East (Aberdeen)"
noon,55.96435289761445,-3.199066587087352,1665124593,5112,1988,34,Male,Y,296,"Davidson's Mains, Edinburgh",Edinburgh,"Edinburgh North","Lothian (Edinburgh)"
noon,59.098203798704574,-3.0894105404509657,1665124675,5111,1962,60,Female,Y,1025,"Orkney Islands",Orkney,KW17,"Orkney Islands"
noon,57.17290720426755,-2.1785267753216266,1665125309,5114,1986,36,Other,Y,97,"Mastrick, Aberdeen",Aberdeen,"Aberdeen Central","North East (Aberdeen)"
noon,56.4950020903086,-3.0249081818060555,1665125567,5115,1961,61,Female,Y,240,"Ardler, Dundee",Dundee,"Dundee Central","Tayside and Angus (Dundee)"
noon,54.85222273012327,-4.874997624857032,1665126195,5120,1967,55,Female,Y,231,Stranraer,"Dumfries and Galloway",DG9,"Dumfries and Galloway"
noon,55.708531036396515,-4.519613171942262,1665128123,5123,1987,35,Female,Y,837,"Kilmarnock (north: Onthank, Townholm, Altonhill, Longpark, Beansburn, New Farm Loch, Knockinlaw, Hillhead, Crookedholm)","East Ayrshire",KA3,Ayrshire
noon,55.50439857724015,-4.387624211723824,1665129193,5134,2004,18,Male,N,846,Mauchline,"East Ayrshire",KA5,Ayrshire
noon,55.75520683021076,-4.268782665927369,1665129608,5139,1986,36,Male,N,530,"East Kilbride (north: The Village, East Mains, West Mains, Lymekilns, St Leonards, Calderwood, Nerston, Stewartfield, Peel Park)","South Lanarkshire",G74,Glasgow
noon,55.182356781269625,-4.6442287872476316,1665129691,5140,2006,16,Male,N,824,Girvan,"South Ayrshire",KA26,Ayrshire
noon,56.16167620655573,-3.8917523737541457,1665129871,5126,1967,55,Male,N,479,"Stirling (north: Causewayhead, Cornton)",Stirlingshire,FK9,"Stirling and Falkirk"
noon,55.296901385407935,-4.816934801021997,1665129917,5140,2006,16,Male,N,824,Girvan,"South Ayrshire",KA26,Ayrshire
noon,55.47070229156423,-4.629688969974802,1665130074,5131,1961,61,Male,Y,868,"Newton on Ayr","South Ayrshire",KA8,Ayrshire
noon,56.08589368387342,-3.719103050528169,1665131281,1728,1994,28,Female,Y,391,Alloa,Clackmannanshire,FK10,"Stirling and Falkirk"
noon,55.82685358686911,-4.411780701733378,1665132074,5148,1958,64,Male,Y,1236,"Paisley (south: Blackhall, Castlehead, Dykebar, Foxbar, Hunterhill, Meikleriggs)",Renfrewshire,PA2,Glasgow
noon,57.499561062189485,-2.636186872681235,1665132922,5153,1982,40,Female,Y,87,Glass,Aberdeenshire,AB54,"North East (Aberdeen)"
noon,57.37111460692822,-2.908136463089374,1665133550,5156,1954,68,Female,N,83,Huntly,Aberdeenshire,AB54,"North East (Aberdeen)"
noon,55.74340060496189,-4.4691513986021825,1665134194,5159,1995,27,Male,Y,837,"Kilmarnock (north: Onthank, Townholm, Altonhill, Longpark, Beansburn, New Farm Loch, Knockinlaw, Hillhead, Crookedholm)","East Ayrshire",KA3,Ayrshire
noon,57.22897936844992,-2.551531825674421,1665136122,5166,1986,36,Male,Y,64,Inverurie,Aberdeenshire,AB51,"North East (Aberdeen)"
noon,57.704400290589426,-3.252264449230942,1665136575,5168,1966,56,Female,N,737,Elgin,Moray,IV30,"North East (Aberdeen)"
noon,55.911558374470324,-4.567746288873878,1665136699,5171,1975,47,Male,Y,1229,"Port Glasgow",Inverclyde,PA14,Glasgow
noon,55.90994871153278,-3.2771463041167403,1665136769,5172,1988,34,Other,Y,264,"Slateford, Edinburgh",Edinburgh,"Edinburgh Central","Lothian (Edinburgh)"
noon,55.96730413476944,-4.427176098194002,1665137057,5177,1969,53,Male,Y,546,Clydebank,"West Dunbartonshire",G81,Glasgow
noon,55.6176627541163,-3.775007843632994,1665137087,5175,1963,59,Female,N,1167,Lanark,"South Lanarkshire",ML11,Glasgow
noon,56.91561841314139,-2.4215208550688923,1665137280,5181,1997,25,Female,Y,18,Laurencekirk,Aberdeenshire,AB30,"North East (Aberdeen)"
noon,56.49994466553165,-3.4387888582598722,1665137328,5182,1954,68,Male,Y,1313,"Perth (north and west: Burghmuir, Cherrybank, Hillyland, Inveralmond, Lethom, Muirton, North Muirton, Tulloch)","Perth and Kinross",PH1,Fife
noon,57.247429562870884,-2.0453343491023244,1665137539,5189,2006,16,Male,N,113,"Bridge of Don, Aberdeen",Aberdeen,"Aberdeen North","North East (Aberdeen)"
noon,57.15436343711794,-2.1564094389232835,1665137673,5194,2006,16,Male,N,104,"Tillydrone, Aberdeen",Aberdeen,"Aberdeen Central","North East (Aberdeen)"
noon,57.15540509548869,-2.093384469357522,1665137721,5193,2006,16,Male,School,106,"Kittybrewster, Aberdeen",Aberdeen,"Aberdeen Central","North East (Aberdeen)"
noon,57.217355335722544,-2.1369257242416486,1665137740,5192,2006,16,Female,School,112,"Dyce, Aberdeen",Aberdeen,"Aberdeen North","North East (Aberdeen)"
noon,57.17233934193219,-2.117357429297044,1665137971,5193,2006,16,Male,School,106,"Kittybrewster, Aberdeen",Aberdeen,"Aberdeen Central","North East (Aberdeen)"
noon,55.85769677435986,-4.351808770199797,1665138136,5184,1958,64,Female,N,664,"Toryglen, Glasgow",Glasgow,"Glasgow Southwest",Glasgow
noon,56.117518768057856,-3.256792265279325,1665138276,5205,1964,58,Female,N,1128,Lochgelly,Fife,KY5,Fife
noon,55.934392985646525,-3.255058283518235,1665138735,5207,1991,31,Male,Y,265,"South Gyle, Edinburgh",Edinburgh,"Edinburgh Central","Lothian (Edinburgh)"
noon,56.017435688893656,-3.725785991121175,1665139590,5210,1962,60,Female,N,439,Grangemouth,Falkirk,FK3,"Stirling and Falkirk"
noon,56.95635105407424,-2.486377079230991,1665140092,5215,1973,49,Male,N,18,Laurencekirk,Aberdeenshire,AB30,"North East (Aberdeen)"
noon,57.68104297625824,-2.860052840624082,1665141040,5218,1987,35,Female,Y,90,Buckie,Moray,AB56,"North East (Aberdeen)"
noon,57.30295800258715,-2.2510821837099257,1665141907,5223,1970,52,Female,N,123,Kinellar,Aberdeenshire,"Aberdeen North","North East (Aberdeen)"
noon,55.727229536535035,-4.077945106874374,1665142355,5225,1971,51,Male,Y,1183,Hamilton,"South Lanarkshire",ML3,Glasgow
noon,55.92470348342063,-3.591510101310016,1665142708,5228,1999,23,Female,Y,368,Bathgate,"West Lothian",EH48,"Lothian (Edinburgh)"
noon,57.651312968976725,-2.5993510391517782,1665143357,5237,1998,24,Other,School,59,Banff,Aberdeenshire,AB45,"North East (Aberdeen)"
noon,55.77210794272402,-4.729077009328751,1665144831,5242,1954,68,Female,Y,817,Kilbirnie,"North Ayrshire",KA25,Ayrshire
noon,55.973828303703144,-3.1634247193107523,1665145596,5248,1992,30,Female,Y,285,"Leith, Edinburgh",Edinburgh,"Edinburgh Leith","Lothian (Edinburgh)"
noon,55.71740279267876,-4.40700188487494,1665145723,5249,1996,26,Male,N,539,"Newton Mearns","East Renfrewshire",G77,Glasgow
noon,56.03591015874729,-4.57225510560031,1665148224,5259,1998,24,Male,N,553,Arrochar,"Argyll and Bute",G83,"Argyll and Bute"
noon,55.915611704387295,-4.579703674921609,1665148432,5262,1994,28,Female,Y,1229,"Port Glasgow",Inverclyde,PA14,Glasgow
noon,55.40670795884279,-4.659994469360988,1665148512,5263,1968,54,Female,Y,856,"Ayr (Centre)","South Ayrshire",KA7,Ayrshire
noon,55.93931631133882,-4.854502338486379,1665152688,5269,1953,69,Female,N,1235,Gourock,Inverclyde,PA19,Glasgow
noon,55.947247985927824,-4.007392993327369,1665156053,5283,2001,21,Female,Y,517,"Cumbernauld (north: Balloch, Eastfield, Carrickstone, Smithstone, Blackwood, Westfield)","North Lanarkshire",G68,Glasgow
noon,55.87050638152926,-3.5987649766094303,1665156278,5287,2000,22,Female,Y,365,Stoneyburn,"West Lothian",EH47,"Lothian (Edinburgh)"
noon,57.16638213164179,-2.1331057813205225,1665156953,5294,1958,64,Female,Y,105,"Seaton, Aberdeen",Aberdeen,"Aberdeen Central","North East (Aberdeen)"
noon,56.5979990731504,-2.732272561878752,1665157516,5288,1990,32,Female,Y,141,Arbroath,Angus,DD11,"Tayside and Angus (Dundee)"
noon,55.95405097418595,-3.9000694335985684,1665158083,5299,1967,55,Male,N,514,"Cumbernauld (south: Condorrat, Lenziemill, Carbrain, Kildrum, Cumbernauld Village, Abronhill, Seafar)","North Lanarkshire",G67,Glasgow
noon,55.890153895331586,-3.7844391975531244,1665158218,5295,2006,16,Other,School,368,Bathgate,"West Lothian",EH48,"Lothian (Edinburgh)"
noon,57.14806569531637,-2.550317493462963,1665166590,5325,1998,24,Male,Y,64,Inverurie,Aberdeenshire,AB51,"North East (Aberdeen)"
noon,55.87865390825131,-3.164257947212029,1665168351,5330,1978,44,Male,N,329,Loanhead,Midlothian,EH20,"Lothian (Edinburgh)"
noon,57.39339059606789,-1.9497134984422684,1665170518,5339,1958,64,Female,N,49,Ellon,Aberdeenshire,AB41,"North East (Aberdeen)"
noon,56.48259584081865,-2.9657603219760507,1665174892,5355,1992,30,Male,N,252,"Linlathen and Midcraigie, Dundee",Dundee,"Dundee North","Tayside and Angus (Dundee)"
noon,55.72329742990763,-3.9737447025269548,1665176687,5352,1954,68,Female,Y,1217,Larkhall,"North Lanarkshire",ML9,Glasgow
noon,57.6788849188523,-2.9357542750143866,1665176728,5361,1981,41,Male,Y,91,Cullen,Moray,AB56,"North East (Aberdeen)"
noon,55.2302917506031,-3.7306023052691586,1665179331,5369,1957,65,Female,Y,210,Thornhill,"Dumfries and Galloway",DG3,"Dumfries and Galloway"
noon,55.82307889201601,-4.045216739108364,1665181652,5379,1979,43,Female,Y,1186,Bellshill,"North Lanarkshire",ML4,Glasgow
noon,57.587211760913235,-1.9905168705777612,1665181812,5380,1986,36,Male,Y,57,Fraserburgh,Aberdeenshire,AB43,"North East (Aberdeen)"
noon,55.88043934944662,-3.1077640447241937,1665183431,5386,1967,55,Female,Y,328,Bonnyrigg,Midlothian,EH19,"Lothian (Edinburgh)"
noon,55.9417946009723,-4.461742045932081,1665191707,4415,1976,46,Male,N,544,Faifley,"West Dunbartonshire",G81,Glasgow
noon,55.088891405300764,-4.647799638020165,1665212668,5400,1977,45,Male,N,225,"Newton Stewart","Dumfries and Galloway",DG8,"Dumfries and Galloway"
noon,55.86155434503322,-3.1164211237298245,1665217525,5407,1992,30,Female,Y,328,Bonnyrigg,Midlothian,EH19,"Lothian (Edinburgh)"
noon,55.20398709066413,-2.7681390267563106,1665218064,5410,1970,52,Male,Y,1492,Denholm,"Scottish Borders",TD9,Borders
noon,55.60633387348891,-4.500362263755214,1665218358,5411,1960,62,Male,N,779,"Kilmarnock (centre and south: Bonnyton, Grange, Bellfield, Shortlees, Caprington, Riccarton, Hurlford)","East Ayrshire",KA1,Ayrshire
noon,55.44522461803584,-4.31038475228406,1665220192,5413,1988,34,Female,Y,798,Cumnock,"East Ayrshire",KA18,Ayrshire
noon,55.33036433629476,-4.353253119191695,1665220452,5417,1982,40,Male,Y,852,Dalmellington,"East Ayrshire",KA6,Ayrshire
noon,55.848874738922824,-3.4062611494175417,1665224605,5424,1968,54,Other,N,311,"Currie, Edinburgh",Edinburgh,"Edinburgh South","Lothian (Edinburgh)"
noon,55.88031860767969,-4.332217633840109,1665233115,5434,1965,57,Female,Y,638,"Drumchapel, Glasgow",Glasgow,"Glasgow Northwest",Glasgow
noon,55.87796240904218,-4.286340234142593,1665234068,5436,1971,51,Female,Y,597,"Yorkhill, Glasgow",Glasgow,"Glasgow Kelvin",Glasgow
noon,56.066632496419835,-4.046054931131564,1665234918,5437,1969,53,Female,Y,464,"Stirling (south and east: Braehead, Borestone, Broomridge, Torbrex)",Stirlingshire,FK7,"Stirling and Falkirk"
noon,56.89452485899387,-2.2738124522530754,1665236213,5442,1962,60,Female,N,48,Stonehaven,Aberdeenshire,AB39,"North East (Aberdeen)"
noon,55.89529764472291,-3.6741731573594563,1665237110,5444,1972,50,Female,N,368,Bathgate,"West Lothian",EH48,"Lothian (Edinburgh)"
noon,56.41179380106985,-2.914090646046678,1665238321,5445,1956,66,Female,N,1114,"St Andrews",Fife,KY16,Fife
noon,55.604347050857804,-4.572573364037435,1665241575,5448,1999,23,Male,Y,810,Knockentiber,"East Ayrshire",KA2,Ayrshire
noon,56.1495954317883,-3.258036974666217,1665242715,5452,1971,51,Female,Y,1125,Ballingry,Fife,KY5,Fife
noon,55.688707539920685,-3.6827830087514184,1665244109,5454,1950,72,Male,N,1167,Lanark,"South Lanarkshire",ML11,Glasgow
noon,56.89621217712145,-2.4349901039511845,1665244286,5215,1973,49,Male,N,18,Laurencekirk,Aberdeenshire,AB30,"North East (Aberdeen)"
noon,55.538760783981125,-3.9658948498853004,1665252896,5464,1957,65,Male,Y,802,"New Cumnock","East Ayrshire",KA18,Ayrshire
noon,56.003450751280326,-3.593522729693192,1665253454,5465,1997,25,Male,Y,370,Bo'ness,Falkirk,EH51,"Lothian (Edinburgh)"
noon,55.89747978195557,-4.189744853201088,1665254962,5466,1999,23,Female,Y,624,"Springboig, Glasgow",Glasgow,"Glasgow Northeast",Glasgow
noon,55.3772712171577,-2.4167297576742763,1665258563,5446,1970,52,Female,Y,1486,Jedburgh,"Scottish Borders",TD8,Borders
noon,56.59224099114994,-2.843455118858765,1665262475,5479,1996,26,Male,Y,181,Kirriemuir,Angus,DD8,"Tayside and Angus (Dundee)"
noon,54.987147575707084,-3.3952755517393407,1665262641,5481,1997,25,Female,Y,200,Eastriggs,"Dumfries and Galloway",DG12,"Dumfries and Galloway"
noon,55.89000073754393,-3.0239638739401977,1665265891,5486,1972,50,Male,N,334,Dalkeith,Midlothian,EH22,"Lothian (Edinburgh)"
noon,55.84409809951451,-4.540141526194112,1665299207,5495,1997,25,Female,Y,1275,Elderslie,Renfrewshire,PA5,Glasgow
noon,55.97781490194709,-3.179462678226637,1665300056,5497,1966,56,Female,N,285,"Leith, Edinburgh",Edinburgh,"Edinburgh Leith","Lothian (Edinburgh)"
noon,57.55867545473176,-3.1957004870112358,1665301807,5499,1978,44,Female,Y,739,Fochabers,Moray,IV32,"North East (Aberdeen)"
noon,57.15348148986273,-2.0914882198874083,1665303925,5502,1962,60,Female,N,100,"Cornhill, Aberdeen",Aberdeen,"Aberdeen Central","North East (Aberdeen)"
noon,55.59439412967477,-3.96347614280786,1665305615,3418,1995,27,Male,Y,1167,Lanark,"South Lanarkshire",ML11,Glasgow
noon,55.85556933365044,-4.054243722836635,1665307391,5509,1996,26,Female,Y,1189,Coatbridge,"North Lanarkshire",ML5,Glasgow
noon,55.801782132445226,-4.156127077959605,1665308344,5512,1995,27,Male,Y,529,Cambuslang,"South Lanarkshire",G72,Glasgow
noon,56.45986180485048,-2.9980851164029962,1665313405,5520,1994,28,Male,Y,258,"Balgay, Dundee",Dundee,"Dundee West","Tayside and Angus (Dundee)"
noon,55.637664099644454,-4.698342107676558,1665318849,5530,1994,28,Male,N,787,"Irvine (centre: Castlepark, Tarryholme)","North Ayrshire",KA12,Ayrshire
noon,55.91886643356365,-4.311167425041196,1665329901,5545,1996,26,Female,Y,488,Bearsden,"East Dunbartonshire",G61,Glasgow
noon,55.765378309346026,-4.379855054090735,1665333104,5546,1959,63,Male,Y,539,"Newton Mearns","East Renfrewshire",G77,Glasgow
noon,56.467808813604634,-2.9512421685010906,1665338208,5548,1960,62,Male,Y,234,"Baxter Park, Dundee",Dundee,"Dundee Bluebelt","Tayside and Angus (Dundee)"
noon,55.93355883576516,-2.6094557098643882,1665339309,5542,1949,73,Male,Y,359,Dunbar,"East Lothian",EH42,"Lothian (Edinburgh)"
noon,56.071925002662624,-3.6690944948937108,1665339578,5551,2003,19,Female,Y,386,Clackmannan,Clackmannanshire,FK10,"Stirling and Falkirk"
noon,56.074624517140435,-3.3297075025754688,1665340116,5550,1977,45,Female,Y,1121,Cowdenbeath,Fife,KY4,Fife
noon,57.495763362968795,-2.5265876972747328,1665341091,5553,1974,48,Male,Y,77,"New Deer",Aberdeenshire,AB53,"North East (Aberdeen)"
noon,57.59472394585782,-3.2651331822429905,1665344382,5560,1977,45,Female,Y,737,Elgin,Moray,IV30,"North East (Aberdeen)"
noon,56.4830411225562,-2.9996224882758593,1665349299,5566,1979,43,Male,Y,234,"Baxter Park, Dundee",Dundee,"Dundee Bluebelt","Tayside and Angus (Dundee)"
noon,57.71972206328757,-3.2841114555415185,1665352328,5568,1996,26,Female,Y,738,Lossiemouth,Moray,IV31,"North East (Aberdeen)"
noon,57.634065871497704,-2.152147234219982,1665355696,5569,1953,69,Male,N,57,Fraserburgh,Aberdeenshire,AB43,"North East (Aberdeen)"
noon,55.905878426147034,-4.8048139618302335,1665365746,5573,1952,70,Female,N,1231,"Greenock (west: Bow Farm, Braeside, Branchton, Fort Matilda, Gateside, Greenock West, Overton, Pennyfern, Smithston)",Inverclyde,PA16,Glasgow
noon,55.54801110857138,-4.627375495639245,1665391143,5582,1973,49,Female,Y,784,Troon,"South Ayrshire",KA10,Ayrshire
noon,55.861056668792386,-3.0264788673534615,1665392165,5588,1960,62,Male,N,334,Dalkeith,Midlothian,EH22,"Lothian (Edinburgh)"
noon,55.900281998528605,-3.0762408591541663,1665392249,5590,1985,37,Female,N,334,Dalkeith,Midlothian,EH22,"Lothian (Edinburgh)"
noon,55.08688910068136,-4.444903023366035,1665405436,5599,1987,35,Female,Y,225,"Newton Stewart","Dumfries and Galloway",DG8,"Dumfries and Galloway"
noon,55.887329876744545,-4.320960007077825,1665413904,3118,2004,18,Female,Y,586,"Kelvinside, Glasgow",Glasgow,"Glasgow Kelvin",Glasgow
noon,57.141551144689764,-2.315390725882319,1665414355,5604,1994,28,Female,Y,28,Westhill,Aberdeenshire,AB32,"North East (Aberdeen)"
noon,55.894966983065046,-4.628772652874849,1665427603,5612,1989,33,Male,N,1227,Kilmacolm,Inverclyde,PA13,Glasgow
noon,56.21681818165466,-3.0376706834883476,1665429892,5615,1953,69,Female,Y,1140,Leven,Fife,KY8,Fife
noon,55.959163116904094,-4.419544194792706,1665433566,5616,1989,33,Other,Y,546,Clydebank,"West Dunbartonshire",G81,Glasgow
noon,57.58716604203332,-4.21709898728742,1665433701,5617,1941,81,Female,N,778,Avoch,Highland,IV9,"Highlands (Inverness)"
noon,56.03848890244708,-5.092107469146465,1665434752,5621,1984,38,Female,N,1241,Dunoon,"Argyll and Bute",PA23,"Argyll and Bute"
noon,55.848834291706154,-4.164192267756477,1665434932,5618,1982,40,Female,Y,623,"Shettleston, Glasgow",Glasgow,"Glasgow Northeast",Glasgow
noon,56.813308334503894,-3.108752597308309,1665440109,5627,1966,56,Female,Y,179,Forfar,Angus,DD8,"Tayside and Angus (Dundee)"
noon,55.656366650229195,-4.765678378132131,1665447810,5631,1943,79,Female,Y,812,Saltcoats,"East Ayrshire",KA21,Ayrshire
noon,57.505319882405814,-1.8909012160374716,1665465283,5634,1982,40,Female,Y,54,Peterhead,Aberdeenshire,AB42,"North East (Aberdeen)"
noon,55.93191885551098,-4.354003553396872,1665468441,5636,1981,41,Male,Y,488,Bearsden,"East Dunbartonshire",G61,Glasgow
noon,56.2038527570935,-2.994692561778898,1665473852,5638,1975,47,Female,Y,1139,Kennoway,Fife,KY8,Fife
noon,56.1561630314005,-3.3166390784685036,1665475886,5643,1989,33,Female,Y,1126,Cardenden,Fife,KY5,Fife
noon,56.04692451371252,-4.085715772292368,1665476341,5644,1954,68,Male,N,457,Bannockburn,Stirlingshire,FK7,"Stirling and Falkirk"
noon,58.99325233330131,-3.1287918061909226,1665476891,5645,1996,26,Female,Y,1025,"Orkney Islands",Orkney,KW17,"Orkney Islands"
noon,56.21286965214197,-2.971147180412803,1665481368,5649,1978,44,Female,N,1142,Methil,Fife,KY8,Fife
noon,55.97125050859717,-4.097573381932326,1665488702,5655,1994,28,Male,Y,506,Kilsyth,"North Lanarkshire",G65,Glasgow
noon,57.425765461168744,-2.746267106022019,1665502643,5668,1999,23,Male,Y,83,Huntly,Aberdeenshire,AB54,"North East (Aberdeen)"
noon,57.3738691064968,-2.672555615916122,1665502750,5667,1962,60,Female,Y,74,"Old Rayne",Aberdeenshire,AB52,"North East (Aberdeen)"
noon,57.32121191686369,-2.523560739965116,1665503398,5667,1962,60,Female,Y,74,"Old Rayne",Aberdeenshire,AB52,"North East (Aberdeen)"
noon,56.17313001177397,-3.196607120407878,1665504587,5584,1970,52,Male,N,1129,"Glenrothes (west: Caskieberran, Rimbleton, Macedonia, Tanshall)",Fife,KY6,Fife
noon,55.97939114553136,-4.054755043699919,1665504872,5655,1994,28,Male,Y,506,Kilsyth,"North Lanarkshire",G65,Glasgow
noon,55.82731861356646,-4.887340010023216,1665505035,5669,1965,57,Male,Y,842,Largs,"North Ayrshire",KA30,Ayrshire
noon,55.96119466577124,-4.051469955329943,1665505046,5655,1994,28,Male,Y,506,Kilsyth,"North Lanarkshire",G65,Glasgow
noon,55.77559909627204,-4.858931497919061,1665505758,5669,1965,57,Male,Y,842,Largs,"North Ayrshire",KA30,Ayrshire
noon,55.80740515435416,-4.807832851386651,1665506063,5669,1965,57,Male,Y,842,Largs,"North Ayrshire",KA30,Ayrshire
noon,55.82168623328719,-4.183276772106107,1665525200,5677,1981,41,Female,Y,528,Blantyre,"South Lanarkshire",G72,Glasgow
noon,56.218907267933716,-2.877727180077302,1665526314,5678,1982,40,Female,Y,1139,Kennoway,Fife,KY8,Fife
noon,55.8603653801797,-3.100603925201423,1665527842,5679,1993,29,Male,Y,328,Bonnyrigg,Midlothian,EH19,"Lothian (Edinburgh)"
noon,55.46826656674094,-4.595328332468717,1665527927,5680,1957,65,Female,N,868,"Newton on Ayr","South Ayrshire",KA8,Ayrshire
noon,55.75093833652086,-3.8140667872401814,1665572993,5683,1955,67,Female,Y,1212,Carluke,"South Lanarkshire",ML8,Glasgow
noon,55.76572843043443,-4.071877985285776,1665575686,5686,1980,42,Male,Y,1183,Hamilton,"South Lanarkshire",ML3,Glasgow
noon,57.170097120684886,-2.775218397017261,1665589190,5694,1948,74,Female,N,31,"Muir of Fowlis",Aberdeenshire,AB33,"North East (Aberdeen)"
noon,55.92559548378189,-4.389243494138658,1665595545,5696,1963,59,Female,N,546,Clydebank,"West Dunbartonshire",G81,Glasgow
noon,57.631398435654354,-2.1093305676055882,1665600683,5697,1963,59,Male,Y,57,Fraserburgh,Aberdeenshire,AB43,"North East (Aberdeen)"
noon,57.617644213063215,-2.2354217690890343,1665606030,5698,1990,32,Female,Y,57,Fraserburgh,Aberdeenshire,AB43,"North East (Aberdeen)"
noon,55.75792124927044,-4.617877145476393,1665606368,5699,1976,46,Female,Y,791,Beith,"East Ayrshire",KA15,Ayrshire
noon,55.00386630275055,-4.113133035473743,1665638684,5703,1977,45,Male,Y,220,"Castle Douglas","Dumfries and Galloway",DG7,"Dumfries and Galloway"
noon,58.844868667689596,-2.9051663174609175,1665649250,5706,1992,30,Male,N,1025,"Orkney Islands",Orkney,KW17,"Orkney Islands"
noon,55.96479140959435,-3.2568289922364047,1665656780,5708,2005,17,Female,School,279,"Clermiston and Drumbrae, Edinburgh",Edinburgh,"Edinburgh Clermiston Granton","Lothian (Edinburgh)"
noon,56.00447741266757,-3.6410095970770806,1665664384,5712,1962,60,Female,Y,370,Bo'ness,Falkirk,EH51,"Lothian (Edinburgh)"
noon,57.148805882087984,-2.1876003917332674,1665664847,5713,1968,54,Male,Y,97,"Mastrick, Aberdeen",Aberdeen,"Aberdeen Central","North East (Aberdeen)"
noon,57.59650652614572,-3.2701796943361363,1665666318,5714,1976,46,Female,Y,737,Elgin,Moray,IV30,"North East (Aberdeen)"
noon,60.4982781821127,-1.5010560399773758,1665667007,5715,1970,52,Male,Y,1535,"Easter Quarff","Shetland Isles",ZE2,"Shetland Islands"
noon,55.008159450094375,-3.3820445382207405,1665671591,5719,1963,59,Female,Y,197,Annan,"Dumfries and Galloway",DG12,"Dumfries and Galloway"
noon,57.163459041816104,-2.141232668820618,1665674956,5722,1996,26,Male,Y,101,"Sheddocksley, Aberdeen",Aberdeen,"Aberdeen Central","North East (Aberdeen)"
noon,60.15209956492162,-1.1471221634236475,1665678335,5723,1970,52,Female,Y,1500,Lerwick,"Shetland Isles",ZE1,"Shetland Islands"
noon,57.364320169860946,-1.9848922477324995,1665683651,5725,1974,48,Female,Y,50,Pitmedden,Aberdeenshire,AB41,"North East (Aberdeen)"
noon,55.905571706119666,-3.239597753769199,1665699374,5728,1969,53,Male,N,305,"Oxgangs, Edinburgh",Edinburgh,"Edinburgh Oxgangs","Lothian (Edinburgh)"
noon,60.11994090125406,-1.2322303524953373,1665699583,5729,1978,44,Male,Y,1505,Baltasound,"Shetland Isles",ZE2,"Shetland Islands"
noon,59.14798114827017,-2.7820139839212836,1665738990,5737,1959,63,Female,Y,1025,"Orkney Islands",Orkney,KW17,"Orkney Islands"
noon,59.00012761299177,-2.9237965685737564,1665752542,5742,1980,42,Female,N,967,Kirkwall,Orkney,KW15,"Orkney Islands"
noon,55.9492555470889,-3.9173025525654444,1665762262,5746,1994,28,Female,Y,514,"Cumbernauld (south: Condorrat, Lenziemill, Carbrain, Kildrum, Cumbernauld Village, Abronhill, Seafar)","North Lanarkshire",G67,Glasgow
noon,59.067762069266124,-3.2452984135302123,1665773466,5748,1957,65,Female,Y,1025,"Orkney Islands",Orkney,KW17,"Orkney Islands"
noon,55.53681940533695,-4.518701546223906,1665773910,5749,1991,31,Male,Y,779,"Kilmarnock (centre and south: Bonnyton, Grange, Bellfield, Shortlees, Caprington, Riccarton, Hurlford)","East Ayrshire",KA1,Ayrshire
noon,55.58564039467182,-4.64968962345132,1665790428,5753,2000,22,Male,N,785,"Irvine (east, south: Perceton, Lawthorn, Girdle Toll, Stanecastle, Bourtreehill, Broomlands, Dreghorn, Springside)","North Ayrshire",KA11,Ayrshire
noon,55.83498009249142,-4.431437423453647,1665820145,5758,1996,26,Male,N,1236,"Paisley (south: Blackhall, Castlehead, Dykebar, Foxbar, Hunterhill, Meikleriggs)",Renfrewshire,PA2,Glasgow
noon,56.50590121314311,-2.7894498824404783,1665824435,5760,1970,52,Female,Y,178,Carnoustie,Angus,DD7,"Tayside and Angus (Dundee)"
noon,55.809266001048776,-4.559197233371512,1665835047,5769,1978,44,Male,N,1308,Howwood,Renfrewshire,PA9,Glasgow
noon,56.00270527622768,-4.166343681419641,1665835099,5774,1993,29,Male,Y,507,Kirkintilloch,"East Dunbartonshire",G66,Glasgow
noon,55.901235199373424,-4.883026020697028,1665835117,5768,1973,49,Male,N,1231,"Greenock (west: Bow Farm, Braeside, Branchton, Fort Matilda, Gateside, Greenock West, Overton, Pennyfern, Smithston)",Inverclyde,PA16,Glasgow
noon,55.9186041897509,-4.243324531968814,1665835158,5784,2001,21,Male,Y,502,Bishopbriggs,"East Dunbartonshire",G64,Glasgow
noon,55.948175736920426,-3.938651482434242,1665835188,5782,1995,27,Male,N,514,"Cumbernauld (south: Condorrat, Lenziemill, Carbrain, Kildrum, Cumbernauld Village, Abronhill, Seafar)","North Lanarkshire",G67,Glasgow
noon,55.82170614222321,-4.384792843688879,1665835221,5781,1992,30,Female,Y,678,"Cardonald, Glasgow",Glasgow,"Glasgow Southwest",Glasgow
noon,55.97027972356782,-3.9788586473456617,1665835284,5783,1993,29,Female,Y,517,"Cumbernauld (north: Balloch, Eastfield, Carrickstone, Smithstone, Blackwood, Westfield)","North Lanarkshire",G68,Glasgow
noon,56.28978374504786,-4.7721419476138625,1665835293,5796,1998,24,Male,N,558,Balloch,"West Dunbartonshire",G83,"Argyll and Bute"
noon,55.742185800355344,-4.2366378764736625,1665835298,5788,1960,62,Male,N,534,"East Kilbride (south: Hairmyres, Westwood, The Murray, Murray East, Whitehills, Greenhill, Newlandsmuir, Gardenhall, Crosshouse, Newlands, Lindsayfield, Mossneuk)","South Lanarkshire",G75,Glasgow
noon,55.858287700636915,-4.389744437197674,1665835310,5790,1983,39,Male,Y,1248,Linwood,Renfrewshire,PA3,Glasgow
noon,55.88471346460169,-4.150301543899824,1665835332,5767,1994,28,Male,Y,618,"Carmyle, Glasgow",Glasgow,"Glasgow Northeast",Glasgow
noon,57.191446200540355,-2.4258323367610597,1665835417,5777,1999,23,Male,Y,28,Westhill,Aberdeenshire,AB32,"North East (Aberdeen)"
noon,55.374714431746696,-4.422613052883744,1665835609,5800,1997,25,Male,Y,851,Coylton,"South Ayrshire",KA6,Ayrshire
noon,55.871073055555904,-4.155977365460761,1665835631,5794,2006,16,Female,School,605,"Ruchazie, Glasgow",Glasgow,"Glasgow Northeast",Glasgow
noon,56.00201137012439,-3.5452409592929657,1665835688,5803,1995,27,Male,Y,370,Bo'ness,Falkirk,EH51,"Lothian (Edinburgh)"
noon,55.44780138434193,-4.4853494927861,1665835736,5801,1965,57,Female,N,854,Mossblown,"South Ayrshire",KA6,Ayrshire
noon,55.89059496503454,-4.458644025284698,1665835781,5805,1994,28,Male,N,1306,Erskine,Renfrewshire,PA8,Glasgow
noon,55.65257726206834,-4.8068820101583745,1665835821,5799,1988,34,Male,N,813,Ardrossan,"North Ayrshire",KA22,Ayrshire
noon,55.41221095679437,-4.709064289425441,1665835965,5806,1989,33,Male,Y,856,"Ayr (Centre)","South Ayrshire",KA7,Ayrshire
noon,55.81512918830094,-4.4244220431700505,1665836152,5807,1997,25,Female,Y,1236,"Paisley (south: Blackhall, Castlehead, Dykebar, Foxbar, Hunterhill, Meikleriggs)",Renfrewshire,PA2,Glasgow
noon,55.945097032963915,-3.1493112128415315,1665836525,5809,1980,42,Male,N,280,"Duddingston, Edinburgh",Edinburgh,"Edinburgh Duddingston","Lothian (Edinburgh)"
noon,56.27721913811408,-3.7454695305748675,1665836600,5813,1996,26,Male,N,1373,Auchterarder,"Perth and Kinross",PH3,Fife
noon,55.91008012196787,-4.404330059516809,1665836833,5819,1991,31,Male,N,546,Clydebank,"West Dunbartonshire",G81,Glasgow
noon,55.839592873811185,-4.314934419904548,1665836883,5823,1977,45,Male,Y,679,"Pollock, Glasgow",Glasgow,"Glasgow Southwest",Glasgow
noon,55.84169641033896,-4.478527584575982,1665837156,5824,1983,39,Male,Y,1220,"Paisley (central, east and north east: Ferguslie, Oldhall, Seedhill, Williamsburgh, Whitehaugh)",Renfrewshire,PA1,Glasgow
noon,55.93091042969866,-3.554902188993637,1665837206,5816,1995,27,Male,Y,371,Broxburn,"West Lothian",EH52,"Lothian (Edinburgh)"
noon,55.67179864916804,-4.8003577878010155,1665837415,5832,1988,34,Male,Y,813,Ardrossan,"North Ayrshire",KA22,Ayrshire
noon,55.93436436922744,-3.066751743201517,1665837657,5834,1989,33,Female,Y,330,Musselburgh,"East Lothian",EH21,"Lothian (Edinburgh)"
noon,55.844792362215,-4.071768861544989,1665838825,5843,1996,26,Male,Y,526,Viewpark,"North Lanarkshire",G71,Glasgow
noon,55.91280861750498,-4.810663594610367,1665839108,5840,1984,38,Male,N,1231,"Greenock (west: Bow Farm, Braeside, Branchton, Fort Matilda, Gateside, Greenock West, Overton, Pennyfern, Smithston)",Inverclyde,PA16,Glasgow
noon,55.9422097582459,-4.752871242958692,1665840669,5849,1989,33,Male,N,1230,"Greenock (central and east: Bogston, Bridgend, Cartsdyke, Gibshill, Greenock Central, Ladyburn, Upper Ingleston)",Inverclyde,PA15,Glasgow
noon,55.446579081651116,-4.60348267266353,1665842652,5851,1991,31,Female,N,856,"Ayr (Centre)","South Ayrshire",KA7,Ayrshire
noon,57.14565799968453,-2.081929581059925,1665844876,5861,1956,66,Male,Y,127,"Torry, Aberdeen",Aberdeen,"Aberdeen Southeast","North East (Aberdeen)"
noon,55.92844269391238,-4.807027000962213,1665845460,5864,1957,65,Female,N,1231,"Greenock (west: Bow Farm, Braeside, Branchton, Fort Matilda, Gateside, Greenock West, Overton, Pennyfern, Smithston)",Inverclyde,PA16,Glasgow
noon,57.45229737570635,-1.953716397015829,1665845740,5869,1980,42,Male,N,54,Peterhead,Aberdeenshire,AB42,"North East (Aberdeen)"
noon,55.894058568203015,-4.143254272657002,1665845969,5865,1991,31,Female,Y,484,"Robroyston, Glasgow",Glasgow,G33,Glasgow
noon,55.91874135391166,-4.211544385866422,1665846646,5873,1994,28,Male,N,502,Bishopbriggs,"East Dunbartonshire",G64,Glasgow
noon,55.70954486430173,-3.901713323764486,1665849974,5877,1995,27,Male,N,1218,Netherburn,"North Lanarkshire",ML9,Glasgow
noon,56.25257910324334,-4.806659276715906,1665851404,5879,1987,35,Male,N,557,Alexandria,"West Dunbartonshire",G83,"Argyll and Bute"
noon,56.48126875438131,-2.941111472994089,1665853850,5883,1964,58,Male,Y,256,"Whitfield, Dundee",Dundee,"Dundee North","Tayside and Angus (Dundee)"
noon,55.894074322038456,-4.293385002488693,1665854092,5884,1974,48,Female,N,619,"Tollcross, Glasgow",Glasgow,"Glasgow Northeast",Glasgow
noon,55.873572978722855,-4.172748349600513,1665854385,5885,2001,21,Female,Y,632,"Springburn, Glasgow",Glasgow,"Glasgow Northeast",Glasgow
noon,55.84448544390651,-4.417496296390429,1665862512,5824,1983,39,Male,Y,1220,"Paisley (central, east and north east: Ferguslie, Oldhall, Seedhill, Williamsburgh, Whitehaugh)",Renfrewshire,PA1,Glasgow
noon,59.38150529535119,-2.4191622608695047,1665870597,5897,1997,25,Female,Y,1025,"Orkney Islands",Orkney,KW17,"Orkney Islands"
noon,55.78965306581349,-4.248254533893313,1665870701,5892,1966,56,Female,Y,574,"Fernhill, Glasgow",Glasgow,"Glasgow Castlemilk",Glasgow
noon,56.48092688959125,-3.312926471634772,1665913936,5910,1946,76,Female,Y,1353,Scone,"Perth and Kinross",PH2,Fife
noon,57.426490768680615,-2.2556893187505302,1665951246,5914,1979,43,Female,N,49,Ellon,Aberdeenshire,AB41,"North East (Aberdeen)"
noon,57.59701279601435,-3.2560025832790975,1665951831,5759,1999,23,Female,Y,737,Elgin,Moray,IV30,"North East (Aberdeen)"
noon,55.9399044792174,-4.7943579835215395,1665953433,5841,1987,35,Male,Y,1231,"Greenock (west: Bow Farm, Braeside, Branchton, Fort Matilda, Gateside, Greenock West, Overton, Pennyfern, Smithston)",Inverclyde,PA16,Glasgow
noon,55.963911610715904,-4.167538347855102,1666003843,5918,1958,64,Male,Y,507,Kirkintilloch,"East Dunbartonshire",G66,Glasgow
noon,58.96801347106475,-3.0172846960392348,1666005711,5920,1980,42,Female,N,967,Kirkwall,Orkney,KW15,"Orkney Islands"
noon,55.91775593199701,-3.1800796272018785,1666013121,5923,1990,32,Other,Y,322,"Gilmerton, Edinburgh",Edinburgh,"Edinburgh Southeast","Lothian (Edinburgh)"
noon,57.48027842832404,-1.873820723330587,1666013277,5924,1993,29,Other,Y,54,Peterhead,Aberdeenshire,AB42,"North East (Aberdeen)"
noon,57.128152833324144,-2.531533312526251,1666033897,5929,1961,61,Male,Y,64,Inverurie,Aberdeenshire,AB51,"North East (Aberdeen)"
noon,55.62124250454608,-4.649111891904203,1666036504,5930,1992,30,Male,Y,787,"Irvine (centre: Castlepark, Tarryholme)","North Ayrshire",KA12,Ayrshire
noon,55.91121901214768,-2.96716578142091,1666038658,5931,1991,31,Male,Y,334,Dalkeith,Midlothian,EH22,"Lothian (Edinburgh)"
noon,55.92170082289834,-4.335498228614519,1666053992,5934,1983,39,Female,Y,488,Bearsden,"East Dunbartonshire",G61,Glasgow
noon,57.17270361799854,-2.1556041784346895,1666096653,5936,1961,61,Male,Y,97,"Mastrick, Aberdeen",Aberdeen,"Aberdeen Central","North East (Aberdeen)"
noon,55.89174647216729,-3.5602020273883803,1666110646,5937,1997,25,Female,Y,375,Livingston,"West Lothian",EH54,"Lothian (Edinburgh)"
noon,60.15251285452673,-1.2139764651513323,1666128247,5939,1966,56,Male,N,1500,Lerwick,"Shetland Isles",ZE1,"Shetland Islands"
noon,55.881164981006584,-3.6073127182630014,1666172961,5945,2002,20,Female,N,365,Stoneyburn,"West Lothian",EH47,"Lothian (Edinburgh)"
noon,55.910152103083796,-4.174213111422355,1666177349,5946,1996,26,Female,N,628,"Balornock, Glasgow",Glasgow,"Glasgow Northeast",Glasgow
noon,56.48102734975847,-2.971691604635778,1666218673,5954,1972,50,Female,Y,251,"Kirkton, Dundee",Dundee,"Dundee North","Tayside and Angus (Dundee)"
noon,55.599100490920605,-4.682578454806164,1666245061,5955,1999,23,Male,Y,787,"Irvine (centre: Castlepark, Tarryholme)","North Ayrshire",KA12,Ayrshire
noon,55.806890295623035,-3.947021062941833,1666270013,5961,2004,18,Male,Y,1151,Motherwell,"North Lanarkshire",ML1,Glasgow
noon,56.12215845912804,-3.6753410708627,1666272185,5963,1997,25,Female,Y,391,Alloa,Clackmannanshire,FK10,"Stirling and Falkirk"
noon,55.745749797273994,-3.9552648566166204,1666287395,5965,1977,45,Female,Y,1217,Larkhall,"North Lanarkshire",ML9,Glasgow
noon,56.009800913318706,-3.7002894909807513,1666303065,5972,1990,32,Male,Y,439,Grangemouth,Falkirk,FK3,"Stirling and Falkirk"
noon,55.45271654905721,-4.612679275835686,1666403816,5978,1949,73,Male,N,856,"Ayr (Centre)","South Ayrshire",KA7,Ayrshire
noon,56.24350124285889,-3.051298365753748,1666510841,5984,1962,60,Female,Y,1140,Leven,Fife,KY8,Fife
noon,57.1277730719215,-2.128597711392796,1666533249,5988,1974,48,Male,Y,126,"Bridge of Dee, Aberdeen",Aberdeen,"Aberdeen Southeast","North East (Aberdeen)"
noon,60.122570121278656,-1.2871204939490881,1666561709,5991,1983,39,Female,Y,1501,Scalloway,"Shetland Isles",ZE1,"Shetland Islands"
noon,55.678535755868786,-4.790279232138255,1666613530,5994,1979,43,Female,Y,813,Ardrossan,"North Ayrshire",KA22,Ayrshire
noon,55.04799987571492,-3.442760756260406,1666637674,3112,1989,33,Male,Y,186,"Dumfries (centre and east: Dalscone, Georgetown, Heathhall, Kingholm Quay, Noblehill, The Crichton)","Dumfries and Galloway",DG1,"Dumfries and Galloway"
noon,56.258028329787074,-3.9599217037223875,1666644146,5998,1997,25,Other,N,405,Dunblane,Stirlingshire,FK15,"Stirling and Falkirk"
noon,57.360325754544036,-2.2876206033130186,1666704189,6004,1956,66,Female,Y,67,Oldmeldrum,Aberdeenshire,AB51,"North East (Aberdeen)"
noon,56.184110547801,-3.077959187397325,1666722832,6007,1947,75,Female,N,1140,Leven,Fife,KY8,Fife
noon,56.07353626489855,-4.1108065652455075,1666725575,6009,1974,48,Female,N,464,"Stirling (south and east: Braehead, Borestone, Broomridge, Torbrex)",Stirlingshire,FK7,"Stirling and Falkirk"
noon,55.866987954712876,-3.3236014166106322,1666726782,6010,1947,75,Male,Y,313,"Colinton, Edinburgh",Edinburgh,"Edinburgh South","Lothian (Edinburgh)"
noon,55.68435292644096,-4.671394438922025,1667113819,6028,1969,53,Female,Y,815,Dalry,"North Ayrshire",KA24,Ayrshire
noon,55.7927911216178,-4.863939044548427,1667215146,6037,2005,17,Female,School,842,Largs,"North Ayrshire",KA30,Ayrshire
noon,55.859250961720555,-4.77278890806304,1667215718,6033,2006,16,Male,School,842,Largs,"North Ayrshire",KA30,Ayrshire
noon,55.87063778408216,-4.874710320325039,1667215952,6041,2005,17,Male,School,1233,Skelmorlie,"North Ayrshire",PA17,Ayrshire
noon,55.842986831233695,-4.852695785348644,1667216177,6040,2007,15,Male,School,1233,Skelmorlie,"North Ayrshire",PA17,Ayrshire
noon,56.154140957288185,-3.4157626005251474,1667223628,6045,1974,48,Female,Y,1121,Cowdenbeath,Fife,KY4,Fife
noon,59.13761791724656,-2.630804292603235,1667251837,6049,1997,25,Male,N,1025,"Orkney Islands",Orkney,KW17,"Orkney Islands"
noon,57.61722315595006,-2.8435037743145477,1667255649,6050,1977,45,Female,Y,90,Buckie,Moray,AB56,"North East (Aberdeen)"
noon,55.933100234242566,-3.2779615051901487,1667266653,6051,1996,26,Female,Y,290,"North Leith, Edinburgh",Edinburgh,"Edinburgh North","Lothian (Edinburgh)"
noon,55.178052291024365,-4.600149657985739,1667305982,6052,1974,48,Female,Y,223,Glenluce,"Dumfries and Galloway",DG8,"Dumfries and Galloway"
noon,57.71156319166873,-3.3149935112897606,1667314103,6053,1967,55,Female,N,738,Lossiemouth,Moray,IV31,"North East (Aberdeen)"
noon,57.09268756825163,-2.140879641789994,1667316978,6054,1954,68,Female,Y,1,Portlethen,Aberdeenshire,AB12,"North East (Aberdeen)"
noon,55.84785198335617,-4.395618050418733,1667317663,6055,1997,25,Male,Y,1220,"Paisley (central, east and north east: Ferguslie, Oldhall, Seedhill, Williamsburgh, Whitehaugh)",Renfrewshire,PA1,Glasgow
noon,57.701136435759715,-3.2636129281924777,1667332323,6060,1967,55,Female,Y,738,Lossiemouth,Moray,IV31,"North East (Aberdeen)"
noon,55.820997072060976,-3.946221485954557,1667402996,6062,1985,37,Male,Y,1151,Motherwell,"North Lanarkshire",ML1,Glasgow
noon,56.48518649873923,-3.009856483156232,1667599838,6072,1969,53,Male,N,242,"St Marys, Dundee",Dundee,"Dundee Central","Tayside and Angus (Dundee)"
noon,57.66265787522921,-2.7631690219009246,1667730188,6073,1967,55,Male,Y,90,Buckie,Moray,AB56,"North East (Aberdeen)"
noon,55.57742717875951,-4.4021500923191965,1668649251,6095,2000,22,Male,Y,779,"Kilmarnock (centre and south: Bonnyton, Grange, Bellfield, Shortlees, Caprington, Riccarton, Hurlford)","East Ayrshire",KA1,Ayrshire
noon,55.86807344346151,-4.083105377700732,1668700748,6099,1987,35,Male,Y,603,"Carntyne, Glasgow",Glasgow,"Glasgow Northeast",Glasgow
noon,55.79425220636684,-3.9639396304800476,1668901572,6105,1981,41,Male,Y,1151,Motherwell,"North Lanarkshire",ML1,Glasgow
noon,55.95782332320123,-3.254333701383911,1669033738,6111,1999,23,Female,Y,294,"Stockbridge, Edinburgh",Edinburgh,"Edinburgh North","Lothian (Edinburgh)"
noon,55.054103582946524,-3.77752048229625,1669159039,6120,1992,30,Female,Y,207,"Dumfries (west: Broomlands, Cargenbridge, Lochside, Maxwelltown, Troqueer)","Dumfries and Galloway",DG2,"Dumfries and Galloway"
noon,55.92060835154435,-4.334302769897401,1669988269,6128,1976,46,Male,Y,488,Bearsden,"East Dunbartonshire",G61,Glasgow
noon,55.54195564694205,-4.548015084102476,1670518946,6136,1995,27,Female,Y,779,"Kilmarnock (centre and south: Bonnyton, Grange, Bellfield, Shortlees, Caprington, Riccarton, Hurlford)","East Ayrshire",KA1,Ayrshire
noon,57.19895112015551,-2.229516827013413,1670687376,6139,1968,54,Male,N,119,Potterton,Aberdeenshire,"Aberdeen North","North East (Aberdeen)"
noon,55.75839343838584,-4.2574235890838,1671266333,6148,1961,61,Female,Y,530,"East Kilbride (north: The Village, East Mains, West Mains, Lymekilns, St Leonards, Calderwood, Nerston, Stewartfield, Peel Park)","South Lanarkshire",G74,Glasgow
noon,56.22713084959837,-3.1931262267229323,1671272730,6150,1979,43,Male,Y,1129,"Glenrothes (west: Caskieberran, Rimbleton, Macedonia, Tanshall)",Fife,KY6,Fife
noon,55.746385846501994,-4.148117896354802,1671796092,6154,1973,49,Male,N,534,"East Kilbride (south: Hairmyres, Westwood, The Murray, Murray East, Whitehills, Greenhill, Newlandsmuir, Gardenhall, Crosshouse, Newlands, Lindsayfield, Mossneuk)","South Lanarkshire",G75,Glasgow
noon,56.09639234683378,-4.271479913088265,1672006804,2536,1999,23,Female,Y,465,Aberfoyle,Stirlingshire,FK8,"Stirling and Falkirk"
noon,57.53274973350246,-2.7798833824776445,1672858369,2016,1997,25,Female,Y,83,Huntly,Aberdeenshire,AB54,"North East (Aberdeen)"
noon,55.9375561262674,-4.710210775765426,1673609178,6167,2000,23,Male,Y,1230,"Greenock (central and east: Bogston, Bridgend, Cartsdyke, Gibshill, Greenock Central, Ladyburn, Upper Ingleston)",Inverclyde,PA15,Glasgow
noon,55.94086865604155,-4.421412025078941,1673857055,6178,1977,46,Female,N,546,Clydebank,"West Dunbartonshire",G81,Glasgow
noon,55.88464794868783,-3.690826682171683,1674684399,6190,1967,56,Male,N,368,Bathgate,"West Lothian",EH48,"Lothian (Edinburgh)"
noon,55.75449907551768,-3.210431265049062,1675364379,6199,2000,23,Male,N,362,Peebles,"Scottish Borders",EH45,Borders
noon,55.80076958721785,-4.3137519233554364,1675367426,6198,2002,21,Female,Y,648,"Shawlands, Glasgow",Glasgow,"Glasgow South",Glasgow
noon,58.58564069258348,-3.6431908897188165,1675446892,6201,2003,20,Female,School,961,Thurso,Highland,KW14,"Highlands (Inverness)"
noon,55.937635544444326,-2.5621625560342696,1675454693,6203,2001,22,Other,Y,359,Dunbar,"East Lothian",EH42,"Lothian (Edinburgh)"
noon,55.96556795926433,-3.250040617675568,1675695181,6209,2009,14,Male,School,278,"Granton, Edinburgh",Edinburgh,"Edinburgh Clermiston Granton","Lothian (Edinburgh)"
noon,55.94437260950589,-3.251142385332568,1675695619,6206,2009,14,Male,School,297,"Blackhall, Edinburgh",Edinburgh,"Edinburgh North","Lothian (Edinburgh)"
noon,55.85224409928959,-3.0827126738156,1675695697,6217,2009,14,Male,School,328,Bonnyrigg,Midlothian,EH19,"Lothian (Edinburgh)"
noon,55.86006221559662,-4.374078981274792,1677057353,6247,1966,57,Female,N,664,"Toryglen, Glasgow",Glasgow,"Glasgow Southwest",Glasgow
noon,55.735681837448965,-3.1315262850347967,1677058416,6248,2003,20,Female,Y,338,Gorebridge,Midlothian,EH23,"Lothian (Edinburgh)"
noon,55.954824404171944,-3.804315303739792,1677369110,6257,1955,68,Male,Y,377,"Falkirk (centre and south: Arnothill, Bantaskin, Callendar Park, Glen Village, Hallglen, Lionthorn, Tamfourhill, Woodlands)",Falkirk,FK1,"Stirling and Falkirk"
noon,56.027656632362806,-3.3828274811691257,1677597791,6264,1970,53,Male,Y,1090,"Dunfermline (south and east: Halbeath, Touch, Duloch, Masterton, Pitcorthie, Abbeyview, Brucefield, Hospital Hill, Camdean, Pitreavie)",Fife,KY11,Fife
noon,56.09023793962106,-3.5083938045622265,1677598000,6265,2003,20,Female,Y,1096,"Dunfermline (centre, north, west: Abbey Parks, Lady's Mill, Garvock, Headwell, Kingseathill, Wellwood, Milesmark, Baldridge, Pittencrieff, Baldridgeburn)",Fife,KY12,Fife
noon,56.00478524197101,-2.8207772148946018,1677598756,6267,2002,21,Female,Y,348,Prestonpans,"East Lothian",EH32,"Lothian (Edinburgh)"
noon,55.501300521918644,-4.3255747542325995,1677636650,6291,2005,18,Other,Y,847,Sorn,"East Ayrshire",KA5,Ayrshire
noon,55.856349229238084,-4.3650759139297985,1677750370,6297,1968,55,Female,Y,678,"Cardonald, Glasgow",Glasgow,"Glasgow Southwest",Glasgow
noon,56.20263407626738,-2.77213500988508,1677968150,6310,2004,19,Female,Y,1083,Crail,Fife,KY10,Fife
noon,55.823735999603905,-4.316908148205097,1678028444,6312,2004,19,Female,Y,653,"Netherlee, Glasgow",Glasgow,"Glasgow South",Glasgow
noon,55.80407081769369,-3.8874294759487507,1678201786,6323,2005,18,Other,Y,1153,Newarthill,"North Lanarkshire",ML1,Glasgow
noon,55.92843815790372,-4.680594912624297,1678999738,6339,1977,46,Female,Y,1229,"Port Glasgow",Inverclyde,PA14,Glasgow
noon,55.52154601817072,-4.1425241163009385,1678999985,6340,1992,31,Female,Y,798,Cumnock,"East Ayrshire",KA18,Ayrshire
noon,56.1272845727039,-3.2707643816557224,1679003995,6342,1983,40,Female,Y,1128,Lochgelly,Fife,KY5,Fife
noon,55.89428794348006,-3.5311355267027333,1679041498,6344,1991,32,Female,Y,375,Livingston,"West Lothian",EH54,"Lothian (Edinburgh)"
noon,55.52662559225572,-4.329094525399576,1679044272,6347,2006,17,Male,School,845,Catrine,"East Ayrshire",KA5,Ayrshire
noon,55.48406922550844,-4.107202579409629,1679044273,6351,2006,17,Male,School,798,Cumnock,"East Ayrshire",KA18,Ayrshire
noon,55.5260628282562,-4.0240302043169365,1679044302,6353,2006,17,Male,School,802,"New Cumnock","East Ayrshire",KA18,Ayrshire
noon,55.530060277781885,-4.453980420270167,1679044614,6352,2006,17,Male,School,845,Catrine,"East Ayrshire",KA5,Ayrshire
noon,56.16176484703126,-3.1911016409558126,1679053864,6355,1994,29,Female,Y,1079,"Kirkcaldy (east: Linktown, Port Brae, Pathhead, Sinclairtown, Smeaton, Gallatown)",Fife,KY1,Fife
noon,55.818474173513636,-4.090625320121902,1679054922,6356,2010,13,Male,School,525,Uddingston,"South Lanarkshire",G71,Glasgow
noon,56.083813879883806,-3.230126339700678,1679055523,6358,1991,32,Male,N,1117,"Kirkcaldy (west: Hayfield, Templehall, Newliston, Chapel, Dunnikier, Bennochy)",Fife,KY2,Fife
noon,56.204158117634925,-3.186446760826859,1679056423,6365,2008,15,Male,School,1133,"Glenrothes (centre and east: Pitteuchar, Finglassie, Stenton, Auchmuty, Pitcoudie, Balfarg, Pircairn, Collydean)",Fife,KY7,Fife
noon,56.21402820228514,-3.164444685777485,1679056445,6366,2008,15,Male,School,1134,Markinch,Fife,KY7,Fife
noon,56.18292760886496,-3.1377030386315097,1679056460,6361,2008,15,Female,School,1132,"Coaltown of Balgonie",Fife,KY7,Fife
noon,56.19964494033932,-3.1764761042688496,1679056510,6368,2008,15,Female,School,1134,Markinch,Fife,KY7,Fife
noon,56.199926200484775,-3.1453900540040514,1679056600,6383,2008,15,Female,School,1133,"Glenrothes (centre and east: Pitteuchar, Finglassie, Stenton, Auchmuty, Pitcoudie, Balfarg, Pircairn, Collydean)",Fife,KY7,Fife
noon,56.20254290732591,-3.182177137515125,1679056654,6372,2008,15,Female,School,1134,Markinch,Fife,KY7,Fife
noon,56.23379726561868,-3.1205946829818685,1679056655,6373,2008,15,Female,School,1133,"Glenrothes (centre and east: Pitteuchar, Finglassie, Stenton, Auchmuty, Pitcoudie, Balfarg, Pircairn, Collydean)",Fife,KY7,Fife
noon,56.2146400414139,-3.167770545064039,1679056662,6360,2008,15,Female,School,1133,"Glenrothes (centre and east: Pitteuchar, Finglassie, Stenton, Auchmuty, Pitcoudie, Balfarg, Pircairn, Collydean)",Fife,KY7,Fife
noon,56.202951909240376,-3.1600213452241164,1679056854,6390,2009,14,Male,School,1133,"Glenrothes (centre and east: Pitteuchar, Finglassie, Stenton, Auchmuty, Pitcoudie, Balfarg, Pircairn, Collydean)",Fife,KY7,Fife
noon,56.20468407571711,-3.122789517049069,1679056907,6381,2008,15,Male,School,1133,"Glenrothes (centre and east: Pitteuchar, Finglassie, Stenton, Auchmuty, Pitcoudie, Balfarg, Pircairn, Collydean)",Fife,KY7,Fife
noon,56.18410170322288,-3.0976078204066755,1679056942,6377,2008,15,Male,School,1133,"Glenrothes (centre and east: Pitteuchar, Finglassie, Stenton, Auchmuty, Pitcoudie, Balfarg, Pircairn, Collydean)",Fife,KY7,Fife
noon,56.22193286370199,-3.169677414435569,1679056974,6395,2009,14,Male,School,1133,"Glenrothes (centre and east: Pitteuchar, Finglassie, Stenton, Auchmuty, Pitcoudie, Balfarg, Pircairn, Collydean)",Fife,KY7,Fife
noon,56.222363181580974,-3.166682247527523,1679057008,6397,2008,15,Male,School,1133,"Glenrothes (centre and east: Pitteuchar, Finglassie, Stenton, Auchmuty, Pitcoudie, Balfarg, Pircairn, Collydean)",Fife,KY7,Fife
noon,56.199125729167555,-3.1358241199262245,1679057055,6393,2008,15,Male,School,1133,"Glenrothes (centre and east: Pitteuchar, Finglassie, Stenton, Auchmuty, Pitcoudie, Balfarg, Pircairn, Collydean)",Fife,KY7,Fife
noon,54.930426208697824,-4.382393332958631,1679058447,6402,1995,28,Female,Y,225,"Newton Stewart","Dumfries and Galloway",DG8,"Dumfries and Galloway"
noon,55.88251754321423,-4.25235639967981,1679324497,6407,2000,23,Female,N,620,"Mount Vernon, Glasgow",Glasgow,"Glasgow Northeast",Glasgow
noon,55.96373129365977,-3.783999799196829,1679667805,6416,1997,26,Male,Y,377,"Falkirk (centre and south: Arnothill, Bantaskin, Callendar Park, Glen Village, Hallglen, Lionthorn, Tamfourhill, Woodlands)",Falkirk,FK1,"Stirling and Falkirk"
noon,55.80010661809207,-4.3145787165778575,1680009783,6425,2007,16,Male,School,645,Clarkston,"East Renfrewshire","Glasgow South",Glasgow
noon,55.015763297087254,-5.110818089633645,1680010005,6422,1982,41,Female,Y,231,Stranraer,"Dumfries and Galloway",DG9,"Dumfries and Galloway"
noon,54.915283252541066,-4.899122775351868,1680010309,6422,1982,41,Female,Y,231,Stranraer,"Dumfries and Galloway",DG9,"Dumfries and Galloway"
noon,55.413031847187305,-4.717377337760536,1681823759,6437,2000,23,Female,Y,856,"Ayr (Centre)","South Ayrshire",KA7,Ayrshire
noon,55.20675653807811,-3.407867299420169,1683012133,1633,1947,75,Male,Y,196,Lockerbie,"Dumfries and Galloway",DG11,"Dumfries and Galloway"
noon,55.83521611321671,-4.087776196886401,1683284064,6462,2008,15,Male,School,525,Uddingston,"South Lanarkshire",G71,Glasgow
noon,55.797442588774885,-4.640041423471861,1683630734,6468,2010,13,Other,School,1226,Lochwinnoch,Renfrewshire,PA12,Glasgow
noon,55.22530540006843,-4.439093089192865,1683811575,6476,1972,51,Female,Y,853,Dalrymple,"East Ayrshire",KA6,Ayrshire
noon,55.43188805051977,-4.6772611956335775,1683888997,6477,1965,58,Male,N,856,"Ayr (Centre)","South Ayrshire",KA7,Ayrshire
noon,55.59175250839029,-4.593268080064808,1683916481,6479,1962,61,Female,Y,809,Dundonald,"South Ayrshire",KA2,Ayrshire
noon,55.86531228867356,-4.20578215161206,1684508234,6487,1984,39,Male,N,616,"Calton, Glasgow",Glasgow,"Glasgow Northeast",Glasgow
noon,57.64432653228019,-2.834570616575121,1685097666,6492,2007,16,Female,School,90,Buckie,Moray,AB56,"North East (Aberdeen)"
noon,55.923285444217186,-4.473857246605859,1685823409,6496,1999,24,Female,Y,1292,Bishopton,Renfrewshire,PA7,Glasgow
noon,57.6815659561105,-3.3010914021757207,1686078822,6500,2010,13,Other,School,738,Lossiemouth,Moray,IV31,"North East (Aberdeen)"
noon,55.42868356615101,-4.707583958969068,1686291950,6503,1989,34,Male,Y,856,"Ayr (Centre)","South Ayrshire",KA7,Ayrshire
noon,55.86099668297279,-4.093914349019599,1686577234,6525,2006,17,Male,School,617,"Dalmarnock, Glasgow",Glasgow,"Glasgow Northeast",Glasgow
noon,55.82300680039548,-4.104828961853868,1686577262,6511,2006,17,Male,School,615,"Bridgeton, Glasgow",Glasgow,"Glasgow Northeast",Glasgow
noon,55.847127635125155,-4.118947190521146,1686577341,6514,2007,16,Male,School,627,"Dennistoun, Glasgow",Glasgow,"Glasgow Northeast",Glasgow
noon,55.86106957318072,-4.231466053630551,1686577374,6519,2007,16,Female,School,627,"Dennistoun, Glasgow",Glasgow,"Glasgow Northeast",Glasgow
noon,56.25238415634145,-3.3691120026134374,1686577428,6512,2008,15,Female,N,1100,Scotlandwell,"Perth and Kinross",KY13,Fife
noon,55.833335290892165,-4.119085176441893,1686913430,6543,2008,15,Female,School,615,"Bridgeton, Glasgow",Glasgow,"Glasgow Northeast",Glasgow
noon,55.902752306603816,-4.184337637571951,1686913630,6541,2006,17,Male,School,617,"Dalmarnock, Glasgow",Glasgow,"Glasgow Northeast",Glasgow
noon,55.85682887219003,-4.084152867627346,1686913687,6551,2008,15,Male,School,619,"Tollcross, Glasgow",Glasgow,"Glasgow Northeast",Glasgow
noon,55.87883975362303,-4.206450470479553,1686921453,6556,2007,16,Female,School,615,"Bridgeton, Glasgow",Glasgow,"Glasgow Northeast",Glasgow
noon,55.84057890289628,-4.112681795712281,1686921455,6557,2007,16,Female,School,626,"Haghill, Glasgow",Glasgow,"Glasgow Northeast",Glasgow
noon,55.830464322724524,-4.392932380567609,1690749234,6571,1995,28,Male,Y,1236,"Paisley (south: Blackhall, Castlehead, Dykebar, Foxbar, Hunterhill, Meikleriggs)",Renfrewshire,PA2,Glasgow
noon,56.46830045293372,-3.0211441217809467,1691097438,6572,1993,30,Male,N,237,"Blackness, Dundee",Dundee,"Dundee Central","Tayside and Angus (Dundee)"
noon,55.637053445445844,-4.371868058617854,1694507433,6576,2008,15,Other,School,843,Galston,"East Ayrshire",KA4,Ayrshire
noon,56.03202855629099,-2.8195202249137363,1694517352,6587,2000,23,Male,N,345,Gullane,"East Lothian",EH31,"Lothian (Edinburgh)"
noon,56.03366976912162,-2.8347586418500796,1694517371,6587,2000,23,Male,N,345,Gullane,"East Lothian",EH31,"Lothian (Edinburgh)"
noon,55.57911601095875,-4.390608162207341,1694526167,6576,2008,15,Other,School,843,Galston,"East Ayrshire",KA4,Ayrshire
noon,54.85978905852098,-4.621337049489813,1695037180,6597,2005,18,Male,School,227,Wigtown,"Dumfries and Galloway",DG8,"Dumfries and Galloway"
noon,55.85684592129265,-4.196526693563227,1695208281,6599,2010,13,Male,School,598,Rutherglen,"South Lanarkshire","Glasgow Northeast",Glasgow
noon,55.795723548389184,-4.108115723247775,1695208301,6601,2010,13,Female,School,529,Cambuslang,"South Lanarkshire",G72,Glasgow
noon,55.90625991404018,-4.181458360216734,1695208741,6608,2010,13,Female,School,598,Rutherglen,"South Lanarkshire","Glasgow Northeast",Glasgow
noon,55.85081380190649,-4.077113697363349,1695208866,6608,2010,13,Female,School,598,Rutherglen,"South Lanarkshire","Glasgow Northeast",Glasgow
noon,55.80046552923291,-4.1348927790829,1695208983,6615,2010,13,Female,School,529,Cambuslang,"South Lanarkshire",G72,Glasgow
noon,55.49908957075646,-4.554750843959995,1696836982,6625,2002,21,Male,Y,873,Prestwick,"South Ayrshire",KA9,Ayrshire
noon,55.932441970125936,-2.539097251188936,1697019010,6203,2001,22,Other,Y,359,Dunbar,"East Lothian",EH42,"Lothian (Edinburgh)"
noon,57.16458425374147,-2.1836208539394053,1697305520,6631,2001,22,Female,Y,107,"Rosemount, Aberdeen",Aberdeen,"Aberdeen Central","North East (Aberdeen)"
noon,55.90612161431464,-4.382152176587286,1697862614,6636,1991,32,Male,N,644,"Partick, Glasgow",Glasgow,"Glasgow Northwest",Glasgow
noon,56.067804045763204,-3.2291173958712696,1699908511,6641,2003,20,Other,Y,1119,Burntisland,Fife,KY3,Fife
noon,55.63692994610178,-4.653628279163,1702382360,6653,1963,60,Male,Y,788,Kilwinning,"North Ayrshire",KA13,Ayrshire
noon,56.49143571460363,-3.02925790766586,1702413010,6658,1993,30,Male,N,237,"Blackness, Dundee",Dundee,"Dundee Central","Tayside and Angus (Dundee)"
noon,55.869568343391514,-4.350802516483324,1702420971,6661,1992,31,Male,Y,672,"Govan, Glasgow",Glasgow,"Glasgow Southwest",Glasgow
noon,55.47195996935754,-4.618699294203487,1702425897,6663,1995,28,Male,Y,868,"Newton on Ayr","South Ayrshire",KA8,Ayrshire
noon,56.00778747809028,-3.6498456364879104,1702432833,6664,1989,34,Male,Y,370,Bo'ness,Falkirk,EH51,"Lothian (Edinburgh)"
noon,55.98860082773388,-3.6005149433921324,1702455896,6670,1992,31,Male,Y,369,Linlithgow,"West Lothian",EH49,"Lothian (Edinburgh)"
noon,55.10706332676835,-3.7073106615593727,1702456891,6671,1992,31,Male,Y,207,"Dumfries (west: Broomlands, Cargenbridge, Lochside, Maxwelltown, Troqueer)","Dumfries and Galloway",DG2,"Dumfries and Galloway"
noon,55.76783615829462,-3.830984454020564,1702463414,6678,1981,42,Male,Y,1180,Wishaw,"North Lanarkshire",ML2,Glasgow
noon,55.82035167051611,-4.005536721408725,1702466000,6682,1992,31,Male,Y,1186,Bellshill,"North Lanarkshire",ML4,Glasgow
noon,56.041367749238624,-3.8834429715933783,1702468558,6684,1995,28,Male,N,452,Denny,Falkirk,FK6,"Stirling and Falkirk"
noon,55.91535974953458,-4.639945495674792,1702472612,6688,1994,29,Male,N,1229,"Port Glasgow",Inverclyde,PA14,Glasgow
noon,55.931862706477354,-3.469499788212017,1702474394,6689,1995,28,Male,Y,371,Broxburn,"West Lothian",EH52,"Lothian (Edinburgh)"
noon,55.87268587101705,-4.266579026615934,1702609664,6697,1969,54,Male,Y,602,"Baillieston, Glasgow",Glasgow,"Glasgow Northeast",Glasgow
noon,55.93267569444712,-3.511661980990583,1702668872,6698,1975,48,Male,N,371,Broxburn,"West Lothian",EH52,"Lothian (Edinburgh)"
noon,55.832267071088616,-4.371178171477508,1703689702,6702,1957,66,Female,Y,672,"Govan, Glasgow",Glasgow,"Glasgow Southwest",Glasgow
noon,55.82829173481615,-4.479191043606781,1703799850,6703,1961,62,Male,Y,1276,Johnstone,Renfrewshire,PA5,Glasgow
noon,57.244543023221865,-2.173335168620983,1705494855,6720,1989,35,Female,N,125,Whiterashes,Aberdeenshire,"Aberdeen North","North East (Aberdeen)"
noon,55.624569738491374,-4.612705230230111,1705835749,6724,1963,61,Male,Y,785,"Irvine (east, south: Perceton, Lawthorn, Girdle Toll, Stanecastle, Bourtreehill, Broomlands, Dreghorn, Springside)","North Ayrshire",KA11,Ayrshire
noon,57.59287980997537,-2.9699141358633736,1706706397,6733,1998,26,Female,Y,88,Keith, Moray,AB55,"North East (Aberdeen)"
noon,55.85072836783022,-4.0858436979979,1707040202,6738,1969,55,Female,Y,634,"Maryhill, Glasgow",Glasgow,"Glasgow Northeast",Glasgow
noon,55.491448441242184,-4.45234611330158,1707061612,6739,1997,27,Female,Y,846,Mauchline,"East Ayrshire",KA5,Ayrshire
noon,55.89631919093644,-4.2091711129057945,1707161065,6738,1969,55,Female,Y,634,"Maryhill, Glasgow",Glasgow,"Glasgow Northeast",Glasgow
noon,56.276443304640026,-4.571277534051188,1707833473,6754,1997,27,Male,Y,465,Aberfoyle,Stirlingshire,FK8,"Stirling and Falkirk"
noon,55.8039222493398,-3.7623454212981744,1708171105,6759,1983,41,Female,N,366,Whitburn,"West Lothian",EH47,"Lothian (Edinburgh)"
noon,55.80117620602444,-4.7051678569333255,1708377411,6761,2002,22,Other,Y,817,Kilbirnie,"North Ayrshire",KA25,Ayrshire
noon,55.76563741792059,-4.002866753150927,1708446949,6782,2005,19,Female,Y,1183,Hamilton,"South Lanarkshire",ML3,Glasgow
noon,55.82002601972944,-4.2343894827768835,1708446972,6772,2005,19,Female,Y,652,"King's Park, Glasgow",Glasgow,"Glasgow South",Glasgow
noon,55.92923888630197,-3.61067145176093,1708449791,6786,2005,19,Female,Y,367,Armadale,"West Lothian",EH48,"Lothian (Edinburgh)"
noon,55.347401603188196,-4.036517690242599,1708457419,6800,2004,20,Female,Y,212,Kirkconnel,"Dumfries and Galloway",DG4,"Dumfries and Galloway"
noon,55.89079265248618,-4.2996961132317795,1708463195,6806,2004,20,Male,Y,612,"Easterhouse, Glasgow",Glasgow,"Glasgow Northeast",Glasgow
noon,55.80896180005183,-4.531435382173337,1708465781,6808,1984,40,Female,N,1308,Howwood,Renfrewshire,PA9,Glasgow
noon,55.85788525208471,-4.561127648905042,1708552503,6818,1962,62,Male,Y,1224,"Bridge of Weir",Renfrewshire,PA11,Glasgow
noon,55.820873673102646,-3.9216985037853487,1708590652,6819,1988,36,Male,Y,1151,Motherwell,"North Lanarkshire",ML1,Glasgow
noon,55.88512103445636,-3.9251621883690437,1708610485,6824,1977,47,Male,Y,1192,Airdrie,"North Lanarkshire",ML6,Glasgow
noon,55.85155922457641,-4.143998265135219,1709043965,6864,2005,19,Female,Y,615,"Bridgeton, Glasgow",Glasgow,"Glasgow Northeast",Glasgow
noon,55.7398540317437,-4.079452128820078,1709047697,6868,2005,19,Male,Y,1183,Hamilton,"South Lanarkshire",ML3,Glasgow
noon,56.46313967615508,-2.9693379941873976,1709156005,6876,1962,62,Male,Y,238,"Menzieshill, Dundee",Dundee,"Dundee Central","Tayside and Angus (Dundee)"
noon,55.82407560587611,-4.110125600095121,1709485360,6886,1959,65,Male,Y,634,"Maryhill, Glasgow",Glasgow,"Glasgow Northeast",Glasgow
noon,55.98257071210111,-3.1602188548604517,1710071284,6896,1984,40,Male,N,285,"Leith, Edinburgh",Edinburgh,"Edinburgh Leith","Lothian (Edinburgh)"
noon,55.946210483169786,-3.096964079744689,1710359840,6899,1968,56,Female,N,281,"Portobello, Edinburgh",Edinburgh,"Edinburgh Duddingston","Lothian (Edinburgh)"
noon,56.036800705206346,-2.832588114788905,1710750310,6901,2000,24,Male,N,345,Gullane,"East Lothian",EH31,"Lothian (Edinburgh)"
noon,55.91537892957284,-3.002512523860791,1710975979,6906,1963,61,Female,Y,330,Musselburgh,"East Lothian",EH21,"Lothian (Edinburgh)"
noon,55.801569728921066,-4.706033456899836,1713369249,6916,1952,72,Male,Y,817,Kilbirnie,"North Ayrshire",KA25,Ayrshire
noon,57.172341041586854,-2.17501736600006,1713371472,6919,1957,67,Male,Y,107,"Rosemount, Aberdeen",Aberdeen,"Aberdeen Central","North East (Aberdeen)"
noon,55.826010459795846,-4.426736880100179,1713374591,6920,1953,71,Female,Y,1236,"Paisley (south: Blackhall, Castlehead, Dykebar, Foxbar, Hunterhill, Meikleriggs)",Renfrewshire,PA2,Glasgow
noon,55.91359358261908,-4.364771773488772,1713380062,6921,1943,81,Male,Y,639,"Scotstoun, Glasgow",Glasgow,"Glasgow Northwest",Glasgow
noon,55.84422007307208,-4.0962752003083605,1713703586,6928,2004,20,Other,Y,598,Rutherglen,"South Lanarkshire","Glasgow Northeast",Glasgow
noon,55.87447698310437,-3.7947523351755272,1714158397,6934,2005,19,Female,Y,367,Armadale,"West Lothian",EH48,"Lothian (Edinburgh)"
noon,55.88141755100086,-3.6827164518415163,1714159109,6934,2005,19,Female,Y,367,Armadale,"West Lothian",EH48,"Lothian (Edinburgh)"
noon,55.87539761987342,-3.6412950530326262,1714161539,6934,2005,19,Female,Y,367,Armadale,"West Lothian",EH48,"Lothian (Edinburgh)"
noon,55.93429825714368,-3.663395806093639,1714165973,6934,2005,19,Female,Y,367,Armadale,"West Lothian",EH48,"Lothian (Edinburgh)"
noon,55.88437155041454,-3.82215097786639,1714167387,6934,2005,19,Female,Y,367,Armadale,"West Lothian",EH48,"Lothian (Edinburgh)"
noon,55.56509179275938,-4.324966598112308,1718786036,6576,2008,15,Other,School,843,Galston,"East Ayrshire",KA4,Ayrshire
noon,57.03941245859633,-2.1949447074545607,1718869702,6951,1986,38,Male,Y,48,Stonehaven,Aberdeenshire,AB39,"North East (Aberdeen)"
noon,56.72866792317515,-3.9277962836825204,1719430449,6955,1976,48,Female,Y,1329,Pitlochry,"Perth and Kinross",PH16,Fife
noon,57.53632223466904,-2.7735525360083373,1720902656,6956,1997,27,Female,Y,83,Huntly,Aberdeenshire,AB54,"North East (Aberdeen)"
noon,57.55901558375042,-2.780165495520223,1720902706,6956,1997,27,Female,Y,83,Huntly,Aberdeenshire,AB54,"North East (Aberdeen)"
noon,55.86500849361698,-4.301763393449521,1727127781,6987,1984,40,Male,N,591,"Hillhead, Glasgow",Glasgow,"Glasgow Kelvin",Glasgow
noon,57.67523614961911,-3.3232715083260858,1728554005,6995,1962,62,Female,N,737,Elgin,Moray,IV30,"North East (Aberdeen)"
noon,55.73884873536197,-4.104503508853647,1730369718,7000,1961,63,Female,Y,1183,Hamilton,"South Lanarkshire",ML3,Glasgow
noon,57.56670475687847,-2.86376544778751,1730410151,7009,1995,29,Male,Y,88,Keith, Moray,AB55,"North East (Aberdeen)"
noon,55.32957202847465,-4.399450104772263,1730445206,7021,1985,39,Other,Y,852,Dalmellington,"East Ayrshire",KA6,Ayrshire
noon,55.71157210370546,-2.489534894594875,1730464084,7034,1950,74,Male,N,1419,Greenlaw,"Scottish Borders",TD10,Borders
noon,55.814261426051516,-4.50126907444109,1730469610,7040,1959,65,Female,Y,1276,Johnstone,Renfrewshire,PA5,Glasgow
noon,55.91200952684153,-3.1610333071413015,1730490013,7033,1957,67,Male,N,325,"Niddrie, Edinburgh",Edinburgh,"Edinburgh Southeast","Lothian (Edinburgh)"
noon,57.388845317782916,-2.26474549424136,1730636769,7066,1978,46,Female,Y,64,Inverurie,Aberdeenshire,AB51,"North East (Aberdeen)"
noon,56.210002773944794,-3.011207032733446,1730724316,7071,1989,35,Male,Y,1140,Leven,Fife,KY8,Fife
noon,57.35505708928001,-3.197427707358384,1731072920,7086,1957,67,Female,Y,88,Keith, Moray,AB55,"North East (Aberdeen)"
noon,55.85788388302908,-3.699175754910625,1731168921,7089,1970,54,Male,N,366,Whitburn,"West Lothian",EH47,"Lothian (Edinburgh)"
noon,57.613364133685074,-2.9377756504452353,1731358220,7094,1967,57,Female,N,95,Portknockie,Moray,AB56,"North East (Aberdeen)"
noon,56.08387272655702,-3.9917135667391754,1731411131,7096,1997,27,Male,Y,464,"Stirling (south and east: Braehead, Borestone, Broomridge, Torbrex)",Stirlingshire,FK7,"Stirling and Falkirk"
noon,57.64672251916681,-3.0236555750346006,1731530380,7097,1982,42,Female,N,90,Buckie,Moray,AB56,"North East (Aberdeen)"
noon,57.62947756056288,-2.882208472480216,1731532223,7098,1959,65,Female,N,90,Buckie,Moray,AB56,"North East (Aberdeen)"
noon,57.62406063797428,-2.808305868727757,1731532866,7099,1983,41,Female,Y,90,Buckie,Moray,AB56,"North East (Aberdeen)"
noon,57.50057889113701,-2.4482739156577376,1731547225,7101,1952,72,Female,Y,78,Turriff,Aberdeenshire,AB53,"North East (Aberdeen)"
noon,57.648862747034286,-2.3324774476886216,1732652006,7120,1992,32,Female,Y,63,Whitehills,Aberdeenshire,AB45,"North East (Aberdeen)"
noon,56.15501780429981,-3.7881068591048375,1733686803,7127,1954,70,Male,Y,393,Alva,Clackmannanshire,FK12,"Stirling and Falkirk"
noon,55.93854717824304,-3.1209398365844216,1733691525,7132,1956,68,Male,Y,322,"Gilmerton, Edinburgh",Edinburgh,"Edinburgh Southeast","Lothian (Edinburgh)"
noon,56.36408662723223,-3.657735420906613,1733731491,7141,1965,59,Female,N,1402,Crieff,"Perth and Kinross",PH7,Fife
noon,56.44799810503588,-3.9721031530334456,1733731567,7141,1965,59,Female,N,1402,Crieff,"Perth and Kinross",PH7,Fife
noon,56.15475235253006,-3.4254289080327265,1733733237,7143,1965,59,Female,Y,1124,Kelty,Fife,KY4,Fife
noon,56.08129769795971,-3.34530422757854,1733751716,7145,1969,55,Female,Y,1121,Cowdenbeath,Fife,KY4,Fife
noon,57.16611632220914,-2.0828274656680317,1733821083,7156,1991,33,Female,Y,105,"Seaton, Aberdeen",Aberdeen,"Aberdeen Central","North East (Aberdeen)"
noon,55.98248601848039,-2.8137952579673495,1733825350,7157,1984,40,Male,N,348,Prestonpans,"East Lothian",EH32,"Lothian (Edinburgh)"
noon,57.67891168061935,-3.4521186849958343,1733931667,7166,1956,68,Male,Y,737,Elgin,Moray,IV30,"North East (Aberdeen)"
noon,56.092676271467084,-3.4645017998748187,1733933236,7167,1962,62,Female,Y,1096,"Dunfermline (centre, north, west: Abbey Parks, Lady's Mill, Garvock, Headwell, Kingseathill, Wellwood, Milesmark, Baldridge, Pittencrieff, Baldridgeburn)",Fife,KY12,Fife
noon,56.478958871636074,-2.959866639089356,1733945427,7168,1964,60,Male,N,253,"Pitkerro, Dundee",Dundee,"Dundee North","Tayside and Angus (Dundee)"
noon,56.39792047780122,-3.3143760745252244,1733983534,7174,1964,60,Female,Y,1351,Kintillo,"Perth and Kinross",PH2,Fife
noon,56.397663805223665,-3.4202180747722304,1733990090,7176,1971,53,Female,Y,1340,Dunning,"Perth and Kinross",PH2,Fife
noon,56.780302551210895,-3.318767966819125,1733990322,7177,1954,70,Female,Y,1321,Alyth,"Perth and Kinross",PH11,Fife
noon,56.202044275629895,-3.9167521778989,1734128579,7191,1962,62,Female,Y,405,Dunblane,Stirlingshire,FK15,"Stirling and Falkirk"
noon,56.74449883165489,-3.661476047509688,1734175385,7195,1963,61,Female,Y,1318,Blairgowrie,"Perth and Kinross",PH10,Fife
noon,58.753455656634245,-2.9114176158641585,1734216238,7198,1962,62,Female,Y,1025,"Orkney Islands",Orkney,KW17,"Orkney Islands"
noon,56.06399703714767,-4.077414599268332,1734293722,7201,1963,61,Female,Y,464,"Stirling (south and east: Braehead, Borestone, Broomridge, Torbrex)",Stirlingshire,FK7,"Stirling and Falkirk"
noon,55.94658213726662,-3.950217243368378,1734297953,7203,1970,54,Female,Y,514,"Cumbernauld (south: Condorrat, Lenziemill, Carbrain, Kildrum, Cumbernauld Village, Abronhill, Seafar)","North Lanarkshire",G67,Glasgow
noon,56.23244918245493,-3.573096165061116,1734479562,7206,1958,66,Other,Y,1100,Scotlandwell,"Perth and Kinross",KY13,Fife
noon,55.86511893568901,-3.4903087124718155,1736876892,7246,1997,28,Other,Y,375,Livingston,"West Lothian",EH54,"Lothian (Edinburgh)"
noon,55.88946614349739,-3.174359812097927,1737495531,7267,1989,36,Female,Y,329,Loanhead,Midlothian,EH20,"Lothian (Edinburgh)"
noon,57.72987509224335,-4.212367651243734,1739450669,7290,2010,15,Female,School,708,Invergordon,Highland,IV18,"Highlands (Inverness)"
noon,57.7040842892994,-4.1780574840528155,1739450704,7288,2010,15,Female,School,708,Invergordon,Highland,IV18,"Highlands (Inverness)"
noon,57.69809418675294,-4.180848364527883,1739450771,7288,2010,15,Female,School,708,Invergordon,Highland,IV18,"Highlands (Inverness)"
noon,57.7620424043324,-4.087875258001109,1739450805,7317,2010,15,Male,School,708,Invergordon,Highland,IV18,"Highlands (Inverness)"
noon,57.71117768277269,-4.2152549713404275,1739450849,7290,2010,15,Female,School,708,Invergordon,Highland,IV18,"Highlands (Inverness)"
noon,57.76116232114014,-4.204810789019634,1739450932,7290,2010,15,Female,School,708,Invergordon,Highland,IV18,"Highlands (Inverness)"
noon,57.75978211151456,-4.237577110981154,1739524279,7296,2011,14,Male,N,708,Invergordon,Highland,IV18,"Highlands (Inverness)"
noon,57.77609676468565,-4.232196440845318,1741173464,7334,2009,16,Male,School,708,Invergordon,Highland,IV18,"Highlands (Inverness)"
noon,55.795364033652504,-4.408663160057246,1741457456,7346,2003,22,Female,Y,540,Barrhead,"East Renfrewshire",G78,Glasgow
noon,55.527998725277506,-5.638180319335545,1744471604,7359,1976,49,Female,Y,1246,Campbeltown,"Argyll and Bute",PA28,"Argyll and Bute"
noon,55.88042961164313,-3.829259377369747,1744803752,7363,2004,21,Female,Y,1192,Airdrie,"North Lanarkshire",ML6,Glasgow
noon,55.81695794462891,-4.499533484034097,1752043258,7385,1966,59,Male,Y,1275,Elderslie,Renfrewshire,PA5,Glasgow
noon,56.20492082576452,-3.013357638873998,1754700075,7390,1951,74,Female,Y,1142,Methil,Fife,KY8,Fife
noon,56.100938247845846,-4.965824737960949,1759492282,7404,1987,38,Male,Y,1241,Dunoon,"Argyll and Bute",PA23,"Argyll and Bute"
noon,55.86330042290469,-4.278322876144783,1759669456,7405,1997,28,Female,Y,587,"Jordanhill, Glasgow",Glasgow,"Glasgow Kelvin",Glasgow
noon,58.922913750233484,-2.812132022933337,1760125558,7408,2001,24,Male,Y,1025,"Orkney Islands",Orkney,KW17,"Orkney Islands"
noon,55.95685302988178,-3.3767081461275223,1760978755,7413,1958,67,Female,Y,301,"Kirkliston, Edinburgh",Edinburgh,"Edinburgh Northwest","Lothian (Edinburgh)"
noon,56.37351966858102,-3.021038790485529,1761127458,7417,1994,31,Other,Y,1105,Cupar,Fife,KY15,Fife
noon,57.60184407292266,-3.57698030019644,1761775131,7421,1996,29,Male,Y,740,Forres,Moray,IV36,"North East (Aberdeen)"
noon,57.54551727143736,-3.633098004445518,1761824893,7422,1996,29,Male,Y,740,Forres,Moray,IV36,"North East (Aberdeen)"
noon,55.467107658482526,-2.7432168195933326,1763655320,7426,1946,79,Male,N,1493,Hawick,"Scottish Borders",TD9,Borders
noon,55.97048073696452,-3.1441193902504296,1763845999,7431,1962,63,Male,N,284,"Restalrig, Edinburgh",Edinburgh,"Edinburgh Leith","Lothian (Edinburgh)"
noon,56.05142210388751,-3.9223710149904427,1764846097,7437,1985,40,Female,Y,452,Denny,Falkirk,FK6,"Stirling and Falkirk"
noon,56.02538192748071,-3.890593710124306,1764946166,7439,1965,60,Female,N,452,Denny,Falkirk,FK6,"Stirling and Falkirk"
noon,60.19938312383768,-1.2396798830163314,1765285588,7441,1975,50,Female,Y,1623,Walls,"Shetland Isles",ZE2,"Shetland Islands"
noon,56.17883292329398,-3.300419761968527,1767490212,7451,2007,19,Female,Y,1126,Cardenden,Fife,KY5,Fife
noon,56.13408841051797,-3.2113091738148833,1768832847,7472,1975,51,Female,Y,1117,"Kirkcaldy (west: Hayfield, Templehall, Newliston, Chapel, Dunnikier, Bennochy)",Fife,KY2,Fife
noon,55.68914085361426,-4.571937700679387,1769268708,7476,2006,20,Female,Y,837,"Kilmarnock (north: Onthank, Townholm, Altonhill, Longpark, Beansburn, New Farm Loch, Knockinlaw, Hillhead, Crookedholm)","East Ayrshire",KA3,Ayrshire
noon,55.99755647297019,-2.5110646444259803,1769369208,7482,1949,77,Male,N,359,Dunbar,"East Lothian",EH42,"Lothian (Edinburgh)"
