answer,lat,lng,submitted,pid,born,age,gender,uni,lid,location,county,area,region
wreath,57.252204005858005,-2.0402825657266144,1653839972,8,1986,36,Female,Y,117,Balmedie,Aberdeenshire,"Aberdeen North","North East (Aberdeen)"
wreath,55.87704933467098,-2.7852068020049723,1653853875,32,1955,67,Female,Y,357,Haddington,"East Lothian",EH41,"Lothian (Edinburgh)"
wreath,56.5977688773644,-3.0050003707208233,1653854486,33,1966,56,Female,Y,179,Forfar,Angus,DD8,"Tayside and Angus (Dundee)"
wreath,57.23490844251187,-2.230004846890585,1653855780,35,1959,63,Male,N,113,"Bridge of Don, Aberdeen",Aberdeen,"Aberdeen North","North East (Aberdeen)"
wreath,57.43677320050744,-2.572197408500397,1653863864,64,1982,40,Female,Y,87,Glass,Aberdeenshire,AB54,"North East (Aberdeen)"
wreath,55.949499834144724,-3.0424196369734866,1653863930,60,1978,44,Other,N,348,Prestonpans,"East Lothian",EH32,"Lothian (Edinburgh)"
wreath,57.169034002088985,-3.291860630151282,1653893667,84,1975,47,Female,N,40,Strathdon,Aberdeenshire,AB36,"North East (Aberdeen)"
wreath,57.14854796208149,-2.106389106308443,1653896542,56,1963,59,Male,N,104,"Tillydrone, Aberdeen",Aberdeen,"Aberdeen Central","North East (Aberdeen)"
wreath,57.517697224563214,-2.477455676807432,1653897596,87,1960,62,Female,Y,78,Turriff,Aberdeenshire,AB53,"North East (Aberdeen)"
wreath,55.24598792927,-4.39724208636286,1653898961,91,2003,19,Female,Y,852,Dalmellington,"East Ayrshire",KA6,Ayrshire
wreath,56.47684464228928,-3.0261203928204914,1653903440,102,1969,53,Female,N,236,"Lochee, Dundee",Dundee,"Dundee Central","Tayside and Angus (Dundee)"
wreath,57.17018519247629,-2.163008074290012,1653909636,113,1989,33,Male,N,101,"Sheddocksley, Aberdeen",Aberdeen,"Aberdeen Central","North East (Aberdeen)"
wreath,55.96292359352428,-3.1903729051122798,1653915304,118,1988,34,Female,N,299,"Broughton, Edinburgh",Edinburgh,"Edinburgh North","Lothian (Edinburgh)"
wreath,57.7681412144287,-4.077807167364647,1653929110,131,1976,46,Female,Y,711,Tain,Highland,IV19,"Highlands (Inverness)"
wreath,56.893633490574786,-2.9527407040757176,1653939311,146,1971,51,Female,N,182,Brechin,Angus,DD9,"Tayside and Angus (Dundee)"
wreath,55.83292243354038,-4.134496834135707,1654108001,169,1961,61,Female,Y,609,"Garthamlock, Glasgow",Glasgow,"Glasgow Northeast",Glasgow
wreath,0,0,1654514131,65,1986,36,Female,Y,264,"Slateford, Edinburgh",Edinburgh,"Edinburgh Central","Lothian (Edinburgh)"
wreath,0,0,1654608857,65,1986,36,Female,Y,264,"Slateford, Edinburgh",Edinburgh,"Edinburgh Central","Lothian (Edinburgh)"
wreath,0,0,1654768554,65,1986,36,Female,Y,264,"Slateford, Edinburgh",Edinburgh,"Edinburgh Central","Lothian (Edinburgh)"
wreath,0,0,1654768993,65,1986,36,Female,Y,264,"Slateford, Edinburgh",Edinburgh,"Edinburgh Central","Lothian (Edinburgh)"
wreath,57.635527538484055,-2.7620429542483556,1655112162,190,2005,17,Female,School,63,Whitehills,Aberdeenshire,AB45,"North East (Aberdeen)"
wreath,57.66713855317265,-2.5053104958799555,1655112179,192,2005,17,Female,School,58,Macduff,Aberdeenshire,AB44,"North East (Aberdeen)"
wreath,57.59881258495361,-2.6915135491953244,1655112207,195,2005,17,Female,School,59,Banff,Aberdeenshire,AB45,"North East (Aberdeen)"
wreath,57.58758488304224,-2.7190668147549633,1655112207,194,2005,17,Female,School,59,Banff,Aberdeenshire,AB45,"North East (Aberdeen)"
wreath,57.68057549998028,-2.306583388638286,1655112227,202,2006,16,Male,School,59,Banff,Aberdeenshire,AB45,"North East (Aberdeen)"
wreath,57.68953704718696,-2.3149010225557176,1655112234,196,2005,17,Female,School,60,Cornhill,Aberdeenshire,AB45,"North East (Aberdeen)"
wreath,57.65065054987102,-2.545490942844297,1655112254,201,2006,16,Male,N,59,Banff,Aberdeenshire,AB45,"North East (Aberdeen)"
wreath,57.667536854219264,-2.490951751311512,1655112264,204,2007,15,Male,School,58,Macduff,Aberdeenshire,AB44,"North East (Aberdeen)"
wreath,57.663835828092104,-2.324785178776082,1655112336,198,2006,16,Female,School,60,Cornhill,Aberdeenshire,AB45,"North East (Aberdeen)"
wreath,57.65329019481943,-2.6516552455129383,1655112411,195,2005,17,Female,School,59,Banff,Aberdeenshire,AB45,"North East (Aberdeen)"
wreath,57.67032309919375,-2.6605182571648682,1655112748,205,2008,14,Male,N,59,Banff,Aberdeenshire,AB45,"North East (Aberdeen)"
wreath,57.65943767142553,-2.911453735119241,1655212842,219,2006,16,Male,N,90,Buckie,Moray,AB56,"North East (Aberdeen)"
wreath,57.666322348696916,-2.7866289396773123,1655212874,216,2006,16,Female,School,90,Buckie,Moray,AB56,"North East (Aberdeen)"
wreath,57.61783569956647,-2.9038420640691767,1655212904,218,2006,16,Male,School,90,Buckie,Moray,AB56,"North East (Aberdeen)"
wreath,57.61177243798397,-2.8651995017094998,1655212981,223,2006,16,Male,N,94,Portgordon,Moray,AB56,"North East (Aberdeen)"
wreath,57.665991304002404,-2.8391307114263107,1655213001,226,2006,16,Male,School,90,Buckie,Moray,AB56,"North East (Aberdeen)"
wreath,57.687966925086485,-2.798747211046145,1655213012,227,2007,15,Male,School,91,Cullen,Moray,AB56,"North East (Aberdeen)"
wreath,57.65838033459758,-2.1143068459252907,1655213134,222,2006,16,Female,School,56,Crimond,Aberdeenshire,AB43,"North East (Aberdeen)"
wreath,57.65014958086007,-2.8646662440796247,1655213174,231,2006,16,Female,School,90,Buckie,Moray,AB56,"North East (Aberdeen)"
wreath,55.85535669136801,-4.102770007082411,1655220207,214,1999,23,Female,Y,634,"Maryhill, Glasgow",Glasgow,"Glasgow Northeast",Glasgow
wreath,57.616039049222934,-2.8740739445731687,1655291262,239,2008,14,Female,School,90,Buckie,Moray,AB56,"North East (Aberdeen)"
wreath,57.649830893812755,-2.9289707041793913,1655291573,255,2008,14,Male,School,90,Buckie,Moray,AB56,"North East (Aberdeen)"
wreath,57.638188709907965,-2.9550063760964913,1655291597,236,2008,14,Male,School,90,Buckie,Moray,AB56,"North East (Aberdeen)"
wreath,57.684368344454285,-2.8968008061436654,1655291606,246,2008,14,Male,School,90,Buckie,Moray,AB56,"North East (Aberdeen)"
wreath,57.69995264405345,-2.8848409710687384,1655291612,245,2008,14,Female,School,95,Portknockie,Moray,AB56,"North East (Aberdeen)"
wreath,57.647238883934946,-2.9508765109271877,1655291627,247,2008,14,Female,School,95,Portknockie,Moray,AB56,"North East (Aberdeen)"
wreath,57.63035285538305,-2.885939042733348,1655291631,237,2009,13,Female,School,90,Buckie,Moray,AB56,"North East (Aberdeen)"
wreath,57.66637950564133,-2.922887810394653,1655291643,252,2007,15,Other,N,90,Buckie,Moray,AB56,"North East (Aberdeen)"
wreath,57.66541452386842,-2.8544184905590093,1655293741,270,2006,16,Male,N,90,Buckie,Moray,AB56,"North East (Aberdeen)"
wreath,57.63291837235955,-3.006700858964886,1655293949,260,2005,17,Male,School,90,Buckie,Moray,AB56,"North East (Aberdeen)"
wreath,57.695140357457355,-2.9032241974742123,1655299633,283,2006,16,Male,School,90,Buckie,Moray,AB56,"North East (Aberdeen)"
wreath,57.663704008761904,-2.942095966980992,1655299842,292,2006,16,Male,School,90,Buckie,Moray,AB56,"North East (Aberdeen)"
wreath,57.645753447446246,-2.0094188257272925,1655299871,289,2006,16,Female,School,57,Fraserburgh,Aberdeenshire,AB43,"North East (Aberdeen)"
wreath,57.62114547828381,-2.7982058268114938,1655299880,291,2006,16,Male,School,90,Buckie,Moray,AB56,"North East (Aberdeen)"
wreath,57.66447172469011,-2.985964553919305,1655299903,296,2006,16,Female,School,90,Buckie,Moray,AB56,"North East (Aberdeen)"
wreath,57.67547549149513,-2.900460789501091,1655299929,286,2006,16,Male,School,90,Buckie,Moray,AB56,"North East (Aberdeen)"
wreath,57.66890125662329,-2.915164862993688,1655300168,284,2006,16,Male,School,90,Buckie,Moray,AB56,"North East (Aberdeen)"
wreath,57.61468933890828,-2.8323019125675497,1655300193,279,2006,16,Female,School,90,Buckie,Moray,AB56,"North East (Aberdeen)"
wreath,57.64843400456639,-2.7025249710057153,1655300205,298,2006,16,Male,School,62,Portsoy,Aberdeenshire,AB45,"North East (Aberdeen)"
wreath,57.6701670319892,-2.903832938400988,1655300263,295,2006,16,Female,School,90,Buckie,Moray,AB56,"North East (Aberdeen)"
wreath,57.62317268465092,-2.943489902790469,1655300281,293,2006,16,Male,School,90,Buckie,Moray,AB56,"North East (Aberdeen)"
wreath,57.66146556387972,-2.9985631473908607,1655300591,280,2006,16,Female,School,90,Buckie,Moray,AB56,"North East (Aberdeen)"
wreath,0,0,1655822451,65,1986,36,Female,Y,264,"Slateford, Edinburgh",Edinburgh,"Edinburgh Central","Lothian (Edinburgh)"
wreath,0,0,1655979521,65,1986,36,Female,Y,264,"Slateford, Edinburgh",Edinburgh,"Edinburgh Central","Lothian (Edinburgh)"
wreath,0,0,1655993838,65,1986,36,Female,Y,264,"Slateford, Edinburgh",Edinburgh,"Edinburgh Central","Lothian (Edinburgh)"
wreath,60.14468233971527,-1.3629728368572354,1663062270,331,1985,37,Male,Y,1501,Scalloway,"Shetland Isles",ZE1,"Shetland Islands"
wreath,60.30660584563982,-1.2483743949277386,1663158289,334,2008,14,Male,School,1621,Vidlin,"Shetland Isles",ZE2,"Shetland Islands"
wreath,60.200941543353096,-1.1970891879971046,1663158408,343,2008,14,Female,School,1622,Voe,"Shetland Isles",ZE2,"Shetland Islands"
wreath,60.14560386701686,-2.09929987197891,1663158599,340,2008,14,Female,School,1561,Hillswick,"Shetland Isles",ZE2,"Shetland Islands"
wreath,60.27527126056658,-1.47696584373413,1663159014,344,2008,14,Female,School,1521,Busta,"Shetland Isles",ZE2,"Shetland Islands"
wreath,60.486212021332506,-1.5196167684501254,1663159675,348,2008,14,Female,School,1512,Brae,"Shetland Isles",ZE2,"Shetland Islands"
wreath,60.14382450117273,-1.2743665155130683,1663161090,351,2008,14,Male,School,1500,Lerwick,"Shetland Isles",ZE1,"Shetland Islands"
wreath,60.18963298222299,-1.4976292317229354,1663161120,353,2008,14,Female,School,1582,Mossbank,"Shetland Isles",ZE2,"Shetland Islands"
wreath,60.27556531831052,-1.1758164034264782,1663161267,359,2008,14,Female,School,1512,Brae,"Shetland Isles",ZE2,"Shetland Islands"
wreath,60.36858431530055,-1.0999756894618276,1663161274,355,2008,14,Female,N,1584,"North Roe","Shetland Isles",ZE2,"Shetland Islands"
wreath,59.91733693665593,-1.330272605441598,1663161306,354,2008,14,Female,School,1582,Mossbank,"Shetland Isles",ZE2,"Shetland Islands"
wreath,60.65530855956082,-1.1553642006440321,1663161318,358,2008,14,Female,School,1561,Hillswick,"Shetland Isles",ZE2,"Shetland Islands"
wreath,60.13193556763068,-1.2454427395935377,1663161328,361,2008,14,Female,N,1607,Sullom,"Shetland Isles",ZE2,"Shetland Islands"
wreath,60.30492310537127,-1.182867133524618,1663161451,362,2008,14,Male,School,1621,Vidlin,"Shetland Isles",ZE2,"Shetland Islands"
wreath,59.917295885509134,-1.3341763203701236,1663161722,364,2008,14,Other,School,1582,Mossbank,"Shetland Isles",ZE2,"Shetland Islands"
wreath,60.062552250682664,-1.2904380473959844,1663161771,354,2008,14,Female,School,1582,Mossbank,"Shetland Isles",ZE2,"Shetland Islands"
wreath,60.57144385000514,-0.8668570704533956,1663161853,350,2008,14,Male,Y,1622,Voe,"Shetland Isles",ZE2,"Shetland Islands"
wreath,55.90287749487091,-4.354344116728693,1663165708,367,1988,34,Female,N,641,"Knightswood, Glasgow",Glasgow,"Glasgow Northwest",Glasgow
wreath,55.56866532298687,-4.457801533997451,1663166971,368,1980,42,Female,N,779,"Kilmarnock (centre and south: Bonnyton, Grange, Bellfield, Shortlees, Caprington, Riccarton, Hurlford)","East Ayrshire",KA1,Ayrshire
wreath,56.229124564780285,-3.258583399195015,1663172428,369,1967,55,Male,Y,1129,"Glenrothes (west: Caskieberran, Rimbleton, Macedonia, Tanshall)",Fife,KY6,Fife
wreath,55.84618365576136,-4.25180495125502,1663173369,370,1971,51,Female,Y,675,"Penilee, Glasgow",Glasgow,"Glasgow Southwest",Glasgow
wreath,55.960284033757326,-3.2790082739962565,1663175988,376,1976,46,Male,Y,279,"Clermiston and Drumbrae, Edinburgh",Edinburgh,"Edinburgh Clermiston Granton","Lothian (Edinburgh)"
wreath,55.971286745627715,-3.822882417791122,1663176531,377,1972,50,Female,Y,377,"Falkirk (centre and south: Arnothill, Bantaskin, Callendar Park, Glen Village, Hallglen, Lionthorn, Tamfourhill, Woodlands)",Falkirk,FK1,"Stirling and Falkirk"
wreath,55.9609288544804,-3.170183437595776,1663177502,382,1993,29,Female,Y,287,"Corstorphine, Edinburgh",Edinburgh,"Edinburgh North","Lothian (Edinburgh)"
wreath,55.876303285414686,-4.298851982247816,1663178070,383,1982,40,Female,Y,587,"Jordanhill, Glasgow",Glasgow,"Glasgow Kelvin",Glasgow
wreath,55.8317217233971,-4.263946195192042,1663178315,384,1971,51,Female,N,673,"Drumoyne, Glasgow",Glasgow,"Glasgow Southwest",Glasgow
wreath,57.65085555222809,-7.324243369724064,1663178691,386,1988,34,Female,Y,693,"Isle of North Uist","Western Isles",HS6,"Western Isles"
wreath,55.91309648721367,-4.294590460287422,1663179698,392,1996,26,Female,Y,488,Bearsden,"East Dunbartonshire",G61,Glasgow
wreath,55.84540709779121,-4.274658944440967,1663180706,395,1993,29,Female,Y,678,"Cardonald, Glasgow",Glasgow,"Glasgow Southwest",Glasgow
wreath,56.67955196621876,-3.033976213555926,1663184395,404,1990,32,Female,Y,179,Forfar,Angus,DD8,"Tayside and Angus (Dundee)"
wreath,55.8415644861205,-4.350603439632369,1663188779,385,1958,64,Female,Y,678,"Cardonald, Glasgow",Glasgow,"Glasgow Southwest",Glasgow
wreath,55.86952230846419,-4.098871692175648,1663219120,411,1969,53,Female,Y,608,"Riddrie, Glasgow",Glasgow,"Glasgow Northeast",Glasgow
wreath,55.82649854171729,-4.230839656518906,1663225840,413,1991,31,Female,Y,675,"Penilee, Glasgow",Glasgow,"Glasgow Southwest",Glasgow
wreath,59.87744481205824,-1.3022379691982795,1663231790,414,1992,30,Other,Y,1638,Virkie,"Shetland Isles",ZE3,"Shetland Islands"
wreath,55.89979482352129,-3.208293749871103,1663232084,415,1987,35,Male,Y,319,"Blackford, Edinburgh",Edinburgh,"Edinburgh South","Lothian (Edinburgh)"
wreath,57.56863065511504,-4.460617310210803,1663233464,416,1986,36,Male,Y,774,"Conon Bridge",Highland,IV7,"Highlands (Inverness)"
wreath,56.21254000960236,-3.117681298247975,1663234383,418,1990,32,Male,Y,1133,"Glenrothes (centre and east: Pitteuchar, Finglassie, Stenton, Auchmuty, Pitcoudie, Balfarg, Pircairn, Collydean)",Fife,KY7,Fife
wreath,56.01220182471626,-3.817256151389703,1663239873,421,1992,30,Female,Y,425,Polmont, Falkirk,FK2,"Stirling and Falkirk"
wreath,57.66394891650064,-2.8494074189394327,1663247112,422,1979,43,Male,N,95,Portknockie,Moray,AB56,"North East (Aberdeen)"
wreath,56.204723656289275,-3.114992752226552,1663259147,427,1990,32,Male,Y,1133,"Glenrothes (centre and east: Pitteuchar, Finglassie, Stenton, Auchmuty, Pitcoudie, Balfarg, Pircairn, Collydean)",Fife,KY7,Fife
wreath,55.824349546625264,-4.220564731032324,1663663210,432,1986,36,Male,N,651,"Cathcart, Glasgow",Glasgow,"Glasgow South",Glasgow
wreath,55.83461066564391,-4.315328328485783,1663688664,432,1986,36,Male,N,651,"Cathcart, Glasgow",Glasgow,"Glasgow South",Glasgow
wreath,57.69134800262075,-2.79056147320917,1663770571,435,1964,58,Female,Y,90,Buckie,Moray,AB56,"North East (Aberdeen)"
wreath,55.81507714037889,-4.399163255495389,1663845073,436,1984,38,Male,Y,540,Barrhead,"East Renfrewshire",G78,Glasgow
wreath,56.20956165343602,-3.2545568824780133,1663861236,369,1967,55,Male,Y,1129,"Glenrothes (west: Caskieberran, Rimbleton, Macedonia, Tanshall)",Fife,KY6,Fife
wreath,55.413095847330226,-4.2073110872026165,1663961169,437,1977,45,Female,N,798,Cumnock,"East Ayrshire",KA18,Ayrshire
wreath,56.460067837357236,-2.999241602640224,1664363914,443,1993,29,Male,Y,261,"Westend, Dundee",Dundee,"Dundee West","Tayside and Angus (Dundee)"
wreath,56.334777100872735,-4.714783770668079,1664387935,444,1989,33,Female,Y,557,Alexandria,"West Dunbartonshire",G83,"Argyll and Bute"
wreath,54.980515726236646,-4.463370568675197,1664647042,447,1952,70,Female,Y,225,"Newton Stewart","Dumfries and Galloway",DG8,"Dumfries and Galloway"
wreath,55.84237440866324,-4.31473836699263,1664775111,449,1957,65,Male,N,678,"Cardonald, Glasgow",Glasgow,"Glasgow Southwest",Glasgow
wreath,57.627621120360324,-3.3139877714427395,1664777165,451,1965,57,Female,Y,737,Elgin,Moray,IV30,"North East (Aberdeen)"
wreath,57.694781156988554,-4.388136561304747,1664777168,453,1989,33,Male,N,706,Evanton,Highland,IV16,"Highlands (Inverness)"
wreath,55.80836672661105,-4.259625084903688,1664777813,454,1955,67,Male,Y,648,"Shawlands, Glasgow",Glasgow,"Glasgow South",Glasgow
wreath,57.651508257820645,-2.9826766100863957,1664785379,455,1948,74,Male,Y,90,Buckie,Moray,AB56,"North East (Aberdeen)"
wreath,55.84857604768412,-4.253579291234618,1664788699,457,1953,69,Male,Y,677,"Hillington, Glasgow",Glasgow,"Glasgow Southwest",Glasgow
wreath,55.97630015057906,-3.1814014304827793,1664788709,459,1965,57,Female,N,288,"Murrayfield, Edinburgh",Edinburgh,"Edinburgh North","Lothian (Edinburgh)"
wreath,55.94099783287879,-3.272254503236208,1664788912,459,1965,57,Female,N,288,"Murrayfield, Edinburgh",Edinburgh,"Edinburgh North","Lothian (Edinburgh)"
wreath,56.5642314498572,-4.3899840390119715,1664789475,466,1971,51,Male,Y,1327,Aberfeldy,"Perth and Kinross",PH15,Fife
wreath,55.85607122603759,-3.3731411918358756,1664789675,468,1975,47,Female,Y,311,"Currie, Edinburgh",Edinburgh,"Edinburgh South","Lothian (Edinburgh)"
wreath,56.153823665344746,-3.3932464462427148,1664789726,469,1965,57,Male,Y,1121,Cowdenbeath,Fife,KY4,Fife
wreath,56.198614925960364,-4.547843284191786,1664790601,470,1995,27,Female,Y,470,Kippen,Stirlingshire,FK8,"Stirling and Falkirk"
wreath,59.29655204970665,-2.945189649935929,1664792432,477,1966,56,Female,Y,1025,"Orkney Islands",Orkney,KW17,"Orkney Islands"
wreath,56.472957500598966,-3.0432881816080912,1664792517,479,1957,65,Male,N,238,"Menzieshill, Dundee",Dundee,"Dundee Central","Tayside and Angus (Dundee)"
wreath,55.84897515888475,-4.307444791325479,1664793252,489,1945,77,Female,Y,648,"Shawlands, Glasgow",Glasgow,"Glasgow South",Glasgow
wreath,60.15388235537675,-1.210594025449238,1664793723,465,1990,32,Male,Y,1501,Scalloway,"Shetland Isles",ZE1,"Shetland Islands"
wreath,55.80642092859106,-4.443733139436741,1664793738,486,1955,67,Female,N,1236,"Paisley (south: Blackhall, Castlehead, Dykebar, Foxbar, Hunterhill, Meikleriggs)",Renfrewshire,PA2,Glasgow
wreath,55.74874103124946,-4.008779120899527,1664794360,495,1955,67,Male,Y,1183,Hamilton,"South Lanarkshire",ML3,Glasgow
wreath,56.4779645892928,-3.021296892645812,1664794922,502,1960,62,Male,N,243,"Hilltown, Dundee",Dundee,"Dundee Central","Tayside and Angus (Dundee)"
wreath,56.472424578654476,-2.9659201778284503,1664795020,504,1964,58,Female,N,236,"Lochee, Dundee",Dundee,"Dundee Central","Tayside and Angus (Dundee)"
wreath,55.94704272123629,-4.5276498881518545,1664795261,505,1992,30,Other,Y,548,Cardross,"Argyll and Bute",G82,Glasgow
wreath,55.6469165114934,-4.796687089111823,1664795331,506,1981,41,Female,Y,812,Saltcoats,"East Ayrshire",KA21,Ayrshire
wreath,55.83153841590833,-4.30751058844656,1664796177,512,1941,81,Female,N,656,"Croftfoot, Glasgow",Glasgow,"Glasgow South",Glasgow
wreath,55.81092856562397,-4.338736365801538,1664796339,481,1955,67,Female,Y,678,"Cardonald, Glasgow",Glasgow,"Glasgow Southwest",Glasgow
wreath,55.7913817433358,-4.306864279552768,1664796542,512,1941,81,Female,N,656,"Croftfoot, Glasgow",Glasgow,"Glasgow South",Glasgow
wreath,57.38036133626257,-1.9616670682785822,1664797198,519,1999,23,Male,Y,49,Ellon,Aberdeenshire,AB41,"North East (Aberdeen)"
wreath,55.484244458320205,-3.059451983679126,1664797248,501,1949,73,Male,Y,1479,Selkirk,"Scottish Borders",TD7,Borders
wreath,55.91884366604262,-4.295002044681654,1664797576,524,1986,36,Female,Y,480,"Summerston, Glasgow",Glasgow,G23,Glasgow
wreath,55.87596235438526,-4.3479651849932575,1664797976,528,1965,57,Female,N,641,"Knightswood, Glasgow",Glasgow,"Glasgow Northwest",Glasgow
wreath,55.95933693178673,-3.1780197228926066,1664798529,529,1995,27,Female,Y,287,"Corstorphine, Edinburgh",Edinburgh,"Edinburgh North","Lothian (Edinburgh)"
wreath,60.16703364041733,-1.4744319252303146,1664798724,531,1966,56,Female,Y,1581,"Mid Yell","Shetland Isles",ZE2,"Shetland Islands"
wreath,56.49575153700358,-2.9655022585627244,1664798769,517,1976,46,Male,Y,251,"Kirkton, Dundee",Dundee,"Dundee North","Tayside and Angus (Dundee)"
wreath,55.63276357537143,-4.637573226334887,1664798786,533,2002,20,Male,Y,785,"Irvine (east, south: Perceton, Lawthorn, Girdle Toll, Stanecastle, Bourtreehill, Broomlands, Dreghorn, Springside)","North Ayrshire",KA11,Ayrshire
wreath,55.90988128305738,-4.56799377119611,1664799250,534,1952,70,Male,Y,1229,"Port Glasgow",Inverclyde,PA14,Glasgow
wreath,55.82691744488545,-4.255728047058019,1664799772,536,1956,66,Female,Y,647,"Pollokshields, Glasgow",Glasgow,"Glasgow South",Glasgow
wreath,56.65493123627217,-3.046092193652375,1664800220,541,1973,49,Female,N,181,Kirriemuir,Angus,DD8,"Tayside and Angus (Dundee)"
wreath,55.829689047665475,-4.0150784548617375,1664800361,538,1964,58,Female,Y,1186,Bellshill,"North Lanarkshire",ML4,Glasgow
wreath,56.072752588028855,-3.8664314983930934,1664801225,547,1996,26,Male,Y,464,"Stirling (south and east: Braehead, Borestone, Broomridge, Torbrex)",Stirlingshire,FK7,"Stirling and Falkirk"
wreath,55.93234185472415,-3.241059042631836,1664801363,514,1973,49,Female,Y,308,"Liberton, Edinburgh",Edinburgh,"Edinburgh South","Lothian (Edinburgh)"
wreath,56.109636329346294,-3.693943619314794,1664801465,545,1971,51,Female,Y,390,Kincardine,Fife,FK10,"Stirling and Falkirk"
wreath,56.729629407037464,-2.779476476691309,1664801615,550,1980,42,Female,Y,182,Brechin,Angus,DD9,"Tayside and Angus (Dundee)"
wreath,56.67327156887357,-3.098051662787342,1664802124,555,1970,52,Male,N,180,Glamis,Angus,DD8,"Tayside and Angus (Dundee)"
wreath,56.17907277594998,-3.2021366329702867,1664802231,556,1975,47,Female,Y,1130,Leslie,Fife,KY6,Fife
wreath,57.808643023644,-3.9398803605172112,1664802819,557,1958,64,Male,Y,717,"Hill of Fearn",Highland,IV20,"Highlands (Inverness)"
wreath,56.64175363174508,-2.6398735729750378,1664802884,560,1968,54,Female,N,141,Arbroath,Angus,DD11,"Tayside and Angus (Dundee)"
wreath,55.846801102075005,-4.435445676536571,1664802993,561,1971,51,Female,N,1220,"Paisley (central, east and north east: Ferguslie, Oldhall, Seedhill, Williamsburgh, Whitehaugh)",Renfrewshire,PA1,Glasgow
wreath,56.46986849096162,-3.024584691373253,1664803258,562,1952,70,Female,N,236,"Lochee, Dundee",Dundee,"Dundee Central","Tayside and Angus (Dundee)"
wreath,55.936824987488556,-3.2956128775997926,1664804161,109,1954,68,Female,N,299,"Broughton, Edinburgh",Edinburgh,"Edinburgh North","Lothian (Edinburgh)"
wreath,60.18158740732695,-1.4863222608838549,1664805171,576,1953,69,Male,N,1622,Voe,"Shetland Isles",ZE2,"Shetland Islands"
wreath,55.95342665288114,-3.200910668706039,1664805281,577,1951,71,Female,Y,299,"Broughton, Edinburgh",Edinburgh,"Edinburgh North","Lothian (Edinburgh)"
wreath,56.23564507435777,-3.0098743799801895,1664805296,579,1959,63,Female,Y,1140,Leven,Fife,KY8,Fife
wreath,56.076712401100444,-3.389039367450399,1664805486,581,1996,26,Male,Y,1094,Rosyth,Fife,KY11,Fife
wreath,55.94521974833497,-3.242016074327205,1664805746,109,1954,68,Female,N,299,"Broughton, Edinburgh",Edinburgh,"Edinburgh North","Lothian (Edinburgh)"
wreath,55.0385089990371,-3.5691128543258754,1664805820,587,1959,63,Female,Y,186,"Dumfries (centre and east: Dalscone, Georgetown, Heathhall, Kingholm Quay, Noblehill, The Crichton)","Dumfries and Galloway",DG1,"Dumfries and Galloway"
wreath,56.53360889368096,-3.5786293179640865,1664806106,589,1963,59,Female,Y,1313,"Perth (north and west: Burghmuir, Cherrybank, Hillyland, Inveralmond, Lethom, Muirton, North Muirton, Tulloch)","Perth and Kinross",PH1,Fife
wreath,55.41516691940144,-4.68278863477843,1664806303,592,1959,63,Female,Y,856,"Ayr (Centre)","South Ayrshire",KA7,Ayrshire
wreath,57.4793820608919,-2.544752976370032,1664806337,586,1968,54,Male,Y,78,Turriff,Aberdeenshire,AB53,"North East (Aberdeen)"
wreath,55.65497856054907,-2.7758843192582163,1664806676,591,1961,61,Female,Y,1415,Stow,"Scottish Borders",TD1,Borders
wreath,55.94640774085361,-4.8039141709518836,1664806707,590,1995,27,Female,Y,1235,Gourock,Inverclyde,PA19,Glasgow
wreath,55.95170438604186,-4.245417298672126,1664806724,569,1970,52,Female,Y,502,Bishopbriggs,"East Dunbartonshire",G64,Glasgow
wreath,55.44725206815389,-4.613193922544909,1664806943,592,1959,63,Female,Y,856,"Ayr (Centre)","South Ayrshire",KA7,Ayrshire
wreath,56.12052647915863,-3.197240888593521,1664807058,596,1956,66,Female,Y,1117,"Kirkcaldy (west: Hayfield, Templehall, Newliston, Chapel, Dunnikier, Bennochy)",Fife,KY2,Fife
wreath,58.97818373643263,-3.038502230577434,1664807136,595,1984,38,Female,N,967,Kirkwall,Orkney,KW15,"Orkney Islands"
wreath,56.22847716771333,-5.172792261686634,1664807400,597,1970,52,Male,Y,1255,Inveraray,"Argyll and Bute",PA32,"Argyll and Bute"
wreath,57.09517380608577,-2.295336986755676,1664807411,600,1963,59,Male,Y,128,"Mannofield, Aberdeen",Aberdeen,"Aberdeen Southwest","North East (Aberdeen)"
wreath,56.66510356589665,-2.992387715756926,1664807640,598,1962,60,Female,N,181,Kirriemuir,Angus,DD8,"Tayside and Angus (Dundee)"
wreath,55.76188386958142,-3.9048446550214413,1664808876,604,1953,69,Female,N,1180,Wishaw,"North Lanarkshire",ML2,Glasgow
wreath,55.76035880113303,-3.8923147799641993,1664808981,604,1953,69,Female,N,1180,Wishaw,"North Lanarkshire",ML2,Glasgow
wreath,55.95885917482278,-4.425111486932413,1664809197,605,1975,47,Female,Y,546,Clydebank,"West Dunbartonshire",G81,Glasgow
wreath,56.482437708106154,-2.9828323065325213,1664809256,610,1956,66,Female,Y,234,"Baxter Park, Dundee",Dundee,"Dundee Bluebelt","Tayside and Angus (Dundee)"
wreath,55.62011916236492,-4.033379288247424,1664809381,609,1968,54,Male,Y,1160,Strathaven,"North Lanarkshire",ML10,Glasgow
wreath,56.74526569608448,-2.9616235040240118,1664809465,608,1975,47,Male,Y,181,Kirriemuir,Angus,DD8,"Tayside and Angus (Dundee)"
wreath,57.672904926343946,-3.3567849785187116,1664809914,612,1966,56,Female,N,737,Elgin,Moray,IV30,"North East (Aberdeen)"
wreath,56.7551191649136,-3.012989744499513,1664810202,614,1954,68,Male,Y,181,Kirriemuir,Angus,DD8,"Tayside and Angus (Dundee)"
wreath,55.92167376120452,-3.055533053040261,1664810504,616,1952,70,Female,Y,333,"Newcraighall, Edinburgh",Edinburgh,EH21,"Lothian (Edinburgh)"
wreath,58.52655068922291,-3.176859433239638,1664811370,622,1982,40,Female,Y,899,Wick,Highland,KW1,"Highlands (Inverness)"
wreath,56.64753022743179,-2.9842717909542475,1664811537,623,1960,62,Male,Y,181,Kirriemuir,Angus,DD8,"Tayside and Angus (Dundee)"
wreath,56.00874317304482,-3.5746574987977553,1664811657,624,1981,41,Other,Y,370,Bo'ness,Falkirk,EH51,"Lothian (Edinburgh)"
wreath,55.7193529227277,-4.181177358839601,1664811960,626,1984,38,Male,Y,534,"East Kilbride (south: Hairmyres, Westwood, The Murray, Murray East, Whitehills, Greenhill, Newlandsmuir, Gardenhall, Crosshouse, Newlands, Lindsayfield, Mossneuk)","South Lanarkshire",G75,Glasgow
wreath,55.943700375961264,-3.2203875339512993,1664813024,633,1955,67,Male,Y,271,"Abbeyhill, Edinburgh",Edinburgh,"Edinburgh Central","Lothian (Edinburgh)"
wreath,56.29650288943144,-2.7604520178622085,1664813148,629,1993,29,Male,Y,1114,"St Andrews",Fife,KY16,Fife
wreath,55.860942786596596,-4.2300846506145104,1664813435,637,1989,33,Male,N,623,"Shettleston, Glasgow",Glasgow,"Glasgow Northeast",Glasgow
wreath,55.920577058296644,-4.350793641161361,1664813694,638,1965,57,Female,Y,488,Bearsden,"East Dunbartonshire",G61,Glasgow
wreath,56.031521612403324,-5.781037836733843,1664814005,642,1981,41,Female,Y,1280,"Isle of Jura, Inner Hebrides","Argyll and Bute",PA60,"Argyll and Bute"
wreath,55.855276976245754,-4.073409174343099,1664814034,641,1956,66,Male,Y,1189,Coatbridge,"North Lanarkshire",ML5,Glasgow
wreath,55.76843907010156,-4.620655652350908,1664814194,643,1975,47,Male,Y,1226,Lochwinnoch,Renfrewshire,PA12,Glasgow
wreath,55.80987390150601,-4.2027265160313805,1664814410,647,1998,24,Male,Y,571,"Castlemilk, Glasgow",Glasgow,"Glasgow Castlemilk",Glasgow
wreath,54.861877872763564,-4.911717688996215,1664815348,651,1980,42,Female,N,231,Stranraer,"Dumfries and Galloway",DG9,"Dumfries and Galloway"
wreath,55.94531772682141,-3.1696038962277604,1664815420,650,1993,29,Male,Y,281,"Portobello, Edinburgh",Edinburgh,"Edinburgh Duddingston","Lothian (Edinburgh)"
wreath,58.94352235274639,-2.867031833491996,1664815599,649,1960,62,Male,N,1025,"Orkney Islands",Orkney,KW17,"Orkney Islands"
wreath,60.05535864525957,-1.2435355764170741,1664815653,652,1968,54,Male,Y,1623,Walls,"Shetland Isles",ZE2,"Shetland Islands"
wreath,54.82635487681359,-5.00795133781453,1664816105,654,1997,25,Male,N,231,Stranraer,"Dumfries and Galloway",DG9,"Dumfries and Galloway"
wreath,55.75403369472247,-4.1906129515518815,1664816308,655,1986,36,Female,Y,534,"East Kilbride (south: Hairmyres, Westwood, The Murray, Murray East, Whitehills, Greenhill, Newlandsmuir, Gardenhall, Crosshouse, Newlands, Lindsayfield, Mossneuk)","South Lanarkshire",G75,Glasgow
wreath,55.717648287828275,-4.152492005278524,1664816780,661,1983,39,Female,Y,534,"East Kilbride (south: Hairmyres, Westwood, The Murray, Murray East, Whitehills, Greenhill, Newlandsmuir, Gardenhall, Crosshouse, Newlands, Lindsayfield, Mossneuk)","South Lanarkshire",G75,Glasgow
wreath,55.89616971000342,-4.354502084895127,1664816988,639,1984,38,Female,Y,644,"Partick, Glasgow",Glasgow,"Glasgow Northwest",Glasgow
wreath,60.018515627746616,-1.2674277089018346,1664817018,660,1982,40,Female,N,1543,Girlsta,"Shetland Isles",ZE2,"Shetland Islands"
wreath,55.95420798453906,-3.21832787241802,1664817029,663,1982,40,Female,Y,287,"Corstorphine, Edinburgh",Edinburgh,"Edinburgh North","Lothian (Edinburgh)"
wreath,55.894500739554275,-3.4955348044562946,1664817114,665,1969,53,Male,N,375,Livingston,"West Lothian",EH54,"Lothian (Edinburgh)"
wreath,55.862872200516385,-4.037669397685009,1664817147,664,1980,42,Female,N,1189,Coatbridge,"North Lanarkshire",ML5,Glasgow
wreath,55.862872200516385,-4.037669397685009,1664817149,664,1980,42,Female,N,1189,Coatbridge,"North Lanarkshire",ML5,Glasgow
wreath,57.32377094887181,-2.6639382498976776,1664817246,662,2003,19,Female,Y,68,Auchleven,Aberdeenshire,AB52,"North East (Aberdeen)"
wreath,56.00052508913817,-4.247166446136578,1664817866,631,1953,69,Female,N,508,Lennoxtown,"East Dunbartonshire",G66,Glasgow
wreath,55.70619392534235,-4.182459890056824,1664818440,673,1956,66,Female,Y,534,"East Kilbride (south: Hairmyres, Westwood, The Murray, Murray East, Whitehills, Greenhill, Newlandsmuir, Gardenhall, Crosshouse, Newlands, Lindsayfield, Mossneuk)","South Lanarkshire",G75,Glasgow
wreath,56.32407246272183,-4.7041631015940935,1664818877,676,1994,28,Female,Y,553,Arrochar,"Argyll and Bute",G83,"Argyll and Bute"
wreath,55.8087163642212,-4.474533087496885,1664819114,680,2004,18,Female,Y,1236,"Paisley (south: Blackhall, Castlehead, Dykebar, Foxbar, Hunterhill, Meikleriggs)",Renfrewshire,PA2,Glasgow
wreath,55.83885299691144,-4.3147177987058,1664819915,681,2002,20,Other,Y,645,Clarkston,"East Renfrewshire","Glasgow South",Glasgow
wreath,56.480980801631844,-2.9161343412418756,1664819947,686,1963,59,Female,N,256,"Whitfield, Dundee",Dundee,"Dundee North","Tayside and Angus (Dundee)"
wreath,60.00911679935612,-1.2672345848817623,1664820048,684,1981,41,Female,N,1596,Scousburgh,"Shetland Isles",ZE2,"Shetland Islands"
wreath,55.81211838768575,-4.4591179516070225,1664820176,680,2004,18,Female,Y,1236,"Paisley (south: Blackhall, Castlehead, Dykebar, Foxbar, Hunterhill, Meikleriggs)",Renfrewshire,PA2,Glasgow
wreath,55.10525153926872,-3.5313181167145196,1664820628,688,1969,53,Female,Y,186,"Dumfries (centre and east: Dalscone, Georgetown, Heathhall, Kingholm Quay, Noblehill, The Crichton)","Dumfries and Galloway",DG1,"Dumfries and Galloway"
wreath,59.21284179457301,-2.6671699542992986,1664820682,689,1963,59,Female,N,1025,"Orkney Islands",Orkney,KW17,"Orkney Islands"
wreath,55.84008117481148,-4.066993188599948,1664820749,690,1965,57,Male,Y,523,Bothwell,"South Lanarkshire",G71,Glasgow
wreath,55.075380116214255,-3.548444328671472,1664820807,688,1969,53,Female,Y,186,"Dumfries (centre and east: Dalscone, Georgetown, Heathhall, Kingholm Quay, Noblehill, The Crichton)","Dumfries and Galloway",DG1,"Dumfries and Galloway"
wreath,57.15342644631317,-2.9296282458190275,1664820980,693,2001,21,Female,School,33,Aboyne,Aberdeenshire,AB34,"North East (Aberdeen)"
wreath,55.044771237043,-3.494872787636119,1664821195,697,1985,37,Male,Y,186,"Dumfries (centre and east: Dalscone, Georgetown, Heathhall, Kingholm Quay, Noblehill, The Crichton)","Dumfries and Galloway",DG1,"Dumfries and Galloway"
wreath,56.05611463909855,-4.53001766948349,1664821337,698,1953,69,Female,Y,557,Alexandria,"West Dunbartonshire",G83,"Argyll and Bute"
wreath,55.77236223010507,-4.247731102006948,1664821641,699,2002,20,Male,N,530,"East Kilbride (north: The Village, East Mains, West Mains, Lymekilns, St Leonards, Calderwood, Nerston, Stewartfield, Peel Park)","South Lanarkshire",G74,Glasgow
wreath,55.87084181432659,-4.015871312845684,1664821702,702,1996,26,Male,Y,1189,Coatbridge,"North Lanarkshire",ML5,Glasgow
wreath,55.82965707543006,-4.396014749429246,1664821939,701,1981,41,Female,Y,1236,"Paisley (south: Blackhall, Castlehead, Dykebar, Foxbar, Hunterhill, Meikleriggs)",Renfrewshire,PA2,Glasgow
wreath,55.818849908910906,-4.336503223703268,1664821943,708,1958,64,Female,Y,658,"Giffnock, Glasgow",Glasgow,"Glasgow South",Glasgow
wreath,56.489460242652704,-2.7912335751209163,1664822059,709,1994,28,Female,Y,248,"Barnhill, Dundee",Dundee,"Dundee East","Tayside and Angus (Dundee)"
wreath,56.29746075074078,-2.6443125499836766,1664822590,711,1960,62,Female,Y,1113,Kingsbarns,Fife,KY16,Fife
wreath,56.4910855956774,-3.040905453501015,1664823365,712,1956,66,Female,Y,239,"Charleston, Dundee",Dundee,"Dundee Central","Tayside and Angus (Dundee)"
wreath,55.034278956754136,-3.484370569136235,1664823617,683,1986,36,Male,Y,186,"Dumfries (centre and east: Dalscone, Georgetown, Heathhall, Kingholm Quay, Noblehill, The Crichton)","Dumfries and Galloway",DG1,"Dumfries and Galloway"
wreath,57.425173934117666,-3.5963199659515728,1664823902,719,1977,45,Female,Y,1371,Grantown-On-Spey,Highland,PH26,"Highlands (Inverness)"
wreath,57.38039251150836,-4.257808974904101,1664824613,723,2004,18,Female,Y,714,"Inverness (east: Culcabock, Crown, Culduthel, Drummond, Haugh, Hilton, Holm, Lochardil, Millburn, Raigmore)",Highland,IV2,"Highlands (Inverness)"
wreath,56.70371562258772,-3.117422726121643,1664824727,724,1974,48,Female,Y,181,Kirriemuir,Angus,DD8,"Tayside and Angus (Dundee)"
wreath,55.90427790288634,-3.3549030477732176,1664825900,730,1999,23,Female,Y,314,"Morningside, Edinburgh",Edinburgh,"Edinburgh South","Lothian (Edinburgh)"
wreath,55.8857528116678,-4.3188229890886225,1664826578,732,1958,64,Female,Y,585,"Kelvindale, Glasgow",Glasgow,"Glasgow Kelvin",Glasgow
wreath,55.950317997705696,-3.6507174101579145,1664826961,473,1992,30,Female,School,369,Linlithgow,"West Lothian",EH49,"Lothian (Edinburgh)"
wreath,60.152961743732874,-1.2996128668199824,1664827363,735,1982,40,Female,Y,1500,Lerwick,"Shetland Isles",ZE1,"Shetland Islands"
wreath,56.370410512300666,-3.090898224125004,1664827808,739,1961,61,Female,Y,1105,Cupar,Fife,KY15,Fife
wreath,55.745742211082074,-4.084909398814528,1664828067,737,1994,28,Male,Y,1183,Hamilton,"South Lanarkshire",ML3,Glasgow
wreath,58.81609965660423,-3.1950384934239473,1664828830,742,1977,45,Female,Y,982,Stromness,Orkney,KW16,"Orkney Islands"
wreath,55.879091841972674,-4.361484865864897,1664829252,744,1980,42,Male,Y,638,"Drumchapel, Glasgow",Glasgow,"Glasgow Northwest",Glasgow
wreath,55.83766020556849,-4.026905671151135,1664829370,749,1975,47,Female,Y,1189,Coatbridge,"North Lanarkshire",ML5,Glasgow
wreath,56.61159956219195,-2.519489034541879,1664829635,750,1997,25,Female,Y,141,Arbroath,Angus,DD11,"Tayside and Angus (Dundee)"
wreath,55.942207475271175,-4.400652985445761,1664829849,752,1980,42,Male,Y,546,Clydebank,"West Dunbartonshire",G81,Glasgow
wreath,56.646213444376464,-3.0848211255973506,1664830383,751,1998,24,Female,Y,179,Forfar,Angus,DD8,"Tayside and Angus (Dundee)"
wreath,55.916773642179436,-4.356904694970922,1664830606,756,1998,24,Male,Y,638,"Drumchapel, Glasgow",Glasgow,"Glasgow Northwest",Glasgow
wreath,56.60753853934994,-2.9287793789081,1664830625,753,1955,67,Male,N,181,Kirriemuir,Angus,DD8,"Tayside and Angus (Dundee)"
wreath,55.91916515825677,-4.202361630598694,1664830874,757,1976,46,Female,Y,502,Bishopbriggs,"East Dunbartonshire",G64,Glasgow
wreath,55.73052346339927,-4.4004018028805225,1664830973,761,1985,37,Female,Y,539,"Newton Mearns","East Renfrewshire",G77,Glasgow
wreath,59.320867661926265,-3.021444686856211,1664831457,755,1958,64,Female,Y,1025,"Orkney Islands",Orkney,KW17,"Orkney Islands"
wreath,57.500128968658565,-2.9431130686561477,1664831707,762,1945,77,Male,Y,88,Keith, Moray,AB55,"North East (Aberdeen)"
wreath,57.240421740333986,-2.236095373996842,1664831881,763,1986,36,Female,Y,117,Balmedie,Aberdeenshire,"Aberdeen North","North East (Aberdeen)"
wreath,56.0892734477985,-4.093081595665203,1664832163,765,1984,38,Female,Y,464,"Stirling (south and east: Braehead, Borestone, Broomridge, Torbrex)",Stirlingshire,FK7,"Stirling and Falkirk"
wreath,56.10160752067609,-4.7852060866094295,1664832265,766,1964,58,Male,Y,566,Helensburgh,"Argyll and Bute",G84,"Argyll and Bute"
wreath,56.68373453111832,-3.0347095137144597,1664832935,771,1981,41,Male,Y,179,Forfar,Angus,DD8,"Tayside and Angus (Dundee)"
wreath,56.67472570662154,-2.732622597449235,1664833089,771,1981,41,Male,Y,179,Forfar,Angus,DD8,"Tayside and Angus (Dundee)"
wreath,56.7691989870497,-3.1415567072900097,1664833208,771,1981,41,Male,Y,179,Forfar,Angus,DD8,"Tayside and Angus (Dundee)"
wreath,57.5482233926813,-2.708117418994984,1664833240,772,1973,49,Male,Y,86,Rhynie,Aberdeenshire,AB54,"North East (Aberdeen)"
wreath,57.21522057572698,-5.870395804782543,1664833880,774,1966,56,Female,Y,759,"Broadford, Isle of Skye",Highland,IV49,"Highlands (Inverness)"
wreath,55.829725710520954,-4.479403713530334,1664834101,778,1952,70,Female,Y,1276,Johnstone,Renfrewshire,PA5,Glasgow
wreath,55.73118296420362,-4.074098973597,1664834574,779,2003,19,Female,Y,1183,Hamilton,"South Lanarkshire",ML3,Glasgow
wreath,55.88037879218677,-4.350676558954042,1664834753,780,1987,35,Female,Y,641,"Knightswood, Glasgow",Glasgow,"Glasgow Northwest",Glasgow
wreath,55.56688687062194,-4.546017509332939,1664835423,782,1988,34,Male,Y,779,"Kilmarnock (centre and south: Bonnyton, Grange, Bellfield, Shortlees, Caprington, Riccarton, Hurlford)","East Ayrshire",KA1,Ayrshire
wreath,55.906282439724826,-3.290558729947221,1664835578,730,1999,23,Female,Y,314,"Morningside, Edinburgh",Edinburgh,"Edinburgh South","Lothian (Edinburgh)"
wreath,60.09970432115758,-1.309134159093526,1664837191,783,1952,70,Female,Y,1500,Lerwick,"Shetland Isles",ZE1,"Shetland Islands"
wreath,56.87681492137839,-5.2176065056865975,1664839054,786,1967,55,Female,Y,1377,"Fort William",Highland,PH33,"Highlands (Inverness)"
wreath,55.83260870616482,-4.355468515612832,1664839869,789,1971,51,Male,Y,672,"Govan, Glasgow",Glasgow,"Glasgow Southwest",Glasgow
wreath,55.84463279714708,-4.3330915737435385,1664840015,789,1971,51,Male,Y,672,"Govan, Glasgow",Glasgow,"Glasgow Southwest",Glasgow
wreath,56.141043614442935,-3.809060093377054,1664845073,796,1957,65,Female,N,391,Alloa,Clackmannanshire,FK10,"Stirling and Falkirk"
wreath,55.87096863734482,-3.19223709489899,1664847805,797,1980,42,Male,Y,341,Bilston,Midlothian,EH25,"Lothian (Edinburgh)"
wreath,55.8663464250264,-3.1688420897054703,1664848065,797,1980,42,Male,Y,341,Bilston,Midlothian,EH25,"Lothian (Edinburgh)"
wreath,56.16587478231076,-3.936370922126633,1664849047,798,2004,18,Female,School,479,"Stirling (north: Causewayhead, Cornton)",Stirlingshire,FK9,"Stirling and Falkirk"
wreath,56.147609915278046,-4.058155995734211,1664849190,798,2004,18,Female,School,479,"Stirling (north: Causewayhead, Cornton)",Stirlingshire,FK9,"Stirling and Falkirk"
wreath,56.74444428757917,-2.9088676729861547,1664863106,802,1972,50,Female,Y,179,Forfar,Angus,DD8,"Tayside and Angus (Dundee)"
wreath,55.89158006552981,-4.314566453513019,1664864892,805,1962,60,Female,Y,586,"Kelvinside, Glasgow",Glasgow,"Glasgow Kelvin",Glasgow
wreath,56.483948654633934,-2.982245960326083,1664865124,806,1956,66,Female,Y,234,"Baxter Park, Dundee",Dundee,"Dundee Bluebelt","Tayside and Angus (Dundee)"
wreath,60.364355039482994,-0.997838409793784,1664865390,801,1992,30,Female,Y,1595,Sandwick,"Shetland Isles",ZE2,"Shetland Islands"
wreath,55.825185670801666,-4.33745469987357,1664865464,794,1947,75,Male,N,676,"Mosspark, Glasgow",Glasgow,"Glasgow Southwest",Glasgow
wreath,56.47046738321143,-3.0180513324948683,1664866626,809,1971,51,Female,Y,237,"Blackness, Dundee",Dundee,"Dundee Central","Tayside and Angus (Dundee)"
wreath,57.61138053985634,-4.1759158556246465,1664866663,808,1983,39,Female,Y,700,Fortrose,Highland,IV10,"Highlands (Inverness)"
wreath,57.69960624258314,-3.310052228020717,1664867447,811,1961,61,Female,Y,738,Lossiemouth,Moray,IV31,"North East (Aberdeen)"
wreath,55.95333516167702,-3.186130410085769,1664867727,815,1958,64,Male,N,272,"New Town, Edinburgh",Edinburgh,"Edinburgh Central","Lothian (Edinburgh)"
wreath,55.85604271778555,-4.367343629003172,1664868057,816,1954,68,Male,N,672,"Govan, Glasgow",Glasgow,"Glasgow Southwest",Glasgow
wreath,55.92249920777724,-4.271867072531179,1664868297,817,1962,60,Male,N,481,"Lambhill, Glasgow",Glasgow,G23,Glasgow
wreath,55.18328337742212,-2.8555495066844676,1664869026,580,2000,22,Male,N,1493,Hawick,"Scottish Borders",TD9,Borders
wreath,57.156020248315116,-2.082036926633629,1664870150,827,1947,75,Female,Y,107,"Rosemount, Aberdeen",Aberdeen,"Aberdeen Central","North East (Aberdeen)"
wreath,55.899422562269166,-4.345555129637998,1664870770,838,1960,62,Male,Y,641,"Knightswood, Glasgow",Glasgow,"Glasgow Northwest",Glasgow
wreath,55.96517590688731,-3.6380055511894605,1664870836,845,1998,24,Male,Y,369,Linlithgow,"West Lothian",EH49,"Lothian (Edinburgh)"
wreath,56.48413956553659,-3.031966635316624,1664870858,843,1979,43,Female,N,244,"Stobswell, Dundee",Dundee,"Dundee Central","Tayside and Angus (Dundee)"
wreath,56.06682722404395,-4.756494003335326,1664870886,829,1972,50,Male,N,566,Helensburgh,"Argyll and Bute",G84,"Argyll and Bute"
wreath,55.90378277262962,-4.193103215480749,1664870905,854,1979,43,Male,Y,598,Rutherglen,"South Lanarkshire","Glasgow Northeast",Glasgow
wreath,57.45868645161035,-3.238329097807257,1664870974,837,1968,54,Female,Y,44,Aberlour,Moray,AB38,"North East (Aberdeen)"
wreath,55.98136679292112,-3.592446320410576,1664870978,865,1998,24,Male,Y,369,Linlithgow,"West Lothian",EH49,"Lothian (Edinburgh)"
wreath,56.47111885448383,-2.989871389374009,1664870981,831,2004,18,Male,School,244,"Stobswell, Dundee",Dundee,"Dundee Central","Tayside and Angus (Dundee)"
wreath,57.64355416283513,-2.0476451901120614,1664871044,856,1997,25,Male,Y,57,Fraserburgh,Aberdeenshire,AB43,"North East (Aberdeen)"
wreath,55.82498859776713,-4.264010581211319,1664871062,847,1977,45,Female,Y,648,"Shawlands, Glasgow",Glasgow,"Glasgow South",Glasgow
wreath,57.604084773444576,-2.3307175972553376,1664871083,848,1964,58,Male,Y,78,Turriff,Aberdeenshire,AB53,"North East (Aberdeen)"
wreath,56.66408057098369,-5.560673939035919,1664871141,857,1960,62,Female,Y,1377,"Fort William",Highland,PH33,"Highlands (Inverness)"
wreath,56.01739439059662,-3.718310207842267,1664871148,844,1971,51,Male,N,439,Grangemouth,Falkirk,FK3,"Stirling and Falkirk"
wreath,55.82557215470006,-2.8942503817133627,1664871285,852,1971,51,Female,Y,353,Pathhead,Midlothian,EH37,"Lothian (Edinburgh)"
wreath,55.95330955557215,-4.252740172414044,1664871290,861,1990,32,Male,Y,503,Torrance,"East Dunbartonshire",G64,Glasgow
wreath,57.130821244789594,-2.0845088570280184,1664871341,821,1947,75,Female,Y,126,"Bridge of Dee, Aberdeen",Aberdeen,"Aberdeen Southeast","North East (Aberdeen)"
wreath,55.871749826012724,-3.6829381623081745,1664871415,858,1984,38,Female,Y,368,Bathgate,"West Lothian",EH48,"Lothian (Edinburgh)"
wreath,56.400931089892055,-3.0600547694729663,1664871436,868,1992,30,Female,Y,1105,Cupar,Fife,KY15,Fife
wreath,56.46293947989048,-3.0183121353672027,1664871452,872,1986,36,Male,Y,261,"Westend, Dundee",Dundee,"Dundee West","Tayside and Angus (Dundee)"
wreath,56.45228671476954,-3.0222375515161883,1664871491,871,1994,28,Male,Y,261,"Westend, Dundee",Dundee,"Dundee West","Tayside and Angus (Dundee)"
wreath,55.59699150786964,-4.20238461625068,1664871758,877,1974,48,Male,Y,796,Darvel,"East Ayrshire",KA17,Ayrshire
wreath,55.67363501863933,-4.418123643947886,1664871785,880,1989,33,Male,Y,834,Dunlop,"East Ayrshire",KA3,Ayrshire
wreath,56.23016640861617,-3.1332867803246582,1664871911,867,1953,69,Male,N,1134,Markinch,Fife,KY7,Fife
wreath,56.22759078587992,-3.6072030072935783,1664871928,885,1996,26,Male,Y,401,Powmill,"Perth and Kinross",FK14,"Stirling and Falkirk"
wreath,56.06173559000395,-3.574338835712142,1664872086,891,1992,30,Female,Y,1096,"Dunfermline (centre, north, west: Abbey Parks, Lady's Mill, Garvock, Headwell, Kingseathill, Wellwood, Milesmark, Baldridge, Pittencrieff, Baldridgeburn)",Fife,KY12,Fife
wreath,55.844380492265074,-4.708882774351385,1664872139,892,1987,35,Male,Y,1226,Lochwinnoch,Renfrewshire,PA12,Glasgow
wreath,56.09871522437721,-3.4133525093163724,1664872157,891,1992,30,Female,Y,1096,"Dunfermline (centre, north, west: Abbey Parks, Lady's Mill, Garvock, Headwell, Kingseathill, Wellwood, Milesmark, Baldridge, Pittencrieff, Baldridgeburn)",Fife,KY12,Fife
wreath,57.26248395267831,-2.0547508650721906,1664872210,878,1975,47,Other,Y,113,"Bridge of Don, Aberdeen",Aberdeen,"Aberdeen North","North East (Aberdeen)"
wreath,56.81198994184887,-2.937129051401927,1664872250,886,1974,48,Male,Y,181,Kirriemuir,Angus,DD8,"Tayside and Angus (Dundee)"
wreath,55.97098523161496,-4.433615137571401,1664872369,898,1991,31,Female,Y,546,Clydebank,"West Dunbartonshire",G81,Glasgow
wreath,55.85698114966453,-4.348061332104754,1664872402,894,1975,47,Female,N,678,"Cardonald, Glasgow",Glasgow,"Glasgow Southwest",Glasgow
wreath,55.95786919003472,-3.759401361929127,1664872403,896,1995,27,Female,Y,377,"Falkirk (centre and south: Arnothill, Bantaskin, Callendar Park, Glen Village, Hallglen, Lionthorn, Tamfourhill, Woodlands)",Falkirk,FK1,"Stirling and Falkirk"
wreath,55.91077714379281,-4.462045229265948,1664872408,899,1971,51,Male,Y,1306,Erskine,Renfrewshire,PA8,Glasgow
wreath,55.77019202582761,-4.094276504895673,1664872464,902,1995,27,Male,Y,529,Cambuslang,"South Lanarkshire",G72,Glasgow
wreath,55.89121670468377,-4.413512672864597,1664872489,890,1961,61,Male,N,1264,Renfrew,Renfrewshire,PA4,Glasgow
wreath,56.40827059900605,-3.921242797255799,1664872694,44,1958,64,Male,N,1402,Crieff,"Perth and Kinross",PH7,Fife
wreath,56.108725140281145,-3.5536104296258944,1664872717,891,1992,30,Female,Y,1096,"Dunfermline (centre, north, west: Abbey Parks, Lady's Mill, Garvock, Headwell, Kingseathill, Wellwood, Milesmark, Baldridge, Pittencrieff, Baldridgeburn)",Fife,KY12,Fife
wreath,55.86051223400846,-4.343112370460494,1664872761,908,1949,73,Male,Y,663,"Mount Florida, Glasgow",Glasgow,"Glasgow Southwest",Glasgow
wreath,55.80618507760303,-4.4521349502923275,1664872968,918,1980,42,Male,N,1236,"Paisley (south: Blackhall, Castlehead, Dykebar, Foxbar, Hunterhill, Meikleriggs)",Renfrewshire,PA2,Glasgow
wreath,56.67455692140104,-2.81219645226064,1664873011,920,1959,63,Male,Y,181,Kirriemuir,Angus,DD8,"Tayside and Angus (Dundee)"
wreath,57.7081839091969,-3.3781528553058293,1664873018,905,1942,80,Male,Y,737,Elgin,Moray,IV30,"North East (Aberdeen)"
wreath,55.81882947462454,-4.280446722709011,1664873078,847,1977,45,Female,Y,648,"Shawlands, Glasgow",Glasgow,"Glasgow South",Glasgow
wreath,55.215459293019386,-3.6795462898050295,1664873200,921,1965,57,Male,Y,209,Moniaive,"Dumfries and Galloway",DG3,"Dumfries and Galloway"
wreath,56.41753971231503,-2.9771975491685065,1664873206,916,1991,31,Other,Y,175,Newport-on-Tay,Fife,DD6,"Tayside and Angus (Dundee)"
wreath,58.42564447968521,-6.431436785424201,1664873243,923,1997,25,Male,Y,688,"Isle of Lewis","Western Isles (outside of Stornoway)",HS2,"Western Isles"
wreath,55.9762533909477,-3.2372446334491123,1664873293,913,1948,74,Male,N,278,"Granton, Edinburgh",Edinburgh,"Edinburgh Clermiston Granton","Lothian (Edinburgh)"
wreath,56.01002829230303,-2.8036765861600323,1664873293,917,1958,64,Male,Y,355,"North Berwick","East Lothian",EH39,"Lothian (Edinburgh)"
wreath,55.5439845537496,-4.633655281070928,1664873333,879,1978,44,Female,Y,784,Troon,"South Ayrshire",KA10,Ayrshire
wreath,56.15161144399191,-3.9474708100583005,1664873343,922,1958,64,Male,Y,477,"Bridge of Allan",Stirlingshire,FK9,"Stirling and Falkirk"
wreath,57.662394807758886,-2.4761964026586543,1664873398,927,1968,54,Female,N,58,Macduff,Aberdeenshire,AB44,"North East (Aberdeen)"
wreath,55.587560869093295,-4.182143608309501,1664873754,935,1973,49,Female,Y,1160,Strathaven,"North Lanarkshire",ML10,Glasgow
wreath,55.867236055047826,-4.391091162885011,1664873810,929,1989,33,Female,Y,1264,Renfrew,Renfrewshire,PA4,Glasgow
wreath,57.54692979161206,-1.8737722468182876,1664873877,932,1991,31,Female,Y,54,Peterhead,Aberdeenshire,AB42,"North East (Aberdeen)"
wreath,55.99005406566857,-3.181022641169914,1664873895,933,1997,25,Male,Y,285,"Leith, Edinburgh",Edinburgh,"Edinburgh Leith","Lothian (Edinburgh)"
wreath,55.885160050999005,-4.476366046470048,1664873956,929,1989,33,Female,Y,1264,Renfrew,Renfrewshire,PA4,Glasgow
wreath,57.54323586203893,-3.4325672618442997,1664874337,949,1992,30,Female,Y,740,Forres,Moray,IV36,"North East (Aberdeen)"
wreath,55.915548339081745,-3.9267556618382726,1664874342,950,1992,30,Female,Y,1192,Airdrie,"North Lanarkshire",ML6,Glasgow
wreath,55.98579060026998,-4.676576780368202,1664874376,941,1987,35,Male,Y,549,Dumbarton,"West Dunbartonshire",G82,Glasgow
wreath,55.679154743328034,-2.252299556672715,1664874713,960,1972,50,Female,N,1424,Coldstream,"Scottish Borders",TD12,Borders
wreath,55.57833215116441,-4.553496478345322,1664874788,964,1995,27,Male,N,808,Crosshouse,"East Ayrshire",KA2,Ayrshire
wreath,56.475074537833926,-2.7294858438992957,1664874865,968,1959,63,Male,Y,178,Carnoustie,Angus,DD7,"Tayside and Angus (Dundee)"
wreath,55.60400258910869,-4.475272333257023,1664874910,969,1960,62,Male,N,779,"Kilmarnock (centre and south: Bonnyton, Grange, Bellfield, Shortlees, Caprington, Riccarton, Hurlford)","East Ayrshire",KA1,Ayrshire
wreath,57.69012480799715,-3.4504376863282733,1664874988,965,1976,46,Male,N,737,Elgin,Moray,IV30,"North East (Aberdeen)"
wreath,57.29295562122422,-4.367676597121763,1664875023,936,1976,46,Male,Y,713,Culloden,Highland,IV2,"Highlands (Inverness)"
wreath,56.048029106204986,-4.399372031726414,1664875107,962,1966,56,Male,Y,494,Blanefield,Stirlingshire,G63,"Stirling and Falkirk"
wreath,55.737623576193,-4.107533387977576,1664875136,979,1961,61,Female,Y,1183,Hamilton,"South Lanarkshire",ML3,Glasgow
wreath,57.205759766227594,-2.240619537105523,1664875182,973,1989,33,Female,Y,113,"Bridge of Don, Aberdeen",Aberdeen,"Aberdeen North","North East (Aberdeen)"
wreath,56.032694380375425,-3.7784678445942106,1664875192,959,1999,23,Female,Y,420,Carron,Falkirk,FK2,"Stirling and Falkirk"
wreath,55.99733216103594,-3.9267863088648403,1664875220,974,2001,21,Female,N,441,Bonnybridge,Falkirk,FK4,"Stirling and Falkirk"
wreath,55.9391315619363,-4.006327378121698,1664875246,984,1980,42,Male,Y,514,"Cumbernauld (south: Condorrat, Lenziemill, Carbrain, Kildrum, Cumbernauld Village, Abronhill, Seafar)","North Lanarkshire",G67,Glasgow
wreath,55.94735722104425,-3.1498256621358367,1664875251,983,1969,53,Female,N,283,"Craigentinny, Edinburgh",Edinburgh,"Edinburgh Duddingston","Lothian (Edinburgh)"
wreath,58.04423737725052,-3.857488222723741,1664875314,988,1998,24,Male,Y,1071,Brora,Highland,KW9,"Highlands (Inverness)"
wreath,55.85688306472175,-3.312352365440335,1664875364,985,1972,50,Male,Y,311,"Currie, Edinburgh",Edinburgh,"Edinburgh South","Lothian (Edinburgh)"
wreath,55.893447604486376,-4.377613411184467,1664875433,991,1944,78,Male,N,638,"Drumchapel, Glasgow",Glasgow,"Glasgow Northwest",Glasgow
wreath,55.06255967326841,-3.8575494105356447,1664875438,994,1979,43,Male,N,220,"Castle Douglas","Dumfries and Galloway",DG7,"Dumfries and Galloway"
wreath,57.133720883634,-2.0804910468885183,1664875503,981,1961,61,Female,Y,127,"Torry, Aberdeen",Aberdeen,"Aberdeen Southeast","North East (Aberdeen)"
wreath,57.24088623357865,-4.257138676198903,1664875620,954,1996,26,Male,Y,714,"Inverness (east: Culcabock, Crown, Culduthel, Drummond, Haugh, Hilton, Holm, Lochardil, Millburn, Raigmore)",Highland,IV2,"Highlands (Inverness)"
wreath,55.82401683972357,-4.384864586039035,1664875732,992,1967,55,Male,N,1236,"Paisley (south: Blackhall, Castlehead, Dykebar, Foxbar, Hunterhill, Meikleriggs)",Renfrewshire,PA2,Glasgow
wreath,56.11335685851417,-3.2595816964288726,1664875742,1004,1970,52,Female,N,1117,"Kirkcaldy (west: Hayfield, Templehall, Newliston, Chapel, Dunnikier, Bennochy)",Fife,KY2,Fife
wreath,56.09883362745599,-3.934939455916774,1664875796,1008,1991,31,Female,Y,457,Bannockburn,Stirlingshire,FK7,"Stirling and Falkirk"
wreath,55.973647308782624,-3.5214889625536103,1664876013,1016,1991,31,Other,Y,369,Linlithgow,"West Lothian",EH49,"Lothian (Edinburgh)"
wreath,57.38818262880441,-1.8813846664153244,1664876045,1015,1981,41,Male,Y,54,Peterhead,Aberdeenshire,AB42,"North East (Aberdeen)"
wreath,55.949385882937435,-3.9366558179315807,1664876077,1028,1992,30,Male,Y,514,"Cumbernauld (south: Condorrat, Lenziemill, Carbrain, Kildrum, Cumbernauld Village, Abronhill, Seafar)","North Lanarkshire",G67,Glasgow
wreath,57.16337396461972,-6.095447645012415,1664876188,1053,1964,58,Male,N,759,"Broadford, Isle of Skye",Highland,IV49,"Highlands (Inverness)"
wreath,55.833085526162016,-4.168511377108761,1664876219,1040,1961,61,Female,Y,628,"Balornock, Glasgow",Glasgow,"Glasgow Northeast",Glasgow
wreath,57.670730972082325,-2.010872317359333,1664876232,1021,1968,54,Female,Y,57,Fraserburgh,Aberdeenshire,AB43,"North East (Aberdeen)"
wreath,57.279559516624026,-7.3646433449375435,1664876233,1023,1978,44,Female,Y,695,"Isle of South Uist","Western Isles",HS8,"Western Isles"
wreath,55.68915881822736,-3.145922993223791,1664876274,1048,1960,62,Male,N,362,Peebles,"Scottish Borders",EH45,Borders
wreath,55.80845200576071,-4.284585491494563,1664876278,1065,1973,49,Female,Y,651,"Cathcart, Glasgow",Glasgow,"Glasgow South",Glasgow
wreath,56.00457744190207,-3.7090706399473947,1664876300,1031,1962,60,Female,Y,439,Grangemouth,Falkirk,FK3,"Stirling and Falkirk"
wreath,55.95321850018296,-3.123562247490911,1664876330,1043,1957,65,Female,Y,281,"Portobello, Edinburgh",Edinburgh,"Edinburgh Duddingston","Lothian (Edinburgh)"
wreath,55.91138088741418,-3.211976245660796,1664876334,1044,1990,32,Male,Y,309,"Cameron Toll, Edinburgh",Edinburgh,"Edinburgh South","Lothian (Edinburgh)"
wreath,55.31835423028467,-2.9009650240124745,1664876342,1018,1968,54,Male,N,1493,Hawick,"Scottish Borders",TD9,Borders
wreath,55.79739088359774,-4.330742769080611,1664876343,1055,1991,31,Male,Y,655,"Simshill, Glasgow",Glasgow,"Glasgow South",Glasgow
wreath,55.6562335426573,-2.9415874355502374,1664876373,1052,1968,54,Male,Y,1413,Galashiels,"Scottish Borders",TD1,Borders
wreath,56.10701638414021,-3.7004898640759407,1664876436,1038,1968,54,Male,Y,391,Alloa,Clackmannanshire,FK10,"Stirling and Falkirk"
wreath,55.95410680470676,-4.436867841349293,1664876461,1049,1994,28,Male,Y,546,Clydebank,"West Dunbartonshire",G81,Glasgow
wreath,56.021044816104876,-4.769461271631547,1664876466,1045,1976,46,Male,Y,567,Kilcreggan,"Argyll and Bute",G84,"Argyll and Bute"
wreath,55.704362601205105,-4.46770331678191,1664876558,1060,1966,56,Male,Y,837,"Kilmarnock (north: Onthank, Townholm, Altonhill, Longpark, Beansburn, New Farm Loch, Knockinlaw, Hillhead, Crookedholm)","East Ayrshire",KA3,Ayrshire
wreath,57.15321146432773,-2.1314448929806886,1664876598,1017,1996,26,Male,Y,128,"Mannofield, Aberdeen",Aberdeen,"Aberdeen Southwest","North East (Aberdeen)"
wreath,55.753361189333866,-3.5376039664936045,1664876641,1070,1968,54,Male,N,1167,Lanark,"South Lanarkshire",ML11,Glasgow
wreath,56.02561894366161,-3.4080881055088748,1664876680,1076,1989,33,Male,Y,1090,"Dunfermline (south and east: Halbeath, Touch, Duloch, Masterton, Pitcorthie, Abbeyview, Brucefield, Hospital Hill, Camdean, Pitreavie)",Fife,KY11,Fife
wreath,56.70370748735687,-2.5706501876164074,1664876697,1071,1995,27,Male,School,137,Inverbervie,Aberdeenshire,DD10,"Tayside and Angus (Dundee)"
wreath,55.85826610815323,-4.333418704462857,1664876708,1007,1961,61,Male,Y,678,"Cardonald, Glasgow",Glasgow,"Glasgow Southwest",Glasgow
wreath,57.149473470160345,-2.1184230972474087,1664876732,1059,1954,68,Male,N,129,"Ruthrieston, Aberdeen",Aberdeen,"Aberdeen Southwest","North East (Aberdeen)"
wreath,55.81531349298731,-3.9793323850930236,1664876812,1081,1995,27,Female,Y,1151,Motherwell,"North Lanarkshire",ML1,Glasgow
wreath,55.61569805934461,-3.9678250418632994,1664876838,1085,1995,27,Female,Y,1168,Lesmahagow,"South Lanarkshire",ML11,Glasgow
wreath,57.16206965653448,-4.402088314293155,1664876984,1068,1984,38,Male,N,714,"Inverness (east: Culcabock, Crown, Culduthel, Drummond, Haugh, Hilton, Holm, Lochardil, Millburn, Raigmore)",Highland,IV2,"Highlands (Inverness)"
wreath,56.74143160543834,-2.8592243232025423,1664877031,1087,1969,53,Male,N,181,Kirriemuir,Angus,DD8,"Tayside and Angus (Dundee)"
wreath,56.49156665029343,-2.9336541555165296,1664877064,1098,1983,39,Female,Y,254,"Douglas, Dundee",Dundee,"Dundee North","Tayside and Angus (Dundee)"
wreath,56.48346837622763,-2.9083910114260787,1664877101,1096,1970,52,Male,Y,256,"Whitfield, Dundee",Dundee,"Dundee North","Tayside and Angus (Dundee)"
wreath,55.95018484456178,-3.179734802943424,1664877116,1091,1976,46,Female,Y,262,"Wester Hailes, Edinburgh",Edinburgh,"Edinburgh Central","Lothian (Edinburgh)"
wreath,55.93787080452718,-4.022509441721112,1664877123,1086,1954,68,Male,N,514,"Cumbernauld (south: Condorrat, Lenziemill, Carbrain, Kildrum, Cumbernauld Village, Abronhill, Seafar)","North Lanarkshire",G67,Glasgow
wreath,55.938309275021275,-3.270369787881301,1664877147,1084,1978,44,Female,Y,294,"Stockbridge, Edinburgh",Edinburgh,"Edinburgh North","Lothian (Edinburgh)"
wreath,56.56491825455134,-2.566722576133254,1664877196,1088,1956,66,Male,N,141,Arbroath,Angus,DD11,"Tayside and Angus (Dundee)"
wreath,56.32545846898908,-2.906094809777199,1664877221,1095,1945,77,Male,N,1114,"St Andrews",Fife,KY16,Fife
wreath,55.814050476840315,-3.9495565397502994,1664877244,1062,1994,28,Male,N,1150,Holytown,"North Lanarkshire",ML1,Glasgow
wreath,57.424250464119766,-4.350405363979511,1664877246,939,1982,40,Male,Y,736,"Inverness (west: Ballifeary, Balnafettack, Clachnaharry, Dalneigh, Kinmylies, Leachkin, Merkinch, Muirtown, South Kessock)",Highland,IV3,"Highlands (Inverness)"
wreath,57.26777527258178,-2.273218960589496,1664877366,77,1976,46,Female,N,113,"Bridge of Don, Aberdeen",Aberdeen,"Aberdeen North","North East (Aberdeen)"
wreath,55.80677947041914,-4.338668055606323,1664877485,1123,1989,33,Female,Y,664,"Toryglen, Glasgow",Glasgow,"Glasgow Southwest",Glasgow
wreath,56.13029159521134,-3.8324587854949983,1664877641,1126,1987,35,Male,N,386,Clackmannan,Clackmannanshire,FK10,"Stirling and Falkirk"
wreath,55.87526981074081,-3.105971489555072,1664877664,1114,1954,68,Male,N,328,Bonnyrigg,Midlothian,EH19,"Lothian (Edinburgh)"
wreath,55.41609298403728,-4.7139401753507615,1664877676,1130,1964,58,Female,Y,856,"Ayr (Centre)","South Ayrshire",KA7,Ayrshire
wreath,55.783880667564254,-3.9019855295949806,1664877752,1107,1957,65,Female,Y,1180,Wishaw,"North Lanarkshire",ML2,Glasgow
wreath,55.930343108840596,-3.265560129838257,1664877813,1117,1965,57,Female,Y,268,"Stenhouse, Edinburgh",Edinburgh,"Edinburgh Central","Lothian (Edinburgh)"
wreath,55.83470725675177,-3.6807931493150283,1664877819,1135,1976,46,Male,N,364,Fauldhouse,"West Lothian",EH47,"Lothian (Edinburgh)"
wreath,55.55751739696316,-4.599421630396233,1664877835,1131,1996,26,Male,Y,808,Crosshouse,"East Ayrshire",KA2,Ayrshire
wreath,57.80552515927791,-4.270028628697697,1664877894,1137,1983,39,Female,Y,711,Tain,Highland,IV19,"Highlands (Inverness)"
wreath,56.17624567988619,-4.710968990848477,1664877965,1144,1943,79,Female,Y,557,Alexandria,"West Dunbartonshire",G83,"Argyll and Bute"
wreath,55.68277866757773,-4.6025817868740315,1664878063,1150,1977,45,Female,Y,788,Kilwinning,"North Ayrshire",KA13,Ayrshire
wreath,56.131725972889214,-3.450156971176013,1664878171,1161,1996,26,Male,Y,1124,Kelty,Fife,KY4,Fife
wreath,57.81416810267466,-3.9898402094681407,1664878205,1137,1983,39,Female,Y,711,Tain,Highland,IV19,"Highlands (Inverness)"
wreath,55.778152607588325,-4.108336757417108,1664878262,1148,1956,66,Male,Y,529,Cambuslang,"South Lanarkshire",G72,Glasgow
wreath,55.14881825047899,-4.625994466020883,1664878345,1163,1983,39,Female,Y,819,Barrhill,"South Ayrshire",KA26,Ayrshire
wreath,56.053033738736794,-3.434752884629093,1664878375,1165,2000,22,Female,Y,1091,Inverkeithing,Fife,KY11,Fife
wreath,55.58673820975459,-2.8556676225625743,1664878376,1172,1990,32,Male,Y,1413,Galashiels,"Scottish Borders",TD1,Borders
wreath,56.365391892853424,-3.057958546650462,1664878381,1139,1997,25,Female,Y,1109,Ladybank,Fife,KY15,Fife
wreath,55.94580915484003,-4.28495285698155,1664878411,1027,1994,28,Male,N,489,Milngavie,"East Dunbartonshire",G62,Glasgow
wreath,55.79713799711117,-4.467009938078191,1664878612,1164,1968,54,Female,Y,540,Barrhead,"East Renfrewshire",G78,Glasgow
wreath,55.75267283340286,-4.178137656945838,1664878653,1174,1975,47,Female,Y,534,"East Kilbride (south: Hairmyres, Westwood, The Murray, Murray East, Whitehills, Greenhill, Newlandsmuir, Gardenhall, Crosshouse, Newlands, Lindsayfield, Mossneuk)","South Lanarkshire",G75,Glasgow
wreath,55.915887754276525,-3.722416992704402,1664878713,1186,1993,29,Male,N,367,Armadale,"West Lothian",EH48,"Lothian (Edinburgh)"
wreath,55.89564589284489,-3.0791020002722664,1664878835,1162,1991,31,Male,Y,334,Dalkeith,Midlothian,EH22,"Lothian (Edinburgh)"
wreath,57.17842702235681,-2.081121803644651,1664878842,1179,1981,41,Male,Y,113,"Bridge of Don, Aberdeen",Aberdeen,"Aberdeen North","North East (Aberdeen)"
wreath,55.50696441480662,-4.573202088369204,1664879103,1196,1986,36,Female,Y,873,Prestwick,"South Ayrshire",KA9,Ayrshire
wreath,59.248246037185496,-2.5462473349831933,1664879151,1183,1985,37,Female,Y,986,Backaland,Orkney,KW17,"Orkney Islands"
wreath,56.16995277618535,-3.777701459179901,1664879310,1198,1980,42,Female,Y,393,Alva,Clackmannanshire,FK12,"Stirling and Falkirk"
wreath,55.79600884239644,-4.310069639199198,1664879310,1134,1965,57,Female,Y,660,"Arden, Glasgow",Glasgow,"Glasgow South",Glasgow
wreath,55.943833221040926,-4.227725448090459,1664879340,1208,1971,51,Male,Y,502,Bishopbriggs,"East Dunbartonshire",G64,Glasgow
wreath,55.84054157432415,-4.080393617251164,1664879394,1210,1991,31,Male,Y,525,Uddingston,"South Lanarkshire",G71,Glasgow
wreath,55.84626344417464,-4.265926422821447,1664879408,1206,1964,58,Female,Y,679,"Pollock, Glasgow",Glasgow,"Glasgow Southwest",Glasgow
wreath,57.30531311053137,-2.2577906626535267,1664879411,1214,1981,41,Female,Y,112,"Dyce, Aberdeen",Aberdeen,"Aberdeen North","North East (Aberdeen)"
wreath,60.16670988185331,-1.254104537033236,1664879418,1189,1987,35,Female,Y,1500,Lerwick,"Shetland Isles",ZE1,"Shetland Islands"
wreath,57.6724138525808,-3.2440271663942997,1664879462,1160,1982,40,Other,Y,737,Elgin,Moray,IV30,"North East (Aberdeen)"
wreath,55.85926897059348,-4.2407356634249345,1664879516,1213,1970,52,Male,Y,577,"City centre, Glasgow",Glasgow,"Glasgow City Centre",Glasgow
wreath,57.7784077056831,-4.207060379787425,1664879527,1218,1970,52,Female,Y,708,Invergordon,Highland,IV18,"Highlands (Inverness)"
wreath,55.91456951141838,-3.1193349473258296,1664879562,1199,1971,51,Female,N,322,"Gilmerton, Edinburgh",Edinburgh,"Edinburgh Southeast","Lothian (Edinburgh)"
wreath,55.91399834663459,-3.6335400092486694,1664879607,1222,1994,28,Female,N,368,Bathgate,"West Lothian",EH48,"Lothian (Edinburgh)"
wreath,55.819764557444344,-3.8645982514232844,1664879753,1227,1984,38,Female,N,1151,Motherwell,"North Lanarkshire",ML1,Glasgow
wreath,55.890886281826326,-3.557651976601292,1664879780,1223,1986,36,Male,Y,375,Livingston,"West Lothian",EH54,"Lothian (Edinburgh)"
wreath,55.53843979989376,-4.450360001145659,1664879825,1229,1981,41,Male,N,779,"Kilmarnock (centre and south: Bonnyton, Grange, Bellfield, Shortlees, Caprington, Riccarton, Hurlford)","East Ayrshire",KA1,Ayrshire
wreath,55.78717646719836,-4.0687343397540285,1664879866,1204,1967,55,Female,Y,1183,Hamilton,"South Lanarkshire",ML3,Glasgow
wreath,57.12104600054654,-2.3329943764938035,1664879954,1225,1958,64,Female,N,133,"Bieldside, Aberdeen",Aberdeen,"Aberdeen Southwest","North East (Aberdeen)"
wreath,55.67385338674697,-4.550230372832157,1664879956,1236,1961,61,Female,Y,837,"Kilmarnock (north: Onthank, Townholm, Altonhill, Longpark, Beansburn, New Farm Loch, Knockinlaw, Hillhead, Crookedholm)","East Ayrshire",KA3,Ayrshire
wreath,55.82641235034403,-4.216768510030818,1664880007,1234,1961,61,Male,Y,647,"Pollokshields, Glasgow",Glasgow,"Glasgow South",Glasgow
wreath,55.7337016716121,-3.903245675292497,1664880097,1243,1977,45,Male,Y,1212,Carluke,"South Lanarkshire",ML8,Glasgow
wreath,55.761554279180416,-4.1659639145701455,1664880267,1251,1984,38,Male,N,530,"East Kilbride (north: The Village, East Mains, West Mains, Lymekilns, St Leonards, Calderwood, Nerston, Stewartfield, Peel Park)","South Lanarkshire",G74,Glasgow
wreath,56.48496508815322,-2.924830929986305,1664880309,842,1968,54,Female,N,250,"Downfield, Dundee",Dundee,"Dundee North","Tayside and Angus (Dundee)"
wreath,54.87623497945441,-4.599999404897055,1664880333,1239,1960,62,Male,Y,225,"Newton Stewart","Dumfries and Galloway",DG8,"Dumfries and Galloway"
wreath,55.8404534155398,-4.092749523685237,1664880333,1244,1995,27,Female,Y,525,Uddingston,"South Lanarkshire",G71,Glasgow
wreath,56.15799890968073,-3.3237758724819844,1664880378,1252,1991,31,Male,Y,1126,Cardenden,Fife,KY5,Fife
wreath,55.74890984561538,-4.586058643792733,1664880381,1258,1964,58,Female,Y,791,Beith,"East Ayrshire",KA15,Ayrshire
wreath,57.67620010070129,-2.8108915029725083,1664880398,1262,1989,33,Male,N,90,Buckie,Moray,AB56,"North East (Aberdeen)"
wreath,56.0440043384239,-2.8171672321526415,1664880410,1266,1993,29,Male,Y,355,"North Berwick","East Lothian",EH39,"Lothian (Edinburgh)"
wreath,55.790302640481876,-3.9038959623013425,1664880434,1094,1990,32,Male,Y,1180,Wishaw,"North Lanarkshire",ML2,Glasgow
wreath,55.889493728978536,-4.246230320872547,1664880489,1256,1950,72,Female,Y,603,"Carntyne, Glasgow",Glasgow,"Glasgow Northeast",Glasgow
wreath,56.47002367069464,-2.941339154773728,1664880496,1270,1968,54,Female,Y,255,"Fintry, Dundee",Dundee,"Dundee North","Tayside and Angus (Dundee)"
wreath,57.25764335381061,-2.280321670304789,1664880509,1265,1960,62,Female,Y,112,"Dyce, Aberdeen",Aberdeen,"Aberdeen North","North East (Aberdeen)"
wreath,55.8107969559995,-4.083896044723028,1664880608,1263,1975,47,Female,Y,523,Bothwell,"South Lanarkshire",G71,Glasgow
wreath,56.484350732913455,-2.9679383165500557,1664880643,1255,1987,35,Female,Y,234,"Baxter Park, Dundee",Dundee,"Dundee Bluebelt","Tayside and Angus (Dundee)"
wreath,56.96188881379048,-2.230268253085954,1664880660,1230,1996,26,Female,Y,48,Stonehaven,Aberdeenshire,AB39,"North East (Aberdeen)"
wreath,55.808292143444156,-3.9837490665339788,1664880705,1278,1997,25,Female,Y,1151,Motherwell,"North Lanarkshire",ML1,Glasgow
wreath,58.05321295571113,-3.996565779061287,1664880734,1272,1981,41,Male,Y,1071,Brora,Highland,KW9,"Highlands (Inverness)"
wreath,56.06486299251011,-3.360612075741615,1664880738,1276,1998,24,Male,Y,1094,Rosyth,Fife,KY11,Fife
wreath,57.174477503858036,-2.46651511742364,1664880761,1283,1988,34,Male,N,27,"Kirkton of Skene",Aberdeenshire,AB32,"North East (Aberdeen)"
wreath,56.12796692456864,-3.6264982961548493,1664880902,1260,1985,37,Male,Y,1096,"Dunfermline (centre, north, west: Abbey Parks, Lady's Mill, Garvock, Headwell, Kingseathill, Wellwood, Milesmark, Baldridge, Pittencrieff, Baldridgeburn)",Fife,KY12,Fife
wreath,56.336559504508514,-2.959326358356346,1664881149,1247,1980,42,Male,Y,1104,Ceres,Fife,KY15,Fife
wreath,55.8571441436774,-3.105507455040173,1664881174,1285,1992,30,Female,Y,328,Bonnyrigg,Midlothian,EH19,"Lothian (Edinburgh)"
wreath,56.486230484047965,-2.965130070415442,1664881201,1291,1951,71,Female,Y,251,"Kirkton, Dundee",Dundee,"Dundee North","Tayside and Angus (Dundee)"
wreath,55.42924392103324,-4.646906672289422,1664881205,1288,1956,66,Female,Y,856,"Ayr (Centre)","South Ayrshire",KA7,Ayrshire
wreath,56.99132335470735,-2.5555910287239443,1664881254,1290,1989,33,Female,Y,22,Banchory,Aberdeenshire,AB31,"North East (Aberdeen)"
wreath,56.46240284517059,-2.963562558725148,1664881300,1291,1951,71,Female,Y,251,"Kirkton, Dundee",Dundee,"Dundee North","Tayside and Angus (Dundee)"
wreath,57.4364268878366,-1.8480214336625331,1664881480,1306,1996,26,Female,Y,54,Peterhead,Aberdeenshire,AB42,"North East (Aberdeen)"
wreath,56.48012849839842,-3.012585608725481,1664881485,1301,1964,58,Male,Y,243,"Hilltown, Dundee",Dundee,"Dundee Central","Tayside and Angus (Dundee)"
wreath,56.049153615053385,-3.9247479705963593,1664881508,1305,1985,37,Male,Y,456,"Head of Muir",Falkirk,FK6,"Stirling and Falkirk"
wreath,55.53683198377522,-4.521775968542375,1664881528,1303,1971,51,Male,N,779,"Kilmarnock (centre and south: Bonnyton, Grange, Bellfield, Shortlees, Caprington, Riccarton, Hurlford)","East Ayrshire",KA1,Ayrshire
wreath,59.218702908998075,-2.6687617713725245,1664881528,1300,1952,70,Female,Y,1025,"Orkney Islands",Orkney,KW17,"Orkney Islands"
wreath,55.81838525201765,-3.5322515500096623,1664881564,1302,1954,68,Male,Y,376,"West Calder","West Lothian",EH55,"Lothian (Edinburgh)"
wreath,56.46514778646687,-3.0213146773550728,1664881712,1312,2001,21,Male,Y,238,"Menzieshill, Dundee",Dundee,"Dundee Central","Tayside and Angus (Dundee)"
wreath,55.70905719384747,-4.821373957252995,1664881750,1297,1973,49,Male,Y,814,"West Kilbride","North Ayrshire",KA23,Ayrshire
wreath,56.94938337508,-2.360189374080426,1664881769,1310,1976,46,Male,Y,48,Stonehaven,Aberdeenshire,AB39,"North East (Aberdeen)"
wreath,56.47465702942366,-3.055301077275153,1664881773,1313,1964,58,Male,Y,242,"St Marys, Dundee",Dundee,"Dundee Central","Tayside and Angus (Dundee)"
wreath,55.77680552773446,-3.5407642623551365,1664881817,1302,1954,68,Male,Y,376,"West Calder","West Lothian",EH55,"Lothian (Edinburgh)"
wreath,58.2088770832597,-6.367787299949262,1664881923,1316,1997,25,Male,Y,686,"Stornoway, Isle of Lewis","Western Isles",HS1,"Western Isles"
wreath,56.539313599831054,-3.145393029038312,1664881924,1331,1997,25,Male,Y,146,Longforgan,"Perth and Kinross",DD2,"Tayside and Angus (Dundee)"
wreath,56.505160330413204,-3.126059899283295,1664881967,1315,1987,35,Male,Y,145,Liff,Angus,DD2,"Tayside and Angus (Dundee)"
wreath,55.89954491081538,-3.1400821493436606,1664881985,1326,1976,46,Male,N,322,"Gilmerton, Edinburgh",Edinburgh,"Edinburgh Southeast","Lothian (Edinburgh)"
wreath,55.79769546702487,-3.9184558700289456,1664881999,1328,1978,44,Female,Y,1151,Motherwell,"North Lanarkshire",ML1,Glasgow
wreath,55.06777396392212,-3.6023846969785285,1664882060,1282,1981,41,Male,Y,186,"Dumfries (centre and east: Dalscone, Georgetown, Heathhall, Kingholm Quay, Noblehill, The Crichton)","Dumfries and Galloway",DG1,"Dumfries and Galloway"
wreath,55.88345647580899,-4.3572652523821755,1664882076,1319,1986,36,Male,Y,643,"Anniesland, Glasgow",Glasgow,"Glasgow Northwest",Glasgow
wreath,55.92451762864166,-4.241108369830727,1664882101,1329,1997,25,Male,Y,502,Bishopbriggs,"East Dunbartonshire",G64,Glasgow
wreath,56.09817032552155,-3.768720354324284,1664882124,1325,1969,53,Male,Y,391,Alloa,Clackmannanshire,FK10,"Stirling and Falkirk"
wreath,55.823469325558975,-4.185394532832337,1664882144,1341,1989,33,Male,Y,529,Cambuslang,"South Lanarkshire",G72,Glasgow
wreath,56.21994652296427,-4.603651238071889,1664882322,1333,1961,61,Female,Y,473,"Stirling (centre and west: Kings Park, Raploch, Riverside)",Stirlingshire,FK8,"Stirling and Falkirk"
wreath,57.14054546228024,-2.3118651676398247,1664882446,1340,1990,32,Female,Y,26,Echt,Aberdeenshire,AB32,"North East (Aberdeen)"
wreath,57.68615848961579,-3.2815698255369936,1664882574,1324,1961,61,Female,N,738,Lossiemouth,Moray,IV31,"North East (Aberdeen)"
wreath,55.46953466548203,-4.62532923595725,1664882608,1347,1956,66,Male,Y,868,"Newton on Ayr","South Ayrshire",KA8,Ayrshire
wreath,55.5030259470645,-4.460021075990168,1664882636,1358,1991,31,Male,Y,846,Mauchline,"East Ayrshire",KA5,Ayrshire
wreath,57.65156826799381,-2.785311592015705,1664882647,1029,1971,51,Male,Y,62,Portsoy,Aberdeenshire,AB45,"North East (Aberdeen)"
wreath,55.58179377763969,-4.328636077909186,1664882715,1345,1985,37,Female,Y,795,Newmilns,"East Ayrshire",KA16,Ayrshire
wreath,55.79104360425702,-3.0367728646181873,1664882815,1364,1995,27,Male,Y,338,Gorebridge,Midlothian,EH23,"Lothian (Edinburgh)"
wreath,56.0667570705411,-3.393781361613947,1664882855,1363,1975,47,Male,N,1094,Rosyth,Fife,KY11,Fife
wreath,57.06360446947233,-2.2634227826129862,1664883137,1348,1977,45,Male,Y,5,"Cove Bay",Aberdeenshire,AB12,"North East (Aberdeen)"
wreath,56.095638545524324,-3.252488460930019,1664883158,1369,1944,78,Male,Y,1117,"Kirkcaldy (west: Hayfield, Templehall, Newliston, Chapel, Dunnikier, Bennochy)",Fife,KY2,Fife
wreath,57.50254546455662,-4.077135208969151,1664883264,1357,1980,42,Female,Y,715,Balloch,Highland,IV2,"Highlands (Inverness)"
wreath,55.94994779856361,-4.216044272235512,1664883367,1371,1980,42,Female,Y,502,Bishopbriggs,"East Dunbartonshire",G64,Glasgow
wreath,55.95090125005115,-3.2767163253404323,1664883396,1338,1990,32,Male,Y,288,"Murrayfield, Edinburgh",Edinburgh,"Edinburgh North","Lothian (Edinburgh)"
wreath,56.05892914367657,-3.370094904288721,1664883659,1362,1986,36,Male,Y,1090,"Dunfermline (south and east: Halbeath, Touch, Duloch, Masterton, Pitcorthie, Abbeyview, Brucefield, Hospital Hill, Camdean, Pitreavie)",Fife,KY11,Fife
wreath,55.65554280905372,-4.406696292430284,1664883685,1384,1996,26,Female,Y,841,Stewarton,"East Ayrshire",KA3,Ayrshire
wreath,55.877714587845354,-4.432571346438001,1664883709,1381,1990,32,Male,Y,1264,Renfrew,Renfrewshire,PA4,Glasgow
wreath,57.143698020054245,-2.088315525984852,1664883724,1382,1995,27,Female,N,126,"Bridge of Dee, Aberdeen",Aberdeen,"Aberdeen Southeast","North East (Aberdeen)"
wreath,56.2223384361901,-3.9766081511826217,1664883877,1392,1969,53,Female,Y,405,Dunblane,Stirlingshire,FK15,"Stirling and Falkirk"
wreath,55.76648826609335,-3.6286267900391214,1664883881,1394,1991,31,Male,Y,1167,Lanark,"South Lanarkshire",ML11,Glasgow
wreath,56.030523774033796,-3.3763147757203935,1664883971,1386,1973,49,Female,Y,1090,"Dunfermline (south and east: Halbeath, Touch, Duloch, Masterton, Pitcorthie, Abbeyview, Brucefield, Hospital Hill, Camdean, Pitreavie)",Fife,KY11,Fife
wreath,55.4100129675261,-4.660180166564334,1664883978,1237,1969,53,Female,Y,856,"Ayr (Centre)","South Ayrshire",KA7,Ayrshire
wreath,55.9322195946363,-4.1512747367231855,1664884032,1387,1984,38,Male,Y,507,Kirkintilloch,"East Dunbartonshire",G66,Glasgow
wreath,55.87492844875374,-3.283717104444616,1664884107,1376,1990,32,Female,Y,308,"Liberton, Edinburgh",Edinburgh,"Edinburgh South","Lothian (Edinburgh)"
wreath,56.87310035720816,-2.845994183398309,1664884128,1399,1993,29,Male,N,182,Brechin,Angus,DD9,"Tayside and Angus (Dundee)"
wreath,56.15791208822747,-3.919610241672294,1664884144,1383,1957,65,Female,Y,477,"Bridge of Allan",Stirlingshire,FK9,"Stirling and Falkirk"
wreath,56.02453326169838,-3.7778777475973855,1664884153,1406,1991,31,Male,Y,430,Brightons,Falkirk,FK2,"Stirling and Falkirk"
wreath,55.84104342426118,-4.181431649336924,1664884158,1002,1977,45,Female,Y,615,"Bridgeton, Glasgow",Glasgow,"Glasgow Northeast",Glasgow
wreath,57.369775181253914,-4.13371081007949,1664884223,1405,1983,39,Male,N,714,"Inverness (east: Culcabock, Crown, Culduthel, Drummond, Haugh, Hilton, Holm, Lochardil, Millburn, Raigmore)",Highland,IV2,"Highlands (Inverness)"
wreath,55.888658817476546,-3.2029242008857426,1664884251,1376,1990,32,Female,Y,308,"Liberton, Edinburgh",Edinburgh,"Edinburgh South","Lothian (Edinburgh)"
wreath,57.556308033565415,-2.486419208673097,1664884346,1403,2002,20,Female,School,76,Fyvie,Aberdeenshire,AB53,"North East (Aberdeen)"
wreath,56.62678254298989,-2.8782461993707305,1664884523,1400,1990,32,Male,Y,179,Forfar,Angus,DD8,"Tayside and Angus (Dundee)"
wreath,56.081265640842005,-3.3340095893536437,1664884532,1407,1982,40,Female,Y,1121,Cowdenbeath,Fife,KY4,Fife
wreath,56.042418466736464,-3.5398420724021107,1664884558,1408,1960,62,Female,Y,1096,"Dunfermline (centre, north, west: Abbey Parks, Lady's Mill, Garvock, Headwell, Kingseathill, Wellwood, Milesmark, Baldridge, Pittencrieff, Baldridgeburn)",Fife,KY12,Fife
wreath,57.34625881900088,-2.8881344914600464,1664884560,1375,1998,24,Female,Y,83,Huntly,Aberdeenshire,AB54,"North East (Aberdeen)"
wreath,55.87732008297964,-4.3266320540828564,1664884661,1414,1990,32,Male,Y,644,"Partick, Glasgow",Glasgow,"Glasgow Northwest",Glasgow
wreath,56.166734023549104,-3.3302991590151865,1664884756,1418,1971,51,Female,Y,1128,Lochgelly,Fife,KY5,Fife
wreath,55.64860646466445,-4.288497973008091,1664884860,1423,1992,30,Male,Y,796,Darvel,"East Ayrshire",KA17,Ayrshire
wreath,55.77259302390405,-4.187653666311032,1664884877,1416,1966,56,Male,Y,530,"East Kilbride (north: The Village, East Mains, West Mains, Lymekilns, St Leonards, Calderwood, Nerston, Stewartfield, Peel Park)","South Lanarkshire",G74,Glasgow
wreath,55.989462239000964,-3.7185017547074044,1664884933,1421,1984,38,Female,Y,430,Brightons,Falkirk,FK2,"Stirling and Falkirk"
wreath,55.95564096323229,-3.2751938704977044,1664885063,1428,1977,45,Female,Y,297,"Blackhall, Edinburgh",Edinburgh,"Edinburgh North","Lothian (Edinburgh)"
wreath,56.257672356843706,-3.1238638712240747,1664885063,1425,1995,27,Female,Y,1109,Ladybank,Fife,KY15,Fife
wreath,56.02532136598905,-3.8639241589785924,1664885070,1404,1992,30,Female,Y,450,Stenhousemuir,Falkirk,FK5,"Stirling and Falkirk"
wreath,55.88786867690943,-4.369917053930163,1664885184,1419,2000,22,Other,N,639,"Scotstoun, Glasgow",Glasgow,"Glasgow Northwest",Glasgow
wreath,55.948561183791355,-4.462068135874387,1664885186,1435,1985,37,Female,Y,546,Clydebank,"West Dunbartonshire",G81,Glasgow
wreath,56.03492503190758,-3.688294754450962,1664885188,1432,1969,53,Male,N,439,Grangemouth,Falkirk,FK3,"Stirling and Falkirk"
wreath,55.8042608407157,-4.307239792643981,1664885229,1438,1984,38,Female,Y,648,"Shawlands, Glasgow",Glasgow,"Glasgow South",Glasgow
wreath,55.94445328482935,-3.214202728516102,1664885265,1439,1988,34,Other,Y,292,"Craigleith, Edinburgh",Edinburgh,"Edinburgh North","Lothian (Edinburgh)"
wreath,57.48711504625517,-2.014639823119993,1664885307,1434,1985,37,Female,Y,54,Peterhead,Aberdeenshire,AB42,"North East (Aberdeen)"
wreath,57.47084245578654,-1.8121081725566708,1664885333,1426,1995,27,Other,Y,54,Peterhead,Aberdeenshire,AB42,"North East (Aberdeen)"
wreath,57.52731167887443,-1.8211215962485243,1664885428,1454,1989,33,Female,Y,54,Peterhead,Aberdeenshire,AB42,"North East (Aberdeen)"
wreath,56.16175581928681,-3.2920526915629567,1664885461,1444,1953,69,Female,Y,1125,Ballingry,Fife,KY5,Fife
wreath,56.21641861817417,-3.2180033575165314,1664885510,1442,1970,52,Male,N,1129,"Glenrothes (west: Caskieberran, Rimbleton, Macedonia, Tanshall)",Fife,KY6,Fife
wreath,55.778163258046824,-3.9867271989289654,1664885539,1445,2001,21,Male,Y,1151,Motherwell,"North Lanarkshire",ML1,Glasgow
wreath,56.232384317890336,-4.261927822780578,1664885610,1420,1988,34,Male,Y,410,Callander,Stirlingshire,FK17,"Stirling and Falkirk"
wreath,55.69318320482319,-4.792309064887969,1664885746,1466,1980,42,Female,Y,813,Ardrossan,"North Ayrshire",KA22,Ayrshire
wreath,56.85213920542587,-2.9392526104829546,1664885916,1463,1995,27,Female,Y,182,Brechin,Angus,DD9,"Tayside and Angus (Dundee)"
wreath,56.557617130216315,-3.301470319187479,1664886152,1462,1981,41,Male,N,1324,"Coupar Angus","Perth and Kinross",PH13,Fife
wreath,57.80506481609301,-4.222242846427658,1664886190,1449,1958,64,Female,N,711,Tain,Highland,IV19,"Highlands (Inverness)"
wreath,57.79742961387533,-3.9264322820747566,1664886191,557,1958,64,Male,Y,717,"Hill of Fearn",Highland,IV20,"Highlands (Inverness)"
wreath,56.047132347221286,-3.8566655635132037,1664886212,1458,1972,50,Male,Y,449,Larbert,Falkirk,FK5,"Stirling and Falkirk"
wreath,55.94063611495842,-3.7138750960328264,1664886235,1455,1989,33,Female,Y,377,"Falkirk (centre and south: Arnothill, Bantaskin, Callendar Park, Glen Village, Hallglen, Lionthorn, Tamfourhill, Woodlands)",Falkirk,FK1,"Stirling and Falkirk"
wreath,55.95545527661986,-3.246250232546938,1664886258,1467,1995,27,Male,Y,288,"Murrayfield, Edinburgh",Edinburgh,"Edinburgh North","Lothian (Edinburgh)"
wreath,56.28830702981923,-4.191083603808658,1664886268,1471,1967,55,Male,N,410,Callander,Stirlingshire,FK17,"Stirling and Falkirk"
wreath,56.49307062944058,-3.0192311152158724,1664886504,1479,1968,54,Male,Y,237,"Blackness, Dundee",Dundee,"Dundee Central","Tayside and Angus (Dundee)"
wreath,56.4852761077668,-2.820019324286173,1664886511,1484,1962,60,Female,Y,247,"Broughty Ferry, Dundee",Dundee,"Dundee East","Tayside and Angus (Dundee)"
wreath,57.08623315673243,-2.2877866415000883,1664886624,1490,1995,27,Female,Y,131,"Milltimber, Aberdeen",Aberdeen,"Aberdeen Southwest","North East (Aberdeen)"
wreath,55.78544099261139,-4.188686833993325,1664886644,1470,1982,40,Male,Y,530,"East Kilbride (north: The Village, East Mains, West Mains, Lymekilns, St Leonards, Calderwood, Nerston, Stewartfield, Peel Park)","South Lanarkshire",G74,Glasgow
wreath,55.8287650190032,-4.366395638566695,1664886651,1476,1994,28,Female,Y,678,"Cardonald, Glasgow",Glasgow,"Glasgow Southwest",Glasgow
wreath,56.05816494367796,-3.4238161688816584,1664886768,1499,1982,40,Female,Y,1094,Rosyth,Fife,KY11,Fife
wreath,57.62705322229555,-2.229542029488848,1664887002,1501,1988,34,Female,Y,57,Fraserburgh,Aberdeenshire,AB43,"North East (Aberdeen)"
wreath,55.90731806182857,-4.45895637076006,1664887086,1453,1989,33,Female,Y,1306,Erskine,Renfrewshire,PA8,Glasgow
wreath,55.820665818451566,-4.612788794980206,1664887095,1514,1969,53,Female,Y,1222,Kilbarchan,Renfrewshire,PA10,Glasgow
wreath,55.958121374210556,-3.1296092978379546,1664887099,1489,1956,66,Male,Y,285,"Leith, Edinburgh",Edinburgh,"Edinburgh Leith","Lothian (Edinburgh)"
wreath,56.08619028029129,-3.7502992482190507,1664887184,1522,1956,66,Male,N,391,Alloa,Clackmannanshire,FK10,"Stirling and Falkirk"
wreath,56.80645203910303,-2.9552947484551413,1664887188,1502,1995,27,Female,Y,181,Kirriemuir,Angus,DD8,"Tayside and Angus (Dundee)"
wreath,55.00880582932721,-3.0934738981737233,1664887232,1518,2003,19,Other,Y,205,Gretna,"Dumfries and Galloway",DG16,"Dumfries and Galloway"
wreath,55.96713574651686,-4.349145547685711,1664887278,1516,1991,31,Male,Y,489,Milngavie,"East Dunbartonshire",G62,Glasgow
wreath,55.95605306449302,-3.158693537645764,1664887385,1506,1954,68,Male,N,285,"Leith, Edinburgh",Edinburgh,"Edinburgh Leith","Lothian (Edinburgh)"
wreath,56.46762743060173,-2.958559815049355,1664887393,1517,1949,73,Female,Y,234,"Baxter Park, Dundee",Dundee,"Dundee Bluebelt","Tayside and Angus (Dundee)"
wreath,56.05502570298194,-4.065894759175723,1664887396,1509,2004,18,Female,Y,464,"Stirling (south and east: Braehead, Borestone, Broomridge, Torbrex)",Stirlingshire,FK7,"Stirling and Falkirk"
wreath,56.48498414097798,-2.9374858873205723,1664887422,1523,1980,42,Female,Y,255,"Fintry, Dundee",Dundee,"Dundee North","Tayside and Angus (Dundee)"
wreath,55.892325285595916,-4.359414368905009,1664887488,1525,1957,65,Female,Y,641,"Knightswood, Glasgow",Glasgow,"Glasgow Northwest",Glasgow
wreath,56.499850776302466,-2.965865296185134,1664887572,1520,1981,41,Female,N,252,"Linlathen and Midcraigie, Dundee",Dundee,"Dundee North","Tayside and Angus (Dundee)"
wreath,55.85816891749344,-4.024515428129226,1664887626,1521,1988,34,Male,Y,1189,Coatbridge,"North Lanarkshire",ML5,Glasgow
wreath,56.88592845504243,-3.02339274661346,1664887663,1511,1956,66,Female,N,182,Brechin,Angus,DD9,"Tayside and Angus (Dundee)"
wreath,56.488857329148416,-2.9444335591206747,1664887703,1505,1970,52,Male,Y,256,"Whitfield, Dundee",Dundee,"Dundee North","Tayside and Angus (Dundee)"
wreath,56.47107107418849,-2.9553055500851473,1664887724,1526,1981,41,Male,Y,233,"Fairmuir, Dundee",Dundee,"Dundee Bluebelt","Tayside and Angus (Dundee)"
wreath,56.00924063997806,-3.674068025152039,1664887770,1539,1969,53,Female,Y,370,Bo'ness,Falkirk,EH51,"Lothian (Edinburgh)"
wreath,57.54220967339386,-1.847022473720253,1664887979,1536,1950,72,Male,Y,54,Peterhead,Aberdeenshire,AB42,"North East (Aberdeen)"
wreath,57.06548149709335,-2.277289086215552,1664887991,1543,1979,43,Female,N,11,Kincorth, Aberdeen,AB12,"North East (Aberdeen)"
wreath,56.96521852410613,-2.7264402494030167,1664888183,1351,1986,36,Male,Y,22,Banchory,Aberdeenshire,AB31,"North East (Aberdeen)"
wreath,55.611691862145165,-4.663954403926158,1664888268,1542,1984,38,Female,N,787,"Irvine (centre: Castlepark, Tarryholme)","North Ayrshire",KA12,Ayrshire
wreath,55.38068958252953,-4.7638879587608685,1664888285,1530,1997,25,Male,Y,856,"Ayr (Centre)","South Ayrshire",KA7,Ayrshire
wreath,55.93759552788777,-4.230637581903967,1664888302,1553,1988,34,Male,Y,502,Bishopbriggs,"East Dunbartonshire",G64,Glasgow
wreath,55.91463594510245,-3.8440913584852208,1664888318,1557,1965,57,Female,Y,377,"Falkirk (centre and south: Arnothill, Bantaskin, Callendar Park, Glen Village, Hallglen, Lionthorn, Tamfourhill, Woodlands)",Falkirk,FK1,"Stirling and Falkirk"
wreath,55.94665224552004,-3.01884949300198,1664888354,1561,1995,27,Female,Y,330,Musselburgh,"East Lothian",EH21,"Lothian (Edinburgh)"
wreath,55.97354871382711,-3.2548744961323037,1664888375,1472,1976,46,Male,N,279,"Clermiston and Drumbrae, Edinburgh",Edinburgh,"Edinburgh Clermiston Granton","Lothian (Edinburgh)"
wreath,56.96281610101743,-3.0092101073045967,1664888529,1568,2002,20,Male,Y,182,Brechin,Angus,DD9,"Tayside and Angus (Dundee)"
wreath,55.93499436694869,-3.268148759091494,1664888603,1570,1989,33,Female,Y,287,"Corstorphine, Edinburgh",Edinburgh,"Edinburgh North","Lothian (Edinburgh)"
wreath,55.879032102767226,-3.220409857384594,1664888692,1569,1973,49,Female,Y,315,"Fairmilehead, Edinburgh",Edinburgh,"Edinburgh South","Lothian (Edinburgh)"
wreath,55.81324390143228,-4.264333156140977,1664888722,1565,2000,22,Female,Y,645,Clarkston,"East Renfrewshire","Glasgow South",Glasgow
wreath,55.971964689311896,-3.258568979214991,1664888776,1573,1986,36,Female,Y,278,"Granton, Edinburgh",Edinburgh,"Edinburgh Clermiston Granton","Lothian (Edinburgh)"
wreath,55.842280414949194,-4.261519001430354,1664889089,1576,1955,67,Female,N,672,"Govan, Glasgow",Glasgow,"Glasgow Southwest",Glasgow
wreath,55.94602505679979,-4.421791695257736,1664889208,1587,1967,55,Male,Y,546,Clydebank,"West Dunbartonshire",G81,Glasgow
wreath,57.183487097854275,-2.4952149997660613,1664889359,1594,1995,27,Female,Y,65,Kemnay,Aberdeenshire,AB51,"North East (Aberdeen)"
wreath,56.5550225452428,-2.622245036659304,1664889479,1578,1953,69,Female,N,141,Arbroath,Angus,DD11,"Tayside and Angus (Dundee)"
wreath,55.882189185816,-3.7051901562670526,1664889663,1600,1994,28,Male,Y,368,Bathgate,"West Lothian",EH48,"Lothian (Edinburgh)"
wreath,55.90122483522454,-4.1981131386726025,1664889677,1598,1981,41,Male,Y,623,"Shettleston, Glasgow",Glasgow,"Glasgow Northeast",Glasgow
wreath,55.928413448731746,-4.836184209408995,1664889724,1602,1990,32,Female,Y,1231,"Greenock (west: Bow Farm, Braeside, Branchton, Fort Matilda, Gateside, Greenock West, Overton, Pennyfern, Smithston)",Inverclyde,PA16,Glasgow
wreath,55.76583394606845,-3.95125600664513,1664889900,1596,1962,60,Female,Y,1180,Wishaw,"North Lanarkshire",ML2,Glasgow
wreath,55.419300677832375,-4.709551509890089,1664890058,1605,1985,37,Female,Y,859,Doonfoot,"South Ayrshire",KA7,Ayrshire
wreath,55.408142325591825,-4.703377958844491,1664890198,1605,1985,37,Female,Y,859,Doonfoot,"South Ayrshire",KA7,Ayrshire
wreath,55.89898621753126,-4.311437556204358,1664890208,1606,1994,28,Male,Y,488,Bearsden,"East Dunbartonshire",G61,Glasgow
wreath,57.169607043782726,-2.1494675300910506,1664890407,1608,1945,77,Female,N,107,"Rosemount, Aberdeen",Aberdeen,"Aberdeen Central","North East (Aberdeen)"
wreath,55.880308008489415,-3.652526068616648,1664890478,1604,1956,66,Female,Y,368,Bathgate,"West Lothian",EH48,"Lothian (Edinburgh)"
wreath,57.5903902200634,-4.1329784250686465,1664890485,1611,1980,42,Male,Y,700,Fortrose,Highland,IV10,"Highlands (Inverness)"
wreath,57.13477288432041,-2.1402032494885677,1664890565,1610,1968,54,Male,N,128,"Mannofield, Aberdeen",Aberdeen,"Aberdeen Southwest","North East (Aberdeen)"
wreath,55.9482103826174,-4.8358878196893,1664890613,1621,1984,38,Male,Y,1235,Gourock,Inverclyde,PA19,Glasgow
wreath,55.79280747999274,-4.017996462401412,1664890649,1601,1996,26,Female,Y,1151,Motherwell,"North Lanarkshire",ML1,Glasgow
wreath,57.17173957294513,-2.1086428457868034,1664890856,1615,1971,51,Female,Y,107,"Rosemount, Aberdeen",Aberdeen,"Aberdeen Central","North East (Aberdeen)"
wreath,57.12026589650846,-2.319306601687081,1664890915,1622,1976,46,Female,N,128,"Mannofield, Aberdeen",Aberdeen,"Aberdeen Southwest","North East (Aberdeen)"
wreath,57.028163008127535,-2.2209989296029073,1664891032,1508,1995,27,Female,Y,48,Stonehaven,Aberdeenshire,AB39,"North East (Aberdeen)"
wreath,56.51788761831598,-3.3261477682702147,1664891036,1628,1963,59,Female,Y,1324,"Coupar Angus","Perth and Kinross",PH13,Fife
wreath,56.046177021383585,-3.470767926639848,1664891546,1642,1968,54,Male,Y,1092,Limekilns,Fife,KY11,Fife
wreath,55.8186644912887,-4.452731697857806,1664891589,1636,1988,34,Male,Y,1236,"Paisley (south: Blackhall, Castlehead, Dykebar, Foxbar, Hunterhill, Meikleriggs)",Renfrewshire,PA2,Glasgow
wreath,55.93978692648291,-3.241151666574769,1664891743,1635,1958,64,Female,Y,272,"New Town, Edinburgh",Edinburgh,"Edinburgh Central","Lothian (Edinburgh)"
wreath,55.1220316373389,-4.217253252075137,1664891848,1638,1970,52,Male,Y,221,"Gatehouse of Fleet","Dumfries and Galloway",DG7,"Dumfries and Galloway"
wreath,55.897641488297516,-4.453246606822834,1664891914,1639,1982,40,Female,Y,1306,Erskine,Renfrewshire,PA8,Glasgow
wreath,55.99672950926783,-3.9729331398072283,1664891970,1644,1990,32,Female,Y,442,Allandale, Falkirk,FK4,"Stirling and Falkirk"
wreath,55.56681797732572,-4.414180338652782,1664891985,1647,1947,75,Male,Y,779,"Kilmarnock (centre and south: Bonnyton, Grange, Bellfield, Shortlees, Caprington, Riccarton, Hurlford)","East Ayrshire",KA1,Ayrshire
wreath,57.276178975312156,-2.439354398104296,1664892246,1178,1989,33,Female,N,65,Kemnay,Aberdeenshire,AB51,"North East (Aberdeen)"
wreath,55.422473713002574,-4.715441725538956,1664892249,1654,1992,30,Male,Y,856,"Ayr (Centre)","South Ayrshire",KA7,Ayrshire
wreath,55.941648091169675,-3.280493525229904,1664892308,1634,1991,31,Male,Y,297,"Blackhall, Edinburgh",Edinburgh,"Edinburgh North","Lothian (Edinburgh)"
wreath,55.955003108208544,-3.672142154490563,1664892315,1631,1996,26,Male,Y,369,Linlithgow,"West Lothian",EH49,"Lothian (Edinburgh)"
wreath,55.42836245497634,-4.675361052001741,1664892332,1653,1988,34,Female,Y,856,"Ayr (Centre)","South Ayrshire",KA7,Ayrshire
wreath,55.18986722841519,-3.460640499582123,1664892345,1633,1947,75,Male,Y,196,Lockerbie,"Dumfries and Galloway",DG11,"Dumfries and Galloway"
wreath,57.57947513484003,-2.0421968847285443,1664892388,1655,1969,53,Female,Y,57,Fraserburgh,Aberdeenshire,AB43,"North East (Aberdeen)"
wreath,55.78538575293509,-3.943801925994877,1664892468,1659,1979,43,Male,Y,1151,Motherwell,"North Lanarkshire",ML1,Glasgow
wreath,55.8761305273092,-3.886099621792785,1664892652,1661,1959,63,Male,Y,1192,Airdrie,"North Lanarkshire",ML6,Glasgow
wreath,56.47223614558758,-5.574702871133098,1664892665,1650,1950,72,Female,N,1257,Oban,"Argyll and Bute",PA34,"Argyll and Bute"
wreath,56.792298288145005,-3.0103959068930526,1664892760,1641,1977,45,Male,N,179,Forfar,Angus,DD8,"Tayside and Angus (Dundee)"
wreath,55.90586542748472,-3.538328486520498,1664892804,1666,1974,48,Female,N,375,Livingston,"West Lothian",EH54,"Lothian (Edinburgh)"
wreath,55.662393701551814,-5.348893709569371,1664892810,1646,1999,23,Male,Y,827,"Isle of Arran","North Ayrshire",KA27,Ayrshire
wreath,55.83904938407325,-4.318569911351053,1664892942,1675,1974,48,Female,N,672,"Govan, Glasgow",Glasgow,"Glasgow Southwest",Glasgow
wreath,55.84987687843785,-4.450759313899253,1664892996,1669,1994,28,Male,N,1249,"Paisley (north west: Ferguslie Park, Gallowhill, Gockston, Shortroods, )",Renfrewshire,PA3,Glasgow
wreath,56.15663650739907,-3.1844883120000893,1664893040,1674,1979,43,Male,Y,1117,"Kirkcaldy (west: Hayfield, Templehall, Newliston, Chapel, Dunnikier, Bennochy)",Fife,KY2,Fife
wreath,55.329066488989355,-3.1106054276698685,1664893098,1671,2004,18,Male,Y,203,Langholm,"Dumfries and Galloway",DG13,"Dumfries and Galloway"
wreath,56.082514253420655,-4.0886964946124795,1664893102,1676,1995,27,Female,Y,464,"Stirling (south and east: Braehead, Borestone, Broomridge, Torbrex)",Stirlingshire,FK7,"Stirling and Falkirk"
wreath,56.45616410583088,-2.98682642864726,1664893366,1687,1978,44,Female,Y,261,"Westend, Dundee",Dundee,"Dundee West","Tayside and Angus (Dundee)"
wreath,58.45258752480855,-3.754769922114283,1664893600,1694,1996,26,Other,Y,953,Reay,Highland,KW14,"Highlands (Inverness)"
wreath,55.928737437155874,-4.3701309654340355,1664893603,1690,1973,49,Female,Y,488,Bearsden,"East Dunbartonshire",G61,Glasgow
wreath,56.944596990287096,-2.8327493937551016,1664893664,1679,2001,21,Female,N,182,Brechin,Angus,DD9,"Tayside and Angus (Dundee)"
wreath,57.17010644676857,-2.1528668598929452,1664893745,1699,1988,34,Female,Y,105,"Seaton, Aberdeen",Aberdeen,"Aberdeen Central","North East (Aberdeen)"
wreath,55.518908786990906,-2.9166307484042755,1664894024,1697,1983,39,Female,Y,1479,Selkirk,"Scottish Borders",TD7,Borders
wreath,56.48559952605512,-3.0470757746479737,1664894058,1695,1956,66,Male,N,238,"Menzieshill, Dundee",Dundee,"Dundee Central","Tayside and Angus (Dundee)"
wreath,55.80248063737691,-4.264383684037451,1664894074,1700,1982,40,Male,Y,647,"Pollokshields, Glasgow",Glasgow,"Glasgow South",Glasgow
wreath,56.02013910812071,-3.389144478234679,1664894159,1703,1994,28,Male,Y,1090,"Dunfermline (south and east: Halbeath, Touch, Duloch, Masterton, Pitcorthie, Abbeyview, Brucefield, Hospital Hill, Camdean, Pitreavie)",Fife,KY11,Fife
wreath,56.4078218118423,-3.939698283138657,1664894183,1686,1965,57,Female,N,1402,Crieff,"Perth and Kinross",PH7,Fife
wreath,55.970503050758765,-3.173540667248275,1664894231,1702,1948,74,Female,Y,285,"Leith, Edinburgh",Edinburgh,"Edinburgh Leith","Lothian (Edinburgh)"
wreath,56.09281164466396,-3.760497352522031,1664894260,1696,1965,57,Female,N,391,Alloa,Clackmannanshire,FK10,"Stirling and Falkirk"
wreath,56.43376440809965,-2.929894680113284,1664894308,1707,1966,56,Male,Y,176,Tayport,Fife,DD6,"Tayside and Angus (Dundee)"
wreath,56.29325932694339,-2.790213469316908,1664894314,1706,1989,33,Female,Y,1114,"St Andrews",Fife,KY16,Fife
wreath,56.13344879295358,-3.9308354692304577,1664894323,1577,2003,19,Male,Y,479,"Stirling (north: Causewayhead, Cornton)",Stirlingshire,FK9,"Stirling and Falkirk"
wreath,55.85559627713789,-4.209613099970033,1664894360,1660,1964,58,Female,Y,634,"Maryhill, Glasgow",Glasgow,"Glasgow Northeast",Glasgow
wreath,57.563361095778305,-4.518118927150621,1664894487,1710,1984,38,Male,Y,775,Culbokie,Highland,IV7,"Highlands (Inverness)"
wreath,57.14058538521749,-2.5494167149838454,1664894579,1714,1962,60,Female,Y,66,Kintore,Aberdeenshire,AB51,"North East (Aberdeen)"
wreath,55.82178533933001,-4.215932789667385,1664894874,1721,1970,52,Female,Y,653,"Netherlee, Glasgow",Glasgow,"Glasgow South",Glasgow
wreath,55.53708791676217,-4.153091976082546,1664894895,1720,1968,54,Female,Y,798,Cumnock,"East Ayrshire",KA18,Ayrshire
wreath,56.773538664470884,-2.6970668118388974,1664894931,1722,1979,43,Female,N,182,Brechin,Angus,DD9,"Tayside and Angus (Dundee)"
wreath,55.90138111337205,-3.2613988395416476,1664895117,1725,1963,59,Male,Y,316,"Bruntsfield, Edinburgh",Edinburgh,"Edinburgh South","Lothian (Edinburgh)"
wreath,56.692213774006184,-3.9381632537165725,1664895190,1723,1957,65,Male,Y,1329,Pitlochry,"Perth and Kinross",PH16,Fife
wreath,56.294287796878535,-3.3232998709264385,1664895332,1737,1987,35,Male,Y,1103,Strathmiglo,Fife,KY14,Fife
wreath,54.95491710690104,-4.1907867580448706,1664895350,1629,1968,54,Female,N,220,"Castle Douglas","Dumfries and Galloway",DG7,"Dumfries and Galloway"
wreath,54.93098625663864,-4.412505718265692,1664895424,1733,1989,33,Female,Y,225,"Newton Stewart","Dumfries and Galloway",DG8,"Dumfries and Galloway"
wreath,55.71582604209105,-3.868281031069941,1664895434,1729,1995,27,Male,Y,1212,Carluke,"South Lanarkshire",ML8,Glasgow
wreath,55.124676206722334,-4.580955255530994,1664895482,1735,1955,67,Female,Y,223,Glenluce,"Dumfries and Galloway",DG8,"Dumfries and Galloway"
wreath,55.870140300969176,-3.9304946051486453,1664895532,1715,1962,60,Female,N,1192,Airdrie,"North Lanarkshire",ML6,Glasgow
wreath,55.8817309140569,-3.8916427175819783,1664895729,1744,1987,35,Female,Y,1192,Airdrie,"North Lanarkshire",ML6,Glasgow
wreath,55.82060331192281,-4.1674944090799055,1664895806,1745,1972,50,Female,Y,529,Cambuslang,"South Lanarkshire",G72,Glasgow
wreath,56.70365334683563,-2.640103131858816,1664895878,1742,1964,58,Female,N,182,Brechin,Angus,DD9,"Tayside and Angus (Dundee)"
wreath,56.90232051184567,-2.9651425138054277,1664896010,1742,1964,58,Female,N,182,Brechin,Angus,DD9,"Tayside and Angus (Dundee)"
wreath,55.80388960129612,-4.297426435577694,1664896080,1754,1986,36,Female,Y,651,"Cathcart, Glasgow",Glasgow,"Glasgow South",Glasgow
wreath,55.888988727295015,-3.322435414343733,1664896155,1730,1992,30,Male,Y,314,"Morningside, Edinburgh",Edinburgh,"Edinburgh South","Lothian (Edinburgh)"
wreath,55.786981571053815,-3.758120245701712,1664896218,1688,1981,41,Male,Y,366,Whitburn,"West Lothian",EH47,"Lothian (Edinburgh)"
wreath,57.12096871273312,-2.4581780111365075,1664896343,1753,1996,26,Male,Y,28,Westhill,Aberdeenshire,AB32,"North East (Aberdeen)"
wreath,57.183666310500406,-2.179631888025388,1664896654,1749,1994,28,Male,Y,113,"Bridge of Don, Aberdeen",Aberdeen,"Aberdeen North","North East (Aberdeen)"
wreath,55.4748427634154,-4.427199571472774,1664896735,1452,1988,34,Male,Y,846,Mauchline,"East Ayrshire",KA5,Ayrshire
wreath,57.66692214683012,-2.058798143071221,1664896894,1739,1992,30,Female,Y,57,Fraserburgh,Aberdeenshire,AB43,"North East (Aberdeen)"
wreath,57.61850515399868,-4.440317672339956,1664897002,1778,1990,32,Male,Y,705,Dingwall,Highland,IV15,"Highlands (Inverness)"
wreath,55.86526334989759,-3.339556001932949,1664897038,1775,1982,40,Female,Y,316,"Bruntsfield, Edinburgh",Edinburgh,"Edinburgh South","Lothian (Edinburgh)"
wreath,56.243481851041395,-3.5025226946177144,1664897046,1776,1963,59,Female,Y,1100,Scotlandwell,"Perth and Kinross",KY13,Fife
wreath,56.482789188670516,-2.8139455505780906,1664897092,1779,1965,57,Female,Y,248,"Barnhill, Dundee",Dundee,"Dundee East","Tayside and Angus (Dundee)"
wreath,57.45073995074799,-7.187317645958948,1664897197,1795,2003,19,Male,School,694,"Isle of Benbecula","Western Isles",HS7,"Western Isles"
wreath,57.214931737035045,-3.122786900845681,1664897376,1802,1977,45,Female,Y,40,Strathdon,Aberdeenshire,AB36,"North East (Aberdeen)"
wreath,56.48018245622729,-2.9964495605935584,1664897446,1790,1983,39,Male,Y,232,"Craigiebank, Dundee",Dundee,"Dundee Bluebelt","Tayside and Angus (Dundee)"
wreath,55.92258068705981,-4.30114464575072,1664897456,1783,1992,30,Female,Y,488,Bearsden,"East Dunbartonshire",G61,Glasgow
wreath,56.46428003220464,-3.0248950480292023,1664897500,1793,1957,65,Female,N,236,"Lochee, Dundee",Dundee,"Dundee Central","Tayside and Angus (Dundee)"
wreath,56.91603182440551,-2.7380433337041548,1664897505,1781,1985,37,Female,N,182,Brechin,Angus,DD9,"Tayside and Angus (Dundee)"
wreath,55.91019761233854,-2.840153569539208,1664897557,1784,1988,34,Female,Y,350,Pencaitland,"East Lothian",EH34,"Lothian (Edinburgh)"
wreath,57.42946672536027,-4.286145820131106,1664897591,1791,1985,37,Male,Y,714,"Inverness (east: Culcabock, Crown, Culduthel, Drummond, Haugh, Hilton, Holm, Lochardil, Millburn, Raigmore)",Highland,IV2,"Highlands (Inverness)"
wreath,55.906710107545884,-4.359808893596449,1664897595,1796,2001,21,Female,Y,644,"Partick, Glasgow",Glasgow,"Glasgow Northwest",Glasgow
wreath,55.801649311723295,-3.753553071194974,1664897615,1794,1989,33,Male,N,366,Whitburn,"West Lothian",EH47,"Lothian (Edinburgh)"
wreath,56.10914738904384,-3.875315983824825,1664897648,1803,1978,44,Male,N,457,Bannockburn,Stirlingshire,FK7,"Stirling and Falkirk"
wreath,55.62728061988802,-4.272790258757342,1664897684,1800,1966,56,Female,Y,796,Darvel,"East Ayrshire",KA17,Ayrshire
wreath,55.89963625177495,-3.2422135005325674,1664897718,1801,1964,58,Male,N,305,"Oxgangs, Edinburgh",Edinburgh,"Edinburgh Oxgangs","Lothian (Edinburgh)"
wreath,55.87872860856296,-2.894703697843524,1664897740,1784,1988,34,Female,Y,350,Pencaitland,"East Lothian",EH34,"Lothian (Edinburgh)"
wreath,56.114173344245,-4.711559354886769,1664897814,1805,1983,39,Male,Y,557,Alexandria,"West Dunbartonshire",G83,"Argyll and Bute"
wreath,57.008519884816295,-5.7492425245396666,1664897850,1374,1983,39,Male,Y,1392,Mallaig,Highland,PH41,"Highlands (Inverness)"
wreath,56.42077274058979,-2.9247797012811563,1664898128,1808,1958,64,Male,N,176,Tayport,Fife,DD6,"Tayside and Angus (Dundee)"
wreath,55.957114172395585,-4.827232177536478,1664898178,1817,1989,33,Female,Y,1235,Gourock,Inverclyde,PA19,Glasgow
wreath,59.10237932950723,-3.2688958077325414,1664898334,1816,1956,66,Female,Y,1025,"Orkney Islands",Orkney,KW17,"Orkney Islands"
wreath,56.482714590801805,-2.892599761995985,1664898367,1819,1980,42,Male,Y,254,"Douglas, Dundee",Dundee,"Dundee North","Tayside and Angus (Dundee)"
wreath,55.935434035925205,-4.434323267155602,1664898433,1815,1964,58,Male,Y,546,Clydebank,"West Dunbartonshire",G81,Glasgow
wreath,55.911712048106665,-3.2926663006386216,1664898478,1780,1968,54,Female,N,268,"Stenhouse, Edinburgh",Edinburgh,"Edinburgh Central","Lothian (Edinburgh)"
wreath,56.25176631158096,-3.4085108800655854,1664898560,1823,1988,34,Male,Y,1098,Kinross,"Perth and Kinross",KY13,Fife
wreath,55.939458828104925,-3.2231451026220808,1664898593,1780,1968,54,Female,N,268,"Stenhouse, Edinburgh",Edinburgh,"Edinburgh Central","Lothian (Edinburgh)"
wreath,55.953870147910706,-4.4509761174461895,1664898607,1815,1964,58,Male,Y,546,Clydebank,"West Dunbartonshire",G81,Glasgow
wreath,55.90496865146111,-3.3030005220650627,1664898712,1826,1977,45,Female,Y,317,"Marchmont, Edinburgh",Edinburgh,"Edinburgh South","Lothian (Edinburgh)"
wreath,56.03984920619835,-4.05549546458444,1664898725,1831,1988,34,Male,Y,452,Denny,Falkirk,FK6,"Stirling and Falkirk"
wreath,55.9658043760206,-4.560596285797524,1664898841,1838,1993,29,Male,Y,549,Dumbarton,"West Dunbartonshire",G82,Glasgow
wreath,55.282334585422504,-4.47056863665634,1664898923,1833,1948,74,Male,Y,804,Crosshill,"South Ayrshire",KA19,Ayrshire
wreath,55.917637940977805,-4.3577878848050124,1664899159,1827,1996,26,Female,Y,639,"Scotstoun, Glasgow",Glasgow,"Glasgow Northwest",Glasgow
wreath,57.580009012286034,-3.423675570907515,1664899162,1772,1996,26,Other,Y,737,Elgin,Moray,IV30,"North East (Aberdeen)"
wreath,55.808508191008094,-4.468865905155404,1664899323,1841,1989,33,Female,Y,1236,"Paisley (south: Blackhall, Castlehead, Dykebar, Foxbar, Hunterhill, Meikleriggs)",Renfrewshire,PA2,Glasgow
wreath,55.80252754839608,-4.053265171709426,1664899394,1843,1956,66,Female,N,525,Uddingston,"South Lanarkshire",G71,Glasgow
wreath,55.893466277308775,-3.6689630384930747,1664899418,1837,1973,49,Female,N,368,Bathgate,"West Lothian",EH48,"Lothian (Edinburgh)"
wreath,57.15951174387202,-2.1083018400996134,1664899505,1839,1953,69,Female,Y,99,"Middlefield, Aberdeen",Aberdeen,"Aberdeen Central","North East (Aberdeen)"
wreath,55.85356180885954,-4.040815010257674,1664899584,1850,1967,55,Female,Y,1189,Coatbridge,"North Lanarkshire",ML5,Glasgow
wreath,55.96173674650074,-4.4588464074713245,1664899657,1842,1960,62,Male,Y,546,Clydebank,"West Dunbartonshire",G81,Glasgow
wreath,56.855636540823504,-2.2827903534932017,1664899664,1848,1962,60,Male,Y,140,Montrose,Angus,DD10,"Tayside and Angus (Dundee)"
wreath,56.73394742469003,-3.191489540318903,1664899680,1854,1994,28,Female,Y,179,Forfar,Angus,DD8,"Tayside and Angus (Dundee)"
wreath,55.910891886418014,-3.2798577951068326,1664899734,1858,1950,72,Male,N,272,"New Town, Edinburgh",Edinburgh,"Edinburgh Central","Lothian (Edinburgh)"
wreath,56.47579622486889,-3.0485392417985904,1664899782,1855,1976,46,Male,Y,245,"Law, Dundee",Dundee,"Dundee Central","Tayside and Angus (Dundee)"
wreath,56.080743969193655,-3.198076459436654,1664899863,1852,1967,55,Male,Y,1117,"Kirkcaldy (west: Hayfield, Templehall, Newliston, Chapel, Dunnikier, Bennochy)",Fife,KY2,Fife
wreath,55.90570146112895,-3.291870554758821,1664900419,1863,1946,76,Other,Y,314,"Morningside, Edinburgh",Edinburgh,"Edinburgh South","Lothian (Edinburgh)"
wreath,55.84685380124789,-4.538644963959908,1664900465,1859,1960,62,Other,Y,1276,Johnstone,Renfrewshire,PA5,Glasgow
wreath,56.97393313713249,-2.630807157884005,1664900487,1860,1957,65,Female,N,22,Banchory,Aberdeenshire,AB31,"North East (Aberdeen)"
wreath,56.45475971986131,-3.0687926109381123,1664900509,1864,1965,57,Female,N,145,Liff,Angus,DD2,"Tayside and Angus (Dundee)"
wreath,55.8413111966889,-4.430739032601093,1664900966,1875,1986,36,Male,N,1220,"Paisley (central, east and north east: Ferguslie, Oldhall, Seedhill, Williamsburgh, Whitehaugh)",Renfrewshire,PA1,Glasgow
wreath,57.13842721811842,-2.0694003230197513,1664901016,1872,1970,52,Female,Y,126,"Bridge of Dee, Aberdeen",Aberdeen,"Aberdeen Southeast","North East (Aberdeen)"
wreath,56.315253353530984,-2.8851808642449654,1664901073,1878,1975,47,Male,Y,1114,"St Andrews",Fife,KY16,Fife
wreath,56.887585689422124,-2.259065762304666,1664901075,1856,1987,35,Male,Y,140,Montrose,Angus,DD10,"Tayside and Angus (Dundee)"
wreath,56.37141379765515,-3.3157344638706463,1664901167,1877,1968,54,Female,Y,1337,Balbeggie,"Perth and Kinross",PH2,Fife
wreath,56.827368993311715,-2.971331792437859,1664901177,1893,1961,61,Female,N,182,Brechin,Angus,DD9,"Tayside and Angus (Dundee)"
wreath,55.80814604786468,-4.0652493264760645,1664901241,1881,1962,60,Male,Y,525,Uddingston,"South Lanarkshire",G71,Glasgow
wreath,56.386904061264886,-3.3222095532204756,1664901270,1877,1968,54,Female,Y,1337,Balbeggie,"Perth and Kinross",PH2,Fife
wreath,57.153264249931084,-2.09090063729278,1664901352,1892,1954,68,Male,Y,107,"Rosemount, Aberdeen",Aberdeen,"Aberdeen Central","North East (Aberdeen)"
wreath,58.62216790694073,-3.2899529781692953,1664901364,1884,1983,39,Male,Y,961,Thurso,Highland,KW14,"Highlands (Inverness)"
wreath,55.748629902677436,-4.512047142827219,1664901394,1885,1963,59,Male,Y,540,Barrhead,"East Renfrewshire",G78,Glasgow
wreath,55.779377655832086,-4.153909495685722,1664901591,1888,1969,53,Female,Y,530,"East Kilbride (north: The Village, East Mains, West Mains, Lymekilns, St Leonards, Calderwood, Nerston, Stewartfield, Peel Park)","South Lanarkshire",G74,Glasgow
wreath,55.878711093044274,-3.097426049975619,1664901652,1894,1965,57,Female,Y,328,Bonnyrigg,Midlothian,EH19,"Lothian (Edinburgh)"
wreath,55.87642187607657,-3.764431017764456,1664901778,1891,1954,68,Male,Y,368,Bathgate,"West Lothian",EH48,"Lothian (Edinburgh)"
wreath,55.59179211691181,-4.259769355555709,1664901829,1811,1971,51,Female,Y,796,Darvel,"East Ayrshire",KA17,Ayrshire
wreath,56.94198446524633,-2.3387418834828386,1664901832,1902,1970,52,Female,N,48,Stonehaven,Aberdeenshire,AB39,"North East (Aberdeen)"
wreath,57.58687754231523,-3.164155723095291,1664901874,1904,1977,45,Male,Y,739,Fochabers,Moray,IV32,"North East (Aberdeen)"
wreath,56.70918055223091,-2.670947748624778,1664902022,1907,1987,35,Female,Y,182,Brechin,Angus,DD9,"Tayside and Angus (Dundee)"
wreath,57.63852570057847,-4.445152952988422,1664902122,1912,1973,49,Male,Y,705,Dingwall,Highland,IV15,"Highlands (Inverness)"
wreath,56.080442428998545,-3.6663396161164017,1664902356,1908,1996,26,Male,Y,391,Alloa,Clackmannanshire,FK10,"Stirling and Falkirk"
wreath,57.454151789674924,-6.387999957789976,1664902479,1926,1980,42,Male,Y,763,Portree,Highland,IV51,"Highlands (Inverness)"
wreath,57.14973997921897,-4.452916950692532,1664902504,1915,1992,30,Male,Y,714,"Inverness (east: Culcabock, Crown, Culduthel, Drummond, Haugh, Hilton, Holm, Lochardil, Millburn, Raigmore)",Highland,IV2,"Highlands (Inverness)"
wreath,55.95303552199552,-2.9516076876372654,1664902533,1923,1993,29,Female,Y,349,Tranent,"East Lothian",EH33,"Lothian (Edinburgh)"
wreath,56.22698310693021,-2.7957413625301815,1664902544,1927,1983,39,Female,Y,1086,Anstruther,Fife,KY10,Fife
wreath,55.82550135182693,-3.898570438539308,1664902606,1311,1967,55,Female,N,1151,Motherwell,"North Lanarkshire",ML1,Glasgow
wreath,56.37176892436957,-3.5602764124010813,1664902685,1873,2000,22,Female,Y,1313,"Perth (north and west: Burghmuir, Cherrybank, Hillyland, Inveralmond, Lethom, Muirton, North Muirton, Tulloch)","Perth and Kinross",PH1,Fife
wreath,55.839177830062376,-4.214088950885069,1664902782,1928,1980,42,Female,Y,615,"Bridgeton, Glasgow",Glasgow,"Glasgow Northeast",Glasgow
wreath,55.80714826601594,-4.054606339332339,1664902990,1932,1975,47,Female,Y,525,Uddingston,"South Lanarkshire",G71,Glasgow
wreath,57.63455587001729,-2.1624588539872547,1664903072,1935,1990,32,Male,Y,57,Fraserburgh,Aberdeenshire,AB43,"North East (Aberdeen)"
wreath,56.412231308087726,-5.530733672984045,1664903164,1938,1990,32,Female,N,1257,Oban,"Argyll and Bute",PA34,"Argyll and Bute"
wreath,57.28149498936037,-2.3380910241668342,1664903168,1914,1967,55,Female,Y,64,Inverurie,Aberdeenshire,AB51,"North East (Aberdeen)"
wreath,56.072201424790094,-3.370122566929063,1664903169,1362,1986,36,Male,Y,1090,"Dunfermline (south and east: Halbeath, Touch, Duloch, Masterton, Pitcorthie, Abbeyview, Brucefield, Hospital Hill, Camdean, Pitreavie)",Fife,KY11,Fife
wreath,55.464882794956885,-4.593032316195354,1664903223,1940,1950,72,Female,Y,868,"Newton on Ayr","South Ayrshire",KA8,Ayrshire
wreath,57.40123701113674,-2.5316635837962576,1664903368,1917,1993,29,Female,Y,67,Oldmeldrum,Aberdeenshire,AB51,"North East (Aberdeen)"
wreath,58.575178225480656,-3.4911118201388724,1664903388,1939,1979,43,Male,Y,961,Thurso,Highland,KW14,"Highlands (Inverness)"
wreath,56.46322917440909,-3.056721042071837,1664903428,1941,1957,65,Female,N,260,"City centre, Dundee",Dundee,"Dundee West","Tayside and Angus (Dundee)"
wreath,56.07750401853136,-3.1681759929063067,1664903502,1943,1973,49,Male,N,1119,Burntisland,Fife,KY3,Fife
wreath,58.606793879001586,-3.4391401515525857,1664903630,1939,1979,43,Male,Y,961,Thurso,Highland,KW14,"Highlands (Inverness)"
wreath,55.982273132950866,-3.9533482426063,1664903756,1947,1980,42,Female,N,447,"High Bonnybridge",Falkirk,FK4,"Stirling and Falkirk"
wreath,55.971700584849124,-3.185190667221199,1664903818,1950,1959,63,Female,Y,285,"Leith, Edinburgh",Edinburgh,"Edinburgh Leith","Lothian (Edinburgh)"
wreath,57.38561264497361,-1.8850690865315904,1664903821,1949,1984,38,Male,N,54,Peterhead,Aberdeenshire,AB42,"North East (Aberdeen)"
wreath,55.910729783251256,-3.503155212332564,1664903886,1952,2000,22,Other,Y,375,Livingston,"West Lothian",EH54,"Lothian (Edinburgh)"
wreath,55.67909983395142,-3.9531282419802944,1664903932,1956,1994,28,Female,Y,1217,Larkhall,"North Lanarkshire",ML9,Glasgow
wreath,56.59594575335078,-2.6743113314473677,1664903942,1954,1999,23,Male,Y,141,Arbroath,Angus,DD11,"Tayside and Angus (Dundee)"
wreath,55.93742660001449,-4.867362516484346,1664904001,1958,1966,56,Female,Y,1235,Gourock,Inverclyde,PA19,Glasgow
wreath,55.62575226269025,-4.648319124964845,1664904132,1961,1987,35,Female,Y,785,"Irvine (east, south: Perceton, Lawthorn, Girdle Toll, Stanecastle, Bourtreehill, Broomlands, Dreghorn, Springside)","North Ayrshire",KA11,Ayrshire
wreath,55.99276610121525,-2.8134520568879307,1664904269,1963,1976,46,Female,Y,348,Prestonpans,"East Lothian",EH32,"Lothian (Edinburgh)"
wreath,57.44173303153064,-1.998616609822197,1664904303,1964,1989,33,Female,N,54,Peterhead,Aberdeenshire,AB42,"North East (Aberdeen)"
wreath,55.9282970825736,-3.27862003771182,1664904378,1962,1966,56,Female,Y,262,"Wester Hailes, Edinburgh",Edinburgh,"Edinburgh Central","Lothian (Edinburgh)"
wreath,57.649965744250764,-3.4440532132598807,1664904723,1968,1983,39,Female,Y,737,Elgin,Moray,IV30,"North East (Aberdeen)"
wreath,57.46960748461814,-4.292593328444082,1664904806,1970,1956,66,Male,N,736,"Inverness (west: Ballifeary, Balnafettack, Clachnaharry, Dalneigh, Kinmylies, Leachkin, Merkinch, Muirtown, South Kessock)",Highland,IV3,"Highlands (Inverness)"
wreath,55.6710121782268,-4.32128313985509,1664905004,1974,1956,66,Male,N,837,"Kilmarnock (north: Onthank, Townholm, Altonhill, Longpark, Beansburn, New Farm Loch, Knockinlaw, Hillhead, Crookedholm)","East Ayrshire",KA3,Ayrshire
wreath,55.74391686163254,-3.959030748456083,1664905017,1978,1964,58,Female,Y,1217,Larkhall,"North Lanarkshire",ML9,Glasgow
wreath,59.072020801757496,-3.1035692486792,1664905182,1979,1961,61,Female,Y,1025,"Orkney Islands",Orkney,KW17,"Orkney Islands"
wreath,55.5654070290137,-4.64342560446466,1664905364,1983,1970,52,Female,Y,784,Troon,"South Ayrshire",KA10,Ayrshire
wreath,55.881541033606865,-4.715066305329003,1664905378,1910,1957,65,Male,Y,1227,Kilmacolm,Inverclyde,PA13,Glasgow
wreath,55.9180867910261,-3.298697073850607,1664905618,1991,1977,45,Female,N,267,"Sighthill, Edinburgh",Edinburgh,"Edinburgh Central","Lothian (Edinburgh)"
wreath,57.201979611006436,-4.5236650124834465,1664905696,1946,1973,49,Male,Y,714,"Inverness (east: Culcabock, Crown, Culduthel, Drummond, Haugh, Hilton, Holm, Lochardil, Millburn, Raigmore)",Highland,IV2,"Highlands (Inverness)"
wreath,55.96525655565411,-3.1418992911991612,1664905723,1489,1956,66,Male,Y,285,"Leith, Edinburgh",Edinburgh,"Edinburgh Leith","Lothian (Edinburgh)"
wreath,56.8345122538002,-2.404711305192138,1664905838,1988,1959,63,Male,Y,18,Laurencekirk,Aberdeenshire,AB30,"North East (Aberdeen)"
wreath,55.86381734160674,-3.096415690925126,1664905913,1997,1973,49,Female,Y,328,Bonnyrigg,Midlothian,EH19,"Lothian (Edinburgh)"
wreath,55.989085146545065,-4.196592314760296,1664905966,1999,1991,31,Female,Y,510,"Milton of Campsie","East Dunbartonshire",G66,Glasgow
wreath,56.510289964476904,-2.7712080080271932,1664906282,2003,1980,42,Female,Y,178,Carnoustie,Angus,DD7,"Tayside and Angus (Dundee)"
wreath,56.08393303425988,-3.558417909331912,1664906370,2011,2000,22,Male,Y,1096,"Dunfermline (centre, north, west: Abbey Parks, Lady's Mill, Garvock, Headwell, Kingseathill, Wellwood, Milesmark, Baldridge, Pittencrieff, Baldridgeburn)",Fife,KY12,Fife
wreath,57.54639700117284,-3.324408826988641,1664906422,2007,1978,44,Male,Y,737,Elgin,Moray,IV30,"North East (Aberdeen)"
wreath,57.13850932879159,-2.145500133108971,1664906555,1998,1991,31,Male,Y,134,"Cults, Aberdeen",Aberdeen,"Aberdeen Southwest","North East (Aberdeen)"
wreath,60.60289372338367,-0.83895914412722,1664906682,1320,1988,34,Female,Y,1512,Brae,"Shetland Isles",ZE2,"Shetland Islands"
wreath,55.64161995181983,-4.119151277399617,1664906695,2017,1970,52,Female,Y,1160,Strathaven,"North Lanarkshire",ML10,Glasgow
wreath,55.62778786979754,-4.687411351697844,1664906706,2020,1986,36,Female,Y,787,"Irvine (centre: Castlepark, Tarryholme)","North Ayrshire",KA12,Ayrshire
wreath,55.73936480676804,-4.392134686946009,1664906768,2025,1968,54,Female,Y,539,"Newton Mearns","East Renfrewshire",G77,Glasgow
wreath,55.2931257289392,-4.204256519239055,1664906837,2023,1997,25,Female,Y,220,"Castle Douglas","Dumfries and Galloway",DG7,"Dumfries and Galloway"
wreath,56.00581904794863,-3.7021451329213853,1664906864,1960,1955,67,Male,N,439,Grangemouth,Falkirk,FK3,"Stirling and Falkirk"
wreath,56.4870991483497,-2.9595748476584625,1664906922,2024,1968,54,Male,Y,256,"Whitfield, Dundee",Dundee,"Dundee North","Tayside and Angus (Dundee)"
wreath,55.89155496633105,-4.410500529849564,1664907068,2029,1982,40,Male,Y,1264,Renfrew,Renfrewshire,PA4,Glasgow
wreath,56.03325656596233,-3.350569645405859,1664907125,2019,1979,43,Female,Y,1091,Inverkeithing,Fife,KY11,Fife
wreath,55.81664930572657,-2.8773960503603213,1664907157,1994,1980,42,Male,Y,353,Pathhead,Midlothian,EH37,"Lothian (Edinburgh)"
wreath,55.5983978241111,-4.403370950425917,1664907187,2015,1978,44,Female,Y,843,Galston,"East Ayrshire",KA4,Ayrshire
wreath,57.650562490269856,-3.374910337796252,1664907384,2032,1983,39,Female,Y,737,Elgin,Moray,IV30,"North East (Aberdeen)"
wreath,55.77250574979643,-4.348919078349233,1664907545,2042,1994,28,Male,Y,539,"Newton Mearns","East Renfrewshire",G77,Glasgow
wreath,57.59594155446608,-4.964359207178312,1664907546,2028,1955,67,Female,N,721,Garve,Highland,IV23,"Highlands (Inverness)"
wreath,55.668349280259925,-4.782769017853581,1664907634,2037,1985,37,Female,Y,813,Ardrossan,"North Ayrshire",KA22,Ayrshire
wreath,56.44770657127484,-3.7969015651919342,1664907674,2041,1962,60,Male,Y,1313,"Perth (north and west: Burghmuir, Cherrybank, Hillyland, Inveralmond, Lethom, Muirton, North Muirton, Tulloch)","Perth and Kinross",PH1,Fife
wreath,57.32715195466011,-2.5063390161369625,1664907899,2050,1966,56,Female,N,64,Inverurie,Aberdeenshire,AB51,"North East (Aberdeen)"
wreath,56.033438656816024,-2.71022680093784,1664907909,2048,1993,29,Male,Y,355,"North Berwick","East Lothian",EH39,"Lothian (Edinburgh)"
wreath,55.91271485633356,-3.4394588066248,1664907979,2051,1976,46,Female,Y,373,"Mid Calder","West Lothian",EH53,"Lothian (Edinburgh)"
wreath,55.79253198199451,-3.2927746823805273,1664908019,2049,1993,29,Female,Y,343,Penicuik,Midlothian,EH26,"Lothian (Edinburgh)"
wreath,55.70137878958393,-4.5574614998155125,1664908028,2043,1992,30,Female,Y,835,Fenwick,"East Ayrshire",KA3,Ayrshire
wreath,55.56023256837653,-4.610481168641123,1664908039,2053,1977,45,Female,Y,808,Crosshouse,"East Ayrshire",KA2,Ayrshire
wreath,56.13608541686233,-3.7343422052024753,1664908066,2052,1984,38,Female,Y,396,Tillicoultry,Clackmannanshire,FK13,"Stirling and Falkirk"
wreath,57.57638744816654,-3.1817579046938094,1664908411,2058,1983,39,Female,N,739,Fochabers,Moray,IV32,"North East (Aberdeen)"
wreath,55.89439374052476,-4.06755754137827,1664908455,2060,1972,50,Female,Y,522,Chryston,"North Lanarkshire",G69,Glasgow
wreath,57.65839902321142,-2.762209546818786,1664908455,2057,1989,33,Female,Y,59,Banff,Aberdeenshire,AB45,"North East (Aberdeen)"
wreath,56.30901383496779,-5.46881469310761,1664908694,2063,1968,54,Female,Y,1257,Oban,"Argyll and Bute",PA34,"Argyll and Bute"
wreath,55.72847888494977,-4.054999201605313,1664908815,90,1947,75,Female,Y,1183,Hamilton,"South Lanarkshire",ML3,Glasgow
wreath,55.72146629090461,-4.1948626682690895,1664908928,2080,1967,55,Male,Y,534,"East Kilbride (south: Hairmyres, Westwood, The Murray, Murray East, Whitehills, Greenhill, Newlandsmuir, Gardenhall, Crosshouse, Newlands, Lindsayfield, Mossneuk)","South Lanarkshire",G75,Glasgow
wreath,57.71154752176002,-3.3396485020305957,1664909130,2026,1976,46,Male,Y,738,Lossiemouth,Moray,IV31,"North East (Aberdeen)"
wreath,56.453598408541204,-3.0411114828799977,1664909144,2074,1998,24,Female,Y,261,"Westend, Dundee",Dundee,"Dundee West","Tayside and Angus (Dundee)"
wreath,55.500451255821275,-2.610921491153323,1664909146,2066,1996,26,Female,Y,1486,Jedburgh,"Scottish Borders",TD8,Borders
wreath,57.192954289677495,-2.312249916337498,1664909229,2071,1973,49,Male,N,113,"Bridge of Don, Aberdeen",Aberdeen,"Aberdeen North","North East (Aberdeen)"
wreath,57.55714764018037,-3.3431743405280643,1664909269,2072,1998,24,Female,Y,737,Elgin,Moray,IV30,"North East (Aberdeen)"
wreath,55.830532896497786,-4.327045070291057,1664909405,1037,1973,49,Female,Y,651,"Cathcart, Glasgow",Glasgow,"Glasgow South",Glasgow
wreath,57.442976746353715,-2.5571315531319168,1664909413,2077,1973,49,Female,Y,67,Oldmeldrum,Aberdeenshire,AB51,"North East (Aberdeen)"
wreath,55.9429944710738,-4.1425424338804016,1664909414,2084,1993,29,Female,Y,507,Kirkintilloch,"East Dunbartonshire",G66,Glasgow
wreath,55.890237920286516,-4.411294478155322,1664909577,2086,1969,53,Male,Y,1264,Renfrew,Renfrewshire,PA4,Glasgow
wreath,55.60898854395724,-4.385161520118211,1664909597,2087,1972,50,Male,Y,843,Galston,"East Ayrshire",KA4,Ayrshire
wreath,57.64184757349616,-2.9834267156942436,1664909952,2094,1992,30,Female,Y,90,Buckie,Moray,AB56,"North East (Aberdeen)"
wreath,55.85221861743444,-3.503838551586027,1664910008,2083,1965,57,Male,N,375,Livingston,"West Lothian",EH54,"Lothian (Edinburgh)"
wreath,55.91385695727848,-3.6402112918179252,1664910064,2093,1969,53,Male,N,367,Armadale,"West Lothian",EH48,"Lothian (Edinburgh)"
wreath,57.579044321679426,-3.364060870754316,1664910092,2098,1989,33,Female,Y,737,Elgin,Moray,IV30,"North East (Aberdeen)"
wreath,56.48083697275934,-3.0179616873145796,1664910116,2102,1973,49,Female,N,238,"Menzieshill, Dundee",Dundee,"Dundee Central","Tayside and Angus (Dundee)"
wreath,57.65205892053623,-2.89984893560838,1664910247,2110,1992,30,Female,N,90,Buckie,Moray,AB56,"North East (Aberdeen)"
wreath,55.87184549190426,-3.2842896862610753,1664910407,2109,1972,50,Female,Y,312,"Juniper Green, Edinburgh",Edinburgh,"Edinburgh South","Lothian (Edinburgh)"
wreath,57.22372436569953,-2.2515943878171303,1664910462,2101,1992,30,Female,Y,109,"Hazelhead, Aberdeen",Aberdeen,"Aberdeen North","North East (Aberdeen)"
wreath,55.708355113926245,-4.893140354931261,1664910577,2113,1975,47,Female,Y,814,"West Kilbride","North Ayrshire",KA23,Ayrshire
wreath,55.77007390153446,-4.0524099293122875,1664910626,2108,1956,66,Female,N,1183,Hamilton,"South Lanarkshire",ML3,Glasgow
wreath,58.577087242676164,-3.2763082816584133,1664910843,2116,1971,51,Female,Y,899,Wick,Highland,KW1,"Highlands (Inverness)"
wreath,55.95776141147606,-3.1493542424266185,1664910874,2121,1968,54,Female,Y,285,"Leith, Edinburgh",Edinburgh,"Edinburgh Leith","Lothian (Edinburgh)"
wreath,55.856770528004645,-4.540930217080162,1664910944,2123,1992,30,Male,N,1224,"Bridge of Weir",Renfrewshire,PA11,Glasgow
wreath,58.01313321398793,-3.97036101359598,1664911164,2127,1955,67,Female,Y,1071,Brora,Highland,KW9,"Highlands (Inverness)"
wreath,57.50037989095308,-3.3995352455502337,1664911243,1782,1954,68,Male,Y,46,Rothes,Moray,AB38,"North East (Aberdeen)"
wreath,57.65698166465433,-3.0092893964890943,1664911264,2130,1992,30,Female,Y,90,Buckie,Moray,AB56,"North East (Aberdeen)"
wreath,57.693728678363684,-3.288576615622562,1664911295,2124,1984,38,Male,Y,738,Lossiemouth,Moray,IV31,"North East (Aberdeen)"
wreath,55.850315390715004,-4.290139596056371,1664911307,2129,1962,60,Male,Y,663,"Mount Florida, Glasgow",Glasgow,"Glasgow Southwest",Glasgow
wreath,57.148757658062515,-2.610206681532118,1664911454,2132,1967,55,Female,Y,64,Inverurie,Aberdeenshire,AB51,"North East (Aberdeen)"
wreath,57.48924979578724,-3.3798690437153613,1664911516,1782,1954,68,Male,Y,46,Rothes,Moray,AB38,"North East (Aberdeen)"
wreath,55.66441083010719,-3.446650808954997,1664911611,2135,1976,46,Male,N,1170,Biggar,"South Lanarkshire",ML12,Glasgow
wreath,56.69250846692809,-2.9397412682171837,1664911737,2133,1986,36,Male,Y,181,Kirriemuir,Angus,DD8,"Tayside and Angus (Dundee)"
wreath,56.52725842736001,-3.519391077469017,1664911745,2034,1980,42,Female,Y,1313,"Perth (north and west: Burghmuir, Cherrybank, Hillyland, Inveralmond, Lethom, Muirton, North Muirton, Tulloch)","Perth and Kinross",PH1,Fife
wreath,55.69842714215384,-4.051581463335984,1664911987,2143,1969,53,Male,Y,1160,Strathaven,"North Lanarkshire",ML10,Glasgow
wreath,55.49065400598114,-3.6704524551893543,1664912098,2142,1967,55,Male,N,1170,Biggar,"South Lanarkshire",ML12,Glasgow
wreath,55.76605966144175,-4.050986935177717,1664912212,2150,1980,42,Male,N,1183,Hamilton,"South Lanarkshire",ML3,Glasgow
wreath,59.14542287913619,-3.2028525057799553,1664912227,2144,1980,42,Male,Y,1025,"Orkney Islands",Orkney,KW17,"Orkney Islands"
wreath,56.067866988517856,-4.432426353836186,1664912230,1857,1991,31,Female,Y,493,Balmaha,Stirlingshire,G63,"Stirling and Falkirk"
wreath,55.938463004001214,-3.032091844611009,1664912263,2141,1955,67,Male,N,330,Musselburgh,"East Lothian",EH21,"Lothian (Edinburgh)"
wreath,57.38447590115511,-1.8806023252988084,1664912316,2146,1980,42,Male,Y,54,Peterhead,Aberdeenshire,AB42,"North East (Aberdeen)"
wreath,56.035708858708084,-3.402183127132787,1664912471,2156,1970,52,Male,Y,1090,"Dunfermline (south and east: Halbeath, Touch, Duloch, Masterton, Pitcorthie, Abbeyview, Brucefield, Hospital Hill, Camdean, Pitreavie)",Fife,KY11,Fife
wreath,56.7023321222023,-2.557512202136538,1664912473,2155,1985,37,Female,Y,140,Montrose,Angus,DD10,"Tayside and Angus (Dundee)"
wreath,57.14567235693104,-2.5246954957272205,1664912612,2157,1962,60,Female,Y,64,Inverurie,Aberdeenshire,AB51,"North East (Aberdeen)"
wreath,57.333797256261676,-5.113406390615353,1664912803,2162,1980,42,Female,Y,746,"Kyle of Lochalsh",Highland,IV40,"Highlands (Inverness)"
wreath,56.52718005531245,-2.7741335134692164,1664912826,2166,1963,59,Female,Y,178,Carnoustie,Angus,DD7,"Tayside and Angus (Dundee)"
wreath,55.85656509912271,-4.3380642335752215,1664912872,2097,1951,71,Female,N,679,"Pollock, Glasgow",Glasgow,"Glasgow Southwest",Glasgow
wreath,55.41111161796056,-4.389470886234166,1664912941,2165,1985,37,Female,Y,798,Cumnock,"East Ayrshire",KA18,Ayrshire
wreath,56.51247905481675,-4.947387570006436,1664913008,2167,1965,57,Female,Y,1258,Taynuilt,"Argyll and Bute",PA35,"Argyll and Bute"
wreath,56.04889402019261,-3.3784040687619137,1664913041,2158,1992,30,Female,Y,1088,Charlestown,Fife,KY11,Fife
wreath,57.1343216088837,-2.136016799180826,1664913147,2174,1999,23,Female,Y,130,"Ferryhill, Aberdeen",Aberdeen,"Aberdeen Southwest","North East (Aberdeen)"
wreath,55.802081838688316,-3.9631388432997787,1664913207,2096,1969,53,Female,Y,1151,Motherwell,"North Lanarkshire",ML1,Glasgow
wreath,55.85624761753639,-4.160798646752709,1664913264,2178,1955,67,Female,N,631,"Royston, Glasgow",Glasgow,"Glasgow Northeast",Glasgow
wreath,56.763279304147396,-3.186918272291452,1664913273,2176,1981,41,Male,Y,1321,Alyth,"Perth and Kinross",PH11,Fife
wreath,57.47338711728805,-4.351209829943641,1664913481,2177,1991,31,Male,Y,736,"Inverness (west: Ballifeary, Balnafettack, Clachnaharry, Dalneigh, Kinmylies, Leachkin, Merkinch, Muirtown, South Kessock)",Highland,IV3,"Highlands (Inverness)"
wreath,56.08251445501734,-5.044223426874147,1664913524,2172,1951,71,Male,Y,1241,Dunoon,"Argyll and Bute",PA23,"Argyll and Bute"
wreath,55.90408401155513,-5.001721599589548,1664913746,2172,1951,71,Male,Y,1241,Dunoon,"Argyll and Bute",PA23,"Argyll and Bute"
wreath,57.57170751423956,-1.8252289425829689,1664913748,2180,1956,66,Female,Y,54,Peterhead,Aberdeenshire,AB42,"North East (Aberdeen)"
wreath,55.787078732218646,-4.181792512801539,1664913802,2179,1974,48,Female,Y,530,"East Kilbride (north: The Village, East Mains, West Mains, Lymekilns, St Leonards, Calderwood, Nerston, Stewartfield, Peel Park)","South Lanarkshire",G74,Glasgow
wreath,55.86948444919226,-4.060797284005891,1664913866,2187,1985,37,Female,Y,1189,Coatbridge,"North Lanarkshire",ML5,Glasgow
wreath,55.6998805708841,-4.2257600962437865,1664913871,2192,1994,28,Male,Y,534,"East Kilbride (south: Hairmyres, Westwood, The Murray, Murray East, Whitehills, Greenhill, Newlandsmuir, Gardenhall, Crosshouse, Newlands, Lindsayfield, Mossneuk)","South Lanarkshire",G75,Glasgow
wreath,55.98118036052378,-3.237668720092813,1664913885,2188,1967,55,Female,Y,278,"Granton, Edinburgh",Edinburgh,"Edinburgh Clermiston Granton","Lothian (Edinburgh)"
wreath,57.1204412224237,-2.34830994167076,1664913914,1966,1999,23,Female,Y,128,"Mannofield, Aberdeen",Aberdeen,"Aberdeen Southwest","North East (Aberdeen)"
wreath,57.888356636680825,-4.270351847832231,1664913994,2189,2003,19,Male,N,723,"Bonar Bridge",Highland,IV24,"Highlands (Inverness)"
wreath,56.46538675785066,-3.0459535261996167,1664914074,2191,1964,58,Male,N,245,"Law, Dundee",Dundee,"Dundee Central","Tayside and Angus (Dundee)"
wreath,58.48854467585994,-3.6828394715998987,1664914136,2196,1975,47,Female,Y,954,Scarfskerry,Highland,KW14,"Highlands (Inverness)"
wreath,55.79467735908333,-4.864823731873494,1664914160,2195,1966,56,Male,Y,842,Largs,"North Ayrshire",KA30,Ayrshire
wreath,55.80291083367946,-4.071278092454817,1664914289,2211,1976,46,Female,Y,525,Uddingston,"South Lanarkshire",G71,Glasgow
wreath,55.80523141786135,-4.0570553661368285,1664914300,2185,2003,19,Other,Y,526,Viewpark,"North Lanarkshire",G71,Glasgow
wreath,56.225521610224696,-3.078769332316448,1664914320,2209,1994,28,Male,Y,1140,Leven,Fife,KY8,Fife
wreath,59.170578330307585,-2.986111015520514,1664914343,2197,1974,48,Female,Y,1025,"Orkney Islands",Orkney,KW17,"Orkney Islands"
wreath,55.80908707042963,-4.249078541546818,1664914449,2206,1990,32,Male,Y,653,"Netherlee, Glasgow",Glasgow,"Glasgow South",Glasgow
wreath,57.16053366544961,-2.220000710972865,1664914579,2214,1948,74,Female,Y,111,"Bucksburn, Aberdeen",Aberdeen,"Aberdeen North","North East (Aberdeen)"
wreath,57.58226450781217,-3.310788895885936,1664914733,2215,1986,36,Female,Y,737,Elgin,Moray,IV30,"North East (Aberdeen)"
wreath,56.25205808248151,-2.7379396485889353,1664915091,2222,1992,30,Female,Y,1086,Anstruther,Fife,KY10,Fife
wreath,57.20791409201293,-4.361951845388893,1664915300,2225,1993,29,Male,Y,714,"Inverness (east: Culcabock, Crown, Culduthel, Drummond, Haugh, Hilton, Holm, Lochardil, Millburn, Raigmore)",Highland,IV2,"Highlands (Inverness)"
wreath,55.787564578416465,-4.020840859320275,1664915395,2224,1989,33,Female,Y,1151,Motherwell,"North Lanarkshire",ML1,Glasgow
wreath,56.649033168044205,-2.7746714048334935,1664915535,1572,1952,70,Female,Y,181,Kirriemuir,Angus,DD8,"Tayside and Angus (Dundee)"
wreath,55.93698745095966,-3.552777379549545,1664915562,2227,1954,68,Female,N,371,Broxburn,"West Lothian",EH52,"Lothian (Edinburgh)"
wreath,55.89584565521072,-4.357253994765628,1664915590,2230,1969,53,Male,Y,638,"Drumchapel, Glasgow",Glasgow,"Glasgow Northwest",Glasgow
wreath,56.846023777901934,-5.401192130197188,1664915613,2221,1995,27,Male,Y,1383,Glenfinnan,Highland,PH37,"Highlands (Inverness)"
wreath,55.03056741441207,-3.7518293610227342,1664915624,2223,1993,29,Other,N,208,"New Abbey","Dumfries and Galloway",DG2,"Dumfries and Galloway"
wreath,56.23081998212983,-2.8540933431153466,1664915643,2220,1994,28,Female,Y,1145,Kilconquhar,Fife,KY9,Fife
wreath,55.223243883663024,-3.6160292798485005,1664915741,2236,1969,53,Female,Y,186,"Dumfries (centre and east: Dalscone, Georgetown, Heathhall, Kingholm Quay, Noblehill, The Crichton)","Dumfries and Galloway",DG1,"Dumfries and Galloway"
wreath,55.45849965448291,-4.626967154477241,1664915796,2237,1962,60,Female,Y,856,"Ayr (Centre)","South Ayrshire",KA7,Ayrshire
wreath,55.964417625614416,-3.1473167766004084,1664916282,2240,1963,59,Male,N,285,"Leith, Edinburgh",Edinburgh,"Edinburgh Leith","Lothian (Edinburgh)"
wreath,55.571834440031886,-3.120312560718318,1664916286,2186,1976,46,Male,N,361,Innerleithen,"Scottish Borders",EH44,Borders
wreath,56.09185113937167,-3.559469340536811,1664916323,2241,1991,31,Male,Y,1096,"Dunfermline (centre, north, west: Abbey Parks, Lady's Mill, Garvock, Headwell, Kingseathill, Wellwood, Milesmark, Baldridge, Pittencrieff, Baldridgeburn)",Fife,KY12,Fife
wreath,55.983926070658754,-2.8772289196184944,1664916645,2248,1985,37,Male,Y,347,Longniddry,"East Lothian",EH32,"Lothian (Edinburgh)"
wreath,56.14931852477781,-3.4227175828112713,1664916810,2218,1996,26,Female,Y,1124,Kelty,Fife,KY4,Fife
wreath,55.88584155102488,-4.363344147517226,1664916845,2255,1951,71,Female,Y,641,"Knightswood, Glasgow",Glasgow,"Glasgow Northwest",Glasgow
wreath,56.23016362509511,-3.486735726195692,1664916943,1469,1996,26,Female,Y,1098,Kinross,"Perth and Kinross",KY13,Fife
wreath,56.48357575852304,-2.9655219798687886,1664917061,2259,1983,39,Female,Y,255,"Fintry, Dundee",Dundee,"Dundee North","Tayside and Angus (Dundee)"
wreath,55.862323954911815,-4.463778085686509,1664917269,2263,1973,49,Female,Y,1249,"Paisley (north west: Ferguslie Park, Gallowhill, Gockston, Shortroods, )",Renfrewshire,PA3,Glasgow
wreath,55.832899024306855,-4.4547907591814315,1664917282,2258,1956,66,Male,Y,1236,"Paisley (south: Blackhall, Castlehead, Dykebar, Foxbar, Hunterhill, Meikleriggs)",Renfrewshire,PA2,Glasgow
wreath,58.498769060269034,-4.237905767690051,1664917352,2252,1955,67,Female,Y,924,Achina,Highland,KW14,"Highlands (Inverness)"
wreath,58.45810211363326,-3.5895512662578293,1664917579,2252,1955,67,Female,Y,924,Achina,Highland,KW14,"Highlands (Inverness)"
wreath,56.04521404675613,-5.06678001635853,1664917616,2272,1984,38,Male,N,1241,Dunoon,"Argyll and Bute",PA23,"Argyll and Bute"
wreath,55.13214590173376,-3.5237279663520193,1664917722,2269,1993,29,Female,N,195,Kirtlebridge,"Dumfries and Galloway",DG11,"Dumfries and Galloway"
wreath,55.89278661948125,-4.787568469360113,1664917888,2262,1955,67,Female,Y,1231,"Greenock (west: Bow Farm, Braeside, Branchton, Fort Matilda, Gateside, Greenock West, Overton, Pennyfern, Smithston)",Inverclyde,PA16,Glasgow
wreath,57.748107767120075,-6.946216112784453,1664917902,2286,1994,28,Male,Y,692,"Leverburgh, Isle of Harris","Western Isles",HS5,"Western Isles"
wreath,56.87367928211614,-2.7405605136193327,1664918030,2279,1996,26,Female,Y,182,Brechin,Angus,DD9,"Tayside and Angus (Dundee)"
wreath,56.26489673427211,-3.074926445674455,1664918069,2268,1955,67,Male,N,1105,Cupar,Fife,KY15,Fife
wreath,55.92592376142134,-3.2992378653272,1664918095,2276,2001,21,Male,Y,262,"Wester Hailes, Edinburgh",Edinburgh,"Edinburgh Central","Lothian (Edinburgh)"
wreath,55.76303814881584,-4.268093742714952,1664918147,2273,2004,18,Male,Y,530,"East Kilbride (north: The Village, East Mains, West Mains, Lymekilns, St Leonards, Calderwood, Nerston, Stewartfield, Peel Park)","South Lanarkshire",G74,Glasgow
wreath,56.2297871653092,-2.951537731128994,1664918158,2275,1974,48,Female,Y,1140,Leven,Fife,KY8,Fife
wreath,55.34264609921952,-3.8976104035033656,1664918165,2281,1960,62,Female,Y,212,Kirkconnel,"Dumfries and Galloway",DG4,"Dumfries and Galloway"
wreath,55.818405463643934,-4.292817592896994,1664918297,2288,1988,34,Male,Y,658,"Giffnock, Glasgow",Glasgow,"Glasgow South",Glasgow
wreath,55.960269202576285,-4.1999788410709895,1664918559,957,1971,51,Female,N,507,Kirkintilloch,"East Dunbartonshire",G66,Glasgow
wreath,55.9052888944083,-3.8331102404796527,1664918580,2081,1983,39,Male,Y,377,"Falkirk (centre and south: Arnothill, Bantaskin, Callendar Park, Glen Village, Hallglen, Lionthorn, Tamfourhill, Woodlands)",Falkirk,FK1,"Stirling and Falkirk"
wreath,55.23068712315706,-3.6004988625418517,1664918624,2296,1985,37,Male,Y,186,"Dumfries (centre and east: Dalscone, Georgetown, Heathhall, Kingholm Quay, Noblehill, The Crichton)","Dumfries and Galloway",DG1,"Dumfries and Galloway"
wreath,57.381438742596636,-4.217377186368057,1664918749,2299,1987,35,Male,Y,713,Culloden,Highland,IV2,"Highlands (Inverness)"
wreath,55.92232413854277,-3.451713905663513,1664918815,2303,1985,37,Female,Y,371,Broxburn,"West Lothian",EH52,"Lothian (Edinburgh)"
wreath,56.49149386357252,-3.0142024307288318,1664918919,2313,1960,62,Male,Y,238,"Menzieshill, Dundee",Dundee,"Dundee Central","Tayside and Angus (Dundee)"
wreath,56.10026310292049,-3.9643977139951714,1664918933,2309,1983,39,Male,Y,457,Bannockburn,Stirlingshire,FK7,"Stirling and Falkirk"
wreath,55.956739623025726,-3.239050323919224,1664918934,2307,1982,40,Female,Y,279,"Clermiston and Drumbrae, Edinburgh",Edinburgh,"Edinburgh Clermiston Granton","Lothian (Edinburgh)"
wreath,55.849460731725166,-4.329650944065399,1664919015,2314,1967,55,Male,Y,683,"Priesthill, Glasgow",Glasgow,"Glasgow Southwest",Glasgow
wreath,56.114207067955014,-3.320803647686405,1664919058,2115,1953,69,Male,Y,1128,Lochgelly,Fife,KY5,Fife
wreath,56.46617418126018,-2.9642582724265694,1664919129,2315,1971,51,Male,Y,239,"Charleston, Dundee",Dundee,"Dundee Central","Tayside and Angus (Dundee)"
wreath,55.841448236865595,-4.26152934950097,1664919174,2319,1978,44,Female,N,672,"Govan, Glasgow",Glasgow,"Glasgow Southwest",Glasgow
wreath,56.00786071811052,-3.690119411265147,1664919281,2312,1975,47,Female,Y,439,Grangemouth,Falkirk,FK3,"Stirling and Falkirk"
wreath,55.81647844774195,-4.517878208986757,1664919381,2311,1969,53,Female,Y,1276,Johnstone,Renfrewshire,PA5,Glasgow
wreath,55.45342422775914,-4.533353628551356,1664919673,2326,1957,65,Male,Y,852,Dalmellington,"East Ayrshire",KA6,Ayrshire
wreath,57.01671321361006,-2.4856342715874225,1664919677,2327,1988,34,Male,Y,22,Banchory,Aberdeenshire,AB31,"North East (Aberdeen)"
wreath,56.47816913968825,-2.932609800135435,1664919691,2323,1966,56,Female,Y,250,"Downfield, Dundee",Dundee,"Dundee North","Tayside and Angus (Dundee)"
wreath,55.67701663759181,-4.471333353279485,1664919869,2328,1972,50,Male,Y,841,Stewarton,"East Ayrshire",KA3,Ayrshire
wreath,60.24651853402134,-1.6115352980193811,1664919957,2329,1975,47,Female,Y,1623,Walls,"Shetland Isles",ZE2,"Shetland Islands"
wreath,55.8544415545128,-4.392181981472953,1664920243,2343,1994,28,Male,Y,1220,"Paisley (central, east and north east: Ferguslie, Oldhall, Seedhill, Williamsburgh, Whitehaugh)",Renfrewshire,PA1,Glasgow
wreath,55.43327938739023,-5.593835027469292,1664920374,2348,1997,25,Female,Y,1246,Campbeltown,"Argyll and Bute",PA28,"Argyll and Bute"
wreath,56.9569133882662,-2.966550663248106,1664920388,2344,1971,51,Female,N,182,Brechin,Angus,DD9,"Tayside and Angus (Dundee)"
wreath,55.896812722115726,-2.764229216733541,1664920510,2244,1973,49,Male,N,357,Haddington,"East Lothian",EH41,"Lothian (Edinburgh)"
wreath,55.438602605904904,-4.657564914010156,1664920527,2346,1962,60,Female,Y,856,"Ayr (Centre)","South Ayrshire",KA7,Ayrshire
wreath,55.59416451900961,-4.357099617381762,1664920575,2351,1979,43,Female,Y,844,Moscow,"East Ayrshire",KA4,Ayrshire
wreath,56.47002932220014,-2.916504663778067,1664920616,2354,1947,75,Female,N,250,"Downfield, Dundee",Dundee,"Dundee North","Tayside and Angus (Dundee)"
wreath,55.79847284173872,-5.080995441898621,1664920638,2350,1981,41,Female,Y,1237,"Isle of Bute","Argyll and Bute",PA20,"Argyll and Bute"
wreath,55.8460173503332,-4.069238375688081,1664920814,2341,1953,69,Female,Y,623,"Shettleston, Glasgow",Glasgow,"Glasgow Northeast",Glasgow
wreath,55.940266874206856,-4.449849523370076,1664920978,2291,1953,69,Female,Y,546,Clydebank,"West Dunbartonshire",G81,Glasgow
wreath,57.60243230843222,-2.057151709381393,1664921167,2368,1994,28,Male,Y,57,Fraserburgh,Aberdeenshire,AB43,"North East (Aberdeen)"
wreath,55.90164626334907,-4.159914003830063,1664921201,2301,2006,16,Female,School,509,Lenzie,"East Dunbartonshire",G66,Glasgow
wreath,55.93984625809734,-4.768177499939487,1664921313,2369,2000,22,Other,Y,1230,"Greenock (central and east: Bogston, Bridgend, Cartsdyke, Gibshill, Greenock Central, Ladyburn, Upper Ingleston)",Inverclyde,PA15,Glasgow
wreath,55.69434758186849,-4.201744741418181,1664921328,2370,2003,19,Other,N,534,"East Kilbride (south: Hairmyres, Westwood, The Murray, Murray East, Whitehills, Greenhill, Newlandsmuir, Gardenhall, Crosshouse, Newlands, Lindsayfield, Mossneuk)","South Lanarkshire",G75,Glasgow
wreath,57.13551088525288,-2.083515183140013,1664921458,2372,1960,62,Female,N,127,"Torry, Aberdeen",Aberdeen,"Aberdeen Southeast","North East (Aberdeen)"
wreath,55.939728199549194,-4.721195071961613,1664921566,2366,1982,40,Male,Y,1230,"Greenock (central and east: Bogston, Bridgend, Cartsdyke, Gibshill, Greenock Central, Ladyburn, Upper Ingleston)",Inverclyde,PA15,Glasgow
wreath,55.858626270302764,-4.263293034830146,1664921715,2374,1949,73,Female,Y,577,"City centre, Glasgow",Glasgow,"Glasgow City Centre",Glasgow
wreath,57.152792695318446,-2.079355903558444,1664921859,2373,1968,54,Female,N,103,"Woodside, Aberdeen",Aberdeen,"Aberdeen Central","North East (Aberdeen)"
wreath,55.86859798165496,-3.382613936070988,1664921951,2377,1993,29,Male,Y,317,"Marchmont, Edinburgh",Edinburgh,"Edinburgh South","Lothian (Edinburgh)"
wreath,56.486415668477875,-2.953968803984257,1664922005,2298,1966,56,Female,N,256,"Whitfield, Dundee",Dundee,"Dundee North","Tayside and Angus (Dundee)"
wreath,57.524699405776445,-2.972922742520734,1664922549,2376,1961,61,Female,N,88,Keith, Moray,AB55,"North East (Aberdeen)"
wreath,57.57259678419904,-3.4007036144661087,1664923018,2384,1973,49,Female,Y,737,Elgin,Moray,IV30,"North East (Aberdeen)"
wreath,58.0672974829592,-3.9157099463371146,1664923040,2388,1968,54,Male,Y,1071,Brora,Highland,KW9,"Highlands (Inverness)"
wreath,55.827177717298305,-4.06154672558566,1664923562,2391,1966,56,Male,Y,525,Uddingston,"South Lanarkshire",G71,Glasgow
wreath,54.97941647666921,-4.684950490486809,1664923946,2392,1974,48,Female,Y,227,Wigtown,"Dumfries and Galloway",DG8,"Dumfries and Galloway"
wreath,56.12407712118222,-3.270520102994322,1664923999,2395,1956,66,Female,Y,1125,Ballingry,Fife,KY5,Fife
wreath,55.97179868807352,-3.3237302686438905,1664924152,2397,2000,22,Male,N,306,"Queensferry, Edinburgh",Edinburgh,"Edinburgh Queensferry","Lothian (Edinburgh)"
wreath,59.1245858459516,-3.238619622603817,1664924168,2398,1987,35,Female,Y,1025,"Orkney Islands",Orkney,KW17,"Orkney Islands"
wreath,56.47463060718199,-2.9793059652991603,1664924463,2403,1990,32,Female,N,243,"Hilltown, Dundee",Dundee,"Dundee Central","Tayside and Angus (Dundee)"
wreath,57.0014612679305,-2.3452954901479153,1664924680,2404,1974,48,Female,Y,47,Newtonhill,Aberdeenshire,AB39,"North East (Aberdeen)"
wreath,56.23202064828074,-3.0679373059847084,1664924682,2406,1983,39,Male,Y,1138,Buckhaven,Fife,KY8,Fife
wreath,55.90728829266235,-3.600559540885603,1664924775,2399,1958,64,Male,N,368,Bathgate,"West Lothian",EH48,"Lothian (Edinburgh)"
wreath,54.99374002162196,-3.452002008966784,1664925067,2410,1972,50,Female,Y,186,"Dumfries (centre and east: Dalscone, Georgetown, Heathhall, Kingholm Quay, Noblehill, The Crichton)","Dumfries and Galloway",DG1,"Dumfries and Galloway"
wreath,55.946865395368704,-3.1592527400063464,1664925234,2408,1992,30,Female,Y,281,"Portobello, Edinburgh",Edinburgh,"Edinburgh Duddingston","Lothian (Edinburgh)"
wreath,55.03640120121499,-3.455064483585051,1664925384,2411,1969,53,Female,Y,187,Locharbriggs,"Dumfries and Galloway",DG1,"Dumfries and Galloway"
wreath,57.68209158878334,-3.1778093480394274,1664925434,2412,1983,39,Female,Y,737,Elgin,Moray,IV30,"North East (Aberdeen)"
wreath,56.245602269569154,-3.1584776554660055,1664925671,2268,1955,67,Male,N,1105,Cupar,Fife,KY15,Fife
wreath,55.50274230748553,-4.611905908088074,1664925821,2413,1987,35,Female,Y,873,Prestwick,"South Ayrshire",KA9,Ayrshire
wreath,55.89758581956477,-4.464693862471004,1664925940,2414,1962,60,Female,Y,1264,Renfrew,Renfrewshire,PA4,Glasgow
wreath,57.52035097039133,-2.9658197042546925,1664926870,2416,1957,65,Female,N,89,Dufftown,Moray,AB55,"North East (Aberdeen)"
wreath,55.96988660924179,-4.230833281892807,1664928154,2423,1961,61,Female,Y,509,Lenzie,"East Dunbartonshire",G66,Glasgow
wreath,54.93933357799888,-3.669425840090856,1664931030,2426,1965,57,Female,Y,207,"Dumfries (west: Broomlands, Cargenbridge, Lochside, Maxwelltown, Troqueer)","Dumfries and Galloway",DG2,"Dumfries and Galloway"
wreath,56.481158335826585,-2.8838419661102814,1664931214,2427,1947,75,Female,N,254,"Douglas, Dundee",Dundee,"Dundee North","Tayside and Angus (Dundee)"
wreath,55.88383677950721,-3.215733544417851,1664935881,2430,1953,69,Female,Y,313,"Colinton, Edinburgh",Edinburgh,"Edinburgh South","Lothian (Edinburgh)"
wreath,57.59292846385726,-2.0935230475873214,1664936835,2433,1966,56,Male,Y,57,Fraserburgh,Aberdeenshire,AB43,"North East (Aberdeen)"
wreath,56.47848669542324,-3.3643868705369924,1664937970,2434,1992,30,Female,Y,1354,"Perth (south and east: Barnhill, Bridgend, Craigie, Kincarrathie, Upper Craigie)","Perth and Kinross",PH2,Fife
wreath,57.58662303385414,-2.0086272192724657,1664939925,2436,1967,55,Female,Y,57,Fraserburgh,Aberdeenshire,AB43,"North East (Aberdeen)"
wreath,55.88815331320103,-4.295819210556582,1664942499,2439,1961,61,Female,N,627,"Dennistoun, Glasgow",Glasgow,"Glasgow Northeast",Glasgow
wreath,57.95690087106736,-6.644039427322048,1664943606,2441,1966,56,Male,Y,688,"Isle of Lewis","Western Isles (outside of Stornoway)",HS2,"Western Isles"
wreath,57.712655908904786,-3.3260091125101305,1664945427,2445,1962,60,Female,Y,738,Lossiemouth,Moray,IV31,"North East (Aberdeen)"
wreath,57.71011009305609,-3.2840836395349484,1664945542,2445,1962,60,Female,Y,738,Lossiemouth,Moray,IV31,"North East (Aberdeen)"
wreath,55.90082945197166,-3.24625909893745,1664945790,2446,1983,39,Female,N,305,"Oxgangs, Edinburgh",Edinburgh,"Edinburgh Oxgangs","Lothian (Edinburgh)"
wreath,55.102377734472135,-3.514240470503535,1664946373,2448,1986,36,Female,Y,186,"Dumfries (centre and east: Dalscone, Georgetown, Heathhall, Kingholm Quay, Noblehill, The Crichton)","Dumfries and Galloway",DG1,"Dumfries and Galloway"
wreath,56.85756559057842,-3.2220597143193115,1664947236,2447,1994,28,Female,Y,181,Kirriemuir,Angus,DD8,"Tayside and Angus (Dundee)"
wreath,56.80695914977846,-2.865727784825728,1664948090,2450,1992,30,Male,Y,182,Brechin,Angus,DD9,"Tayside and Angus (Dundee)"
wreath,56.94593771187849,-2.75068964219626,1664948488,2454,1990,32,Female,Y,182,Brechin,Angus,DD9,"Tayside and Angus (Dundee)"
wreath,58.337799980766775,-5.143874742918027,1664949251,2456,1961,61,Female,N,731,Tongue,Highland,IV27,"Highlands (Inverness)"
wreath,57.04891415704509,-2.260189773872915,1664949302,2457,1976,46,Female,Y,48,Stonehaven,Aberdeenshire,AB39,"North East (Aberdeen)"
wreath,57.58870388351863,-2.2066766403659845,1664949302,2453,1995,27,Female,N,57,Fraserburgh,Aberdeenshire,AB43,"North East (Aberdeen)"
wreath,56.93266371726655,-2.4098474692194007,1664949504,2457,1976,46,Female,Y,48,Stonehaven,Aberdeenshire,AB39,"North East (Aberdeen)"
wreath,57.616178508570364,-2.8663217652925415,1664949711,2460,1992,30,Female,Y,91,Cullen,Moray,AB56,"North East (Aberdeen)"
wreath,55.943952531922676,-3.276095104970051,1664949751,2463,1981,41,Female,Y,287,"Corstorphine, Edinburgh",Edinburgh,"Edinburgh North","Lothian (Edinburgh)"
wreath,55.942581150344,-3.434937224814808,1664950054,2462,1977,45,Male,Y,371,Broxburn,"West Lothian",EH52,"Lothian (Edinburgh)"
wreath,55.96620289176808,-3.1449393110863966,1664950143,2464,1973,49,Female,N,285,"Leith, Edinburgh",Edinburgh,"Edinburgh Leith","Lothian (Edinburgh)"
wreath,58.382937352019106,-4.827367525186435,1664950249,2456,1961,61,Female,N,731,Tongue,Highland,IV27,"Highlands (Inverness)"
wreath,56.469803954150876,-3.040281855255144,1664950253,2461,1965,57,Female,N,239,"Charleston, Dundee",Dundee,"Dundee Central","Tayside and Angus (Dundee)"
wreath,56.48998285426099,-2.822457989036846,1664950260,2466,1971,51,Female,N,247,"Broughty Ferry, Dundee",Dundee,"Dundee East","Tayside and Angus (Dundee)"
wreath,55.77315756256989,-4.1381603015316974,1664950287,2465,1953,69,Female,N,530,"East Kilbride (north: The Village, East Mains, West Mains, Lymekilns, St Leonards, Calderwood, Nerston, Stewartfield, Peel Park)","South Lanarkshire",G74,Glasgow
wreath,60.78623572392906,-0.8863656683015104,1664950902,2467,1978,44,Female,N,1514,"Bridge of Walls","Shetland Isles",ZE2,"Shetland Islands"
wreath,55.41128446048968,-4.739317540292987,1664951451,2471,1994,28,Female,Y,856,"Ayr (Centre)","South Ayrshire",KA7,Ayrshire
wreath,56.48290657222293,-2.838417883101682,1664951549,2468,1956,66,Female,Y,247,"Broughty Ferry, Dundee",Dundee,"Dundee East","Tayside and Angus (Dundee)"
wreath,55.66521023038125,-4.741939674734744,1664951824,2474,1979,43,Female,Y,812,Saltcoats,"East Ayrshire",KA21,Ayrshire
wreath,57.51377320526751,-3.6232597602465173,1664951856,2475,1979,43,Male,Y,740,Forres,Moray,IV36,"North East (Aberdeen)"
wreath,56.07869479886967,-3.196066562281403,1664952299,2476,1960,62,Female,Y,1117,"Kirkcaldy (west: Hayfield, Templehall, Newliston, Chapel, Dunnikier, Bennochy)",Fife,KY2,Fife
wreath,57.153881961974626,-2.390020590490837,1664952335,2320,1987,35,Male,Y,28,Westhill,Aberdeenshire,AB32,"North East (Aberdeen)"
wreath,56.22384086111936,-3.1486501336810653,1664952343,2472,1962,60,Female,Y,1134,Markinch,Fife,KY7,Fife
wreath,57.12863326582303,-2.1955924690865873,1664953119,2479,1993,29,Male,Y,132,"Peterculter, Aberdeen",Aberdeen,"Aberdeen Southwest","North East (Aberdeen)"
wreath,56.47981966562278,-2.9156013028118557,1664953521,2482,1948,74,Female,N,250,"Downfield, Dundee",Dundee,"Dundee North","Tayside and Angus (Dundee)"
wreath,55.81094951258389,-3.9077695276435733,1664953524,2483,1950,72,Male,Y,1151,Motherwell,"North Lanarkshire",ML1,Glasgow
wreath,56.48570135028254,-2.972576633564555,1664953543,2481,1962,60,Male,Y,234,"Baxter Park, Dundee",Dundee,"Dundee Bluebelt","Tayside and Angus (Dundee)"
wreath,56.732497902754965,-2.652088891240928,1664954548,2491,1995,27,Female,Y,183,Edzell,Angus,DD9,"Tayside and Angus (Dundee)"
wreath,55.93444062099861,-3.274739261511334,1664954609,2489,1972,50,Male,Y,299,"Broughton, Edinburgh",Edinburgh,"Edinburgh North","Lothian (Edinburgh)"
wreath,57.288142146005306,-2.0254349518829367,1664955200,2495,1978,44,Male,Y,113,"Bridge of Don, Aberdeen",Aberdeen,"Aberdeen North","North East (Aberdeen)"
wreath,55.85934841272604,-4.263311878911213,1664955610,2498,1954,68,Female,Y,577,"City centre, Glasgow",Glasgow,"Glasgow City Centre",Glasgow
wreath,55.776091880738065,-4.174244431755554,1664956211,2502,1977,45,Female,Y,530,"East Kilbride (north: The Village, East Mains, West Mains, Lymekilns, St Leonards, Calderwood, Nerston, Stewartfield, Peel Park)","South Lanarkshire",G74,Glasgow
wreath,57.6607466344622,-2.4843558039821194,1664956381,139,1955,67,Male,N,58,Macduff,Aberdeenshire,AB44,"North East (Aberdeen)"
wreath,54.90211026328582,-5.129480080455688,1664956611,2508,1990,32,Female,Y,231,Stranraer,"Dumfries and Galloway",DG9,"Dumfries and Galloway"
wreath,55.83156907612584,-4.276759220685061,1664956778,2509,1980,42,Female,Y,653,"Netherlee, Glasgow",Glasgow,"Glasgow South",Glasgow
wreath,55.96325193791273,-3.9240177901097155,1664956940,2505,1970,52,Female,Y,514,"Cumbernauld (south: Condorrat, Lenziemill, Carbrain, Kildrum, Cumbernauld Village, Abronhill, Seafar)","North Lanarkshire",G67,Glasgow
wreath,56.56495693306192,-3.414935844404023,1664956959,2506,1989,33,Male,N,1354,"Perth (south and east: Barnhill, Bridgend, Craigie, Kincarrathie, Upper Craigie)","Perth and Kinross",PH2,Fife
wreath,56.21054985712014,-3.2881728130855867,1664957096,2511,1978,44,Female,Y,1129,"Glenrothes (west: Caskieberran, Rimbleton, Macedonia, Tanshall)",Fife,KY6,Fife
wreath,56.30968958669393,-3.6153619989546475,1664957112,2506,1989,33,Male,N,1354,"Perth (south and east: Barnhill, Bridgend, Craigie, Kincarrathie, Upper Craigie)","Perth and Kinross",PH2,Fife
wreath,59.998508459905494,-1.244784214011411,1664957230,2512,1981,41,Female,Y,1510,Bixter,"Shetland Isles",ZE2,"Shetland Islands"
wreath,55.93448775677412,-3.5737425315064026,1664957531,2507,1958,64,Female,Y,368,Bathgate,"West Lothian",EH48,"Lothian (Edinburgh)"
wreath,57.085211809975384,-2.279094592017888,1664957629,2516,1993,29,Male,Y,132,"Peterculter, Aberdeen",Aberdeen,"Aberdeen Southwest","North East (Aberdeen)"
wreath,57.11821937895453,-2.3937137722409285,1664958026,2513,1992,30,Female,Y,28,Westhill,Aberdeenshire,AB32,"North East (Aberdeen)"
wreath,55.992152827157135,-5.45485493716412,1664958084,2521,1980,42,Female,Y,1250,Ardrishaig,"Argyll and Bute",PA30,"Argyll and Bute"
wreath,56.08032508210574,-5.4352148206774284,1664958151,2522,1983,39,Female,Y,1254,Lochgilphead,"Argyll and Bute",PA31,"Argyll and Bute"
wreath,55.909017730945116,-4.344181135139434,1664958175,2518,1993,29,Female,Y,488,Bearsden,"East Dunbartonshire",G61,Glasgow
wreath,57.14260386327602,-2.247908148698055,1664958433,2526,1966,56,Male,N,121,Blackburn,Aberdeenshire,"Aberdeen North","North East (Aberdeen)"
wreath,55.82670917029806,-4.443402710656168,1664958497,2524,1972,50,Female,Y,1236,"Paisley (south: Blackhall, Castlehead, Dykebar, Foxbar, Hunterhill, Meikleriggs)",Renfrewshire,PA2,Glasgow
wreath,56.06882780136351,-3.852698924299693,1664958514,2529,1982,40,Male,N,424,Maddiston, Falkirk,FK2,"Stirling and Falkirk"
wreath,55.94764946620935,-3.9187530877909134,1664958630,2532,1962,60,Female,N,514,"Cumbernauld (south: Condorrat, Lenziemill, Carbrain, Kildrum, Cumbernauld Village, Abronhill, Seafar)","North Lanarkshire",G67,Glasgow
wreath,56.14595959518849,-3.707705332299357,1664958694,2528,1995,27,Male,Y,396,Tillicoultry,Clackmannanshire,FK13,"Stirling and Falkirk"
wreath,55.92091953235974,-3.2076678916200208,1664958699,2523,1977,45,Male,N,311,"Currie, Edinburgh",Edinburgh,"Edinburgh South","Lothian (Edinburgh)"
wreath,55.83147027595401,-4.318866753384732,1664959324,2535,2000,22,Female,Y,648,"Shawlands, Glasgow",Glasgow,"Glasgow South",Glasgow
wreath,55.84614412974458,-4.4586691592889425,1664959452,2534,1962,60,Male,Y,1249,"Paisley (north west: Ferguslie Park, Gallowhill, Gockston, Shortroods, )",Renfrewshire,PA3,Glasgow
wreath,55.87257316525393,-4.364280318742682,1664959494,2541,1979,43,Female,Y,672,"Govan, Glasgow",Glasgow,"Glasgow Southwest",Glasgow
wreath,55.77430763240821,-3.794081443518693,1664959529,2544,1956,66,Male,Y,1180,Wishaw,"North Lanarkshire",ML2,Glasgow
wreath,55.43745246103172,-4.6621670318442625,1664959903,2545,1952,70,Female,N,856,"Ayr (Centre)","South Ayrshire",KA7,Ayrshire
wreath,55.937021911570966,-3.2265559256538503,1664960747,2557,1979,43,Female,Y,267,"Sighthill, Edinburgh",Edinburgh,"Edinburgh Central","Lothian (Edinburgh)"
wreath,56.28302191472035,-3.504718988157441,1664960752,2555,1987,35,Female,Y,1354,"Perth (south and east: Barnhill, Bridgend, Craigie, Kincarrathie, Upper Craigie)","Perth and Kinross",PH2,Fife
wreath,57.67331244928338,-3.2354341389865295,1664961096,2510,1994,28,Female,Y,737,Elgin,Moray,IV30,"North East (Aberdeen)"
wreath,56.551078455189035,-4.437234606921967,1664961517,2561,1964,58,Male,Y,1327,Aberfeldy,"Perth and Kinross",PH15,Fife
wreath,57.141629627348294,-2.201464087564678,1664961588,2539,1990,32,Female,Y,117,Balmedie,Aberdeenshire,"Aberdeen North","North East (Aberdeen)"
wreath,56.46609763914885,-2.9816881645033937,1664961749,2564,1961,61,Female,N,236,"Lochee, Dundee",Dundee,"Dundee Central","Tayside and Angus (Dundee)"
wreath,55.91786568548596,-4.35844342268528,1664961788,2563,1994,28,Female,Y,641,"Knightswood, Glasgow",Glasgow,"Glasgow Northwest",Glasgow
wreath,56.46784221392894,-3.0470422465958062,1664962230,2567,1962,60,Male,Y,245,"Law, Dundee",Dundee,"Dundee Central","Tayside and Angus (Dundee)"
wreath,55.83008005237356,-4.260846942485102,1664962570,2571,1982,40,Male,Y,647,"Pollokshields, Glasgow",Glasgow,"Glasgow South",Glasgow
wreath,57.5534816830616,-2.383997475848409,1664962861,2575,1977,45,Female,Y,78,Turriff,Aberdeenshire,AB53,"North East (Aberdeen)"
wreath,55.73011788218913,-3.914575609756251,1664963088,2573,1978,44,Male,Y,1217,Larkhall,"North Lanarkshire",ML9,Glasgow
wreath,56.48786406624739,-2.9519948459264804,1664963207,1380,1963,59,Male,Y,252,"Linlathen and Midcraigie, Dundee",Dundee,"Dundee North","Tayside and Angus (Dundee)"
wreath,55.98113158265018,-2.716828637307624,1664964005,2586,1967,55,Male,Y,357,Haddington,"East Lothian",EH41,"Lothian (Edinburgh)"
wreath,56.03852357487592,-4.048176725019191,1664964067,2592,1982,40,Male,Y,452,Denny,Falkirk,FK6,"Stirling and Falkirk"
wreath,55.32987943204181,-4.131394690801539,1664964115,2591,1989,33,Female,Y,797,Auchinleck,"East Ayrshire",KA18,Ayrshire
wreath,55.816319548085644,-4.061443302052459,1664964335,2593,1986,36,Male,Y,525,Uddingston,"South Lanarkshire",G71,Glasgow
wreath,57.57229254489516,-7.13647195215066,1664964674,2599,1985,37,Female,Y,693,"Isle of North Uist","Western Isles",HS6,"Western Isles"
wreath,55.54233885818438,-4.646003398175767,1664964806,2600,1989,33,Female,Y,784,Troon,"South Ayrshire",KA10,Ayrshire
wreath,57.16837864341702,-4.473392153445387,1664964935,2581,1980,42,Female,Y,714,"Inverness (east: Culcabock, Crown, Culduthel, Drummond, Haugh, Hilton, Holm, Lochardil, Millburn, Raigmore)",Highland,IV2,"Highlands (Inverness)"
wreath,56.46909825960625,-3.056641876165884,1664965416,2602,2001,21,Female,Y,261,"Westend, Dundee",Dundee,"Dundee West","Tayside and Angus (Dundee)"
wreath,58.421463064387225,-3.683940733223743,1664966079,2606,1992,30,Female,Y,913,Halkirk,Highland,KW12,"Highlands (Inverness)"
wreath,57.485667361653526,-4.1713218418375915,1664966106,2608,1976,46,Male,Y,713,Culloden,Highland,IV2,"Highlands (Inverness)"
wreath,55.85499373666537,-4.482494071001814,1664966315,2610,1967,55,Male,Y,1249,"Paisley (north west: Ferguslie Park, Gallowhill, Gockston, Shortroods, )",Renfrewshire,PA3,Glasgow
wreath,55.940915807149366,-4.061779288857035,1664966688,2613,1981,41,Female,Y,517,"Cumbernauld (north: Balloch, Eastfield, Carrickstone, Smithstone, Blackwood, Westfield)","North Lanarkshire",G68,Glasgow
wreath,54.98604375621032,-3.6069846975542377,1664966703,2595,1992,30,Female,Y,207,"Dumfries (west: Broomlands, Cargenbridge, Lochside, Maxwelltown, Troqueer)","Dumfries and Galloway",DG2,"Dumfries and Galloway"
wreath,57.16246776521827,-4.580764268981052,1664966925,2611,1969,53,Male,Y,714,"Inverness (east: Culcabock, Crown, Culduthel, Drummond, Haugh, Hilton, Holm, Lochardil, Millburn, Raigmore)",Highland,IV2,"Highlands (Inverness)"
wreath,56.495655039530845,-2.9688010365945807,1664967046,1380,1963,59,Male,Y,252,"Linlathen and Midcraigie, Dundee",Dundee,"Dundee North","Tayside and Angus (Dundee)"
wreath,56.170851180321996,-3.5397802097796327,1664967277,2615,1971,51,Male,Y,1098,Kinross,"Perth and Kinross",KY13,Fife
wreath,56.67459194947439,-2.646801899932064,1664967981,2621,1986,36,Female,Y,141,Arbroath,Angus,DD11,"Tayside and Angus (Dundee)"
wreath,55.875128866930105,-4.336819544188219,1664967994,2622,1986,36,Female,Y,639,"Scotstoun, Glasgow",Glasgow,"Glasgow Northwest",Glasgow
wreath,57.35726414512245,-2.6637137842189498,1664968130,2617,1942,80,Female,Y,70,Insch,Aberdeenshire,AB52,"North East (Aberdeen)"
wreath,56.240293177747375,-3.9986586533991364,1664968214,2619,1999,23,Female,Y,405,Dunblane,Stirlingshire,FK15,"Stirling and Falkirk"
wreath,56.93645958986189,-2.3278603641410354,1664968266,2626,1998,24,Female,Y,48,Stonehaven,Aberdeenshire,AB39,"North East (Aberdeen)"
wreath,56.20076785777997,-3.9020428992240634,1664968309,2619,1999,23,Female,Y,405,Dunblane,Stirlingshire,FK15,"Stirling and Falkirk"
wreath,56.06122431471891,-3.2442670443884056,1664969395,2654,2002,20,Other,Y,1118,Aberdour,Fife,KY3,Fife
wreath,55.77950265934747,-4.1031924912877304,1664969493,2634,1974,48,Male,Y,529,Cambuslang,"South Lanarkshire",G72,Glasgow
wreath,55.845532199691476,-4.136190241166057,1664969513,2642,1996,26,Male,Y,637,"Woodside, Glasgow",Glasgow,"Glasgow Northeast",Glasgow
wreath,55.867601298331124,-4.443966452625107,1664969625,2662,1985,37,Male,Y,1249,"Paisley (north west: Ferguslie Park, Gallowhill, Gockston, Shortroods, )",Renfrewshire,PA3,Glasgow
wreath,55.2678301717596,-4.62804041385364,1664969702,2653,1968,54,Female,Y,806,Maybole,"South Ayrshire",KA19,Ayrshire
wreath,56.47483001628435,-2.947972545108589,1664969738,2651,1969,53,Male,Y,254,"Douglas, Dundee",Dundee,"Dundee North","Tayside and Angus (Dundee)"
wreath,55.86748440872503,-4.300328638825754,1664969753,2663,1961,61,Male,N,588,"Broomhill, Glasgow",Glasgow,"Glasgow Kelvin",Glasgow
wreath,55.787014220227384,-3.902727720041372,1664969770,2643,1963,59,Male,Y,1180,Wishaw,"North Lanarkshire",ML2,Glasgow
wreath,55.549974635563565,-3.8092368166514072,1664969777,2670,1987,35,Female,Y,1167,Lanark,"South Lanarkshire",ML11,Glasgow
wreath,56.02691731412679,-3.856073485633896,1664969789,2668,1998,24,Male,N,450,Stenhousemuir,Falkirk,FK5,"Stirling and Falkirk"
wreath,54.940777705781336,-4.121909578724393,1664969893,2678,1959,63,Male,Y,218,Kirkcudbright,"Dumfries and Galloway",DG6,"Dumfries and Galloway"
wreath,56.61107809221365,-2.701278625511967,1664969938,2684,1967,55,Female,Y,141,Arbroath,Angus,DD11,"Tayside and Angus (Dundee)"
wreath,55.799087625098494,-4.133399950914517,1664969976,2693,1982,40,Female,Y,528,Blantyre,"South Lanarkshire",G72,Glasgow
wreath,55.77869317373304,-4.033781826176057,1664969989,2683,1955,67,Female,Y,1183,Hamilton,"South Lanarkshire",ML3,Glasgow
wreath,55.85195664017842,-3.9934966164413987,1664970003,2681,1982,40,Female,Y,1192,Airdrie,"North Lanarkshire",ML6,Glasgow
wreath,55.857363738929365,-4.0217289283251,1664970006,2669,1985,37,Male,Y,1189,Coatbridge,"North Lanarkshire",ML5,Glasgow
wreath,55.59423074511099,-4.429349522639448,1664970007,2656,1989,33,Male,Y,779,"Kilmarnock (centre and south: Bonnyton, Grange, Bellfield, Shortlees, Caprington, Riccarton, Hurlford)","East Ayrshire",KA1,Ayrshire
wreath,55.768803895073354,-3.9034901322613864,1664970020,2643,1963,59,Male,Y,1180,Wishaw,"North Lanarkshire",ML2,Glasgow
wreath,57.40557161695936,-2.466599874954495,1664970058,2686,1977,45,Male,Y,64,Inverurie,Aberdeenshire,AB51,"North East (Aberdeen)"
wreath,57.59464361633054,-2.961078038219551,1664970061,2692,1959,63,Female,Y,89,Dufftown,Moray,AB55,"North East (Aberdeen)"
wreath,55.79120135958722,-3.9358928896199306,1664970088,2695,1958,64,Female,N,1151,Motherwell,"North Lanarkshire",ML1,Glasgow
wreath,55.398859167551144,-4.74494808773348,1664970091,2696,1983,39,Male,Y,856,"Ayr (Centre)","South Ayrshire",KA7,Ayrshire
wreath,57.36689942640686,-1.971482648107249,1664970162,2630,1986,36,Male,Y,51,Tarves,Aberdeenshire,AB41,"North East (Aberdeen)"
wreath,57.64942955891037,-3.295691825598391,1664970191,2705,1954,68,Female,N,737,Elgin,Moray,IV30,"North East (Aberdeen)"
wreath,55.57957938620498,-4.470224141937437,1664970204,2704,1991,31,Male,N,779,"Kilmarnock (centre and south: Bonnyton, Grange, Bellfield, Shortlees, Caprington, Riccarton, Hurlford)","East Ayrshire",KA1,Ayrshire
wreath,55.8852881657356,-4.216735645173173,1664970227,2709,1965,57,Male,Y,636,"Ruchill, Glasgow",Glasgow,"Glasgow Northeast",Glasgow
wreath,55.97597334171999,-4.467475538046812,1664970229,2720,1988,34,Male,N,549,Dumbarton,"West Dunbartonshire",G82,Glasgow
wreath,56.47153685796017,-3.0266563471077665,1664970234,2707,1966,56,Female,N,243,"Hilltown, Dundee",Dundee,"Dundee Central","Tayside and Angus (Dundee)"
wreath,55.8945196646624,-4.344973860425534,1664970297,2676,1993,29,Male,Y,640,"Whiteinch, Glasgow",Glasgow,"Glasgow Northwest",Glasgow
wreath,55.897682608188894,-3.254628064849077,1664970309,2715,1989,33,Female,Y,310,"Balerno, Edinburgh",Edinburgh,"Edinburgh South","Lothian (Edinburgh)"
wreath,55.93286649393177,-3.680442645557239,1664970412,2724,1969,53,Female,Y,367,Armadale,"West Lothian",EH48,"Lothian (Edinburgh)"
wreath,55.93551922345977,-3.9272354952421678,1664970429,2721,1980,42,Female,Y,514,"Cumbernauld (south: Condorrat, Lenziemill, Carbrain, Kildrum, Cumbernauld Village, Abronhill, Seafar)","North Lanarkshire",G67,Glasgow
wreath,56.069561461217766,-3.1779350661467203,1664970473,2729,1976,46,Male,Y,1120,Kinghorn,Fife,KY3,Fife
wreath,56.630145031076395,-3.0728512815455225,1664970491,2732,1990,32,Male,Y,179,Forfar,Angus,DD8,"Tayside and Angus (Dundee)"
wreath,57.5455447271626,-2.063722451434881,1664970509,2727,1973,49,Other,N,54,Peterhead,Aberdeenshire,AB42,"North East (Aberdeen)"
wreath,55.01208323321706,-3.4445852537784023,1664970528,2733,1976,46,Male,Y,185,Carrutherstown,"Dumfries and Galloway",DG1,"Dumfries and Galloway"
wreath,55.897296457067156,-4.36579266561127,1664970554,2701,1996,26,Female,Y,640,"Whiteinch, Glasgow",Glasgow,"Glasgow Northwest",Glasgow
wreath,55.98849695815507,-4.463760667502755,1664970554,2710,1974,48,Female,Y,549,Dumbarton,"West Dunbartonshire",G82,Glasgow
wreath,55.87731847444545,-3.896384306240601,1664970585,2717,1988,34,Female,Y,1192,Airdrie,"North Lanarkshire",ML6,Glasgow
wreath,56.535468122096304,-3.4803469438080175,1664970649,2741,1979,43,Female,Y,1313,"Perth (north and west: Burghmuir, Cherrybank, Hillyland, Inveralmond, Lethom, Muirton, North Muirton, Tulloch)","Perth and Kinross",PH1,Fife
wreath,55.79182278350062,-4.26142190128354,1664970753,2766,1961,61,Male,N,571,"Castlemilk, Glasgow",Glasgow,"Glasgow Castlemilk",Glasgow
wreath,55.32279671312971,-3.8844637602815553,1664970754,2737,2001,21,Male,Y,212,Kirkconnel,"Dumfries and Galloway",DG4,"Dumfries and Galloway"
wreath,55.78705203733098,-4.1776649264323655,1664970785,2749,1971,51,Female,Y,530,"East Kilbride (north: The Village, East Mains, West Mains, Lymekilns, St Leonards, Calderwood, Nerston, Stewartfield, Peel Park)","South Lanarkshire",G74,Glasgow
wreath,57.31688459354182,-2.7228448794914946,1664970817,2743,1978,44,Male,N,70,Insch,Aberdeenshire,AB52,"North East (Aberdeen)"
wreath,55.81665655536649,-4.125762892188814,1664970869,2752,1974,48,Male,N,529,Cambuslang,"South Lanarkshire",G72,Glasgow
wreath,56.1105407504068,-3.4525848829639014,1664970896,2746,2000,22,Female,N,1096,"Dunfermline (centre, north, west: Abbey Parks, Lady's Mill, Garvock, Headwell, Kingseathill, Wellwood, Milesmark, Baldridge, Pittencrieff, Baldridgeburn)",Fife,KY12,Fife
wreath,54.939759965427726,-4.102498734853482,1664970956,2751,1976,46,Female,N,222,"New Galloway","Dumfries and Galloway",DG7,"Dumfries and Galloway"
wreath,56.2545050374768,-5.5032291933089,1664970969,2756,1993,29,Other,Y,1257,Oban,"Argyll and Bute",PA34,"Argyll and Bute"
wreath,55.47461076299298,-2.5955486858538377,1664971026,2755,1977,45,Male,Y,1486,Jedburgh,"Scottish Borders",TD8,Borders
wreath,55.925529965229444,-4.311649009756749,1664971059,2764,1964,58,Male,Y,488,Bearsden,"East Dunbartonshire",G61,Glasgow
wreath,57.10129116551086,-2.267742216599973,1664971092,2771,2001,21,Male,Y,128,"Mannofield, Aberdeen",Aberdeen,"Aberdeen Southwest","North East (Aberdeen)"
wreath,57.43766830137674,-4.034214598008893,1664971200,2762,1982,40,Male,Y,713,Culloden,Highland,IV2,"Highlands (Inverness)"
wreath,55.9627008080126,-4.11642182120203,1664971201,2779,1991,31,Female,N,507,Kirkintilloch,"East Dunbartonshire",G66,Glasgow
wreath,55.89296529620253,-3.2173658823420905,1664971205,2780,1972,50,Female,Y,315,"Fairmilehead, Edinburgh",Edinburgh,"Edinburgh South","Lothian (Edinburgh)"
wreath,55.884847500534946,-4.321207164506494,1664971207,2763,1996,26,Male,N,588,"Broomhill, Glasgow",Glasgow,"Glasgow Kelvin",Glasgow
wreath,57.605535063513564,-3.4522511859354617,1664971275,2784,1994,28,Other,Y,737,Elgin,Moray,IV30,"North East (Aberdeen)"
wreath,56.07272465173114,-3.3771119248747117,1664971288,2783,1962,60,Male,N,1094,Rosyth,Fife,KY11,Fife
wreath,55.82696023843336,-4.18942228478779,1664971316,2758,1981,41,Male,Y,529,Cambuslang,"South Lanarkshire",G72,Glasgow
wreath,55.20999142386996,-3.6437716555400637,1664971396,2773,1957,65,Female,Y,186,"Dumfries (centre and east: Dalscone, Georgetown, Heathhall, Kingholm Quay, Noblehill, The Crichton)","Dumfries and Galloway",DG1,"Dumfries and Galloway"
wreath,55.73820333748141,-4.746969454722828,1664971443,2797,1971,51,Female,Y,815,Dalry,"North Ayrshire",KA24,Ayrshire
wreath,55.89430966401629,-4.449370743719463,1664971517,2811,1982,40,Female,Y,1306,Erskine,Renfrewshire,PA8,Glasgow
wreath,56.12217377015461,-3.192361806939885,1664971589,2803,1981,41,Female,Y,1117,"Kirkcaldy (west: Hayfield, Templehall, Newliston, Chapel, Dunnikier, Bennochy)",Fife,KY2,Fife
wreath,55.869434564151426,-4.8860693024302195,1664971606,2796,2000,22,Male,Y,1233,Skelmorlie,"North Ayrshire",PA17,Ayrshire
wreath,55.6670305021457,-2.9585101292476,1664971612,2806,1961,61,Female,Y,1413,Galashiels,"Scottish Borders",TD1,Borders
wreath,55.930228125055415,-4.34734422934426,1664971636,2810,1985,37,Male,Y,488,Bearsden,"East Dunbartonshire",G61,Glasgow
wreath,55.89891838063129,-4.46570889947702,1664971659,2811,1982,40,Female,Y,1306,Erskine,Renfrewshire,PA8,Glasgow
wreath,55.94058036882072,-4.256211562810287,1664971684,2819,1956,66,Female,Y,502,Bishopbriggs,"East Dunbartonshire",G64,Glasgow
wreath,55.928676247304566,-4.784480055839714,1664971699,2768,1971,51,Female,Y,1231,"Greenock (west: Bow Farm, Braeside, Branchton, Fort Matilda, Gateside, Greenock West, Overton, Pennyfern, Smithston)",Inverclyde,PA16,Glasgow
wreath,57.64468980776244,-3.211777347477254,1664971761,2760,1980,42,Male,N,737,Elgin,Moray,IV30,"North East (Aberdeen)"
wreath,55.943742704524546,-4.232789890452051,1664971771,2817,1982,40,Male,Y,503,Torrance,"East Dunbartonshire",G64,Glasgow
wreath,55.57876379060632,-2.8687738427750227,1664971779,2806,1961,61,Female,Y,1413,Galashiels,"Scottish Borders",TD1,Borders
wreath,55.94266783715411,-3.2037211212600862,1664971784,2807,1978,44,Male,Y,320,"Newington, Edinburgh",Edinburgh,"Edinburgh South","Lothian (Edinburgh)"
wreath,55.86245475336055,-3.1218642774648946,1664971787,2799,1991,31,Female,N,328,Bonnyrigg,Midlothian,EH19,"Lothian (Edinburgh)"
wreath,56.051746513130695,-4.962806123201793,1664971824,2829,1997,25,Female,Y,1241,Dunoon,"Argyll and Bute",PA23,"Argyll and Bute"
wreath,55.78167710132358,-4.1673320136970675,1664971868,2831,1995,27,Male,Y,530,"East Kilbride (north: The Village, East Mains, West Mains, Lymekilns, St Leonards, Calderwood, Nerston, Stewartfield, Peel Park)","South Lanarkshire",G74,Glasgow
wreath,55.85786259370225,-4.215738996686464,1664971954,2769,1997,25,Male,N,618,"Carmyle, Glasgow",Glasgow,"Glasgow Northeast",Glasgow
wreath,55.89553388716325,-4.4936538044688366,1664971958,2814,1948,74,Male,Y,1292,Bishopton,Renfrewshire,PA7,Glasgow
wreath,55.89686907505199,-4.0327598299828065,1664972058,2835,1982,40,Male,Y,1189,Coatbridge,"North Lanarkshire",ML5,Glasgow
wreath,55.83982965642466,-4.4595053542729515,1664972258,2849,1968,54,Male,Y,1220,"Paisley (central, east and north east: Ferguslie, Oldhall, Seedhill, Williamsburgh, Whitehaugh)",Renfrewshire,PA1,Glasgow
wreath,55.2620730592076,-3.469869556413389,1664972263,2838,1961,61,Female,Y,189,Moffat,"Dumfries and Galloway",DG10,"Dumfries and Galloway"
wreath,56.066768871813025,-4.042582072878802,1664972308,2825,1967,55,Female,N,457,Bannockburn,Stirlingshire,FK7,"Stirling and Falkirk"
wreath,55.956317806387645,-4.24597668564472,1664972308,2836,1979,43,Female,Y,503,Torrance,"East Dunbartonshire",G64,Glasgow
wreath,55.949151703022096,-4.392686689114778,1664972357,2772,1973,49,Female,Y,546,Clydebank,"West Dunbartonshire",G81,Glasgow
wreath,56.478264372242386,-3.748835502027266,1664972420,2805,1999,23,Female,Y,1309,Bankfoot,"Perth and Kinross",PH1,Fife
wreath,55.543257621454174,-4.60674022897113,1664972505,2858,1994,28,Male,Y,784,Troon,"South Ayrshire",KA10,Ayrshire
wreath,57.15248255686476,-2.1070986227746706,1664972577,2839,1959,63,Male,Y,97,"Mastrick, Aberdeen",Aberdeen,"Aberdeen Central","North East (Aberdeen)"
wreath,55.716769102746355,-6.17549294956075,1664972659,2861,1959,63,Male,Y,1267,"Bowmore, Isle of Islay","Argyll and Bute",PA43,"Argyll and Bute"
wreath,55.960012727333215,-3.8957793214298135,1664972731,2863,1982,40,Male,Y,514,"Cumbernauld (south: Condorrat, Lenziemill, Carbrain, Kildrum, Cumbernauld Village, Abronhill, Seafar)","North Lanarkshire",G67,Glasgow
wreath,55.979563908277306,-3.177453837373687,1664972734,2856,1983,39,Male,Y,285,"Leith, Edinburgh",Edinburgh,"Edinburgh Leith","Lothian (Edinburgh)"
wreath,55.006169526127884,-3.0844621698798256,1664972786,2867,1975,47,Female,Y,205,Gretna,"Dumfries and Galloway",DG16,"Dumfries and Galloway"
wreath,57.16475394536763,-2.270725048696998,1664972822,2851,1997,25,Male,Y,112,"Dyce, Aberdeen",Aberdeen,"Aberdeen North","North East (Aberdeen)"
wreath,56.73223673432657,-3.2857346405427883,1664972849,2870,1994,28,Male,Y,1321,Alyth,"Perth and Kinross",PH11,Fife
wreath,56.65218286822338,-3.339795531642078,1664972961,2866,1995,27,Male,Y,1319,"Bridge of Cally","Perth and Kinross",PH10,Fife
wreath,55.55728612008266,-2.423188558421219,1664972982,2868,1977,45,Female,Y,1451,Kelso,"Scottish Borders",TD5,Borders
wreath,55.954412199374794,-4.831570624142813,1664973001,2878,1970,52,Female,Y,1235,Gourock,Inverclyde,PA19,Glasgow
wreath,55.70166082493936,-4.499378041275092,1664973040,2880,1975,47,Female,N,837,"Kilmarnock (north: Onthank, Townholm, Altonhill, Longpark, Beansburn, New Farm Loch, Knockinlaw, Hillhead, Crookedholm)","East Ayrshire",KA3,Ayrshire
wreath,55.92512360191351,-2.822846866605391,1664973065,2885,1988,34,Female,Y,357,Haddington,"East Lothian",EH41,"Lothian (Edinburgh)"
wreath,55.737048801591946,-4.009952688146063,1664973319,2883,1985,37,Male,Y,1183,Hamilton,"South Lanarkshire",ML3,Glasgow
wreath,55.83313356496406,-4.072759842526941,1664973322,2890,1980,42,Male,Y,525,Uddingston,"South Lanarkshire",G71,Glasgow
wreath,56.648697762601664,-2.8097709543493985,1664973325,2891,1978,44,Female,Y,181,Kirriemuir,Angus,DD8,"Tayside and Angus (Dundee)"
wreath,55.99796221419621,-3.815646298236024,1664973355,2852,1996,26,Female,Y,377,"Falkirk (centre and south: Arnothill, Bantaskin, Callendar Park, Glen Village, Hallglen, Lionthorn, Tamfourhill, Woodlands)",Falkirk,FK1,"Stirling and Falkirk"
wreath,56.511107218543074,-2.7504362695053755,1664973466,2886,1982,40,Male,Y,178,Carnoustie,Angus,DD7,"Tayside and Angus (Dundee)"
wreath,55.85348476017596,-4.440860006503723,1664973484,2887,1992,30,Female,Y,1248,Linwood,Renfrewshire,PA3,Glasgow
wreath,55.7335538966858,-4.2058720286654,1664973493,2899,1994,28,Other,Y,534,"East Kilbride (south: Hairmyres, Westwood, The Murray, Murray East, Whitehills, Greenhill, Newlandsmuir, Gardenhall, Crosshouse, Newlands, Lindsayfield, Mossneuk)","South Lanarkshire",G75,Glasgow
wreath,55.633423370775674,-5.360307030128642,1664973580,2903,1994,28,Female,Y,827,"Isle of Arran","North Ayrshire",KA27,Ayrshire
wreath,56.41412552843578,-3.1941567785242206,1664973596,2901,1961,61,Male,N,1353,Scone,"Perth and Kinross",PH2,Fife
wreath,55.955099578138096,-3.20922331871271,1664973604,2892,1955,67,Male,Y,298,"Inverleith, Edinburgh",Edinburgh,"Edinburgh North","Lothian (Edinburgh)"
wreath,55.84754875054005,-3.8621088687044285,1664973611,2894,1952,70,Male,Y,1209,Shotts,"North Lanarkshire",ML7,Glasgow
wreath,55.94837114407412,-4.358977700665373,1664973649,2897,1982,40,Female,Y,489,Milngavie,"East Dunbartonshire",G62,Glasgow
wreath,56.24782008228682,-2.781836631939188,1664973690,2908,1978,44,Male,N,1086,Anstruther,Fife,KY10,Fife
wreath,55.9091671601668,-4.36418584514251,1664973693,2911,1989,33,Female,Y,641,"Knightswood, Glasgow",Glasgow,"Glasgow Northwest",Glasgow
wreath,55.976427755075605,-3.340873325779679,1664973796,2912,2000,22,Male,Y,306,"Queensferry, Edinburgh",Edinburgh,"Edinburgh Queensferry","Lothian (Edinburgh)"
wreath,55.36846244286976,-4.1225160881059395,1664973812,2914,1982,40,Female,N,798,Cumnock,"East Ayrshire",KA18,Ayrshire
wreath,57.12520063187209,-2.1321528666406246,1664973845,2917,1969,53,Male,Y,127,"Torry, Aberdeen",Aberdeen,"Aberdeen Southeast","North East (Aberdeen)"
wreath,56.08781952800062,-3.909693706902132,1664973855,2913,1975,47,Female,Y,464,"Stirling (south and east: Braehead, Borestone, Broomridge, Torbrex)",Stirlingshire,FK7,"Stirling and Falkirk"
wreath,55.87970823615312,-3.180347197303422,1664973878,2921,1980,42,Female,Y,329,Loanhead,Midlothian,EH20,"Lothian (Edinburgh)"
wreath,55.98828976748167,-4.16057546898846,1664973881,2909,1989,33,Male,Y,509,Lenzie,"East Dunbartonshire",G66,Glasgow
wreath,55.57345400974692,-4.590102158218223,1664973889,2918,1971,51,Female,Y,809,Dundonald,"South Ayrshire",KA2,Ayrshire
wreath,55.84617009463074,-4.3246313522237605,1664973983,2915,1991,31,Female,N,676,"Mosspark, Glasgow",Glasgow,"Glasgow Southwest",Glasgow
wreath,55.80525354840702,-4.058727822073721,1664974067,2877,1971,51,Female,N,525,Uddingston,"South Lanarkshire",G71,Glasgow
wreath,55.75796873813719,-3.243761811929591,1664974099,2929,1994,28,Male,Y,363,"West Linton","Scottish Borders",EH46,Borders
wreath,55.83864802118436,-3.3916048577550453,1664974103,2919,1991,31,Male,Y,311,"Currie, Edinburgh",Edinburgh,"Edinburgh South","Lothian (Edinburgh)"
wreath,55.541796145876994,-4.546921239513375,1664974115,2930,1953,69,Female,Y,779,"Kilmarnock (centre and south: Bonnyton, Grange, Bellfield, Shortlees, Caprington, Riccarton, Hurlford)","East Ayrshire",KA1,Ayrshire
wreath,55.874230464689035,-3.2542041983767134,1664974222,2938,1991,31,Female,Y,314,"Morningside, Edinburgh",Edinburgh,"Edinburgh South","Lothian (Edinburgh)"
wreath,55.87632471745604,-3.2551420032607257,1664974320,2943,1981,41,Male,Y,314,"Morningside, Edinburgh",Edinburgh,"Edinburgh South","Lothian (Edinburgh)"
wreath,56.1757047592133,-4.699742070002613,1664974338,2935,1991,31,Male,Y,557,Alexandria,"West Dunbartonshire",G83,"Argyll and Bute"
wreath,55.54752570366714,-4.663528644926449,1664974392,2940,1980,42,Female,Y,784,Troon,"South Ayrshire",KA10,Ayrshire
wreath,55.591160694294096,-4.201392545762638,1664974414,2950,1970,52,Male,Y,1160,Strathaven,"North Lanarkshire",ML10,Glasgow
wreath,55.93206202699105,-3.397100970886664,1664974435,2953,1992,30,Male,Y,301,"Kirkliston, Edinburgh",Edinburgh,"Edinburgh Northwest","Lothian (Edinburgh)"
wreath,55.96629092813235,-3.4690498665859835,1664974462,2942,1962,60,Female,Y,371,Broxburn,"West Lothian",EH52,"Lothian (Edinburgh)"
wreath,55.63398426809149,-4.572671227740043,1664974606,2956,1956,66,Male,Y,837,"Kilmarnock (north: Onthank, Townholm, Altonhill, Longpark, Beansburn, New Farm Loch, Knockinlaw, Hillhead, Crookedholm)","East Ayrshire",KA3,Ayrshire
wreath,55.963872749477254,-4.198478719211508,1664974645,2963,1961,61,Female,Y,507,Kirkintilloch,"East Dunbartonshire",G66,Glasgow
wreath,55.827386304996594,-4.092283865095105,1664974721,2960,1989,33,Female,Y,602,"Baillieston, Glasgow",Glasgow,"Glasgow Northeast",Glasgow
wreath,55.58619501790861,-4.563792646531774,1664974769,2971,1966,56,Female,N,810,Knockentiber,"East Ayrshire",KA2,Ayrshire
wreath,56.40861493590023,-3.5013660444862618,1664974774,2952,1955,67,Male,Y,1313,"Perth (north and west: Burghmuir, Cherrybank, Hillyland, Inveralmond, Lethom, Muirton, North Muirton, Tulloch)","Perth and Kinross",PH1,Fife
wreath,55.79099618617918,-4.129253721756807,1664974775,2925,1959,63,Male,Y,529,Cambuslang,"South Lanarkshire",G72,Glasgow
wreath,55.58588452393288,-4.645928216727957,1664974776,2973,1955,67,Male,Y,785,"Irvine (east, south: Perceton, Lawthorn, Girdle Toll, Stanecastle, Bourtreehill, Broomlands, Dreghorn, Springside)","North Ayrshire",KA11,Ayrshire
wreath,57.1596588539946,-2.1089928130488422,1664974809,2976,1988,34,Male,Y,106,"Kittybrewster, Aberdeen",Aberdeen,"Aberdeen Central","North East (Aberdeen)"
wreath,55.406809181366654,-4.640430630386335,1664974837,2978,1983,39,Male,Y,856,"Ayr (Centre)","South Ayrshire",KA7,Ayrshire
wreath,55.80302128525161,-4.273200456055528,1664974880,2977,1998,24,Male,Y,645,Clarkston,"East Renfrewshire","Glasgow South",Glasgow
wreath,55.943503989915776,-3.221535424595724,1664974917,2968,1974,48,Female,Y,269,"Gorgie, Edinburgh",Edinburgh,"Edinburgh Central","Lothian (Edinburgh)"
wreath,55.55701076865314,-4.555684139431948,1664974961,2957,1958,64,Female,N,779,"Kilmarnock (centre and south: Bonnyton, Grange, Bellfield, Shortlees, Caprington, Riccarton, Hurlford)","East Ayrshire",KA1,Ayrshire
wreath,54.82197151370916,-4.514441574158076,1664975027,2983,1970,52,Male,Y,227,Wigtown,"Dumfries and Galloway",DG8,"Dumfries and Galloway"
wreath,56.65143630507915,-5.5097060399668525,1664975050,2986,1997,25,Male,Y,1377,"Fort William",Highland,PH33,"Highlands (Inverness)"
wreath,55.547357586473744,-4.5301822975012795,1664975078,2957,1958,64,Female,N,779,"Kilmarnock (centre and south: Bonnyton, Grange, Bellfield, Shortlees, Caprington, Riccarton, Hurlford)","East Ayrshire",KA1,Ayrshire
wreath,55.76999899642761,-4.139315402504179,1664975146,2995,1977,45,Male,Y,530,"East Kilbride (north: The Village, East Mains, West Mains, Lymekilns, St Leonards, Calderwood, Nerston, Stewartfield, Peel Park)","South Lanarkshire",G74,Glasgow
wreath,55.9295065768677,-3.3389032111460213,1664975266,2876,1970,52,Male,Y,304,"Cramond, Edinburgh",Edinburgh,"Edinburgh Northwest","Lothian (Edinburgh)"
wreath,55.72853364427571,-4.2053647548901685,1664975285,2994,1979,43,Male,N,534,"East Kilbride (south: Hairmyres, Westwood, The Murray, Murray East, Whitehills, Greenhill, Newlandsmuir, Gardenhall, Crosshouse, Newlands, Lindsayfield, Mossneuk)","South Lanarkshire",G75,Glasgow
wreath,55.85225665963908,-3.5058013455386328,1664975296,2997,1988,34,Male,Y,375,Livingston,"West Lothian",EH54,"Lothian (Edinburgh)"
wreath,57.163194743168795,-2.0845353000122597,1664975478,3017,1956,66,Male,N,97,"Mastrick, Aberdeen",Aberdeen,"Aberdeen Central","North East (Aberdeen)"
wreath,55.8756827738419,-2.7839502406262215,1664975540,2993,1987,35,Other,Y,357,Haddington,"East Lothian",EH41,"Lothian (Edinburgh)"
wreath,55.676016986967376,-4.570369557871681,1664975644,3009,1970,52,Female,Y,837,"Kilmarnock (north: Onthank, Townholm, Altonhill, Longpark, Beansburn, New Farm Loch, Knockinlaw, Hillhead, Crookedholm)","East Ayrshire",KA3,Ayrshire
wreath,55.89952846579063,-3.658098654076977,1664975728,3012,1967,55,Male,Y,367,Armadale,"West Lothian",EH48,"Lothian (Edinburgh)"
wreath,55.892486258389866,-4.0512704271006275,1664975740,3016,1988,34,Male,Y,1189,Coatbridge,"North Lanarkshire",ML5,Glasgow
wreath,55.96503735845339,-2.556786314079064,1664975845,3022,1973,49,Male,Y,359,Dunbar,"East Lothian",EH42,"Lothian (Edinburgh)"
wreath,55.88310035801597,-2.7384201933445906,1664975848,3011,1958,64,Female,N,357,Haddington,"East Lothian",EH41,"Lothian (Edinburgh)"
wreath,55.86879141777128,-4.063850017100774,1664975919,3016,1988,34,Male,Y,1189,Coatbridge,"North Lanarkshire",ML5,Glasgow
wreath,55.37000674023349,-4.091632889313886,1664976027,3020,2001,21,Female,Y,214,Sanquhar,"Dumfries and Galloway",DG4,"Dumfries and Galloway"
wreath,55.90911688869608,-3.597318097418226,1664976045,3014,1983,39,Male,Y,368,Bathgate,"West Lothian",EH48,"Lothian (Edinburgh)"
wreath,56.50784409089706,-3.570223296656171,1664976046,3019,1996,26,Female,Y,1313,"Perth (north and west: Burghmuir, Cherrybank, Hillyland, Inveralmond, Lethom, Muirton, North Muirton, Tulloch)","Perth and Kinross",PH1,Fife
wreath,55.93084932963149,-4.246594084626592,1664976066,3030,1971,51,Male,N,502,Bishopbriggs,"East Dunbartonshire",G64,Glasgow
wreath,55.947750257815414,-3.2258196649694484,1664976115,3029,1965,57,Female,Y,295,"Ravelston, Edinburgh",Edinburgh,"Edinburgh North","Lothian (Edinburgh)"
wreath,55.66078813471686,-4.573566241735439,1664976207,3009,1970,52,Female,Y,837,"Kilmarnock (north: Onthank, Townholm, Altonhill, Longpark, Beansburn, New Farm Loch, Knockinlaw, Hillhead, Crookedholm)","East Ayrshire",KA3,Ayrshire
wreath,56.0543304910734,-3.8833261573163567,1664976308,3035,1963,59,Male,Y,464,"Stirling (south and east: Braehead, Borestone, Broomridge, Torbrex)",Stirlingshire,FK7,"Stirling and Falkirk"
wreath,56.49738948004619,-2.9683755758799975,1664976344,3015,1956,66,Female,N,254,"Douglas, Dundee",Dundee,"Dundee North","Tayside and Angus (Dundee)"
wreath,57.432711368247595,-3.4894546108896165,1664976347,3039,1955,67,Female,N,1371,Grantown-On-Spey,Highland,PH26,"Highlands (Inverness)"
wreath,55.97736867562193,-3.795072214137563,1664976404,3034,1997,25,Female,Y,377,"Falkirk (centre and south: Arnothill, Bantaskin, Callendar Park, Glen Village, Hallglen, Lionthorn, Tamfourhill, Woodlands)",Falkirk,FK1,"Stirling and Falkirk"
wreath,55.85581111177822,-4.364761597077122,1664976584,3056,1989,33,Female,N,678,"Cardonald, Glasgow",Glasgow,"Glasgow Southwest",Glasgow
wreath,55.887849786746564,-4.503880068864349,1664976628,3046,1974,48,Female,Y,1278,Houston,Renfrewshire,PA6,Glasgow
wreath,55.89177503371389,-4.825705648564344,1664976670,3026,1964,58,Female,Y,1231,"Greenock (west: Bow Farm, Braeside, Branchton, Fort Matilda, Gateside, Greenock West, Overton, Pennyfern, Smithston)",Inverclyde,PA16,Glasgow
wreath,58.014246044792515,-6.909920416492698,1664976693,3059,2002,20,Female,Y,689,"Isle of Harris","Western Isles (excluding Leverburgh and Rodel areas)",HS3,"Western Isles"
wreath,55.56594280220506,-3.820136399888731,1664976765,3057,1982,40,Female,Y,1167,Lanark,"South Lanarkshire",ML11,Glasgow
wreath,57.84510360195837,-7.002543168852097,1664976803,3059,2002,20,Female,Y,689,"Isle of Harris","Western Isles (excluding Leverburgh and Rodel areas)",HS3,"Western Isles"
wreath,56.15360972183233,-3.4220804678721497,1664976887,3064,2000,22,Female,Y,1121,Cowdenbeath,Fife,KY4,Fife
wreath,56.462252423077636,-3.054980664293202,1664976902,3065,1984,38,Male,Y,257,"Ninewells, Dundee",Dundee,"Dundee West","Tayside and Angus (Dundee)"
wreath,55.861204338003574,-2.1597170821987257,1664976964,3061,1964,58,Female,Y,1431,Eyemouth,"Scottish Borders",TD14,Borders
wreath,56.93185494851426,-2.2428613608058794,1664976982,3050,1965,57,Male,Y,48,Stonehaven,Aberdeenshire,AB39,"North East (Aberdeen)"
wreath,56.1736752291981,-3.429372071335769,1664977005,2954,1973,49,Male,Y,1097,Kinnesswood,"Perth and Kinross",KY13,Fife
wreath,55.93591980626998,-3.9747869563529035,1664977046,3069,1986,36,Female,Y,514,"Cumbernauld (south: Condorrat, Lenziemill, Carbrain, Kildrum, Cumbernauld Village, Abronhill, Seafar)","North Lanarkshire",G67,Glasgow
wreath,55.755806005472394,-4.183336032320379,1664977102,3070,1994,28,Other,Y,534,"East Kilbride (south: Hairmyres, Westwood, The Murray, Murray East, Whitehills, Greenhill, Newlandsmuir, Gardenhall, Crosshouse, Newlands, Lindsayfield, Mossneuk)","South Lanarkshire",G75,Glasgow
wreath,55.89585012602542,-3.959230358341239,1664977112,3063,1980,42,Male,Y,1192,Airdrie,"North Lanarkshire",ML6,Glasgow
wreath,55.80660339889736,-4.27279177426474,1664977123,3072,1964,58,Female,Y,647,"Pollokshields, Glasgow",Glasgow,"Glasgow South",Glasgow
wreath,58.44002932842729,-3.0826965336692553,1664977252,3054,1968,54,Female,N,899,Wick,Highland,KW1,"Highlands (Inverness)"
wreath,58.499348011839274,-3.265742816063858,1664977375,3054,1968,54,Female,N,899,Wick,Highland,KW1,"Highlands (Inverness)"
wreath,55.69620517799593,-3.212246338491336,1664977463,3075,1956,66,Female,Y,362,Peebles,"Scottish Borders",EH45,Borders
wreath,56.47169118178648,-2.9575876206209,1664977492,3073,1990,32,Female,N,232,"Craigiebank, Dundee",Dundee,"Dundee Bluebelt","Tayside and Angus (Dundee)"
wreath,56.09556023962137,-3.6292666055207325,1664977538,3042,1969,53,Male,Y,1096,"Dunfermline (centre, north, west: Abbey Parks, Lady's Mill, Garvock, Headwell, Kingseathill, Wellwood, Milesmark, Baldridge, Pittencrieff, Baldridgeburn)",Fife,KY12,Fife
wreath,55.923305667897786,-3.9154234582355034,1664977577,3091,1966,56,Female,Y,1192,Airdrie,"North Lanarkshire",ML6,Glasgow
wreath,55.82690474944585,-4.061200830257934,1664977586,3089,1972,50,Male,Y,526,Viewpark,"North Lanarkshire",G71,Glasgow
wreath,57.17077684939486,-2.28538038657473,1664977686,3090,2001,21,Male,Y,28,Westhill,Aberdeenshire,AB32,"North East (Aberdeen)"
wreath,55.897937209747774,-3.3108309561463702,1664977729,3083,1962,60,Female,Y,313,"Colinton, Edinburgh",Edinburgh,"Edinburgh South","Lothian (Edinburgh)"
wreath,56.48164595632325,-3.04499610053422,1664977971,3048,1949,73,Male,N,239,"Charleston, Dundee",Dundee,"Dundee Central","Tayside and Angus (Dundee)"
wreath,55.425839646410545,-4.203819340302028,1664977980,3102,1978,44,Female,Y,802,"New Cumnock","East Ayrshire",KA18,Ayrshire
wreath,55.748168008818396,-4.367870636033471,1664978037,3104,1985,37,Female,Y,539,"Newton Mearns","East Renfrewshire",G77,Glasgow
wreath,55.82145284541497,-4.295927542474784,1664978115,3087,1981,41,Male,Y,658,"Giffnock, Glasgow",Glasgow,"Glasgow South",Glasgow
wreath,55.97673070651454,-4.2505114529061805,1664978177,3109,1968,54,Female,N,508,Lennoxtown,"East Dunbartonshire",G66,Glasgow
wreath,57.68614174364141,-2.1058515918909038,1664978180,3093,1995,27,Female,Y,57,Fraserburgh,Aberdeenshire,AB43,"North East (Aberdeen)"
wreath,55.77256239923752,-4.203064838867308,1664978255,3117,1975,47,Female,Y,530,"East Kilbride (north: The Village, East Mains, West Mains, Lymekilns, St Leonards, Calderwood, Nerston, Stewartfield, Peel Park)","South Lanarkshire",G74,Glasgow
wreath,55.90749274428374,-3.191479541728155,1664978259,3107,1967,55,Male,Y,308,"Liberton, Edinburgh",Edinburgh,"Edinburgh South","Lothian (Edinburgh)"
wreath,55.85887561829707,-2.7872292938108703,1664978315,3126,1981,41,Female,Y,357,Haddington,"East Lothian",EH41,"Lothian (Edinburgh)"
wreath,57.66347141229131,-3.239698769045191,1664978327,3130,1993,29,Male,Y,737,Elgin,Moray,IV30,"North East (Aberdeen)"
wreath,55.73665613829437,-4.114867965742836,1664978340,3119,1981,41,Male,Y,1183,Hamilton,"South Lanarkshire",ML3,Glasgow
wreath,57.63157290194224,-1.8756292756567419,1664978373,3103,1965,57,Male,N,57,Fraserburgh,Aberdeenshire,AB43,"North East (Aberdeen)"
wreath,56.571998980086356,-3.317353261475475,1664978406,2947,1991,31,Female,Y,1318,Blairgowrie,"Perth and Kinross",PH10,Fife
wreath,57.228668493664244,-3.7196003821021053,1664978425,3108,1992,30,Female,Y,1366,"Boat of Garten",Highland,PH24,"Highlands (Inverness)"
wreath,54.989592452684114,-3.3851128665872157,1664978525,3123,1978,44,Male,Y,197,Annan,"Dumfries and Galloway",DG12,"Dumfries and Galloway"
wreath,55.806951140654256,-4.306430227159166,1664978700,3129,2002,20,Male,Y,648,"Shawlands, Glasgow",Glasgow,"Glasgow South",Glasgow
wreath,55.96771014849972,-2.949621578841208,1664978769,3137,1989,33,Male,Y,348,Prestonpans,"East Lothian",EH32,"Lothian (Edinburgh)"
wreath,55.8744682251324,-4.06488993952282,1664978902,3116,1975,47,Female,Y,1189,Coatbridge,"North Lanarkshire",ML5,Glasgow
wreath,55.954457802469435,-4.827836703332232,1664978916,3140,2001,21,Female,Y,1235,Gourock,Inverclyde,PA19,Glasgow
wreath,55.76073841738884,-4.201726082891501,1664978935,3146,1986,36,Female,Y,534,"East Kilbride (south: Hairmyres, Westwood, The Murray, Murray East, Whitehills, Greenhill, Newlandsmuir, Gardenhall, Crosshouse, Newlands, Lindsayfield, Mossneuk)","South Lanarkshire",G75,Glasgow
wreath,57.58272206904483,-3.390528587170123,1664978941,3131,1945,77,Male,Y,737,Elgin,Moray,IV30,"North East (Aberdeen)"
wreath,57.07215723677316,-2.123410213176477,1664978964,3141,1974,48,Female,Y,6,"Kirkton of Maryculter",Aberdeenshire,AB12,"North East (Aberdeen)"
wreath,55.80706133738374,-4.017254123171091,1664978999,3150,1993,29,Male,Y,1186,Bellshill,"North Lanarkshire",ML4,Glasgow
wreath,55.59287732319288,-4.502089382663344,1664979038,3145,1958,64,Female,N,779,"Kilmarnock (centre and south: Bonnyton, Grange, Bellfield, Shortlees, Caprington, Riccarton, Hurlford)","East Ayrshire",KA1,Ayrshire
wreath,57.214516062525114,-2.974651136903146,1664979190,3155,1971,51,Female,N,29,Alford,Aberdeenshire,AB33,"North East (Aberdeen)"
wreath,55.90869323774087,-4.373786829835218,1664979240,3151,1950,72,Female,Y,641,"Knightswood, Glasgow",Glasgow,"Glasgow Northwest",Glasgow
wreath,57.59075494442675,-3.2603712780852114,1664979269,3138,1997,25,Male,Y,737,Elgin,Moray,IV30,"North East (Aberdeen)"
wreath,57.402618509736286,-3.1816619257340633,1664979318,3157,1982,40,Female,Y,88,Keith, Moray,AB55,"North East (Aberdeen)"
wreath,56.87373034929927,-5.151993110836484,1664979370,3144,1963,59,Male,Y,1377,"Fort William",Highland,PH33,"Highlands (Inverness)"
wreath,56.07889676157595,-3.4168629061662297,1664979485,3166,1972,50,Female,N,1089,"Dalgety Bay",Fife,KY11,Fife
wreath,59.05363903715338,-3.164786223538446,1664979487,3161,1962,60,Female,N,1025,"Orkney Islands",Orkney,KW17,"Orkney Islands"
wreath,56.07864847801914,-4.72194895573892,1664979510,3106,1977,45,Male,N,557,Alexandria,"West Dunbartonshire",G83,"Argyll and Bute"
wreath,55.89779869299238,-2.98475896427733,1664979525,3163,1997,25,Female,N,334,Dalkeith,Midlothian,EH22,"Lothian (Edinburgh)"
wreath,58.95958995609855,-2.8896073448876844,1664979558,3162,1982,40,Male,Y,967,Kirkwall,Orkney,KW15,"Orkney Islands"
wreath,55.46808935204213,-4.63994902795501,1664979714,3170,1976,46,Female,Y,856,"Ayr (Centre)","South Ayrshire",KA7,Ayrshire
wreath,55.96697294134775,-3.171115881851453,1664979943,3180,1987,35,Male,Y,285,"Leith, Edinburgh",Edinburgh,"Edinburgh Leith","Lothian (Edinburgh)"
wreath,55.906667090149654,-3.7793191528390495,1664979957,3160,1995,27,Female,Y,377,"Falkirk (centre and south: Arnothill, Bantaskin, Callendar Park, Glen Village, Hallglen, Lionthorn, Tamfourhill, Woodlands)",Falkirk,FK1,"Stirling and Falkirk"
wreath,55.53544975381087,-4.453170031135093,1664979986,3181,1983,39,Female,Y,845,Catrine,"East Ayrshire",KA5,Ayrshire
wreath,55.89092859693351,-4.34462601698547,1664980407,3189,1983,39,Female,Y,639,"Scotstoun, Glasgow",Glasgow,"Glasgow Northwest",Glasgow
wreath,55.86713968552831,-4.296468399371427,1664980484,3201,2001,21,Other,Y,591,"Hillhead, Glasgow",Glasgow,"Glasgow Kelvin",Glasgow
wreath,55.89324134063629,-3.21906265912463,1664980492,3190,1980,42,Female,Y,308,"Liberton, Edinburgh",Edinburgh,"Edinburgh South","Lothian (Edinburgh)"
wreath,57.154354179542416,-4.368763201735855,1664980520,3194,1980,42,Female,N,714,"Inverness (east: Culcabock, Crown, Culduthel, Drummond, Haugh, Hilton, Holm, Lochardil, Millburn, Raigmore)",Highland,IV2,"Highlands (Inverness)"
wreath,56.130489326808025,-4.028406987414537,1664980648,3208,1987,35,Female,Y,477,"Bridge of Allan",Stirlingshire,FK9,"Stirling and Falkirk"
wreath,54.86229875793023,-5.126348413746388,1664980754,3206,1979,43,Female,Y,231,Stranraer,"Dumfries and Galloway",DG9,"Dumfries and Galloway"
wreath,55.98260284271724,-3.7098921074537174,1664980779,3199,1998,24,Male,Y,422,"Falkirk (north: Grahamston, Middlefield, Westfield)",Falkirk,FK2,"Stirling and Falkirk"
wreath,55.858513087198716,-3.4068058557709233,1664980879,3214,1984,38,Female,Y,314,"Morningside, Edinburgh",Edinburgh,"Edinburgh South","Lothian (Edinburgh)"
wreath,55.905078954296165,-4.58164207485768,1664980933,3207,1963,59,Female,Y,1229,"Port Glasgow",Inverclyde,PA14,Glasgow
wreath,57.17386759710864,-2.1723894253744205,1664981009,3218,1996,26,Male,Y,101,"Sheddocksley, Aberdeen",Aberdeen,"Aberdeen Central","North East (Aberdeen)"
wreath,55.94777508973056,-3.1555629852265206,1664981152,3221,1974,48,Female,Y,281,"Portobello, Edinburgh",Edinburgh,"Edinburgh Duddingston","Lothian (Edinburgh)"
wreath,57.59165352366878,-3.3275890898457687,1664981329,3225,1995,27,Female,Y,737,Elgin,Moray,IV30,"North East (Aberdeen)"
wreath,55.72593518464113,-3.890885883943202,1664981354,3240,1999,23,Male,Y,1212,Carluke,"South Lanarkshire",ML8,Glasgow
wreath,55.87617530624157,-4.289445208339385,1664981371,3237,1980,42,Male,Y,596,"Finnieston, Glasgow",Glasgow,"Glasgow Kelvin",Glasgow
wreath,56.06393495889379,-3.555217632339002,1664981372,3227,1956,66,Female,Y,1096,"Dunfermline (centre, north, west: Abbey Parks, Lady's Mill, Garvock, Headwell, Kingseathill, Wellwood, Milesmark, Baldridge, Pittencrieff, Baldridgeburn)",Fife,KY12,Fife
wreath,56.062561464599476,-3.611608460173938,1664981469,3227,1956,66,Female,Y,1096,"Dunfermline (centre, north, west: Abbey Parks, Lady's Mill, Garvock, Headwell, Kingseathill, Wellwood, Milesmark, Baldridge, Pittencrieff, Baldridgeburn)",Fife,KY12,Fife
wreath,55.84438560348752,-4.381305820295863,1664981470,3246,2002,20,Male,Y,1221,Ralston,Renfrewshire,PA1,Glasgow
wreath,55.75676433846846,-4.3864202490936,1664981546,3245,1973,49,Female,Y,539,"Newton Mearns","East Renfrewshire",G77,Glasgow
wreath,55.83121235026921,-4.253187449557973,1664981682,3235,1954,68,Male,Y,665,"Pollockshaws, Glasgow",Glasgow,"Glasgow Southwest",Glasgow
wreath,55.02029363235953,-3.1248427206186746,1664981690,3248,1991,31,Male,Y,196,Lockerbie,"Dumfries and Galloway",DG11,"Dumfries and Galloway"
wreath,56.07577109831763,-3.214340012330427,1664981703,3249,1974,48,Female,N,1117,"Kirkcaldy (west: Hayfield, Templehall, Newliston, Chapel, Dunnikier, Bennochy)",Fife,KY2,Fife
wreath,55.89017082552114,-4.444569340777804,1664981785,3242,1980,42,Female,Y,1264,Renfrew,Renfrewshire,PA4,Glasgow
wreath,58.55510346671217,-3.3095498210437677,1664981851,2961,1980,42,Female,Y,879,Keiss,Highland,KW1,"Highlands (Inverness)"
wreath,57.79721600142666,-4.361856914129584,1664981884,3232,1972,50,Female,Y,707,Alness,Highland,IV17,"Highlands (Inverness)"
wreath,55.857554796491755,-4.042786610910497,1664981939,3262,1968,54,Female,Y,1189,Coatbridge,"North Lanarkshire",ML5,Glasgow
wreath,57.39516373324853,-2.7475968951615477,1664982019,3213,1987,35,Male,Y,79,Aberchirder,Aberdeenshire,AB54,"North East (Aberdeen)"
wreath,55.87169950898454,-4.2878576454929815,1664982161,3266,1964,58,Female,Y,588,"Broomhill, Glasgow",Glasgow,"Glasgow Kelvin",Glasgow
wreath,57.1726761468442,-2.1766795597200757,1664982273,3272,1973,49,Female,Y,101,"Sheddocksley, Aberdeen",Aberdeen,"Aberdeen Central","North East (Aberdeen)"
wreath,56.95468392792671,-2.556071671117011,1664982286,3267,1976,46,Female,Y,22,Banchory,Aberdeenshire,AB31,"North East (Aberdeen)"
wreath,55.68936204156786,-2.6409220859702707,1664982372,3275,1981,41,Other,Y,1442,Earlston,"Scottish Borders",TD4,Borders
wreath,55.811267558495075,-3.993035235285215,1664982401,3278,1987,35,Female,Y,1186,Bellshill,"North Lanarkshire",ML4,Glasgow
wreath,56.07449290174176,-4.74954799279671,1664982408,3277,1989,33,Female,Y,566,Helensburgh,"Argyll and Bute",G84,"Argyll and Bute"
wreath,55.86601538732774,-3.3730863837712244,1664982491,3250,1942,80,Male,Y,320,"Newington, Edinburgh",Edinburgh,"Edinburgh South","Lothian (Edinburgh)"
wreath,55.80284738253193,-3.845030302475678,1664982527,3281,1997,25,Other,Y,1180,Wishaw,"North Lanarkshire",ML2,Glasgow
wreath,55.209865608102746,-2.8254724849558777,1664982657,3284,1983,39,Male,Y,1493,Hawick,"Scottish Borders",TD9,Borders
wreath,55.59927971278689,-4.324513835953705,1664982677,3287,1978,44,Male,N,795,Newmilns,"East Ayrshire",KA16,Ayrshire
wreath,55.94127371484673,-3.084911486438519,1664982730,3288,1985,37,Female,Y,281,"Portobello, Edinburgh",Edinburgh,"Edinburgh Duddingston","Lothian (Edinburgh)"
wreath,56.25014492020428,-3.1774507101613207,1664982744,3269,1977,45,Female,Y,1639,Auchtermuchty,Fife,KY15,Fife
wreath,56.539320235676165,-3.4041953292013827,1664982906,3285,1993,29,Female,Y,1313,"Perth (north and west: Burghmuir, Cherrybank, Hillyland, Inveralmond, Lethom, Muirton, North Muirton, Tulloch)","Perth and Kinross",PH1,Fife
wreath,55.7947960483392,-4.076000730329291,1664983000,3294,1958,64,Female,N,529,Cambuslang,"South Lanarkshire",G72,Glasgow
wreath,56.11737138314138,-3.3211039480476097,1664983058,3291,1989,33,Male,Y,1126,Cardenden,Fife,KY5,Fife
wreath,56.8358280081789,-3.2275281288746296,1664983059,3298,1986,36,Female,Y,179,Forfar,Angus,DD8,"Tayside and Angus (Dundee)"
wreath,56.473578934168096,-2.848489023468139,1664983115,3292,1958,64,Female,Y,247,"Broughty Ferry, Dundee",Dundee,"Dundee East","Tayside and Angus (Dundee)"
wreath,55.89629527980893,-4.328538885062364,1664983207,3306,1975,47,Female,Y,591,"Hillhead, Glasgow",Glasgow,"Glasgow Kelvin",Glasgow
wreath,55.947729334421595,-3.0927993632317485,1664983215,2673,1956,66,Male,N,281,"Portobello, Edinburgh",Edinburgh,"Edinburgh Duddingston","Lothian (Edinburgh)"
wreath,55.826362064746185,-4.649503409903941,1664983237,3255,1968,54,Female,Y,1226,Lochwinnoch,Renfrewshire,PA12,Glasgow
wreath,56.04110858355112,-4.926433149822649,1664983355,3283,1985,37,Female,Y,1241,Dunoon,"Argyll and Bute",PA23,"Argyll and Bute"
wreath,55.38100593095767,-3.9552657072386976,1664983399,3299,1964,58,Male,Y,212,Kirkconnel,"Dumfries and Galloway",DG4,"Dumfries and Galloway"
wreath,55.724165123093734,-6.143869320693331,1664983574,3304,1966,56,Female,Y,1267,"Bowmore, Isle of Islay","Argyll and Bute",PA43,"Argyll and Bute"
wreath,55.01235555073711,-5.0087867905888785,1664983600,3325,1963,59,Female,Y,824,Girvan,"South Ayrshire",KA26,Ayrshire
wreath,55.98240081879219,-3.541793762754434,1664983674,3326,1990,32,Female,Y,369,Linlithgow,"West Lothian",EH49,"Lothian (Edinburgh)"
wreath,55.940459387455064,-3.1875456420908566,1664983682,3321,1970,52,Male,Y,313,"Colinton, Edinburgh",Edinburgh,"Edinburgh South","Lothian (Edinburgh)"
wreath,56.47130153871377,-3.0486382542793784,1664983717,3319,1970,52,Female,Y,238,"Menzieshill, Dundee",Dundee,"Dundee Central","Tayside and Angus (Dundee)"
wreath,56.0529149788412,-4.869564873062668,1664983744,3324,1985,37,Female,Y,563,Clynder,"Argyll and Bute",G84,"Argyll and Bute"
wreath,55.79418279427918,-4.057400416639657,1664983752,3312,1967,55,Female,Y,1183,Hamilton,"South Lanarkshire",ML3,Glasgow
wreath,55.978818194825344,-3.213987365584165,1664983792,3344,1983,39,Female,Y,296,"Davidson's Mains, Edinburgh",Edinburgh,"Edinburgh North","Lothian (Edinburgh)"
wreath,55.6010843729638,-4.22402986887678,1664983806,3328,1982,40,Female,Y,796,Darvel,"East Ayrshire",KA17,Ayrshire
wreath,55.65387582837864,-4.416492385054751,1664983940,3316,1997,25,Male,N,841,Stewarton,"East Ayrshire",KA3,Ayrshire
wreath,55.61023752936247,-4.425711634612155,1664983977,3347,1991,31,Male,Y,834,Dunlop,"East Ayrshire",KA3,Ayrshire
wreath,55.611973566727166,-4.65858334740565,1664984015,3327,1961,61,Male,Y,787,"Irvine (centre: Castlepark, Tarryholme)","North Ayrshire",KA12,Ayrshire
wreath,55.437834518264346,-3.054964856617771,1664984074,3345,1986,36,Male,N,1479,Selkirk,"Scottish Borders",TD7,Borders
wreath,55.91029331997039,-3.9511569386604357,1664984110,3331,1966,56,Male,Y,1192,Airdrie,"North Lanarkshire",ML6,Glasgow
wreath,58.97853371978452,-2.8178440973480208,1664984161,3359,1971,51,Male,Y,1025,"Orkney Islands",Orkney,KW17,"Orkney Islands"
wreath,55.98231198629003,-3.550484024960969,1664984273,3339,1997,25,Other,Y,369,Linlithgow,"West Lothian",EH49,"Lothian (Edinburgh)"
wreath,55.819364515517854,-4.500108837576727,1664984357,3365,1968,54,Male,Y,1276,Johnstone,Renfrewshire,PA5,Glasgow
wreath,57.22203128912892,-4.538010554449293,1664984410,2611,1969,53,Male,Y,714,"Inverness (east: Culcabock, Crown, Culduthel, Drummond, Haugh, Hilton, Holm, Lochardil, Millburn, Raigmore)",Highland,IV2,"Highlands (Inverness)"
wreath,57.119668853548134,-2.1318522051431263,1664984494,3369,1964,58,Female,Y,127,"Torry, Aberdeen",Aberdeen,"Aberdeen Southeast","North East (Aberdeen)"
wreath,56.33658631907755,-3.480128259228985,1664984503,3346,1992,30,Female,Y,1353,Scone,"Perth and Kinross",PH2,Fife
wreath,55.77127078334237,-3.995019338467312,1664984513,3364,1958,64,Female,N,1151,Motherwell,"North Lanarkshire",ML1,Glasgow
wreath,57.290332180122505,-2.2098694877647276,1664984697,3376,1964,58,Male,Y,111,"Bucksburn, Aberdeen",Aberdeen,"Aberdeen North","North East (Aberdeen)"
wreath,57.10903149654983,-2.2954719811425885,1664984743,3374,2003,19,Female,Y,128,"Mannofield, Aberdeen",Aberdeen,"Aberdeen Southwest","North East (Aberdeen)"
wreath,55.94490712669739,-3.255911245382853,1664984879,3096,1988,34,Male,Y,287,"Corstorphine, Edinburgh",Edinburgh,"Edinburgh North","Lothian (Edinburgh)"
wreath,55.75742712363523,-4.492415407150248,1664984949,3378,1985,37,Female,Y,541,Neilston,"East Renfrewshire",G78,Glasgow
wreath,55.95874802636883,-3.936898135960665,1664984955,3382,1982,40,Female,Y,514,"Cumbernauld (south: Condorrat, Lenziemill, Carbrain, Kildrum, Cumbernauld Village, Abronhill, Seafar)","North Lanarkshire",G67,Glasgow
wreath,55.54377870683112,-4.679771599985313,1664985135,3384,1992,30,Male,Y,784,Troon,"South Ayrshire",KA10,Ayrshire
wreath,55.84342774628624,-3.900560145492798,1664985154,3377,1987,35,Female,Y,1147,Carfin,"North Lanarkshire",ML1,Glasgow
wreath,57.110926673720755,-2.274002879054973,1664985245,3387,1978,44,Female,Y,128,"Mannofield, Aberdeen",Aberdeen,"Aberdeen Southwest","North East (Aberdeen)"
wreath,55.538623220389994,-4.523971583220312,1664985247,3366,1991,31,Female,Y,779,"Kilmarnock (centre and south: Bonnyton, Grange, Bellfield, Shortlees, Caprington, Riccarton, Hurlford)","East Ayrshire",KA1,Ayrshire
wreath,55.814982713222705,-4.283080266496971,1664985318,3389,1993,29,Female,Y,653,"Netherlee, Glasgow",Glasgow,"Glasgow South",Glasgow
wreath,55.89628387133352,-4.794820165087145,1664985355,3390,1994,28,Other,Y,1231,"Greenock (west: Bow Farm, Braeside, Branchton, Fort Matilda, Gateside, Greenock West, Overton, Pennyfern, Smithston)",Inverclyde,PA16,Glasgow
wreath,57.13941767555465,-2.052909743724508,1664985369,3369,1964,58,Female,Y,127,"Torry, Aberdeen",Aberdeen,"Aberdeen Southeast","North East (Aberdeen)"
wreath,57.747773098832496,-4.101475612206603,1664985472,3399,1969,53,Female,Y,708,Invergordon,Highland,IV18,"Highlands (Inverness)"
wreath,56.28397740447709,-3.464490512563686,1664985587,3356,1976,46,Female,Y,1354,"Perth (south and east: Barnhill, Bridgend, Craigie, Kincarrathie, Upper Craigie)","Perth and Kinross",PH2,Fife
wreath,55.863970968779604,-4.389892021649161,1664985596,3396,1990,32,Male,Y,1264,Renfrew,Renfrewshire,PA4,Glasgow
wreath,55.742318197868705,-4.123836929317006,1664985650,3350,1996,26,Female,Y,1183,Hamilton,"South Lanarkshire",ML3,Glasgow
wreath,57.66215833547322,-2.8718685814442657,1664985780,3403,1964,58,Male,N,90,Buckie,Moray,AB56,"North East (Aberdeen)"
wreath,56.034307582380535,-4.170559372541527,1664985797,3408,1979,43,Female,Y,501,Strathblane,Stirlingshire,G63,"Stirling and Falkirk"
wreath,55.92136524262674,-3.555948632806095,1664985823,3411,1959,63,Female,Y,371,Broxburn,"West Lothian",EH52,"Lothian (Edinburgh)"
wreath,57.60368546078633,-3.3876107053867677,1664985837,3409,1999,23,Female,Y,737,Elgin,Moray,IV30,"North East (Aberdeen)"
wreath,56.829676021029215,-3.475747905975008,1664985866,3406,1987,35,Male,N,1318,Blairgowrie,"Perth and Kinross",PH10,Fife
wreath,55.81649367947775,-3.680838380702923,1664985872,3419,1971,51,Female,Y,366,Whitburn,"West Lothian",EH47,"Lothian (Edinburgh)"
wreath,57.26015284762529,-2.1665530322119757,1664985872,3415,1982,40,Female,Y,113,"Bridge of Don, Aberdeen",Aberdeen,"Aberdeen North","North East (Aberdeen)"
wreath,55.9337425685047,-4.717384402523823,1664985885,3413,1969,53,Male,Y,1227,Kilmacolm,Inverclyde,PA13,Glasgow
wreath,56.083044809233556,-3.2805781150754982,1664985955,3417,1969,53,Male,Y,1117,"Kirkcaldy (west: Hayfield, Templehall, Newliston, Chapel, Dunnikier, Bennochy)",Fife,KY2,Fife
wreath,55.771539404479796,-4.187420992183973,1664985987,3423,1966,56,Male,Y,530,"East Kilbride (north: The Village, East Mains, West Mains, Lymekilns, St Leonards, Calderwood, Nerston, Stewartfield, Peel Park)","South Lanarkshire",G74,Glasgow
wreath,55.951932315590305,-4.269075366132677,1664986008,3424,1984,38,Female,Y,489,Milngavie,"East Dunbartonshire",G62,Glasgow
wreath,55.880271459031285,-3.3318996714112368,1664986033,3410,1966,56,Female,Y,314,"Morningside, Edinburgh",Edinburgh,"Edinburgh South","Lothian (Edinburgh)"
wreath,55.65212548113005,-3.7616110874961377,1664986053,3418,1995,27,Male,Y,1167,Lanark,"South Lanarkshire",ML11,Glasgow
wreath,55.81670386660026,-4.155056814163061,1664986135,3414,1980,42,Female,Y,529,Cambuslang,"South Lanarkshire",G72,Glasgow
wreath,55.569991614238546,-4.601574377526507,1664986152,3422,1977,45,Male,Y,809,Dundonald,"South Ayrshire",KA2,Ayrshire
wreath,55.82010309776672,-4.438754980773896,1664986241,3368,1962,60,Male,N,1236,"Paisley (south: Blackhall, Castlehead, Dykebar, Foxbar, Hunterhill, Meikleriggs)",Renfrewshire,PA2,Glasgow
wreath,55.868755449610205,-4.400284024475294,1664986354,3429,1974,48,Female,Y,1264,Renfrew,Renfrewshire,PA4,Glasgow
wreath,55.689507064896794,-4.743195009889668,1664986409,3450,1987,35,Male,Y,815,Dalry,"North Ayrshire",KA24,Ayrshire
wreath,55.800629495904786,-4.4264774373157225,1664986409,3442,1967,55,Male,Y,540,Barrhead,"East Renfrewshire",G78,Glasgow
wreath,55.909152734473295,-4.775718038400108,1664986529,3433,1980,42,Female,Y,1231,"Greenock (west: Bow Farm, Braeside, Branchton, Fort Matilda, Gateside, Greenock West, Overton, Pennyfern, Smithston)",Inverclyde,PA16,Glasgow
wreath,57.56189554129427,-2.109529371023427,1664986590,3441,1965,57,Female,Y,57,Fraserburgh,Aberdeenshire,AB43,"North East (Aberdeen)"
wreath,55.8186645849881,-4.494719302557903,1664986592,3443,1948,74,Female,N,1276,Johnstone,Renfrewshire,PA5,Glasgow
wreath,57.425075082720824,-4.1932206953538875,1664986606,3447,1985,37,Female,Y,714,"Inverness (east: Culcabock, Crown, Culduthel, Drummond, Haugh, Hilton, Holm, Lochardil, Millburn, Raigmore)",Highland,IV2,"Highlands (Inverness)"
wreath,55.84435221704903,-4.476261017668357,1664986615,3446,1992,30,Female,Y,1248,Linwood,Renfrewshire,PA3,Glasgow
wreath,55.89944318711304,-3.5522601099175777,1664986627,3440,1968,54,Male,N,375,Livingston,"West Lothian",EH54,"Lothian (Edinburgh)"
wreath,56.18619720738301,-5.544196113608677,1664986631,3458,1966,56,Female,Y,1254,Lochgilphead,"Argyll and Bute",PA31,"Argyll and Bute"
wreath,55.021340681697275,-3.4318637091650985,1664986702,3456,1980,42,Female,Y,186,"Dumfries (centre and east: Dalscone, Georgetown, Heathhall, Kingholm Quay, Noblehill, The Crichton)","Dumfries and Galloway",DG1,"Dumfries and Galloway"
wreath,55.935695758922506,-3.2166789211312814,1664986841,3432,1977,45,Female,Y,313,"Colinton, Edinburgh",Edinburgh,"Edinburgh South","Lothian (Edinburgh)"
wreath,55.89380082869371,-2.9984290109031555,1664986873,3462,1995,27,Female,Y,334,Dalkeith,Midlothian,EH22,"Lothian (Edinburgh)"
wreath,57.68847166019879,-3.1946817574284174,1664986993,3465,1993,29,Male,Y,737,Elgin,Moray,IV30,"North East (Aberdeen)"
wreath,57.0101726989677,-2.610862840739466,1664987045,3461,1980,42,Male,Y,24,Lumphanan,Aberdeenshire,AB31,"North East (Aberdeen)"
wreath,55.940962958734666,-3.51993996578691,1664987266,3467,1963,59,Female,Y,371,Broxburn,"West Lothian",EH52,"Lothian (Edinburgh)"
wreath,56.897595291412635,-3.1748765692613765,1664987478,3469,1970,52,Male,Y,179,Forfar,Angus,DD8,"Tayside and Angus (Dundee)"
wreath,56.29585418583338,-2.9374698243359467,1664987531,3471,1975,47,Female,N,1105,Cupar,Fife,KY15,Fife
wreath,55.830068515916984,-4.148124003008043,1664987556,3470,1983,39,Female,Y,598,Rutherglen,"South Lanarkshire","Glasgow Northeast",Glasgow
wreath,57.12644699151726,-2.119426324714024,1664987818,3476,1986,36,Male,Y,127,"Torry, Aberdeen",Aberdeen,"Aberdeen Southeast","North East (Aberdeen)"
wreath,55.8469855622972,-4.316699713344524,1664987850,3405,1948,74,Female,N,672,"Govan, Glasgow",Glasgow,"Glasgow Southwest",Glasgow
wreath,55.85487605818786,-4.200624583751126,1664988018,3485,1976,46,Male,Y,628,"Balornock, Glasgow",Glasgow,"Glasgow Northeast",Glasgow
wreath,55.99415195365416,-3.452632564004832,1664988022,3479,1974,48,Male,N,306,"Queensferry, Edinburgh",Edinburgh,"Edinburgh Queensferry","Lothian (Edinburgh)"
wreath,55.74991305620963,-4.2012241965565735,1664988205,3490,1968,54,Female,Y,534,"East Kilbride (south: Hairmyres, Westwood, The Murray, Murray East, Whitehills, Greenhill, Newlandsmuir, Gardenhall, Crosshouse, Newlands, Lindsayfield, Mossneuk)","South Lanarkshire",G75,Glasgow
wreath,56.915151527887915,-5.375698647896918,1664988266,3487,1964,58,Male,Y,1377,"Fort William",Highland,PH33,"Highlands (Inverness)"
wreath,56.12330456889325,-3.5224626562972534,1664988381,3500,1992,30,Male,N,1096,"Dunfermline (centre, north, west: Abbey Parks, Lady's Mill, Garvock, Headwell, Kingseathill, Wellwood, Milesmark, Baldridge, Pittencrieff, Baldridgeburn)",Fife,KY12,Fife
wreath,57.26475628037338,-2.200864594436457,1664988465,3494,1999,23,Male,School,112,"Dyce, Aberdeen",Aberdeen,"Aberdeen North","North East (Aberdeen)"
wreath,56.00903848762772,-3.630514296199605,1664988470,3501,1962,60,Other,Y,370,Bo'ness,Falkirk,EH51,"Lothian (Edinburgh)"
wreath,56.261091780835265,-5.0419813414278,1664988627,3496,1958,64,Male,N,1255,Inveraray,"Argyll and Bute",PA32,"Argyll and Bute"
wreath,56.49197323046905,-2.956217356870056,1664988636,3504,1967,55,Female,Y,256,"Whitfield, Dundee",Dundee,"Dundee North","Tayside and Angus (Dundee)"
wreath,57.43756129129255,-1.9016031850798023,1664988693,3517,1995,27,Male,Y,54,Peterhead,Aberdeenshire,AB42,"North East (Aberdeen)"
wreath,55.84785413952547,-3.09907115158807,1664988714,3508,1956,66,Female,Y,328,Bonnyrigg,Midlothian,EH19,"Lothian (Edinburgh)"
wreath,55.86071558182988,-4.3645717346018555,1664988735,3460,1993,29,Female,Y,676,"Mosspark, Glasgow",Glasgow,"Glasgow Southwest",Glasgow
wreath,55.805430525347354,-2.371527392243768,1664988793,3370,1950,72,Male,Y,1423,Duns,"Scottish Borders",TD11,Borders
wreath,56.24421122051688,-3.608437144863596,1664988796,3513,1957,65,Female,Y,397,Dollar,Clackmannanshire,FK14,"Stirling and Falkirk"
wreath,56.3352562658147,-5.506228909294741,1664988802,3512,1973,49,Female,Y,1257,Oban,"Argyll and Bute",PA34,"Argyll and Bute"
wreath,56.59727290979656,-2.5600644270613655,1664988828,3503,1983,39,Female,N,141,Arbroath,Angus,DD11,"Tayside and Angus (Dundee)"
wreath,55.85339370629105,-3.9209484179266276,1664988909,3515,1955,67,Female,Y,1192,Airdrie,"North Lanarkshire",ML6,Glasgow
wreath,58.453363046111406,-3.1290453067950668,1664989150,3527,1960,62,Female,Y,899,Wick,Highland,KW1,"Highlands (Inverness)"
wreath,54.89592559774669,-3.829578701651125,1664989157,3522,1953,69,Female,N,215,Dalbeattie,"Dumfries and Galloway",DG5,"Dumfries and Galloway"
wreath,55.9908565102619,-3.7729333926583166,1664989298,3531,1991,31,Female,N,382,Shieldhill, Falkirk,FK1,"Stirling and Falkirk"
wreath,56.49182646712379,-3.008441060136069,1664989301,3516,1982,40,Male,Y,242,"St Marys, Dundee",Dundee,"Dundee Central","Tayside and Angus (Dundee)"
wreath,55.66662286309933,-4.761571081938872,1664989342,3533,1977,45,Female,N,812,Saltcoats,"East Ayrshire",KA21,Ayrshire
wreath,55.90866832519872,-4.33355213169291,1664989413,3529,1983,39,Male,Y,488,Bearsden,"East Dunbartonshire",G61,Glasgow
wreath,57.10142592558032,-2.2475675150144436,1664989434,3532,1986,36,Female,Y,130,"Ferryhill, Aberdeen",Aberdeen,"Aberdeen Southwest","North East (Aberdeen)"
wreath,55.07501498916793,-3.1917160423924242,1664989476,3525,1981,41,Male,Y,196,Lockerbie,"Dumfries and Galloway",DG11,"Dumfries and Galloway"
wreath,55.81959416420395,-3.9257416873115565,1664989619,3543,1961,61,Other,Y,1151,Motherwell,"North Lanarkshire",ML1,Glasgow
wreath,55.88530416697366,-3.521536313796378,1664989625,3538,1993,29,Female,Y,375,Livingston,"West Lothian",EH54,"Lothian (Edinburgh)"
wreath,56.30446063405222,-2.822840832546353,1664989648,3478,1974,48,Male,N,1114,"St Andrews",Fife,KY16,Fife
wreath,55.78077557335645,-3.8898984202325346,1664989653,3542,1982,40,Female,Y,1180,Wishaw,"North Lanarkshire",ML2,Glasgow
wreath,55.663617726159195,-4.752398841360225,1664989664,3475,1964,58,Male,N,812,Saltcoats,"East Ayrshire",KA21,Ayrshire
wreath,55.661323150787986,-4.706398513954074,1664989800,3212,1999,23,Male,Y,788,Kilwinning,"North Ayrshire",KA13,Ayrshire
wreath,55.85122466809053,-3.9150535196040024,1664990111,3539,1984,38,Female,Y,1148,Cleland,"North Lanarkshire",ML1,Glasgow
wreath,55.406376418449234,-4.645644287766121,1664990273,3551,1972,50,Male,Y,856,"Ayr (Centre)","South Ayrshire",KA7,Ayrshire
wreath,56.527240467755355,-3.5817925097556422,1664990309,3552,1975,47,Male,Y,1313,"Perth (north and west: Burghmuir, Cherrybank, Hillyland, Inveralmond, Lethom, Muirton, North Muirton, Tulloch)","Perth and Kinross",PH1,Fife
wreath,57.1637467350955,-2.1202216719455853,1664990340,3555,1984,38,Male,N,98,"Northfield, Aberdeen",Aberdeen,"Aberdeen Central","North East (Aberdeen)"
wreath,55.48233554082897,-3.8184243144750187,1664990464,3558,1970,52,Female,Y,1170,Biggar,"South Lanarkshire",ML12,Glasgow
wreath,55.735541067834134,-4.0936271216787565,1664990552,3559,1978,44,Male,Y,1183,Hamilton,"South Lanarkshire",ML3,Glasgow
wreath,56.18515180111714,-3.125934444802513,1664990564,3563,1971,51,Female,Y,1133,"Glenrothes (centre and east: Pitteuchar, Finglassie, Stenton, Auchmuty, Pitcoudie, Balfarg, Pircairn, Collydean)",Fife,KY7,Fife
wreath,56.471940484947574,-2.872790968909782,1664990581,3556,1989,33,Female,Y,246,"West Ferry, Dundee",Dundee,"Dundee East","Tayside and Angus (Dundee)"
wreath,55.916817306014764,-3.835906768446949,1664990708,3574,1992,30,Female,Y,377,"Falkirk (centre and south: Arnothill, Bantaskin, Callendar Park, Glen Village, Hallglen, Lionthorn, Tamfourhill, Woodlands)",Falkirk,FK1,"Stirling and Falkirk"
wreath,56.009049617050565,-3.846980911728396,1664990737,3568,1972,50,Female,N,449,Larbert,Falkirk,FK5,"Stirling and Falkirk"
wreath,55.96737600596129,-4.267594424384371,1664990769,3557,1994,28,Female,Y,509,Lenzie,"East Dunbartonshire",G66,Glasgow
wreath,56.427178426041536,-3.423866204785601,1664990790,3566,1967,55,Female,N,1354,"Perth (south and east: Barnhill, Bridgend, Craigie, Kincarrathie, Upper Craigie)","Perth and Kinross",PH2,Fife
wreath,55.878606301825364,-3.502175323289755,1664990820,3576,1997,25,Other,Y,375,Livingston,"West Lothian",EH54,"Lothian (Edinburgh)"
wreath,55.981158902179054,-3.9551005012873586,1664990839,3578,1992,30,Female,Y,441,Bonnybridge,Falkirk,FK4,"Stirling and Falkirk"
wreath,56.153958184485305,-3.136583757877533,1664990845,3564,1952,70,Female,Y,1079,"Kirkcaldy (east: Linktown, Port Brae, Pathhead, Sinclairtown, Smeaton, Gallatown)",Fife,KY1,Fife
wreath,56.01684940556397,-3.8215598406353313,1664991033,3581,1971,51,Female,Y,450,Stenhousemuir,Falkirk,FK5,"Stirling and Falkirk"
wreath,57.295563079121834,-2.2600064358268517,1664991084,3584,1985,37,Female,Y,113,"Bridge of Don, Aberdeen",Aberdeen,"Aberdeen North","North East (Aberdeen)"
wreath,55.9243063543417,-3.785693778024066,1664991157,3590,1965,57,Female,Y,379,California, Falkirk,FK1,"Stirling and Falkirk"
wreath,56.08070466648482,-3.346060283649442,1664991188,3565,1959,63,Male,Y,1124,Kelty,Fife,KY4,Fife
wreath,55.903778556570884,-4.242474413961804,1664991224,3575,1966,56,Male,Y,481,"Lambhill, Glasgow",Glasgow,G23,Glasgow
wreath,55.90425643857442,-4.224840249321311,1664991284,3588,1983,39,Female,Y,634,"Maryhill, Glasgow",Glasgow,"Glasgow Northeast",Glasgow
wreath,55.44782660659583,-5.6009624442852965,1664991323,3577,1989,33,Male,Y,1246,Campbeltown,"Argyll and Bute",PA28,"Argyll and Bute"
wreath,55.987708202240114,-2.814942873834333,1664991352,3597,1996,26,Male,Y,347,Longniddry,"East Lothian",EH32,"Lothian (Edinburgh)"
wreath,60.59850730178257,-1.0888762984448626,1664991415,3583,1968,54,Female,Y,1555,Hamnavoe,"Shetland Isles",ZE2,"Shetland Islands"
wreath,56.040334924917346,-3.4622987920654937,1664991614,3602,1989,33,Male,N,1089,"Dalgety Bay",Fife,KY11,Fife
wreath,56.216303610783896,-3.286524825030431,1664991636,3623,1949,73,Female,N,1130,Leslie,Fife,KY6,Fife
wreath,57.1783109416033,-2.6978777385194634,1664991671,3604,1957,65,Female,N,29,Alford,Aberdeenshire,AB33,"North East (Aberdeen)"
wreath,56.264389456293834,-3.6001089156870725,1664991745,3619,2003,19,Female,Y,1354,"Perth (south and east: Barnhill, Bridgend, Craigie, Kincarrathie, Upper Craigie)","Perth and Kinross",PH2,Fife
wreath,57.138011764459314,-2.054272578904763,1664991825,3601,1963,59,Female,N,127,"Torry, Aberdeen",Aberdeen,"Aberdeen Southeast","North East (Aberdeen)"
wreath,55.837447588690246,-4.189040077318578,1664991833,3616,1961,61,Female,N,605,"Ruchazie, Glasgow",Glasgow,"Glasgow Northeast",Glasgow
wreath,56.20796794713029,-3.0899391167748456,1664991872,3595,1985,37,Female,Y,1133,"Glenrothes (centre and east: Pitteuchar, Finglassie, Stenton, Auchmuty, Pitcoudie, Balfarg, Pircairn, Collydean)",Fife,KY7,Fife
wreath,55.922512196994084,-3.286837324554893,1664991878,3585,1982,40,Male,Y,267,"Sighthill, Edinburgh",Edinburgh,"Edinburgh Central","Lothian (Edinburgh)"
wreath,55.47810280051794,-2.81546021779715,1664992108,3607,1991,31,Male,Y,1479,Selkirk,"Scottish Borders",TD7,Borders
wreath,55.89466438887902,-3.6359853197359007,1664992174,3629,1995,27,Male,Y,368,Bathgate,"West Lothian",EH48,"Lothian (Edinburgh)"
wreath,57.129310885695105,-2.1332884897293267,1664992219,3601,1963,59,Female,N,127,"Torry, Aberdeen",Aberdeen,"Aberdeen Southeast","North East (Aberdeen)"
wreath,55.96495919447082,-3.3220742205015794,1664992233,3599,1966,56,Female,Y,304,"Cramond, Edinburgh",Edinburgh,"Edinburgh Northwest","Lothian (Edinburgh)"
wreath,55.86057262018006,-3.073625274519654,1664992290,3635,1999,23,Female,Y,328,Bonnyrigg,Midlothian,EH19,"Lothian (Edinburgh)"
wreath,55.366181883876216,-3.8733857387236763,1664992346,3644,1969,53,Male,N,214,Sanquhar,"Dumfries and Galloway",DG4,"Dumfries and Galloway"
wreath,55.91842952716419,-3.682378318373051,1664992385,3632,1971,51,Male,Y,368,Bathgate,"West Lothian",EH48,"Lothian (Edinburgh)"
wreath,55.9644358391465,-5.045089968952842,1664992478,3645,1976,46,Female,Y,1241,Dunoon,"Argyll and Bute",PA23,"Argyll and Bute"
wreath,57.36088143118542,-4.310282579475637,1664992757,3647,1998,24,Female,Y,713,Culloden,Highland,IV2,"Highlands (Inverness)"
wreath,55.67336000676594,-4.568220951745824,1664992765,3650,1989,33,Female,Y,837,"Kilmarnock (north: Onthank, Townholm, Altonhill, Longpark, Beansburn, New Farm Loch, Knockinlaw, Hillhead, Crookedholm)","East Ayrshire",KA3,Ayrshire
wreath,56.13266340851186,-3.1509827130267167,1664992772,3561,1974,48,Female,Y,1079,"Kirkcaldy (east: Linktown, Port Brae, Pathhead, Sinclairtown, Smeaton, Gallatown)",Fife,KY1,Fife
wreath,57.60893058972176,-2.874960008291849,1664992816,3605,1999,23,Female,Y,90,Buckie,Moray,AB56,"North East (Aberdeen)"
wreath,55.75123788063631,-4.938879260721451,1664992991,3638,1992,30,Female,Y,832,Millport,"North Ayrshire",KA28,Ayrshire
wreath,55.95516135888426,-4.814256953578164,1664992993,3639,1974,48,Male,Y,1235,Gourock,Inverclyde,PA19,Glasgow
wreath,58.62221848798962,-3.2020876156998948,1664993032,3660,1974,48,Female,Y,953,Reay,Highland,KW14,"Highlands (Inverness)"
wreath,55.796647604097764,-3.895527215491293,1664993047,3654,1994,28,Female,Y,1150,Holytown,"North Lanarkshire",ML1,Glasgow
wreath,55.94114036758614,-4.8323855514911385,1664993070,3663,1962,60,Female,N,1231,"Greenock (west: Bow Farm, Braeside, Branchton, Fort Matilda, Gateside, Greenock West, Overton, Pennyfern, Smithston)",Inverclyde,PA16,Glasgow
wreath,58.830609013849546,-3.2964908886869897,1664993073,3641,1960,62,Male,N,982,Stromness,Orkney,KW16,"Orkney Islands"
wreath,55.94554333740901,-3.2095148234160886,1664993191,3670,1968,54,Male,Y,287,"Corstorphine, Edinburgh",Edinburgh,"Edinburgh North","Lothian (Edinburgh)"
wreath,57.17460189502238,-2.0878604479977074,1664993198,3620,1959,63,Male,N,98,"Northfield, Aberdeen",Aberdeen,"Aberdeen Central","North East (Aberdeen)"
wreath,55.850083977945395,-4.141597580508369,1664993273,3631,1977,45,Male,Y,623,"Shettleston, Glasgow",Glasgow,"Glasgow Northeast",Glasgow
wreath,57.59243200982661,-1.8348913111752152,1664993282,3665,1998,24,Male,Y,54,Peterhead,Aberdeenshire,AB42,"North East (Aberdeen)"
wreath,55.9239849905535,-3.9927058539698965,1664993294,3662,1984,38,Male,Y,514,"Cumbernauld (south: Condorrat, Lenziemill, Carbrain, Kildrum, Cumbernauld Village, Abronhill, Seafar)","North Lanarkshire",G67,Glasgow
wreath,55.92416083391306,-4.787675035665009,1664993305,3672,1996,26,Male,Y,1231,"Greenock (west: Bow Farm, Braeside, Branchton, Fort Matilda, Gateside, Greenock West, Overton, Pennyfern, Smithston)",Inverclyde,PA16,Glasgow
wreath,55.6428553604884,-4.665344866194933,1664993532,3674,1960,62,Female,Y,787,"Irvine (centre: Castlepark, Tarryholme)","North Ayrshire",KA12,Ayrshire
wreath,55.76869401026447,-3.0998465895000558,1664993555,3677,1974,48,Female,Y,338,Gorebridge,Midlothian,EH23,"Lothian (Edinburgh)"
wreath,55.78597850523504,-3.85371158323305,1664993564,3661,1966,56,Female,Y,1180,Wishaw,"North Lanarkshire",ML2,Glasgow
wreath,56.03410958744637,-2.8211292878284797,1664993607,3669,1972,50,Female,Y,345,Gullane,"East Lothian",EH31,"Lothian (Edinburgh)"
wreath,55.89026303857795,-3.2953020285065246,1664993646,3680,1974,48,Male,Y,310,"Balerno, Edinburgh",Edinburgh,"Edinburgh South","Lothian (Edinburgh)"
wreath,55.847455369684795,-4.017217315013515,1664993669,3664,1958,64,Female,N,1189,Coatbridge,"North Lanarkshire",ML5,Glasgow
wreath,55.761568296176904,-4.130432659920111,1664993899,3666,1996,26,Female,Y,528,Blantyre,"South Lanarkshire",G72,Glasgow
wreath,57.15206501856641,-2.084643849993764,1664994136,3690,1971,51,Male,Y,100,"Cornhill, Aberdeen",Aberdeen,"Aberdeen Central","North East (Aberdeen)"
wreath,55.8889101617295,-3.2268501851183706,1664994146,3686,1969,53,Male,Y,320,"Newington, Edinburgh",Edinburgh,"Edinburgh South","Lothian (Edinburgh)"
wreath,55.84574542440826,-4.770271576617689,1664994294,3700,1989,33,Female,Y,842,Largs,"North Ayrshire",KA30,Ayrshire
wreath,54.95088149890303,-4.681714179799002,1664994307,3702,1964,58,Female,Y,225,"Newton Stewart","Dumfries and Galloway",DG8,"Dumfries and Galloway"
wreath,55.14669427181301,-4.686506173854556,1664994320,3698,1966,56,Female,Y,824,Girvan,"South Ayrshire",KA26,Ayrshire
wreath,55.96246477586223,-3.177944803727433,1664994399,3692,1989,33,Male,N,294,"Stockbridge, Edinburgh",Edinburgh,"Edinburgh North","Lothian (Edinburgh)"
wreath,55.91651618894963,-3.553763199870269,1664994498,3709,1971,51,Female,Y,371,Broxburn,"West Lothian",EH52,"Lothian (Edinburgh)"
wreath,55.86288027441341,-3.0863157308544182,1664994506,3707,1973,49,Female,Y,328,Bonnyrigg,Midlothian,EH19,"Lothian (Edinburgh)"
wreath,55.86092570611491,-4.278673710416687,1664994609,3687,1979,43,Female,Y,587,"Jordanhill, Glasgow",Glasgow,"Glasgow Kelvin",Glasgow
wreath,55.35987288997915,-3.99428626525496,1664994688,3716,1973,49,Female,N,214,Sanquhar,"Dumfries and Galloway",DG4,"Dumfries and Galloway"
wreath,55.773602804828336,-4.189547129010037,1664994694,3712,1968,54,Female,Y,530,"East Kilbride (north: The Village, East Mains, West Mains, Lymekilns, St Leonards, Calderwood, Nerston, Stewartfield, Peel Park)","South Lanarkshire",G74,Glasgow
wreath,55.950232786501964,-3.249265319469135,1664994732,3717,1983,39,Female,Y,288,"Murrayfield, Edinburgh",Edinburgh,"Edinburgh North","Lothian (Edinburgh)"
wreath,56.46871299748118,-3.048983642970455,1664994785,3711,1983,39,Male,Y,237,"Blackness, Dundee",Dundee,"Dundee Central","Tayside and Angus (Dundee)"
wreath,55.89333680477276,-3.5507705632325046,1664994936,3724,1996,26,Male,Y,375,Livingston,"West Lothian",EH54,"Lothian (Edinburgh)"
wreath,55.55729129122234,-4.435783014122818,1664995096,3734,1982,40,Female,Y,779,"Kilmarnock (centre and south: Bonnyton, Grange, Bellfield, Shortlees, Caprington, Riccarton, Hurlford)","East Ayrshire",KA1,Ayrshire
wreath,56.46919742288871,-2.897506111189062,1664995102,3725,1988,34,Male,Y,247,"Broughty Ferry, Dundee",Dundee,"Dundee East","Tayside and Angus (Dundee)"
wreath,55.93250134186999,-3.2541693478452007,1664995173,3736,1997,25,Female,Y,269,"Gorgie, Edinburgh",Edinburgh,"Edinburgh Central","Lothian (Edinburgh)"
wreath,60.61676728487619,-1.406533742977608,1664995195,3730,1968,54,Female,N,1572,Leebotten,"Shetland Isles",ZE2,"Shetland Islands"
wreath,55.7908850096184,-4.469375229492432,1664995258,3732,1980,42,Female,Y,540,Barrhead,"East Renfrewshire",G78,Glasgow
wreath,56.52879437764844,-2.671532288679062,1664995273,3744,1967,55,Female,Y,178,Carnoustie,Angus,DD7,"Tayside and Angus (Dundee)"
wreath,55.96367290575027,-3.5869891554255515,1664995312,3743,1976,46,Female,Y,369,Linlithgow,"West Lothian",EH49,"Lothian (Edinburgh)"
wreath,56.123157876967404,-4.769852487219365,1664995347,3758,1987,35,Female,Y,559,Bonhill,"West Dunbartonshire",G83,"Argyll and Bute"
wreath,55.0202654446525,-3.243551282862768,1664995357,3746,1962,60,Female,Y,197,Annan,"Dumfries and Galloway",DG12,"Dumfries and Galloway"
wreath,55.84728249379035,-4.007599723514685,1664995434,3749,1994,28,Female,Y,1189,Coatbridge,"North Lanarkshire",ML5,Glasgow
wreath,56.487509374881725,-2.8097587120861527,1664995491,3751,1970,52,Female,Y,249,Monifieth,Angus,"Dundee East","Tayside and Angus (Dundee)"
wreath,57.76105070064455,-4.092171038181756,1664995562,3764,1987,35,Female,Y,708,Invergordon,Highland,IV18,"Highlands (Inverness)"
wreath,57.618799144807234,-3.2955946656056,1664995655,3763,1981,41,Female,Y,737,Elgin,Moray,IV30,"North East (Aberdeen)"
wreath,57.66940165031644,-3.07878425354811,1664995676,3768,1978,44,Female,Y,739,Fochabers,Moray,IV32,"North East (Aberdeen)"
wreath,55.831556778859806,-4.131774881672314,1664995711,3723,1981,41,Female,Y,528,Blantyre,"South Lanarkshire",G72,Glasgow
wreath,55.88831522156334,-4.256214407700015,1664995713,3742,1981,41,Male,N,619,"Tollcross, Glasgow",Glasgow,"Glasgow Northeast",Glasgow
wreath,57.55062617236152,-3.4967212556165292,1664995732,3762,1963,59,Female,N,740,Forres,Moray,IV36,"North East (Aberdeen)"
wreath,55.83548632455905,-4.2516458826932055,1664995744,3759,1956,66,Female,Y,672,"Govan, Glasgow",Glasgow,"Glasgow Southwest",Glasgow
wreath,58.51787865136161,-4.276106321244357,1664995751,3767,1994,28,Female,Y,941,Invernaver,Highland,KW14,"Highlands (Inverness)"
wreath,55.9145971581812,-3.6934663240091483,1664995767,3770,1978,44,Female,Y,367,Armadale,"West Lothian",EH48,"Lothian (Edinburgh)"
wreath,56.54911432709131,-2.711699914451541,1664995794,3726,1993,29,Female,N,141,Arbroath,Angus,DD11,"Tayside and Angus (Dundee)"
wreath,57.16877624496119,-2.08350552678396,1664995822,3756,1967,55,Male,N,98,"Northfield, Aberdeen",Aberdeen,"Aberdeen Central","North East (Aberdeen)"
wreath,56.202118292760694,-2.9791526763398504,1664995854,3772,1979,43,Female,Y,1142,Methil,Fife,KY8,Fife
wreath,56.47040517192231,-2.921209753951372,1664995919,3774,1970,52,Female,Y,250,"Downfield, Dundee",Dundee,"Dundee North","Tayside and Angus (Dundee)"
wreath,56.15117130280019,-3.4311214694443257,1664995982,3781,1959,63,Female,Y,1122,Crossgates,Fife,KY4,Fife
wreath,55.86320611510967,-4.106497403794387,1664996047,3778,1946,76,Female,Y,628,"Balornock, Glasgow",Glasgow,"Glasgow Northeast",Glasgow
wreath,57.16309512791553,-2.1588166908419084,1664996079,3756,1967,55,Male,N,98,"Northfield, Aberdeen",Aberdeen,"Aberdeen Central","North East (Aberdeen)"
wreath,56.000709901153904,-3.647691173463804,1664996147,825,1980,42,Female,Y,369,Linlithgow,"West Lothian",EH49,"Lothian (Edinburgh)"
wreath,55.93950758029207,-4.230730071839414,1664996192,3783,1969,53,Female,Y,502,Bishopbriggs,"East Dunbartonshire",G64,Glasgow
wreath,56.77044200421838,-2.4153643390840376,1664996238,3787,1960,62,Male,Y,140,Montrose,Angus,DD10,"Tayside and Angus (Dundee)"
wreath,55.79271411018611,-4.316183402718235,1664996334,3795,1979,43,Female,Y,645,Clarkston,"East Renfrewshire","Glasgow South",Glasgow
wreath,55.827997035099514,-4.377351774985676,1664996341,3777,1982,40,Female,Y,1236,"Paisley (south: Blackhall, Castlehead, Dykebar, Foxbar, Hunterhill, Meikleriggs)",Renfrewshire,PA2,Glasgow
wreath,57.14184697825202,-2.414208738071177,1664996396,3790,1994,28,Male,Y,28,Westhill,Aberdeenshire,AB32,"North East (Aberdeen)"
wreath,56.0320659735521,-3.135775879864705,1664996488,3809,2004,18,Female,Y,1118,Aberdour,Fife,KY3,Fife
wreath,55.873204136095346,-4.31427459257,1664996537,3400,1960,62,Female,Y,588,"Broomhill, Glasgow",Glasgow,"Glasgow Kelvin",Glasgow
wreath,57.69275237018805,-3.281482591559063,1664996561,3779,1976,46,Male,Y,738,Lossiemouth,Moray,IV31,"North East (Aberdeen)"
wreath,58.43028489361719,-3.191562768981923,1664996597,3797,1970,52,Female,Y,897,Watten,Highland,KW1,"Highlands (Inverness)"
wreath,56.90736008346796,-3.6464208799447797,1664996597,3804,1981,41,Female,Y,1318,Blairgowrie,"Perth and Kinross",PH10,Fife
wreath,57.57579587948525,-2.4226730796281886,1664996683,3805,1996,26,Female,Y,78,Turriff,Aberdeenshire,AB53,"North East (Aberdeen)"
wreath,55.61009055882451,-4.60520405752972,1664996699,3796,1996,26,Female,Y,785,"Irvine (east, south: Perceton, Lawthorn, Girdle Toll, Stanecastle, Bourtreehill, Broomlands, Dreghorn, Springside)","North Ayrshire",KA11,Ayrshire
wreath,57.56899189555666,-3.2926568614960576,1664996758,3817,1987,35,Male,N,737,Elgin,Moray,IV30,"North East (Aberdeen)"
wreath,55.91009423112565,-4.168890739713511,1664996954,3535,1957,65,Male,N,629,"Barmulloch, Glasgow",Glasgow,"Glasgow Northeast",Glasgow
wreath,56.16125720482055,-3.1814277754506493,1664997090,3823,1974,48,Female,Y,1079,"Kirkcaldy (east: Linktown, Port Brae, Pathhead, Sinclairtown, Smeaton, Gallatown)",Fife,KY1,Fife
wreath,56.036430941670936,-3.843135775908935,1664997156,3819,1988,34,Female,Y,449,Larbert,Falkirk,FK5,"Stirling and Falkirk"
wreath,55.88129381001752,-3.499504771864303,1664997222,3838,1998,24,Female,Y,375,Livingston,"West Lothian",EH54,"Lothian (Edinburgh)"
wreath,55.88913652883459,-4.045559857553033,1664997292,3803,1983,39,Male,Y,1189,Coatbridge,"North Lanarkshire",ML5,Glasgow
wreath,55.866518713623826,-4.2735198992716485,1664997371,3825,1997,25,Female,Y,587,"Jordanhill, Glasgow",Glasgow,"Glasgow Kelvin",Glasgow
wreath,55.837384962617634,-4.348698313149789,1664997385,3833,1968,54,Male,Y,665,"Pollockshaws, Glasgow",Glasgow,"Glasgow Southwest",Glasgow
wreath,55.93822151891922,-3.1418690209674747,1664997454,3834,1985,37,Female,Y,322,"Gilmerton, Edinburgh",Edinburgh,"Edinburgh Southeast","Lothian (Edinburgh)"
wreath,55.88421061157732,-3.528971489393435,1664997460,3829,1979,43,Male,N,375,Livingston,"West Lothian",EH54,"Lothian (Edinburgh)"
wreath,55.15448658218679,-3.62981448280267,1664997507,3836,1974,48,Female,Y,186,"Dumfries (centre and east: Dalscone, Georgetown, Heathhall, Kingholm Quay, Noblehill, The Crichton)","Dumfries and Galloway",DG1,"Dumfries and Galloway"
wreath,57.60166659221631,-3.392069436600638,1664997589,3837,1990,32,Female,Y,737,Elgin,Moray,IV30,"North East (Aberdeen)"
wreath,56.52952310325,-3.4112500957224237,1664997605,3841,1987,35,Female,Y,1313,"Perth (north and west: Burghmuir, Cherrybank, Hillyland, Inveralmond, Lethom, Muirton, North Muirton, Tulloch)","Perth and Kinross",PH1,Fife
wreath,55.94080235925741,-3.2340780793668333,1664997615,3844,1988,34,Female,Y,277,"Canongate, Edinburgh",Edinburgh,"Edinburgh Central","Lothian (Edinburgh)"
wreath,55.716885783827074,-4.203768514830811,1664997689,3850,1977,45,Female,Y,534,"East Kilbride (south: Hairmyres, Westwood, The Murray, Murray East, Whitehills, Greenhill, Newlandsmuir, Gardenhall, Crosshouse, Newlands, Lindsayfield, Mossneuk)","South Lanarkshire",G75,Glasgow
wreath,55.923926282494236,-3.2816305998768063,1664997741,3830,1970,52,Female,Y,262,"Wester Hailes, Edinburgh",Edinburgh,"Edinburgh Central","Lothian (Edinburgh)"
wreath,57.65118133582889,-4.492484243176292,1664997807,3831,1981,41,Female,Y,705,Dingwall,Highland,IV15,"Highlands (Inverness)"
wreath,55.65517578741977,-4.726772279056487,1664997821,3845,1998,24,Female,Y,811,Stevenston,"North Ayrshire",KA20,Ayrshire
wreath,55.967107350690995,-3.246715116305464,1664997840,3847,1960,62,Female,N,279,"Clermiston and Drumbrae, Edinburgh",Edinburgh,"Edinburgh Clermiston Granton","Lothian (Edinburgh)"
wreath,55.90327605492523,-3.146870072374192,1664997935,3834,1985,37,Female,Y,322,"Gilmerton, Edinburgh",Edinburgh,"Edinburgh Southeast","Lothian (Edinburgh)"
wreath,55.956416325641705,-3.2748677148762555,1664997940,3847,1960,62,Female,N,279,"Clermiston and Drumbrae, Edinburgh",Edinburgh,"Edinburgh Clermiston Granton","Lothian (Edinburgh)"
wreath,55.61515118814999,-4.6852729560437725,1664998178,3854,1981,41,Male,Y,787,"Irvine (centre: Castlepark, Tarryholme)","North Ayrshire",KA12,Ayrshire
wreath,57.05954806491174,-2.6945325965188593,1664998248,3867,1973,49,Male,Y,25,Torphins,Aberdeenshire,AB31,"North East (Aberdeen)"
wreath,55.75923941249904,-4.146932718317312,1664998317,3876,1978,44,Female,Y,530,"East Kilbride (north: The Village, East Mains, West Mains, Lymekilns, St Leonards, Calderwood, Nerston, Stewartfield, Peel Park)","South Lanarkshire",G74,Glasgow
wreath,55.80651880268155,-4.022596064138242,1664998345,3852,1955,67,Male,N,1186,Bellshill,"North Lanarkshire",ML4,Glasgow
wreath,55.94675391776413,-3.947152674632833,1664998457,3883,1990,32,Male,Y,514,"Cumbernauld (south: Condorrat, Lenziemill, Carbrain, Kildrum, Cumbernauld Village, Abronhill, Seafar)","North Lanarkshire",G67,Glasgow
wreath,55.942891812622406,-3.0893312003092364,1664998496,3877,1957,65,Male,N,281,"Portobello, Edinburgh",Edinburgh,"Edinburgh Duddingston","Lothian (Edinburgh)"
wreath,56.09696227117163,-3.218251285376936,1664998507,3863,1978,44,Female,Y,1117,"Kirkcaldy (west: Hayfield, Templehall, Newliston, Chapel, Dunnikier, Bennochy)",Fife,KY2,Fife
wreath,55.840981718322524,-3.9003098940482848,1664998547,3881,1961,61,Female,Y,1151,Motherwell,"North Lanarkshire",ML1,Glasgow
wreath,55.894532558901375,-4.315547951429882,1664998595,3573,1998,24,Male,Y,488,Bearsden,"East Dunbartonshire",G61,Glasgow
wreath,55.70143410832598,-3.984598361840823,1664998603,3894,1977,45,Female,Y,1217,Larkhall,"North Lanarkshire",ML9,Glasgow
wreath,57.57409206704538,-4.184204050507759,1664998608,3886,1981,41,Female,Y,778,Avoch,Highland,IV9,"Highlands (Inverness)"
wreath,55.91331620531221,-4.231443224057852,1664998613,3701,1969,53,Female,Y,502,Bishopbriggs,"East Dunbartonshire",G64,Glasgow
wreath,55.85728639561174,-3.515137770997836,1664998699,3882,1966,56,Male,Y,375,Livingston,"West Lothian",EH54,"Lothian (Edinburgh)"
wreath,55.86977385211729,-3.8695501455086707,1664998818,3689,1982,40,Female,N,1192,Airdrie,"North Lanarkshire",ML6,Glasgow
wreath,55.88362013330699,-3.205303116486401,1664998818,3898,1996,26,Male,Y,313,"Colinton, Edinburgh",Edinburgh,"Edinburgh South","Lothian (Edinburgh)"
wreath,55.81719045446171,-4.283503430710498,1664998818,3878,1967,55,Female,Y,652,"King's Park, Glasgow",Glasgow,"Glasgow South",Glasgow
wreath,56.453829830914344,-3.4465865994078095,1664998827,3880,1988,34,Female,Y,1352,Meikleour,"Perth and Kinross",PH2,Fife
wreath,55.77659969715014,-4.097985164671053,1664998895,3891,1981,41,Female,Y,528,Blantyre,"South Lanarkshire",G72,Glasgow
wreath,56.10596877814157,-3.4962383504670766,1664998925,3907,1974,48,Female,N,1096,"Dunfermline (centre, north, west: Abbey Parks, Lady's Mill, Garvock, Headwell, Kingseathill, Wellwood, Milesmark, Baldridge, Pittencrieff, Baldridgeburn)",Fife,KY12,Fife
wreath,55.89509721692345,-4.179224839613269,1664998946,3888,1996,26,Female,Y,483,Stepps,"North Lanarkshire",G33,Glasgow
wreath,56.486275859702914,-2.893062664261136,1664999108,3305,1985,37,Male,Y,254,"Douglas, Dundee",Dundee,"Dundee North","Tayside and Angus (Dundee)"
wreath,57.12635781598863,-2.3500371020349475,1664999132,3909,1973,49,Male,Y,128,"Mannofield, Aberdeen",Aberdeen,"Aberdeen Southwest","North East (Aberdeen)"
wreath,60.15548521929007,-1.2644004613367668,1664999151,3911,1993,29,Female,Y,1500,Lerwick,"Shetland Isles",ZE1,"Shetland Islands"
wreath,57.16420630031777,-2.161374114916284,1664999154,3915,1972,50,Male,N,98,"Northfield, Aberdeen",Aberdeen,"Aberdeen Central","North East (Aberdeen)"
wreath,55.84908807692416,-4.4515645980998215,1664999170,3904,1981,41,Male,Y,1248,Linwood,Renfrewshire,PA3,Glasgow
wreath,55.83328030062904,-4.513708559321464,1664999188,3905,1985,37,Female,N,1276,Johnstone,Renfrewshire,PA5,Glasgow
wreath,56.83424569822875,-2.5113587307965264,1664999266,3913,1964,58,Male,Y,18,Laurencekirk,Aberdeenshire,AB30,"North East (Aberdeen)"
wreath,55.96215336590298,-4.025861203732499,1664999278,3818,1972,50,Female,N,517,"Cumbernauld (north: Balloch, Eastfield, Carrickstone, Smithstone, Blackwood, Westfield)","North Lanarkshire",G68,Glasgow
wreath,56.08869890529523,-3.2312818286209977,1664999281,3916,1965,57,Female,N,1117,"Kirkcaldy (west: Hayfield, Templehall, Newliston, Chapel, Dunnikier, Bennochy)",Fife,KY2,Fife
wreath,56.197998843718324,-3.0977473253134127,1664999339,3862,1987,35,Female,N,1133,"Glenrothes (centre and east: Pitteuchar, Finglassie, Stenton, Auchmuty, Pitcoudie, Balfarg, Pircairn, Collydean)",Fife,KY7,Fife
wreath,55.93445495694284,-2.9810462446917736,1664999400,3908,1953,69,Female,N,349,Tranent,"East Lothian",EH33,"Lothian (Edinburgh)"
wreath,57.20479164381052,-2.343223214003934,1664999463,3923,1989,33,Female,Y,124,Newmachar,Aberdeenshire,"Aberdeen North","North East (Aberdeen)"
wreath,57.28118136100623,-2.158631484525598,1664999489,3930,1976,46,Female,Y,112,"Dyce, Aberdeen",Aberdeen,"Aberdeen North","North East (Aberdeen)"
wreath,55.87658503366491,-4.401393801512691,1664999519,3932,1986,36,Female,Y,1264,Renfrew,Renfrewshire,PA4,Glasgow
wreath,57.42064021290642,-4.189087116559496,1664999524,3922,1971,51,Male,Y,714,"Inverness (east: Culcabock, Crown, Culduthel, Drummond, Haugh, Hilton, Holm, Lochardil, Millburn, Raigmore)",Highland,IV2,"Highlands (Inverness)"
wreath,55.92584672638414,-3.1910979972372213,1664999582,3906,1996,26,Female,Y,313,"Colinton, Edinburgh",Edinburgh,"Edinburgh South","Lothian (Edinburgh)"
wreath,56.11885687824673,-3.1715795213224034,1664999586,3926,1971,51,Female,Y,1117,"Kirkcaldy (west: Hayfield, Templehall, Newliston, Chapel, Dunnikier, Bennochy)",Fife,KY2,Fife
wreath,55.94894817622991,-2.949879353431618,1664999681,3908,1953,69,Female,N,349,Tranent,"East Lothian",EH33,"Lothian (Edinburgh)"
wreath,55.74031140330554,-3.671806603087852,1664999695,3808,1980,42,Male,Y,1167,Lanark,"South Lanarkshire",ML11,Glasgow
wreath,55.92346710694396,-3.870526859909308,1664999802,3939,1981,41,Female,Y,377,"Falkirk (centre and south: Arnothill, Bantaskin, Callendar Park, Glen Village, Hallglen, Lionthorn, Tamfourhill, Woodlands)",Falkirk,FK1,"Stirling and Falkirk"
wreath,55.842941097341026,-4.301951342787085,1664999901,3938,1984,38,Male,Y,645,Clarkston,"East Renfrewshire","Glasgow South",Glasgow
wreath,55.811886860633926,-4.290208380951014,1664999918,3936,1969,53,Female,Y,653,"Netherlee, Glasgow",Glasgow,"Glasgow South",Glasgow
wreath,55.72680573769852,-4.043093563802289,1665000059,3947,1958,64,Female,Y,1183,Hamilton,"South Lanarkshire",ML3,Glasgow
wreath,55.758783735173324,-4.113555091800174,1665000059,3952,1997,25,Female,N,528,Blantyre,"South Lanarkshire",G72,Glasgow
wreath,55.68463937346649,-3.3091137965017214,1665000143,3839,1972,50,Female,Y,362,Peebles,"Scottish Borders",EH45,Borders
wreath,55.816974897392626,-2.6474456405791047,1665000158,3910,1967,55,Female,Y,1423,Duns,"Scottish Borders",TD11,Borders
wreath,55.98677897660417,-3.4389818211919674,1665000188,3950,1971,51,Female,Y,306,"Queensferry, Edinburgh",Edinburgh,"Edinburgh Queensferry","Lothian (Edinburgh)"
wreath,57.53405931323514,-4.31883005260992,1665000191,3945,1997,25,Female,Y,698,"North Kessock",Highland,IV1,"Highlands (Inverness)"
wreath,55.56813591763804,-4.165317622564901,1665000204,3935,1997,25,Female,Y,1160,Strathaven,"North Lanarkshire",ML10,Glasgow
wreath,55.91767808435345,-3.240925642965693,1665000287,3967,1980,42,Female,Y,308,"Liberton, Edinburgh",Edinburgh,"Edinburgh South","Lothian (Edinburgh)"
wreath,56.112898156959105,-4.310865587271327,1665000365,3934,1975,47,Female,Y,473,"Stirling (centre and west: Kings Park, Raploch, Riverside)",Stirlingshire,FK8,"Stirling and Falkirk"
wreath,55.84158784426671,-3.3631467183947232,1665000482,3933,1996,26,Male,Y,314,"Morningside, Edinburgh",Edinburgh,"Edinburgh South","Lothian (Edinburgh)"
wreath,57.17189624245016,-2.1636368238878183,1665000494,3957,1976,46,Male,Y,107,"Rosemount, Aberdeen",Aberdeen,"Aberdeen Central","North East (Aberdeen)"
wreath,55.86508743595428,-4.097127046784755,1665000587,3961,1969,53,Female,N,628,"Balornock, Glasgow",Glasgow,"Glasgow Northeast",Glasgow
wreath,55.90160985152961,-4.474888250206577,1665000695,3965,1971,51,Male,Y,1306,Erskine,Renfrewshire,PA8,Glasgow
wreath,55.797000674669896,-4.032615967902597,1665000700,3968,1981,41,Female,Y,1151,Motherwell,"North Lanarkshire",ML1,Glasgow
wreath,57.69120385194729,-3.402411465172817,1665000742,3972,1972,50,Male,N,737,Elgin,Moray,IV30,"North East (Aberdeen)"
wreath,55.31857338775861,-3.066939094845188,1665000765,3946,1966,56,Male,Y,1493,Hawick,"Scottish Borders",TD9,Borders
wreath,55.84732099336717,-4.5209150497020305,1665000848,3963,1977,45,Female,N,1276,Johnstone,Renfrewshire,PA5,Glasgow
wreath,55.946344152494255,-3.9169063823415535,1665000849,3969,1969,53,Female,Y,514,"Cumbernauld (south: Condorrat, Lenziemill, Carbrain, Kildrum, Cumbernauld Village, Abronhill, Seafar)","North Lanarkshire",G67,Glasgow
wreath,56.49920709956891,-3.4386055773798554,1665000866,3974,1986,36,Female,Y,1313,"Perth (north and west: Burghmuir, Cherrybank, Hillyland, Inveralmond, Lethom, Muirton, North Muirton, Tulloch)","Perth and Kinross",PH1,Fife
wreath,55.940178940636336,-3.0069592158053133,1665000866,3978,1991,31,Female,Y,330,Musselburgh,"East Lothian",EH21,"Lothian (Edinburgh)"
wreath,55.92251685455862,-4.24605936815613,1665000870,3962,1983,39,Female,Y,502,Bishopbriggs,"East Dunbartonshire",G64,Glasgow
wreath,57.27249622659222,-2.066231715973326,1665000881,3960,1977,45,Female,N,114,"Danestone, Aberdeen",Aberdeen,"Aberdeen North","North East (Aberdeen)"
wreath,56.469372159658114,-3.000152119001229,1665000932,3958,1966,56,Male,N,236,"Lochee, Dundee",Dundee,"Dundee Central","Tayside and Angus (Dundee)"
wreath,55.652760564744284,-4.224887503507243,1665000995,2949,1981,41,Female,Y,796,Darvel,"East Ayrshire",KA17,Ayrshire
wreath,57.05793630267515,-2.331899817636658,1665001017,3980,1983,39,Female,Y,22,Banchory,Aberdeenshire,AB31,"North East (Aberdeen)"
wreath,56.71727314814643,-3.3550191075581592,1665001332,3987,1989,33,Female,N,1318,Blairgowrie,"Perth and Kinross",PH10,Fife
wreath,56.5402386544465,-4.027250312248654,1665001343,3993,1981,41,Female,Y,1327,Aberfeldy,"Perth and Kinross",PH15,Fife
wreath,60.152335453097216,-1.1607945492367404,1665001362,3984,1977,45,Female,N,1501,Scalloway,"Shetland Isles",ZE1,"Shetland Islands"
wreath,56.047211000879486,-3.3858760492517512,1665001440,3985,1987,35,Male,Y,1090,"Dunfermline (south and east: Halbeath, Touch, Duloch, Masterton, Pitcorthie, Abbeyview, Brucefield, Hospital Hill, Camdean, Pitreavie)",Fife,KY11,Fife
wreath,56.15513479507601,-3.6561912501391975,1665001520,3997,1976,46,Female,Y,397,Dollar,Clackmannanshire,FK14,"Stirling and Falkirk"
wreath,55.864892376568015,-4.177596826205938,1665001574,3989,1977,45,Female,Y,620,"Mount Vernon, Glasgow",Glasgow,"Glasgow Northeast",Glasgow
wreath,55.840808037791135,-4.1656315426418775,1665001712,4003,1974,48,Female,Y,627,"Dennistoun, Glasgow",Glasgow,"Glasgow Northeast",Glasgow
wreath,56.302212147320795,-3.45065800993238,1665001863,3928,1993,29,Female,Y,1354,"Perth (south and east: Barnhill, Bridgend, Craigie, Kincarrathie, Upper Craigie)","Perth and Kinross",PH2,Fife
wreath,56.48334356279948,-2.994968995359621,1665001884,4009,1991,31,Male,Y,233,"Fairmuir, Dundee",Dundee,"Dundee Bluebelt","Tayside and Angus (Dundee)"
wreath,55.95598630097075,-4.257056630952861,1665001889,3999,1968,54,Female,Y,502,Bishopbriggs,"East Dunbartonshire",G64,Glasgow
wreath,55.32527091194338,-4.262115642884141,1665001911,4004,1977,45,Male,Y,798,Cumnock,"East Ayrshire",KA18,Ayrshire
wreath,55.821941840493196,-3.860863143626945,1665001927,4008,1977,45,Female,Y,1151,Motherwell,"North Lanarkshire",ML1,Glasgow
wreath,55.82144164999737,-3.660960089482755,1665002047,4016,1982,40,Female,Y,376,"West Calder","West Lothian",EH55,"Lothian (Edinburgh)"
wreath,55.63603451657311,-4.764015073845494,1665002069,4019,1985,37,Female,Y,811,Stevenston,"North Ayrshire",KA20,Ayrshire
wreath,55.86865355671151,-4.424277885088086,1665002099,4000,1975,47,Male,Y,1249,"Paisley (north west: Ferguslie Park, Gallowhill, Gockston, Shortroods, )",Renfrewshire,PA3,Glasgow
wreath,60.38261013306727,-1.2488296007060655,1665002201,4015,1989,33,Male,N,1552,Gulberwick,"Shetland Isles",ZE2,"Shetland Islands"
wreath,57.38644172883355,-4.390342649575112,1665002243,4022,1968,54,Female,Y,736,"Inverness (west: Ballifeary, Balnafettack, Clachnaharry, Dalneigh, Kinmylies, Leachkin, Merkinch, Muirtown, South Kessock)",Highland,IV3,"Highlands (Inverness)"
wreath,55.82377395747939,-3.99648354097629,1665002264,4028,1984,38,Male,Y,1186,Bellshill,"North Lanarkshire",ML4,Glasgow
wreath,55.565780216275826,-4.517143111265721,1665002349,3994,1971,51,Female,N,779,"Kilmarnock (centre and south: Bonnyton, Grange, Bellfield, Shortlees, Caprington, Riccarton, Hurlford)","East Ayrshire",KA1,Ayrshire
wreath,57.71564905892859,-3.331085292011609,1665002352,3779,1976,46,Male,Y,738,Lossiemouth,Moray,IV31,"North East (Aberdeen)"
wreath,55.91229620660055,-3.288085997077651,1665002395,4011,1970,52,Female,N,267,"Sighthill, Edinburgh",Edinburgh,"Edinburgh Central","Lothian (Edinburgh)"
wreath,56.131234984258846,-4.318823254997811,1665002437,4023,1985,37,Male,Y,473,"Stirling (centre and west: Kings Park, Raploch, Riverside)",Stirlingshire,FK8,"Stirling and Falkirk"
wreath,56.2009869997018,-4.070660825621797,1665002450,4018,1975,47,Female,Y,409,Doune,Stirlingshire,FK16,"Stirling and Falkirk"
wreath,55.81592747385571,-4.229407750812397,1665002536,4035,1978,44,Female,Y,652,"King's Park, Glasgow",Glasgow,"Glasgow South",Glasgow
wreath,55.82565310388607,-3.905334457286863,1665002627,4041,1989,33,Male,Y,1151,Motherwell,"North Lanarkshire",ML1,Glasgow
wreath,55.83012490542428,-4.140452020433898,1665002805,3856,1979,43,Female,Y,632,"Springburn, Glasgow",Glasgow,"Glasgow Northeast",Glasgow
wreath,55.798706425374625,-4.328166133471831,1665002841,4049,1962,60,Female,Y,672,"Govan, Glasgow",Glasgow,"Glasgow Southwest",Glasgow
wreath,56.08906177514049,-3.259733419003134,1665002857,3926,1971,51,Female,Y,1117,"Kirkcaldy (west: Hayfield, Templehall, Newliston, Chapel, Dunnikier, Bennochy)",Fife,KY2,Fife
wreath,55.9657571333454,-3.141361765504724,1665002861,4046,1962,60,Male,N,285,"Leith, Edinburgh",Edinburgh,"Edinburgh Leith","Lothian (Edinburgh)"
wreath,57.56845181683469,-3.2503947064081773,1665002943,4050,1996,26,Male,Y,737,Elgin,Moray,IV30,"North East (Aberdeen)"
wreath,57.16507356332956,-2.097692401478502,1665003020,4058,1957,65,Female,N,107,"Rosemount, Aberdeen",Aberdeen,"Aberdeen Central","North East (Aberdeen)"
wreath,55.91002421158699,-3.2812763305514854,1665003145,4063,1969,53,Female,Y,263,"Longstone, Edinburgh",Edinburgh,"Edinburgh Central","Lothian (Edinburgh)"
wreath,56.0136895340422,-3.743979661788586,1665003288,4067,1952,70,Female,Y,439,Grangemouth,Falkirk,FK3,"Stirling and Falkirk"
wreath,55.59303453984772,-2.941033230711594,1665003374,4065,1976,46,Female,Y,1413,Galashiels,"Scottish Borders",TD1,Borders
wreath,55.870728615562214,-4.140461096232652,1665003451,4070,1964,58,Female,Y,627,"Dennistoun, Glasgow",Glasgow,"Glasgow Northeast",Glasgow
wreath,55.99383869974914,-3.4782821769221224,1665003599,4043,1989,33,Male,Y,306,"Queensferry, Edinburgh",Edinburgh,"Edinburgh Queensferry","Lothian (Edinburgh)"
wreath,55.69925750173551,-3.535405005314841,1665003682,4078,1996,26,Female,Y,1167,Lanark,"South Lanarkshire",ML11,Glasgow
wreath,55.74400233519633,-4.12657709860613,1665003694,4083,1982,40,Female,Y,534,"East Kilbride (south: Hairmyres, Westwood, The Murray, Murray East, Whitehills, Greenhill, Newlandsmuir, Gardenhall, Crosshouse, Newlands, Lindsayfield, Mossneuk)","South Lanarkshire",G75,Glasgow
wreath,57.17099898603717,-2.1171660496708835,1665003738,4069,1983,39,Male,N,98,"Northfield, Aberdeen",Aberdeen,"Aberdeen Central","North East (Aberdeen)"
wreath,55.867699961751626,-3.9155592531474483,1665003744,4051,1966,56,Female,N,1194,Caldercruix,"North Lanarkshire",ML6,Glasgow
wreath,55.97156880853446,-3.225308103243568,1665003794,4079,1973,49,Female,Y,278,"Granton, Edinburgh",Edinburgh,"Edinburgh Clermiston Granton","Lothian (Edinburgh)"
wreath,55.88875727364113,-4.476825389254049,1665003877,4090,1972,50,Female,Y,1264,Renfrew,Renfrewshire,PA4,Glasgow
wreath,55.79447702838222,-4.283996819374667,1665003951,4034,1980,42,Female,Y,660,"Arden, Glasgow",Glasgow,"Glasgow South",Glasgow
wreath,55.78163902318555,-3.9667496748915925,1665003961,4039,1989,33,Male,Y,1151,Motherwell,"North Lanarkshire",ML1,Glasgow
wreath,55.88352032091773,-3.5147916846517004,1665003962,4093,1995,27,Male,N,375,Livingston,"West Lothian",EH54,"Lothian (Edinburgh)"
wreath,57.78451179251486,-4.641909692194287,1665004002,4095,1974,48,Male,N,707,Alness,Highland,IV17,"Highlands (Inverness)"
wreath,55.39082645775069,-4.307779155928399,1665004056,4099,1977,45,Female,N,802,"New Cumnock","East Ayrshire",KA18,Ayrshire
wreath,55.929616384547515,-4.117908589598948,1665004085,4087,1996,26,Male,Y,507,Kirkintilloch,"East Dunbartonshire",G66,Glasgow
wreath,56.307738841111565,-3.1387314240781414,1665004109,4089,1985,37,Male,Y,1639,Auchtermuchty,Fife,KY15,Fife
wreath,56.367264680116016,-3.0567217040556796,1665004151,4096,1960,62,Female,Y,1104,Ceres,Fife,KY15,Fife
wreath,55.81505052589469,-4.267930413898195,1665004262,4034,1980,42,Female,Y,660,"Arden, Glasgow",Glasgow,"Glasgow South",Glasgow
wreath,55.440992394485086,-4.2392567194932935,1665004272,4057,1997,25,Male,Y,798,Cumnock,"East Ayrshire",KA18,Ayrshire
wreath,55.90207149048076,-3.509336006339063,1665004277,4094,1967,55,Female,Y,375,Livingston,"West Lothian",EH54,"Lothian (Edinburgh)"
wreath,57.186703832504996,-2.5772771202294673,1665004306,4110,1977,45,Female,Y,67,Oldmeldrum,Aberdeenshire,AB51,"North East (Aberdeen)"
wreath,55.91247075072503,-3.729214995520929,1665004371,4105,1972,50,Male,Y,368,Bathgate,"West Lothian",EH48,"Lothian (Edinburgh)"
wreath,60.15192870096263,-1.2963172369145597,1665004393,4102,1958,64,Female,N,1500,Lerwick,"Shetland Isles",ZE1,"Shetland Islands"
wreath,57.433165834162885,-2.039729738847025,1665004467,4111,1983,39,Female,Y,49,Ellon,Aberdeenshire,AB41,"North East (Aberdeen)"
wreath,55.919247330449004,-3.1159742089370277,1665004481,4114,1999,23,Other,School,325,"Niddrie, Edinburgh",Edinburgh,"Edinburgh Southeast","Lothian (Edinburgh)"
wreath,56.45460393851223,-4.367974853098156,1665004495,4119,1980,42,Female,Y,438,Killin,Stirlingshire,FK21,"Stirling and Falkirk"
wreath,56.07531144422018,-3.2146017530134823,1665004556,4101,1990,32,Female,Y,1117,"Kirkcaldy (west: Hayfield, Templehall, Newliston, Chapel, Dunnikier, Bennochy)",Fife,KY2,Fife
wreath,55.75827008238113,-4.160716598548787,1665004615,4115,1989,33,Female,Y,530,"East Kilbride (north: The Village, East Mains, West Mains, Lymekilns, St Leonards, Calderwood, Nerston, Stewartfield, Peel Park)","South Lanarkshire",G74,Glasgow
wreath,55.92623730003514,-3.223316380649084,1665004625,4118,1966,56,Female,Y,316,"Bruntsfield, Edinburgh",Edinburgh,"Edinburgh South","Lothian (Edinburgh)"
wreath,56.87085324902136,-3.0800885276460845,1665004628,4124,1971,51,Male,Y,179,Forfar,Angus,DD8,"Tayside and Angus (Dundee)"
wreath,57.40899757125707,-1.9278501225717086,1665004652,4104,1967,55,Female,Y,53,Hatton,Aberdeenshire,AB42,"North East (Aberdeen)"
wreath,56.48077995373788,-2.8843661220033128,1665004681,4128,1972,50,Female,Y,255,"Fintry, Dundee",Dundee,"Dundee North","Tayside and Angus (Dundee)"
wreath,56.402567916298864,-3.2509784671385566,1665004700,4130,1976,46,Male,Y,1353,Scone,"Perth and Kinross",PH2,Fife
wreath,55.7144662411415,-4.204983693296586,1665004708,4127,1980,42,Female,Y,534,"East Kilbride (south: Hairmyres, Westwood, The Murray, Murray East, Whitehills, Greenhill, Newlandsmuir, Gardenhall, Crosshouse, Newlands, Lindsayfield, Mossneuk)","South Lanarkshire",G75,Glasgow
wreath,56.01985067721701,-3.6905896864028076,1665004737,4120,1954,68,Male,Y,439,Grangemouth,Falkirk,FK3,"Stirling and Falkirk"
wreath,55.3888955994588,-4.102863899360901,1665004756,4057,1997,25,Male,Y,798,Cumnock,"East Ayrshire",KA18,Ayrshire
wreath,56.001984200028765,-4.2255114887439875,1665004773,4087,1996,26,Male,Y,507,Kirkintilloch,"East Dunbartonshire",G66,Glasgow
wreath,55.7819905742506,-4.40390506771413,1665004889,4134,1977,45,Female,Y,541,Neilston,"East Renfrewshire",G78,Glasgow
wreath,55.678004423868934,-4.2062108645095915,1665004912,4117,1962,60,Female,Y,1160,Strathaven,"North Lanarkshire",ML10,Glasgow
wreath,55.97068303292958,-3.216706587642242,1665004932,4112,1995,27,Female,Y,279,"Clermiston and Drumbrae, Edinburgh",Edinburgh,"Edinburgh Clermiston Granton","Lothian (Edinburgh)"
wreath,55.725738880077145,-4.017768428978211,1665005015,4138,1970,52,Male,Y,1183,Hamilton,"South Lanarkshire",ML3,Glasgow
wreath,55.888158595911136,-4.036489635075246,1665005040,4139,1975,47,Female,Y,1189,Coatbridge,"North Lanarkshire",ML5,Glasgow
wreath,57.118472148483896,-4.806591576917084,1665005065,4140,1966,56,Female,Y,1376,"Fort Augustus",Highland,PH32,"Highlands (Inverness)"
wreath,55.6927664078751,-4.807984178472604,1665005084,4142,1994,28,Female,Y,813,Ardrossan,"North Ayrshire",KA22,Ayrshire
wreath,55.91740456959592,-4.813290304145219,1665005294,4148,1975,47,Female,Y,1231,"Greenock (west: Bow Farm, Braeside, Branchton, Fort Matilda, Gateside, Greenock West, Overton, Pennyfern, Smithston)",Inverclyde,PA16,Glasgow
wreath,55.48085225363588,-5.705887993198846,1665005322,4141,1971,51,Female,Y,1246,Campbeltown,"Argyll and Bute",PA28,"Argyll and Bute"
wreath,55.9178914175003,-3.5705348392415535,1665005496,4143,1981,41,Male,Y,368,Bathgate,"West Lothian",EH48,"Lothian (Edinburgh)"
wreath,55.78978748956738,-4.112260231907445,1665005523,4159,1984,38,Female,Y,528,Blantyre,"South Lanarkshire",G72,Glasgow
wreath,55.74042863753889,-3.5911490914394477,1665005592,4013,1982,40,Female,Y,1163,Coalburn,"South Lanarkshire",ML11,Glasgow
wreath,55.82501108223196,-4.110059567452772,1665005597,4162,1957,65,Female,Y,602,"Baillieston, Glasgow",Glasgow,"Glasgow Northeast",Glasgow
wreath,55.644593502747426,-2.8038377591526555,1665005604,4146,1971,51,Male,Y,1413,Galashiels,"Scottish Borders",TD1,Borders
wreath,55.88454653642985,-3.5983554617922056,1665005630,4164,1974,48,Male,Y,366,Whitburn,"West Lothian",EH47,"Lothian (Edinburgh)"
wreath,56.141835439909244,-3.324516779299852,1665005633,4171,1978,44,Female,Y,1121,Cowdenbeath,Fife,KY4,Fife
wreath,57.59804866433358,-1.9706149757952303,1665005638,4165,1992,30,Female,N,57,Fraserburgh,Aberdeenshire,AB43,"North East (Aberdeen)"
wreath,55.704962392703074,-2.956227532308492,1665005650,4163,1981,41,Female,Y,1415,Stow,"Scottish Borders",TD1,Borders
wreath,55.91461315876412,-2.1755866224310396,1665005679,4168,1981,41,Female,N,1431,Eyemouth,"Scottish Borders",TD14,Borders
wreath,55.88958196300915,-3.277529611619342,1665005685,4158,1964,58,Female,N,316,"Bruntsfield, Edinburgh",Edinburgh,"Edinburgh South","Lothian (Edinburgh)"
wreath,55.942315293476526,-4.732505321829776,1665005940,4145,1976,46,Female,Y,1230,"Greenock (central and east: Bogston, Bridgend, Cartsdyke, Gibshill, Greenock Central, Ladyburn, Upper Ingleston)",Inverclyde,PA15,Glasgow
wreath,58.20859141626095,-6.357022966382953,1665006049,4176,1977,45,Female,Y,686,"Stornoway, Isle of Lewis","Western Isles",HS1,"Western Isles"
wreath,56.10680627109149,-3.6735926591288535,1665006149,4180,1964,58,Female,N,391,Alloa,Clackmannanshire,FK10,"Stirling and Falkirk"
wreath,57.21515568871097,-5.952519818509265,1665006164,4197,1968,54,Female,N,759,"Broadford, Isle of Skye",Highland,IV49,"Highlands (Inverness)"
wreath,54.97307258135691,-4.987216847639082,1665006208,4205,1967,55,Female,Y,231,Stranraer,"Dumfries and Galloway",DG9,"Dumfries and Galloway"
wreath,55.86465592078104,-4.679952255399979,1665006261,4200,1994,28,Male,Y,1227,Kilmacolm,Inverclyde,PA13,Glasgow
wreath,55.95576973624855,-3.943840525234008,1665006263,4193,1969,53,Female,N,514,"Cumbernauld (south: Condorrat, Lenziemill, Carbrain, Kildrum, Cumbernauld Village, Abronhill, Seafar)","North Lanarkshire",G67,Glasgow
wreath,55.81365603581074,-3.9310572102524493,1665006270,4185,1970,52,Male,Y,1151,Motherwell,"North Lanarkshire",ML1,Glasgow
wreath,55.770736061700745,-4.270764827048534,1665006313,4189,1974,48,Male,Y,530,"East Kilbride (north: The Village, East Mains, West Mains, Lymekilns, St Leonards, Calderwood, Nerston, Stewartfield, Peel Park)","South Lanarkshire",G74,Glasgow
wreath,55.82242483031879,-4.329928055548552,1665006373,4191,1980,42,Female,N,651,"Cathcart, Glasgow",Glasgow,"Glasgow South",Glasgow
wreath,56.35173983384341,-2.9434911130163295,1665006391,4188,1990,32,Female,Y,1105,Cupar,Fife,KY15,Fife
wreath,55.78282413500555,-4.057145168471968,1665006425,4196,1985,37,Male,N,1183,Hamilton,"South Lanarkshire",ML3,Glasgow
wreath,57.09716656096737,-5.7044092577160965,1665006446,4195,1970,52,Female,Y,1392,Mallaig,Highland,PH41,"Highlands (Inverness)"
wreath,55.82126243745734,-3.67391935509907,1665006552,4192,1990,32,Female,Y,366,Whitburn,"West Lothian",EH47,"Lothian (Edinburgh)"
wreath,55.92504540785431,-3.971112312835349,1665006593,4194,1977,45,Female,Y,514,"Cumbernauld (south: Condorrat, Lenziemill, Carbrain, Kildrum, Cumbernauld Village, Abronhill, Seafar)","North Lanarkshire",G67,Glasgow
wreath,55.60269874016755,-3.7929720532287585,1665006669,4206,1980,42,Female,Y,1167,Lanark,"South Lanarkshire",ML11,Glasgow
wreath,56.0491880824012,-3.5579596143655903,1665006753,4214,1982,40,Female,Y,1096,"Dunfermline (centre, north, west: Abbey Parks, Lady's Mill, Garvock, Headwell, Kingseathill, Wellwood, Milesmark, Baldridge, Pittencrieff, Baldridgeburn)",Fife,KY12,Fife
wreath,55.06799136349862,-3.5864784566348105,1665006778,4215,1975,47,Male,Y,186,"Dumfries (centre and east: Dalscone, Georgetown, Heathhall, Kingholm Quay, Noblehill, The Crichton)","Dumfries and Galloway",DG1,"Dumfries and Galloway"
wreath,57.3599147815434,-2.699967583954938,1665006798,4216,1974,48,Female,Y,70,Insch,Aberdeenshire,AB52,"North East (Aberdeen)"
wreath,57.376442593925205,-2.6165503817595246,1665006933,4216,1974,48,Female,Y,70,Insch,Aberdeenshire,AB52,"North East (Aberdeen)"
wreath,55.751225401061276,-3.969372581548233,1665006933,3894,1977,45,Female,Y,1217,Larkhall,"North Lanarkshire",ML9,Glasgow
wreath,56.4166475533103,-3.4113279920650803,1665006994,4225,1971,51,Female,Y,1354,"Perth (south and east: Barnhill, Bridgend, Craigie, Kincarrathie, Upper Craigie)","Perth and Kinross",PH2,Fife
wreath,55.683221884147954,-3.5938272700265426,1665007023,4233,1985,37,Male,Y,1167,Lanark,"South Lanarkshire",ML11,Glasgow
wreath,55.88610348238985,-4.323811663495552,1665007049,4210,1986,36,Female,Y,593,"West End, Glasgow",Glasgow,"Glasgow Kelvin",Glasgow
wreath,55.936331005815155,-3.1971055820236844,1665007067,4235,1975,47,Female,Y,320,"Newington, Edinburgh",Edinburgh,"Edinburgh South","Lothian (Edinburgh)"
wreath,55.77648667931408,-4.786615372202512,1665007088,4202,1950,72,Female,N,815,Dalry,"North Ayrshire",KA24,Ayrshire
wreath,55.33232711055797,-4.440393378789449,1665007162,4232,1977,45,Female,Y,851,Coylton,"South Ayrshire",KA6,Ayrshire
wreath,58.381821878872145,-3.174910537455994,1665007209,4219,1993,29,Female,Y,900,"John O'Groats",Highland,KW1,"Highlands (Inverness)"
wreath,55.91186464861064,-4.329530369983219,1665007353,4243,1970,52,Female,Y,488,Bearsden,"East Dunbartonshire",G61,Glasgow
wreath,55.95068235217613,-2.970436474768811,1665007375,4231,1952,70,Female,Y,349,Tranent,"East Lothian",EH33,"Lothian (Edinburgh)"
wreath,55.87441068101669,-4.326080936345396,1665007376,4248,1979,43,Male,Y,591,"Hillhead, Glasgow",Glasgow,"Glasgow Kelvin",Glasgow
wreath,55.716080637063016,-3.974181387676934,1665007546,4251,1994,28,Female,Y,1183,Hamilton,"South Lanarkshire",ML3,Glasgow
wreath,56.01659785435224,-4.283637430860396,1665007550,4252,1963,59,Male,Y,507,Kirkintilloch,"East Dunbartonshire",G66,Glasgow
wreath,57.51961122484623,-3.374827410301935,1665007560,4250,1994,28,Female,Y,740,Forres,Moray,IV36,"North East (Aberdeen)"
wreath,55.9148932982021,-3.6115783741922485,1665007647,4258,1977,45,Female,Y,368,Bathgate,"West Lothian",EH48,"Lothian (Edinburgh)"
wreath,55.80729055929881,-4.283498422291308,1665007670,4254,1993,29,Female,Y,658,"Giffnock, Glasgow",Glasgow,"Glasgow South",Glasgow
wreath,55.832711664249246,-3.9887343437905614,1665007830,4261,1956,66,Male,N,1151,Motherwell,"North Lanarkshire",ML1,Glasgow
wreath,56.06030424058059,-4.734738380993142,1665007838,4247,1982,40,Male,Y,566,Helensburgh,"Argyll and Bute",G84,"Argyll and Bute"
wreath,55.95902699979278,-2.9669143463764414,1665007870,4264,1970,52,Female,Y,346,"Cockenzie and Port Seton","East Lothian",EH32,"Lothian (Edinburgh)"
wreath,55.926125322317304,-3.279986555250706,1665007872,4257,1976,46,Female,Y,267,"Sighthill, Edinburgh",Edinburgh,"Edinburgh Central","Lothian (Edinburgh)"
wreath,55.86986071379307,-4.324931354686918,1665007964,4253,1954,68,Female,N,638,"Drumchapel, Glasgow",Glasgow,"Glasgow Northwest",Glasgow
wreath,55.93933448141968,-4.773991407899226,1665007977,4148,1975,47,Female,Y,1231,"Greenock (west: Bow Farm, Braeside, Branchton, Fort Matilda, Gateside, Greenock West, Overton, Pennyfern, Smithston)",Inverclyde,PA16,Glasgow
wreath,55.82107913119383,-3.8860953133836813,1665007981,4262,1971,51,Male,Y,1151,Motherwell,"North Lanarkshire",ML1,Glasgow
wreath,55.44051319695156,-4.464387919958184,1665008029,4267,1994,28,Female,Y,851,Coylton,"South Ayrshire",KA6,Ayrshire
wreath,55.54299780983165,-4.617639977779245,1665008113,4270,1971,51,Female,Y,784,Troon,"South Ayrshire",KA10,Ayrshire
wreath,55.43407852372271,-4.113547763401718,1665008134,4265,1953,69,Male,N,802,"New Cumnock","East Ayrshire",KA18,Ayrshire
wreath,55.7443683874734,-4.153180158956835,1665008155,4268,1997,25,Female,N,534,"East Kilbride (south: Hairmyres, Westwood, The Murray, Murray East, Whitehills, Greenhill, Newlandsmuir, Gardenhall, Crosshouse, Newlands, Lindsayfield, Mossneuk)","South Lanarkshire",G75,Glasgow
wreath,55.915970473695,-4.228291959242388,1665008387,4278,1973,49,Female,Y,502,Bishopbriggs,"East Dunbartonshire",G64,Glasgow
wreath,55.62601617233637,-4.698038641408921,1665008397,4279,1999,23,Female,Y,787,"Irvine (centre: Castlepark, Tarryholme)","North Ayrshire",KA12,Ayrshire
wreath,56.25564708221158,-3.106300939730982,1665008458,4276,1976,46,Male,Y,1639,Auchtermuchty,Fife,KY15,Fife
wreath,55.94495281284053,-3.0369702055687706,1665008513,4280,1998,24,Female,Y,330,Musselburgh,"East Lothian",EH21,"Lothian (Edinburgh)"
wreath,55.956911643659154,-4.429186528246432,1665008579,4283,1963,59,Female,Y,546,Clydebank,"West Dunbartonshire",G81,Glasgow
wreath,55.835849286088965,-5.123547662495921,1665008628,4284,1975,47,Female,Y,1237,"Isle of Bute","Argyll and Bute",PA20,"Argyll and Bute"
wreath,55.89800596193105,-5.132875545418794,1665008639,4269,1995,27,Male,N,1237,"Isle of Bute","Argyll and Bute",PA20,"Argyll and Bute"
wreath,55.7774278583039,-4.538730169927995,1665008676,4287,1981,41,Female,Y,540,Barrhead,"East Renfrewshire",G78,Glasgow
wreath,55.86725630852529,-3.3088746886179177,1665008806,4275,1965,57,Female,Y,314,"Morningside, Edinburgh",Edinburgh,"Edinburgh South","Lothian (Edinburgh)"
wreath,55.98950926721997,-4.467556166100447,1665009113,4292,1996,26,Female,Y,549,Dumbarton,"West Dunbartonshire",G82,Glasgow
wreath,55.535661359915466,-4.511886639805077,1665009268,4291,1963,59,Female,Y,779,"Kilmarnock (centre and south: Bonnyton, Grange, Bellfield, Shortlees, Caprington, Riccarton, Hurlford)","East Ayrshire",KA1,Ayrshire
wreath,56.161357411900184,-4.702722251197437,1665009563,4302,1994,28,Female,Y,557,Alexandria,"West Dunbartonshire",G83,"Argyll and Bute"
wreath,57.63814457095445,-2.1338624935402715,1665009628,4313,1968,54,Female,Y,57,Fraserburgh,Aberdeenshire,AB43,"North East (Aberdeen)"
wreath,55.92067912520219,-3.297882357621925,1665009740,4295,1967,55,Female,Y,270,"Meadows and Southside, Edinburgh",Edinburgh,"Edinburgh Central","Lothian (Edinburgh)"
wreath,55.94576386450119,-3.9273566976562333,1665009959,4309,1962,60,Female,Y,514,"Cumbernauld (south: Condorrat, Lenziemill, Carbrain, Kildrum, Cumbernauld Village, Abronhill, Seafar)","North Lanarkshire",G67,Glasgow
wreath,55.219924589677575,-3.7966852490185663,1665010038,4307,1984,38,Female,Y,210,Thornhill,"Dumfries and Galloway",DG3,"Dumfries and Galloway"
wreath,55.802684590986814,-4.116827921035029,1665010209,4306,1977,45,Female,Y,529,Cambuslang,"South Lanarkshire",G72,Glasgow
wreath,55.54282929890099,-4.603752553700012,1665010307,4321,1981,41,Male,Y,784,Troon,"South Ayrshire",KA10,Ayrshire
wreath,55.788430287993684,-4.593381848028654,1665010538,4308,1980,42,Male,Y,1226,Lochwinnoch,Renfrewshire,PA12,Glasgow
wreath,56.06641562325506,-4.415289181202084,1665010722,4327,1990,32,Female,Y,499,Killearn,Stirlingshire,G63,"Stirling and Falkirk"
wreath,56.29158146747679,-3.91067615926947,1665010765,4323,1970,52,Male,Y,405,Dunblane,Stirlingshire,FK15,"Stirling and Falkirk"
wreath,55.938963319256274,-3.2723704618316924,1665010840,4330,1977,45,Female,Y,292,"Craigleith, Edinburgh",Edinburgh,"Edinburgh North","Lothian (Edinburgh)"
wreath,56.456995485529106,-2.981102204988219,1665010918,4329,1990,32,Female,Y,261,"Westend, Dundee",Dundee,"Dundee West","Tayside and Angus (Dundee)"
wreath,57.17068348562402,-4.598276247275031,1665011093,4331,1968,54,Male,Y,714,"Inverness (east: Culcabock, Crown, Culduthel, Drummond, Haugh, Hilton, Holm, Lochardil, Millburn, Raigmore)",Highland,IV2,"Highlands (Inverness)"
wreath,57.082565480459,-2.1263656912369413,1665011206,4335,1964,58,Female,N,11,Kincorth, Aberdeen,AB12,"North East (Aberdeen)"
wreath,56.0838638500544,-4.099690445733273,1665011209,4339,1974,48,Female,Y,464,"Stirling (south and east: Braehead, Borestone, Broomridge, Torbrex)",Stirlingshire,FK7,"Stirling and Falkirk"
wreath,56.84989208128572,-2.2654261233075967,1665011282,4337,1999,23,Female,Y,137,Inverbervie,Aberdeenshire,DD10,"Tayside and Angus (Dundee)"
wreath,57.141272159895934,-3.276974713182868,1665011428,4341,1986,36,Other,Y,40,Strathdon,Aberdeenshire,AB36,"North East (Aberdeen)"
wreath,55.979164590621025,-3.9310610489677953,1665011460,4343,1992,30,Male,Y,441,Bonnybridge,Falkirk,FK4,"Stirling and Falkirk"
wreath,56.48201402921077,-2.820185188718746,1665011481,4342,1972,50,Female,Y,248,"Barnhill, Dundee",Dundee,"Dundee East","Tayside and Angus (Dundee)"
wreath,55.943011867866765,-2.4960168980617654,1665011567,4346,1996,26,Female,Y,359,Dunbar,"East Lothian",EH42,"Lothian (Edinburgh)"
wreath,56.21372264355223,-2.947648941428846,1665011685,4312,1987,35,Male,Y,1141,Largo,Fife,KY8,Fife
wreath,56.814078634976475,-5.300286546776275,1665012172,4326,1947,75,Male,Y,1377,"Fort William",Highland,PH33,"Highlands (Inverness)"
wreath,56.142838705402724,-3.789142374803307,1665012388,4354,1985,37,Male,N,389,Tullibody,Clackmannanshire,FK10,"Stirling and Falkirk"
wreath,59.10570316737895,-3.3234827655264256,1665012699,4363,1999,23,Male,Y,1025,"Orkney Islands",Orkney,KW17,"Orkney Islands"
wreath,57.7146576296174,-3.3381513697943825,1665013049,4361,1968,54,Female,Y,738,Lossiemouth,Moray,IV31,"North East (Aberdeen)"
wreath,56.10532523104696,-3.2676889584493582,1665013347,3249,1974,48,Female,N,1117,"Kirkcaldy (west: Hayfield, Templehall, Newliston, Chapel, Dunnikier, Bennochy)",Fife,KY2,Fife
wreath,59.0595361490894,-3.2268051245500304,1665014093,4373,1994,28,Female,Y,1025,"Orkney Islands",Orkney,KW17,"Orkney Islands"
wreath,57.648179991110744,-4.539360600335911,1665014186,4372,1994,28,Male,Y,704,Strathpeffer,Highland,IV14,"Highlands (Inverness)"
wreath,55.97284829140267,-3.2543120163174333,1665014186,4368,1965,57,Female,Y,278,"Granton, Edinburgh",Edinburgh,"Edinburgh Clermiston Granton","Lothian (Edinburgh)"
wreath,56.913748172437224,-5.134704941078915,1665014908,4381,1983,39,Male,Y,1377,"Fort William",Highland,PH33,"Highlands (Inverness)"
wreath,57.7022878404473,-4.390559542289741,1665015121,4382,1991,31,Female,Y,707,Alness,Highland,IV17,"Highlands (Inverness)"
wreath,55.74242187338134,-4.275818753207144,1665015793,4387,1949,73,Female,Y,535,Busby,"East Renfrewshire",G76,Glasgow
wreath,55.94251486458218,-4.153144469573065,1665016060,4390,1999,23,Female,Y,507,Kirkintilloch,"East Dunbartonshire",G66,Glasgow
wreath,55.841401282032976,-3.356406819299257,1665016096,4391,1955,67,Female,Y,314,"Morningside, Edinburgh",Edinburgh,"Edinburgh South","Lothian (Edinburgh)"
wreath,54.849421716331456,-4.955594963048921,1665017190,4394,1977,45,Female,N,231,Stranraer,"Dumfries and Galloway",DG9,"Dumfries and Galloway"
wreath,55.88270771379006,-4.260114587636798,1665017302,4395,1979,43,Female,Y,632,"Springburn, Glasgow",Glasgow,"Glasgow Northeast",Glasgow
wreath,56.06426474075278,-4.463211287430233,1665019279,4399,1976,46,Female,Y,499,Killearn,Stirlingshire,G63,"Stirling and Falkirk"
wreath,55.92817184622756,-4.210045999264716,1665019584,4400,1957,65,Female,Y,502,Bishopbriggs,"East Dunbartonshire",G64,Glasgow
wreath,55.93850530890346,-3.2764757104795055,1665019919,4392,1996,26,Male,Y,298,"Inverleith, Edinburgh",Edinburgh,"Edinburgh North","Lothian (Edinburgh)"
wreath,55.822183896733385,-4.201065985195045,1665020233,4407,1968,54,Female,Y,645,Clarkston,"East Renfrewshire","Glasgow South",Glasgow
wreath,55.95482066392732,-3.1424204329651415,1665020477,4408,1987,35,Other,Y,281,"Portobello, Edinburgh",Edinburgh,"Edinburgh Duddingston","Lothian (Edinburgh)"
wreath,56.507315033644694,-2.7344256146734143,1665020710,4409,1983,39,Female,N,178,Carnoustie,Angus,DD7,"Tayside and Angus (Dundee)"
wreath,55.90003269533397,-4.181771471478113,1665021149,4338,1971,51,Female,Y,634,"Maryhill, Glasgow",Glasgow,"Glasgow Northeast",Glasgow
wreath,55.87716959106849,-4.429876166555238,1665021793,4411,1965,57,Female,Y,1248,Linwood,Renfrewshire,PA3,Glasgow
wreath,55.98464140002176,-3.5236980612810673,1665024260,4414,1986,36,Male,Y,369,Linlithgow,"West Lothian",EH49,"Lothian (Edinburgh)"
wreath,56.49528758009306,-2.8129278999449765,1665025889,4417,1974,48,Female,Y,247,"Broughty Ferry, Dundee",Dundee,"Dundee East","Tayside and Angus (Dundee)"
wreath,55.96764240208923,-3.2622781856463323,1665027142,4419,1966,56,Female,Y,278,"Granton, Edinburgh",Edinburgh,"Edinburgh Clermiston Granton","Lothian (Edinburgh)"
wreath,55.956573757935146,-3.172538884465846,1665028272,4420,1980,42,Female,Y,297,"Blackhall, Edinburgh",Edinburgh,"Edinburgh North","Lothian (Edinburgh)"
wreath,55.92861186497303,-3.9914985642108594,1665029322,4425,1994,28,Female,N,514,"Cumbernauld (south: Condorrat, Lenziemill, Carbrain, Kildrum, Cumbernauld Village, Abronhill, Seafar)","North Lanarkshire",G67,Glasgow
wreath,56.057397671623235,-4.111716106789035,1665029378,4423,1965,57,Male,N,464,"Stirling (south and east: Braehead, Borestone, Broomridge, Torbrex)",Stirlingshire,FK7,"Stirling and Falkirk"
wreath,55.60338126084932,-4.682738543324565,1665029735,4426,1990,32,Female,N,787,"Irvine (centre: Castlepark, Tarryholme)","North Ayrshire",KA12,Ayrshire
wreath,55.9177790762013,-4.57490422500617,1665029911,4429,1983,39,Female,Y,1229,"Port Glasgow",Inverclyde,PA14,Glasgow
wreath,55.942002787965144,-4.179103490012208,1665032676,4434,1967,55,Female,N,508,Lennoxtown,"East Dunbartonshire",G66,Glasgow
wreath,57.30691647313827,-3.071120937308088,1665032882,4435,1974,48,Female,Y,83,Huntly,Aberdeenshire,AB54,"North East (Aberdeen)"
wreath,55.859126047961034,-4.070926390707458,1665034913,4445,1962,60,Male,Y,632,"Springburn, Glasgow",Glasgow,"Glasgow Northeast",Glasgow
wreath,55.82104402584871,-4.181874493693125,1665035434,4451,1982,40,Female,Y,529,Cambuslang,"South Lanarkshire",G72,Glasgow
wreath,56.06206148833589,-4.773863586340418,1665035528,4449,1965,57,Female,Y,566,Helensburgh,"Argyll and Bute",G84,"Argyll and Bute"
wreath,55.79248096122183,-4.062173956883257,1665035670,4446,1956,66,Female,Y,1183,Hamilton,"South Lanarkshire",ML3,Glasgow
wreath,55.86670641820873,-4.302018808936089,1665036653,4458,1990,32,Male,Y,585,"Kelvindale, Glasgow",Glasgow,"Glasgow Kelvin",Glasgow
wreath,55.859095001510454,-4.278325440447288,1665036757,4459,1979,43,Female,Y,592,"Dowanhill, Glasgow",Glasgow,"Glasgow Kelvin",Glasgow
wreath,55.941234880698104,-3.162678470876694,1665037375,4462,1991,31,Female,Y,281,"Portobello, Edinburgh",Edinburgh,"Edinburgh Duddingston","Lothian (Edinburgh)"
wreath,55.28214395467947,-2.6712516520627516,1665038172,4473,1979,43,Male,Y,1493,Hawick,"Scottish Borders",TD9,Borders
wreath,55.423596982947686,-2.518301607994349,1665038347,4474,1996,26,Female,Y,1483,Ancrum,"Scottish Borders",TD8,Borders
wreath,55.756284468999326,-4.219314251258975,1665038556,4476,1973,49,Male,Y,534,"East Kilbride (south: Hairmyres, Westwood, The Murray, Murray East, Whitehills, Greenhill, Newlandsmuir, Gardenhall, Crosshouse, Newlands, Lindsayfield, Mossneuk)","South Lanarkshire",G75,Glasgow
wreath,55.74286186350548,-4.0399172610447565,1665038727,4480,1978,44,Male,N,1183,Hamilton,"South Lanarkshire",ML3,Glasgow
wreath,56.228496506781376,-4.396383683069889,1665039057,4477,1962,60,Female,Y,410,Callander,Stirlingshire,FK17,"Stirling and Falkirk"
wreath,55.883715284185726,-4.224954401683765,1665039119,4481,1960,62,Male,N,628,"Balornock, Glasgow",Glasgow,"Glasgow Northeast",Glasgow
wreath,56.572945143911184,-3.0714567144207194,1665039338,4430,1969,53,Male,Y,179,Forfar,Angus,DD8,"Tayside and Angus (Dundee)"
wreath,57.814118811928516,-4.514284879292476,1665039695,4483,1968,54,Male,N,707,Alness,Highland,IV17,"Highlands (Inverness)"
wreath,56.03350149498151,-2.795323711356734,1665039811,4484,1982,40,Male,Y,355,"North Berwick","East Lothian",EH39,"Lothian (Edinburgh)"
wreath,56.3684623876016,-2.8840781663797137,1665039927,4485,1998,24,Female,Y,1114,"St Andrews",Fife,KY16,Fife
wreath,57.305039908392864,-2.2862674128877427,1665040026,4110,1977,45,Female,Y,67,Oldmeldrum,Aberdeenshire,AB51,"North East (Aberdeen)"
wreath,55.79776486647889,-4.1516751319654706,1665040068,4486,1967,55,Female,Y,529,Cambuslang,"South Lanarkshire",G72,Glasgow
wreath,55.91345877836317,-3.172921851063874,1665040143,4488,1995,27,Other,Y,325,"Niddrie, Edinburgh",Edinburgh,"Edinburgh Southeast","Lothian (Edinburgh)"
wreath,56.05192605821819,-4.962070865672861,1665040253,4490,1988,34,Male,Y,1241,Dunoon,"Argyll and Bute",PA23,"Argyll and Bute"
wreath,56.48439971205998,-2.956941379486452,1665040797,4494,1948,74,Female,Y,254,"Douglas, Dundee",Dundee,"Dundee North","Tayside and Angus (Dundee)"
wreath,55.63959913249579,-4.695661453975086,1665041195,4426,1990,32,Female,N,787,"Irvine (centre: Castlepark, Tarryholme)","North Ayrshire",KA12,Ayrshire
wreath,56.49535752856254,-3.019481972679001,1665041529,4501,1945,77,Female,N,242,"St Marys, Dundee",Dundee,"Dundee Central","Tayside and Angus (Dundee)"
wreath,55.95027153475189,-4.285965263295875,1665042367,4506,1990,32,Female,Y,489,Milngavie,"East Dunbartonshire",G62,Glasgow
wreath,55.6374420677742,-4.698271238112919,1665042673,4426,1990,32,Female,N,787,"Irvine (centre: Castlepark, Tarryholme)","North Ayrshire",KA12,Ayrshire
wreath,56.457159090444975,-3.026879315880773,1665042696,4509,1982,40,Male,Y,261,"Westend, Dundee",Dundee,"Dundee West","Tayside and Angus (Dundee)"
wreath,55.87064170536323,-3.840135199645348,1665042918,4515,1987,35,Male,Y,1192,Airdrie,"North Lanarkshire",ML6,Glasgow
wreath,55.95990295741961,-3.9015616695392934,1665042982,4516,1973,49,Male,Y,514,"Cumbernauld (south: Condorrat, Lenziemill, Carbrain, Kildrum, Cumbernauld Village, Abronhill, Seafar)","North Lanarkshire",G67,Glasgow
wreath,55.90245779803625,-4.24803256202392,1665042988,4522,1990,32,Male,Y,598,Rutherglen,"South Lanarkshire","Glasgow Northeast",Glasgow
wreath,57.60305469369491,-3.100127882502401,1665043009,4512,2001,21,Female,Y,739,Fochabers,Moray,IV32,"North East (Aberdeen)"
wreath,55.160616655215506,-3.5769521160484374,1665043055,4499,1961,61,Female,N,186,"Dumfries (centre and east: Dalscone, Georgetown, Heathhall, Kingholm Quay, Noblehill, The Crichton)","Dumfries and Galloway",DG1,"Dumfries and Galloway"
wreath,55.634451287707655,-4.691556121364765,1665043135,4426,1990,32,Female,N,787,"Irvine (centre: Castlepark, Tarryholme)","North Ayrshire",KA12,Ayrshire
wreath,55.74676585228084,-3.055761375290504,1665043147,4518,1977,45,Male,Y,354,Heriot,"Scottish Borders",EH38,"Lothian (Edinburgh)"
wreath,57.62295325593396,-4.177514171286851,1665043188,4521,1990,32,Male,Y,700,Fortrose,Highland,IV10,"Highlands (Inverness)"
wreath,55.826951055568856,-4.221935317080438,1665043217,4510,1969,53,Female,Y,645,Clarkston,"East Renfrewshire","Glasgow South",Glasgow
wreath,55.86199421724871,-4.461136935728034,1665043350,4523,1977,45,Male,Y,1248,Linwood,Renfrewshire,PA3,Glasgow
wreath,55.980646828008666,-3.159140117435599,1665043426,4468,1958,64,Male,Y,285,"Leith, Edinburgh",Edinburgh,"Edinburgh Leith","Lothian (Edinburgh)"
wreath,56.07725373857339,-2.6406605163810104,1665043567,4505,1945,77,Female,N,355,"North Berwick","East Lothian",EH39,"Lothian (Edinburgh)"
wreath,55.867724849638385,-3.296342402308341,1665043717,4519,1958,64,Male,Y,313,"Colinton, Edinburgh",Edinburgh,"Edinburgh South","Lothian (Edinburgh)"
wreath,55.31091910209877,-4.456275089847194,1665043871,4525,1998,24,Male,Y,806,Maybole,"South Ayrshire",KA19,Ayrshire
wreath,55.94073605880545,-4.2662442401895335,1665044071,4526,1995,27,Female,Y,489,Milngavie,"East Dunbartonshire",G62,Glasgow
wreath,55.63695849085718,-4.709012958142694,1665044287,4426,1990,32,Female,N,787,"Irvine (centre: Castlepark, Tarryholme)","North Ayrshire",KA12,Ayrshire
wreath,55.84338106934959,-4.397143456410191,1665044318,4365,1980,42,Male,N,1220,"Paisley (central, east and north east: Ferguslie, Oldhall, Seedhill, Williamsburgh, Whitehaugh)",Renfrewshire,PA1,Glasgow
wreath,56.06067067957057,-5.522677632356541,1665044426,4311,1990,32,Male,Y,1251,Cairnbaan,"Argyll and Bute",PA31,"Argyll and Bute"
wreath,55.8296276909648,-4.28994905503211,1665044851,4455,1972,50,Female,Y,645,Clarkston,"East Renfrewshire","Glasgow South",Glasgow
wreath,56.458090090721655,-2.987209256556989,1665045005,4535,1949,73,Female,Y,243,"Hilltown, Dundee",Dundee,"Dundee Central","Tayside and Angus (Dundee)"
wreath,56.019533510613186,-3.8362100127173906,1665045122,4539,1998,24,Female,Y,449,Larbert,Falkirk,FK5,"Stirling and Falkirk"
wreath,55.76094725902528,-4.4739389697438865,1665045588,4541,1990,32,Female,N,540,Barrhead,"East Renfrewshire",G78,Glasgow
wreath,56.99742876171649,-2.6737768966349713,1665045604,3466,2003,19,Other,School,22,Banchory,Aberdeenshire,AB31,"North East (Aberdeen)"
wreath,56.861307322488614,-5.171872118012518,1665045611,4024,1971,51,Female,N,1377,"Fort William",Highland,PH33,"Highlands (Inverness)"
wreath,55.23710879926367,-3.3918289442694443,1665045686,4540,1971,51,Female,Y,189,Moffat,"Dumfries and Galloway",DG10,"Dumfries and Galloway"
wreath,55.69316717811156,-4.737166291117489,1665046025,4542,1976,46,Female,Y,815,Dalry,"North Ayrshire",KA24,Ayrshire
wreath,55.41079208847842,-4.7460812763550795,1665046587,4550,1967,55,Male,Y,856,"Ayr (Centre)","South Ayrshire",KA7,Ayrshire
wreath,55.93324658787818,-3.268183630059614,1665046609,4557,1974,48,Male,Y,264,"Slateford, Edinburgh",Edinburgh,"Edinburgh Central","Lothian (Edinburgh)"
wreath,55.668581865015405,-3.034384758932858,1665046848,4554,1987,35,Male,Y,361,Innerleithen,"Scottish Borders",EH44,Borders
wreath,56.31612127303925,-3.188877676055654,1665046868,4558,1978,44,Other,Y,1105,Cupar,Fife,KY15,Fife
wreath,55.685527588808355,-3.9453900695004327,1665046884,4559,1955,67,Male,N,1217,Larkhall,"North Lanarkshire",ML9,Glasgow
wreath,57.11983802810971,-2.2603213900405126,1665047174,4546,1978,44,Male,Y,128,"Mannofield, Aberdeen",Aberdeen,"Aberdeen Southwest","North East (Aberdeen)"
wreath,55.8182314161596,-4.246115985771236,1665047227,4563,1976,46,Female,Y,651,"Cathcart, Glasgow",Glasgow,"Glasgow South",Glasgow
wreath,57.224443444417574,-2.272693483277399,1665047272,4562,1971,51,Female,N,115,"Grandholm, Aberdeen",Aberdeen,"Aberdeen North","North East (Aberdeen)"
wreath,56.45938220980511,-2.9678793804882275,1665047313,4555,1956,66,Female,N,252,"Linlathen and Midcraigie, Dundee",Dundee,"Dundee North","Tayside and Angus (Dundee)"
wreath,56.05027986715286,-3.3463207204224292,1665047455,4514,1995,27,Male,Y,1119,Burntisland,Fife,KY3,Fife
wreath,55.82292473900097,-3.375999798813597,1665048846,4571,1998,24,Other,Y,319,"Blackford, Edinburgh",Edinburgh,"Edinburgh South","Lothian (Edinburgh)"
wreath,55.23268632170039,-4.782966742014734,1665049286,4573,1984,38,Female,Y,824,Girvan,"South Ayrshire",KA26,Ayrshire
wreath,55.7813692846588,-3.9702867726486932,1665050255,4583,1961,61,Female,N,1151,Motherwell,"North Lanarkshire",ML1,Glasgow
wreath,57.13035492449829,-2.13462622912977,1665050275,4587,1993,29,Male,Y,126,"Bridge of Dee, Aberdeen",Aberdeen,"Aberdeen Southeast","North East (Aberdeen)"
wreath,57.207235777460326,-2.583886087724278,1665050950,4592,1958,64,Male,Y,65,Kemnay,Aberdeenshire,AB51,"North East (Aberdeen)"
wreath,58.21853841350807,-6.371869514592267,1665051034,4591,1968,54,Female,Y,686,"Stornoway, Isle of Lewis","Western Isles",HS1,"Western Isles"
wreath,55.849472018060425,-4.091212689585262,1665051426,4599,1980,42,Female,Y,619,"Tollcross, Glasgow",Glasgow,"Glasgow Northeast",Glasgow
wreath,55.81628567759602,-5.118414597730367,1665051476,4596,1956,66,Female,Y,1237,"Isle of Bute","Argyll and Bute",PA20,"Argyll and Bute"
wreath,55.9038554166752,-5.166806279988616,1665051515,4284,1975,47,Female,Y,1237,"Isle of Bute","Argyll and Bute",PA20,"Argyll and Bute"
wreath,55.91205815646699,-3.515887701552463,1665051554,4597,2002,20,Female,Y,375,Livingston,"West Lothian",EH54,"Lothian (Edinburgh)"
wreath,55.89054211139722,-4.362482737877699,1665051673,4601,1954,68,Male,Y,644,"Partick, Glasgow",Glasgow,"Glasgow Northwest",Glasgow
wreath,55.54227048376013,-4.658665770029497,1665051879,4602,1987,35,Female,Y,784,Troon,"South Ayrshire",KA10,Ayrshire
wreath,57.40046920541084,-4.194504783401612,1665051979,4584,1998,24,Male,Y,714,"Inverness (east: Culcabock, Crown, Culduthel, Drummond, Haugh, Hilton, Holm, Lochardil, Millburn, Raigmore)",Highland,IV2,"Highlands (Inverness)"
wreath,55.76121483192385,-4.164094644086609,1665052126,4611,1986,36,Male,N,530,"East Kilbride (north: The Village, East Mains, West Mains, Lymekilns, St Leonards, Calderwood, Nerston, Stewartfield, Peel Park)","South Lanarkshire",G74,Glasgow
wreath,55.60667058210692,-4.4341315428092685,1665052341,4440,1973,49,Female,N,779,"Kilmarnock (centre and south: Bonnyton, Grange, Bellfield, Shortlees, Caprington, Riccarton, Hurlford)","East Ayrshire",KA1,Ayrshire
wreath,55.875276769301934,-3.6997229675367884,1665052497,4613,1990,32,Male,Y,367,Armadale,"West Lothian",EH48,"Lothian (Edinburgh)"
wreath,55.82059217744477,-4.078747058146719,1665052511,4588,1988,34,Male,Y,598,Rutherglen,"South Lanarkshire","Glasgow Northeast",Glasgow
wreath,55.926910428394244,-3.2246214150250223,1665052549,4614,1994,28,Female,Y,310,"Balerno, Edinburgh",Edinburgh,"Edinburgh South","Lothian (Edinburgh)"
wreath,55.274184421722886,-4.429535870581006,1665052587,4617,1987,35,Male,N,852,Dalmellington,"East Ayrshire",KA6,Ayrshire
wreath,60.25027916883552,-1.5277007008192935,1665052741,4619,1992,30,Female,N,1505,Baltasound,"Shetland Isles",ZE2,"Shetland Islands"
wreath,55.66899309139722,-5.283664189638911,1665052918,4612,1955,67,Male,Y,827,"Isle of Arran","North Ayrshire",KA27,Ayrshire
wreath,56.80377009026053,-2.9614935253744066,1665052920,4624,1990,32,Female,Y,179,Forfar,Angus,DD8,"Tayside and Angus (Dundee)"
wreath,57.55760286905328,-3.1913665501862214,1665053004,4621,1981,41,Male,Y,739,Fochabers,Moray,IV32,"North East (Aberdeen)"
wreath,55.88392579954667,-4.20602567582377,1665053053,4631,1984,38,Female,Y,598,Rutherglen,"South Lanarkshire","Glasgow Northeast",Glasgow
wreath,55.8780062714203,-4.550045240875701,1665053077,4629,1995,27,Female,Y,1278,Houston,Renfrewshire,PA6,Glasgow
wreath,55.79029338440065,-4.311746107237289,1665053163,4630,1962,60,Female,Y,650,"Newlands, Glasgow",Glasgow,"Glasgow South",Glasgow
wreath,55.807914914384924,-3.997034664298287,1665053603,4632,1960,62,Female,Y,1186,Bellshill,"North Lanarkshire",ML4,Glasgow
wreath,57.560167386525656,-3.73714186435096,1665053665,4635,1976,46,Male,Y,702,Auldearn,Highland,IV12,"Highlands (Inverness)"
wreath,57.19086880922935,-4.381495315295278,1665053889,4639,1987,35,Female,Y,714,"Inverness (east: Culcabock, Crown, Culduthel, Drummond, Haugh, Hilton, Holm, Lochardil, Millburn, Raigmore)",Highland,IV2,"Highlands (Inverness)"
wreath,57.40064955836193,-2.1248617090193007,1665054093,4640,1988,34,Male,Y,49,Ellon,Aberdeenshire,AB41,"North East (Aberdeen)"
wreath,56.52760850436419,-3.3826795714636044,1665054172,4567,1954,68,Female,Y,1313,"Perth (north and west: Burghmuir, Cherrybank, Hillyland, Inveralmond, Lethom, Muirton, North Muirton, Tulloch)","Perth and Kinross",PH1,Fife
wreath,56.474141558852935,-2.895992989069815,1665054184,4641,1984,38,Female,Y,247,"Broughty Ferry, Dundee",Dundee,"Dundee East","Tayside and Angus (Dundee)"
wreath,57.24700560393296,-4.267679388760126,1665054414,4644,1983,39,Male,Y,713,Culloden,Highland,IV2,"Highlands (Inverness)"
wreath,55.430129940118704,-4.666574447851618,1665054487,4646,1961,61,Male,Y,856,"Ayr (Centre)","South Ayrshire",KA7,Ayrshire
wreath,55.846977291670996,-4.145123653061821,1665054756,4648,1968,54,Female,Y,598,Rutherglen,"South Lanarkshire","Glasgow Northeast",Glasgow
wreath,55.43227980933222,-4.401971131772824,1665054767,4650,1971,51,Other,Y,798,Cumnock,"East Ayrshire",KA18,Ayrshire
wreath,56.45245991202101,-2.9841317743630698,1665054886,4647,2004,18,Other,Y,260,"City centre, Dundee",Dundee,"Dundee West","Tayside and Angus (Dundee)"
wreath,56.23375961814547,-3.418440516442722,1665055361,4657,1967,55,Male,Y,1098,Kinross,"Perth and Kinross",KY13,Fife
wreath,55.901377895374395,-4.20591657353712,1665055740,4633,1978,44,Male,Y,605,"Ruchazie, Glasgow",Glasgow,"Glasgow Northeast",Glasgow
wreath,55.422744085192015,-4.330803274432717,1665055876,4661,1979,43,Female,Y,798,Cumnock,"East Ayrshire",KA18,Ayrshire
wreath,56.4538416823952,-3.652024906154822,1665056451,4666,1979,43,Male,Y,1313,"Perth (north and west: Burghmuir, Cherrybank, Hillyland, Inveralmond, Lethom, Muirton, North Muirton, Tulloch)","Perth and Kinross",PH1,Fife
wreath,55.789091766549646,-3.718698497109124,1665056593,4574,1974,48,Female,N,366,Whitburn,"West Lothian",EH47,"Lothian (Edinburgh)"
wreath,55.87652503126008,-4.2980211395748515,1665057256,4669,1992,30,Male,Y,592,"Dowanhill, Glasgow",Glasgow,"Glasgow Kelvin",Glasgow
wreath,55.94155874289618,-4.752861051671915,1665057460,4681,1944,78,Male,N,1230,"Greenock (central and east: Bogston, Bridgend, Cartsdyke, Gibshill, Greenock Central, Ladyburn, Upper Ingleston)",Inverclyde,PA15,Glasgow
wreath,55.37099820541529,-4.365394023167258,1665057660,4677,1979,43,Male,Y,851,Coylton,"South Ayrshire",KA6,Ayrshire
wreath,55.91210360341957,-4.035082141916774,1665057952,4682,1997,25,Female,N,514,"Cumbernauld (south: Condorrat, Lenziemill, Carbrain, Kildrum, Cumbernauld Village, Abronhill, Seafar)","North Lanarkshire",G67,Glasgow
wreath,55.98353808936115,-2.5091699779165477,1665058973,4686,1979,43,Female,Y,359,Dunbar,"East Lothian",EH42,"Lothian (Edinburgh)"
wreath,56.208813690099106,-2.9979793363531613,1665061671,4702,1975,47,Female,N,1140,Leven,Fife,KY8,Fife
wreath,58.31837049168226,-3.7949800198557115,1665061867,4703,1992,30,Male,Y,913,Halkirk,Highland,KW12,"Highlands (Inverness)"
wreath,57.69748629057634,-3.407012577129601,1665062099,4447,1966,56,Male,Y,737,Elgin,Moray,IV30,"North East (Aberdeen)"
wreath,56.29756972551772,-3.6136905382443483,1665062224,4704,1967,55,Female,N,1354,"Perth (south and east: Barnhill, Bridgend, Craigie, Kincarrathie, Upper Craigie)","Perth and Kinross",PH2,Fife
wreath,56.12772924608461,-3.6371768534025604,1665062251,4705,1989,33,Female,Y,1096,"Dunfermline (centre, north, west: Abbey Parks, Lady's Mill, Garvock, Headwell, Kingseathill, Wellwood, Milesmark, Baldridge, Pittencrieff, Baldridgeburn)",Fife,KY12,Fife
wreath,58.48438163928678,-3.985605235161639,1665062722,4706,1963,59,Female,Y,961,Thurso,Highland,KW14,"Highlands (Inverness)"
wreath,56.2243118968451,-3.206670459614625,1665063011,4708,1958,64,Female,N,1129,"Glenrothes (west: Caskieberran, Rimbleton, Macedonia, Tanshall)",Fife,KY6,Fife
wreath,56.121950239261,-3.745585814009748,1665065279,4354,1985,37,Male,N,389,Tullibody,Clackmannanshire,FK10,"Stirling and Falkirk"
wreath,56.04852019516717,-3.412063549042298,1665066442,4719,1986,36,Female,Y,1090,"Dunfermline (south and east: Halbeath, Touch, Duloch, Masterton, Pitcorthie, Abbeyview, Brucefield, Hospital Hill, Camdean, Pitreavie)",Fife,KY11,Fife
wreath,60.14791666105475,-1.1809179757588917,1665067122,4721,1985,37,Female,N,1500,Lerwick,"Shetland Isles",ZE1,"Shetland Islands"
wreath,55.94847955932672,-3.950909841774332,1665067189,4723,1969,53,Female,Y,514,"Cumbernauld (south: Condorrat, Lenziemill, Carbrain, Kildrum, Cumbernauld Village, Abronhill, Seafar)","North Lanarkshire",G67,Glasgow
wreath,55.71477472566451,-4.00527892276683,1665067533,4722,1945,77,Male,Y,1183,Hamilton,"South Lanarkshire",ML3,Glasgow
wreath,58.38781706040196,-3.7771433347831223,1665067829,4703,1992,30,Male,Y,913,Halkirk,Highland,KW12,"Highlands (Inverness)"
wreath,56.47719650296035,-2.8315521045985537,1665069251,4729,1997,25,Female,Y,247,"Broughty Ferry, Dundee",Dundee,"Dundee East","Tayside and Angus (Dundee)"
wreath,56.19784825451499,-3.06495961458907,1665069465,4730,1961,61,Female,Y,1141,Largo,Fife,KY8,Fife
wreath,56.1285550607123,-3.849154263743992,1665069900,4731,1998,24,Female,Y,389,Tullibody,Clackmannanshire,FK10,"Stirling and Falkirk"
wreath,55.953436096183836,-3.2535852520436883,1665071162,4739,1953,69,Male,Y,298,"Inverleith, Edinburgh",Edinburgh,"Edinburgh North","Lothian (Edinburgh)"
wreath,55.78716983634177,-4.083891438430443,1665071714,4740,2011,11,Female,School,529,Cambuslang,"South Lanarkshire",G72,Glasgow
wreath,57.124188452999405,-2.1208994756306057,1665071870,4743,1950,72,Male,N,126,"Bridge of Dee, Aberdeen",Aberdeen,"Aberdeen Southeast","North East (Aberdeen)"
wreath,55.87824431605381,-3.157168476917194,1665072225,4744,1981,41,Female,Y,329,Loanhead,Midlothian,EH20,"Lothian (Edinburgh)"
wreath,55.93557500109331,-3.9474171883719706,1665073174,4472,1974,48,Female,Y,514,"Cumbernauld (south: Condorrat, Lenziemill, Carbrain, Kildrum, Cumbernauld Village, Abronhill, Seafar)","North Lanarkshire",G67,Glasgow
wreath,56.46976341110584,-3.0123402684242766,1665073714,4753,1987,35,Female,Y,238,"Menzieshill, Dundee",Dundee,"Dundee Central","Tayside and Angus (Dundee)"
wreath,56.13267337348633,-3.5328023510479643,1665073853,4754,1976,46,Female,Y,1095,Culross,Fife,KY12,Fife
wreath,57.26577094185471,-2.118690198568657,1665074490,4757,1993,29,Female,Y,113,"Bridge of Don, Aberdeen",Aberdeen,"Aberdeen North","North East (Aberdeen)"
wreath,58.63255522071379,-3.282072758660909,1665074719,4755,1992,30,Male,Y,961,Thurso,Highland,KW14,"Highlands (Inverness)"
wreath,55.85926407540904,-3.6759208363996247,1665074845,1157,1976,46,Male,N,364,Fauldhouse,"West Lothian",EH47,"Lothian (Edinburgh)"
wreath,56.060567973316054,-4.177939191122865,1665075563,4761,1967,55,Female,N,499,Killearn,Stirlingshire,G63,"Stirling and Falkirk"
wreath,55.92025025878054,-4.0223664609226715,1665076823,4759,1996,26,Male,Y,514,"Cumbernauld (south: Condorrat, Lenziemill, Carbrain, Kildrum, Cumbernauld Village, Abronhill, Seafar)","North Lanarkshire",G67,Glasgow
wreath,55.69535242207997,-3.6727516940438587,1665078439,4503,1967,55,Male,Y,1167,Lanark,"South Lanarkshire",ML11,Glasgow
wreath,55.964157910806904,-3.938349258638485,1665079036,4472,1974,48,Female,Y,514,"Cumbernauld (south: Condorrat, Lenziemill, Carbrain, Kildrum, Cumbernauld Village, Abronhill, Seafar)","North Lanarkshire",G67,Glasgow
wreath,55.89863765951368,-4.210338411655576,1665080226,4781,1977,45,Female,Y,612,"Easterhouse, Glasgow",Glasgow,"Glasgow Northeast",Glasgow
wreath,56.405474762713894,-3.531656584953801,1665080376,4785,1993,29,Male,Y,1313,"Perth (north and west: Burghmuir, Cherrybank, Hillyland, Inveralmond, Lethom, Muirton, North Muirton, Tulloch)","Perth and Kinross",PH1,Fife
wreath,57.61976968217905,-2.066361233994719,1665080394,4782,1995,27,Female,Y,57,Fraserburgh,Aberdeenshire,AB43,"North East (Aberdeen)"
wreath,56.47776584067338,-2.984955627787605,1665080934,4790,1975,47,Female,Y,232,"Craigiebank, Dundee",Dundee,"Dundee Bluebelt","Tayside and Angus (Dundee)"
wreath,57.30983130890228,-5.64131842870707,1665081389,4794,1996,26,Female,Y,765,Plockton,Highland,IV52,"Highlands (Inverness)"
wreath,55.5520570739503,-2.6031750803993594,1665081459,4797,1981,41,Female,Y,1470,"St Boswells","Scottish Borders",TD6,Borders
wreath,55.86257392753766,-4.356730912027934,1665081714,4795,1964,58,Female,Y,669,"Kennishead, Glasgow",Glasgow,"Glasgow Southwest",Glasgow
wreath,55.96276414384722,-3.2178594642279217,1665081849,4798,1987,35,Female,Y,287,"Corstorphine, Edinburgh",Edinburgh,"Edinburgh North","Lothian (Edinburgh)"
wreath,55.44241693607943,-5.579877648770593,1665082087,4495,1997,25,Female,Y,1246,Campbeltown,"Argyll and Bute",PA28,"Argyll and Bute"
wreath,55.95454910456426,-3.89325911497263,1665082276,4787,1984,38,Female,N,514,"Cumbernauld (south: Condorrat, Lenziemill, Carbrain, Kildrum, Cumbernauld Village, Abronhill, Seafar)","North Lanarkshire",G67,Glasgow
wreath,55.19117827609328,-3.5071812231590282,1665082416,4803,1992,30,Male,Y,196,Lockerbie,"Dumfries and Galloway",DG11,"Dumfries and Galloway"
wreath,54.977691646097526,-3.399169487576739,1665082608,4805,1976,46,Female,Y,197,Annan,"Dumfries and Galloway",DG12,"Dumfries and Galloway"
wreath,57.60564994590857,-4.526626628567426,1665082665,4809,1981,41,Female,Y,704,Strathpeffer,Highland,IV14,"Highlands (Inverness)"
wreath,55.840429557733906,-4.044178242058651,1665082877,4819,1960,62,Female,Y,1189,Coatbridge,"North Lanarkshire",ML5,Glasgow
wreath,57.53577569329687,-2.416866947374335,1665082966,4811,1988,34,Male,Y,78,Turriff,Aberdeenshire,AB53,"North East (Aberdeen)"
wreath,55.97131130904986,-4.164319985752599,1665083114,4824,1969,53,Female,Y,507,Kirkintilloch,"East Dunbartonshire",G66,Glasgow
wreath,55.890283168530864,-4.2174154832946185,1665083234,4823,1950,72,Female,Y,628,"Balornock, Glasgow",Glasgow,"Glasgow Northeast",Glasgow
wreath,55.81739002770126,-4.513026617506722,1665083421,4834,1979,43,Female,N,1276,Johnstone,Renfrewshire,PA5,Glasgow
wreath,57.55716947221064,-3.640219201964831,1665084158,4862,1985,37,Male,Y,740,Forres,Moray,IV36,"North East (Aberdeen)"
wreath,57.4054577984973,-2.536185734047538,1665084286,4859,1990,32,Male,Y,64,Inverurie,Aberdeenshire,AB51,"North East (Aberdeen)"
wreath,55.823191007071394,-4.293373090262826,1665084431,4861,1999,23,Female,Y,659,"Deaconsbank, Glasgow",Glasgow,"Glasgow South",Glasgow
wreath,55.77663754673267,-4.154869729098843,1665084462,1888,1969,53,Female,Y,530,"East Kilbride (north: The Village, East Mains, West Mains, Lymekilns, St Leonards, Calderwood, Nerston, Stewartfield, Peel Park)","South Lanarkshire",G74,Glasgow
wreath,55.92718070530854,-3.1885095129093255,1665084668,4875,1961,61,Female,Y,308,"Liberton, Edinburgh",Edinburgh,"Edinburgh South","Lothian (Edinburgh)"
wreath,55.539040909615316,-4.3148344769869915,1665084881,4872,2004,18,Male,N,846,Mauchline,"East Ayrshire",KA5,Ayrshire
wreath,55.843013307056275,-4.333431347650435,1665084951,4880,1982,40,Male,Y,670,"Ibrox, Glasgow",Glasgow,"Glasgow Southwest",Glasgow
wreath,56.13989218918723,-3.8395587290560265,1665085014,4870,1972,50,Female,Y,392,Menstrie,Clackmannanshire,FK11,"Stirling and Falkirk"
wreath,55.8970213605079,-3.2844104812772246,1665085193,4873,1998,24,Other,Y,310,"Balerno, Edinburgh",Edinburgh,"Edinburgh South","Lothian (Edinburgh)"
wreath,55.55106425468501,-3.2863718219329203,1665085408,4866,1985,37,Female,Y,362,Peebles,"Scottish Borders",EH45,Borders
wreath,56.45398937005951,-3.2015487299970213,1665085491,4887,1990,32,Female,Y,1326,Inchture,"Perth and Kinross",PH14,Fife
wreath,58.53957931814927,-3.2927848617766236,1665085555,4893,1964,58,Male,Y,897,Watten,Highland,KW1,"Highlands (Inverness)"
wreath,55.65967304164003,-4.132486096540053,1665085597,4885,1958,64,Female,Y,1160,Strathaven,"North Lanarkshire",ML10,Glasgow
wreath,55.65406182397947,-4.0612432574362805,1665085700,4885,1958,64,Female,Y,1160,Strathaven,"North Lanarkshire",ML10,Glasgow
wreath,55.83214603898245,-4.322081085391865,1665086215,4909,1993,29,Female,Y,678,"Cardonald, Glasgow",Glasgow,"Glasgow Southwest",Glasgow
wreath,57.665740002144936,-3.385702478388437,1665086304,4907,1967,55,Female,N,737,Elgin,Moray,IV30,"North East (Aberdeen)"
wreath,55.82582949053458,-4.270560112578575,1665086381,4886,2008,14,Other,School,648,"Shawlands, Glasgow",Glasgow,"Glasgow South",Glasgow
wreath,55.77245090237661,-4.185922405200627,1665087035,4912,1970,52,Male,N,530,"East Kilbride (north: The Village, East Mains, West Mains, Lymekilns, St Leonards, Calderwood, Nerston, Stewartfield, Peel Park)","South Lanarkshire",G74,Glasgow
wreath,55.97543309877358,-3.2108234766653934,1665087488,4920,1969,53,Male,Y,290,"North Leith, Edinburgh",Edinburgh,"Edinburgh North","Lothian (Edinburgh)"
wreath,56.11142753485541,-3.5157764612011206,1665087735,4927,1961,61,Male,Y,1096,"Dunfermline (centre, north, west: Abbey Parks, Lady's Mill, Garvock, Headwell, Kingseathill, Wellwood, Milesmark, Baldridge, Pittencrieff, Baldridgeburn)",Fife,KY12,Fife
wreath,55.6308378543258,-4.702719260496816,1665087785,4931,1967,55,Male,Y,787,"Irvine (centre: Castlepark, Tarryholme)","North Ayrshire",KA12,Ayrshire
wreath,55.94403278211568,-4.311570871389026,1665087791,4928,1985,37,Female,Y,489,Milngavie,"East Dunbartonshire",G62,Glasgow
wreath,55.84540883312609,-3.3940680932445972,1665087910,4923,1977,45,Male,Y,317,"Marchmont, Edinburgh",Edinburgh,"Edinburgh South","Lothian (Edinburgh)"
wreath,55.90037350438883,-3.843072916021124,1665087918,4936,1969,53,Female,Y,1192,Airdrie,"North Lanarkshire",ML6,Glasgow
wreath,55.8079435301886,-4.294367805448544,1665088110,4876,1984,38,Female,Y,659,"Deaconsbank, Glasgow",Glasgow,"Glasgow South",Glasgow
wreath,56.97161147013315,-2.4376111929588995,1665088121,4942,2002,20,Other,Y,47,Newtonhill,Aberdeenshire,AB39,"North East (Aberdeen)"
wreath,58.20497071066087,-6.365932781391476,1665088247,4940,1991,31,Female,Y,686,"Stornoway, Isle of Lewis","Western Isles",HS1,"Western Isles"
wreath,55.83159830254321,-3.883733714101196,1665088284,4934,1982,40,Female,Y,1151,Motherwell,"North Lanarkshire",ML1,Glasgow
wreath,55.90890592110641,-4.383813101741828,1665088288,4945,2003,19,Female,Y,641,"Knightswood, Glasgow",Glasgow,"Glasgow Northwest",Glasgow
wreath,56.11656056950263,-4.973568449346928,1665088327,4943,1999,23,Female,Y,1241,Dunoon,"Argyll and Bute",PA23,"Argyll and Bute"
wreath,57.2394895496021,-4.088126102500162,1665088437,4949,1996,26,Other,Y,703,Tomatin,Highland,IV13,"Highlands (Inverness)"
wreath,56.37212657437546,-3.322687975357612,1665088469,4947,2005,17,Female,School,1354,"Perth (south and east: Barnhill, Bridgend, Craigie, Kincarrathie, Upper Craigie)","Perth and Kinross",PH2,Fife
wreath,55.842874061697856,-4.294752334399304,1665088477,4939,1961,61,Female,N,655,"Simshill, Glasgow",Glasgow,"Glasgow South",Glasgow
wreath,55.78719916051684,-4.078719970705373,1665088578,4950,1985,37,Female,Y,528,Blantyre,"South Lanarkshire",G72,Glasgow
wreath,55.48119233568124,-4.61684020591853,1665088822,4874,1997,25,Male,N,868,"Newton on Ayr","South Ayrshire",KA8,Ayrshire
wreath,55.91337397092204,-4.349845310831994,1665088834,4955,1971,51,Male,Y,643,"Anniesland, Glasgow",Glasgow,"Glasgow Northwest",Glasgow
wreath,55.84621671087014,-3.417131426385952,1665088908,4960,1967,55,Female,N,314,"Morningside, Edinburgh",Edinburgh,"Edinburgh South","Lothian (Edinburgh)"
wreath,55.476701152596846,-2.3311938139628188,1665089052,4964,1981,41,Female,N,1451,Kelso,"Scottish Borders",TD5,Borders
wreath,55.91672948439004,-4.468044401626061,1665089173,1639,1982,40,Female,Y,1306,Erskine,Renfrewshire,PA8,Glasgow
wreath,55.92576522674983,-4.2008766979637455,1665089578,4969,1976,46,Female,Y,502,Bishopbriggs,"East Dunbartonshire",G64,Glasgow
wreath,56.00827794515101,-3.6128118616665854,1665089579,4966,1967,55,Male,Y,370,Bo'ness,Falkirk,EH51,"Lothian (Edinburgh)"
wreath,56.12626236671412,-3.31846034532261,1665089849,4972,1973,49,Female,Y,1125,Ballingry,Fife,KY5,Fife
wreath,55.86369682376992,-4.27670056045313,1665089966,4976,1988,34,Female,Y,588,"Broomhill, Glasgow",Glasgow,"Glasgow Kelvin",Glasgow
wreath,58.4762208886965,-6.313171573447367,1665090124,4982,1990,32,Female,Y,688,"Isle of Lewis","Western Isles (outside of Stornoway)",HS2,"Western Isles"
wreath,55.80575434797612,-4.3310233729838625,1665090169,4980,1984,38,Male,Y,678,"Cardonald, Glasgow",Glasgow,"Glasgow Southwest",Glasgow
wreath,56.247588940006445,-2.742894861237631,1665090186,4984,1977,45,Male,N,1086,Anstruther,Fife,KY10,Fife
wreath,56.49571839862244,-2.7434747944936624,1665090404,4978,1964,58,Female,Y,178,Carnoustie,Angus,DD7,"Tayside and Angus (Dundee)"
wreath,56.32828591566502,-4.332799461549111,1665090564,4985,1987,35,Male,Y,414,Strathyre,Stirlingshire,FK18,"Stirling and Falkirk"
wreath,56.21806352251703,-3.8557888676459653,1665090630,4981,1995,27,Male,Y,405,Dunblane,Stirlingshire,FK15,"Stirling and Falkirk"
wreath,55.852111346402666,-4.39929406485166,1665090631,4974,1993,29,Male,Y,1220,"Paisley (central, east and north east: Ferguslie, Oldhall, Seedhill, Williamsburgh, Whitehaugh)",Renfrewshire,PA1,Glasgow
wreath,56.58586404566721,-3.0025634509041197,1665090635,4993,1996,26,Female,Y,179,Forfar,Angus,DD8,"Tayside and Angus (Dundee)"
wreath,55.9560533157568,-3.2158995590331667,1665090671,4986,1988,34,Female,Y,287,"Corstorphine, Edinburgh",Edinburgh,"Edinburgh North","Lothian (Edinburgh)"
wreath,55.904183414531055,-3.866726971680512,1665090766,4990,1973,49,Female,Y,1192,Airdrie,"North Lanarkshire",ML6,Glasgow
wreath,55.98443773631068,-3.5770510582108037,1665090937,4991,1991,31,Female,Y,369,Linlithgow,"West Lothian",EH49,"Lothian (Edinburgh)"
wreath,55.864213910305196,-4.304142166124239,1665091104,4800,1985,37,Female,Y,590,"Hyndland, Glasgow",Glasgow,"Glasgow Kelvin",Glasgow
wreath,55.36910434383971,-5.646419733978387,1665091218,3577,1989,33,Male,Y,1246,Campbeltown,"Argyll and Bute",PA28,"Argyll and Bute"
wreath,56.25372150796957,-3.245221198161941,1665091219,4995,1985,37,Female,Y,1105,Cupar,Fife,KY15,Fife
wreath,55.81143815427275,-4.342400364928804,1665091277,4994,1960,62,Female,N,670,"Ibrox, Glasgow",Glasgow,"Glasgow Southwest",Glasgow
wreath,57.176722129870406,-3.0262607383491797,1665091302,4341,1986,36,Other,Y,40,Strathdon,Aberdeenshire,AB36,"North East (Aberdeen)"
wreath,57.22051909648538,-3.1520280256567004,1665091481,4341,1986,36,Other,Y,40,Strathdon,Aberdeenshire,AB36,"North East (Aberdeen)"
wreath,56.541219989353706,-3.2791387380200723,1665091620,4999,1996,26,Other,Y,1324,"Coupar Angus","Perth and Kinross",PH13,Fife
wreath,55.9110796142611,-3.289794847687474,1665091752,5006,1983,39,Male,N,267,"Sighthill, Edinburgh",Edinburgh,"Edinburgh Central","Lothian (Edinburgh)"
wreath,56.45608017810996,-3.193292955791055,1665091933,5008,1989,33,Female,Y,1326,Inchture,"Perth and Kinross",PH14,Fife
wreath,57.01530269717499,-2.8063743252996614,1665092103,5010,1997,25,Female,Y,22,Banchory,Aberdeenshire,AB31,"North East (Aberdeen)"
wreath,55.42503184844765,-2.428438248890543,1665092340,5013,2000,22,Female,Y,1486,Jedburgh,"Scottish Borders",TD8,Borders
wreath,55.00574316803515,-3.518934515539326,1665092754,5022,1973,49,Female,Y,186,"Dumfries (centre and east: Dalscone, Georgetown, Heathhall, Kingholm Quay, Noblehill, The Crichton)","Dumfries and Galloway",DG1,"Dumfries and Galloway"
wreath,55.951364918529904,-4.8520201333756035,1665092879,5021,1964,58,Male,Y,1235,Gourock,Inverclyde,PA19,Glasgow
wreath,55.93944024899484,-4.422723774248187,1665093160,5016,1970,52,Female,N,543,Duntocher,"West Dunbartonshire",G81,Glasgow
wreath,55.92251229866806,-4.570455705110816,1665093443,5027,1991,31,Female,Y,1229,"Port Glasgow",Inverclyde,PA14,Glasgow
wreath,56.20508154849864,-3.1215863632105525,1665093711,5032,1956,66,Female,Y,1133,"Glenrothes (centre and east: Pitteuchar, Finglassie, Stenton, Auchmuty, Pitcoudie, Balfarg, Pircairn, Collydean)",Fife,KY7,Fife
wreath,55.76845483635774,-4.177088084612003,1665093850,5038,1968,54,Male,Y,530,"East Kilbride (north: The Village, East Mains, West Mains, Lymekilns, St Leonards, Calderwood, Nerston, Stewartfield, Peel Park)","South Lanarkshire",G74,Glasgow
wreath,55.404558219591316,-4.699300078860186,1665093905,4478,1962,60,Female,Y,856,"Ayr (Centre)","South Ayrshire",KA7,Ayrshire
wreath,55.84610083491484,-4.381781831260076,1665093915,4802,1992,30,Female,Y,1220,"Paisley (central, east and north east: Ferguslie, Oldhall, Seedhill, Williamsburgh, Whitehaugh)",Renfrewshire,PA1,Glasgow
wreath,57.43616329534241,-2.1459724071035757,1665094249,5039,1980,42,Male,Y,49,Ellon,Aberdeenshire,AB41,"North East (Aberdeen)"
wreath,55.31197023384368,-4.669109696189478,1665094273,5037,1984,38,Female,Y,806,Maybole,"South Ayrshire",KA19,Ayrshire
wreath,56.0829135860367,-3.218575261103469,1665094465,5023,1996,26,Female,Y,1117,"Kirkcaldy (west: Hayfield, Templehall, Newliston, Chapel, Dunnikier, Bennochy)",Fife,KY2,Fife
wreath,56.15816827387917,-3.223530611971644,1665094857,5047,1995,27,Female,Y,1117,"Kirkcaldy (west: Hayfield, Templehall, Newliston, Chapel, Dunnikier, Bennochy)",Fife,KY2,Fife
wreath,56.87488362692379,-2.3216501744926124,1665095383,5049,1986,36,Female,Y,18,Laurencekirk,Aberdeenshire,AB30,"North East (Aberdeen)"
wreath,55.84635454546706,-4.407322701701439,1665095455,4916,1953,69,Female,Y,1220,"Paisley (central, east and north east: Ferguslie, Oldhall, Seedhill, Williamsburgh, Whitehaugh)",Renfrewshire,PA1,Glasgow
wreath,56.47788685849898,-2.9195027501643813,1665095834,5055,1988,34,Female,Y,250,"Downfield, Dundee",Dundee,"Dundee North","Tayside and Angus (Dundee)"
wreath,55.93141546001978,-3.121658204874623,1665096072,5050,1994,28,Female,Y,322,"Gilmerton, Edinburgh",Edinburgh,"Edinburgh Southeast","Lothian (Edinburgh)"
wreath,55.88346082864997,-4.336738948562253,1665096884,5044,1990,32,Other,Y,597,"Yorkhill, Glasgow",Glasgow,"Glasgow Kelvin",Glasgow
wreath,57.98830431531716,-6.524127687717475,1665097238,5069,1993,29,Female,Y,688,"Isle of Lewis","Western Isles (outside of Stornoway)",HS2,"Western Isles"
wreath,55.97263147441539,-3.2002146177433977,1665097417,5071,1989,33,Male,Y,297,"Blackhall, Edinburgh",Edinburgh,"Edinburgh North","Lothian (Edinburgh)"
wreath,55.88342343412588,-4.314179728754194,1665097499,5063,1999,23,Male,N,588,"Broomhill, Glasgow",Glasgow,"Glasgow Kelvin",Glasgow
wreath,55.69602582712036,-4.85039802900493,1665097835,5074,1977,45,Male,Y,814,"West Kilbride","North Ayrshire",KA23,Ayrshire
wreath,55.85497530459091,-4.242023532640526,1665098587,5084,1968,54,Female,Y,580,"Anderston, Glasgow",Glasgow,"Glasgow City Centre",Glasgow
wreath,56.469769424989124,-2.736219520942994,1665100961,5087,1968,54,Female,N,178,Carnoustie,Angus,DD7,"Tayside and Angus (Dundee)"
wreath,57.00772849012755,-5.026737031451979,1665102451,5089,1991,31,Male,Y,1381,Invergarry,Highland,PH35,"Highlands (Inverness)"
wreath,56.22746355091739,-3.2271349216006477,1665104049,4838,1961,61,Male,Y,1129,"Glenrothes (west: Caskieberran, Rimbleton, Macedonia, Tanshall)",Fife,KY6,Fife
wreath,55.96632692710203,-3.1585019186610284,1665104730,5090,1993,29,Female,Y,285,"Leith, Edinburgh",Edinburgh,"Edinburgh Leith","Lothian (Edinburgh)"
wreath,55.0128517441361,-3.424027701808154,1665109151,5092,1976,46,Female,N,186,"Dumfries (centre and east: Dalscone, Georgetown, Heathhall, Kingholm Quay, Noblehill, The Crichton)","Dumfries and Galloway",DG1,"Dumfries and Galloway"
wreath,58.216962673326535,-6.363841073830579,1665116755,5096,1989,33,Male,Y,686,"Stornoway, Isle of Lewis","Western Isles",HS1,"Western Isles"
wreath,55.772099371052725,-4.332493469505003,1665121623,5104,1985,37,Female,Y,539,"Newton Mearns","East Renfrewshire",G77,Glasgow
wreath,57.1192377746193,-2.100867098090956,1665122218,5105,1976,46,Female,Y,5,"Cove Bay",Aberdeenshire,AB12,"North East (Aberdeen)"
wreath,59.08213911181899,-2.599982157873881,1665124777,5111,1962,60,Female,Y,1025,"Orkney Islands",Orkney,KW17,"Orkney Islands"
wreath,57.162249980312446,-2.156594858783152,1665125430,5114,1986,36,Other,Y,97,"Mastrick, Aberdeen",Aberdeen,"Aberdeen Central","North East (Aberdeen)"
wreath,56.47596678825618,-2.967158219228033,1665125700,5115,1961,61,Female,Y,240,"Ardler, Dundee",Dundee,"Dundee Central","Tayside and Angus (Dundee)"
wreath,54.68473347378865,-4.9143107604951775,1665126309,5120,1967,55,Female,Y,231,Stranraer,"Dumfries and Galloway",DG9,"Dumfries and Galloway"
wreath,56.90191776916603,-5.004433131645175,1665126769,5121,2002,20,Female,Y,1379,"Spean Bridge",Highland,PH34,"Highlands (Inverness)"
wreath,55.72161970874729,-4.423311516924809,1665128194,5123,1987,35,Female,Y,837,"Kilmarnock (north: Onthank, Townholm, Altonhill, Longpark, Beansburn, New Farm Loch, Knockinlaw, Hillhead, Crookedholm)","East Ayrshire",KA3,Ayrshire
wreath,56.36532885232765,-3.501012478546909,1665128624,5124,1966,56,Female,N,1338,"Bridge of Earn","Perth and Kinross",PH2,Fife
wreath,55.22522448698729,-4.71331969331808,1665129840,5140,2006,16,Male,N,824,Girvan,"South Ayrshire",KA26,Ayrshire
wreath,55.464345545694584,-4.262863688631039,1665129901,5141,2004,18,Male,N,802,"New Cumnock","East Ayrshire",KA18,Ayrshire
wreath,55.47444245904212,-4.622897283723756,1665130197,5131,1961,61,Male,Y,868,"Newton on Ayr","South Ayrshire",KA8,Ayrshire
wreath,58.21889516860255,-6.387189045928326,1665130405,5144,1991,31,Female,Y,686,"Stornoway, Isle of Lewis","Western Isles",HS1,"Western Isles"
wreath,57.28335473573606,-4.444998052472269,1665131147,5145,1992,30,Female,Y,713,Culloden,Highland,IV2,"Highlands (Inverness)"
wreath,55.72294955131201,-3.25586574610676,1665131502,5146,1999,23,Female,N,362,Peebles,"Scottish Borders",EH45,Borders
wreath,55.85847468616601,-4.32518135877352,1665132085,5149,1985,37,Female,N,662,"Battlefield, Glasgow",Glasgow,"Glasgow Southwest",Glasgow
wreath,55.80307716070268,-4.457390521490317,1665132186,5148,1958,64,Male,Y,1236,"Paisley (south: Blackhall, Castlehead, Dykebar, Foxbar, Hunterhill, Meikleriggs)",Renfrewshire,PA2,Glasgow
wreath,55.782205322273335,-4.147584215130349,1665132764,5152,1989,33,Male,Y,530,"East Kilbride (north: The Village, East Mains, West Mains, Lymekilns, St Leonards, Calderwood, Nerston, Stewartfield, Peel Park)","South Lanarkshire",G74,Glasgow
wreath,55.737733195621466,-4.0570676590894665,1665132955,5125,1954,68,Female,Y,1183,Hamilton,"South Lanarkshire",ML3,Glasgow
wreath,56.05327690894508,-3.497392010453628,1665133283,5154,1974,48,Male,Y,1089,"Dalgety Bay",Fife,KY11,Fife
wreath,55.40645317543876,-4.735998876508881,1665133681,5157,1963,59,Female,Y,856,"Ayr (Centre)","South Ayrshire",KA7,Ayrshire
wreath,55.716658648088234,-4.543933535041702,1665134291,5159,1995,27,Male,Y,837,"Kilmarnock (north: Onthank, Townholm, Altonhill, Longpark, Beansburn, New Farm Loch, Knockinlaw, Hillhead, Crookedholm)","East Ayrshire",KA3,Ayrshire
wreath,56.03470835149561,-3.3598289178044762,1665134486,5160,1995,27,Male,Y,1090,"Dunfermline (south and east: Halbeath, Touch, Duloch, Masterton, Pitcorthie, Abbeyview, Brucefield, Hospital Hill, Camdean, Pitreavie)",Fife,KY11,Fife
wreath,55.9365837266555,-3.291828531471552,1665136038,5167,1955,67,Male,Y,288,"Murrayfield, Edinburgh",Edinburgh,"Edinburgh North","Lothian (Edinburgh)"
wreath,57.34620908368642,-2.339424686226761,1665136228,5166,1986,36,Male,Y,64,Inverurie,Aberdeenshire,AB51,"North East (Aberdeen)"
wreath,57.68101295716293,-3.4234040505989545,1665136664,5168,1966,56,Female,N,737,Elgin,Moray,IV30,"North East (Aberdeen)"
wreath,55.90791005816144,-4.591355485657168,1665136767,5171,1975,47,Male,Y,1229,"Port Glasgow",Inverclyde,PA14,Glasgow
wreath,55.927458376855654,-4.434762060113225,1665137147,5177,1969,53,Male,Y,546,Clydebank,"West Dunbartonshire",G81,Glasgow
wreath,55.7704929091454,-3.510446056218245,1665137227,5175,1963,59,Female,N,1167,Lanark,"South Lanarkshire",ML11,Glasgow
wreath,57.16015034879277,-2.1708400652301063,1665137301,5188,2006,16,Male,School,100,"Cornhill, Aberdeen",Aberdeen,"Aberdeen Central","North East (Aberdeen)"
wreath,56.963480267705634,-2.474038664491066,1665137407,5181,1997,25,Female,Y,18,Laurencekirk,Aberdeenshire,AB30,"North East (Aberdeen)"
wreath,55.93410927758503,-3.2422580061313804,1665137408,5178,1995,27,Female,Y,277,"Canongate, Edinburgh",Edinburgh,"Edinburgh Central","Lothian (Edinburgh)"
wreath,57.78565453970797,-3.9115621726272742,1665137477,5180,1964,58,Female,Y,717,"Hill of Fearn",Highland,IV20,"Highlands (Inverness)"
wreath,56.0217871697033,-3.725846412750114,1665137534,5185,1999,23,Female,Y,439,Grangemouth,Falkirk,FK3,"Stirling and Falkirk"
wreath,57.278010379137584,-2.232694011906364,1665137832,5192,2006,16,Female,School,112,"Dyce, Aberdeen",Aberdeen,"Aberdeen North","North East (Aberdeen)"
wreath,57.17615435512414,-2.078905203191214,1665138043,5193,2006,16,Male,School,106,"Kittybrewster, Aberdeen",Aberdeen,"Aberdeen Central","North East (Aberdeen)"
wreath,55.83597182327654,-4.360815386990435,1665138251,5184,1958,64,Female,N,664,"Toryglen, Glasgow",Glasgow,"Glasgow Southwest",Glasgow
wreath,55.882595571065906,-4.2891323734918405,1665138257,5203,1996,26,Female,Y,632,"Springburn, Glasgow",Glasgow,"Glasgow Northeast",Glasgow
wreath,55.837095368414495,-4.493751699543211,1665138312,5209,1987,35,Male,Y,1275,Elderslie,Renfrewshire,PA5,Glasgow
wreath,56.14791570158131,-3.331763642796832,1665138370,5205,1964,58,Female,N,1128,Lochgelly,Fife,KY5,Fife
wreath,55.82990958178078,-4.499033693121785,1665138504,5169,1977,45,Female,Y,1275,Elderslie,Renfrewshire,PA5,Glasgow
wreath,56.47289703376482,-3.0194137961794687,1665138527,5206,1992,30,Male,N,239,"Charleston, Dundee",Dundee,"Dundee Central","Tayside and Angus (Dundee)"
wreath,55.829261590286734,-4.520878065167824,1665138675,5169,1977,45,Female,Y,1275,Elderslie,Renfrewshire,PA5,Glasgow
wreath,55.90018418422458,-4.3064866774127015,1665139310,5211,1951,71,Female,Y,627,"Dennistoun, Glasgow",Glasgow,"Glasgow Northeast",Glasgow
wreath,56.94240842823731,-2.4293068347596765,1665140246,5215,1973,49,Male,N,18,Laurencekirk,Aberdeenshire,AB30,"North East (Aberdeen)"
wreath,57.50808299039879,-3.4573753745548883,1665140265,170,2000,22,Male,Y,740,Forres,Moray,IV36,"North East (Aberdeen)"
wreath,56.2841225794129,-3.937600998386789,1665141204,5219,1989,33,Female,Y,405,Dunblane,Stirlingshire,FK15,"Stirling and Falkirk"
wreath,56.94462801512419,-2.390097528488875,1665141708,5220,1986,36,Male,Y,48,Stonehaven,Aberdeenshire,AB39,"North East (Aberdeen)"
wreath,55.90455416241747,-4.368992627937235,1665141759,5221,1970,52,Female,N,642,"Yoker, Glasgow",Glasgow,"Glasgow Northwest",Glasgow
wreath,55.638506818140556,-4.697853560882411,1665141865,4426,1990,32,Female,N,787,"Irvine (centre: Castlepark, Tarryholme)","North Ayrshire",KA12,Ayrshire
wreath,57.19093921031024,-2.1619260187440426,1665142011,5223,1970,52,Female,N,123,Kinellar,Aberdeenshire,"Aberdeen North","North East (Aberdeen)"
wreath,55.71573868045975,-3.9678940691874742,1665142526,5225,1971,51,Male,Y,1183,Hamilton,"South Lanarkshire",ML3,Glasgow
wreath,57.6597671833682,-2.5870438411888568,1665143420,5237,1998,24,Other,School,59,Banff,Aberdeenshire,AB45,"North East (Aberdeen)"
wreath,56.063722297050404,-4.713700797498918,1665144464,5239,2000,22,Male,Y,566,Helensburgh,"Argyll and Bute",G84,"Argyll and Bute"
wreath,55.780892521261656,-4.724027532813538,1665144938,5242,1954,68,Female,Y,817,Kilbirnie,"North Ayrshire",KA25,Ayrshire
wreath,55.79592846458817,-4.309721080902608,1665145080,5241,1955,67,Female,Y,650,"Newlands, Glasgow",Glasgow,"Glasgow South",Glasgow
wreath,56.4612508376455,-3.09270203555896,1665145084,5245,1999,23,Other,Y,147,Lundie,Angus,DD2,"Tayside and Angus (Dundee)"
wreath,55.969860281149366,-3.176798742078554,1665145749,5248,1992,30,Female,Y,285,"Leith, Edinburgh",Edinburgh,"Edinburgh Leith","Lothian (Edinburgh)"
wreath,55.935132520406256,-3.2399301141076537,1665146986,5253,1966,56,Female,Y,264,"Slateford, Edinburgh",Edinburgh,"Edinburgh Central","Lothian (Edinburgh)"
wreath,55.93235236295073,-3.266799659919524,1665147159,5255,1995,27,Female,N,264,"Slateford, Edinburgh",Edinburgh,"Edinburgh Central","Lothian (Edinburgh)"
wreath,55.92819096723498,-4.683852459784273,1665148529,5262,1994,28,Female,Y,1229,"Port Glasgow",Inverclyde,PA14,Glasgow
wreath,55.41879432780181,-4.626469366925515,1665148605,5263,1968,54,Female,Y,856,"Ayr (Centre)","South Ayrshire",KA7,Ayrshire
wreath,55.843396157696105,-4.340043008267835,1665149827,4909,1993,29,Female,Y,678,"Cardonald, Glasgow",Glasgow,"Glasgow Southwest",Glasgow
wreath,55.9031987640858,-3.3537181073618094,1665149997,5264,1964,58,Female,N,310,"Balerno, Edinburgh",Edinburgh,"Edinburgh South","Lothian (Edinburgh)"
wreath,55.849912361639994,-3.3572144182412567,1665150599,5266,1983,39,Female,Y,317,"Marchmont, Edinburgh",Edinburgh,"Edinburgh South","Lothian (Edinburgh)"
wreath,55.869572325658424,-4.887919239681068,1665153052,4901,2007,15,Male,School,1233,Skelmorlie,"North Ayrshire",PA17,Ayrshire
wreath,56.151509813655736,-4.974165111975202,1665153134,5270,1989,33,Female,Y,1242,Lochgoilhead,"Argyll and Bute",PA24,"Argyll and Bute"
wreath,55.88294214810925,-4.2544469219469265,1665153709,5273,1987,35,Male,Y,610,"Provanmill, Glasgow",Glasgow,"Glasgow Northeast",Glasgow
wreath,55.88821327567219,-4.2833182089381685,1665155144,5276,1950,72,Female,N,634,"Maryhill, Glasgow",Glasgow,"Glasgow Northeast",Glasgow
wreath,55.89030867470071,-3.58921721759371,1665156357,5287,2000,22,Female,Y,365,Stoneyburn,"West Lothian",EH47,"Lothian (Edinburgh)"
wreath,57.24153451838248,-4.860314573589991,1665156658,5281,1987,35,Female,Y,741,Beauly,Highland,IV4,"Highlands (Inverness)"
wreath,55.95446194413895,-4.4084587643873165,1665156857,5290,1966,56,Female,Y,546,Clydebank,"West Dunbartonshire",G81,Glasgow
wreath,55.8138811688404,-4.089404994666225,1665156921,5292,1991,31,Male,Y,523,Bothwell,"South Lanarkshire",G71,Glasgow
wreath,57.169189396010644,-2.092450292355069,1665157018,5294,1958,64,Female,Y,105,"Seaton, Aberdeen",Aberdeen,"Aberdeen Central","North East (Aberdeen)"
wreath,55.69964517143069,-4.0077781156376595,1665157040,5236,1984,38,Male,Y,1160,Strathaven,"North Lanarkshire",ML10,Glasgow
wreath,55.85575779769885,-4.771843550884093,1665157072,5293,1993,29,Female,Y,842,Largs,"North Ayrshire",KA30,Ayrshire
wreath,55.91972536527945,-4.293371371849797,1665157875,5297,1998,24,Female,Y,480,"Summerston, Glasgow",Glasgow,G23,Glasgow
wreath,55.92497701428746,-3.1862074815767603,1665158106,5300,1995,27,Female,Y,318,"The Grange, Edinburgh",Edinburgh,"Edinburgh South","Lothian (Edinburgh)"
wreath,55.55259669247622,-4.605121118435668,1665159308,5303,1961,61,Female,N,782,Loans,"South Ayrshire",KA10,Ayrshire
wreath,57.16878975263894,-2.0834343373750395,1665159388,5304,1959,63,Female,Y,107,"Rosemount, Aberdeen",Aberdeen,"Aberdeen Central","North East (Aberdeen)"
wreath,55.54254545369812,-4.606922926186272,1665159463,5303,1961,61,Female,N,782,Loans,"South Ayrshire",KA10,Ayrshire
wreath,55.53903137369233,-4.659883820645,1665161773,5310,1985,37,Female,Y,784,Troon,"South Ayrshire",KA10,Ayrshire
wreath,57.55897771339358,-2.1512865185190173,1665163210,5317,1988,34,Female,Y,54,Peterhead,Aberdeenshire,AB42,"North East (Aberdeen)"
wreath,55.96535956283938,-4.40052657168916,1665164330,5318,2003,19,Male,Y,546,Clydebank,"West Dunbartonshire",G81,Glasgow
wreath,55.76598994979334,-4.211362863928765,1665165014,5320,1972,50,Female,Y,530,"East Kilbride (north: The Village, East Mains, West Mains, Lymekilns, St Leonards, Calderwood, Nerston, Stewartfield, Peel Park)","South Lanarkshire",G74,Glasgow
wreath,57.24880774085641,-2.3202138171831432,1665166669,5325,1998,24,Male,Y,64,Inverurie,Aberdeenshire,AB51,"North East (Aberdeen)"
wreath,55.9113312033877,-3.2740772741206614,1665166845,5324,1975,47,Female,Y,270,"Meadows and Southside, Edinburgh",Edinburgh,"Edinburgh Central","Lothian (Edinburgh)"
wreath,55.88399636739966,-3.163139050585552,1665168479,5330,1978,44,Male,N,329,Loanhead,Midlothian,EH20,"Lothian (Edinburgh)"
wreath,55.905752717440876,-4.872007851931246,1665170088,5334,1989,33,Male,Y,1231,"Greenock (west: Bow Farm, Braeside, Branchton, Fort Matilda, Gateside, Greenock West, Overton, Pennyfern, Smithston)",Inverclyde,PA16,Glasgow
wreath,57.37091519406127,-1.9904236520108478,1665170623,5339,1958,64,Female,N,49,Ellon,Aberdeenshire,AB41,"North East (Aberdeen)"
wreath,56.09677104844086,-4.6409345977579095,1665170836,5341,1983,39,Female,N,558,Balloch,"West Dunbartonshire",G83,"Argyll and Bute"
wreath,55.74412378644422,-3.9992766962179314,1665170898,5340,1961,61,Male,Y,1183,Hamilton,"South Lanarkshire",ML3,Glasgow
wreath,55.65979300630867,-3.3099814241306955,1665171862,5035,1968,54,Female,Y,362,Peebles,"Scottish Borders",EH45,Borders
wreath,56.00012503693439,-4.005161582800543,1665172166,5329,1980,42,Female,Y,506,Kilsyth,"North Lanarkshire",G65,Glasgow
wreath,58.221295388702224,-6.386284911329551,1665172836,5345,1957,65,Female,N,686,"Stornoway, Isle of Lewis","Western Isles",HS1,"Western Isles"
wreath,55.896928050270496,-5.195402546411001,1665174260,5354,1982,40,Female,Y,1237,"Isle of Bute","Argyll and Bute",PA20,"Argyll and Bute"
wreath,56.465474780015846,-2.93912192207513,1665174982,5355,1992,30,Male,N,252,"Linlathen and Midcraigie, Dundee",Dundee,"Dundee North","Tayside and Angus (Dundee)"
wreath,55.87654416267016,-3.77909972399783,1665175571,5351,1993,29,Male,Y,368,Bathgate,"West Lothian",EH48,"Lothian (Edinburgh)"
wreath,55.69649842585955,-3.9936870401699593,1665176770,5352,1954,68,Female,Y,1217,Larkhall,"North Lanarkshire",ML9,Glasgow
wreath,57.608487333427654,-2.971992865153641,1665176840,5361,1981,41,Male,Y,91,Cullen,Moray,AB56,"North East (Aberdeen)"
wreath,56.45242648613813,-3.028519257184656,1665176917,5362,1981,41,Female,Y,261,"Westend, Dundee",Dundee,"Dundee West","Tayside and Angus (Dundee)"
wreath,55.943934963672525,-3.175618715304023,1665177560,5364,1980,42,Female,Y,281,"Portobello, Edinburgh",Edinburgh,"Edinburgh Duddingston","Lothian (Edinburgh)"
wreath,56.268894057420084,-2.6068441308814156,1665178704,5370,1979,43,Female,Y,1086,Anstruther,Fife,KY10,Fife
wreath,55.9808727586008,-4.504855545571293,1665178808,5366,1975,47,Male,Y,549,Dumbarton,"West Dunbartonshire",G82,Glasgow
wreath,55.799436310975324,-4.270139554096764,1665179375,5374,1977,45,Female,Y,647,"Pollokshields, Glasgow",Glasgow,"Glasgow South",Glasgow
wreath,55.29078500926399,-4.041684072625086,1665179435,5369,1957,65,Female,Y,210,Thornhill,"Dumfries and Galloway",DG3,"Dumfries and Galloway"
wreath,55.957501883460175,-4.27827592533266,1665179950,5372,1976,46,Male,Y,489,Milngavie,"East Dunbartonshire",G62,Glasgow
wreath,56.24269401327506,-3.4303186164234303,1665181321,5376,1996,26,Male,Y,1100,Scotlandwell,"Perth and Kinross",KY13,Fife
wreath,55.93990959388874,-3.297765633193509,1665181709,5378,1984,38,Male,N,287,"Corstorphine, Edinburgh",Edinburgh,"Edinburgh North","Lothian (Edinburgh)"
wreath,57.65676687681225,-2.1786883089641815,1665181947,5380,1986,36,Male,Y,57,Fraserburgh,Aberdeenshire,AB43,"North East (Aberdeen)"
wreath,55.88484010923068,-3.687156615849608,1665182367,5381,1958,64,Female,N,368,Bathgate,"West Lothian",EH48,"Lothian (Edinburgh)"
wreath,57.08552396466562,-2.947847363387249,1665182788,5382,1981,41,Female,Y,33,Aboyne,Aberdeenshire,AB34,"North East (Aberdeen)"
wreath,55.92964614704184,-4.37343499868802,1665183468,5383,1965,57,Male,Y,488,Bearsden,"East Dunbartonshire",G61,Glasgow
wreath,55.86686402975481,-3.094296504729638,1665183522,5386,1967,55,Female,Y,328,Bonnyrigg,Midlothian,EH19,"Lothian (Edinburgh)"
wreath,55.885598409972566,-3.2645651918163465,1665183570,5387,1994,28,Other,Y,309,"Cameron Toll, Edinburgh",Edinburgh,"Edinburgh South","Lothian (Edinburgh)"
wreath,55.855590538724314,-4.088498443905577,1665189477,5392,1961,61,Female,Y,634,"Maryhill, Glasgow",Glasgow,"Glasgow Northeast",Glasgow
wreath,55.92843317720716,-4.411212998520899,1665191853,4415,1976,46,Male,N,544,Faifley,"West Dunbartonshire",G81,Glasgow
wreath,55.90510534760856,-3.8701645996149265,1665209053,5397,1967,55,Female,Y,1192,Airdrie,"North Lanarkshire",ML6,Glasgow
wreath,54.95123879114825,-4.808887964103782,1665212822,5400,1977,45,Male,N,225,"Newton Stewart","Dumfries and Galloway",DG8,"Dumfries and Galloway"
wreath,55.06372618474542,-4.686046514857403,1665214867,5346,1956,66,Female,N,823,Turnberry,"South Ayrshire",KA26,Ayrshire
wreath,58.879774007068065,-3.249142620473726,1665214903,5401,1992,30,Female,Y,982,Stromness,Orkney,KW16,"Orkney Islands"
wreath,55.87568860226198,-4.25950292755336,1665215095,5403,1964,58,Male,Y,591,"Hillhead, Glasgow",Glasgow,"Glasgow Kelvin",Glasgow
wreath,55.94564221154553,-4.388340685412075,1665217138,5406,1974,48,Male,Y,544,Faifley,"West Dunbartonshire",G81,Glasgow
wreath,55.85707127062038,-3.0826557916447146,1665217632,5407,1992,30,Female,Y,328,Bonnyrigg,Midlothian,EH19,"Lothian (Edinburgh)"
wreath,55.307493863821875,-2.69177494584535,1665218169,5410,1970,52,Male,Y,1492,Denholm,"Scottish Borders",TD9,Borders
wreath,55.55080288118003,-4.497344493122448,1665218482,5411,1960,62,Male,N,779,"Kilmarnock (centre and south: Bonnyton, Grange, Bellfield, Shortlees, Caprington, Riccarton, Hurlford)","East Ayrshire",KA1,Ayrshire
wreath,55.809598956923004,-4.818896571216959,1665220226,5415,1994,28,Male,Y,842,Largs,"North Ayrshire",KA30,Ayrshire
wreath,58.8897399123011,-3.3365632367395395,1665220566,5416,1992,30,Female,Y,982,Stromness,Orkney,KW16,"Orkney Islands"
wreath,55.866793929802505,-4.312475205217041,1665221926,5418,1991,31,Male,Y,638,"Drumchapel, Glasgow",Glasgow,"Glasgow Northwest",Glasgow
wreath,55.88049736395579,-3.3574069616786937,1665224736,5424,1968,54,Other,N,311,"Currie, Edinburgh",Edinburgh,"Edinburgh South","Lothian (Edinburgh)"
wreath,55.78314005293563,-4.308362408701825,1665228087,5426,1957,65,Male,Y,657,"Thornliebank, Glasgow",Glasgow,"Glasgow South",Glasgow
wreath,55.86481253510591,-4.016065170874068,1665229209,5427,1996,26,Female,Y,1189,Coatbridge,"North Lanarkshire",ML5,Glasgow
wreath,57.492139121048474,-6.143996810420114,1665231554,5430,2005,17,Male,Y,763,Portree,Highland,IV51,"Highlands (Inverness)"
wreath,55.234151203341,-3.968605917070065,1665232107,5431,2001,21,Female,Y,210,Thornhill,"Dumfries and Galloway",DG3,"Dumfries and Galloway"
wreath,55.90495023770436,-4.370007986620792,1665233234,5434,1965,57,Female,Y,638,"Drumchapel, Glasgow",Glasgow,"Glasgow Northwest",Glasgow
wreath,55.86927961595771,-4.261743767535745,1665234190,5436,1971,51,Female,Y,597,"Yorkhill, Glasgow",Glasgow,"Glasgow Kelvin",Glasgow
wreath,56.07755596569236,-3.8905006060484264,1665235031,5437,1969,53,Female,Y,464,"Stirling (south and east: Braehead, Borestone, Broomridge, Torbrex)",Stirlingshire,FK7,"Stirling and Falkirk"
wreath,55.84410610377023,-4.079062914935673,1665235067,5438,1984,38,Male,Y,525,Uddingston,"South Lanarkshire",G71,Glasgow
wreath,55.87760792057149,-3.7959137520482393,1665237243,5444,1972,50,Female,N,368,Bathgate,"West Lothian",EH48,"Lothian (Edinburgh)"
wreath,56.3183117353741,-2.8547789815164544,1665238423,5445,1956,66,Female,N,1114,"St Andrews",Fife,KY16,Fife
wreath,55.59445887729144,-4.546239277360464,1665241680,5448,1999,23,Male,Y,810,Knockentiber,"East Ayrshire",KA2,Ayrshire
wreath,56.125920178207096,-3.2641229935200045,1665242813,5452,1971,51,Female,Y,1125,Ballingry,Fife,KY5,Fife
wreath,55.764506873444525,-3.728392544978297,1665244183,5454,1950,72,Male,N,1167,Lanark,"South Lanarkshire",ML11,Glasgow
wreath,56.95440394890888,-2.4503902024378776,1665244604,5215,1973,49,Male,N,18,Laurencekirk,Aberdeenshire,AB30,"North East (Aberdeen)"
wreath,57.660812319388484,-2.057806559320742,1665249364,5458,1992,30,Male,Y,57,Fraserburgh,Aberdeenshire,AB43,"North East (Aberdeen)"
wreath,55.69840087345466,-4.168154348506993,1665252251,5461,1983,39,Female,N,534,"East Kilbride (south: Hairmyres, Westwood, The Murray, Murray East, Whitehills, Greenhill, Newlandsmuir, Gardenhall, Crosshouse, Newlands, Lindsayfield, Mossneuk)","South Lanarkshire",G75,Glasgow
wreath,55.37577773127366,-4.174053809972795,1665253029,5464,1957,65,Male,Y,802,"New Cumnock","East Ayrshire",KA18,Ayrshire
wreath,56.011916331456,-3.607996266221344,1665253528,5465,1997,25,Male,Y,370,Bo'ness,Falkirk,EH51,"Lothian (Edinburgh)"
wreath,57.09554011308297,-2.125970112290703,1665258246,5470,1964,58,Female,Y,13,"Tullos, Aberdeen",Aberdeen,AB12,"North East (Aberdeen)"
wreath,56.440503433130495,-3.419267467897934,1665258298,5471,2000,22,Female,Y,1354,"Perth (south and east: Barnhill, Bridgend, Craigie, Kincarrathie, Upper Craigie)","Perth and Kinross",PH2,Fife
wreath,55.37691204355469,-2.410180899661753,1665258728,5446,1970,52,Female,Y,1486,Jedburgh,"Scottish Borders",TD8,Borders
wreath,55.88050186546556,-3.4941712364805615,1665258738,5474,1965,57,Female,Y,375,Livingston,"West Lothian",EH54,"Lothian (Edinburgh)"
wreath,56.61513871938534,-3.0146700652395126,1665259333,5472,1957,65,Female,Y,179,Forfar,Angus,DD8,"Tayside and Angus (Dundee)"
wreath,55.932467447696716,-4.3096295839758545,1665261087,4928,1985,37,Female,Y,489,Milngavie,"East Dunbartonshire",G62,Glasgow
wreath,55.00483971394356,-3.239478545357254,1665262726,5481,1997,25,Female,Y,200,Eastriggs,"Dumfries and Galloway",DG12,"Dumfries and Galloway"
wreath,58.4318348135374,-6.390503397589548,1665262754,5478,1990,32,Female,Y,688,"Isle of Lewis","Western Isles (outside of Stornoway)",HS2,"Western Isles"
wreath,57.58395260284065,-1.8435453700029008,1665263312,5482,1968,54,Female,N,54,Peterhead,Aberdeenshire,AB42,"North East (Aberdeen)"
wreath,55.842472428886076,-4.2099510047321855,1665299108,5496,1957,65,Female,N,632,"Springburn, Glasgow",Glasgow,"Glasgow Northeast",Glasgow
wreath,55.84306630250596,-4.51935888702674,1665299390,5495,1997,25,Female,Y,1275,Elderslie,Renfrewshire,PA5,Glasgow
wreath,55.973803331650345,-3.1512105402025186,1665299902,5497,1966,56,Female,N,285,"Leith, Edinburgh",Edinburgh,"Edinburgh Leith","Lothian (Edinburgh)"
wreath,55.980876741741405,-3.1790383593815035,1665300130,5497,1966,56,Female,N,285,"Leith, Edinburgh",Edinburgh,"Edinburgh Leith","Lothian (Edinburgh)"
wreath,57.59389018516665,-3.1381800834357256,1665301890,5499,1978,44,Female,Y,739,Fochabers,Moray,IV32,"North East (Aberdeen)"
wreath,57.922631295857556,-4.0457811432963,1665303951,5501,1975,47,Female,Y,726,Dornoch,Highland,IV25,"Highlands (Inverness)"
wreath,55.94344461151438,-3.2344384827342627,1665304376,5503,1975,47,Female,Y,297,"Blackhall, Edinburgh",Edinburgh,"Edinburgh North","Lothian (Edinburgh)"
wreath,55.67304811688222,-3.6061092782093795,1665305724,3418,1995,27,Male,Y,1167,Lanark,"South Lanarkshire",ML11,Glasgow
wreath,55.90965009239878,-4.362562521474794,1665306443,5506,1982,40,Female,Y,643,"Anniesland, Glasgow",Glasgow,"Glasgow Northwest",Glasgow
wreath,56.083743152754465,-3.816646772971964,1665306741,5507,1975,47,Female,Y,425,Polmont, Falkirk,FK2,"Stirling and Falkirk"
wreath,55.81975793069707,-4.111504888468093,1665308412,5512,1995,27,Male,Y,529,Cambuslang,"South Lanarkshire",G72,Glasgow
wreath,57.176439650793654,-2.262028162020334,1665308977,5517,1986,36,Female,Y,124,Newmachar,Aberdeenshire,"Aberdeen North","North East (Aberdeen)"
wreath,56.51988607106572,-3.318268711914261,1665316673,5525,1995,27,Other,Y,1324,"Coupar Angus","Perth and Kinross",PH13,Fife
wreath,55.96006735406084,-4.613408294119144,1665318365,5528,1985,37,Female,Y,548,Cardross,"Argyll and Bute",G82,Glasgow
wreath,55.76581579893626,-4.220020382660703,1665321050,5532,1995,27,Male,Y,530,"East Kilbride (north: The Village, East Mains, West Mains, Lymekilns, St Leonards, Calderwood, Nerston, Stewartfield, Peel Park)","South Lanarkshire",G74,Glasgow
wreath,55.90195926968547,-3.2974168996930917,1665321066,5534,1978,44,Female,Y,310,"Balerno, Edinburgh",Edinburgh,"Edinburgh South","Lothian (Edinburgh)"
wreath,57.78206832031938,-4.45783059813542,1665324495,5537,1981,41,Male,Y,707,Alness,Highland,IV17,"Highlands (Inverness)"
wreath,55.72864259036832,-4.400649249298206,1665333186,5546,1959,63,Male,Y,539,"Newton Mearns","East Renfrewshire",G77,Glasgow
wreath,56.48620668293617,-2.9998406718808748,1665338333,5548,1960,62,Male,Y,234,"Baxter Park, Dundee",Dundee,"Dundee Bluebelt","Tayside and Angus (Dundee)"
wreath,55.92339677454131,-2.472830497007176,1665339453,5542,1949,73,Male,Y,359,Dunbar,"East Lothian",EH42,"Lothian (Edinburgh)"
wreath,56.10493868435209,-3.3060591235746015,1665340313,5550,1977,45,Female,Y,1121,Cowdenbeath,Fife,KY4,Fife
wreath,55.80525889929211,-4.304377065242327,1665340900,5552,1975,47,Male,Y,658,"Giffnock, Glasgow",Glasgow,"Glasgow South",Glasgow
wreath,57.42974834698396,-2.341271058596746,1665341175,5553,1974,48,Male,Y,77,"New Deer",Aberdeenshire,AB53,"North East (Aberdeen)"
wreath,55.96824591762123,-4.664648878717433,1665343831,5557,1997,25,Male,Y,549,Dumbarton,"West Dunbartonshire",G82,Glasgow
wreath,57.1360783076018,-2.0661201569423526,1665347160,5562,1988,34,Female,N,126,"Bridge of Dee, Aberdeen",Aberdeen,"Aberdeen Southeast","North East (Aberdeen)"
wreath,56.46918301940734,-2.957931200180268,1665349387,5566,1979,43,Male,Y,234,"Baxter Park, Dundee",Dundee,"Dundee Bluebelt","Tayside and Angus (Dundee)"
wreath,58.24977426943125,-6.50574820285465,1665352756,5478,1990,32,Female,Y,688,"Isle of Lewis","Western Isles (outside of Stornoway)",HS2,"Western Isles"
wreath,56.99671921568119,-4.836666125958944,1665353281,5121,2002,20,Female,Y,1379,"Spean Bridge",Highland,PH34,"Highlands (Inverness)"
wreath,55.879987863256716,-4.472067694436937,1665355293,5570,1963,59,Female,N,1264,Renfrew,Renfrewshire,PA4,Glasgow
wreath,57.58916114774516,-2.069362273569951,1665355775,5569,1953,69,Male,N,57,Fraserburgh,Aberdeenshire,AB43,"North East (Aberdeen)"
wreath,55.959492959735016,-4.780691851622813,1665365843,5573,1952,70,Female,N,1231,"Greenock (west: Bow Farm, Braeside, Branchton, Fort Matilda, Gateside, Greenock West, Overton, Pennyfern, Smithston)",Inverclyde,PA16,Glasgow
wreath,55.9364110666513,-3.0612891708518197,1665385236,5578,1953,69,Female,Y,330,Musselburgh,"East Lothian",EH21,"Lothian (Edinburgh)"
wreath,55.87563255963673,-3.0551740916133894,1665391141,5583,1981,41,Female,N,334,Dalkeith,Midlothian,EH22,"Lothian (Edinburgh)"
wreath,55.53452020429406,-4.614824529611661,1665391241,5582,1973,49,Female,Y,784,Troon,"South Ayrshire",KA10,Ayrshire
wreath,56.487253015709854,-2.9615017680488793,1665391980,5307,1972,50,Male,Y,255,"Fintry, Dundee",Dundee,"Dundee North","Tayside and Angus (Dundee)"
wreath,55.86912339214883,-3.054271103260171,1665392247,5588,1960,62,Male,N,334,Dalkeith,Midlothian,EH22,"Lothian (Edinburgh)"
wreath,57.56450005658161,-1.945016740926187,1665392252,5589,1998,24,Female,Y,54,Peterhead,Aberdeenshire,AB42,"North East (Aberdeen)"
wreath,55.88277780486917,-4.289064704437189,1665393478,5595,1994,28,Female,Y,627,"Dennistoun, Glasgow",Glasgow,"Glasgow Northeast",Glasgow
wreath,55.915967067908305,-4.23890076201238,1665404799,5598,1990,32,Male,Y,502,Bishopbriggs,"East Dunbartonshire",G64,Glasgow
wreath,55.08916080691754,-4.598689529694479,1665405524,5599,1987,35,Female,Y,225,"Newton Stewart","Dumfries and Galloway",DG8,"Dumfries and Galloway"
wreath,57.173675623844055,-2.4485455093350637,1665414478,5604,1994,28,Female,Y,28,Westhill,Aberdeenshire,AB32,"North East (Aberdeen)"
wreath,56.01917267968816,-3.7330338589931373,1665418174,5607,1971,51,Female,Y,439,Grangemouth,Falkirk,FK3,"Stirling and Falkirk"
wreath,55.878358887402804,-3.3360002282586243,1665427871,5602,1963,59,Female,Y,316,"Bruntsfield, Edinburgh",Edinburgh,"Edinburgh South","Lothian (Edinburgh)"
wreath,55.86995116322797,-4.761819185432384,1665428502,5612,1989,33,Male,N,1227,Kilmacolm,Inverclyde,PA13,Glasgow
wreath,56.20308971631474,-3.00895466475708,1665429993,5615,1953,69,Female,Y,1140,Leven,Fife,KY8,Fife
wreath,57.59089382972032,-4.209897291263486,1665433811,5617,1941,81,Female,N,778,Avoch,Highland,IV9,"Highlands (Inverness)"
wreath,55.824511391938195,-4.081101945482169,1665434677,5620,1959,63,Other,Y,634,"Maryhill, Glasgow",Glasgow,"Glasgow Northeast",Glasgow
wreath,55.92900502112114,-4.9417034306666245,1665434954,5621,1984,38,Female,N,1241,Dunoon,"Argyll and Bute",PA23,"Argyll and Bute"
wreath,56.87524547655366,-3.1631815327176978,1665440192,5627,1966,56,Female,Y,179,Forfar,Angus,DD8,"Tayside and Angus (Dundee)"
wreath,58.90039543705942,-2.8945240219710584,1665467878,5635,1968,54,Female,Y,1025,"Orkney Islands",Orkney,KW17,"Orkney Islands"
wreath,55.938543023773654,-3.6536838728878656,1665472074,3360,1963,59,Female,Y,368,Bathgate,"West Lothian",EH48,"Lothian (Edinburgh)"
wreath,57.31390957813623,-2.0529493121875038,1665475627,5641,1976,46,Female,Y,51,Tarves,Aberdeenshire,AB41,"North East (Aberdeen)"
wreath,56.11668572217731,-3.2593944106858195,1665475960,5643,1989,33,Female,Y,1126,Cardenden,Fife,KY5,Fife
wreath,56.072996096329874,-3.9168113915067795,1665476471,5644,1954,68,Male,N,457,Bannockburn,Stirlingshire,FK7,"Stirling and Falkirk"
wreath,59.08420500443635,-2.552175452942127,1665477143,5645,1996,26,Female,Y,1025,"Orkney Islands",Orkney,KW17,"Orkney Islands"
wreath,55.834083734532655,-3.37059924443292,1665479227,5646,1962,60,Male,Y,313,"Colinton, Edinburgh",Edinburgh,"Edinburgh South","Lothian (Edinburgh)"
wreath,56.22004302330569,-2.9306985324784978,1665481475,5649,1978,44,Female,N,1142,Methil,Fife,KY8,Fife
wreath,56.31691708872597,-4.7184581210371945,1665486755,5651,1998,24,Female,Y,558,Balloch,"West Dunbartonshire",G83,"Argyll and Bute"
wreath,55.61382403509692,-4.050543376330882,1665488214,5653,1984,38,Female,N,1160,Strathaven,"North Lanarkshire",ML10,Glasgow
wreath,55.97078755827277,-4.042077021808996,1665488778,5655,1994,28,Male,Y,506,Kilsyth,"North Lanarkshire",G65,Glasgow
wreath,55.86612544212867,-3.8826241282563085,1665490040,5657,1953,69,Female,N,1192,Airdrie,"North Lanarkshire",ML6,Glasgow
wreath,57.41534908473313,-2.5760967726777793,1665502720,5668,1999,23,Male,Y,83,Huntly,Aberdeenshire,AB54,"North East (Aberdeen)"
wreath,56.18645066734292,-3.2144210992142517,1665504743,5584,1970,52,Male,N,1129,"Glenrothes (west: Caskieberran, Rimbleton, Macedonia, Tanshall)",Fife,KY6,Fife
wreath,56.01348901242356,-4.065256820062772,1665504965,5655,1994,28,Male,Y,506,Kilsyth,"North Lanarkshire",G65,Glasgow
wreath,56.02680426728286,-4.05524053641627,1665505104,5655,1994,28,Male,Y,506,Kilsyth,"North Lanarkshire",G65,Glasgow
wreath,55.783282690805045,-4.855737626936024,1665505168,5669,1965,57,Male,Y,842,Largs,"North Ayrshire",KA30,Ayrshire
wreath,55.785459326783766,-4.8501516681821775,1665505826,5669,1965,57,Male,Y,842,Largs,"North Ayrshire",KA30,Ayrshire
wreath,55.82097247464394,-4.808987835588356,1665506128,5669,1965,57,Male,Y,842,Largs,"North Ayrshire",KA30,Ayrshire
wreath,55.85288654305908,-4.01271618218564,1665509141,5660,2004,18,Female,Y,1189,Coatbridge,"North Lanarkshire",ML5,Glasgow
wreath,56.4111908786292,-3.001340866300055,1665511477,5674,1986,36,Female,Y,176,Tayport,Fife,DD6,"Tayside and Angus (Dundee)"
wreath,56.21519980274612,-3.017833718131455,1665526385,5678,1982,40,Female,Y,1139,Kennoway,Fife,KY8,Fife
wreath,55.48382246771943,-4.625086948700239,1665528065,5680,1957,65,Female,N,868,"Newton on Ayr","South Ayrshire",KA8,Ayrshire
wreath,56.00782194036935,-4.535115831071411,1665563634,5681,1961,61,Female,Y,557,Alexandria,"West Dunbartonshire",G83,"Argyll and Bute"
wreath,55.704499406430635,-3.8298536901197884,1665573160,5683,1955,67,Female,Y,1212,Carluke,"South Lanarkshire",ML8,Glasgow
wreath,55.72970378281838,-4.04598571913366,1665575752,5686,1980,42,Male,Y,1183,Hamilton,"South Lanarkshire",ML3,Glasgow
wreath,56.789734221980574,-3.1468441857053255,1665582655,5688,2003,19,Other,School,181,Kirriemuir,Angus,DD8,"Tayside and Angus (Dundee)"
wreath,58.219547834628315,-6.373196369620106,1665582703,5689,1991,31,Female,Y,686,"Stornoway, Isle of Lewis","Western Isles",HS1,"Western Isles"
wreath,55.52932562836047,-4.6220960672094105,1665584459,5690,1990,32,Male,Y,784,Troon,"South Ayrshire",KA10,Ayrshire
wreath,56.08348239688867,-4.714048306090086,1665586018,5693,1952,70,Female,Y,557,Alexandria,"West Dunbartonshire",G83,"Argyll and Bute"
wreath,57.224383017159575,-2.8031574954573837,1665589281,5694,1948,74,Female,N,31,"Muir of Fowlis",Aberdeenshire,AB33,"North East (Aberdeen)"
wreath,55.91076081660235,-4.438056965629997,1665595665,5696,1963,59,Female,N,546,Clydebank,"West Dunbartonshire",G81,Glasgow
wreath,57.63758142890681,-2.1143285275757897,1665600776,5697,1963,59,Male,Y,57,Fraserburgh,Aberdeenshire,AB43,"North East (Aberdeen)"
wreath,57.616345034522645,-2.256346379974263,1665606123,5698,1990,32,Female,Y,57,Fraserburgh,Aberdeenshire,AB43,"North East (Aberdeen)"
wreath,55.697885104121774,-4.595058316948082,1665606511,5699,1976,46,Female,Y,791,Beith,"East Ayrshire",KA15,Ayrshire
wreath,55.152065142388324,-4.142509661823776,1665638756,5703,1977,45,Male,Y,220,"Castle Douglas","Dumfries and Galloway",DG7,"Dumfries and Galloway"
wreath,59.07235218022997,-3.227352719796641,1665649482,5706,1992,30,Male,N,1025,"Orkney Islands",Orkney,KW17,"Orkney Islands"
wreath,56.146237402524115,-3.374043715350221,1665659834,5709,1962,60,Female,Y,1124,Kelty,Fife,KY4,Fife
wreath,55.61754174728909,-4.3237777283646635,1665662386,5710,1994,28,Female,Y,795,Newmilns,"East Ayrshire",KA16,Ayrshire
wreath,56.0167713869609,-3.6112750245969862,1665664486,5712,1962,60,Female,Y,370,Bo'ness,Falkirk,EH51,"Lothian (Edinburgh)"
wreath,55.903983470310095,-4.366133184170581,1665664511,5711,1961,61,Female,Y,644,"Partick, Glasgow",Glasgow,"Glasgow Northwest",Glasgow
wreath,57.16618986463039,-2.1825594352517035,1665664934,5713,1968,54,Male,Y,97,"Mastrick, Aberdeen",Aberdeen,"Aberdeen Central","North East (Aberdeen)"
wreath,57.60607812928699,-3.4559827552589364,1665666433,5714,1976,46,Female,Y,737,Elgin,Moray,IV30,"North East (Aberdeen)"
wreath,55.79686931186669,-4.147781753670739,1665668093,5717,1969,53,Female,Y,528,Blantyre,"South Lanarkshire",G72,Glasgow
wreath,54.988363281241675,-3.3402624368163587,1665671663,5719,1963,59,Female,Y,197,Annan,"Dumfries and Galloway",DG12,"Dumfries and Galloway"
wreath,55.86605299094758,-6.279038928748469,1665674681,5721,1966,56,Female,Y,1268,"Bridgend, Isle of Islay","Argyll and Bute",PA44,"Argyll and Bute"
wreath,57.1740912040475,-2.094844734354367,1665675031,5722,1996,26,Male,Y,101,"Sheddocksley, Aberdeen",Aberdeen,"Aberdeen Central","North East (Aberdeen)"
wreath,60.164173454704425,-1.2466929040100665,1665678399,5723,1970,52,Female,Y,1500,Lerwick,"Shetland Isles",ZE1,"Shetland Islands"
wreath,57.3685837741022,-2.220649026952452,1665683716,5725,1974,48,Female,Y,50,Pitmedden,Aberdeenshire,AB41,"North East (Aberdeen)"
wreath,56.05880580976382,-3.5180948433379022,1665697308,5727,1964,58,Female,Y,1092,Limekilns,Fife,KY11,Fife
wreath,60.626104087561906,-1.1220110728309503,1665699716,5729,1978,44,Male,Y,1505,Baltasound,"Shetland Isles",ZE2,"Shetland Islands"
wreath,58.84775428165696,-2.9412357424480904,1665739096,5737,1959,63,Female,Y,1025,"Orkney Islands",Orkney,KW17,"Orkney Islands"
wreath,57.11584660145196,-2.761182875515316,1665745418,5740,1996,26,Other,N,33,Aboyne,Aberdeenshire,AB34,"North East (Aberdeen)"
wreath,58.99960156122601,-2.991234281954919,1665752743,5742,1980,42,Female,N,967,Kirkwall,Orkney,KW15,"Orkney Islands"
wreath,57.63328044550533,-6.2261093015715465,1665759182,5743,1996,26,Female,Y,763,Portree,Highland,IV51,"Highlands (Inverness)"
wreath,55.81768710094956,-4.454236117218478,1665760744,5745,1999,23,Female,Y,1236,"Paisley (south: Blackhall, Castlehead, Dykebar, Foxbar, Hunterhill, Meikleriggs)",Renfrewshire,PA2,Glasgow
wreath,55.963506283002864,-3.9350186220570893,1665762412,5746,1994,28,Female,Y,514,"Cumbernauld (south: Condorrat, Lenziemill, Carbrain, Kildrum, Cumbernauld Village, Abronhill, Seafar)","North Lanarkshire",G67,Glasgow
wreath,59.216457461373736,-2.657725988977922,1665773572,5748,1957,65,Female,Y,1025,"Orkney Islands",Orkney,KW17,"Orkney Islands"
wreath,55.57525648411252,-4.497019495098846,1665774005,5749,1991,31,Male,Y,779,"Kilmarnock (centre and south: Bonnyton, Grange, Bellfield, Shortlees, Caprington, Riccarton, Hurlford)","East Ayrshire",KA1,Ayrshire
wreath,56.47977572473685,-2.7339276151600393,1665824519,5760,1970,52,Female,Y,178,Carnoustie,Angus,DD7,"Tayside and Angus (Dundee)"
wreath,55.81675150171899,-4.357046801853252,1665827219,5762,1964,58,Female,Y,679,"Pollock, Glasgow",Glasgow,"Glasgow Southwest",Glasgow
wreath,55.779938203571014,-4.56068725871771,1665835134,5769,1978,44,Male,N,1308,Howwood,Renfrewshire,PA9,Glasgow
wreath,55.89546070438477,-4.787391043853637,1665835208,5768,1973,49,Male,N,1231,"Greenock (west: Bow Farm, Braeside, Branchton, Fort Matilda, Gateside, Greenock West, Overton, Pennyfern, Smithston)",Inverclyde,PA16,Glasgow
wreath,55.683294047838906,-4.162347027068761,1665835376,5788,1960,62,Male,N,534,"East Kilbride (south: Hairmyres, Westwood, The Murray, Murray East, Whitehills, Greenhill, Newlandsmuir, Gardenhall, Crosshouse, Newlands, Lindsayfield, Mossneuk)","South Lanarkshire",G75,Glasgow
wreath,55.93131840654348,-4.056568733901339,1665835443,5783,1993,29,Female,Y,517,"Cumbernauld (north: Balloch, Eastfield, Carrickstone, Smithstone, Blackwood, Westfield)","North Lanarkshire",G68,Glasgow
wreath,57.14405055360646,-2.393865203938077,1665835520,5777,1999,23,Male,Y,28,Westhill,Aberdeenshire,AB32,"North East (Aberdeen)"
wreath,55.990677470690024,-3.874339299569984,1665835592,5780,1995,27,Female,Y,443,Banknock, Falkirk,FK4,"Stirling and Falkirk"
wreath,55.359744755490055,-4.365344479431244,1665835671,5800,1997,25,Male,Y,851,Coylton,"South Ayrshire",KA6,Ayrshire
wreath,55.434491802324594,-4.565099746449754,1665835833,5801,1965,57,Female,N,854,Mossblown,"South Ayrshire",KA6,Ayrshire
wreath,55.67848172153592,-4.808323580479288,1665835938,5799,1988,34,Male,N,813,Ardrossan,"North Ayrshire",KA22,Ayrshire
wreath,55.42979414986136,-4.66677705961792,1665836035,5806,1989,33,Male,Y,856,"Ayr (Centre)","South Ayrshire",KA7,Ayrshire
wreath,55.797100360957025,-4.508520274691189,1665836276,5807,1997,25,Female,Y,1236,"Paisley (south: Blackhall, Castlehead, Dykebar, Foxbar, Hunterhill, Meikleriggs)",Renfrewshire,PA2,Glasgow
wreath,55.85081987427158,-4.0302355910836685,1665836509,5815,1978,44,Male,Y,1189,Coatbridge,"North Lanarkshire",ML5,Glasgow
wreath,55.808198868702156,-4.163059913960684,1665836655,5818,1973,49,Female,N,529,Cambuslang,"South Lanarkshire",G72,Glasgow
wreath,56.25047830882911,-3.648199838670588,1665836734,5813,1996,26,Male,N,1373,Auchterarder,"Perth and Kinross",PH3,Fife
wreath,55.84205076696114,-4.370796543095288,1665837230,5824,1983,39,Male,Y,1220,"Paisley (central, east and north east: Ferguslie, Oldhall, Seedhill, Williamsburgh, Whitehaugh)",Renfrewshire,PA1,Glasgow
wreath,55.94158214767308,-3.4654193586947777,1665837482,5816,1995,27,Male,Y,371,Broxburn,"West Lothian",EH52,"Lothian (Edinburgh)"
wreath,55.94134854574999,-3.0592187723018904,1665837744,5834,1989,33,Female,Y,330,Musselburgh,"East Lothian",EH21,"Lothian (Edinburgh)"
wreath,55.78878512031918,-3.145307854235398,1665837778,5778,1970,52,Male,Y,338,Gorebridge,Midlothian,EH23,"Lothian (Edinburgh)"
wreath,55.88723892857528,-4.879411451679195,1665838055,5835,1994,28,Female,Y,1234,"Wemyss Bay",Inverclyde,PA18,Glasgow
wreath,55.80322896143985,-4.074428141174134,1665838891,5843,1996,26,Male,Y,526,Viewpark,"North Lanarkshire",G71,Glasgow
wreath,55.82433731428744,-3.9511340188046593,1665839271,5844,1991,31,Female,Y,1151,Motherwell,"North Lanarkshire",ML1,Glasgow
wreath,56.344665043970615,-4.210778860122703,1665844943,5863,1968,54,Male,Y,1399,Comrie,"Perth and Kinross",PH6,Fife
wreath,55.90610260127305,-3.0177364402341778,1665845772,5866,1959,63,Male,Y,334,Dalkeith,Midlothian,EH22,"Lothian (Edinburgh)"
wreath,55.854688359627,-4.158085951104567,1665849321,5876,1993,29,Female,Y,624,"Springboig, Glasgow",Glasgow,"Glasgow Northeast",Glasgow
wreath,55.66086791275969,-3.9825631709147595,1665850081,5877,1995,27,Male,N,1218,Netherburn,"North Lanarkshire",ML9,Glasgow
wreath,56.47999084138538,-2.924753515486889,1665853909,5883,1964,58,Male,Y,256,"Whitfield, Dundee",Dundee,"Dundee North","Tayside and Angus (Dundee)"
wreath,55.849849956530115,-4.232478631820186,1665854176,5884,1974,48,Female,N,619,"Tollcross, Glasgow",Glasgow,"Glasgow Northeast",Glasgow
wreath,55.8653996349483,-4.108316012989383,1665857932,5889,1970,52,Female,Y,632,"Springburn, Glasgow",Glasgow,"Glasgow Northeast",Glasgow
wreath,56.949844859023,-2.3493141887461095,1665858242,5890,1999,23,Female,Y,48,Stonehaven,Aberdeenshire,AB39,"North East (Aberdeen)"
wreath,55.84672136323928,-4.466919148596367,1665862589,5824,1983,39,Male,Y,1220,"Paisley (central, east and north east: Ferguslie, Oldhall, Seedhill, Williamsburgh, Whitehaugh)",Renfrewshire,PA1,Glasgow
wreath,59.0638100997106,-3.00733200829887,1665870682,5897,1997,25,Female,Y,1025,"Orkney Islands",Orkney,KW17,"Orkney Islands"
wreath,55.79820326075728,-4.208670109585297,1665870791,5892,1966,56,Female,Y,574,"Fernhill, Glasgow",Glasgow,"Glasgow Castlemilk",Glasgow
wreath,55.83009687397871,-4.14088579257741,1665875717,5900,1976,46,Female,Y,634,"Maryhill, Glasgow",Glasgow,"Glasgow Northeast",Glasgow
wreath,55.87867183097694,-4.505654944122737,1665880566,5903,1986,36,Female,Y,1278,Houston,Renfrewshire,PA6,Glasgow
wreath,55.88776305186979,-4.252374018259513,1665907615,5882,1966,56,Female,Y,598,Rutherglen,"South Lanarkshire","Glasgow Northeast",Glasgow
wreath,57.10712272383597,-2.2633897041406725,1665909387,5907,1993,29,Male,Y,128,"Mannofield, Aberdeen",Aberdeen,"Aberdeen Southwest","North East (Aberdeen)"
wreath,56.42944808963186,-3.2653793341334043,1665914095,5910,1946,76,Female,Y,1353,Scone,"Perth and Kinross",PH2,Fife
wreath,55.759466976896285,-4.1781280008193695,1665915198,5894,1985,37,Female,Y,530,"East Kilbride (north: The Village, East Mains, West Mains, Lymekilns, St Leonards, Calderwood, Nerston, Stewartfield, Peel Park)","South Lanarkshire",G74,Glasgow
wreath,55.81366110732249,-4.188193555263131,1665919786,5911,1957,65,Female,N,529,Cambuslang,"South Lanarkshire",G72,Glasgow
wreath,55.98068313654701,-3.3559034421913148,1665948251,5692,1979,43,Male,Y,306,"Queensferry, Edinburgh",Edinburgh,"Edinburgh Queensferry","Lothian (Edinburgh)"
wreath,57.36204467827319,-2.1147876527737104,1665951357,5914,1979,43,Female,N,49,Ellon,Aberdeenshire,AB41,"North East (Aberdeen)"
wreath,55.87437154799182,-3.372035735171398,1665953023,5915,1962,60,Male,Y,314,"Morningside, Edinburgh",Edinburgh,"Edinburgh South","Lothian (Edinburgh)"
wreath,55.91912316900657,-4.777851198051431,1665953508,5841,1987,35,Male,Y,1231,"Greenock (west: Bow Farm, Braeside, Branchton, Fort Matilda, Gateside, Greenock West, Overton, Pennyfern, Smithston)",Inverclyde,PA16,Glasgow
wreath,55.679125793098166,-4.659668220045224,1666000096,5837,1968,54,Male,Y,788,Kilwinning,"North Ayrshire",KA13,Ayrshire
wreath,56.01118765120719,-4.2827713882083565,1666003941,5918,1958,64,Male,Y,507,Kirkintilloch,"East Dunbartonshire",G66,Glasgow
wreath,55.73021547294567,-4.226128468983821,1666004130,5919,1979,43,Male,Y,534,"East Kilbride (south: Hairmyres, Westwood, The Murray, Murray East, Whitehills, Greenhill, Newlandsmuir, Gardenhall, Crosshouse, Newlands, Lindsayfield, Mossneuk)","South Lanarkshire",G75,Glasgow
wreath,59.00468169081695,-3.0075451153015145,1666006017,5920,1980,42,Female,N,967,Kirkwall,Orkney,KW15,"Orkney Islands"
wreath,55.93485282057724,-3.1368800210475727,1666013187,5923,1990,32,Other,Y,322,"Gilmerton, Edinburgh",Edinburgh,"Edinburgh Southeast","Lothian (Edinburgh)"
wreath,57.48226938953135,-1.9658598639815728,1666013360,5924,1993,29,Other,Y,54,Peterhead,Aberdeenshire,AB42,"North East (Aberdeen)"
wreath,56.73184482715092,-3.117178742425549,1666018484,5925,1984,38,Female,Y,181,Kirriemuir,Angus,DD8,"Tayside and Angus (Dundee)"
wreath,57.55165537823425,-2.3688771246389804,1666021523,5917,1939,83,Female,N,78,Turriff,Aberdeenshire,AB53,"North East (Aberdeen)"
wreath,57.19694524288228,-2.590454317022064,1666034048,5929,1961,61,Male,Y,64,Inverurie,Aberdeenshire,AB51,"North East (Aberdeen)"
wreath,55.91474229927368,-3.0412696646152892,1666038711,5931,1991,31,Male,Y,334,Dalkeith,Midlothian,EH22,"Lothian (Edinburgh)"
wreath,55.98915042750732,-3.4304837487169473,1666043084,5692,1979,43,Male,Y,306,"Queensferry, Edinburgh",Edinburgh,"Edinburgh Queensferry","Lothian (Edinburgh)"
wreath,55.8384160974944,-3.9761102151781453,1666044995,5933,1982,40,Male,Y,1192,Airdrie,"North Lanarkshire",ML6,Glasgow
wreath,55.926142773827415,-4.330191273556012,1666054094,5934,1983,39,Female,Y,488,Bearsden,"East Dunbartonshire",G61,Glasgow
wreath,55.07015309402929,-4.684574438940239,1666075129,5935,1965,57,Female,Y,824,Girvan,"South Ayrshire",KA26,Ayrshire
wreath,57.149317879428665,-2.166294046579169,1666096748,5936,1961,61,Male,Y,97,"Mastrick, Aberdeen",Aberdeen,"Aberdeen Central","North East (Aberdeen)"
wreath,55.871159188248804,-3.495763886401238,1666110757,5937,1997,25,Female,Y,375,Livingston,"West Lothian",EH54,"Lothian (Edinburgh)"
wreath,57.44763373792676,-4.436044749067894,1666134969,5942,1991,31,Male,Y,761,Inchmore,Highland,IV5,"Highlands (Inverness)"
wreath,55.85646992866179,-3.666836228372892,1666173120,5945,2002,20,Female,N,365,Stoneyburn,"West Lothian",EH47,"Lothian (Edinburgh)"
wreath,55.84332159377525,-4.3057172209295675,1666199612,5952,1994,28,Female,Y,659,"Deaconsbank, Glasgow",Glasgow,"Glasgow South",Glasgow
wreath,56.495970451091885,-2.9633595851124,1666218807,5954,1972,50,Female,Y,251,"Kirkton, Dundee",Dundee,"Dundee North","Tayside and Angus (Dundee)"
wreath,55.61908367462112,-4.691933648620406,1666245261,5955,1999,23,Male,Y,787,"Irvine (centre: Castlepark, Tarryholme)","North Ayrshire",KA12,Ayrshire
wreath,55.90772070849753,-4.3182316102455705,1666261737,5957,1984,38,Male,Y,488,Bearsden,"East Dunbartonshire",G61,Glasgow
wreath,55.9265897057303,-4.704899832454978,1666271090,5962,1973,49,Female,Y,1228,Langbank,Renfrewshire,PA14,Glasgow
wreath,55.69610584760978,-3.9736657954028516,1666287480,5965,1977,45,Female,Y,1217,Larkhall,"North Lanarkshire",ML9,Glasgow
wreath,56.698781293335095,-3.0983942753230074,1666287636,5966,1993,29,Female,Y,179,Forfar,Angus,DD8,"Tayside and Angus (Dundee)"
wreath,55.82259615237737,-4.0585493940832125,1666294760,5968,1970,52,Female,Y,525,Uddingston,"South Lanarkshire",G71,Glasgow
wreath,55.74447966881386,-4.050398991466059,1666294918,5967,2000,22,Other,Y,1183,Hamilton,"South Lanarkshire",ML3,Glasgow
wreath,55.850856407125356,-3.0839945205579804,1666302559,5970,1983,39,Female,Y,328,Bonnyrigg,Midlothian,EH19,"Lothian (Edinburgh)"
wreath,55.76677230348733,-4.294693846966329,1666395559,5977,1999,23,Male,Y,539,"Newton Mearns","East Renfrewshire",G77,Glasgow
wreath,55.425099753264256,-4.638075728860471,1666403945,5978,1949,73,Male,N,856,"Ayr (Centre)","South Ayrshire",KA7,Ayrshire
wreath,55.61695817409327,-5.2442935158480175,1666433509,5980,1944,78,Male,Y,825,Brodick,"North Ayrshire",KA27,Ayrshire
wreath,55.48402863765549,-5.212696991522268,1666433931,5979,1985,37,Male,Y,827,"Isle of Arran","North Ayrshire",KA27,Ayrshire
wreath,55.523603088033795,-5.2879874365574,1666434070,5980,1944,78,Male,Y,825,Brodick,"North Ayrshire",KA27,Ayrshire
wreath,55.972362242110044,-4.58336924948068,1666516042,5986,1994,28,Female,Y,549,Dumbarton,"West Dunbartonshire",G82,Glasgow
wreath,57.122442871150064,-2.1312638500679655,1666533334,5988,1974,48,Male,Y,126,"Bridge of Dee, Aberdeen",Aberdeen,"Aberdeen Southeast","North East (Aberdeen)"
wreath,55.73832749644759,-4.378042253316183,1666563813,5992,1984,38,Female,Y,539,"Newton Mearns","East Renfrewshire",G77,Glasgow
wreath,56.00626562557794,-3.8579956201753847,1666614592,5995,1989,33,Female,Y,449,Larbert,Falkirk,FK5,"Stirling and Falkirk"
wreath,55.037469461116906,-3.419081559603411,1666637808,3112,1989,33,Male,Y,186,"Dumfries (centre and east: Dalscone, Georgetown, Heathhall, Kingholm Quay, Noblehill, The Crichton)","Dumfries and Galloway",DG1,"Dumfries and Galloway"
wreath,56.21408469780954,-3.9585590052312534,1666644273,5998,1997,25,Other,N,405,Dunblane,Stirlingshire,FK15,"Stirling and Falkirk"
wreath,56.05847005547131,-3.382714906330385,1666694026,6002,1995,27,Female,Y,1091,Inverkeithing,Fife,KY11,Fife
wreath,57.287619684521246,-2.5878317430057742,1666704293,6004,1956,66,Female,Y,67,Oldmeldrum,Aberdeenshire,AB51,"North East (Aberdeen)"
wreath,56.22792657003005,-2.945109671610066,1666723014,6007,1947,75,Female,N,1140,Leven,Fife,KY8,Fife
wreath,56.06135037523137,-4.013184326722395,1666725678,6009,1974,48,Female,N,464,"Stirling (south and east: Braehead, Borestone, Broomridge, Torbrex)",Stirlingshire,FK7,"Stirling and Falkirk"
wreath,55.87964339318306,-3.3493141666577086,1666726879,6010,1947,75,Male,Y,313,"Colinton, Edinburgh",Edinburgh,"Edinburgh South","Lothian (Edinburgh)"
wreath,56.09225804914708,-3.969117284957558,1666729842,6009,1974,48,Female,N,464,"Stirling (south and east: Braehead, Borestone, Broomridge, Torbrex)",Stirlingshire,FK7,"Stirling and Falkirk"
wreath,56.630524718199155,-2.505437627316563,1666734717,6011,1947,75,Female,N,141,Arbroath,Angus,DD11,"Tayside and Angus (Dundee)"
wreath,55.8462775677984,-4.565926228154185,1666906979,6018,1989,33,Female,Y,1222,Kilbarchan,Renfrewshire,PA10,Glasgow
wreath,58.059044652330776,-4.342648915826546,1666944644,6022,1957,65,Male,Y,729,Lairg,Highland,IV27,"Highlands (Inverness)"
wreath,55.61243148240002,-3.274243236157678,1667046256,6023,1986,36,Female,Y,362,Peebles,"Scottish Borders",EH45,Borders
wreath,55.71270306067501,-4.665347466030202,1667114006,6028,1969,53,Female,Y,815,Dalry,"North Ayrshire",KA24,Ayrshire
wreath,54.897959014455736,-4.105978916717027,1667116608,6025,1975,47,Female,Y,217,Dundrennan,"Dumfries and Galloway",DG6,"Dumfries and Galloway"
wreath,55.810392119508556,-4.853723581484811,1667215278,6037,2005,17,Female,School,842,Largs,"North Ayrshire",KA30,Ayrshire
wreath,55.86413549645821,-4.8256153483175535,1667216548,6040,2007,15,Male,School,1233,Skelmorlie,"North Ayrshire",PA17,Ayrshire
wreath,56.47870956568812,-2.9371327466908483,1667232889,6046,1949,73,Male,Y,254,"Douglas, Dundee",Dundee,"Dundee North","Tayside and Angus (Dundee)"
wreath,57.63561246039759,-2.7958772085919477,1667255779,6050,1977,45,Female,Y,90,Buckie,Moray,AB56,"North East (Aberdeen)"
wreath,55.95789954663195,-3.265296429576115,1667266745,6051,1996,26,Female,Y,290,"North Leith, Edinburgh",Edinburgh,"Edinburgh North","Lothian (Edinburgh)"
wreath,54.88961416682081,-4.855758940056011,1667306071,6052,1974,48,Female,Y,223,Glenluce,"Dumfries and Galloway",DG8,"Dumfries and Galloway"
wreath,57.689965245220655,-3.318235739610759,1667314202,6053,1967,55,Female,N,738,Lossiemouth,Moray,IV31,"North East (Aberdeen)"
wreath,57.08329489788388,-2.196646507058728,1667317059,6054,1954,68,Female,Y,1,Portlethen,Aberdeenshire,AB12,"North East (Aberdeen)"
wreath,55.842087091259586,-4.421562782631526,1667317958,6055,1997,25,Male,Y,1220,"Paisley (central, east and north east: Ferguslie, Oldhall, Seedhill, Williamsburgh, Whitehaugh)",Renfrewshire,PA1,Glasgow
wreath,55.8416336253085,-4.309206538048583,1667320382,6057,1996,26,Female,Y,654,"Muirend, Glasgow",Glasgow,"Glasgow South",Glasgow
wreath,55.835070443510595,-4.545544548950933,1667320580,6058,1988,34,Female,Y,1222,Kilbarchan,Renfrewshire,PA10,Glasgow
wreath,57.704988032982165,-3.316277897222183,1667332406,6060,1967,55,Female,Y,738,Lossiemouth,Moray,IV31,"North East (Aberdeen)"
wreath,58.032084846186585,-4.685896918630155,1667337693,6061,1968,54,Female,Y,728,Durness,Highland,IV27,"Highlands (Inverness)"
wreath,55.82053974911455,-3.956060144184947,1667403128,6062,1985,37,Male,Y,1151,Motherwell,"North Lanarkshire",ML1,Glasgow
wreath,55.94184569489555,-3.1242364507286964,1667426248,6063,1987,35,Female,Y,323,"Moredun, Edinburgh",Edinburgh,"Edinburgh Southeast","Lothian (Edinburgh)"
wreath,57.62271469560272,-3.1942786444133358,1667456737,6064,1986,36,Female,Y,737,Elgin,Moray,IV30,"North East (Aberdeen)"
wreath,55.453779243927684,-4.619842194450331,1667473051,6065,1983,39,Female,Y,856,"Ayr (Centre)","South Ayrshire",KA7,Ayrshire
wreath,57.66059923173988,-2.8366088108199605,1667737830,6073,1967,55,Male,Y,90,Buckie,Moray,AB56,"North East (Aberdeen)"
wreath,56.47469414973213,-2.920840080289454,1667753555,6076,1960,62,Female,N,256,"Whitfield, Dundee",Dundee,"Dundee North","Tayside and Angus (Dundee)"
wreath,55.745980180775845,-3.1930827487912326,1668091881,6081,2001,21,Female,Y,362,Peebles,"Scottish Borders",EH45,Borders
wreath,55.98418963470401,-4.184400499395713,1668094456,6082,1998,24,Female,Y,509,Lenzie,"East Dunbartonshire",G66,Glasgow
wreath,55.76807575973128,-4.409238688301841,1668095026,6083,1990,32,Female,Y,539,"Newton Mearns","East Renfrewshire",G77,Glasgow
wreath,55.816940995703554,-4.098295076791764,1668111365,6084,1957,65,Female,Y,627,"Dennistoun, Glasgow",Glasgow,"Glasgow Northeast",Glasgow
wreath,55.958533277410574,-3.1802110430061528,1668518299,6091,1977,45,Female,Y,287,"Corstorphine, Edinburgh",Edinburgh,"Edinburgh North","Lothian (Edinburgh)"
wreath,55.95389521542709,-3.2634359131570285,1668548942,6091,1977,45,Female,Y,287,"Corstorphine, Edinburgh",Edinburgh,"Edinburgh North","Lothian (Edinburgh)"
wreath,55.960217505194805,-3.1696109124722773,1668550439,6091,1977,45,Female,Y,287,"Corstorphine, Edinburgh",Edinburgh,"Edinburgh North","Lothian (Edinburgh)"
wreath,55.831806176891476,-4.2119972340394165,1668700879,6099,1987,35,Male,Y,603,"Carntyne, Glasgow",Glasgow,"Glasgow Northeast",Glasgow
wreath,54.77897538246325,-3.994379586822692,1668701247,6098,1963,59,Female,Y,218,Kirkcudbright,"Dumfries and Galloway",DG6,"Dumfries and Galloway"
wreath,55.878648556231894,-4.333143408873547,1668783968,6104,1957,65,Female,Y,638,"Drumchapel, Glasgow",Glasgow,"Glasgow Northwest",Glasgow
wreath,55.76784179570094,-3.9739471530650916,1668901699,6105,1981,41,Male,Y,1151,Motherwell,"North Lanarkshire",ML1,Glasgow
wreath,55.97505940533912,-3.183818585648618,1669033859,6111,1999,23,Female,Y,294,"Stockbridge, Edinburgh",Edinburgh,"Edinburgh North","Lothian (Edinburgh)"
wreath,57.61351161093913,-3.494743426079812,1669053801,6096,1994,28,Female,Y,740,Forres,Moray,IV36,"North East (Aberdeen)"
wreath,57.594716193225345,-3.5409036082263463,1669131727,6117,1994,28,Female,Y,740,Forres,Moray,IV36,"North East (Aberdeen)"
wreath,55.76572752893922,-4.2207549879859805,1669132337,6118,1996,26,Female,Y,530,"East Kilbride (north: The Village, East Mains, West Mains, Lymekilns, St Leonards, Calderwood, Nerston, Stewartfield, Peel Park)","South Lanarkshire",G74,Glasgow
wreath,55.04213321444246,-3.6715125221726113,1669159109,6120,1992,30,Female,Y,207,"Dumfries (west: Broomlands, Cargenbridge, Lochside, Maxwelltown, Troqueer)","Dumfries and Galloway",DG2,"Dumfries and Galloway"
wreath,57.148052889874904,-2.311965237714194,1669387478,6123,1980,42,Male,Y,28,Westhill,Aberdeenshire,AB32,"North East (Aberdeen)"
wreath,55.93003784835916,-4.310645977967867,1669988337,6128,1976,46,Male,Y,488,Bearsden,"East Dunbartonshire",G61,Glasgow
wreath,55.942330417174055,-4.3623765146431595,1670519565,6137,1995,27,Male,Y,491,Baldernock,"East Dunbartonshire",G62,Glasgow
wreath,57.18025432781611,-2.15751780788188,1670687535,6139,1968,54,Male,N,119,Potterton,Aberdeenshire,"Aberdeen North","North East (Aberdeen)"
wreath,55.941837972364375,-3.278589629938888,1671084710,6142,1995,27,Female,Y,292,"Craigleith, Edinburgh",Edinburgh,"Edinburgh North","Lothian (Edinburgh)"
wreath,55.896026613995,-4.055218881329545,1671107936,6144,1951,71,Male,Y,1189,Coatbridge,"North Lanarkshire",ML5,Glasgow
wreath,55.70935955132264,-4.342331332860603,1671266483,6149,1968,54,Female,Y,536,"Carmunnock, Glasgow",Glasgow,G76,Glasgow
wreath,55.762114790286,-4.2349772767407075,1671266544,6148,1961,61,Female,Y,530,"East Kilbride (north: The Village, East Mains, West Mains, Lymekilns, St Leonards, Calderwood, Nerston, Stewartfield, Peel Park)","South Lanarkshire",G74,Glasgow
wreath,56.20394221457432,-3.272069656758404,1671272815,6150,1979,43,Male,Y,1129,"Glenrothes (west: Caskieberran, Rimbleton, Macedonia, Tanshall)",Fife,KY6,Fife
wreath,55.70798720035174,-4.181450798516526,1671796170,6154,1973,49,Male,N,534,"East Kilbride (south: Hairmyres, Westwood, The Murray, Murray East, Whitehills, Greenhill, Newlandsmuir, Gardenhall, Crosshouse, Newlands, Lindsayfield, Mossneuk)","South Lanarkshire",G75,Glasgow
wreath,56.67965530515732,-2.4897997397151674,1672108059,6156,2000,22,Male,Y,136,Gourdon,Aberdeenshire,DD10,"Tayside and Angus (Dundee)"
wreath,55.7519572167916,-4.394614720250716,1672599882,6159,2005,18,Female,School,539,"Newton Mearns","East Renfrewshire",G77,Glasgow
wreath,57.51109118991249,-2.710740287099331,1672858667,2016,1997,25,Female,Y,83,Huntly,Aberdeenshire,AB54,"North East (Aberdeen)"
wreath,54.86740579476441,-4.863732610885635,1673388708,6165,1968,55,Female,Y,231,Stranraer,"Dumfries and Galloway",DG9,"Dumfries and Galloway"
wreath,55.757003473594324,-4.249616421337,1675164903,6194,2002,21,Female,Y,530,"East Kilbride (north: The Village, East Mains, West Mains, Lymekilns, St Leonards, Calderwood, Nerston, Stewartfield, Peel Park)","South Lanarkshire",G74,Glasgow
wreath,55.75552360851448,-4.1225856414970385,1675265617,6194,2002,21,Female,Y,530,"East Kilbride (north: The Village, East Mains, West Mains, Lymekilns, St Leonards, Calderwood, Nerston, Stewartfield, Peel Park)","South Lanarkshire",G74,Glasgow
wreath,55.69432707180645,-3.2627091835190303,1675364587,6199,2000,23,Male,N,362,Peebles,"Scottish Borders",EH45,Borders
wreath,55.81761645427857,-4.298532780191753,1675367590,6198,2002,21,Female,Y,648,"Shawlands, Glasgow",Glasgow,"Glasgow South",Glasgow
wreath,55.94707976624323,-3.1939115467359147,1675695605,6213,2009,14,Female,N,293,"Comely Bank, Edinburgh",Edinburgh,"Edinburgh North","Lothian (Edinburgh)"
wreath,55.943472805426936,-3.2802455318204395,1675695643,6215,2009,14,Female,School,294,"Stockbridge, Edinburgh",Edinburgh,"Edinburgh North","Lothian (Edinburgh)"
wreath,55.94417716354313,-3.237539907641695,1675695734,6221,2010,13,Male,N,299,"Broughton, Edinburgh",Edinburgh,"Edinburgh North","Lothian (Edinburgh)"
wreath,55.97279639686912,-3.197932631791485,1675695736,6219,2009,14,Male,N,291,"Deans Village, Edinburgh",Edinburgh,"Edinburgh North","Lothian (Edinburgh)"
wreath,55.93328554374611,-3.27312870607114,1675695740,6206,2009,14,Male,School,297,"Blackhall, Edinburgh",Edinburgh,"Edinburgh North","Lothian (Edinburgh)"
wreath,55.948285182343795,-3.221052451228509,1675695778,6214,2009,14,Female,School,292,"Craigleith, Edinburgh",Edinburgh,"Edinburgh North","Lothian (Edinburgh)"
wreath,55.957228012620185,-3.1783565190957357,1675695806,6212,2009,14,Female,School,296,"Davidson's Mains, Edinburgh",Edinburgh,"Edinburgh North","Lothian (Edinburgh)"
wreath,55.955330712146754,-3.2411911090846948,1675695937,6221,2010,13,Male,N,299,"Broughton, Edinburgh",Edinburgh,"Edinburgh North","Lothian (Edinburgh)"
wreath,55.94991846857505,-3.276746893050267,1675696086,6220,2009,14,Male,School,292,"Craigleith, Edinburgh",Edinburgh,"Edinburgh North","Lothian (Edinburgh)"
wreath,55.80147282702062,-3.9208879200128663,1675954598,6227,1988,35,Female,Y,1150,Holytown,"North Lanarkshire",ML1,Glasgow
wreath,55.83779452041169,-4.333316293819804,1677057452,6247,1966,57,Female,N,664,"Toryglen, Glasgow",Glasgow,"Glasgow Southwest",Glasgow
wreath,55.917212319046435,-3.3112655531040565,1677203244,6253,1970,53,Female,Y,314,"Morningside, Edinburgh",Edinburgh,"Edinburgh South","Lothian (Edinburgh)"
wreath,56.13416385787781,-3.4945429135514487,1677598109,6265,2003,20,Female,Y,1096,"Dunfermline (centre, north, west: Abbey Parks, Lady's Mill, Garvock, Headwell, Kingseathill, Wellwood, Milesmark, Baldridge, Pittencrieff, Baldridgeburn)",Fife,KY12,Fife
wreath,56.72679590466401,-3.1324406439201247,1677601170,6238,2004,19,Female,Y,179,Forfar,Angus,DD8,"Tayside and Angus (Dundee)"
wreath,55.935609442186404,-4.27956272927111,1677604448,6275,2003,20,Female,Y,489,Milngavie,"East Dunbartonshire",G62,Glasgow
wreath,55.82058593240826,-4.233585038905157,1677607928,6279,1986,37,Male,Y,645,Clarkston,"East Renfrewshire","Glasgow South",Glasgow
wreath,55.89375429769848,-3.493662229919547,1677608064,6280,2002,21,Female,School,375,Livingston,"West Lothian",EH54,"Lothian (Edinburgh)"
wreath,55.76022298474772,-4.241192467414933,1677612829,6282,2000,23,Female,Y,530,"East Kilbride (north: The Village, East Mains, West Mains, Lymekilns, St Leonards, Calderwood, Nerston, Stewartfield, Peel Park)","South Lanarkshire",G74,Glasgow
wreath,55.95672995139868,-4.35035715093578,1677613429,3156,1999,23,Female,Y,489,Milngavie,"East Dunbartonshire",G62,Glasgow
wreath,58.56199403826311,-3.1852640612886165,1677614753,6284,2003,20,Male,Y,899,Wick,Highland,KW1,"Highlands (Inverness)"
wreath,55.89377408591207,-4.318849914449133,1677626493,6287,2002,21,Male,Y,590,"Hyndland, Glasgow",Glasgow,"Glasgow Kelvin",Glasgow
wreath,55.498387225140384,-4.371234924024418,1677636734,6291,2005,18,Other,Y,847,Sorn,"East Ayrshire",KA5,Ayrshire
wreath,55.84818520577801,-4.238795046773137,1677750541,6297,1968,55,Female,Y,678,"Cardonald, Glasgow",Glasgow,"Glasgow Southwest",Glasgow
wreath,55.84634459356887,-4.774637013261048,1677763226,6301,1993,30,Female,Y,842,Largs,"North Ayrshire",KA30,Ayrshire
wreath,56.06073288413909,-3.4381614669691425,1677763351,6303,2003,20,Other,Y,1090,"Dunfermline (south and east: Halbeath, Touch, Duloch, Masterton, Pitcorthie, Abbeyview, Brucefield, Hospital Hill, Camdean, Pitreavie)",Fife,KY11,Fife
wreath,55.84429639459017,-4.328596608646009,1677853466,6306,2001,22,Male,Y,662,"Battlefield, Glasgow",Glasgow,"Glasgow Southwest",Glasgow
wreath,56.246451519239294,-2.790426414451809,1677968236,6310,2004,19,Female,Y,1083,Crail,Fife,KY10,Fife
wreath,55.794562452837305,-4.291302535699296,1678028705,6312,2004,19,Female,Y,653,"Netherlee, Glasgow",Glasgow,"Glasgow South",Glasgow
wreath,55.794025532637356,-4.277049434646474,1678117155,6319,2005,18,Female,Y,658,"Giffnock, Glasgow",Glasgow,"Glasgow South",Glasgow
wreath,55.866802221582795,-3.3295996165373416,1678137590,6321,1965,58,Female,Y,320,"Newington, Edinburgh",Edinburgh,"Edinburgh South","Lothian (Edinburgh)"
wreath,55.834123196373724,-4.012521348769661,1678202558,6324,2003,20,Female,Y,1186,Bellshill,"North Lanarkshire",ML4,Glasgow
wreath,55.93445940788931,-3.2779200728564777,1678204358,6326,2003,20,Female,Y,292,"Craigleith, Edinburgh",Edinburgh,"Edinburgh North","Lothian (Edinburgh)"
wreath,55.85254681082501,-3.5050007685152833,1678219770,6329,2004,19,Male,Y,375,Livingston,"West Lothian",EH54,"Lothian (Edinburgh)"
wreath,57.325667954244544,-6.203261332070032,1678462094,6336,2001,22,Other,Y,763,Portree,Highland,IV51,"Highlands (Inverness)"
wreath,55.93078557307129,-4.683847165936078,1678999827,6339,1977,46,Female,Y,1229,"Port Glasgow",Inverclyde,PA14,Glasgow
wreath,56.15640555969615,-3.3419305525666614,1679004113,6342,1983,40,Female,Y,1128,Lochgelly,Fife,KY5,Fife
wreath,55.9086396868391,-3.5716175621845068,1679041580,6344,1991,32,Female,Y,375,Livingston,"West Lothian",EH54,"Lothian (Edinburgh)"
wreath,56.0920768011615,-3.2136771983161387,1679055717,6358,1991,32,Male,N,1117,"Kirkcaldy (west: Hayfield, Templehall, Newliston, Chapel, Dunnikier, Bennochy)",Fife,KY2,Fife
wreath,56.1988413419675,-3.146935829525183,1679056556,6366,2008,15,Male,School,1134,Markinch,Fife,KY7,Fife
wreath,56.21383535367402,-3.1075735920839658,1679056590,6368,2008,15,Female,School,1134,Markinch,Fife,KY7,Fife
wreath,56.14500814676311,-3.086076730368468,1679056610,6355,1994,29,Female,Y,1079,"Kirkcaldy (east: Linktown, Port Brae, Pathhead, Sinclairtown, Smeaton, Gallatown)",Fife,KY1,Fife
wreath,56.195144656367724,-3.136691326336785,1679056624,6369,2009,14,Female,School,1133,"Glenrothes (centre and east: Pitteuchar, Finglassie, Stenton, Auchmuty, Pitcoudie, Balfarg, Pircairn, Collydean)",Fife,KY7,Fife
wreath,56.19554584108019,-3.1182068940553966,1679056670,6375,2008,15,Female,School,1133,"Glenrothes (centre and east: Pitteuchar, Finglassie, Stenton, Auchmuty, Pitcoudie, Balfarg, Pircairn, Collydean)",Fife,KY7,Fife
wreath,56.2004698607206,-3.147521741487292,1679056671,6362,2008,15,Female,School,1133,"Glenrothes (centre and east: Pitteuchar, Finglassie, Stenton, Auchmuty, Pitcoudie, Balfarg, Pircairn, Collydean)",Fife,KY7,Fife
wreath,56.22855872460052,-3.1361448590764116,1679056768,6373,2008,15,Female,School,1133,"Glenrothes (centre and east: Pitteuchar, Finglassie, Stenton, Auchmuty, Pitcoudie, Balfarg, Pircairn, Collydean)",Fife,KY7,Fife
wreath,56.18370344934736,-3.132781512212687,1679056809,6360,2008,15,Female,School,1133,"Glenrothes (centre and east: Pitteuchar, Finglassie, Stenton, Auchmuty, Pitcoudie, Balfarg, Pircairn, Collydean)",Fife,KY7,Fife
wreath,56.21584398872857,-3.103706757332874,1679056846,6378,2008,15,Female,School,1133,"Glenrothes (centre and east: Pitteuchar, Finglassie, Stenton, Auchmuty, Pitcoudie, Balfarg, Pircairn, Collydean)",Fife,KY7,Fife
wreath,56.22709756065616,-3.1450196314372505,1679056925,6387,2008,15,Male,School,1133,"Glenrothes (centre and east: Pitteuchar, Finglassie, Stenton, Auchmuty, Pitcoudie, Balfarg, Pircairn, Collydean)",Fife,KY7,Fife
wreath,56.17577399035537,-3.142119060012702,1679056925,6386,2008,15,Female,School,1133,"Glenrothes (centre and east: Pitteuchar, Finglassie, Stenton, Auchmuty, Pitcoudie, Balfarg, Pircairn, Collydean)",Fife,KY7,Fife
wreath,56.11704435127406,-3.5216731634765313,1679056938,6398,2008,15,Other,School,1096,"Dunfermline (centre, north, west: Abbey Parks, Lady's Mill, Garvock, Headwell, Kingseathill, Wellwood, Milesmark, Baldridge, Pittencrieff, Baldridgeburn)",Fife,KY12,Fife
wreath,56.202214866900384,-3.177739887063537,1679056996,6359,2008,15,Female,School,1133,"Glenrothes (centre and east: Pitteuchar, Finglassie, Stenton, Auchmuty, Pitcoudie, Balfarg, Pircairn, Collydean)",Fife,KY7,Fife
wreath,57.31808605858321,-2.1503310720976234,1679350198,6409,1985,38,Female,Y,49,Ellon,Aberdeenshire,AB41,"North East (Aberdeen)"
wreath,55.85016028280794,-4.236503699386448,1679667601,6415,2000,23,Female,Y,622,"Sandyhills, Glasgow",Glasgow,"Glasgow Northeast",Glasgow
wreath,56.46284430126057,-3.0105771109951087,1679676922,6418,1998,25,Female,Y,261,"Westend, Dundee",Dundee,"Dundee West","Tayside and Angus (Dundee)"
wreath,55.843198588413,-4.098023588992743,1679708240,6420,1997,26,Female,Y,600,"Garrowhill, Glasgow",Glasgow,"Glasgow Northeast",Glasgow
wreath,55.829799621876354,-4.336292561118496,1680009874,6425,2007,16,Male,School,645,Clarkston,"East Renfrewshire","Glasgow South",Glasgow
wreath,55.822394923122175,-4.229106158785598,1680010408,6427,2007,16,Female,School,645,Clarkston,"East Renfrewshire","Glasgow South",Glasgow
wreath,54.67490629047912,-4.894968438587187,1680010469,6422,1982,41,Female,Y,231,Stranraer,"Dumfries and Galloway",DG9,"Dumfries and Galloway"
wreath,55.802353462081136,-4.2788871430661395,1680196963,6429,1979,44,Female,Y,653,"Netherlee, Glasgow",Glasgow,"Glasgow South",Glasgow
wreath,56.08741655140431,-3.9137673281872107,1680429336,6430,1990,33,Female,Y,464,"Stirling (south and east: Braehead, Borestone, Broomridge, Torbrex)",Stirlingshire,FK7,"Stirling and Falkirk"
wreath,56.304179647610255,-2.7200354715784703,1681479839,6435,1981,42,Male,Y,1114,"St Andrews",Fife,KY16,Fife
wreath,55.8558175044796,-3.0862691437646768,1681938012,6438,2000,23,Male,Y,328,Bonnyrigg,Midlothian,EH19,"Lothian (Edinburgh)"
wreath,56.06494832572852,-3.2953195706559133,1682547868,6444,1997,26,Female,Y,1119,Burntisland,Fife,KY3,Fife
wreath,55.279923132707644,-3.2348811079505357,1683012285,1633,1947,75,Male,Y,196,Lockerbie,"Dumfries and Galloway",DG11,"Dumfries and Galloway"
wreath,57.536740975490744,-4.260406040152664,1683018441,6456,2004,19,Female,Y,697,"Kilmuir, Inverness",Highland,IV1,"Highlands (Inverness)"
wreath,55.82604126690417,-4.033232361347883,1683055072,6458,2003,20,Female,Y,1186,Bellshill,"North Lanarkshire",ML4,Glasgow
wreath,55.93684313918164,-3.2956489024635243,1683634719,6469,1994,29,Female,Y,289,"Newhaven, Edinburgh",Edinburgh,"Edinburgh North","Lothian (Edinburgh)"
wreath,55.8710450189552,-3.3281228869817054,1683636251,6470,1989,34,Female,Y,315,"Fairmilehead, Edinburgh",Edinburgh,"Edinburgh South","Lothian (Edinburgh)"
wreath,55.493849990271194,-4.490421998959683,1683811665,6476,1972,51,Female,Y,853,Dalrymple,"East Ayrshire",KA6,Ayrshire
wreath,55.4269209848254,-4.681261559141563,1683889107,6477,1965,58,Male,N,856,"Ayr (Centre)","South Ayrshire",KA7,Ayrshire
wreath,55.59546422024896,-4.527201921928967,1683916608,6479,1962,61,Female,Y,809,Dundonald,"South Ayrshire",KA2,Ayrshire
wreath,55.87968814831129,-4.151641028920368,1683990010,6482,1963,60,Female,Y,598,Rutherglen,"South Lanarkshire","Glasgow Northeast",Glasgow
wreath,55.94358344718058,-4.854700961404259,1684074091,6483,2001,22,Female,Y,1235,Gourock,Inverclyde,PA19,Glasgow
wreath,55.90205547659068,-4.221122352129774,1684489895,6488,1983,40,Female,Y,602,"Baillieston, Glasgow",Glasgow,"Glasgow Northeast",Glasgow
wreath,56.31074836868963,-3.669956273423464,1684709365,6491,1990,33,Female,Y,1372,Aberuthven,"Perth and Kinross",PH3,Fife
wreath,57.63860644275484,-3.02699836387333,1685097747,6492,2007,16,Female,School,90,Buckie,Moray,AB56,"North East (Aberdeen)"
wreath,55.43845591595848,-4.608017777067407,1686292439,6503,1989,34,Male,Y,856,"Ayr (Centre)","South Ayrshire",KA7,Ayrshire
wreath,55.85548024273308,-4.14342452515753,1686577324,6506,2007,16,Female,N,616,"Calton, Glasgow",Glasgow,"Glasgow Northeast",Glasgow
wreath,55.88057020955692,-4.26689257805497,1686577381,6510,2007,16,Male,School,615,"Bridgeton, Glasgow",Glasgow,"Glasgow Northeast",Glasgow
wreath,55.832794272658546,-4.194123453079233,1686913518,6544,2008,15,Female,School,615,"Bridgeton, Glasgow",Glasgow,"Glasgow Northeast",Glasgow
wreath,55.84914938704301,-4.188711543308112,1686913597,6543,2008,15,Female,School,615,"Bridgeton, Glasgow",Glasgow,"Glasgow Northeast",Glasgow
wreath,55.83030264539426,-4.199619958774801,1686913686,6545,2006,17,Female,School,615,"Bridgeton, Glasgow",Glasgow,"Glasgow Northeast",Glasgow
wreath,55.83763943902081,-4.144234787911036,1686913915,6551,2008,15,Male,School,619,"Tollcross, Glasgow",Glasgow,"Glasgow Northeast",Glasgow
wreath,55.852583658742965,-4.20313303106193,1686921169,6560,2007,16,Male,Y,603,"Carntyne, Glasgow",Glasgow,"Glasgow Northeast",Glasgow
wreath,55.90048609055635,-4.297138120499963,1686921571,6557,2007,16,Female,School,626,"Haghill, Glasgow",Glasgow,"Glasgow Northeast",Glasgow
wreath,55.878460869424664,-4.260796680901857,1686921681,6563,2007,16,Male,School,619,"Tollcross, Glasgow",Glasgow,"Glasgow Northeast",Glasgow
wreath,55.886348044849065,-4.256956373095072,1686921777,6561,2007,16,Other,School,617,"Dalmarnock, Glasgow",Glasgow,"Glasgow Northeast",Glasgow
wreath,55.920319763043835,-3.8675226674322634,1689060900,6565,1985,38,Male,Y,1192,Airdrie,"North Lanarkshire",ML6,Glasgow
wreath,57.63212350351585,-3.2972620026508364,1692739819,6575,1993,30,Female,Y,737,Elgin,Moray,IV30,"North East (Aberdeen)"
wreath,56.04111360482261,-2.8203960576805835,1694517464,6587,2000,23,Male,N,345,Gullane,"East Lothian",EH31,"Lothian (Edinburgh)"
wreath,55.470887106486074,-4.617633503305122,1694983763,6596,1957,66,Female,N,868,"Newton on Ayr","South Ayrshire",KA8,Ayrshire
wreath,55.760311042846205,-4.135683697672771,1695208348,6600,2010,13,Male,N,529,Cambuslang,"South Lanarkshire",G72,Glasgow
wreath,55.86962051337322,-4.114165605888712,1695208381,6599,2010,13,Male,School,598,Rutherglen,"South Lanarkshire","Glasgow Northeast",Glasgow
wreath,55.81600822456219,-4.17339054151478,1695208414,6602,2010,13,Female,School,529,Cambuslang,"South Lanarkshire",G72,Glasgow
wreath,55.83774621199237,-4.215223809865314,1695208870,6610,2011,12,Male,School,598,Rutherglen,"South Lanarkshire","Glasgow Northeast",Glasgow
wreath,55.787261116197925,-4.1219667247845,1695208882,6606,2010,13,Female,School,529,Cambuslang,"South Lanarkshire",G72,Glasgow
wreath,55.80809894103645,-4.211301564824542,1695208917,6609,2010,13,Male,School,575,"Springhall, Glasgow",Glasgow,"Glasgow Castlemilk",Glasgow
wreath,55.86829911943328,-4.279729036299584,1695550040,6617,1978,45,Male,Y,590,"Hyndland, Glasgow",Glasgow,"Glasgow Kelvin",Glasgow
wreath,55.49947771568821,-4.606475741378768,1696837067,6625,2002,21,Male,Y,873,Prestwick,"South Ayrshire",KA9,Ayrshire
wreath,55.971908857357,-3.205096198504579,1696844757,6624,2005,18,Female,Y,287,"Corstorphine, Edinburgh",Edinburgh,"Edinburgh North","Lothian (Edinburgh)"
wreath,55.7632869897777,-4.608999024361208,1699514571,6640,1974,49,Female,Y,791,Beith,"East Ayrshire",KA15,Ayrshire
wreath,55.228838206436805,-3.6135489628580597,1699908565,6642,2003,20,Other,Y,186,"Dumfries (centre and east: Dalscone, Georgetown, Heathhall, Kingholm Quay, Noblehill, The Crichton)","Dumfries and Galloway",DG1,"Dumfries and Galloway"
wreath,56.06779851430103,-3.3133240985738457,1699908611,6641,2003,20,Other,Y,1119,Burntisland,Fife,KY3,Fife
wreath,55.23978108021886,-3.626802449957073,1699908820,6642,2003,20,Other,Y,186,"Dumfries (centre and east: Dalscone, Georgetown, Heathhall, Kingholm Quay, Noblehill, The Crichton)","Dumfries and Galloway",DG1,"Dumfries and Galloway"
wreath,55.691542544161805,-4.5971459214037145,1702382629,6653,1963,60,Male,Y,788,Kilwinning,"North Ayrshire",KA13,Ayrshire
wreath,55.84285084245876,-4.335155143367209,1702421113,6661,1992,31,Male,Y,672,"Govan, Glasgow",Glasgow,"Glasgow Southwest",Glasgow
wreath,55.480210330176064,-4.618474363008836,1702426005,6663,1995,28,Male,Y,868,"Newton on Ayr","South Ayrshire",KA8,Ayrshire
wreath,55.95567073037942,-3.941597590312787,1702447488,6666,1993,30,Female,Y,514,"Cumbernauld (south: Condorrat, Lenziemill, Carbrain, Kildrum, Cumbernauld Village, Abronhill, Seafar)","North Lanarkshire",G67,Glasgow
wreath,55.989912334095074,-3.568710722024256,1702455960,6670,1992,31,Male,Y,369,Linlithgow,"West Lothian",EH49,"Lothian (Edinburgh)"
wreath,57.10016651908585,-2.2505872558528544,1702460877,6674,1968,55,Male,N,133,"Bieldside, Aberdeen",Aberdeen,"Aberdeen Southwest","North East (Aberdeen)"
wreath,55.779490226949456,-3.901044750636345,1702463524,6678,1981,42,Male,Y,1180,Wishaw,"North Lanarkshire",ML2,Glasgow
wreath,55.94250948833147,-4.360782448061444,1702472079,6675,1997,26,Male,Y,489,Milngavie,"East Dunbartonshire",G62,Glasgow
wreath,55.920149892860785,-4.574344139625868,1702472675,6688,1994,29,Male,N,1229,"Port Glasgow",Inverclyde,PA14,Glasgow
wreath,55.78870882422405,-3.524461644916165,1702502118,6693,1955,68,Male,N,376,"West Calder","West Lothian",EH55,"Lothian (Edinburgh)"
wreath,55.928201242466585,-3.4839643717054485,1702669245,6698,1975,48,Male,N,371,Broxburn,"West Lothian",EH52,"Lothian (Edinburgh)"
wreath,55.71575991913902,-3.7787804710073774,1702715633,6699,1986,37,Male,Y,1212,Carluke,"South Lanarkshire",ML8,Glasgow
wreath,55.844254475226805,-4.32610834883815,1703689781,6702,1957,66,Female,Y,672,"Govan, Glasgow",Glasgow,"Glasgow Southwest",Glasgow
wreath,55.82157967746003,-4.53597077155932,1703800025,6703,1961,62,Male,Y,1276,Johnstone,Renfrewshire,PA5,Glasgow
wreath,55.902436457348614,-4.5046132526718585,1705409448,6708,2002,22,Male,Y,1292,Bishopton,Renfrewshire,PA7,Glasgow
wreath,55.3984203835811,-4.748097429047271,1705686000,6722,2003,21,Female,Y,855,Alloway,"South Ayrshire",KA7,Ayrshire
wreath,55.58849246461955,-4.668524666815919,1705835854,6724,1963,61,Male,Y,785,"Irvine (east, south: Perceton, Lawthorn, Girdle Toll, Stanecastle, Bourtreehill, Broomlands, Dreghorn, Springside)","North Ayrshire",KA11,Ayrshire
wreath,55.9268187413654,-3.032290686290594,1706541451,6728,1995,29,Female,Y,330,Musselburgh,"East Lothian",EH21,"Lothian (Edinburgh)"
wreath,57.45656451018282,-3.0675660966175977,1706706500,6733,1998,26,Female,Y,88,Keith, Moray,AB55,"North East (Aberdeen)"
wreath,56.3697557840245,-3.8935247184936617,1706880076,6735,1957,67,Female,Y,1402,Crieff,"Perth and Kinross",PH7,Fife
wreath,55.84552821117991,-4.148116228452685,1707040297,6738,1969,55,Female,Y,634,"Maryhill, Glasgow",Glasgow,"Glasgow Northeast",Glasgow
wreath,55.90372292424842,-4.204468982061308,1707161159,6738,1969,55,Female,Y,634,"Maryhill, Glasgow",Glasgow,"Glasgow Northeast",Glasgow
wreath,58.20691275093865,-6.727876263886596,1707252623,6744,1999,25,Female,Y,688,"Isle of Lewis","Western Isles (outside of Stornoway)",HS2,"Western Isles"
wreath,55.63821070579031,-4.688620734479953,1707649845,6752,1966,58,Female,Y,787,"Irvine (centre: Castlepark, Tarryholme)","North Ayrshire",KA12,Ayrshire
wreath,55.92784183301338,-4.123890975789858,1707657776,6753,1979,45,Female,Y,507,Kirkintilloch,"East Dunbartonshire",G66,Glasgow
wreath,55.884925960032305,-4.319988389357722,1708079607,6757,1964,60,Female,N,591,"Hillhead, Glasgow",Glasgow,"Glasgow Kelvin",Glasgow
wreath,55.96447050714003,-4.1029096428988545,1708095414,6758,1977,47,Female,Y,509,Lenzie,"East Dunbartonshire",G66,Glasgow
wreath,54.78339108238482,-4.035138249154334,1708171148,6760,1977,47,Male,Y,218,Kirkcudbright,"Dumfries and Galloway",DG6,"Dumfries and Galloway"
wreath,55.79834660368702,-3.7166941463637593,1708171210,6759,1983,41,Female,N,366,Whitburn,"West Lothian",EH47,"Lothian (Edinburgh)"
wreath,55.81107319726926,-4.7583402202141665,1708377530,6761,2002,22,Other,Y,817,Kilbirnie,"North Ayrshire",KA25,Ayrshire
wreath,58.22291142283979,-6.989211012298749,1708444974,6775,2005,19,Female,Y,688,"Isle of Lewis","Western Isles (outside of Stornoway)",HS2,"Western Isles"
wreath,58.11003926298995,-6.898054649369125,1708445269,6779,2005,19,Female,Y,688,"Isle of Lewis","Western Isles (outside of Stornoway)",HS2,"Western Isles"
wreath,58.24977372445077,-6.4763011122746645,1708445473,6779,2005,19,Female,Y,688,"Isle of Lewis","Western Isles (outside of Stornoway)",HS2,"Western Isles"
wreath,55.77441994281635,-4.0823342822504385,1708447087,6782,2005,19,Female,Y,1183,Hamilton,"South Lanarkshire",ML3,Glasgow
wreath,56.39077230331969,-3.6598169528287214,1708448795,6785,2004,20,Male,Y,1313,"Perth (north and west: Burghmuir, Cherrybank, Hillyland, Inveralmond, Lethom, Muirton, North Muirton, Tulloch)","Perth and Kinross",PH1,Fife
wreath,55.92764858270456,-3.6750209933504423,1708449989,6786,2005,19,Female,Y,367,Armadale,"West Lothian",EH48,"Lothian (Edinburgh)"
wreath,55.89204369501263,-3.238256828595104,1708450154,6788,2005,19,Male,Y,314,"Morningside, Edinburgh",Edinburgh,"Edinburgh South","Lothian (Edinburgh)"
wreath,55.89235101446316,-4.886063225647479,1708450470,6789,1988,36,Male,Y,1231,"Greenock (west: Bow Farm, Braeside, Branchton, Fort Matilda, Gateside, Greenock West, Overton, Pennyfern, Smithston)",Inverclyde,PA16,Glasgow
wreath,55.87601829596078,-3.307858333795651,1708451214,6774,2004,20,Male,Y,315,"Fairmilehead, Edinburgh",Edinburgh,"Edinburgh South","Lothian (Edinburgh)"
wreath,55.76593500255652,-3.4993229153177285,1708455740,6783,2006,18,Female,Y,1168,Lesmahagow,"South Lanarkshire",ML11,Glasgow
wreath,55.77738241339712,-4.682643251877407,1708456361,6797,2004,20,Female,School,817,Kilbirnie,"North Ayrshire",KA25,Ayrshire
wreath,55.44103190602358,-3.972989776912426,1708457599,6800,2004,20,Female,Y,212,Kirkconnel,"Dumfries and Galloway",DG4,"Dumfries and Galloway"
wreath,55.4114116469029,-4.745650812597729,1708458950,6765,2005,19,Female,Y,856,"Ayr (Centre)","South Ayrshire",KA7,Ayrshire
wreath,54.886731506387804,-4.132998703264914,1708460600,6802,2004,20,Female,Y,220,"Castle Douglas","Dumfries and Galloway",DG7,"Dumfries and Galloway"
wreath,55.406110113909776,-4.7023483731996825,1708462389,6766,2005,19,Female,Y,856,"Ayr (Centre)","South Ayrshire",KA7,Ayrshire
wreath,55.78948929247048,-4.567922169400416,1708465918,6808,1984,40,Female,N,1308,Howwood,Renfrewshire,PA9,Glasgow
wreath,55.93750501930754,-3.279620579501621,1708466891,6771,2004,20,Female,Y,287,"Corstorphine, Edinburgh",Edinburgh,"Edinburgh North","Lothian (Edinburgh)"
wreath,55.78428308025347,-4.301512197032916,1708536229,6814,2004,20,Female,Y,653,"Netherlee, Glasgow",Glasgow,"Glasgow South",Glasgow
wreath,55.85876340989726,-4.630573257129823,1708552646,6818,1962,62,Male,Y,1224,"Bridge of Weir",Renfrewshire,PA11,Glasgow
wreath,55.78496454087315,-4.0244040713919995,1708590731,6819,1988,36,Male,Y,1151,Motherwell,"North Lanarkshire",ML1,Glasgow
wreath,55.85436023420049,-3.9327396449127128,1708610601,6824,1977,47,Male,Y,1192,Airdrie,"North Lanarkshire",ML6,Glasgow
wreath,55.963722434758765,-3.204159185147716,1708626082,6826,2004,20,Female,Y,296,"Davidson's Mains, Edinburgh",Edinburgh,"Edinburgh North","Lothian (Edinburgh)"
wreath,55.95652363687827,-3.245199446063223,1708708632,6832,1974,50,Female,Y,278,"Granton, Edinburgh",Edinburgh,"Edinburgh Clermiston Granton","Lothian (Edinburgh)"
wreath,55.95276613542008,-4.627100988338,1708809806,6790,2004,20,Female,Y,549,Dumbarton,"West Dunbartonshire",G82,Glasgow
wreath,55.92810504517124,-4.2619678367274085,1708809843,6835,2005,19,Male,Y,489,Milngavie,"East Dunbartonshire",G62,Glasgow
wreath,55.77785439564449,-4.277711068277789,1708955484,6838,2004,20,Female,Y,658,"Giffnock, Glasgow",Glasgow,"Glasgow South",Glasgow
wreath,57.124227816201156,-2.2391908595297147,1708965227,6842,1997,27,Female,Y,132,"Peterculter, Aberdeen",Aberdeen,"Aberdeen Southwest","North East (Aberdeen)"
wreath,55.797650040317365,-4.495595735570082,1708977906,6844,2006,18,Female,Y,1236,"Paisley (south: Blackhall, Castlehead, Dykebar, Foxbar, Hunterhill, Meikleriggs)",Renfrewshire,PA2,Glasgow
wreath,55.92189508588612,-2.7916697932070664,1709029994,6852,2005,19,Female,Y,357,Haddington,"East Lothian",EH41,"Lothian (Edinburgh)"
wreath,55.82664181413835,-4.218907847793602,1709037759,6859,2005,19,Female,Y,652,"King's Park, Glasgow",Glasgow,"Glasgow South",Glasgow
wreath,55.94958430682291,-3.277379244887005,1709040402,6856,2005,19,Male,Y,294,"Stockbridge, Edinburgh",Edinburgh,"Edinburgh North","Lothian (Edinburgh)"
wreath,55.966273766464305,-3.1547832862683345,1709041470,6861,2005,19,Female,Y,285,"Leith, Edinburgh",Edinburgh,"Edinburgh Leith","Lothian (Edinburgh)"
wreath,55.85597832506932,-4.222422424200008,1709044038,6864,2005,19,Female,Y,615,"Bridgeton, Glasgow",Glasgow,"Glasgow Northeast",Glasgow
wreath,55.86946400808573,-3.354888445911275,1709047549,6867,2005,19,Male,Y,317,"Marchmont, Edinburgh",Edinburgh,"Edinburgh South","Lothian (Edinburgh)"
wreath,55.75699645327803,-3.9928578453814203,1709047777,6868,2005,19,Male,Y,1183,Hamilton,"South Lanarkshire",ML3,Glasgow
wreath,55.953388117342676,-3.2075517032641536,1709132596,6874,2002,22,Male,Y,296,"Davidson's Mains, Edinburgh",Edinburgh,"Edinburgh North","Lothian (Edinburgh)"
wreath,56.47165564209098,-3.03301219610694,1709156096,6876,1962,62,Male,Y,238,"Menzieshill, Dundee",Dundee,"Dundee Central","Tayside and Angus (Dundee)"
wreath,54.95948989667961,-3.6427253187334188,1709213416,6877,2004,20,Female,Y,207,"Dumfries (west: Broomlands, Cargenbridge, Lochside, Maxwelltown, Troqueer)","Dumfries and Galloway",DG2,"Dumfries and Galloway"
wreath,55.915763842936066,-4.330167200060332,1709296206,6879,1979,45,Female,Y,488,Bearsden,"East Dunbartonshire",G61,Glasgow
wreath,55.90143714947615,-4.305406744931672,1709485512,6886,1959,65,Male,Y,634,"Maryhill, Glasgow",Glasgow,"Glasgow Northeast",Glasgow
wreath,55.90672179052638,-3.1732074064351448,1710070654,6895,1963,61,Female,Y,322,"Gilmerton, Edinburgh",Edinburgh,"Edinburgh Southeast","Lothian (Edinburgh)"
wreath,55.958123265113024,-3.1576320962530056,1710071484,6896,1984,40,Male,N,285,"Leith, Edinburgh",Edinburgh,"Edinburgh Leith","Lothian (Edinburgh)"
wreath,55.97649962687939,-3.1738138959734306,1710072278,6897,1986,38,Female,N,285,"Leith, Edinburgh",Edinburgh,"Edinburgh Leith","Lothian (Edinburgh)"
wreath,55.95098585482205,-3.153430534356788,1710360059,6899,1968,56,Female,N,281,"Portobello, Edinburgh",Edinburgh,"Edinburgh Duddingston","Lothian (Edinburgh)"
wreath,56.0353842817283,-2.8441722456708036,1710750378,6901,2000,24,Male,N,345,Gullane,"East Lothian",EH31,"Lothian (Edinburgh)"
wreath,55.94291683601181,-3.023831956191779,1710976103,6906,1963,61,Female,Y,330,Musselburgh,"East Lothian",EH21,"Lothian (Edinburgh)"
wreath,56.0352079709042,-3.343660934336623,1711118374,6908,2005,19,Female,Y,1090,"Dunfermline (south and east: Halbeath, Touch, Duloch, Masterton, Pitcorthie, Abbeyview, Brucefield, Hospital Hill, Camdean, Pitreavie)",Fife,KY11,Fife
wreath,56.06571212159776,-3.4224372033963384,1711118378,6908,2005,19,Female,Y,1090,"Dunfermline (south and east: Halbeath, Touch, Duloch, Masterton, Pitcorthie, Abbeyview, Brucefield, Hospital Hill, Camdean, Pitreavie)",Fife,KY11,Fife
wreath,56.47440018426285,-2.964950128765344,1711393449,6909,1955,69,Female,Y,244,"Stobswell, Dundee",Dundee,"Dundee Central","Tayside and Angus (Dundee)"
wreath,55.904791402338795,-2.7197732452775756,1713091309,6913,1990,34,Male,Y,357,Haddington,"East Lothian",EH41,"Lothian (Edinburgh)"
wreath,55.821676658657,-4.735179349560765,1713369338,6916,1952,72,Male,Y,817,Kilbirnie,"North Ayrshire",KA25,Ayrshire
wreath,55.809485956766316,-4.194453615807546,1713370708,6918,1957,67,Female,N,571,"Castlemilk, Glasgow",Glasgow,"Glasgow Castlemilk",Glasgow
wreath,57.16350264425799,-2.101977849697109,1713371548,6919,1957,67,Male,Y,107,"Rosemount, Aberdeen",Aberdeen,"Aberdeen Central","North East (Aberdeen)"
wreath,55.82503864728755,-4.437081785183602,1713374779,6920,1953,71,Female,Y,1236,"Paisley (south: Blackhall, Castlehead, Dykebar, Foxbar, Hunterhill, Meikleriggs)",Renfrewshire,PA2,Glasgow
wreath,55.91485299772437,-4.351966206344833,1713380260,6921,1943,81,Male,Y,639,"Scotstoun, Glasgow",Glasgow,"Glasgow Northwest",Glasgow
wreath,55.61816971714805,-4.70788764157355,1713395638,6922,1963,61,Female,Y,811,Stevenston,"North Ayrshire",KA20,Ayrshire
wreath,55.98249434686323,-4.158279476203995,1713452446,6924,1963,61,Female,Y,507,Kirkintilloch,"East Dunbartonshire",G66,Glasgow
wreath,55.81731505756538,-4.27917236418702,1713452467,6925,1963,61,Female,Y,653,"Netherlee, Glasgow",Glasgow,"Glasgow South",Glasgow
wreath,55.90654926929195,-3.664405495131224,1714162238,6934,2005,19,Female,Y,367,Armadale,"West Lothian",EH48,"Lothian (Edinburgh)"
wreath,55.87550447642631,-4.860175539424284,1714163701,6936,2005,19,Female,Y,1234,"Wemyss Bay",Inverclyde,PA18,Glasgow
wreath,55.922187806589434,-3.7097339316841933,1714166032,6934,2005,19,Female,Y,367,Armadale,"West Lothian",EH48,"Lothian (Edinburgh)"
wreath,55.90592756319913,-3.6895776418751463,1714167442,6934,2005,19,Female,Y,367,Armadale,"West Lothian",EH48,"Lothian (Edinburgh)"
wreath,55.90028299946504,-3.331912172210054,1714172034,6937,2004,20,Male,Y,319,"Blackford, Edinburgh",Edinburgh,"Edinburgh South","Lothian (Edinburgh)"
wreath,58.572877042380824,-4.018844540499522,1716583656,6943,1992,32,Male,Y,961,Thurso,Highland,KW14,"Highlands (Inverness)"
wreath,55.7615793647124,-4.478226228073842,1718284734,6949,1988,36,Male,Y,540,Barrhead,"East Renfrewshire",G78,Glasgow
wreath,56.72083959040166,-4.145958101718041,1719430558,6955,1976,48,Female,Y,1329,Pitlochry,"Perth and Kinross",PH16,Fife
wreath,57.345528173453886,-2.86555469930375,1720902882,6956,1997,27,Female,Y,83,Huntly,Aberdeenshire,AB54,"North East (Aberdeen)"
wreath,55.81265958803323,-4.231849144169535,1721858075,6961,1993,31,Female,Y,653,"Netherlee, Glasgow",Glasgow,"Glasgow South",Glasgow
wreath,56.46105809016368,-2.9865840905903456,1723131826,6970,1955,69,Female,Y,244,"Stobswell, Dundee",Dundee,"Dundee Central","Tayside and Angus (Dundee)"
wreath,56.294444974993986,-2.868700162533816,1725033714,6976,1962,62,Female,Y,1114,"St Andrews",Fife,KY16,Fife
wreath,55.8616682345076,-4.275203316777985,1725218934,6978,1955,69,Female,Y,591,"Hillhead, Glasgow",Glasgow,"Glasgow Kelvin",Glasgow
wreath,55.43712839269295,-4.6097334356884385,1726269922,6983,2003,21,Female,Y,856,"Ayr (Centre)","South Ayrshire",KA7,Ayrshire
wreath,55.85458225734692,-3.2771050480364825,1727865837,6989,2004,20,Female,Y,343,Penicuik,Midlothian,EH26,"Lothian (Edinburgh)"
wreath,56.02956778519967,-4.689089418588419,1727983480,6991,1997,27,Male,Y,566,Helensburgh,"Argyll and Bute",G84,"Argyll and Bute"
wreath,57.59916897866248,-3.321072125826951,1728554145,6995,1962,62,Female,N,737,Elgin,Moray,IV30,"North East (Aberdeen)"
wreath,55.762531954405375,-4.086673680288176,1730369779,7000,1961,63,Female,Y,1183,Hamilton,"South Lanarkshire",ML3,Glasgow
wreath,55.94796482776579,-3.125546588384171,1730399084,7002,1998,26,Female,Y,283,"Craigentinny, Edinburgh",Edinburgh,"Edinburgh Duddingston","Lothian (Edinburgh)"
wreath,55.946800013674064,-3.7379237032863877,1730405667,7004,1994,30,Female,Y,377,"Falkirk (centre and south: Arnothill, Bantaskin, Callendar Park, Glen Village, Hallglen, Lionthorn, Tamfourhill, Woodlands)",Falkirk,FK1,"Stirling and Falkirk"
wreath,55.97444551376609,-4.374274919015717,1730406190,7005,1970,54,Male,N,489,Milngavie,"East Dunbartonshire",G62,Glasgow
wreath,56.92993058318594,-2.5589626385823436,1730408016,7008,1987,37,Female,Y,22,Banchory,Aberdeenshire,AB31,"North East (Aberdeen)"
wreath,55.34669670404739,-4.391998205817437,1730445273,7021,1985,39,Other,Y,852,Dalmellington,"East Ayrshire",KA6,Ayrshire
wreath,57.638758389433626,-4.373469378530198,1730450997,7027,1960,64,Female,Y,705,Dingwall,Highland,IV15,"Highlands (Inverness)"
wreath,55.91680380907158,-4.256068890891414,1730459028,7030,1987,37,Female,Y,502,Bishopbriggs,"East Dunbartonshire",G64,Glasgow
wreath,55.7177166498462,-4.806555274795286,1730463815,7035,1972,52,Female,Y,814,"West Kilbride","North Ayrshire",KA23,Ayrshire
wreath,55.694624316062615,-2.3928234263817596,1730464232,7034,1950,74,Male,N,1419,Greenlaw,"Scottish Borders",TD10,Borders
wreath,55.04009303617425,-3.5372172845329506,1730466585,7038,1971,53,Female,Y,186,"Dumfries (centre and east: Dalscone, Georgetown, Heathhall, Kingholm Quay, Noblehill, The Crichton)","Dumfries and Galloway",DG1,"Dumfries and Galloway"
wreath,55.036181621601486,-3.4995023302559853,1730466688,7038,1971,53,Female,Y,186,"Dumfries (centre and east: Dalscone, Georgetown, Heathhall, Kingholm Quay, Noblehill, The Crichton)","Dumfries and Galloway",DG1,"Dumfries and Galloway"
wreath,55.4652529069524,-4.624056220940108,1730468743,7039,1954,70,Female,Y,868,"Newton on Ayr","South Ayrshire",KA8,Ayrshire
wreath,55.457708362704494,-4.6050731190212995,1730469180,7039,1954,70,Female,Y,868,"Newton on Ayr","South Ayrshire",KA8,Ayrshire
wreath,55.830173559688745,-4.495670084248202,1730469720,7040,1959,65,Female,Y,1276,Johnstone,Renfrewshire,PA5,Glasgow
wreath,55.91961642777513,-3.2944989448024256,1730474398,7044,1950,74,Female,N,263,"Longstone, Edinburgh",Edinburgh,"Edinburgh Central","Lothian (Edinburgh)"
wreath,56.07489217924986,-4.80373012721691,1730492723,7051,1980,44,Female,Y,568,Rhu,"Argyll and Bute",G84,"Argyll and Bute"
wreath,57.16453283185786,-2.170053929702675,1730534834,7053,1972,52,Female,Y,107,"Rosemount, Aberdeen",Aberdeen,"Aberdeen Central","North East (Aberdeen)"
wreath,57.48018264369387,-2.8673428343307084,1730535941,7054,1972,52,Male,Y,83,Huntly,Aberdeenshire,AB54,"North East (Aberdeen)"
wreath,55.66921917139385,-2.966851531181278,1730559762,7057,1989,35,Female,Y,1413,Galashiels,"Scottish Borders",TD1,Borders
wreath,55.85319846582407,-4.556015242173964,1730588740,7062,1968,56,Male,Y,1224,"Bridge of Weir",Renfrewshire,PA11,Glasgow
wreath,55.46736603258817,-4.589242449144831,1730592012,7021,1985,39,Other,Y,852,Dalmellington,"East Ayrshire",KA6,Ayrshire
wreath,57.318418371475786,-2.3288921971337206,1730641007,7066,1978,46,Female,Y,64,Inverurie,Aberdeenshire,AB51,"North East (Aberdeen)"
wreath,56.546575188756734,-2.74873951798854,1730655433,7067,1993,31,Female,Y,141,Arbroath,Angus,DD11,"Tayside and Angus (Dundee)"
wreath,55.91059519314959,-3.220437732529849,1730680162,7069,1950,74,Male,Y,305,"Oxgangs, Edinburgh",Edinburgh,"Edinburgh Oxgangs","Lothian (Edinburgh)"
wreath,55.655225020193555,-4.655852167098339,1730733647,7074,1974,50,Male,Y,788,Kilwinning,"North Ayrshire",KA13,Ayrshire
wreath,57.30555506861829,-5.026801363729929,1730743242,7077,1964,60,Female,Y,741,Beauly,Highland,IV4,"Highlands (Inverness)"
wreath,56.17236444214941,-3.0706546433905797,1730828381,7080,1999,25,Male,Y,1079,"Kirkcaldy (east: Linktown, Port Brae, Pathhead, Sinclairtown, Smeaton, Gallatown)",Fife,KY1,Fife
wreath,56.35034379122589,-3.8957166871123072,1730848237,7081,1977,47,Female,Y,1402,Crieff,"Perth and Kinross",PH7,Fife
wreath,57.34766472595093,-3.129985431924832,1731073007,7086,1957,67,Female,Y,88,Keith, Moray,AB55,"North East (Aberdeen)"
wreath,56.46266161917489,-3.0473416157328965,1731188242,7091,1953,71,Female,Y,261,"Westend, Dundee",Dundee,"Dundee West","Tayside and Angus (Dundee)"
wreath,57.11604070722346,-2.229971314695275,1731344431,7093,1955,69,Male,Y,133,"Bieldside, Aberdeen",Aberdeen,"Aberdeen Southwest","North East (Aberdeen)"
wreath,57.695244596138615,-2.8907290263274072,1731358308,7094,1967,57,Female,N,95,Portknockie,Moray,AB56,"North East (Aberdeen)"
wreath,57.67662434369937,-2.9536532435570355,1731530468,7097,1982,42,Female,N,90,Buckie,Moray,AB56,"North East (Aberdeen)"
wreath,57.619992204946676,-2.8586379884244044,1731532967,7099,1983,41,Female,Y,90,Buckie,Moray,AB56,"North East (Aberdeen)"
wreath,57.52073207824337,-2.4600420381422614,1731547384,7101,1952,72,Female,Y,78,Turriff,Aberdeenshire,AB53,"North East (Aberdeen)"
wreath,55.94837353487005,-4.457100232901892,1732001060,7105,1992,32,Female,Y,546,Clydebank,"West Dunbartonshire",G81,Glasgow
wreath,55.988001991817185,-4.519286067305565,1732046214,7108,1991,33,Male,Y,548,Cardross,"Argyll and Bute",G82,Glasgow
wreath,57.637650556183495,-2.447119546139367,1732652102,7120,1992,32,Female,Y,63,Whitehills,Aberdeenshire,AB45,"North East (Aberdeen)"
wreath,55.853436355153306,-4.386905786423898,1733687076,7128,1954,70,Female,Y,1220,"Paisley (central, east and north east: Ferguslie, Oldhall, Seedhill, Williamsburgh, Whitehaugh)",Renfrewshire,PA1,Glasgow
wreath,56.491336472172776,-3.4440059982293154,1733689927,7129,1964,60,Female,N,1313,"Perth (north and west: Burghmuir, Cherrybank, Hillyland, Inveralmond, Lethom, Muirton, North Muirton, Tulloch)","Perth and Kinross",PH1,Fife
wreath,55.95611975007994,-3.2611222240105118,1733689933,7130,1956,68,Female,N,287,"Corstorphine, Edinburgh",Edinburgh,"Edinburgh North","Lothian (Edinburgh)"
wreath,55.959974864658236,-4.508886548670449,1733691353,7131,1962,62,Female,Y,549,Dumbarton,"West Dunbartonshire",G82,Glasgow
wreath,56.565719901051146,-3.297821937885748,1733693322,7133,1996,28,Female,Y,1324,"Coupar Angus","Perth and Kinross",PH13,Fife
wreath,56.37445047592539,-3.680133435922162,1733702631,7136,1983,41,Female,Y,1402,Crieff,"Perth and Kinross",PH7,Fife
wreath,56.108152986944845,-3.1720036838966488,1733721729,7137,1964,60,Female,N,1117,"Kirkcaldy (west: Hayfield, Templehall, Newliston, Chapel, Dunnikier, Bennochy)",Fife,KY2,Fife
wreath,57.64597414724959,-3.2237199233739697,1733724992,7138,1958,66,Male,Y,737,Elgin,Moray,IV30,"North East (Aberdeen)"
wreath,56.49392197213374,-2.892962781469659,1733727514,7139,2000,24,Male,Y,162,Kellas,Angus,DD5,"Tayside and Angus (Dundee)"
wreath,56.35099203144183,-3.8973985968514877,1733731640,7141,1965,59,Female,N,1402,Crieff,"Perth and Kinross",PH7,Fife
wreath,56.13816838496281,-3.453118014121645,1733733311,7143,1965,59,Female,Y,1124,Kelty,Fife,KY4,Fife
wreath,55.901097005800324,-4.359136842782426,1733738735,7144,1962,62,Female,Y,644,"Partick, Glasgow",Glasgow,"Glasgow Northwest",Glasgow
wreath,56.1600188655537,-3.3597634300125465,1733751782,7145,1969,55,Female,Y,1121,Cowdenbeath,Fife,KY4,Fife
wreath,56.47444360722062,-3.057204553604717,1733752237,7146,1960,64,Male,Y,245,"Law, Dundee",Dundee,"Dundee Central","Tayside and Angus (Dundee)"
wreath,55.83484676810931,-4.769573842610196,1733772776,7149,1967,57,Female,Y,842,Largs,"North Ayrshire",KA30,Ayrshire
wreath,57.283416252595764,-4.2785081506836296,1733781189,7151,1980,44,Male,Y,714,"Inverness (east: Culcabock, Crown, Culduthel, Drummond, Haugh, Hilton, Holm, Lochardil, Millburn, Raigmore)",Highland,IV2,"Highlands (Inverness)"
wreath,56.462562308883925,-2.9816815548154674,1733782595,7152,1949,75,Male,Y,245,"Law, Dundee",Dundee,"Dundee Central","Tayside and Angus (Dundee)"
wreath,56.13557954602935,-3.186144479199242,1733819220,7153,1966,58,Female,Y,1117,"Kirkcaldy (west: Hayfield, Templehall, Newliston, Chapel, Dunnikier, Bennochy)",Fife,KY2,Fife
wreath,56.21613091177435,-3.268245560160757,1733819232,7154,1956,68,Female,Y,1129,"Glenrothes (west: Caskieberran, Rimbleton, Macedonia, Tanshall)",Fife,KY6,Fife
wreath,56.13013212610616,-3.2346271163684377,1733819359,7153,1966,58,Female,Y,1117,"Kirkcaldy (west: Hayfield, Templehall, Newliston, Chapel, Dunnikier, Bennochy)",Fife,KY2,Fife
wreath,55.97726050223769,-3.1824132811755588,1733820625,7155,1962,62,Male,Y,297,"Blackhall, Edinburgh",Edinburgh,"Edinburgh North","Lothian (Edinburgh)"
wreath,57.14836029041763,-2.150355642583336,1733821160,7156,1991,33,Female,Y,105,"Seaton, Aberdeen",Aberdeen,"Aberdeen Central","North East (Aberdeen)"
wreath,55.95232995520717,-2.998731512624108,1733825456,7157,1984,40,Male,N,348,Prestonpans,"East Lothian",EH32,"Lothian (Edinburgh)"
wreath,55.87449003892129,-4.205119078935152,1733923254,7165,1969,55,Female,Y,602,"Baillieston, Glasgow",Glasgow,"Glasgow Northeast",Glasgow
wreath,56.094271693564586,-3.4589410145589268,1733933322,7167,1962,62,Female,Y,1096,"Dunfermline (centre, north, west: Abbey Parks, Lady's Mill, Garvock, Headwell, Kingseathill, Wellwood, Milesmark, Baldridge, Pittencrieff, Baldridgeburn)",Fife,KY12,Fife
wreath,56.475196701771,-2.924958441593809,1733945525,7168,1964,60,Male,N,253,"Pitkerro, Dundee",Dundee,"Dundee North","Tayside and Angus (Dundee)"
wreath,55.89449855529074,-4.347098855005196,1733951503,7170,1981,43,Female,Y,638,"Drumchapel, Glasgow",Glasgow,"Glasgow Northwest",Glasgow
wreath,56.33454512552257,-3.5379636042687386,1733962406,7172,1973,51,Female,Y,1354,"Perth (south and east: Barnhill, Bridgend, Craigie, Kincarrathie, Upper Craigie)","Perth and Kinross",PH2,Fife
wreath,56.31792961254187,-3.585217876841729,1733983658,7174,1964,60,Female,Y,1351,Kintillo,"Perth and Kinross",PH2,Fife
wreath,56.359286745086,-3.495350463501129,1733990265,7176,1971,53,Female,Y,1340,Dunning,"Perth and Kinross",PH2,Fife
wreath,56.65497465296573,-3.2678357635122257,1733990446,7177,1954,70,Female,Y,1321,Alyth,"Perth and Kinross",PH11,Fife
wreath,56.49132277216773,-2.839086080274117,1734026453,7185,2000,24,Male,Y,247,"Broughty Ferry, Dundee",Dundee,"Dundee East","Tayside and Angus (Dundee)"
wreath,55.82861814525952,-4.348342550583798,1734107086,7187,1945,79,Male,Y,661,"Govanhill, Glasgow",Glasgow,"Glasgow Southwest",Glasgow
wreath,56.26515057729732,-3.9014707682133305,1734128673,7191,1962,62,Female,Y,405,Dunblane,Stirlingshire,FK15,"Stirling and Falkirk"
wreath,55.85737073564056,-3.32200056656232,1734130342,7193,1964,60,Female,Y,317,"Marchmont, Edinburgh",Edinburgh,"Edinburgh South","Lothian (Edinburgh)"
wreath,56.66790937544479,-3.4391476637350045,1734175451,7195,1963,61,Female,Y,1318,Blairgowrie,"Perth and Kinross",PH10,Fife
wreath,59.22437046237432,-2.659652088255174,1734216322,7198,1962,62,Female,Y,1025,"Orkney Islands",Orkney,KW17,"Orkney Islands"
wreath,56.09374191208597,-3.8169545411521884,1734293846,7201,1963,61,Female,Y,464,"Stirling (south and east: Braehead, Borestone, Broomridge, Torbrex)",Stirlingshire,FK7,"Stirling and Falkirk"
wreath,56.374561854562984,-3.3039317611703978,1734296579,7202,1985,39,Female,Y,1346,Glenfarg,"Perth and Kinross",PH2,Fife
wreath,55.916448442040064,-4.035243279604131,1734298036,7203,1970,54,Female,Y,514,"Cumbernauld (south: Condorrat, Lenziemill, Carbrain, Kildrum, Cumbernauld Village, Abronhill, Seafar)","North Lanarkshire",G67,Glasgow
wreath,56.204184240746315,-3.3096828321800564,1734479643,7206,1958,66,Other,Y,1100,Scotlandwell,"Perth and Kinross",KY13,Fife
wreath,56.127419515569265,-3.595974916009918,1735722217,7209,1949,76,Male,Y,1096,"Dunfermline (centre, north, west: Abbey Parks, Lady's Mill, Garvock, Headwell, Kingseathill, Wellwood, Milesmark, Baldridge, Pittencrieff, Baldridgeburn)",Fife,KY12,Fife
wreath,56.08857355499451,-3.449140873623097,1735993000,7210,1948,77,Male,Y,1096,"Dunfermline (centre, north, west: Abbey Parks, Lady's Mill, Garvock, Headwell, Kingseathill, Wellwood, Milesmark, Baldridge, Pittencrieff, Baldridgeburn)",Fife,KY12,Fife
wreath,55.92587309488475,-3.221638875709503,1736154419,7212,1987,38,Male,Y,319,"Blackford, Edinburgh",Edinburgh,"Edinburgh South","Lothian (Edinburgh)"
wreath,55.93896649155834,-3.064297560396056,1736179602,7219,1955,70,Female,N,330,Musselburgh,"East Lothian",EH21,"Lothian (Edinburgh)"
wreath,56.19743635727167,-3.7045083166354664,1736198461,7221,1978,47,Female,Y,397,Dollar,Clackmannanshire,FK14,"Stirling and Falkirk"
wreath,57.613748718514806,-4.169048090150532,1736255176,7228,1995,30,Female,Y,700,Fortrose,Highland,IV10,"Highlands (Inverness)"
wreath,55.94917994684468,-3.9860851648523115,1736862823,7243,2004,21,Female,Y,514,"Cumbernauld (south: Condorrat, Lenziemill, Carbrain, Kildrum, Cumbernauld Village, Abronhill, Seafar)","North Lanarkshire",G67,Glasgow
wreath,55.86957409006413,-3.547419739773092,1736877037,7246,1997,28,Other,Y,375,Livingston,"West Lothian",EH54,"Lothian (Edinburgh)"
wreath,57.389852685514235,-2.2557487104302165,1737370046,7257,1997,28,Male,Y,49,Ellon,Aberdeenshire,AB41,"North East (Aberdeen)"
wreath,55.762178864954514,-4.138188267887504,1737378612,7260,1992,33,Male,Y,528,Blantyre,"South Lanarkshire",G72,Glasgow
wreath,56.19650537968209,-3.9413585878787267,1737380173,7261,1977,48,Male,Y,405,Dunblane,Stirlingshire,FK15,"Stirling and Falkirk"
wreath,56.46163902322299,-3.0176760189815757,1737404192,7262,2000,25,Other,Y,261,"Westend, Dundee",Dundee,"Dundee West","Tayside and Angus (Dundee)"
wreath,55.875087846842,-3.177144795368017,1737495639,7267,1989,36,Female,Y,329,Loanhead,Midlothian,EH20,"Lothian (Edinburgh)"
wreath,55.849094260281596,-3.353927555116645,1737577354,2919,1991,31,Male,Y,311,"Currie, Edinburgh",Edinburgh,"Edinburgh South","Lothian (Edinburgh)"
wreath,56.083807877467784,-3.8368677000228124,1738096820,7274,2004,21,Female,Y,464,"Stirling (south and east: Braehead, Borestone, Broomridge, Torbrex)",Stirlingshire,FK7,"Stirling and Falkirk"
wreath,55.95356576369268,-4.83771505659785,1739289866,7293,2006,19,Male,Y,1235,Gourock,Inverclyde,PA19,Glasgow
wreath,55.956381135553094,-4.822000435896041,1739394195,7293,2006,19,Male,Y,1235,Gourock,Inverclyde,PA19,Glasgow
wreath,57.8211239743625,-4.254693839793193,1739444880,7302,2011,14,Female,School,711,Tain,Highland,IV19,"Highlands (Inverness)"
wreath,57.76575082513793,-4.1914633213655454,1739444988,7301,2011,14,Female,School,708,Invergordon,Highland,IV18,"Highlands (Inverness)"
wreath,57.71544868805811,-4.344091951090391,1739445030,7304,2011,14,Female,School,707,Alness,Highland,IV17,"Highlands (Inverness)"
wreath,57.71296454564768,-4.147450204086566,1739445066,7308,2012,13,Male,N,708,Invergordon,Highland,IV18,"Highlands (Inverness)"
wreath,57.728065328602824,-4.188776599638784,1739450754,7315,2010,15,Male,School,708,Invergordon,Highland,IV18,"Highlands (Inverness)"
wreath,57.753231774680394,-4.578344943631161,1739450804,7316,2010,15,Male,School,707,Alness,Highland,IV17,"Highlands (Inverness)"
wreath,57.700558953849544,-4.157563117587936,1739451006,7288,2010,15,Female,School,708,Invergordon,Highland,IV18,"Highlands (Inverness)"
wreath,57.72521650766216,-4.187216976381753,1739451025,7290,2010,15,Female,School,708,Invergordon,Highland,IV18,"Highlands (Inverness)"
wreath,57.716924594016824,-4.218912677575928,1739451052,7284,2010,15,Male,School,708,Invergordon,Highland,IV18,"Highlands (Inverness)"
wreath,57.721083818182,-4.157257439603171,1739451142,7286,2010,15,Male,School,708,Invergordon,Highland,IV18,"Highlands (Inverness)"
wreath,57.27431683120784,-2.13498686291353,1739451144,7289,2010,15,Male,N,109,"Hazelhead, Aberdeen",Aberdeen,"Aberdeen North","North East (Aberdeen)"
wreath,57.75409541914886,-4.228685357215037,1739451271,7290,2010,15,Female,School,708,Invergordon,Highland,IV18,"Highlands (Inverness)"
wreath,57.74718056053298,-4.32104528824059,1739451564,7316,2010,15,Male,School,707,Alness,Highland,IV17,"Highlands (Inverness)"
wreath,55.95295593692112,-3.253918878288923,1739524360,7318,2012,13,Male,School,298,"Inverleith, Edinburgh",Edinburgh,"Edinburgh North","Lothian (Edinburgh)"
wreath,57.37600913386415,-6.676236461178995,1740179889,7323,1956,69,Female,Y,768,"Dunvegan, Isle of Skye",Highland,IV55,"Highlands (Inverness)"
wreath,57.70307482163994,-4.141286594677774,1741173531,7334,2009,16,Male,School,708,Invergordon,Highland,IV18,"Highlands (Inverness)"
wreath,57.52148275896011,-4.28344082756281,1741205248,7345,2003,22,Male,Y,699,"Inverness (centre, north: Longman)",Highland,IV1,"Highlands (Inverness)"
wreath,55.5100761941534,-5.70400401852008,1744471685,7359,1976,49,Female,Y,1246,Campbeltown,"Argyll and Bute",PA28,"Argyll and Bute"
wreath,56.4869109068538,-2.9449551420026245,1745839059,7367,1963,62,Male,Y,252,"Linlathen and Midcraigie, Dundee",Dundee,"Dundee North","Tayside and Angus (Dundee)"
wreath,55.7931836885194,-4.287417010602737,1748429507,7374,2010,15,Male,School,650,"Newlands, Glasgow",Glasgow,"Glasgow South",Glasgow
wreath,55.923663948557056,-3.2931735712156414,1749589547,7377,1965,60,Female,Y,270,"Meadows and Southside, Edinburgh",Edinburgh,"Edinburgh Central","Lothian (Edinburgh)"
wreath,55.67568425206373,-3.6307848416996324,1751561619,7384,2008,17,Other,School,1167,Lanark,"South Lanarkshire",ML11,Glasgow
wreath,55.829311859576215,-4.513033839770271,1752043326,7385,1966,59,Male,Y,1275,Elderslie,Renfrewshire,PA5,Glasgow
wreath,55.859113619416036,-4.270920213103619,1752511291,7386,2004,21,Female,Y,591,"Hillhead, Glasgow",Glasgow,"Glasgow Kelvin",Glasgow
wreath,55.897599736175486,-3.7754238041110924,1752844071,7388,1993,32,Male,Y,368,Bathgate,"West Lothian",EH48,"Lothian (Edinburgh)"
wreath,56.17533075577793,-3.03986815359732,1754700204,7390,1951,74,Female,Y,1142,Methil,Fife,KY8,Fife
wreath,56.230802750684425,-3.5703964347733783,1756033606,7393,2002,23,Female,Y,1098,Kinross,"Perth and Kinross",KY13,Fife
wreath,55.91413248818727,-4.333906808817975,1759488444,7402,2005,20,Female,Y,488,Bearsden,"East Dunbartonshire",G61,Glasgow
wreath,55.89095190235781,-4.972335387224093,1759492395,7404,1987,38,Male,Y,1241,Dunoon,"Argyll and Bute",PA23,"Argyll and Bute"
wreath,55.87594986414024,-4.30228935708177,1759669565,7405,1997,28,Female,Y,587,"Jordanhill, Glasgow",Glasgow,"Glasgow Kelvin",Glasgow
wreath,57.659715076211974,-3.2112272724480584,1760240127,7409,1993,32,Female,Y,737,Elgin,Moray,IV30,"North East (Aberdeen)"
wreath,57.139904629969955,-2.1034886222995715,1760907529,7411,1958,67,Female,Y,132,"Peterculter, Aberdeen",Aberdeen,"Aberdeen Southwest","North East (Aberdeen)"
wreath,55.96522696310621,-3.219629164135159,1760962446,7412,2004,21,Female,Y,287,"Corstorphine, Edinburgh",Edinburgh,"Edinburgh North","Lothian (Edinburgh)"
wreath,55.963115280448655,-3.369841830119559,1760979223,7413,1958,67,Female,Y,301,"Kirkliston, Edinburgh",Edinburgh,"Edinburgh Northwest","Lothian (Edinburgh)"
wreath,56.2689285049149,-2.8667455439947034,1761128007,7417,1994,31,Other,Y,1105,Cupar,Fife,KY15,Fife
wreath,57.43140309795792,-3.660680859723596,1761825013,7422,1996,29,Male,Y,740,Forres,Moray,IV36,"North East (Aberdeen)"
wreath,56.12630443387884,-3.8290270026446938,1763650454,7425,1945,80,Male,Y,391,Alloa,Clackmannanshire,FK10,"Stirling and Falkirk"
wreath,56.495174946270495,-3.0045996565133986,1763661264,7427,1962,63,Female,Y,244,"Stobswell, Dundee",Dundee,"Dundee Central","Tayside and Angus (Dundee)"
wreath,55.8650001420695,-3.3928207224394904,1763759912,7430,1970,55,Male,Y,317,"Marchmont, Edinburgh",Edinburgh,"Edinburgh South","Lothian (Edinburgh)"
wreath,55.967063609818574,-3.167890611957983,1763846069,7431,1962,63,Male,N,284,"Restalrig, Edinburgh",Edinburgh,"Edinburgh Leith","Lothian (Edinburgh)"
wreath,55.88800153724683,-3.25144971265102,1763983456,7432,1980,45,Other,Y,309,"Cameron Toll, Edinburgh",Edinburgh,"Edinburgh South","Lothian (Edinburgh)"
wreath,56.02627699917629,-3.8814629925562203,1764846187,7437,1985,40,Female,Y,452,Denny,Falkirk,FK6,"Stirling and Falkirk"
wreath,56.0630823522991,-3.2484490228530727,1765742393,7442,2012,13,Male,School,1119,Burntisland,Fife,KY3,Fife
wreath,55.81559121368054,-3.016973837815954,1767202076,7449,1951,74,Female,N,338,Gorebridge,Midlothian,EH23,"Lothian (Edinburgh)"
wreath,56.14242791550363,-3.2929666686272463,1767490333,7451,2007,19,Female,Y,1126,Cardenden,Fife,KY5,Fife
wreath,56.15257523742733,-3.1815440172718703,1768832911,7472,1975,51,Female,Y,1117,"Kirkcaldy (west: Hayfield, Templehall, Newliston, Chapel, Dunnikier, Bennochy)",Fife,KY2,Fife
wreath,55.809386779243624,-4.337162460022546,1769176374,7480,1985,41,Female,Y,677,"Hillington, Glasgow",Glasgow,"Glasgow Southwest",Glasgow
wreath,55.901431926929895,-2.6153829624739293,1769369483,7482,1949,77,Male,N,359,Dunbar,"East Lothian",EH42,"Lothian (Edinburgh)"
wreath,56.03168035559088,-4.369696670547951,1769530265,7485,1993,33,Male,Y,492,Balfron,Stirlingshire,G63,"Stirling and Falkirk"
wreath,55.84536538627211,-4.466448541419426,1770196346,7498,2011,15,Male,School,1221,Ralston,Renfrewshire,PA1,Glasgow
wreath,55.79373358466172,-4.518617055182938,1770196957,7501,2011,15,Other,School,1236,"Paisley (south: Blackhall, Castlehead, Dykebar, Foxbar, Hunterhill, Meikleriggs)",Renfrewshire,PA2,Glasgow
reef,57.279310217455276,-3.088359151551094,1653867154,68,1975,47,Female,N,40,Strathdon,Aberdeenshire,AB36,"North East (Aberdeen)"
reef,55.87845776378799,-2.8587086175832512,1653994914,158,1998,24,Other,Y,350,Pencaitland,"East Lothian",EH34,"Lothian (Edinburgh)"
reef,57.53507622014053,-2.7687887825696365,1654295918,180,1985,37,Male,Y,83,Huntly,Aberdeenshire,AB54,"North East (Aberdeen)"
reef,57.66324184260031,-2.6861256045142152,1655112063,187,2005,17,Male,School,62,Portsoy,Aberdeenshire,AB45,"North East (Aberdeen)"
reef,57.497532217952305,-2.7605716065730985,1655112189,193,2006,16,Female,School,79,Aberchirder,Aberdeenshire,AB54,"North East (Aberdeen)"
reef,57.6428350382577,-2.667118496214714,1655112212,188,2005,17,Female,School,63,Whitehills,Aberdeenshire,AB45,"North East (Aberdeen)"
reef,57.58859551832103,-2.7081038327175415,1655112240,200,2007,15,Male,School,59,Banff,Aberdeenshire,AB45,"North East (Aberdeen)"
reef,57.66499460874594,-2.4921311833220514,1655112245,191,2005,17,Female,School,58,Macduff,Aberdeenshire,AB44,"North East (Aberdeen)"
reef,57.6215400992214,-2.6950186099025957,1655112305,203,2006,16,Male,School,59,Banff,Aberdeenshire,AB45,"North East (Aberdeen)"
reef,57.38817121866139,-3.0397903671836572,1655112319,199,2007,15,Male,School,79,Aberchirder,Aberdeenshire,AB54,"North East (Aberdeen)"
reef,55.133412089005986,-3.703146498732319,1655185337,207,1991,31,Male,Y,207,"Dumfries (west: Broomlands, Cargenbridge, Lochside, Maxwelltown, Troqueer)","Dumfries and Galloway",DG2,"Dumfries and Galloway"
reef,57.6384713147671,-2.948358244509576,1655212848,215,2006,16,Male,School,94,Portgordon,Moray,AB56,"North East (Aberdeen)"
reef,57.67913855156679,-2.949482580747891,1655212918,225,2006,16,Male,School,90,Buckie,Moray,AB56,"North East (Aberdeen)"
reef,57.68283224449524,-2.8508079416262824,1655212948,220,2007,15,Male,N,90,Buckie,Moray,AB56,"North East (Aberdeen)"
reef,57.617194830944996,-2.8167660929862954,1655212949,228,2006,16,Male,School,95,Portknockie,Moray,AB56,"North East (Aberdeen)"
reef,57.663445473531745,-2.814928796710311,1655212978,224,2006,16,Male,School,94,Portgordon,Moray,AB56,"North East (Aberdeen)"
reef,57.64152057866385,-2.9108991168754432,1655212986,229,2006,16,Female,N,90,Buckie,Moray,AB56,"North East (Aberdeen)"
reef,57.66474359816729,-2.8858392810110387,1655213014,221,2006,16,Female,School,90,Buckie,Moray,AB56,"North East (Aberdeen)"
reef,57.63315690818995,-2.8959280235646063,1655213451,230,2006,16,Male,N,90,Buckie,Moray,AB56,"North East (Aberdeen)"
reef,57.6803057341071,-2.909085733675215,1655291512,254,2008,14,Female,School,92,Findochty,Moray,AB56,"North East (Aberdeen)"
reef,57.626420029726255,-2.818467520108111,1655291618,251,2009,13,Male,School,95,Portknockie,Moray,AB56,"North East (Aberdeen)"
reef,57.607275665310404,-2.860965540892734,1655291630,244,2008,14,Male,School,90,Buckie,Moray,AB56,"North East (Aberdeen)"
reef,57.67291053363126,-2.8716190488911977,1655291632,241,2008,14,Female,N,90,Buckie,Moray,AB56,"North East (Aberdeen)"
reef,57.65743641158676,-2.8048799813537006,1655291648,238,2008,14,Female,N,90,Buckie,Moray,AB56,"North East (Aberdeen)"
reef,57.621623282363224,-2.922654730263338,1655293056,260,2005,17,Male,School,90,Buckie,Moray,AB56,"North East (Aberdeen)"
reef,57.60642489226748,-2.966503104392801,1655293811,264,2006,16,Female,School,90,Buckie,Moray,AB56,"North East (Aberdeen)"
reef,57.68491464592619,-2.8346421305791,1655293829,267,2006,16,Female,School,90,Buckie,Moray,AB56,"North East (Aberdeen)"
reef,57.61740357445738,-3.0172444644470042,1655293832,265,2006,16,Female,School,95,Portknockie,Moray,AB56,"North East (Aberdeen)"
reef,57.62423157607184,-2.847985624032018,1655293840,261,2005,17,Male,School,90,Buckie,Moray,AB56,"North East (Aberdeen)"
reef,57.62507762528117,-2.867119297841609,1655293950,264,2006,16,Female,School,90,Buckie,Moray,AB56,"North East (Aberdeen)"
reef,57.66282645504301,-2.948498056970601,1655294068,258,2006,16,Female,School,90,Buckie,Moray,AB56,"North East (Aberdeen)"
reef,57.65768817536191,-3.0152961620311585,1655299923,294,2005,17,Male,School,95,Portknockie,Moray,AB56,"North East (Aberdeen)"
reef,57.65169709064426,-2.8074123976798404,1655300075,285,2006,16,Female,School,91,Cullen,Moray,AB56,"North East (Aberdeen)"
reef,57.621933281069744,-2.916190447386826,1655300287,290,2006,16,Female,School,94,Portgordon,Moray,AB56,"North East (Aberdeen)"
reef,57.57459173194373,-3.3870999699237916,1655300577,281,2006,16,Female,School,737,Elgin,Moray,IV30,"North East (Aberdeen)"
reef,60.30468664142847,-1.1937970837178273,1663158313,336,2008,14,Male,School,1512,Brae,"Shetland Isles",ZE2,"Shetland Islands"
reef,60.25764870620046,-1.6537727173986756,1663158421,346,2008,14,Male,School,1512,Brae,"Shetland Isles",ZE2,"Shetland Islands"
reef,60.42622490581929,-1.2435344899534835,1663158436,342,2007,15,Male,School,1622,Voe,"Shetland Isles",ZE2,"Shetland Islands"
reef,60.220715738373926,-1.4954147449482678,1663158447,333,2008,14,Female,School,1582,Mossbank,"Shetland Isles",ZE2,"Shetland Islands"
reef,60.291456032010615,-1.3122321411937103,1663158729,338,2008,14,Female,School,1512,Brae,"Shetland Isles",ZE2,"Shetland Islands"
reef,60.184096936569446,-1.2187336167748053,1663159207,341,2008,14,Male,School,1512,Brae,"Shetland Isles",ZE2,"Shetland Islands"
reef,55.770974267365354,-4.10134149182032,1663161230,363,2008,14,Male,School,1183,Hamilton,"South Lanarkshire",ML3,Glasgow
reef,60.59899262499103,-0.7931168412425846,1663161520,352,2008,14,Male,N,1584,"North Roe","Shetland Isles",ZE2,"Shetland Islands"
reef,60.44903285626593,-1.2460093083488384,1663161823,365,2008,14,Male,School,1607,Sullom,"Shetland Isles",ZE2,"Shetland Islands"
reef,60.37208727390736,-1.3200588349219045,1663161867,356,2008,14,Male,School,1621,Vidlin,"Shetland Isles",ZE2,"Shetland Islands"
reef,55.952357063474736,-4.943266815352478,1663178634,389,1965,57,Female,Y,1241,Dunoon,"Argyll and Bute",PA23,"Argyll and Bute"
reef,55.94215437123232,-4.733523554982662,1663178830,387,1991,31,Female,Y,1230,"Greenock (central and east: Bogston, Bridgend, Cartsdyke, Gibshill, Greenock Central, Ladyburn, Upper Ingleston)",Inverclyde,PA15,Glasgow
reef,55.44363775640401,-2.346926791797341,1663179942,391,1972,50,Female,N,1451,Kelso,"Scottish Borders",TD5,Borders
reef,55.84243318172092,-4.341252916474537,1663191663,408,1984,38,Male,N,675,"Penilee, Glasgow",Glasgow,"Glasgow Southwest",Glasgow
reef,55.75183788361121,-4.37883131670399,1663254206,426,1982,40,Female,Y,539,"Newton Mearns","East Renfrewshire",G77,Glasgow
reef,55.86750162261331,-3.7019348074899616,1663430881,431,1982,40,Male,Y,366,Whitburn,"West Lothian",EH47,"Lothian (Edinburgh)"
reef,55.47094163970873,-4.200548742636523,1664215046,437,1977,45,Female,N,798,Cumnock,"East Ayrshire",KA18,Ayrshire
reef,55.82941976514592,-4.37428587137301,1664775353,449,1957,65,Male,N,678,"Cardonald, Glasgow",Glasgow,"Glasgow Southwest",Glasgow
reef,55.829828543855264,-4.105603982866021,1664791759,472,1999,23,Female,Y,601,Bargeddie,"North Lanarkshire","Glasgow Northeast",Glasgow
reef,55.94279036675001,-3.2186751236850473,1664795436,496,1987,35,Male,Y,269,"Gorgie, Edinburgh",Edinburgh,"Edinburgh Central","Lothian (Edinburgh)"
reef,56.12576345509897,-4.437603459248271,1664795651,509,1992,30,Female,Y,473,"Stirling (centre and west: Kings Park, Raploch, Riverside)",Stirlingshire,FK8,"Stirling and Falkirk"
reef,55.974160166564104,-4.549637339934683,1664796049,511,1987,35,Female,Y,549,Dumbarton,"West Dunbartonshire",G82,Glasgow
reef,56.02092904104296,-3.7629701562180817,1664796663,515,1989,33,Female,Y,419,Airth,Falkirk,FK2,"Stirling and Falkirk"
reef,54.883352902777,-5.046943423813789,1664796762,516,1988,34,Male,Y,230,Sandhead,"Dumfries and Galloway",DG9,"Dumfries and Galloway"
reef,55.68760521441661,-2.640981200006452,1664797375,522,1977,45,Female,Y,1442,Earlston,"Scottish Borders",TD4,Borders
reef,55.57877689977969,-4.53773636021316,1664797631,526,1996,26,Male,Y,809,Dundonald,"South Ayrshire",KA2,Ayrshire
reef,59.16848944987629,-2.9278151865476887,1664797774,527,1947,75,Female,Y,1025,"Orkney Islands",Orkney,KW17,"Orkney Islands"
reef,59.07773457175133,-3.162533040718275,1664799832,539,1949,73,Female,Y,1025,"Orkney Islands",Orkney,KW17,"Orkney Islands"
reef,56.491188486045964,-2.9329445728733043,1664800804,548,1966,56,Male,N,250,"Downfield, Dundee",Dundee,"Dundee North","Tayside and Angus (Dundee)"
reef,58.79534319108879,-2.978264423330147,1664803603,564,1956,66,Female,N,1025,"Orkney Islands",Orkney,KW17,"Orkney Islands"
reef,55.96877904481343,-5.451551511918075,1664805742,585,1994,28,Female,Y,1250,Ardrishaig,"Argyll and Bute",PA30,"Argyll and Bute"
reef,59.27945919845382,-2.49761341100372,1664806639,593,1957,65,Female,N,1025,"Orkney Islands",Orkney,KW17,"Orkney Islands"
reef,55.90668921904007,-3.2120097747656504,1664807520,599,1985,37,Male,Y,319,"Blackford, Edinburgh",Edinburgh,"Edinburgh South","Lothian (Edinburgh)"
reef,55.81967693327644,-4.079511021578785,1664810053,613,1983,39,Female,Y,623,"Shettleston, Glasgow",Glasgow,"Glasgow Northeast",Glasgow
reef,55.94821441364146,-3.1870625390587146,1664810431,617,1995,27,Male,N,267,"Sighthill, Edinburgh",Edinburgh,"Edinburgh Central","Lothian (Edinburgh)"
reef,55.8479362803586,-4.1264253568545275,1664810939,619,1957,65,Male,Y,600,"Garrowhill, Glasgow",Glasgow,"Glasgow Northeast",Glasgow
reef,55.88257481081681,-4.199599843223206,1664812952,630,1987,35,Female,N,623,"Shettleston, Glasgow",Glasgow,"Glasgow Northeast",Glasgow
reef,55.812112822757534,-4.073079425982072,1664813048,632,1959,63,Female,Y,623,"Shettleston, Glasgow",Glasgow,"Glasgow Northeast",Glasgow
reef,55.09624470664887,-3.5428748811201003,1664813610,635,1939,83,Male,N,186,"Dumfries (centre and east: Dalscone, Georgetown, Heathhall, Kingholm Quay, Noblehill, The Crichton)","Dumfries and Galloway",DG1,"Dumfries and Galloway"
reef,54.973997293584404,-3.5296360095267536,1664813743,635,1939,83,Male,N,186,"Dumfries (centre and east: Dalscone, Georgetown, Heathhall, Kingholm Quay, Noblehill, The Crichton)","Dumfries and Galloway",DG1,"Dumfries and Galloway"
reef,55.52121408291884,-4.21435417977549,1664816277,657,1970,52,Male,Y,845,Catrine,"East Ayrshire",KA5,Ayrshire
reef,56.28476216941334,-2.9578469097274893,1664817202,666,1986,36,Male,Y,1105,Cupar,Fife,KY15,Fife
reef,57.63452181099085,-4.434947173070497,1664817701,671,1987,35,Female,Y,705,Dingwall,Highland,IV15,"Highlands (Inverness)"
reef,55.874049978185155,-4.341144631691858,1664819057,677,1978,44,Female,N,638,"Drumchapel, Glasgow",Glasgow,"Glasgow Northwest",Glasgow
reef,56.16057577153681,-3.9367356481943023,1664820788,694,2000,22,Male,Y,479,"Stirling (north: Causewayhead, Cornton)",Stirlingshire,FK9,"Stirling and Falkirk"
reef,55.84890666078011,-4.0232665285104,1664820856,696,1987,35,Female,Y,1189,Coatbridge,"North Lanarkshire",ML5,Glasgow
reef,55.86343038019027,-4.4503986072617,1664820959,695,2004,18,Male,School,1249,"Paisley (north west: Ferguslie Park, Gallowhill, Gockston, Shortroods, )",Renfrewshire,PA3,Glasgow
reef,55.84529107713992,-4.249657541199857,1664822242,710,1999,23,Male,Y,672,"Govan, Glasgow",Glasgow,"Glasgow Southwest",Glasgow
reef,56.4532684152665,-3.56907681189726,1664822306,705,1947,75,Male,Y,1313,"Perth (north and west: Burghmuir, Cherrybank, Hillyland, Inveralmond, Lethom, Muirton, North Muirton, Tulloch)","Perth and Kinross",PH1,Fife
reef,57.58447881556201,-4.717927193326856,1664823261,714,2004,18,Female,Y,704,Strathpeffer,Highland,IV14,"Highlands (Inverness)"
reef,57.57315452293569,-4.663188431494338,1664823464,714,2004,18,Female,Y,704,Strathpeffer,Highland,IV14,"Highlands (Inverness)"
reef,55.84232762028932,-4.501521135598578,1664824958,725,1989,33,Male,Y,1276,Johnstone,Renfrewshire,PA5,Glasgow
reef,54.89782880511544,-3.7668792146632164,1664825390,727,1986,36,Male,Y,215,Dalbeattie,"Dumfries and Galloway",DG5,"Dumfries and Galloway"
reef,55.85159046479431,-4.668952516896218,1664826520,731,1996,26,Female,Y,1222,Kilbarchan,Renfrewshire,PA10,Glasgow
reef,55.94287551088682,-3.94519889030506,1664827315,736,2001,21,Female,Y,514,"Cumbernauld (south: Condorrat, Lenziemill, Carbrain, Kildrum, Cumbernauld Village, Abronhill, Seafar)","North Lanarkshire",G67,Glasgow
reef,55.757862015412364,-4.204697124571656,1664827428,734,1984,38,Male,Y,534,"East Kilbride (south: Hairmyres, Westwood, The Murray, Murray East, Whitehills, Greenhill, Newlandsmuir, Gardenhall, Crosshouse, Newlands, Lindsayfield, Mossneuk)","South Lanarkshire",G75,Glasgow
reef,55.70827621291274,-3.9683124907739846,1664830935,758,1962,60,Female,Y,1217,Larkhall,"North Lanarkshire",ML9,Glasgow
reef,55.8205246845917,-4.466960722354488,1664831137,760,1989,33,Female,N,1236,"Paisley (south: Blackhall, Castlehead, Dykebar, Foxbar, Hunterhill, Meikleriggs)",Renfrewshire,PA2,Glasgow
reef,55.94086871549549,-3.867388532289588,1664832007,764,1991,31,Female,Y,383,Slamannan, Falkirk,FK1,"Stirling and Falkirk"
reef,55.74830036433684,-4.231700495630472,1664833976,691,1984,38,Female,Y,534,"East Kilbride (south: Hairmyres, Westwood, The Murray, Murray East, Whitehills, Greenhill, Newlandsmuir, Gardenhall, Crosshouse, Newlands, Lindsayfield, Mossneuk)","South Lanarkshire",G75,Glasgow
reef,55.809736233251506,-4.169869455518356,1664835196,781,1975,47,Female,Y,529,Cambuslang,"South Lanarkshire",G72,Glasgow
reef,55.67259767153821,-4.810299294819356,1664837795,784,1959,63,Female,Y,813,Ardrossan,"North Ayrshire",KA22,Ayrshire
reef,55.843671736727266,-4.322988987095466,1664842369,794,1947,75,Male,N,676,"Mosspark, Glasgow",Glasgow,"Glasgow Southwest",Glasgow
reef,55.818388428141354,-4.276303518106494,1664867704,813,1957,65,Male,N,656,"Croftfoot, Glasgow",Glasgow,"Glasgow South",Glasgow
reef,57.50021504424697,-2.519977427817315,1664870661,835,1987,35,Male,Y,78,Turriff,Aberdeenshire,AB53,"North East (Aberdeen)"
reef,56.02607475780275,-3.4547352857413185,1664871278,859,1939,83,Male,Y,1090,"Dunfermline (south and east: Halbeath, Touch, Duloch, Masterton, Pitcorthie, Abbeyview, Brucefield, Hospital Hill, Camdean, Pitreavie)",Fife,KY11,Fife
reef,56.04909962873326,-3.362506925819307,1664871285,874,1980,42,Male,N,1094,Rosyth,Fife,KY11,Fife
reef,55.88001131644586,-3.5525253651537483,1664871310,873,1993,29,Male,Y,375,Livingston,"West Lothian",EH54,"Lothian (Edinburgh)"
reef,56.480744804846346,-2.885270211799016,1664871441,866,1956,66,Male,Y,255,"Fintry, Dundee",Dundee,"Dundee North","Tayside and Angus (Dundee)"
reef,55.94155789792422,-4.2009472380204596,1664871688,862,1964,58,Female,Y,502,Bishopbriggs,"East Dunbartonshire",G64,Glasgow
reef,55.75316822132856,-3.8225776239850187,1664871986,876,1997,25,Male,Y,1212,Carluke,"South Lanarkshire",ML8,Glasgow
reef,55.941408291123984,-3.170694409615579,1664872380,895,1985,37,Male,Y,281,"Portobello, Edinburgh",Edinburgh,"Edinburgh Duddingston","Lothian (Edinburgh)"
reef,56.261067268133665,-4.287466462862847,1664872408,897,1994,28,Female,Y,410,Callander,Stirlingshire,FK17,"Stirling and Falkirk"
reef,55.9389392916103,-3.0998683791741772,1664872547,895,1985,37,Male,Y,281,"Portobello, Edinburgh",Edinburgh,"Edinburgh Duddingston","Lothian (Edinburgh)"
reef,55.714509926461446,-4.061062131223283,1664873007,919,1989,33,Male,Y,1160,Strathaven,"North Lanarkshire",ML10,Glasgow
reef,56.09899748139069,-3.2562119732232255,1664873010,910,1959,63,Male,Y,1117,"Kirkcaldy (west: Hayfield, Templehall, Newliston, Chapel, Dunnikier, Bennochy)",Fife,KY2,Fife
reef,55.5522432933894,-3.4068662660188913,1664874019,937,2000,22,Other,Y,1170,Biggar,"South Lanarkshire",ML12,Glasgow
reef,60.58205076415759,-1.1476863001320323,1664874056,940,1995,27,Male,Y,1555,Hamnavoe,"Shetland Isles",ZE2,"Shetland Islands"
reef,57.62138897201913,-2.009906117225201,1664874394,946,1960,62,Female,N,57,Fraserburgh,Aberdeenshire,AB43,"North East (Aberdeen)"
reef,55.84502018422778,-4.441983665980338,1664874603,956,1994,28,Male,Y,1220,"Paisley (central, east and north east: Ferguslie, Oldhall, Seedhill, Williamsburgh, Whitehaugh)",Renfrewshire,PA1,Glasgow
reef,55.77556458819525,-4.102006381765647,1664875054,975,1985,37,Male,Y,528,Blantyre,"South Lanarkshire",G72,Glasgow
reef,56.44755113667824,-2.87929511805591,1664875520,993,1952,70,Male,N,174,Gauldry,Fife,DD6,"Tayside and Angus (Dundee)"
reef,59.87937435855525,-1.3025712026322978,1664875746,1003,1991,31,Male,Y,1636,Sumburgh,"Shetland Isles",ZE3,"Shetland Islands"
reef,55.91964366723516,-4.5726857382073005,1664875896,998,1986,36,Male,N,1229,"Port Glasgow",Inverclyde,PA14,Glasgow
reef,55.25457198365279,-4.6422757752642605,1664876184,1051,1995,27,Other,Y,818,Ballantrae,"South Ayrshire",KA26,Ayrshire
reef,55.81084469056438,-4.254682642459213,1664876239,1039,1992,30,Male,Y,645,Clarkston,"East Renfrewshire","Glasgow South",Glasgow
reef,55.929749786545344,-3.8894847494140317,1664876340,1032,2001,21,Male,N,377,"Falkirk (centre and south: Arnothill, Bantaskin, Callendar Park, Glen Village, Hallglen, Lionthorn, Tamfourhill, Woodlands)",Falkirk,FK1,"Stirling and Falkirk"
reef,54.86520207253992,-5.119960922842726,1664876777,1046,1976,46,Male,N,231,Stranraer,"Dumfries and Galloway",DG9,"Dumfries and Galloway"
reef,55.887423460841184,-4.370142985476054,1664876836,996,1956,66,Male,Y,642,"Yoker, Glasgow",Glasgow,"Glasgow Northwest",Glasgow
reef,56.05464116960985,-3.9869207274947116,1664876846,1078,1985,37,Female,Y,457,Bannockburn,Stirlingshire,FK7,"Stirling and Falkirk"
reef,58.604272585963244,-3.3436630973053805,1664876883,1077,1985,37,Female,Y,954,Scarfskerry,Highland,KW14,"Highlands (Inverness)"
reef,56.09172017950622,-3.8282429582062893,1664876907,1078,1985,37,Female,Y,457,Bannockburn,Stirlingshire,FK7,"Stirling and Falkirk"
reef,55.95525119270962,-4.460146249188505,1664876907,1063,1958,64,Female,Y,546,Clydebank,"West Dunbartonshire",G81,Glasgow
reef,55.86353097727524,-4.31988420623018,1664876913,1080,1988,34,Male,Y,661,"Govanhill, Glasgow",Glasgow,"Glasgow Southwest",Glasgow
reef,55.92386612719407,-4.388112689779485,1664876961,1012,1964,58,Male,N,546,Clydebank,"West Dunbartonshire",G81,Glasgow
reef,56.55069503307198,-4.405342180099495,1664877006,1092,1992,30,Female,Y,1327,Aberfeldy,"Perth and Kinross",PH15,Fife
reef,55.9196916745334,-4.010070015689702,1664877065,822,1992,30,Male,Y,514,"Cumbernauld (south: Condorrat, Lenziemill, Carbrain, Kildrum, Cumbernauld Village, Abronhill, Seafar)","North Lanarkshire",G67,Glasgow
reef,55.80534609178939,-4.350163991203453,1664877075,1080,1988,34,Male,Y,661,"Govanhill, Glasgow",Glasgow,"Glasgow Southwest",Glasgow
reef,55.87663926733764,-4.248067486981606,1664877163,1083,1961,61,Female,Y,598,Rutherglen,"South Lanarkshire","Glasgow Northeast",Glasgow
reef,56.01571286939686,-5.132717894962508,1664877301,1106,1970,52,Male,N,1241,Dunoon,"Argyll and Bute",PA23,"Argyll and Bute"
reef,55.7829196409282,-4.013878744696223,1664877544,1124,1988,34,Male,Y,1151,Motherwell,"North Lanarkshire",ML1,Glasgow
reef,55.95918097541526,-4.453163905640448,1664877558,1104,1972,50,Female,N,546,Clydebank,"West Dunbartonshire",G81,Glasgow
reef,56.01881424017856,-3.712671984842264,1664877569,1116,1974,48,Male,Y,439,Grangemouth,Falkirk,FK3,"Stirling and Falkirk"
reef,55.92591396053015,-3.789465712324507,1664877605,1108,1994,28,Male,Y,377,"Falkirk (centre and south: Arnothill, Bantaskin, Callendar Park, Glen Village, Hallglen, Lionthorn, Tamfourhill, Woodlands)",Falkirk,FK1,"Stirling and Falkirk"
reef,55.89646897289281,-4.30306095893404,1664877645,1129,1973,49,Male,N,612,"Easterhouse, Glasgow",Glasgow,"Glasgow Northeast",Glasgow
reef,55.85821552579766,-4.267474083338452,1664877782,1118,1955,67,Male,Y,586,"Kelvinside, Glasgow",Glasgow,"Glasgow Kelvin",Glasgow
reef,55.72717545951946,-3.838463603821326,1664878065,1075,1988,34,Female,Y,1215,Rosebank,"South Lanarkshire",ML8,Glasgow
reef,56.17286658114088,-3.1601752016034776,1664878121,1152,1984,38,Female,Y,1133,"Glenrothes (centre and east: Pitteuchar, Finglassie, Stenton, Auchmuty, Pitcoudie, Balfarg, Pircairn, Collydean)",Fife,KY7,Fife
reef,56.292381497478026,-3.156282854371575,1664878382,1141,1997,25,Male,Y,1105,Cupar,Fife,KY15,Fife
reef,55.774407975342235,-3.9237180370618954,1664878468,1175,1997,25,Male,Y,1180,Wishaw,"North Lanarkshire",ML2,Glasgow
reef,55.79532145039804,-3.9727876206357395,1664878786,1181,1980,42,Female,Y,1151,Motherwell,"North Lanarkshire",ML1,Glasgow
reef,57.15803236339691,-2.0897304369461125,1664878793,1182,1983,39,Female,Y,104,"Tillydrone, Aberdeen",Aberdeen,"Aberdeen Central","North East (Aberdeen)"
reef,55.86476690988128,-4.07346480062845,1664878941,1184,1982,40,Male,Y,1189,Coatbridge,"North Lanarkshire",ML5,Glasgow
reef,55.94579104078926,-3.0923586379858086,1664879012,1191,1958,64,Male,N,281,"Portobello, Edinburgh",Edinburgh,"Edinburgh Duddingston","Lothian (Edinburgh)"
reef,55.824351995171305,-3.883759811647538,1664879080,1195,1992,30,Male,Y,1151,Motherwell,"North Lanarkshire",ML1,Glasgow
reef,56.032407648086775,-3.8423205559537386,1664879308,1202,1974,48,Male,Y,449,Larbert,Falkirk,FK5,"Stirling and Falkirk"
reef,55.8195649407489,-4.282167917377205,1664879395,1215,1997,25,Male,Y,648,"Shawlands, Glasgow",Glasgow,"Glasgow South",Glasgow
reef,56.09209544444577,-3.358737706005991,1664879446,1125,1978,44,Female,Y,1121,Cowdenbeath,Fife,KY4,Fife
reef,55.8445947011219,-4.137283564226869,1664879667,1221,1995,27,Male,Y,615,"Bridgeton, Glasgow",Glasgow,"Glasgow Northeast",Glasgow
reef,56.028810648632444,-3.7590459291239635,1664879716,1194,1993,29,Male,Y,422,"Falkirk (north: Grahamston, Middlefield, Westfield)",Falkirk,FK2,"Stirling and Falkirk"
reef,55.82234530223868,-4.082807690693295,1664879944,1228,1984,38,Female,Y,629,"Barmulloch, Glasgow",Glasgow,"Glasgow Northeast",Glasgow
reef,58.53767778510245,-3.278657079865156,1664880073,1254,1989,33,Male,N,899,Wick,Highland,KW1,"Highlands (Inverness)"
reef,55.8375106196706,-4.15265142338357,1664880129,1228,1984,38,Female,Y,629,"Barmulloch, Glasgow",Glasgow,"Glasgow Northeast",Glasgow
reef,57.04321829458385,-2.24084519449567,1664880315,1245,1997,25,Female,Y,48,Stonehaven,Aberdeenshire,AB39,"North East (Aberdeen)"
reef,55.761217345362176,-4.07853802484248,1664880366,1246,2003,19,Female,Y,1183,Hamilton,"South Lanarkshire",ML3,Glasgow
reef,55.80419723435836,-3.1623249049981244,1664880386,1241,1959,63,Male,N,343,Penicuik,Midlothian,EH26,"Lothian (Edinburgh)"
reef,54.77238545263967,-4.381723980686744,1664880472,1242,1981,41,Female,Y,226,"Port William","Dumfries and Galloway",DG8,"Dumfries and Galloway"
reef,56.176947171141755,-3.019200765987743,1664880763,1248,1986,36,Female,Y,1140,Leven,Fife,KY8,Fife
reef,54.9519594701313,-3.7844132213842006,1664880907,1264,1994,28,Male,N,215,Dalbeattie,"Dumfries and Galloway",DG5,"Dumfries and Galloway"
reef,55.88392616174171,-4.356933888379415,1664880980,1281,1982,40,Male,N,644,"Partick, Glasgow",Glasgow,"Glasgow Northwest",Glasgow
reef,55.94021936358739,-3.2280535516963815,1664881265,1287,1964,58,Female,N,267,"Sighthill, Edinburgh",Edinburgh,"Edinburgh Central","Lothian (Edinburgh)"
reef,56.332568520899734,-3.765839353697125,1664881334,1304,1961,61,Female,N,1373,Auchterarder,"Perth and Kinross",PH3,Fife
reef,56.81597257519214,-2.37975230723711,1664881570,1298,1996,26,Male,Y,140,Montrose,Angus,DD10,"Tayside and Angus (Dundee)"
reef,55.768551244659875,-3.9438559279477516,1664881741,1253,1995,27,Other,Y,1180,Wishaw,"North Lanarkshire",ML2,Glasgow
reef,55.85318539058516,-4.082360253907328,1664882099,1321,1993,29,Male,Y,600,"Garrowhill, Glasgow",Glasgow,"Glasgow Northeast",Glasgow
reef,55.911526237271374,-3.6879673984779178,1664882432,1334,1990,32,Male,Y,368,Bathgate,"West Lothian",EH48,"Lothian (Edinburgh)"
reef,56.40237906167168,-3.000337148138242,1664882842,1359,1981,41,Male,Y,177,Wormit,Fife,DD6,"Tayside and Angus (Dundee)"
reef,55.78776472287265,-2.3162936755097707,1664882864,1360,1970,52,Female,N,1423,Duns,"Scottish Borders",TD11,Borders
reef,56.290090134181845,-4.688358489125358,1664883351,1367,1996,26,Male,Y,558,Balloch,"West Dunbartonshire",G83,"Argyll and Bute"
reef,56.132646613002024,-3.7757551928553057,1664883580,1377,1998,24,Female,Y,388,Sauchie,Clackmannanshire,FK10,"Stirling and Falkirk"
reef,56.640373747135726,-3.375755887957965,1664885147,1410,1988,34,Female,Y,1318,Blairgowrie,"Perth and Kinross",PH10,Fife
reef,57.036031836803495,-2.2329758880554733,1664885162,1431,1962,60,Female,N,48,Stonehaven,Aberdeenshire,AB39,"North East (Aberdeen)"
reef,55.11469386009795,-4.079602867223615,1664885212,1427,1997,25,Male,Y,220,"Castle Douglas","Dumfries and Galloway",DG7,"Dumfries and Galloway"
reef,55.86404005563001,-4.176551116753262,1664885708,1457,1991,31,Male,Y,634,"Maryhill, Glasgow",Glasgow,"Glasgow Northeast",Glasgow
reef,56.46765271085068,-2.9616829443684822,1664886076,1468,1965,57,Female,N,234,"Baxter Park, Dundee",Dundee,"Dundee Bluebelt","Tayside and Angus (Dundee)"
reef,55.66400592333311,-4.768249828022266,1664886262,1474,1965,57,Female,Y,812,Saltcoats,"East Ayrshire",KA21,Ayrshire
reef,55.91502517465564,-3.7065058954228998,1664886790,1500,1979,43,Male,Y,367,Armadale,"West Lothian",EH48,"Lothian (Edinburgh)"
reef,55.66910005324784,-4.6355271231666695,1664886989,1232,1970,52,Female,Y,788,Kilwinning,"North Ayrshire",KA13,Ayrshire
reef,56.925527794701416,-2.752958400089038,1664887341,1519,1991,31,Female,N,182,Brechin,Angus,DD9,"Tayside and Angus (Dundee)"
reef,55.74356161733752,-4.213442659926419,1664887746,1524,1999,23,Female,Y,534,"East Kilbride (south: Hairmyres, Westwood, The Murray, Murray East, Whitehills, Greenhill, Newlandsmuir, Gardenhall, Crosshouse, Newlands, Lindsayfield, Mossneuk)","South Lanarkshire",G75,Glasgow
reef,55.83259015540209,-4.29724119276167,1664888149,1532,1966,56,Female,N,660,"Arden, Glasgow",Glasgow,"Glasgow South",Glasgow
reef,55.2833337851802,-4.725653638419127,1664888254,1548,1986,36,Female,Y,824,Girvan,"South Ayrshire",KA26,Ayrshire
reef,55.48703608865659,-3.343396509655607,1664888875,1574,1988,34,Female,Y,1475,Ettrick,"Scottish Borders",TD7,Borders
reef,57.70032685994574,-2.864226231331313,1664889190,1580,1997,25,Female,Y,90,Buckie,Moray,AB56,"North East (Aberdeen)"
reef,57.695922965590505,-2.8658928620907442,1664889280,1580,1997,25,Female,Y,90,Buckie,Moray,AB56,"North East (Aberdeen)"
reef,55.83644758080771,-4.350392623719135,1664889341,1481,1990,32,Female,Y,661,"Govanhill, Glasgow",Glasgow,"Glasgow Southwest",Glasgow
reef,55.96984890233443,-3.960813667042177,1664890195,1599,1987,35,Male,Y,514,"Cumbernauld (south: Condorrat, Lenziemill, Carbrain, Kildrum, Cumbernauld Village, Abronhill, Seafar)","North Lanarkshire",G67,Glasgow
reef,55.72440726761234,-3.8673529452796376,1664890396,1612,1990,32,Female,Y,1212,Carluke,"South Lanarkshire",ML8,Glasgow
reef,55.84340141685506,-4.322690858167106,1664890404,1609,1986,36,Female,Y,661,"Govanhill, Glasgow",Glasgow,"Glasgow Southwest",Glasgow
reef,57.15283114007362,-2.1450794704536444,1664890855,1620,1991,31,Male,Y,128,"Mannofield, Aberdeen",Aberdeen,"Aberdeen Southwest","North East (Aberdeen)"
reef,55.81668782861661,-3.9790628044562273,1664892011,1651,1995,27,Female,N,1151,Motherwell,"North Lanarkshire",ML1,Glasgow
reef,55.677029137472275,-4.112282183968985,1664892203,1593,1960,62,Male,N,1160,Strathaven,"North Lanarkshire",ML10,Glasgow
reef,56.14160322972169,-3.1067126367095614,1664892380,1657,1958,64,Female,Y,1079,"Kirkcaldy (east: Linktown, Port Brae, Pathhead, Sinclairtown, Smeaton, Gallatown)",Fife,KY1,Fife
reef,56.723893117814576,-2.7635553281508503,1664893008,1664,1982,40,Female,Y,182,Brechin,Angus,DD9,"Tayside and Angus (Dundee)"
reef,55.904364441536345,-3.1272520629997196,1664893210,1672,1949,73,Female,N,322,"Gilmerton, Edinburgh",Edinburgh,"Edinburgh Southeast","Lothian (Edinburgh)"
reef,56.10709540612526,-3.231343810127569,1664894862,1719,1989,33,Female,Y,1117,"Kirkcaldy (west: Hayfield, Templehall, Newliston, Chapel, Dunnikier, Bennochy)",Fife,KY2,Fife
reef,55.94008518086482,-4.247296034867591,1664895248,1734,1972,50,Male,Y,502,Bishopbriggs,"East Dunbartonshire",G64,Glasgow
reef,57.575163060934464,-3.1098098209770493,1664895285,1727,1995,27,Male,Y,739,Fochabers,Moray,IV32,"North East (Aberdeen)"
reef,55.68325602917831,-3.5739449784707693,1664895834,1738,1986,36,Male,Y,1167,Lanark,"South Lanarkshire",ML11,Glasgow
reef,55.40841272768807,-4.711397333857984,1664895978,1741,1976,46,Male,N,856,"Ayr (Centre)","South Ayrshire",KA7,Ayrshire
reef,56.170221700985955,-4.04440119441927,1664896899,1752,1975,47,Female,Y,479,"Stirling (north: Causewayhead, Cornton)",Stirlingshire,FK9,"Stirling and Falkirk"
reef,56.10325159014846,-3.1856612540056934,1664896917,1773,1991,31,Female,N,1117,"Kirkcaldy (west: Hayfield, Templehall, Newliston, Chapel, Dunnikier, Bennochy)",Fife,KY2,Fife
reef,55.43126979605709,-2.3006912214527655,1664897348,1798,1997,25,Other,Y,1451,Kelso,"Scottish Borders",TD5,Borders
reef,55.814415274023816,-4.325506316409152,1664897427,1787,1964,58,Male,N,646,"Burnside, Glasgow",Glasgow,"Glasgow South",Glasgow
reef,55.858874491548974,-4.367445402513827,1664898416,1821,1955,67,Male,Y,662,"Battlefield, Glasgow",Glasgow,"Glasgow Southwest",Glasgow
reef,57.66487109683372,-2.8220358250714,1664898425,1818,1941,81,Female,N,92,Findochty,Moray,AB56,"North East (Aberdeen)"
reef,57.63764686667238,-3.4178971859825626,1664898531,1761,1999,23,Female,Y,737,Elgin,Moray,IV30,"North East (Aberdeen)"
reef,55.95675033318051,-3.2547403899430316,1664898956,1828,1958,64,Male,Y,297,"Blackhall, Edinburgh",Edinburgh,"Edinburgh North","Lothian (Edinburgh)"
reef,56.030644880198565,-2.7305123953127373,1664898965,1830,1996,26,Male,Y,355,"North Berwick","East Lothian",EH39,"Lothian (Edinburgh)"
reef,55.81645083734621,-4.262069060229303,1664899718,1849,1993,29,Female,Y,657,"Thornliebank, Glasgow",Glasgow,"Glasgow South",Glasgow
reef,55.498629905447096,-4.589114914395895,1664900515,1869,1995,27,Female,Y,873,Prestwick,"South Ayrshire",KA9,Ayrshire
reef,55.56160422490769,-4.360288655634527,1664900786,1876,1992,30,Female,N,843,Galston,"East Ayrshire",KA4,Ayrshire
reef,55.832525907096745,-4.223776591954357,1664901196,1874,1997,25,Male,Y,612,"Easterhouse, Glasgow",Glasgow,"Glasgow Northeast",Glasgow
reef,55.76446541525115,-4.239621059011411,1664901310,1888,1969,53,Female,Y,530,"East Kilbride (north: The Village, East Mains, West Mains, Lymekilns, St Leonards, Calderwood, Nerston, Stewartfield, Peel Park)","South Lanarkshire",G74,Glasgow
reef,57.659839145044465,-2.9061143115442736,1664901339,1889,1964,58,Female,N,90,Buckie,Moray,AB56,"North East (Aberdeen)"
reef,55.858551754204235,-4.12601167068922,1664901345,1822,1985,37,Male,N,603,"Carntyne, Glasgow",Glasgow,"Glasgow Northeast",Glasgow
reef,55.311154434841235,-5.607992117079317,1664901362,1887,1993,29,Female,Y,1246,Campbeltown,"Argyll and Bute",PA28,"Argyll and Bute"
reef,55.83295947817685,-3.876250147778901,1664901695,1895,1953,69,Female,N,1208,Salsburgh,"North Lanarkshire",ML7,Glasgow
reef,55.66864423268687,-4.010267824268732,1664903588,1944,1965,57,Male,Y,1217,Larkhall,"North Lanarkshire",ML9,Glasgow
reef,56.72537590292147,-2.7140338599686373,1664905348,1982,1996,26,Female,N,182,Brechin,Angus,DD9,"Tayside and Angus (Dundee)"
reef,59.19201803019684,-3.083522414925251,1664905427,1976,1968,54,Female,Y,1025,"Orkney Islands",Orkney,KW17,"Orkney Islands"
reef,56.07081903171674,-3.7800086200573437,1664905439,1986,2001,21,Other,Y,420,Carron,Falkirk,FK2,"Stirling and Falkirk"
reef,55.6186465023932,-4.602607149693836,1664905487,1987,1981,41,Female,Y,785,"Irvine (east, south: Perceton, Lawthorn, Girdle Toll, Stanecastle, Bourtreehill, Broomlands, Dreghorn, Springside)","North Ayrshire",KA11,Ayrshire
reef,56.91802092725464,-2.267793569945607,1664905793,2004,1990,32,Female,Y,48,Stonehaven,Aberdeenshire,AB39,"North East (Aberdeen)"
reef,56.02019142709702,-3.8256333384292405,1664906172,2009,1994,28,Male,Y,449,Larbert,Falkirk,FK5,"Stirling and Falkirk"
reef,55.8313258791478,-3.719146732676614,1664906368,1898,1993,29,Female,N,1210,Greenrigg,"West Lothian",ML7,Glasgow
reef,56.48465403971986,-2.9304298089321517,1664906617,2014,1980,42,Male,Y,254,"Douglas, Dundee",Dundee,"Dundee North","Tayside and Angus (Dundee)"
reef,57.652921111791755,-2.215613270381118,1664906621,2022,1952,70,Female,Y,57,Fraserburgh,Aberdeenshire,AB43,"North East (Aberdeen)"
reef,56.10462977724252,-4.2628371618418495,1664906890,2027,1959,63,Female,N,473,"Stirling (centre and west: Kings Park, Raploch, Riverside)",Stirlingshire,FK8,"Stirling and Falkirk"
reef,55.88144032325808,-3.3619744668367106,1664906915,2012,1969,53,Male,Y,313,"Colinton, Edinburgh",Edinburgh,"Edinburgh South","Lothian (Edinburgh)"
reef,55.7818063043878,-4.197921220113207,1664907351,2030,1958,64,Female,N,530,"East Kilbride (north: The Village, East Mains, West Mains, Lymekilns, St Leonards, Calderwood, Nerston, Stewartfield, Peel Park)","South Lanarkshire",G74,Glasgow
reef,55.95911777654801,-3.298755387217345,1664907493,2036,1967,55,Male,N,278,"Granton, Edinburgh",Edinburgh,"Edinburgh Clermiston Granton","Lothian (Edinburgh)"
reef,55.769717963572326,-4.19673618285711,1664907705,2030,1958,64,Female,N,530,"East Kilbride (north: The Village, East Mains, West Mains, Lymekilns, St Leonards, Calderwood, Nerston, Stewartfield, Peel Park)","South Lanarkshire",G74,Glasgow
reef,56.428551186630855,-3.5720053595629304,1664909637,2088,1966,56,Male,Y,1313,"Perth (north and west: Burghmuir, Cherrybank, Hillyland, Inveralmond, Lethom, Muirton, North Muirton, Tulloch)","Perth and Kinross",PH1,Fife
reef,56.82422299481202,-3.013279505245786,1664910152,2103,1996,26,Female,Y,181,Kirriemuir,Angus,DD8,"Tayside and Angus (Dundee)"
reef,56.49253964190932,-3.043337151696955,1664910231,2106,1985,37,Male,Y,237,"Blackness, Dundee",Dundee,"Dundee Central","Tayside and Angus (Dundee)"
reef,55.93107353644567,-3.277593239430622,1664912155,2151,1971,51,Female,Y,271,"Abbeyhill, Edinburgh",Edinburgh,"Edinburgh Central","Lothian (Edinburgh)"
reef,55.762629195741454,-3.979616132602775,1664912816,2152,2000,22,Female,Y,1183,Hamilton,"South Lanarkshire",ML3,Glasgow
reef,55.766084991664385,-4.150182416872964,1664913399,2170,2002,20,Male,Y,530,"East Kilbride (north: The Village, East Mains, West Mains, Lymekilns, St Leonards, Calderwood, Nerston, Stewartfield, Peel Park)","South Lanarkshire",G74,Glasgow
reef,56.49141606177062,-3.023997068330714,1664913872,2181,1955,67,Female,N,240,"Ardler, Dundee",Dundee,"Dundee Central","Tayside and Angus (Dundee)"
reef,55.497218394566445,-4.405568745718956,1664913908,2182,1956,66,Female,N,846,Mauchline,"East Ayrshire",KA5,Ayrshire
reef,55.78943389961834,-3.9970523253896624,1664913919,2171,1995,27,Female,Y,1151,Motherwell,"North Lanarkshire",ML1,Glasgow
reef,56.49234129655207,-3.023885041328719,1664914015,2190,2005,17,Male,N,238,"Menzieshill, Dundee",Dundee,"Dundee Central","Tayside and Angus (Dundee)"
reef,55.8493032093431,-4.127922295492614,1664914364,2212,1961,61,Female,Y,609,"Garthamlock, Glasgow",Glasgow,"Glasgow Northeast",Glasgow
reef,55.956023596983634,-3.263038764856203,1664914425,2203,2003,19,Female,Y,288,"Murrayfield, Edinburgh",Edinburgh,"Edinburgh North","Lothian (Edinburgh)"
reef,56.469095409149446,-3.0065445263829624,1664914434,2205,1983,39,Male,Y,236,"Lochee, Dundee",Dundee,"Dundee Central","Tayside and Angus (Dundee)"
reef,55.88611242259075,-3.325474420980803,1664914678,2217,1980,42,Female,N,319,"Blackford, Edinburgh",Edinburgh,"Edinburgh South","Lothian (Edinburgh)"
reef,55.858864158113114,-4.0991660873682445,1664915496,2231,1984,38,Male,Y,602,"Baillieston, Glasgow",Glasgow,"Glasgow Northeast",Glasgow
reef,56.059357086264555,-3.620494470897714,1664915759,2226,1973,49,Male,Y,1096,"Dunfermline (centre, north, west: Abbey Parks, Lady's Mill, Garvock, Headwell, Kingseathill, Wellwood, Milesmark, Baldridge, Pittencrieff, Baldridgeburn)",Fife,KY12,Fife
reef,55.89079963004862,-3.0356004606609877,1664917828,2271,1987,35,Female,Y,334,Dalkeith,Midlothian,EH22,"Lothian (Edinburgh)"
reef,56.194011481270415,-3.6089942268070034,1664919591,2324,1975,47,Female,N,401,Powmill,"Perth and Kinross",FK14,"Stirling and Falkirk"
reef,57.129809540362366,-4.554243141789238,1664919603,2325,1972,50,Male,Y,1376,"Fort Augustus",Highland,PH32,"Highlands (Inverness)"
reef,56.72985574903297,-3.0906405559428345,1664919926,2333,1991,31,Male,Y,181,Kirriemuir,Angus,DD8,"Tayside and Angus (Dundee)"
reef,55.60598352928798,-4.6790575394901985,1664920106,1689,2002,20,Female,Y,787,"Irvine (centre: Castlepark, Tarryholme)","North Ayrshire",KA12,Ayrshire
reef,55.88054274819471,-2.702864581551394,1664920259,2244,1973,49,Male,N,357,Haddington,"East Lothian",EH41,"Lothian (Edinburgh)"
reef,55.85525902373176,-4.3106277445787144,1664920644,2338,1978,44,Male,N,681,"Nitshill, Glasgow",Glasgow,"Glasgow Southwest",Glasgow
reef,55.91462594541256,-4.233731627212604,1664920664,1913,1977,45,Female,Y,502,Bishopbriggs,"East Dunbartonshire",G64,Glasgow
reef,55.815124609395255,-4.387522427446794,1664920825,2362,1998,24,Male,Y,540,Barrhead,"East Renfrewshire",G78,Glasgow
reef,56.48035328415649,-2.9568283052875843,1664920907,2358,1965,57,Female,N,250,"Downfield, Dundee",Dundee,"Dundee North","Tayside and Angus (Dundee)"
reef,55.73672006951696,-4.017305952424919,1664921263,2367,1993,29,Female,Y,1183,Hamilton,"South Lanarkshire",ML3,Glasgow
reef,56.86298079174193,-2.6976134641018907,1664922660,2383,2000,22,Female,N,182,Brechin,Angus,DD9,"Tayside and Angus (Dundee)"
reef,55.71804263780533,-3.789843274231808,1664922767,2380,1995,27,Male,Y,1214,Law,"North Lanarkshire",ML8,Glasgow
reef,57.64474252452545,-3.029826694005885,1664923598,2393,1993,29,Female,Y,90,Buckie,Moray,AB56,"North East (Aberdeen)"
reef,55.525991088343616,-4.550873297232772,1664924214,2401,1967,55,Male,Y,873,Prestwick,"South Ayrshire",KA9,Ayrshire
reef,55.97383698443948,-4.445692331669579,1664927727,2421,1981,41,Female,Y,549,Dumbarton,"West Dunbartonshire",G82,Glasgow
reef,55.23939695622551,-3.6091174808104864,1664928283,2424,1997,25,Male,Y,186,"Dumfries (centre and east: Dalscone, Georgetown, Heathhall, Kingholm Quay, Noblehill, The Crichton)","Dumfries and Galloway",DG1,"Dumfries and Galloway"
reef,55.78718284790608,-4.153604435640915,1664933651,2428,1981,41,Male,Y,530,"East Kilbride (north: The Village, East Mains, West Mains, Lymekilns, St Leonards, Calderwood, Nerston, Stewartfield, Peel Park)","South Lanarkshire",G74,Glasgow
reef,55.80284601477342,-4.2512646572743735,1664946476,2449,1969,53,Female,N,575,"Springhall, Glasgow",Glasgow,"Glasgow Castlemilk",Glasgow
reef,55.87069057678636,-4.458237468608529,1664947040,2452,1960,62,Female,N,1264,Renfrew,Renfrewshire,PA4,Glasgow
reef,56.44284117143184,-3.2777904179612767,1664954876,2494,1995,27,Male,N,1354,"Perth (south and east: Barnhill, Bridgend, Craigie, Kincarrathie, Upper Craigie)","Perth and Kinross",PH2,Fife
reef,55.840919126548506,-4.034606055048195,1664956537,2504,1982,40,Male,Y,1189,Coatbridge,"North Lanarkshire",ML5,Glasgow
reef,55.833113376235396,-4.362489434510452,1664957372,2503,1953,69,Female,Y,672,"Govan, Glasgow",Glasgow,"Glasgow Southwest",Glasgow
reef,55.69973120453194,-3.9324957431598864,1664957585,2515,1993,29,Female,Y,1217,Larkhall,"North Lanarkshire",ML9,Glasgow
reef,56.14324992826232,-3.537302867569544,1664957808,2514,1998,24,Male,Y,1095,Culross,Fife,KY12,Fife
reef,56.469654888715574,-3.00611778217573,1664958120,2520,1964,58,Female,Y,237,"Blackness, Dundee",Dundee,"Dundee Central","Tayside and Angus (Dundee)"
reef,56.060377028716296,-3.5517961886393103,1664958236,2519,1982,40,Female,Y,1096,"Dunfermline (centre, north, west: Abbey Parks, Lady's Mill, Garvock, Headwell, Kingseathill, Wellwood, Milesmark, Baldridge, Pittencrieff, Baldridgeburn)",Fife,KY12,Fife
reef,56.30543193529834,-4.672788871822185,1664959105,2536,1999,23,Female,Y,465,Aberfoyle,Stirlingshire,FK8,"Stirling and Falkirk"
reef,55.920306121685,-4.267658572800381,1664959827,2549,1985,37,Male,N,481,"Lambhill, Glasgow",Glasgow,G23,Glasgow
reef,55.80382128344551,-3.796387127659203,1664961287,2558,1971,51,Female,N,1209,Shotts,"North Lanarkshire",ML7,Glasgow
reef,57.50237544970998,-2.202042418449657,1664962137,2565,1961,61,Female,N,78,Turriff,Aberdeenshire,AB53,"North East (Aberdeen)"
reef,55.89150400194927,-4.059222413267247,1664962749,1036,1964,58,Male,N,1190,Glenboig,"North Lanarkshire",ML5,Glasgow
reef,56.04624782674997,-3.4046541750871513,1664964259,2587,1965,57,Male,N,1094,Rosyth,Fife,KY11,Fife
reef,55.370295632624845,-5.573687139907429,1664964350,2597,2000,22,Female,Y,1246,Campbeltown,"Argyll and Bute",PA28,"Argyll and Bute"
reef,55.86859339416157,-3.109777402237306,1664967998,2624,1979,43,Female,N,328,Bonnyrigg,Midlothian,EH19,"Lothian (Edinburgh)"
reef,57.15476271302396,-2.086552274890127,1664969426,2631,1994,28,Female,Y,107,"Rosemount, Aberdeen",Aberdeen,"Aberdeen Central","North East (Aberdeen)"
reef,55.881691705002034,-4.100414492283341,1664969625,2659,1994,28,Male,Y,520,Gartcosh,"North Lanarkshire",G69,Glasgow
reef,56.460949213267156,-3.0084496083216763,1664969643,2650,1998,24,Male,Y,261,"Westend, Dundee",Dundee,"Dundee West","Tayside and Angus (Dundee)"
reef,57.16502058118341,-2.1830113901019303,1664969971,2655,1997,25,Male,N,98,"Northfield, Aberdeen",Aberdeen,"Aberdeen Central","North East (Aberdeen)"
reef,56.050723161990966,-3.495935227730411,1664970015,2674,1990,32,Female,Y,1089,"Dalgety Bay",Fife,KY11,Fife
reef,56.48991703295934,-3.04928295627829,1664970068,2680,1999,23,Other,Y,244,"Stobswell, Dundee",Dundee,"Dundee Central","Tayside and Angus (Dundee)"
reef,55.790899727836496,-4.27932497473512,1664970199,2698,1976,46,Male,Y,652,"King's Park, Glasgow",Glasgow,"Glasgow South",Glasgow
reef,56.01431400821232,-3.652480522763813,1664970251,2706,1985,37,Male,Y,370,Bo'ness,Falkirk,EH51,"Lothian (Edinburgh)"
reef,56.19933056498554,-3.1352452414495136,1664970370,2719,1981,41,Male,N,1133,"Glenrothes (centre and east: Pitteuchar, Finglassie, Stenton, Auchmuty, Pitcoudie, Balfarg, Pircairn, Collydean)",Fife,KY7,Fife
reef,54.872720622650505,-4.108411564831731,1664970424,2726,1971,51,Male,N,217,Dundrennan,"Dumfries and Galloway",DG6,"Dumfries and Galloway"
reef,56.22420630221869,-3.154497504071399,1664970524,2730,1992,30,Male,Y,1133,"Glenrothes (centre and east: Pitteuchar, Finglassie, Stenton, Auchmuty, Pitcoudie, Balfarg, Pircairn, Collydean)",Fife,KY7,Fife
reef,56.218464035366516,-4.06905291975502,1664970526,2742,1989,33,Male,Y,409,Doune,Stirlingshire,FK16,"Stirling and Falkirk"
reef,55.943101237231005,-3.278955497480392,1664970706,2734,1983,39,Female,Y,287,"Corstorphine, Edinburgh",Edinburgh,"Edinburgh North","Lothian (Edinburgh)"
reef,55.58181208691632,-4.42914657900577,1664970792,2682,1993,29,Male,N,779,"Kilmarnock (centre and south: Bonnyton, Grange, Bellfield, Shortlees, Caprington, Riccarton, Hurlford)","East Ayrshire",KA1,Ayrshire
reef,55.97521888072812,-4.218989180763337,1664970993,2637,1977,45,Male,N,507,Kirkintilloch,"East Dunbartonshire",G66,Glasgow
reef,55.78044237048425,-3.9244906826143042,1664971010,2750,1968,54,Male,Y,1150,Holytown,"North Lanarkshire",ML1,Glasgow
reef,55.886303971422784,-4.28476782907552,1664971080,2774,1988,34,Male,N,628,"Balornock, Glasgow",Glasgow,"Glasgow Northeast",Glasgow
reef,55.830751082659845,-4.441410470570174,1664971159,2782,1997,25,Male,Y,1236,"Paisley (south: Blackhall, Castlehead, Dykebar, Foxbar, Hunterhill, Meikleriggs)",Renfrewshire,PA2,Glasgow
reef,56.11709636030512,-3.354196964692692,1664971217,2775,1993,29,Female,Y,1121,Cowdenbeath,Fife,KY4,Fife
reef,55.910456758541024,-4.185966688106733,1664971229,2785,1992,30,Male,N,634,"Maryhill, Glasgow",Glasgow,"Glasgow Northeast",Glasgow
reef,57.68440862492498,-2.882692157266048,1664971252,2786,1997,25,Female,Y,95,Portknockie,Moray,AB56,"North East (Aberdeen)"
reef,55.49321139212436,-4.55005934755691,1664971486,2778,1992,30,Female,Y,873,Prestwick,"South Ayrshire",KA9,Ayrshire
reef,56.05236741790361,-3.3938577085501023,1664971593,2788,1992,30,Male,Y,1090,"Dunfermline (south and east: Halbeath, Touch, Duloch, Masterton, Pitcorthie, Abbeyview, Brucefield, Hospital Hill, Camdean, Pitreavie)",Fife,KY11,Fife
reef,55.9034323980804,-3.1112882826390362,1664971604,2800,1994,28,Other,Y,323,"Moredun, Edinburgh",Edinburgh,"Edinburgh Southeast","Lothian (Edinburgh)"
reef,55.9466354728492,-3.254909094192311,1664971788,2824,1991,31,Female,Y,287,"Corstorphine, Edinburgh",Edinburgh,"Edinburgh North","Lothian (Edinburgh)"
reef,55.835361918406804,-4.44308117319511,1664971823,2820,1982,40,Male,Y,1236,"Paisley (south: Blackhall, Castlehead, Dykebar, Foxbar, Hunterhill, Meikleriggs)",Renfrewshire,PA2,Glasgow
reef,55.70832284813574,-3.9631305645696147,1664972029,2830,1990,32,Female,N,1217,Larkhall,"North Lanarkshire",ML9,Glasgow
reef,57.6757472439626,-2.0718552810499418,1664972212,2834,1988,34,Female,Y,57,Fraserburgh,Aberdeenshire,AB43,"North East (Aberdeen)"
reef,55.45996699661876,-4.601330347346447,1664972625,2862,1997,25,Male,N,868,"Newton on Ayr","South Ayrshire",KA8,Ayrshire
reef,55.829285764732575,-3.912130585551065,1664972645,2860,1994,28,Male,Y,1151,Motherwell,"North Lanarkshire",ML1,Glasgow
reef,55.923382919146015,-3.2956960943046165,1664973368,2875,1991,31,Male,Y,267,"Sighthill, Edinburgh",Edinburgh,"Edinburgh Central","Lothian (Edinburgh)"
reef,55.81103121487628,-4.4901678446338344,1664973381,2820,1982,40,Male,Y,1236,"Paisley (south: Blackhall, Castlehead, Dykebar, Foxbar, Hunterhill, Meikleriggs)",Renfrewshire,PA2,Glasgow
reef,56.47474100293009,-3.025986308080929,1664973531,2744,1993,29,Male,N,237,"Blackness, Dundee",Dundee,"Dundee Central","Tayside and Angus (Dundee)"
reef,55.641927876481844,-4.215268805031079,1664973801,2902,1972,50,Female,Y,1160,Strathaven,"North Lanarkshire",ML10,Glasgow
reef,55.842740313294314,-4.2278769917722325,1664973812,2927,1982,40,Male,Y,603,"Carntyne, Glasgow",Glasgow,"Glasgow Northeast",Glasgow
reef,55.93871596659951,-3.1317326075922063,1664973887,2920,1989,33,Female,Y,283,"Craigentinny, Edinburgh",Edinburgh,"Edinburgh Duddingston","Lothian (Edinburgh)"
reef,55.69597082889905,-4.102174307959959,1664973952,2902,1972,50,Female,Y,1160,Strathaven,"North Lanarkshire",ML10,Glasgow
reef,55.95948788149524,-3.1726700138335593,1664974121,2923,1958,64,Male,N,287,"Corstorphine, Edinburgh",Edinburgh,"Edinburgh North","Lothian (Edinburgh)"
reef,55.661060000740804,-4.051903610494681,1664974137,2902,1972,50,Female,Y,1160,Strathaven,"North Lanarkshire",ML10,Glasgow
reef,55.79108037258442,-4.129890674433286,1664974148,2926,1982,40,Female,Y,529,Cambuslang,"South Lanarkshire",G72,Glasgow
reef,57.608298000556275,-1.9824929599453223,1664974196,2939,1996,26,Female,Y,57,Fraserburgh,Aberdeenshire,AB43,"North East (Aberdeen)"
reef,55.60868388232651,-4.676631960733069,1664974396,2931,1991,31,Male,N,787,"Irvine (centre: Castlepark, Tarryholme)","North Ayrshire",KA12,Ayrshire
reef,55.91481411866899,-4.561216324393926,1664974457,2944,1979,43,Male,N,1229,"Port Glasgow",Inverclyde,PA14,Glasgow
reef,60.145672514806314,-1.2513544401213657,1664974594,2965,2005,17,Other,School,1500,Lerwick,"Shetland Isles",ZE1,"Shetland Islands"
reef,56.709536327904544,-2.5429883530439388,1664974688,2966,1972,50,Male,N,140,Montrose,Angus,DD10,"Tayside and Angus (Dundee)"
reef,55.88921619311578,-4.385800901504554,1664974801,2614,1960,62,Male,N,640,"Whiteinch, Glasgow",Glasgow,"Glasgow Northwest",Glasgow
reef,55.95232011531457,-3.2885235153285746,1664974951,2990,1995,27,Male,Y,279,"Clermiston and Drumbrae, Edinburgh",Edinburgh,"Edinburgh Clermiston Granton","Lothian (Edinburgh)"
reef,57.14805241573937,-2.153063186101024,1664974984,2979,1999,23,Male,Y,97,"Mastrick, Aberdeen",Aberdeen,"Aberdeen Central","North East (Aberdeen)"
reef,55.81787411002693,-4.353258486970835,1664975288,2988,1995,27,Other,N,678,"Cardonald, Glasgow",Glasgow,"Glasgow Southwest",Glasgow
reef,55.707587573289594,-3.9903976032651345,1664975470,3000,1995,27,Female,Y,1183,Hamilton,"South Lanarkshire",ML3,Glasgow
reef,55.69396021285074,-4.348129314118621,1664975760,3009,1970,52,Female,Y,837,"Kilmarnock (north: Onthank, Townholm, Altonhill, Longpark, Beansburn, New Farm Loch, Knockinlaw, Hillhead, Crookedholm)","East Ayrshire",KA3,Ayrshire
reef,57.66553575262456,-2.9127252423913506,1664975805,3021,1992,30,Female,Y,90,Buckie,Moray,AB56,"North East (Aberdeen)"
reef,55.82059302830735,-4.516765647477291,1664975876,3024,1965,57,Male,Y,1276,Johnstone,Renfrewshire,PA5,Glasgow
reef,56.048613729632216,-4.745145868971123,1664976001,3031,1988,34,Female,Y,567,Kilcreggan,"Argyll and Bute",G84,"Argyll and Bute"
reef,55.82284811721133,-4.482983242283044,1664976002,3024,1965,57,Male,Y,1276,Johnstone,Renfrewshire,PA5,Glasgow
reef,58.94860027927621,-3.06558703240687,1664976091,3025,1996,26,Male,Y,1025,"Orkney Islands",Orkney,KW17,"Orkney Islands"
reef,56.043028865856606,-3.481084288699736,1664976366,3032,1989,33,Male,Y,1090,"Dunfermline (south and east: Halbeath, Touch, Duloch, Masterton, Pitcorthie, Abbeyview, Brucefield, Hospital Hill, Camdean, Pitreavie)",Fife,KY11,Fife
reef,55.79741857357218,-4.276112746386406,1664976539,3051,1978,44,Male,Y,658,"Giffnock, Glasgow",Glasgow,"Glasgow South",Glasgow
reef,54.68117124165669,-4.916034816606906,1664977109,3067,1967,55,Female,Y,231,Stranraer,"Dumfries and Galloway",DG9,"Dumfries and Galloway"
reef,55.99795503404142,-3.6627229306245863,1664977259,3074,1997,25,Male,Y,369,Linlithgow,"West Lothian",EH49,"Lothian (Edinburgh)"
reef,57.16934603225317,-2.1721207725310387,1664978009,3105,1991,31,Female,Y,107,"Rosemount, Aberdeen",Aberdeen,"Aberdeen Central","North East (Aberdeen)"
reef,55.756967526272426,-3.898728965123261,1664978227,3110,1986,36,Female,Y,1180,Wishaw,"North Lanarkshire",ML2,Glasgow
reef,56.205610900809454,-3.1062792395766485,1664978360,3114,1996,26,Male,Y,1133,"Glenrothes (centre and east: Pitteuchar, Finglassie, Stenton, Auchmuty, Pitcoudie, Balfarg, Pircairn, Collydean)",Fife,KY7,Fife
reef,55.86885157858115,-4.286002590958271,1664978441,3118,2004,18,Female,Y,586,"Kelvinside, Glasgow",Glasgow,"Glasgow Kelvin",Glasgow
reef,55.89912994804071,-3.2463499127972626,1664978559,3127,1990,32,Male,Y,305,"Oxgangs, Edinburgh",Edinburgh,"Edinburgh Oxgangs","Lothian (Edinburgh)"
reef,55.9437006675586,-3.8603979814249567,1664978873,3139,1966,56,Female,Y,377,"Falkirk (centre and south: Arnothill, Bantaskin, Callendar Park, Glen Village, Hallglen, Lionthorn, Tamfourhill, Woodlands)",Falkirk,FK1,"Stirling and Falkirk"
reef,55.97775096317993,-3.196232282707549,1664978989,3136,1997,25,Female,N,289,"Newhaven, Edinburgh",Edinburgh,"Edinburgh North","Lothian (Edinburgh)"
reef,57.46481937533974,-1.7844234603212896,1664979148,2869,1990,32,Other,Y,54,Peterhead,Aberdeenshire,AB42,"North East (Aberdeen)"
reef,55.8419608997463,-4.510981457405543,1664979174,3164,1965,57,Female,Y,1276,Johnstone,Renfrewshire,PA5,Glasgow
reef,55.74449979858812,-3.8718191159901867,1664979177,3147,1996,26,Female,Y,1212,Carluke,"South Lanarkshire",ML8,Glasgow
reef,55.806547812801966,-4.030499071746016,1664979290,3153,1994,28,Male,Y,1186,Bellshill,"North Lanarkshire",ML4,Glasgow
reef,56.071820657221416,-4.140528220232268,1664980142,3167,1990,32,Male,N,473,"Stirling (centre and west: Kings Park, Raploch, Riverside)",Stirlingshire,FK8,"Stirling and Falkirk"
reef,54.9982837205481,-5.021078536543776,1664980395,3191,1989,33,Female,Y,231,Stranraer,"Dumfries and Galloway",DG9,"Dumfries and Galloway"
reef,56.48152723068776,-3.019903478910083,1664980755,2884,1996,26,Male,N,243,"Hilltown, Dundee",Dundee,"Dundee Central","Tayside and Angus (Dundee)"
reef,55.86382186068214,-4.261548856761579,1664980795,3188,1970,52,Male,N,578,"Townhead, Glasgow",Glasgow,"Glasgow City Centre",Glasgow
reef,55.82906102594064,-4.3134101602901955,1664981075,3203,1988,34,Female,Y,653,"Netherlee, Glasgow",Glasgow,"Glasgow South",Glasgow
reef,55.983509464178475,-3.9433115945834967,1664981078,3216,1959,63,Female,N,441,Bonnybridge,Falkirk,FK4,"Stirling and Falkirk"
reef,55.72944726633262,-4.036022003336325,1664981082,3236,1994,28,Female,Y,1183,Hamilton,"South Lanarkshire",ML3,Glasgow
reef,56.00414288769813,-4.685901788564243,1664981106,3210,1982,40,Female,Y,567,Kilcreggan,"Argyll and Bute",G84,"Argyll and Bute"
reef,56.14269504349086,-3.461197312423242,1664981670,3252,1964,58,Female,N,1121,Cowdenbeath,Fife,KY4,Fife
reef,56.0545041736155,-3.5128439081402774,1664981834,3243,1984,38,Male,N,1089,"Dalgety Bay",Fife,KY11,Fife
reef,55.61919520021187,-4.61853886804649,1664981936,3261,1978,44,Female,N,785,"Irvine (east, south: Perceton, Lawthorn, Girdle Toll, Stanecastle, Bourtreehill, Broomlands, Dreghorn, Springside)","North Ayrshire",KA11,Ayrshire
reef,56.484972891935456,-3.0141954436330556,1664982064,1352,1962,60,Male,N,237,"Blackness, Dundee",Dundee,"Dundee Central","Tayside and Angus (Dundee)"
reef,57.02666053450265,-5.556086135635665,1664982196,3268,1977,45,Female,Y,1391,Knoydart,Highland,PH41,"Highlands (Inverness)"
reef,55.88146827098451,-3.84306414550563,1664982610,3280,2005,17,Female,School,1192,Airdrie,"North Lanarkshire",ML6,Glasgow
reef,55.725267818163836,-4.076901884898338,1664982758,3289,1995,27,Female,Y,1183,Hamilton,"South Lanarkshire",ML3,Glasgow
reef,55.73893097451849,-3.934995340193949,1664982860,3300,1998,24,Female,N,1217,Larkhall,"North Lanarkshire",ML9,Glasgow
reef,60.46545947390182,-1.2704084685249635,1664982938,3293,1980,42,Female,Y,1555,Hamnavoe,"Shetland Isles",ZE2,"Shetland Islands"
reef,57.66734281480357,-2.858032244656501,1664983110,3301,1988,34,Female,N,90,Buckie,Moray,AB56,"North East (Aberdeen)"
reef,55.950337951899925,-3.5377110519830315,1664983374,3314,1998,24,Female,Y,372,Winchburgh,"West Lothian",EH52,"Lothian (Edinburgh)"
reef,55.9744842720862,-3.163095455581092,1664983406,3313,1973,49,Male,Y,285,"Leith, Edinburgh",Edinburgh,"Edinburgh Leith","Lothian (Edinburgh)"
reef,57.573258458118026,-2.157571520552031,1664983555,3318,1999,23,Other,Y,57,Fraserburgh,Aberdeenshire,AB43,"North East (Aberdeen)"
reef,55.958804048244176,-3.182371576565407,1664983811,3302,1993,29,Male,Y,298,"Inverleith, Edinburgh",Edinburgh,"Edinburgh North","Lothian (Edinburgh)"
reef,58.969166990312374,-2.8534801337635067,1664983953,3336,1974,48,Female,Y,1025,"Orkney Islands",Orkney,KW17,"Orkney Islands"
reef,55.795584347538465,-4.217411251749173,1664985025,3381,1975,47,Male,Y,571,"Castlemilk, Glasgow",Glasgow,"Glasgow Castlemilk",Glasgow
reef,56.483793998141756,-2.833144142551985,1664985123,3385,1996,26,Male,Y,249,Monifieth,Angus,"Dundee East","Tayside and Angus (Dundee)"
reef,57.14698658176412,-4.463106138385225,1664985296,3388,1980,42,Male,Y,713,Culloden,Highland,IV2,"Highlands (Inverness)"
reef,56.49517315073623,-3.0406855667999455,1664985557,3404,1959,63,Male,Y,243,"Hilltown, Dundee",Dundee,"Dundee Central","Tayside and Angus (Dundee)"
reef,55.82354217038743,-4.317597774777994,1664986053,3427,1990,32,Male,Y,646,"Burnside, Glasgow",Glasgow,"Glasgow South",Glasgow
reef,57.71732296201248,-3.3720692505944045,1664986591,3322,1980,42,Female,N,737,Elgin,Moray,IV30,"North East (Aberdeen)"
reef,56.11800059722977,-3.2243469598442935,1664986815,3407,1993,29,Female,Y,1117,"Kirkcaldy (west: Hayfield, Templehall, Newliston, Chapel, Dunnikier, Bennochy)",Fife,KY2,Fife
reef,55.783624484996636,-4.3018540728459245,1664986951,3463,1978,44,Female,N,660,"Arden, Glasgow",Glasgow,"Glasgow South",Glasgow
reef,55.933512085790404,-3.145916979562255,1664987144,3459,1977,45,Male,N,323,"Moredun, Edinburgh",Edinburgh,"Edinburgh Southeast","Lothian (Edinburgh)"
reef,55.797326429491406,-4.0489018486930135,1664988005,3489,2001,21,Female,Y,525,Uddingston,"South Lanarkshire",G71,Glasgow
reef,57.206694938469894,-2.149359660515621,1664988081,3499,1973,49,Male,N,112,"Dyce, Aberdeen",Aberdeen,"Aberdeen North","North East (Aberdeen)"
reef,55.67869284836116,-4.82325272332804,1664988172,3484,1989,33,Male,Y,813,Ardrossan,"North Ayrshire",KA22,Ayrshire
reef,56.031194311627964,-3.80868910578474,1664988250,3491,1989,33,Male,Y,450,Stenhousemuir,Falkirk,FK5,"Stirling and Falkirk"
reef,57.20805143290502,-2.164900239184969,1664988507,3506,1996,26,Female,Y,113,"Bridge of Don, Aberdeen",Aberdeen,"Aberdeen North","North East (Aberdeen)"
reef,55.77235291015461,-4.214631652902262,1664988940,3526,1993,29,Female,Y,530,"East Kilbride (north: The Village, East Mains, West Mains, Lymekilns, St Leonards, Calderwood, Nerston, Stewartfield, Peel Park)","South Lanarkshire",G74,Glasgow
reef,56.49725096177075,-3.258149576321457,1664989239,3523,1998,24,Female,Y,1324,"Coupar Angus","Perth and Kinross",PH13,Fife
reef,55.845293144501206,-3.326080380200189,1664989273,3528,1985,37,Other,Y,343,Penicuik,Midlothian,EH26,"Lothian (Edinburgh)"
reef,55.986513110086086,-2.808445862700455,1664989560,3474,1944,78,Female,N,348,Prestonpans,"East Lothian",EH32,"Lothian (Edinburgh)"
reef,55.86144665074425,-4.096823108743973,1664989787,3547,1985,37,Male,N,632,"Springburn, Glasgow",Glasgow,"Glasgow Northeast",Glasgow
reef,56.1045366330853,-3.3248681444242267,1664989944,3546,1976,46,Female,Y,1121,Cowdenbeath,Fife,KY4,Fife
reef,55.892870877357176,-3.148768996987596,1664990783,3562,1996,26,Female,Y,322,"Gilmerton, Edinburgh",Edinburgh,"Edinburgh Southeast","Lothian (Edinburgh)"
reef,55.69464059326456,-4.173560362782166,1664991261,3594,1996,26,Female,Y,534,"East Kilbride (south: Hairmyres, Westwood, The Murray, Murray East, Whitehills, Greenhill, Newlandsmuir, Gardenhall, Crosshouse, Newlands, Lindsayfield, Mossneuk)","South Lanarkshire",G75,Glasgow
reef,55.83187411308918,-4.098394858242043,1664991335,3591,1962,60,Female,N,632,"Springburn, Glasgow",Glasgow,"Glasgow Northeast",Glasgow
reef,55.86847621049645,-4.250329172100927,1664991467,3188,1970,52,Male,N,578,"Townhead, Glasgow",Glasgow,"Glasgow City Centre",Glasgow
reef,56.47261593649786,-2.947092855883034,1664991596,3606,1981,41,Female,Y,251,"Kirkton, Dundee",Dundee,"Dundee North","Tayside and Angus (Dundee)"
reef,55.47680663514826,-3.906636715880439,1664991759,3611,1979,43,Male,Y,1167,Lanark,"South Lanarkshire",ML11,Glasgow
reef,55.13047436398593,-3.6865576872361228,1664991768,3614,1995,27,Female,Y,207,"Dumfries (west: Broomlands, Cargenbridge, Lochside, Maxwelltown, Troqueer)","Dumfries and Galloway",DG2,"Dumfries and Galloway"
reef,55.86784562341712,-4.124197155496034,1664991822,3617,1993,29,Female,Y,602,"Baillieston, Glasgow",Glasgow,"Glasgow Northeast",Glasgow
reef,56.78255726074061,-5.30942357972651,1664992090,3626,1973,49,Female,Y,1377,"Fort William",Highland,PH33,"Highlands (Inverness)"
reef,55.83953241334392,-4.304155680588618,1664992106,3625,1966,56,Male,Y,647,"Pollokshields, Glasgow",Glasgow,"Glasgow South",Glasgow
reef,55.336001785748095,-4.719094140058028,1664992334,3636,1995,27,Female,Y,806,Maybole,"South Ayrshire",KA19,Ayrshire
reef,56.76332325087549,-2.489905344131493,1664992552,3634,1968,54,Male,Y,140,Montrose,Angus,DD10,"Tayside and Angus (Dundee)"
reef,55.46201141210742,-4.5971438656782055,1664992620,3659,1995,27,Other,Y,868,"Newton on Ayr","South Ayrshire",KA8,Ayrshire
reef,55.95004443092844,-2.9660191281286123,1664992804,3658,1995,27,Female,Y,349,Tranent,"East Lothian",EH33,"Lothian (Edinburgh)"
reef,55.84116005917447,-3.9180906730625833,1664993048,3652,1995,27,Male,Y,1153,Newarthill,"North Lanarkshire",ML1,Glasgow
reef,56.58441148178441,-2.605371295788605,1664993115,3668,1985,37,Male,Y,141,Arbroath,Angus,DD11,"Tayside and Angus (Dundee)"
reef,56.51877611992578,-2.707991663977972,1664993296,3657,1973,49,Female,Y,178,Carnoustie,Angus,DD7,"Tayside and Angus (Dundee)"
reef,55.3783259623251,-4.5001146953421,1664993314,3667,1993,29,Female,Y,851,Coylton,"South Ayrshire",KA6,Ayrshire
reef,55.85558941582339,-3.994152385414067,1664993438,3681,1972,50,Female,Y,1189,Coatbridge,"North Lanarkshire",ML5,Glasgow
reef,55.84297247185033,-4.2824172131791505,1664993851,3684,1965,57,Male,N,660,"Arden, Glasgow",Glasgow,"Glasgow South",Glasgow
reef,55.822810767407915,-4.397564561123172,1664993919,3671,1997,25,Female,Y,1236,"Paisley (south: Blackhall, Castlehead, Dykebar, Foxbar, Hunterhill, Meikleriggs)",Renfrewshire,PA2,Glasgow
reef,55.99846746696248,-3.5616191805429134,1664994167,3694,1968,54,Male,Y,370,Bo'ness,Falkirk,EH51,"Lothian (Edinburgh)"
reef,55.77108763670606,-4.015529450767381,1664994428,3696,1961,61,Male,Y,1183,Hamilton,"South Lanarkshire",ML3,Glasgow
reef,55.82311717128753,-4.341766546424348,1664994533,3713,1968,54,Female,Y,679,"Pollock, Glasgow",Glasgow,"Glasgow Southwest",Glasgow
reef,55.53695030527382,-4.4889537936472035,1664994693,3710,1996,26,Female,Y,779,"Kilmarnock (centre and south: Bonnyton, Grange, Bellfield, Shortlees, Caprington, Riccarton, Hurlford)","East Ayrshire",KA1,Ayrshire
reef,55.689732459305276,-4.7570118741182945,1664995001,3715,1998,24,Female,Y,812,Saltcoats,"East Ayrshire",KA21,Ayrshire
reef,56.48735045981435,-3.027401810779112,1664995030,3719,1992,30,Male,Y,236,"Lochee, Dundee",Dundee,"Dundee Central","Tayside and Angus (Dundee)"
reef,57.24938317236028,-2.197684507333751,1664995184,3740,1957,65,Female,Y,111,"Bucksburn, Aberdeen",Aberdeen,"Aberdeen North","North East (Aberdeen)"
reef,56.19432498277369,-3.0855333725160263,1664995580,3750,1986,36,Female,Y,1133,"Glenrothes (centre and east: Pitteuchar, Finglassie, Stenton, Auchmuty, Pitcoudie, Balfarg, Pircairn, Collydean)",Fife,KY7,Fife
reef,56.126083305747876,-4.462519099240686,1664995589,3738,1983,39,Female,N,473,"Stirling (centre and west: Kings Park, Raploch, Riverside)",Stirlingshire,FK8,"Stirling and Falkirk"
reef,55.639783426700674,-4.65642880823278,1664995665,3765,1998,24,Female,N,788,Kilwinning,"North Ayrshire",KA13,Ayrshire
reef,55.95809013097848,-3.6566258992945713,1664995714,3755,1978,44,Female,Y,369,Linlithgow,"West Lothian",EH49,"Lothian (Edinburgh)"
reef,55.790672387372275,-3.9095268776130263,1664996074,3788,1976,46,Other,Y,1180,Wishaw,"North Lanarkshire",ML2,Glasgow
reef,55.65050761609798,-4.739250426017276,1664996190,3791,1998,24,Female,Y,811,Stevenston,"North Ayrshire",KA20,Ayrshire
reef,55.9212043460481,-3.292600736753535,1664997005,3816,1969,53,Female,Y,262,"Wester Hailes, Edinburgh",Edinburgh,"Edinburgh Central","Lothian (Edinburgh)"
reef,57.69015267180718,-3.2589406530602574,1664997438,3832,1993,29,Female,Y,738,Lossiemouth,Moray,IV31,"North East (Aberdeen)"
reef,56.008806887145546,-4.736562303396458,1664997493,3081,1996,26,Other,Y,566,Helensburgh,"Argyll and Bute",G84,"Argyll and Bute"
reef,55.78552794655952,-4.685182110845192,1664997652,3821,1973,49,Male,Y,817,Kilbirnie,"North Ayrshire",KA25,Ayrshire
reef,56.54045710511856,-3.347797243229794,1664997668,3861,1994,28,Female,Y,1354,"Perth (south and east: Barnhill, Bridgend, Craigie, Kincarrathie, Upper Craigie)","Perth and Kinross",PH2,Fife
reef,57.10945432229447,-2.308024118118537,1664997760,3814,1993,29,Male,Y,128,"Mannofield, Aberdeen",Aberdeen,"Aberdeen Southwest","North East (Aberdeen)"
reef,55.86201395860698,-4.227662008414102,1664998166,3856,1979,43,Female,Y,632,"Springburn, Glasgow",Glasgow,"Glasgow Northeast",Glasgow
reef,55.98653021511694,-3.889295982401197,1664998466,3870,1960,62,Male,N,444,Dennyloanhead, Falkirk,FK4,"Stirling and Falkirk"
reef,55.9191512766065,-4.640567791252752,1664998657,3875,1993,29,Female,Y,1229,"Port Glasgow",Inverclyde,PA14,Glasgow
reef,55.75369070630551,-4.091475750407499,1664998878,3892,1988,34,Male,Y,1183,Hamilton,"South Lanarkshire",ML3,Glasgow
reef,55.79945133059896,-4.288500866448601,1664998938,3885,1993,29,Male,Y,647,"Pollokshields, Glasgow",Glasgow,"Glasgow South",Glasgow
reef,57.496398595578086,-3.7687053688813132,1664999670,3917,2000,22,Other,Y,702,Auldearn,Highland,IV12,"Highlands (Inverness)"
reef,55.87528419914894,-3.373225767061995,1665000053,3949,1994,28,Male,Y,319,"Blackford, Edinburgh",Edinburgh,"Edinburgh South","Lothian (Edinburgh)"
reef,56.67229765360101,-3.4054683360391604,1665000809,3954,1987,35,Female,N,1319,"Bridge of Cally","Perth and Kinross",PH10,Fife
reef,55.531129555835,-4.243508836839112,1665001110,3981,1998,24,Female,Y,846,Mauchline,"East Ayrshire",KA5,Ayrshire
reef,56.47946969528109,-3.0043284671582056,1665001608,3988,1957,65,Male,N,239,"Charleston, Dundee",Dundee,"Dundee Central","Tayside and Angus (Dundee)"
reef,56.014781940346516,-4.252650255288969,1665001874,4021,1995,27,Female,Y,508,Lennoxtown,"East Dunbartonshire",G66,Glasgow
reef,55.849296256124354,-3.4094079655447813,1665002132,4032,2006,16,Female,School,316,"Bruntsfield, Edinburgh",Edinburgh,"Edinburgh South","Lothian (Edinburgh)"
reef,56.00198730577581,-4.079627018772484,1665002237,4038,1995,27,Male,N,506,Kilsyth,"North Lanarkshire",G65,Glasgow
reef,57.64849293025167,-2.9952267138917352,1665002397,3998,1997,25,Female,Y,91,Cullen,Moray,AB56,"North East (Aberdeen)"
reef,55.54864181326009,-2.6372556975798753,1665002546,4030,1972,50,Female,N,1468,Melrose,"Scottish Borders",TD6,Borders
reef,55.961082619674514,-3.2714678127541297,1665002736,4048,1968,54,Male,N,278,"Granton, Edinburgh",Edinburgh,"Edinburgh Clermiston Granton","Lothian (Edinburgh)"
reef,55.90688949372803,-3.223375612972936,1665003172,4061,1994,28,Female,Y,305,"Oxgangs, Edinburgh",Edinburgh,"Edinburgh Oxgangs","Lothian (Edinburgh)"
reef,55.89437812984303,-4.452963487229186,1665003276,4071,1999,23,Male,N,1306,Erskine,Renfrewshire,PA8,Glasgow
reef,57.10821713933747,-2.1567090364424506,1665003636,4080,1978,44,Male,Y,7,Altens, Aberdeen,AB12,"North East (Aberdeen)"
reef,55.875124321014646,-3.9028924442154285,1665003755,2618,2002,20,Female,Y,1192,Airdrie,"North Lanarkshire",ML6,Glasgow
reef,55.92429278376595,-4.419152755978609,1665003847,4084,1974,48,Female,N,546,Clydebank,"West Dunbartonshire",G81,Glasgow
reef,57.61899489880131,-2.8733629952268105,1665003879,4072,1996,26,Female,Y,90,Buckie,Moray,AB56,"North East (Aberdeen)"
reef,55.33580908791011,-5.656529752376475,1665004550,4106,1960,62,Female,N,1246,Campbeltown,"Argyll and Bute",PA28,"Argyll and Bute"
reef,55.90449790118926,-4.452829688515107,1665004568,4133,1998,24,Female,Y,1306,Erskine,Renfrewshire,PA8,Glasgow
reef,55.894318105712074,-3.2663834151746447,1665004598,4126,1986,36,Female,Y,319,"Blackford, Edinburgh",Edinburgh,"Edinburgh South","Lothian (Edinburgh)"
reef,55.95639163764686,-3.9427039256309775,1665004909,4116,1993,29,Male,Y,514,"Cumbernauld (south: Condorrat, Lenziemill, Carbrain, Kildrum, Cumbernauld Village, Abronhill, Seafar)","North Lanarkshire",G67,Glasgow
reef,55.83476582685291,-4.375205802193847,1665005372,4151,1982,40,Male,N,664,"Toryglen, Glasgow",Glasgow,"Glasgow Southwest",Glasgow
reef,56.249577601939976,-2.998258021108753,1665005392,4131,1958,64,Female,N,1140,Leven,Fife,KY8,Fife
reef,56.47126631074604,-2.9203123073993624,1665005475,4152,1988,34,Male,Y,251,"Kirkton, Dundee",Dundee,"Dundee North","Tayside and Angus (Dundee)"
reef,55.954394634652125,-4.831449362515721,1665005875,4170,1977,45,Female,Y,1235,Gourock,Inverclyde,PA19,Glasgow
reef,55.75847001354199,-4.192014052560792,1665005994,4169,1990,32,Female,Y,534,"East Kilbride (south: Hairmyres, Westwood, The Murray, Murray East, Whitehills, Greenhill, Newlandsmuir, Gardenhall, Crosshouse, Newlands, Lindsayfield, Mossneuk)","South Lanarkshire",G75,Glasgow
reef,57.24347344230716,-5.122584907652804,1665006094,4175,2005,17,Male,School,743,Kiltarlity,Highland,IV4,"Highlands (Inverness)"
reef,56.04200576702966,-3.3811238275216153,1665006310,4135,1991,31,Male,N,1090,"Dunfermline (south and east: Halbeath, Touch, Duloch, Masterton, Pitcorthie, Abbeyview, Brucefield, Hospital Hill, Camdean, Pitreavie)",Fife,KY11,Fife
reef,57.806339619444024,-4.087135150370395,1665006371,4201,1976,46,Female,Y,711,Tain,Highland,IV19,"Highlands (Inverness)"
reef,57.606057536379,-3.272498847810037,1665006676,4212,1968,54,Female,N,737,Elgin,Moray,IV30,"North East (Aberdeen)"
reef,55.73533040347215,-4.729399019838318,1665006913,4202,1950,72,Female,N,815,Dalry,"North Ayrshire",KA24,Ayrshire
reef,55.897224563162894,-4.8458079388591475,1665007289,4220,1998,24,Male,N,1231,"Greenock (west: Bow Farm, Braeside, Branchton, Fort Matilda, Gateside, Greenock West, Overton, Pennyfern, Smithston)",Inverclyde,PA16,Glasgow
reef,56.2221702535433,-3.1941261766650064,1665009696,4304,1957,65,Female,N,1130,Leslie,Fife,KY6,Fife
reef,55.940152392905865,-3.1552228764246446,1665009764,4305,1999,23,Female,Y,322,"Gilmerton, Edinburgh",Edinburgh,"Edinburgh Southeast","Lothian (Edinburgh)"
reef,57.65056855164211,-3.325225576707108,1665010541,4310,1995,27,Male,Y,737,Elgin,Moray,IV30,"North East (Aberdeen)"
reef,56.10232367861178,-3.201712564409902,1665014511,4376,1975,47,Female,Y,1117,"Kirkcaldy (west: Hayfield, Templehall, Newliston, Chapel, Dunnikier, Bennochy)",Fife,KY2,Fife
reef,55.9010413805365,-3.497865625415421,1665018715,4397,1993,29,Female,Y,375,Livingston,"West Lothian",EH54,"Lothian (Edinburgh)"
reef,56.06349868767827,-3.819950895572341,1665019662,4402,1993,29,Other,Y,422,"Falkirk (north: Grahamston, Middlefield, Westfield)",Falkirk,FK2,"Stirling and Falkirk"
reef,57.30488512744803,-2.2288145085335413,1665019951,4405,1957,65,Female,N,125,Whiterashes,Aberdeenshire,"Aberdeen North","North East (Aberdeen)"
reef,56.46730813975221,-2.934235636933269,1665024678,4416,1984,38,Female,Y,254,"Douglas, Dundee",Dundee,"Dundee North","Tayside and Angus (Dundee)"
reef,55.94999743031155,-4.796575125462573,1665030193,4428,1971,51,Female,N,1231,"Greenock (west: Bow Farm, Braeside, Branchton, Fort Matilda, Gateside, Greenock West, Overton, Pennyfern, Smithston)",Inverclyde,PA16,Glasgow
reef,54.75460816176662,-4.97517866805265,1665034309,4443,1980,42,Male,Y,231,Stranraer,"Dumfries and Galloway",DG9,"Dumfries and Galloway"
reef,56.189791505511636,-3.077453019469181,1665034617,4438,1976,46,Female,Y,1136,Star,Fife,KY7,Fife
reef,55.40944283529134,-4.642837166147115,1665036332,4453,1972,50,Male,Y,856,"Ayr (Centre)","South Ayrshire",KA7,Ayrshire
reef,57.22082818124127,-2.261043695364498,1665036382,4457,1996,26,Female,Y,113,"Bridge of Don, Aberdeen",Aberdeen,"Aberdeen North","North East (Aberdeen)"
reef,57.584185008665614,-4.446191063711157,1665036744,4460,1991,31,Male,N,705,Dingwall,Highland,IV15,"Highlands (Inverness)"
reef,56.443684781942714,-3.32762332882921,1665036798,2711,1997,25,Female,Y,1345,Glencarse,"Perth and Kinross",PH2,Fife
reef,56.88909059349397,-2.5291197096036537,1665037256,4464,1994,28,Female,Y,18,Laurencekirk,Aberdeenshire,AB30,"North East (Aberdeen)"
reef,55.858044023433784,-4.223289776042357,1665037501,4208,1977,45,Male,Y,634,"Maryhill, Glasgow",Glasgow,"Glasgow Northeast",Glasgow
reef,55.89585972606241,-4.443314827107799,1665038013,4470,1969,53,Male,N,1306,Erskine,Renfrewshire,PA8,Glasgow
reef,56.81719497555972,-2.96140867234368,1665038613,4475,1971,51,Female,Y,179,Forfar,Angus,DD8,"Tayside and Angus (Dundee)"
reef,56.6810674885615,-3.1088135023030166,1665039902,4475,1971,51,Female,Y,179,Forfar,Angus,DD8,"Tayside and Angus (Dundee)"
reef,56.584451644330976,-2.9435540509727796,1665040019,4475,1971,51,Female,Y,179,Forfar,Angus,DD8,"Tayside and Angus (Dundee)"
reef,56.70604410557447,-3.154163579651138,1665040214,4475,1971,51,Female,Y,179,Forfar,Angus,DD8,"Tayside and Angus (Dundee)"
reef,55.60222765318016,-4.667552376852128,1665040549,4493,1990,32,Female,Y,785,"Irvine (east, south: Perceton, Lawthorn, Girdle Toll, Stanecastle, Bourtreehill, Broomlands, Dreghorn, Springside)","North Ayrshire",KA11,Ayrshire
reef,55.88332496406278,-4.356203471394148,1665041267,4500,1959,63,Male,N,641,"Knightswood, Glasgow",Glasgow,"Glasgow Northwest",Glasgow
reef,55.75298979336937,-4.2061243434573425,1665041689,4502,1988,34,Male,N,533,Auldhouse,"South Lanarkshire",G75,Glasgow
reef,55.906000646866566,-4.202901428124609,1665043663,4527,1982,40,Female,Y,617,"Dalmarnock, Glasgow",Glasgow,"Glasgow Northeast",Glasgow
reef,55.80720489943025,-4.07889201181385,1665044011,4529,2000,22,Male,Y,523,Bothwell,"South Lanarkshire",G71,Glasgow
reef,56.88092399152506,-2.254722133521882,1665045814,4511,1998,24,Female,Y,137,Inverbervie,Aberdeenshire,DD10,"Tayside and Angus (Dundee)"
reef,55.82902398680865,-4.2385460163170405,1665046039,4545,1981,41,Female,Y,681,"Nitshill, Glasgow",Glasgow,"Glasgow Southwest",Glasgow
reef,55.96780877768381,-2.898482809669814,1665046927,4561,2000,22,Female,Y,348,Prestonpans,"East Lothian",EH32,"Lothian (Edinburgh)"
reef,56.01381147501983,-2.8390349082815494,1665047088,4561,2000,22,Female,Y,348,Prestonpans,"East Lothian",EH32,"Lothian (Edinburgh)"
reef,55.41978292828252,-4.674315283877759,1665049337,4577,1990,32,Male,Y,856,"Ayr (Centre)","South Ayrshire",KA7,Ayrshire
reef,56.94184708387165,-2.3570134666112126,1665049717,4579,2003,19,Female,Y,48,Stonehaven,Aberdeenshire,AB39,"North East (Aberdeen)"
reef,55.995525301556434,-2.863405081613839,1665050685,4594,2000,22,Female,Y,348,Prestonpans,"East Lothian",EH32,"Lothian (Edinburgh)"
reef,56.49281962406101,-2.821769288922958,1665051024,4595,1957,65,Female,Y,247,"Broughty Ferry, Dundee",Dundee,"Dundee East","Tayside and Angus (Dundee)"
reef,55.752154361144115,-4.152746291124744,1665051850,4604,1974,48,Female,N,534,"East Kilbride (south: Hairmyres, Westwood, The Murray, Murray East, Whitehills, Greenhill, Newlandsmuir, Gardenhall, Crosshouse, Newlands, Lindsayfield, Mossneuk)","South Lanarkshire",G75,Glasgow
reef,55.856655032021564,-4.656972045154298,1665052105,4605,1996,26,Male,Y,1224,"Bridge of Weir",Renfrewshire,PA11,Glasgow
reef,55.841735293720525,-4.763141789905392,1665052771,4618,1998,24,Female,N,1226,Lochwinnoch,Renfrewshire,PA12,Glasgow
reef,55.18697255967502,-3.211121121088205,1665052866,4625,1992,30,Female,Y,196,Lockerbie,"Dumfries and Galloway",DG11,"Dumfries and Galloway"
reef,55.142037661498584,-2.786770564157244,1665055919,4658,1970,52,Male,Y,1493,Hawick,"Scottish Borders",TD9,Borders
reef,57.62030633274711,-2.413027119341871,1665056329,4664,1963,59,Male,N,59,Banff,Aberdeenshire,AB45,"North East (Aberdeen)"
reef,55.77204194935378,-4.038299238264615,1665058700,4683,1976,46,Female,Y,1183,Hamilton,"South Lanarkshire",ML3,Glasgow
reef,56.131860683648476,-3.2007492011352787,1665060569,4697,1998,24,Female,Y,1117,"Kirkcaldy (west: Hayfield, Templehall, Newliston, Chapel, Dunnikier, Bennochy)",Fife,KY2,Fife
reef,55.82305158699078,-4.380515423166685,1665063182,4628,1991,31,Male,Y,678,"Cardonald, Glasgow",Glasgow,"Glasgow Southwest",Glasgow
reef,55.73993852134244,-4.183082589115139,1665064026,4710,1979,43,Female,Y,534,"East Kilbride (south: Hairmyres, Westwood, The Murray, Murray East, Whitehills, Greenhill, Newlandsmuir, Gardenhall, Crosshouse, Newlands, Lindsayfield, Mossneuk)","South Lanarkshire",G75,Glasgow
reef,55.94115986828881,-3.2909627857460917,1665065543,4714,1986,36,Female,Y,288,"Murrayfield, Edinburgh",Edinburgh,"Edinburgh North","Lothian (Edinburgh)"
reef,60.73707451046164,-0.9498198291691826,1665066444,4695,1989,33,Female,Y,1587,Ollaberry,"Shetland Isles",ZE2,"Shetland Islands"
reef,56.13321353848415,-3.1950233407886546,1665067118,4580,1998,24,Female,Y,1117,"Kirkcaldy (west: Hayfield, Templehall, Newliston, Chapel, Dunnikier, Bennochy)",Fife,KY2,Fife
reef,55.81452255305465,-4.059350457731094,1665070485,4732,1990,32,Female,Y,526,Viewpark,"North Lanarkshire",G71,Glasgow
reef,55.80223556507563,-4.0626124653092255,1665073538,4752,1993,29,Female,Y,526,Viewpark,"North Lanarkshire",G71,Glasgow
reef,55.8422624635785,-4.08686455205896,1665073867,4756,1993,29,Female,Y,526,Viewpark,"North Lanarkshire",G71,Glasgow
reef,56.489839951490204,-3.0430258829150936,1665074515,4758,1968,54,Female,Y,236,"Lochee, Dundee",Dundee,"Dundee Central","Tayside and Angus (Dundee)"
reef,55.06147000637896,-4.768745235871551,1665076306,4764,2005,17,Female,N,824,Girvan,"South Ayrshire",KA26,Ayrshire
reef,55.83711765753205,-4.1832510090204575,1665078646,4772,1976,46,Female,N,625,"Parkhead, Glasgow",Glasgow,"Glasgow Northeast",Glasgow
reef,56.414850446367254,-3.6922352407825767,1665079009,4773,1990,32,Female,Y,1313,"Perth (north and west: Burghmuir, Cherrybank, Hillyland, Inveralmond, Lethom, Muirton, North Muirton, Tulloch)","Perth and Kinross",PH1,Fife
reef,55.719377890388316,-4.537595663648274,1665080588,4762,1964,58,Male,Y,835,Fenwick,"East Ayrshire",KA3,Ayrshire
reef,55.93465235221723,-4.683922596739227,1665080729,4791,1982,40,Male,N,1229,"Port Glasgow",Inverclyde,PA14,Glasgow
reef,55.4435301795961,-5.575902892658772,1665081555,4796,2002,20,Male,N,1246,Campbeltown,"Argyll and Bute",PA28,"Argyll and Bute"
reef,55.94458746492488,-4.818573955985706,1665083018,4820,1996,26,Male,Y,1231,"Greenock (west: Bow Farm, Braeside, Branchton, Fort Matilda, Gateside, Greenock West, Overton, Pennyfern, Smithston)",Inverclyde,PA16,Glasgow
reef,55.46413975122129,-4.620353918232157,1665083234,4815,1977,45,Other,Y,865,Dalmilling,"South Ayrshire",KA8,Ayrshire
reef,57.15721492328684,-2.13267602908076,1665083280,4829,1971,51,Female,Y,107,"Rosemount, Aberdeen",Aberdeen,"Aberdeen Central","North East (Aberdeen)"
reef,56.12077810283545,-3.613042206995994,1665084147,4857,1993,29,Other,Y,1096,"Dunfermline (centre, north, west: Abbey Parks, Lady's Mill, Garvock, Headwell, Kingseathill, Wellwood, Milesmark, Baldridge, Pittencrieff, Baldridgeburn)",Fife,KY12,Fife
reef,55.87485272869617,-4.347076155540958,1665085006,4882,2001,21,Male,Y,643,"Anniesland, Glasgow",Glasgow,"Glasgow Northwest",Glasgow
reef,56.4881085341307,-2.726369102784038,1665085041,4849,1991,31,Female,Y,178,Carnoustie,Angus,DD7,"Tayside and Angus (Dundee)"
reef,55.75549357843531,-3.9339115663678617,1665085719,4888,1985,37,Male,N,1177,Newmains,"North Lanarkshire",ML2,Glasgow
reef,56.3729814884731,-3.4212693637148237,1665085735,4895,1988,34,Female,Y,1353,Scone,"Perth and Kinross",PH2,Fife
reef,56.45582933895024,-2.9986166783823704,1665086048,4892,1991,31,Female,Y,261,"Westend, Dundee",Dundee,"Dundee West","Tayside and Angus (Dundee)"
reef,55.88024841603995,-4.163957525418796,1665087033,4917,1969,53,Male,Y,631,"Royston, Glasgow",Glasgow,"Glasgow Northeast",Glasgow
reef,55.69903112451691,-4.225017466678725,1665087146,4911,1990,32,Female,Y,534,"East Kilbride (south: Hairmyres, Westwood, The Murray, Murray East, Whitehills, Greenhill, Newlandsmuir, Gardenhall, Crosshouse, Newlands, Lindsayfield, Mossneuk)","South Lanarkshire",G75,Glasgow
reef,55.82382862950279,-4.233932281067732,1665087271,4845,1969,53,Male,Y,647,"Pollokshields, Glasgow",Glasgow,"Glasgow South",Glasgow
reef,55.865560537684594,-4.006602857060398,1665087790,4925,2004,18,Male,N,1189,Coatbridge,"North Lanarkshire",ML5,Glasgow
reef,55.80185051585496,-4.090456703359784,1665087978,4935,1979,43,Female,Y,529,Cambuslang,"South Lanarkshire",G72,Glasgow
reef,55.88882448551564,-4.310284113250115,1665088206,4951,2001,21,Male,Y,588,"Broomhill, Glasgow",Glasgow,"Glasgow Kelvin",Glasgow
reef,55.80787068056344,-4.139799076538936,1665088259,4935,1979,43,Female,Y,529,Cambuslang,"South Lanarkshire",G72,Glasgow
reef,55.74538584776239,-4.054655798177466,1665088360,4933,1998,24,Female,Y,1183,Hamilton,"South Lanarkshire",ML3,Glasgow
reef,55.67386179178877,-4.306726247668989,1665088789,1005,1971,51,Male,Y,837,"Kilmarnock (north: Onthank, Townholm, Altonhill, Longpark, Beansburn, New Farm Loch, Knockinlaw, Hillhead, Crookedholm)","East Ayrshire",KA3,Ayrshire
reef,56.52151354668073,-2.7255799454491525,1665089308,4958,1963,59,Male,Y,178,Carnoustie,Angus,DD7,"Tayside and Angus (Dundee)"
reef,55.881510393693944,-4.155550688344329,1665089514,4968,1981,41,Female,N,624,"Springboig, Glasgow",Glasgow,"Glasgow Northeast",Glasgow
reef,55.94717715100139,-4.855824052983014,1665090506,4975,1996,26,Male,Y,1235,Gourock,Inverclyde,PA19,Glasgow
reef,56.532264122061186,-2.7436088428006293,1665091163,4849,1991,31,Female,Y,178,Carnoustie,Angus,DD7,"Tayside and Angus (Dundee)"
reef,55.81731687416004,-4.302194305073758,1665091553,5001,1987,35,Female,Y,646,"Burnside, Glasgow",Glasgow,"Glasgow South",Glasgow
reef,55.78620771131057,-3.0485315334599177,1665091614,5003,1995,27,Male,N,338,Gorebridge,Midlothian,EH23,"Lothian (Edinburgh)"
reef,55.79519856766625,-4.282044911995367,1665091687,5005,1991,31,Male,Y,645,Clarkston,"East Renfrewshire","Glasgow South",Glasgow
reef,55.972871385027844,-4.4376331295022595,1665092026,5011,1989,33,Female,Y,546,Clydebank,"West Dunbartonshire",G81,Glasgow
reef,55.824676757236965,-3.9048253576600995,1665092777,5019,1985,37,Female,Y,1151,Motherwell,"North Lanarkshire",ML1,Glasgow
reef,56.21473228204661,-2.7502680164841653,1665093151,5020,1970,52,Male,Y,1083,Crail,Fife,KY10,Fife
reef,56.485934846926675,-2.971394002762119,1665093466,5028,1970,52,Female,Y,233,"Fairmuir, Dundee",Dundee,"Dundee Bluebelt","Tayside and Angus (Dundee)"
reef,55.43528738065889,-4.010163272571465,1665096864,5061,1958,64,Male,Y,802,"New Cumnock","East Ayrshire",KA18,Ayrshire
reef,56.288521689520906,-4.793587134420678,1665096961,5052,1986,36,Male,N,558,Balloch,"West Dunbartonshire",G83,"Argyll and Bute"
reef,57.62387967847326,-2.0366736176113314,1665098250,5079,1960,62,Female,N,57,Fraserburgh,Aberdeenshire,AB43,"North East (Aberdeen)"
reef,55.40139218083383,-4.305998196201164,1665098887,5085,1982,40,Male,Y,798,Cumnock,"East Ayrshire",KA18,Ayrshire
reef,55.78105953054349,-3.9379825491264646,1665101517,5088,1966,56,Male,Y,1180,Wishaw,"North Lanarkshire",ML2,Glasgow
reef,56.0724575492506,-3.490235183810825,1665122958,4717,1970,52,Male,Y,1096,"Dunfermline (centre, north, west: Abbey Parks, Lady's Mill, Garvock, Headwell, Kingseathill, Wellwood, Milesmark, Baldridge, Pittencrieff, Baldridgeburn)",Fife,KY12,Fife
reef,55.30563207890645,-4.1638530206584985,1665129236,5137,2004,18,Male,N,802,"New Cumnock","East Ayrshire",KA18,Ayrshire
reef,55.50121039194159,-4.265643961908263,1665129252,5134,2004,18,Male,N,846,Mauchline,"East Ayrshire",KA5,Ayrshire
reef,55.973238660915214,-3.185384760035804,1665129786,5112,1988,34,Male,Y,296,"Davidson's Mains, Edinburgh",Edinburgh,"Edinburgh North","Lothian (Edinburgh)"
reef,56.138926907983226,-4.021191644212508,1665129953,5126,1967,55,Male,N,479,"Stirling (north: Causewayhead, Cornton)",Stirlingshire,FK9,"Stirling and Falkirk"
reef,55.07573017237794,-4.948495489294674,1665130075,5140,2006,16,Male,N,824,Girvan,"South Ayrshire",KA26,Ayrshire
reef,55.56197602452399,-4.626575648614968,1665130145,5133,2000,22,Male,N,784,Troon,"South Ayrshire",KA10,Ayrshire
reef,56.12014320137391,-3.6862654489442317,1665131445,1728,1994,28,Female,Y,391,Alloa,Clackmannanshire,FK10,"Stirling and Falkirk"
reef,57.390689399633395,-2.6656404809373107,1665133635,5156,1954,68,Female,N,83,Huntly,Aberdeenshire,AB54,"North East (Aberdeen)"
reef,56.49763356411506,-2.801619071402969,1665134836,5162,1966,56,Female,Y,249,Monifieth,Angus,"Dundee East","Tayside and Angus (Dundee)"
reef,55.73910769302754,-4.309847916592791,1665135655,5165,1991,31,Female,Y,537,Eaglesham,"East Renfrewshire",G76,Glasgow
reef,55.95136451430274,-3.19777318537414,1665136860,5172,1988,34,Other,Y,264,"Slateford, Edinburgh",Edinburgh,"Edinburgh Central","Lothian (Edinburgh)"
reef,56.4982427485603,-3.5384003474485444,1665137466,5182,1954,68,Male,Y,1313,"Perth (north and west: Burghmuir, Cherrybank, Hillyland, Inveralmond, Lethom, Muirton, North Muirton, Tulloch)","Perth and Kinross",PH1,Fife
reef,57.21539786582247,-2.14538226285681,1665137671,5189,2006,16,Male,N,113,"Bridge of Don, Aberdeen",Aberdeen,"Aberdeen North","North East (Aberdeen)"
reef,57.15848596362322,-2.155364454186734,1665137789,5194,2006,16,Male,N,104,"Tillydrone, Aberdeen",Aberdeen,"Aberdeen Central","North East (Aberdeen)"
reef,57.15155028813262,-2.0782060265014906,1665137874,5193,2006,16,Male,School,106,"Kittybrewster, Aberdeen",Aberdeen,"Aberdeen Central","North East (Aberdeen)"
reef,57.14244081984052,-2.1496915724412307,1665137956,5191,2006,16,Female,School,103,"Woodside, Aberdeen",Aberdeen,"Aberdeen Central","North East (Aberdeen)"
reef,56.0007207151711,-3.691439574758689,1665139693,5210,1962,60,Female,N,439,Grangemouth,Falkirk,FK3,"Stirling and Falkirk"
reef,55.78334886977879,-4.286477790376033,1665139906,5214,1984,38,Female,Y,645,Clarkston,"East Renfrewshire","Glasgow South",Glasgow
reef,56.05737503645333,-3.648367671095309,1665140631,3587,1971,51,Female,Y,1096,"Dunfermline (centre, north, west: Abbey Parks, Lady's Mill, Garvock, Headwell, Kingseathill, Wellwood, Milesmark, Baldridge, Pittencrieff, Baldridgeburn)",Fife,KY12,Fife
reef,57.6890044305235,-4.166632627428215,1665142891,5222,1999,23,Female,Y,708,Invergordon,Highland,IV18,"Highlands (Inverness)"
reef,55.93019377425971,-3.59914583333561,1665142933,5228,1999,23,Female,Y,368,Bathgate,"West Lothian",EH48,"Lothian (Edinburgh)"
reef,58.23443390269654,-6.520731416231426,1665145306,5244,1949,73,Female,Y,688,"Isle of Lewis","Western Isles (outside of Stornoway)",HS2,"Western Isles"
reef,56.050196241699446,-4.505902204296464,1665148351,5259,1998,24,Male,N,553,Arrochar,"Argyll and Bute",G83,"Argyll and Bute"
reef,55.940374325385164,-4.855837465388547,1665152771,5269,1953,69,Female,N,1235,Gourock,Inverclyde,PA19,Glasgow
reef,55.80850908995146,-4.11130404362874,1665152983,5271,1997,25,Female,Y,528,Blantyre,"South Lanarkshire",G72,Glasgow
reef,55.93938690982158,-4.024245689358091,1665156147,5283,2001,21,Female,Y,517,"Cumbernauld (north: Balloch, Eastfield, Carrickstone, Smithstone, Blackwood, Westfield)","North Lanarkshire",G68,Glasgow
reef,56.54770479052933,-2.708425789931187,1665157609,5288,1990,32,Female,Y,141,Arbroath,Angus,DD11,"Tayside and Angus (Dundee)"
reef,55.93670926623901,-3.958190231559966,1665158184,5299,1967,55,Male,N,514,"Cumbernauld (south: Condorrat, Lenziemill, Carbrain, Kildrum, Cumbernauld Village, Abronhill, Seafar)","North Lanarkshire",G67,Glasgow
reef,55.902024997608855,-3.7663547011182525,1665158427,5295,2006,16,Other,School,368,Bathgate,"West Lothian",EH48,"Lothian (Edinburgh)"
reef,55.863226829001455,-4.297064301899259,1665170364,5336,1989,33,Male,Y,597,"Yorkhill, Glasgow",Glasgow,"Glasgow Kelvin",Glasgow
reef,56.391841288793394,-3.3633553551972097,1665197777,5342,2005,17,Other,N,1354,"Perth (south and east: Barnhill, Bridgend, Craigie, Kincarrathie, Upper Craigie)","Perth and Kinross",PH2,Fife
reef,58.25457804651345,-6.666349571778367,1665209027,5398,1998,24,Female,Y,688,"Isle of Lewis","Western Isles (outside of Stornoway)",HS2,"Western Isles"
reef,55.4583121841439,-4.186300225649143,1665220303,5413,1988,34,Female,Y,798,Cumnock,"East Ayrshire",KA18,Ayrshire
reef,55.922840353564794,-4.345860407188325,1665220395,5383,1965,57,Male,Y,488,Bearsden,"East Dunbartonshire",G61,Glasgow
reef,55.197119428490346,-4.457674594423293,1665220539,5417,1982,40,Male,Y,852,Dalmellington,"East Ayrshire",KA6,Ayrshire
reef,56.07721342790085,-3.388151088726827,1665225542,5425,1997,25,Female,Y,1090,"Dunfermline (south and east: Halbeath, Touch, Duloch, Masterton, Pitcorthie, Abbeyview, Brucefield, Hospital Hill, Camdean, Pitreavie)",Fife,KY11,Fife
reef,55.92114141221388,-4.026554299585621,1665235479,5441,1994,28,Female,Y,514,"Cumbernauld (south: Condorrat, Lenziemill, Carbrain, Kildrum, Cumbernauld Village, Abronhill, Seafar)","North Lanarkshire",G67,Glasgow
reef,57.04545876881387,-2.290940285948011,1665236303,5442,1962,60,Female,N,48,Stonehaven,Aberdeenshire,AB39,"North East (Aberdeen)"
reef,55.87304968854893,-3.276733409165415,1665241173,5447,1984,38,Male,Y,314,"Morningside, Edinburgh",Edinburgh,"Edinburgh South","Lothian (Edinburgh)"
reef,55.81882317198763,-4.236533160655365,1665252346,5463,2003,19,Female,Y,656,"Croftfoot, Glasgow",Glasgow,"Glasgow South",Glasgow
reef,55.88366285997114,-4.2131477210709765,1665255037,5466,1999,23,Female,Y,624,"Springboig, Glasgow",Glasgow,"Glasgow Northeast",Glasgow
reef,56.195412526603434,-3.136810298973832,1665255762,5467,1988,34,Female,N,1133,"Glenrothes (centre and east: Pitteuchar, Finglassie, Stenton, Auchmuty, Pitcoudie, Balfarg, Pircairn, Collydean)",Fife,KY7,Fife
reef,54.973117591620465,-3.508653070417484,1665255837,5469,2007,15,Male,School,186,"Dumfries (centre and east: Dalscone, Georgetown, Heathhall, Kingholm Quay, Noblehill, The Crichton)","Dumfries and Galloway",DG1,"Dumfries and Galloway"
reef,56.64984377902302,-2.9634868237764933,1665262545,5479,1996,26,Male,Y,181,Kirriemuir,Angus,DD8,"Tayside and Angus (Dundee)"
reef,55.90580039644851,-3.0985534271190662,1665265953,5486,1972,50,Male,N,334,Dalkeith,Midlothian,EH22,"Lothian (Edinburgh)"
reef,57.10660586769592,-2.3348818539884357,1665306985,5508,1995,27,Female,Y,128,"Mannofield, Aberdeen",Aberdeen,"Aberdeen Southwest","North East (Aberdeen)"
reef,55.85895867728638,-4.007270969297269,1665307521,5509,1996,26,Female,Y,1189,Coatbridge,"North Lanarkshire",ML5,Glasgow
reef,55.988827591391264,-2.5745759213512045,1665309190,5516,1999,23,Female,Y,359,Dunbar,"East Lothian",EH42,"Lothian (Edinburgh)"
reef,56.4657495335136,-3.0457297727806885,1665321053,5533,1994,28,Female,Y,244,"Stobswell, Dundee",Dundee,"Dundee Central","Tayside and Angus (Dundee)"
reef,55.90836953336108,-3.2816503732400575,1665327926,5541,1964,58,Female,Y,272,"New Town, Edinburgh",Edinburgh,"Edinburgh Central","Lothian (Edinburgh)"
reef,55.92632294661169,-4.33099407305806,1665329965,5545,1996,26,Female,Y,488,Bearsden,"East Dunbartonshire",G61,Glasgow
reef,56.12531698320278,-3.8064441435845984,1665339682,5551,2003,19,Female,Y,386,Clackmannan,Clackmannanshire,FK10,"Stirling and Falkirk"
reef,57.67296372238597,-3.1592439422997023,1665344469,5560,1977,45,Female,Y,737,Elgin,Moray,IV30,"North East (Aberdeen)"
reef,57.691049900292086,-3.2985019030141367,1665352408,5568,1996,26,Female,Y,738,Lossiemouth,Moray,IV31,"North East (Aberdeen)"
reef,55.884509569504075,-3.056998088514943,1665392317,5590,1985,37,Female,N,334,Dalkeith,Midlothian,EH22,"Lothian (Edinburgh)"
reef,55.98117399950252,-4.490713189631608,1665392926,5586,1980,42,Female,Y,549,Dumbarton,"West Dunbartonshire",G82,Glasgow
reef,55.89955160102477,-4.327912808337022,1665414000,3118,2004,18,Female,Y,586,"Kelvinside, Glasgow",Glasgow,"Glasgow Kelvin",Glasgow
reef,57.42794437017008,-4.348858709701233,1665415738,5605,1992,30,Male,Y,736,"Inverness (west: Ballifeary, Balnafettack, Clachnaharry, Dalneigh, Kinmylies, Leachkin, Merkinch, Muirtown, South Kessock)",Highland,IV3,"Highlands (Inverness)"
reef,55.97967297485277,-4.471698074663312,1665431155,5586,1980,42,Female,Y,549,Dumbarton,"West Dunbartonshire",G82,Glasgow
reef,55.96694404918464,-4.428754487496766,1665433762,5616,1989,33,Other,Y,546,Clydebank,"West Dunbartonshire",G81,Glasgow
reef,55.812328972381906,-4.223134568813609,1665434805,5619,1989,33,Female,Y,571,"Castlemilk, Glasgow",Glasgow,"Glasgow Castlemilk",Glasgow
reef,55.84116979480288,-4.183420707368157,1665435033,5618,1982,40,Female,Y,623,"Shettleston, Glasgow",Glasgow,"Glasgow Northeast",Glasgow
reef,55.922919319552,-3.1467258366294732,1665435139,5622,1964,58,Female,N,322,"Gilmerton, Edinburgh",Edinburgh,"Edinburgh Southeast","Lothian (Edinburgh)"
reef,55.88239116239125,-3.141690109220835,1665436588,5622,1964,58,Female,N,322,"Gilmerton, Edinburgh",Edinburgh,"Edinburgh Southeast","Lothian (Edinburgh)"
reef,55.83290421433948,-4.17975951126356,1665440062,5628,1988,34,Female,Y,529,Cambuslang,"South Lanarkshire",G72,Glasgow
reef,55.67625256688222,-4.765359085993925,1665447937,5631,1943,79,Female,Y,812,Saltcoats,"East Ayrshire",KA21,Ayrshire
reef,55.72612871008296,-3.9605618079974367,1665450706,5632,1991,31,Female,Y,1217,Larkhall,"North Lanarkshire",ML9,Glasgow
reef,57.41336380347064,-1.9640481022425114,1665465359,5634,1982,40,Female,Y,54,Peterhead,Aberdeenshire,AB42,"North East (Aberdeen)"
reef,55.91562192036478,-4.322132985467118,1665468540,5636,1981,41,Male,Y,488,Bearsden,"East Dunbartonshire",G61,Glasgow
reef,55.915154742066996,-4.35058933320632,1665473997,5639,1972,50,Female,N,644,"Partick, Glasgow",Glasgow,"Glasgow Northwest",Glasgow
reef,56.15481220958162,-3.1991981717785545,1665479786,5647,1998,24,Female,Y,1117,"Kirkcaldy (west: Hayfield, Templehall, Newliston, Chapel, Dunnikier, Bennochy)",Fife,KY2,Fife
reef,55.88433659457214,-4.039337737970968,1665495870,5660,2004,18,Female,Y,1189,Coatbridge,"North Lanarkshire",ML5,Glasgow
reef,57.346510747374616,-2.6476628803543774,1665502936,5667,1962,60,Female,Y,74,"Old Rayne",Aberdeenshire,AB52,"North East (Aberdeen)"
reef,57.3010568810376,-2.664367221060458,1665503553,5667,1962,60,Female,Y,74,"Old Rayne",Aberdeenshire,AB52,"North East (Aberdeen)"
reef,55.805850816651706,-4.290601067968493,1665518104,5676,1974,48,Female,N,648,"Shawlands, Glasgow",Glasgow,"Glasgow South",Glasgow
reef,55.655364330652,-4.619013577029093,1665574259,5682,1996,26,Female,Y,788,Kilwinning,"North Ayrshire",KA13,Ayrshire
reef,56.053754257269226,-3.856479164425402,1665608956,5700,1990,32,Female,Y,450,Stenhousemuir,Falkirk,FK5,"Stirling and Falkirk"
reef,55.97448745221256,-3.2402227710340514,1665656901,5708,2005,17,Female,School,279,"Clermiston and Drumbrae, Edinburgh",Edinburgh,"Edinburgh Clermiston Granton","Lothian (Edinburgh)"
reef,59.934845674327605,-1.3022668289280495,1665667107,5715,1970,52,Male,Y,1535,"Easter Quarff","Shetland Isles",ZE2,"Shetland Islands"
reef,55.899618710375805,-3.2418730961334554,1665699542,5728,1969,53,Male,N,305,"Oxgangs, Edinburgh",Edinburgh,"Edinburgh Oxgangs","Lothian (Edinburgh)"
reef,55.60252046492534,-4.670491388235455,1665790492,5753,2000,22,Male,N,785,"Irvine (east, south: Perceton, Lawthorn, Girdle Toll, Stanecastle, Bourtreehill, Broomlands, Dreghorn, Springside)","North Ayrshire",KA11,Ayrshire
reef,57.266996790516046,-2.1493127547958233,1665812256,5756,1964,58,Female,Y,111,"Bucksburn, Aberdeen",Aberdeen,"Aberdeen North","North East (Aberdeen)"
reef,55.82586381694808,-4.429271167346848,1665820244,5758,1996,26,Male,N,1236,"Paisley (south: Blackhall, Castlehead, Dykebar, Foxbar, Hunterhill, Meikleriggs)",Renfrewshire,PA2,Glasgow
reef,57.6984200379143,-3.3145891472263367,1665824771,5761,1997,25,Male,Y,738,Lossiemouth,Moray,IV31,"North East (Aberdeen)"
reef,55.97769511028593,-4.131770402851693,1665835185,5774,1993,29,Male,Y,507,Kirkintilloch,"East Dunbartonshire",G66,Glasgow
reef,55.92173518477046,-4.0357512525529975,1665835270,5782,1995,27,Male,N,514,"Cumbernauld (south: Condorrat, Lenziemill, Carbrain, Kildrum, Cumbernauld Village, Abronhill, Seafar)","North Lanarkshire",G67,Glasgow
reef,55.83230161198096,-4.372338698326765,1665835308,5781,1992,30,Female,Y,678,"Cardonald, Glasgow",Glasgow,"Glasgow Southwest",Glasgow
reef,55.856367798928794,-4.438309741088948,1665835419,5790,1983,39,Male,Y,1248,Linwood,Renfrewshire,PA3,Glasgow
reef,55.85839488714802,-4.08629410977255,1665835671,5767,1994,28,Male,Y,618,"Carmyle, Glasgow",Glasgow,"Glasgow Northeast",Glasgow
reef,56.099305078329884,-4.8341743514201605,1665835814,5786,1986,36,Male,N,566,Helensburgh,"Argyll and Bute",G84,"Argyll and Bute"
reef,56.0035095120075,-3.562615264506699,1665835834,5803,1995,27,Male,Y,370,Bo'ness,Falkirk,EH51,"Lothian (Edinburgh)"
reef,55.80508660564448,-4.587602559098318,1665835893,5804,1987,35,Male,Y,1308,Howwood,Renfrewshire,PA9,Glasgow
reef,55.95560524422167,-3.116128486041807,1665836606,5809,1980,42,Male,N,280,"Duddingston, Edinburgh",Edinburgh,"Edinburgh Duddingston","Lothian (Edinburgh)"
reef,55.82255890973056,-4.357502762863644,1665836947,5823,1977,45,Male,Y,679,"Pollock, Glasgow",Glasgow,"Glasgow Southwest",Glasgow
reef,55.9605040266566,-4.792121525409817,1665839175,5840,1984,38,Male,N,1231,"Greenock (west: Bow Farm, Braeside, Branchton, Fort Matilda, Gateside, Greenock West, Overton, Pennyfern, Smithston)",Inverclyde,PA16,Glasgow
reef,55.40461360591522,-4.715098773663528,1665842738,5851,1991,31,Female,N,856,"Ayr (Centre)","South Ayrshire",KA7,Ayrshire
reef,55.923966204927304,-4.860212418861285,1665845556,5864,1957,65,Female,N,1231,"Greenock (west: Bow Farm, Braeside, Branchton, Fort Matilda, Gateside, Greenock West, Overton, Pennyfern, Smithston)",Inverclyde,PA16,Glasgow
reef,57.50708808127177,-1.8440171723131598,1665845870,5869,1980,42,Male,N,54,Peterhead,Aberdeenshire,AB42,"North East (Aberdeen)"
reef,56.27328656489218,-4.813130019607904,1665851482,5879,1987,35,Male,N,557,Alexandria,"West Dunbartonshire",G83,"Argyll and Bute"
reef,55.866505666487036,-4.144303483579733,1665855137,5885,2001,21,Female,Y,632,"Springburn, Glasgow",Glasgow,"Glasgow Northeast",Glasgow
reef,55.835360208855334,-4.207493111573884,1665858404,5891,1996,26,Female,Y,623,"Shettleston, Glasgow",Glasgow,"Glasgow Northeast",Glasgow
reef,57.607760745442825,-3.3554368171585804,1665951958,5759,1999,23,Female,Y,737,Elgin,Moray,IV30,"North East (Aberdeen)"
reef,56.84785468337975,-2.324356451644743,1666011902,5922,1964,58,Female,Y,140,Montrose,Angus,DD10,"Tayside and Angus (Dundee)"
reef,60.15939357014055,-1.2504199914134828,1666128353,5939,1966,56,Male,N,1500,Lerwick,"Shetland Isles",ZE1,"Shetland Islands"
reef,55.84373878240521,-4.135535094133231,1666177530,5946,1996,26,Female,N,628,"Balornock, Glasgow",Glasgow,"Glasgow Northeast",Glasgow
reef,56.86723524332503,-3.180724295806019,1666183292,5947,2003,19,Female,School,181,Kirriemuir,Angus,DD8,"Tayside and Angus (Dundee)"
reef,56.21348165309937,-3.241803842123557,1666185167,5949,1995,27,Female,Y,1129,"Glenrothes (west: Caskieberran, Rimbleton, Macedonia, Tanshall)",Fife,KY6,Fife
reef,55.840725305929965,-3.905699037723883,1666270131,5961,2004,18,Male,Y,1151,Motherwell,"North Lanarkshire",ML1,Glasgow
reef,56.115760698093695,-3.6736561134267003,1666272254,5963,1997,25,Female,Y,391,Alloa,Clackmannanshire,FK10,"Stirling and Falkirk"
reef,55.75978717126965,-2.875611986355655,1666285200,5964,1995,27,Other,N,1437,Lauder,"Scottish Borders",TD2,Borders
reef,56.01821194212595,-3.7506470245557084,1666303146,5972,1990,32,Male,Y,439,Grangemouth,Falkirk,FK3,"Stirling and Falkirk"
reef,56.220661091277954,-3.023244462254844,1666511013,5984,1962,60,Female,Y,1140,Leven,Fife,KY8,Fife
reef,55.640386778047514,-3.281221155224291,1666820295,6014,2002,20,Female,Y,362,Peebles,"Scottish Borders",EH45,Borders
reef,55.785127736168675,-4.852743482316809,1667215279,6035,2005,17,Female,School,842,Largs,"North Ayrshire",KA30,Ayrshire
reef,55.8428212618339,-4.7902468087301155,1667215398,6034,2007,15,Male,School,842,Largs,"North Ayrshire",KA30,Ayrshire
reef,55.812353687952815,-4.845940861699168,1667215833,6033,2006,16,Male,School,842,Largs,"North Ayrshire",KA30,Ayrshire
reef,55.86159487520295,-4.834939063415535,1667216055,6041,2005,17,Male,School,1233,Skelmorlie,"North Ayrshire",PA17,Ayrshire
reef,55.75320781781727,-4.941123602613852,1667216733,6039,2005,17,Female,School,832,Millport,"North Ayrshire",KA28,Ayrshire
reef,58.89778046065105,-2.9191966431857597,1667251990,6049,1997,25,Male,N,1025,"Orkney Islands",Orkney,KW17,"Orkney Islands"
reef,56.45468773873535,-3.039261271591459,1667472429,6067,1988,34,Female,Y,257,"Ninewells, Dundee",Dundee,"Dundee West","Tayside and Angus (Dundee)"
reef,55.91393466457911,-4.048162342672129,1669797756,6048,1978,44,Female,Y,1189,Coatbridge,"North Lanarkshire",ML5,Glasgow
reef,55.58272303594794,-4.481840413465172,1670519583,6136,1995,27,Female,Y,779,"Kilmarnock (centre and south: Bonnyton, Grange, Bellfield, Shortlees, Caprington, Riccarton, Hurlford)","East Ayrshire",KA1,Ayrshire
reef,57.58321690282747,-4.424398549368631,1671728289,6153,1981,41,Male,Y,705,Dingwall,Highland,IV15,"Highlands (Inverness)"
reef,55.9812860653516,-3.160224639987649,1671818832,6155,1991,31,Female,Y,285,"Leith, Edinburgh",Edinburgh,"Edinburgh Leith","Lothian (Edinburgh)"
reef,54.66032354801428,-4.930115177345546,1672960290,6161,2000,23,Female,Y,231,Stranraer,"Dumfries and Galloway",DG9,"Dumfries and Galloway"
reef,55.9763652106681,-3.9223338183102148,1673716229,6172,1999,24,Female,Y,444,Dennyloanhead, Falkirk,FK4,"Stirling and Falkirk"
reef,55.963516976501204,-4.457136342078969,1673857189,6178,1977,46,Female,N,546,Clydebank,"West Dunbartonshire",G81,Glasgow
reef,58.59196196724548,-3.4464198361065863,1675447001,6201,2003,20,Female,School,961,Thurso,Highland,KW14,"Highlands (Inverness)"
reef,55.98680493604319,-2.6184654256244646,1675454831,6203,2001,22,Other,Y,359,Dunbar,"East Lothian",EH42,"Lothian (Edinburgh)"
reef,55.95510657325106,-3.461948792008154,1675695595,6208,2009,14,Male,School,371,Broxburn,"West Lothian",EH52,"Lothian (Edinburgh)"
reef,55.94824721565998,-3.2626208170142816,1675695606,6212,2009,14,Female,School,296,"Davidson's Mains, Edinburgh",Edinburgh,"Edinburgh North","Lothian (Edinburgh)"
reef,55.85437214037161,-3.123651817213836,1675695780,6217,2009,14,Male,School,328,Bonnyrigg,Midlothian,EH19,"Lothian (Edinburgh)"
reef,55.44135989235409,-4.493077852194009,1675730699,6224,1997,26,Male,Y,852,Dalmellington,"East Ayrshire",KA6,Ayrshire
reef,56.73758461169406,-3.111974555957966,1676998118,6238,2004,19,Female,Y,179,Forfar,Angus,DD8,"Tayside and Angus (Dundee)"
reef,55.82629605308361,-3.7821515069720193,1677015524,6244,2004,19,Female,Y,1209,Shotts,"North Lanarkshire",ML7,Glasgow
reef,55.75027706263054,-3.1296246977473094,1677058599,6248,2003,20,Female,Y,338,Gorebridge,Midlothian,EH23,"Lothian (Edinburgh)"
reef,55.99382158653091,-3.803450219299209,1677369193,6257,1955,68,Male,Y,377,"Falkirk (centre and south: Arnothill, Bantaskin, Callendar Park, Glen Village, Hallglen, Lionthorn, Tamfourhill, Woodlands)",Falkirk,FK1,"Stirling and Falkirk"
reef,56.04605421989414,-3.4160603620363648,1677597854,6264,1970,53,Male,Y,1090,"Dunfermline (south and east: Halbeath, Touch, Duloch, Masterton, Pitcorthie, Abbeyview, Brucefield, Hospital Hill, Camdean, Pitreavie)",Fife,KY11,Fife
reef,55.95567466876016,-2.9773392353284125,1677598829,6267,2002,21,Female,Y,348,Prestonpans,"East Lothian",EH32,"Lothian (Edinburgh)"
reef,57.64069445745897,-4.607329025643052,1677608034,6278,2004,19,Female,Y,704,Strathpeffer,Highland,IV14,"Highlands (Inverness)"
reef,57.51980875781016,-4.319708385898398,1677608217,6281,1984,39,Female,Y,699,"Inverness (centre, north: Longman)",Highland,IV1,"Highlands (Inverness)"
reef,55.978944015319335,-3.184182531120953,1677668913,6292,1992,31,Male,Y,287,"Corstorphine, Edinburgh",Edinburgh,"Edinburgh North","Lothian (Edinburgh)"
reef,55.889110704411806,-4.363617662113252,1677682223,6294,1978,45,Female,Y,638,"Drumchapel, Glasgow",Glasgow,"Glasgow Northwest",Glasgow
reef,55.88218333517492,-4.131492565989889,1677949975,6309,1991,32,Other,Y,598,Rutherglen,"South Lanarkshire","Glasgow Northeast",Glasgow
reef,55.79384460699676,-4.037596620752169,1678201863,6323,2005,18,Other,Y,1153,Newarthill,"North Lanarkshire",ML1,Glasgow
reef,57.4434472280285,-6.398671939238302,1678454098,6336,2001,22,Other,Y,763,Portree,Highland,IV51,"Highlands (Inverness)"
reef,55.53223116516643,-4.017641607060651,1679000056,6340,1992,31,Female,Y,798,Cumnock,"East Ayrshire",KA18,Ayrshire
reef,55.49403005892622,-4.061055710361219,1679044376,6351,2006,17,Male,School,798,Cumnock,"East Ayrshire",KA18,Ayrshire
reef,55.53618416745182,-4.421289640494357,1679044434,6347,2006,17,Male,School,845,Catrine,"East Ayrshire",KA5,Ayrshire
reef,55.390202732312645,-4.282936127749377,1679044479,6353,2006,17,Male,School,802,"New Cumnock","East Ayrshire",KA18,Ayrshire
reef,55.51047672659814,-4.4926721503827345,1679044800,6352,2006,17,Male,School,845,Catrine,"East Ayrshire",KA5,Ayrshire
reef,55.81674860532566,-4.064056055502645,1679055035,6356,2010,13,Male,School,525,Uddingston,"South Lanarkshire",G71,Glasgow
reef,56.23630990738457,-3.1222219286211543,1679056518,6365,2008,15,Male,School,1133,"Glenrothes (centre and east: Pitteuchar, Finglassie, Stenton, Auchmuty, Pitcoudie, Balfarg, Pircairn, Collydean)",Fife,KY7,Fife
reef,56.19644083610855,-3.130103838166603,1679056583,6370,2008,15,Female,N,1133,"Glenrothes (centre and east: Pitteuchar, Finglassie, Stenton, Auchmuty, Pitcoudie, Balfarg, Pircairn, Collydean)",Fife,KY7,Fife
reef,56.177059771888615,-3.1165284282776886,1679056608,6361,2008,15,Female,School,1132,"Coaltown of Balgonie",Fife,KY7,Fife
reef,56.224057397581404,-3.122443357515739,1679056707,6383,2008,15,Female,School,1133,"Glenrothes (centre and east: Pitteuchar, Finglassie, Stenton, Auchmuty, Pitcoudie, Balfarg, Pircairn, Collydean)",Fife,KY7,Fife
reef,56.23070444742662,-3.1232792470676523,1679056716,6374,2008,15,Female,School,1134,Markinch,Fife,KY7,Fife
reef,56.225247137222006,-3.1533237237133487,1679056737,6363,2008,15,Female,School,1133,"Glenrothes (centre and east: Pitteuchar, Finglassie, Stenton, Auchmuty, Pitcoudie, Balfarg, Pircairn, Collydean)",Fife,KY7,Fife
reef,56.198095454283035,-3.106986771990437,1679056832,6364,2009,14,Male,School,1133,"Glenrothes (centre and east: Pitteuchar, Finglassie, Stenton, Auchmuty, Pitcoudie, Balfarg, Pircairn, Collydean)",Fife,KY7,Fife
reef,56.235154461643035,-3.0793667621351313,1679056999,6390,2009,14,Male,School,1133,"Glenrothes (centre and east: Pitteuchar, Finglassie, Stenton, Auchmuty, Pitcoudie, Balfarg, Pircairn, Collydean)",Fife,KY7,Fife
reef,56.224736865018635,-3.0793637400934903,1679057009,6375,2008,15,Female,School,1133,"Glenrothes (centre and east: Pitteuchar, Finglassie, Stenton, Auchmuty, Pitcoudie, Balfarg, Pircairn, Collydean)",Fife,KY7,Fife
reef,56.17964302453358,-3.1584518906540384,1679057057,6381,2008,15,Male,School,1133,"Glenrothes (centre and east: Pitteuchar, Finglassie, Stenton, Auchmuty, Pitcoudie, Balfarg, Pircairn, Collydean)",Fife,KY7,Fife
reef,56.18606362913368,-3.1612988870539733,1679057070,6377,2008,15,Male,School,1133,"Glenrothes (centre and east: Pitteuchar, Finglassie, Stenton, Auchmuty, Pitcoudie, Balfarg, Pircairn, Collydean)",Fife,KY7,Fife
reef,56.221615158719466,-3.0953950872617906,1679057086,6397,2008,15,Male,School,1133,"Glenrothes (centre and east: Pitteuchar, Finglassie, Stenton, Auchmuty, Pitcoudie, Balfarg, Pircairn, Collydean)",Fife,KY7,Fife
reef,56.21467833009942,-3.1203688249217523,1679057088,6395,2009,14,Male,School,1133,"Glenrothes (centre and east: Pitteuchar, Finglassie, Stenton, Auchmuty, Pitcoudie, Balfarg, Pircairn, Collydean)",Fife,KY7,Fife
reef,55.8823623344987,-3.2306710380588775,1679078858,6403,1974,49,Female,Y,313,"Colinton, Edinburgh",Edinburgh,"Edinburgh South","Lothian (Edinburgh)"
reef,55.91458524771401,-3.8293267111100526,1679667902,6416,1997,26,Male,Y,377,"Falkirk (centre and south: Arnothill, Bantaskin, Callendar Park, Glen Village, Hallglen, Lionthorn, Tamfourhill, Woodlands)",Falkirk,FK1,"Stirling and Falkirk"
reef,55.45950141530351,-4.643568520066028,1681823864,6437,2000,23,Female,Y,856,"Ayr (Centre)","South Ayrshire",KA7,Ayrshire
reef,55.86637599002522,-4.595187389333322,1682429963,6443,1995,28,Female,Y,1224,"Bridge of Weir",Renfrewshire,PA11,Glasgow
reef,55.83231743522122,-4.486879633041535,1682593401,6449,2008,15,Other,School,1276,Johnstone,Renfrewshire,PA5,Glasgow
reef,55.82763278663106,-4.036382400630364,1683284199,6463,2008,15,Male,School,1186,Bellshill,"North Lanarkshire",ML4,Glasgow
reef,55.804602078397934,-4.084332606752922,1683284201,6462,2008,15,Male,School,525,Uddingston,"South Lanarkshire",G71,Glasgow
reef,55.911911567358445,-4.477698852688932,1685823499,6496,1999,24,Female,Y,1292,Bishopton,Renfrewshire,PA7,Glasgow
reef,57.712997930399474,-3.303404358780002,1686078963,6500,2010,13,Other,School,738,Lossiemouth,Moray,IV31,"North East (Aberdeen)"
reef,55.84256600312901,-4.157216908939234,1686577299,6525,2006,17,Male,School,617,"Dalmarnock, Glasgow",Glasgow,"Glasgow Northeast",Glasgow
reef,55.84483706235606,-4.227948601379954,1686577327,6523,2007,16,Male,School,631,"Royston, Glasgow",Glasgow,"Glasgow Northeast",Glasgow
reef,55.84411182127934,-4.121256645384137,1686577336,6511,2006,17,Male,School,615,"Bridgeton, Glasgow",Glasgow,"Glasgow Northeast",Glasgow
reef,55.86927424028967,-4.157851447048188,1686577346,6505,2007,16,Female,School,615,"Bridgeton, Glasgow",Glasgow,"Glasgow Northeast",Glasgow
reef,55.83766425106601,-4.211492756952591,1686577347,6507,2007,16,Female,School,616,"Calton, Glasgow",Glasgow,"Glasgow Northeast",Glasgow
reef,55.888696311706035,-4.238798715248997,1686577435,6522,2007,16,Male,N,617,"Dalmarnock, Glasgow",Glasgow,"Glasgow Northeast",Glasgow
reef,55.846653968070974,-4.336896969916242,1686577796,6509,2007,16,Male,N,682,"Darnley, Glasgow",Glasgow,"Glasgow Southwest",Glasgow
reef,55.89402328859292,-4.302978321202042,1686593852,6537,2008,15,Female,School,615,"Bridgeton, Glasgow",Glasgow,"Glasgow Northeast",Glasgow
reef,55.88462822636183,-4.232053303283505,1686913717,6548,2006,17,Male,School,603,"Carntyne, Glasgow",Glasgow,"Glasgow Northeast",Glasgow
reef,55.818371290816884,-4.0715333783522505,1686921506,6559,2007,16,Female,School,623,"Shettleston, Glasgow",Glasgow,"Glasgow Northeast",Glasgow
reef,55.847997914156586,-4.091965426713655,1686921571,6556,2007,16,Female,School,615,"Bridgeton, Glasgow",Glasgow,"Glasgow Northeast",Glasgow
reef,56.31875355460199,-2.998586323273998,1689437062,6568,1994,29,Male,Y,1105,Cupar,Fife,KY15,Fife
reef,56.470772041131596,-2.9847958575815867,1691097644,6572,1993,30,Male,N,237,"Blackness, Dundee",Dundee,"Dundee Central","Tayside and Angus (Dundee)"
reef,55.90375337039918,-4.166789176069928,1693935547,6583,1961,62,Female,N,603,"Carntyne, Glasgow",Glasgow,"Glasgow Northeast",Glasgow
reef,55.02894944596582,-4.454841304039187,1695037320,6597,2005,18,Male,School,227,Wigtown,"Dumfries and Galloway",DG8,"Dumfries and Galloway"
reef,55.804397107651866,-4.103310483115652,1695208376,6598,2011,12,Male,School,529,Cambuslang,"South Lanarkshire",G72,Glasgow
reef,55.78720978689417,-4.133842392590437,1695208388,6601,2010,13,Female,School,529,Cambuslang,"South Lanarkshire",G72,Glasgow
reef,55.8104162644907,-4.1780036428581395,1695209089,6615,2010,13,Female,School,529,Cambuslang,"South Lanarkshire",G72,Glasgow
reef,55.911393035019195,-4.192757711061504,1695823085,6620,2003,20,Female,Y,632,"Springburn, Glasgow",Glasgow,"Glasgow Northeast",Glasgow
reef,55.965637023417784,-2.6191513817365615,1697019108,6203,2001,22,Other,Y,359,Dunbar,"East Lothian",EH42,"Lothian (Edinburgh)"
reef,55.93835624964285,-4.877551589374384,1697300274,6630,1966,57,Female,Y,1235,Gourock,Inverclyde,PA19,Glasgow
reef,55.89181385127046,-4.336405147275893,1697862801,6636,1991,32,Male,N,644,"Partick, Glasgow",Glasgow,"Glasgow Northwest",Glasgow
reef,56.491872156912116,-3.0497720453421002,1702413167,6658,1993,30,Male,N,237,"Blackness, Dundee",Dundee,"Dundee Central","Tayside and Angus (Dundee)"
reef,56.00516445761598,-3.61954575765609,1702432947,6664,1989,34,Male,Y,370,Bo'ness,Falkirk,EH51,"Lothian (Edinburgh)"
reef,56.02097428483926,-3.963052045710347,1702468639,6684,1995,28,Male,N,452,Denny,Falkirk,FK6,"Stirling and Falkirk"
reef,55.952390101923186,-3.439941586770046,1702474544,6689,1995,28,Male,Y,371,Broxburn,"West Lothian",EH52,"Lothian (Edinburgh)"
reef,55.91125746026268,-2.495060195138724,1702514352,6694,1989,34,Male,Y,359,Dunbar,"East Lothian",EH42,"Lothian (Edinburgh)"
reef,57.1534150386668,-2.2174775961985134,1705494966,6720,1989,35,Female,N,125,Whiterashes,Aberdeenshire,"Aberdeen North","North East (Aberdeen)"
reef,55.513558502733105,-4.507659857209071,1707061667,6739,1997,27,Female,Y,846,Mauchline,"East Ayrshire",KA5,Ayrshire
reef,57.03387274260871,-2.178731812282408,1708445896,6778,2005,19,Female,Y,48,Stonehaven,Aberdeenshire,AB39,"North East (Aberdeen)"
reef,55.996603594660435,-4.090722942340891,1708446552,6769,2005,19,Female,Y,506,Kilsyth,"North Lanarkshire",G65,Glasgow
reef,56.40681044811006,-2.861953856486777,1708446730,6767,1990,34,Male,Y,176,Tayport,Fife,DD6,"Tayside and Angus (Dundee)"
reef,55.824591571888405,-4.309092927507211,1708447052,6772,2005,19,Female,Y,652,"King's Park, Glasgow",Glasgow,"Glasgow South",Glasgow
reef,55.76100363459207,-4.184110597424101,1708458186,6801,2005,19,Female,Y,530,"East Kilbride (north: The Village, East Mains, West Mains, Lymekilns, St Leonards, Calderwood, Nerston, Stewartfield, Peel Park)","South Lanarkshire",G74,Glasgow
reef,55.834697647156794,-4.226520219109778,1708463327,6806,2004,20,Male,Y,612,"Easterhouse, Glasgow",Glasgow,"Glasgow Northeast",Glasgow
reef,55.84155715096398,-4.099780145587293,1708508401,6809,2005,19,Male,Y,526,Viewpark,"North Lanarkshire",G71,Glasgow
reef,55.77036502653431,-3.7130412759910354,1708548453,6816,2004,20,Male,Y,1162,Blackwood,"South Lanarkshire",ML11,Glasgow
reef,55.96170301398146,-3.2329299208426336,1708618882,6825,2002,22,Female,Y,278,"Granton, Edinburgh",Edinburgh,"Edinburgh Clermiston Granton","Lothian (Edinburgh)"
reef,55.874790716166444,-4.280938843860488,1708700696,6829,2004,20,Female,Y,594,"Woodlands, Glasgow",Glasgow,"Glasgow Kelvin",Glasgow
reef,55.834319064130696,-4.510876380328942,1708708617,6831,1976,48,Male,Y,1275,Elderslie,Renfrewshire,PA5,Glasgow
reef,55.672012019652705,-4.822824995605482,1708956598,6839,2004,20,Female,Y,813,Ardrossan,"North Ayrshire",KA22,Ayrshire
reef,56.06279303158264,-3.271537553642242,1708982676,6846,2005,19,Female,Y,1119,Burntisland,Fife,KY3,Fife
reef,55.948873673200275,-4.27058226280695,1709035925,6854,2008,16,Male,School,489,Milngavie,"East Dunbartonshire",G62,Glasgow
reef,56.075185714972456,-4.853676484941055,1709056355,6871,2006,18,Female,Y,566,Helensburgh,"Argyll and Bute",G84,"Argyll and Bute"
reef,56.899164853878666,-2.22861301877918,1718869822,6951,1986,38,Male,Y,48,Stonehaven,Aberdeenshire,AB39,"North East (Aberdeen)"
reef,55.87200085013755,-4.261831657169659,1727127883,6987,1984,40,Male,N,591,"Hillhead, Glasgow",Glasgow,"Glasgow Kelvin",Glasgow
reef,55.78921935842176,-4.222481264385787,1730141668,6999,1987,37,Female,Y,537,Eaglesham,"East Renfrewshire",G76,Glasgow
reef,56.488673853306516,-3.020910239118748,1730465668,7036,1986,38,Female,Y,243,"Hilltown, Dundee",Dundee,"Dundee Central","Tayside and Angus (Dundee)"
reef,58.34955992147612,-3.793225236456515,1730487775,7048,1992,32,Male,Y,913,Halkirk,Highland,KW12,"Highlands (Inverness)"
reef,55.9387235523536,-3.1194427518368433,1730490187,7033,1957,67,Male,N,325,"Niddrie, Edinburgh",Edinburgh,"Edinburgh Southeast","Lothian (Edinburgh)"
reef,56.23274843965795,-2.897228565937231,1730724457,7071,1989,35,Male,Y,1140,Leven,Fife,KY8,Fife
reef,56.23510621786121,-2.98164947206473,1730739887,7075,1989,35,Male,Y,1140,Leven,Fife,KY8,Fife
reef,56.25510708104074,-2.983256562803349,1730744721,7078,1995,29,Male,Y,1140,Leven,Fife,KY8,Fife
reef,55.798942162817994,-3.766764745975765,1731169005,7089,1970,54,Male,N,366,Whitburn,"West Lothian",EH47,"Lothian (Edinburgh)"
reef,57.666671030820254,-2.786497640846379,1731532348,7098,1959,65,Female,N,90,Buckie,Moray,AB56,"North East (Aberdeen)"
reef,56.15173564449149,-3.8151305608551316,1733686884,7127,1954,70,Male,Y,393,Alva,Clackmannanshire,FK12,"Stirling and Falkirk"
reef,55.91609979703478,-3.1241760487374086,1733691658,7132,1956,68,Male,Y,322,"Gilmerton, Edinburgh",Edinburgh,"Edinburgh Southeast","Lothian (Edinburgh)"
reef,56.5103014706372,-3.4344219783058714,1733756703,7147,1959,65,Female,Y,1313,"Perth (north and west: Burghmuir, Cherrybank, Hillyland, Inveralmond, Lethom, Muirton, North Muirton, Tulloch)","Perth and Kinross",PH1,Fife
reef,55.95508599393727,-3.275574740672693,1733951067,7169,1969,55,Male,Y,298,"Inverleith, Edinburgh",Edinburgh,"Edinburgh North","Lothian (Edinburgh)"
reef,55.72303970846312,-3.979045848373297,1734212868,7197,1961,63,Female,Y,1217,Larkhall,"North Lanarkshire",ML9,Glasgow
reef,55.995837804690645,-4.708797260793495,1737124712,7252,1956,69,Female,Y,566,Helensburgh,"Argyll and Bute",G84,"Argyll and Bute"
reef,57.127033678779746,-2.2930486591329866,1737377856,7259,1980,45,Female,Y,134,"Cults, Aberdeen",Aberdeen,"Aberdeen Southwest","North East (Aberdeen)"
reef,57.70306643104382,-4.203549494017881,1739444944,7299,2011,14,Female,School,708,Invergordon,Highland,IV18,"Highlands (Inverness)"
reef,57.752364294152144,-4.159063995267649,1739450756,7285,2010,15,Female,School,708,Invergordon,Highland,IV18,"Highlands (Inverness)"
reef,57.758966274582974,-4.211410041331012,1739451752,7317,2010,15,Male,School,708,Invergordon,Highland,IV18,"Highlands (Inverness)"
reef,57.70331927104838,-4.173076727017965,1739524348,7295,2011,14,Male,School,708,Invergordon,Highland,IV18,"Highlands (Inverness)"
reef,55.944357752702665,-4.7317897139440825,1739803088,7320,1997,28,Female,Y,1230,"Greenock (central and east: Bogston, Bridgend, Cartsdyke, Gibshill, Greenock Central, Ladyburn, Upper Ingleston)",Inverclyde,PA15,Glasgow
reef,55.87665069682603,-3.90152930137532,1744803834,7363,2004,21,Female,Y,1192,Airdrie,"North Lanarkshire",ML6,Glasgow
reef,56.603528495681374,-2.7458905715160045,1747996795,7371,1990,35,Female,Y,181,Kirriemuir,Angus,DD8,"Tayside and Angus (Dundee)"
reef,55.195912282179584,-2.8755012214840874,1763655441,7426,1946,79,Male,N,1493,Hawick,"Scottish Borders",TD9,Borders
reef,55.80604269994502,-3.3045023828511906,1764682113,7436,1948,77,Female,Y,343,Penicuik,Midlothian,EH26,"Lothian (Edinburgh)"
reef,55.836947858698636,-4.272852953948878,1765222240,7440,2004,21,Female,Y,660,"Arden, Glasgow",Glasgow,"Glasgow South",Glasgow
reef,56.654023252405345,-2.566167956519011,1768313951,7460,1994,32,Male,N,141,Arbroath,Angus,DD11,"Tayside and Angus (Dundee)"
reef,55.91238850870946,-3.1272674855607816,1768846996,7471,2003,23,Female,Y,322,"Gilmerton, Edinburgh",Edinburgh,"Edinburgh Southeast","Lothian (Edinburgh)"
reef,55.628480219103324,-4.467621432183558,1769268814,7476,2006,20,Female,Y,837,"Kilmarnock (north: Onthank, Townholm, Altonhill, Longpark, Beansburn, New Farm Loch, Knockinlaw, Hillhead, Crookedholm)","East Ayrshire",KA3,Ayrshire
reef,55.84495444378419,-4.478820874901929,1770196840,7497,2011,15,Female,School,1221,Ralston,Renfrewshire,PA1,Glasgow
