answer,lat,lng,submitted,pid,born,age,gender,uni,lid,location,county,area,region
loan,55.94231427245654,-2.711864361462391,1653853853,32,1955,67,Female,Y,357,Haddington,"East Lothian",EH41,"Lothian (Edinburgh)"
loan,55.98152124463908,-2.8765219282075574,1653863917,60,1978,44,Other,N,348,Prestonpans,"East Lothian",EH32,"Lothian (Edinburgh)"
loan,55.35507606828793,-4.330712301214629,1653898951,91,2003,19,Female,Y,852,Dalmellington,"East Ayrshire",KA6,Ayrshire
loan,56.47060490142399,-3.0034131626042244,1653903434,102,1969,53,Female,N,236,"Lochee, Dundee",Dundee,"Dundee Central","Tayside and Angus (Dundee)"
loan,55.93652737569193,-3.271608755574713,1653915297,118,1988,34,Female,N,299,"Broughton, Edinburgh",Edinburgh,"Edinburgh North","Lothian (Edinburgh)"
loan,57.82406406010464,-4.241285560145711,1653929099,131,1976,46,Female,Y,711,Tain,Highland,IV19,"Highlands (Inverness)"
loan,0,0,1654514112,65,1986,36,Female,Y,264,"Slateford, Edinburgh",Edinburgh,"Edinburgh Central","Lothian (Edinburgh)"
loan,0,0,1654608854,65,1986,36,Female,Y,264,"Slateford, Edinburgh",Edinburgh,"Edinburgh Central","Lothian (Edinburgh)"
loan,0,0,1654768551,65,1986,36,Female,Y,264,"Slateford, Edinburgh",Edinburgh,"Edinburgh Central","Lothian (Edinburgh)"
loan,0,0,1654768977,65,1986,36,Female,Y,264,"Slateford, Edinburgh",Edinburgh,"Edinburgh Central","Lothian (Edinburgh)"
loan,57.63688743874469,-2.7019112071434677,1655112206,202,2006,16,Male,School,59,Banff,Aberdeenshire,AB45,"North East (Aberdeen)"
loan,57.58921940546136,-2.7608223030282395,1655112249,201,2006,16,Male,N,59,Banff,Aberdeenshire,AB45,"North East (Aberdeen)"
loan,57.673203033614854,-2.723817914122779,1655112299,203,2006,16,Male,School,59,Banff,Aberdeenshire,AB45,"North East (Aberdeen)"
loan,57.635247121588854,-3.0262379725675834,1655212830,219,2006,16,Male,N,90,Buckie,Moray,AB56,"North East (Aberdeen)"
loan,57.622445027743986,-2.821857985563875,1655212889,218,2006,16,Male,School,90,Buckie,Moray,AB56,"North East (Aberdeen)"
loan,57.62666286467785,-2.987269984838969,1655212967,226,2006,16,Male,School,90,Buckie,Moray,AB56,"North East (Aberdeen)"
loan,57.678555937077334,-2.8891185474346472,1655212968,224,2006,16,Male,School,94,Portgordon,Moray,AB56,"North East (Aberdeen)"
loan,57.645532586736245,-3.0135973554420943,1655212972,229,2006,16,Female,N,90,Buckie,Moray,AB56,"North East (Aberdeen)"
loan,57.67942323670411,-2.7990524890754696,1655212974,223,2006,16,Male,N,94,Portgordon,Moray,AB56,"North East (Aberdeen)"
loan,57.6600408241348,-2.8863300971496924,1655213009,227,2007,15,Male,School,91,Cullen,Moray,AB56,"North East (Aberdeen)"
loan,57.67223968187084,-2.8735948303556302,1655213447,230,2006,16,Male,N,90,Buckie,Moray,AB56,"North East (Aberdeen)"
loan,57.652467561827535,-2.832632061712203,1655291537,255,2008,14,Male,School,90,Buckie,Moray,AB56,"North East (Aberdeen)"
loan,57.66748944738257,-2.832905935765303,1655291597,246,2008,14,Male,School,90,Buckie,Moray,AB56,"North East (Aberdeen)"
loan,57.6898532417559,-2.9276338926072456,1655291603,245,2008,14,Female,School,95,Portknockie,Moray,AB56,"North East (Aberdeen)"
loan,57.679715601685665,-2.942231554600185,1655291610,251,2009,13,Male,School,95,Portknockie,Moray,AB56,"North East (Aberdeen)"
loan,57.65937172212647,-2.9409555833656906,1655291616,247,2008,14,Female,School,95,Portknockie,Moray,AB56,"North East (Aberdeen)"
loan,57.696632704090796,-2.9201334456833283,1655291634,252,2007,15,Other,N,90,Buckie,Moray,AB56,"North East (Aberdeen)"
loan,57.61120844666952,-2.89566913963635,1655291755,250,2009,13,Female,School,90,Buckie,Moray,AB56,"North East (Aberdeen)"
loan,57.67572702639624,-2.7755727338301663,1655293046,260,2005,17,Male,School,90,Buckie,Moray,AB56,"North East (Aberdeen)"
loan,57.68797025682802,-2.791703708058372,1655293714,270,2006,16,Male,N,90,Buckie,Moray,AB56,"North East (Aberdeen)"
loan,57.65651776192037,-2.8871694723276793,1655293803,264,2006,16,Female,School,90,Buckie,Moray,AB56,"North East (Aberdeen)"
loan,57.62984893999005,-2.8367453332487664,1655293833,261,2005,17,Male,School,90,Buckie,Moray,AB56,"North East (Aberdeen)"
loan,57.66197777555908,-2.871534065606826,1655293946,260,2005,17,Male,School,90,Buckie,Moray,AB56,"North East (Aberdeen)"
loan,57.63769765467396,-3.0507351404846306,1655293946,264,2006,16,Female,School,90,Buckie,Moray,AB56,"North East (Aberdeen)"
loan,57.6572593665756,-2.930791115561145,1655299894,296,2006,16,Female,School,90,Buckie,Moray,AB56,"North East (Aberdeen)"
loan,57.679113509174115,-2.892601074107508,1655300003,285,2006,16,Female,School,91,Cullen,Moray,AB56,"North East (Aberdeen)"
loan,57.66172186985587,-2.9469171235044818,1655300254,295,2006,16,Female,School,90,Buckie,Moray,AB56,"North East (Aberdeen)"
loan,57.671416613476296,-2.969200240317767,1655300281,290,2006,16,Female,School,94,Portgordon,Moray,AB56,"North East (Aberdeen)"
loan,0,0,1655822449,65,1986,36,Female,Y,264,"Slateford, Edinburgh",Edinburgh,"Edinburgh Central","Lothian (Edinburgh)"
loan,0,0,1655979518,65,1986,36,Female,Y,264,"Slateford, Edinburgh",Edinburgh,"Edinburgh Central","Lothian (Edinburgh)"
loan,0,0,1655993835,65,1986,36,Female,Y,264,"Slateford, Edinburgh",Edinburgh,"Edinburgh Central","Lothian (Edinburgh)"
loan,60.23323783204058,-1.4503398889908814,1663158279,334,2008,14,Male,School,1621,Vidlin,"Shetland Isles",ZE2,"Shetland Islands"
loan,60.36020175728279,-1.1982787908146375,1663158385,343,2008,14,Female,School,1622,Voe,"Shetland Isles",ZE2,"Shetland Islands"
loan,60.623402662675794,-1.1183613990350627,1663158440,333,2008,14,Female,School,1582,Mossbank,"Shetland Isles",ZE2,"Shetland Islands"
loan,60.047601211368615,-1.214993684641637,1663158556,340,2008,14,Female,School,1561,Hillswick,"Shetland Isles",ZE2,"Shetland Islands"
loan,60.26784354185405,-1.1925662073669103,1663158718,338,2008,14,Female,School,1512,Brae,"Shetland Isles",ZE2,"Shetland Islands"
loan,59.95312800262431,-1.2873510716763554,1663159004,344,2008,14,Female,School,1521,Busta,"Shetland Isles",ZE2,"Shetland Islands"
loan,60.13797136577981,-1.288597956846497,1663161077,351,2008,14,Male,School,1500,Lerwick,"Shetland Isles",ZE1,"Shetland Islands"
loan,60.520975816103594,-1.4052335414336086,1663161112,353,2008,14,Female,School,1582,Mossbank,"Shetland Isles",ZE2,"Shetland Islands"
loan,55.75377022048745,-4.078912580023243,1663161223,363,2008,14,Male,School,1183,Hamilton,"South Lanarkshire",ML3,Glasgow
loan,60.459002432928955,-1.2574229950640887,1663161227,355,2008,14,Female,N,1584,"North Roe","Shetland Isles",ZE2,"Shetland Islands"
loan,60.02069418891751,-1.280415051448478,1663161243,359,2008,14,Female,School,1512,Brae,"Shetland Isles",ZE2,"Shetland Islands"
loan,60.69042748554467,-1.0610097026024627,1663161288,354,2008,14,Female,School,1582,Mossbank,"Shetland Isles",ZE2,"Shetland Islands"
loan,60.198066083826035,-1.1927535702330712,1663161292,358,2008,14,Female,School,1561,Hillswick,"Shetland Isles",ZE2,"Shetland Islands"
loan,59.99870226457961,-1.2573173588795683,1663161500,352,2008,14,Male,N,1584,"North Roe","Shetland Isles",ZE2,"Shetland Islands"
loan,60.41373485704088,-1.1137005382178717,1663161765,354,2008,14,Female,School,1582,Mossbank,"Shetland Isles",ZE2,"Shetland Islands"
loan,60.25698010940539,-1.6414227387444547,1663161816,365,2008,14,Male,School,1607,Sullom,"Shetland Isles",ZE2,"Shetland Islands"
loan,60.82869648237967,-0.7859935289935256,1663161847,356,2008,14,Male,School,1621,Vidlin,"Shetland Isles",ZE2,"Shetland Islands"
loan,55.89702635901076,-4.370692326719992,1663165699,367,1988,34,Female,N,641,"Knightswood, Glasgow",Glasgow,"Glasgow Northwest",Glasgow
loan,56.18711195235897,-3.171136506023222,1663172422,369,1967,55,Male,Y,1129,"Glenrothes (west: Caskieberran, Rimbleton, Macedonia, Tanshall)",Fife,KY6,Fife
loan,55.832908125502165,-4.327393491229006,1663173358,370,1971,51,Female,Y,675,"Penilee, Glasgow",Glasgow,"Glasgow Southwest",Glasgow
loan,55.96257318657992,-3.2565412788292227,1663175974,376,1976,46,Male,Y,279,"Clermiston and Drumbrae, Edinburgh",Edinburgh,"Edinburgh Clermiston Granton","Lothian (Edinburgh)"
loan,55.94166832688303,-3.7527294892331025,1663176519,377,1972,50,Female,Y,377,"Falkirk (centre and south: Arnothill, Bantaskin, Callendar Park, Glen Village, Hallglen, Lionthorn, Tamfourhill, Woodlands)",Falkirk,FK1,"Stirling and Falkirk"
loan,55.95787615695609,-3.161229008758699,1663177498,382,1993,29,Female,Y,287,"Corstorphine, Edinburgh",Edinburgh,"Edinburgh North","Lothian (Edinburgh)"
loan,55.88852163631172,-4.3307856151535695,1663178065,383,1982,40,Female,Y,587,"Jordanhill, Glasgow",Glasgow,"Glasgow Kelvin",Glasgow
loan,55.8083075661036,-4.316227355388452,1663178308,384,1971,51,Female,N,673,"Drumoyne, Glasgow",Glasgow,"Glasgow Southwest",Glasgow
loan,56.034462603880755,-5.0489897683403715,1663178620,389,1965,57,Female,Y,1241,Dunoon,"Argyll and Bute",PA23,"Argyll and Bute"
loan,57.62225743659602,-7.371312673028478,1663178686,386,1988,34,Female,Y,693,"Isle of North Uist","Western Isles",HS6,"Western Isles"
loan,55.945144684751526,-4.7196258314338575,1663178826,387,1991,31,Female,Y,1230,"Greenock (central and east: Bogston, Bridgend, Cartsdyke, Gibshill, Greenock Central, Ladyburn, Upper Ingleston)",Inverclyde,PA15,Glasgow
loan,55.91000066297592,-4.30982203950925,1663179694,392,1996,26,Female,Y,488,Bearsden,"East Dunbartonshire",G61,Glasgow
loan,55.52641497465819,-2.2345304956369225,1663179933,391,1972,50,Female,N,1451,Kelso,"Scottish Borders",TD5,Borders
loan,55.846946043392336,-4.274530205730607,1663180695,395,1993,29,Female,Y,678,"Cardonald, Glasgow",Glasgow,"Glasgow Southwest",Glasgow
loan,56.64649607640828,-2.851146179664601,1663184391,404,1990,32,Female,Y,179,Forfar,Angus,DD8,"Tayside and Angus (Dundee)"
loan,55.843659791759094,-4.367966854897072,1663188757,385,1958,64,Female,Y,678,"Cardonald, Glasgow",Glasgow,"Glasgow Southwest",Glasgow
loan,55.86180606730356,-4.131370314825827,1663219112,411,1969,53,Female,Y,608,"Riddrie, Glasgow",Glasgow,"Glasgow Northeast",Glasgow
loan,55.85302538953263,-4.269056278741127,1663225835,413,1991,31,Female,Y,675,"Penilee, Glasgow",Glasgow,"Glasgow Southwest",Glasgow
loan,55.89209968819457,-3.3456670733054645,1663232079,415,1987,35,Male,Y,319,"Blackford, Edinburgh",Edinburgh,"Edinburgh South","Lothian (Edinburgh)"
loan,57.553530666759414,-4.372472490137612,1663233459,416,1986,36,Male,Y,774,"Conon Bridge",Highland,IV7,"Highlands (Inverness)"
loan,56.01081849934616,-3.764906041885421,1663239868,421,1992,30,Female,Y,425,Polmont, Falkirk,FK2,"Stirling and Falkirk"
loan,57.62803828147015,-2.8080142335803666,1663247106,422,1979,43,Male,N,95,Portknockie,Moray,AB56,"North East (Aberdeen)"
loan,55.713405855115475,-4.375333887992707,1663254196,426,1982,40,Female,Y,539,"Newton Mearns","East Renfrewshire",G77,Glasgow
loan,56.202500753678606,-3.1399964891906142,1663259142,427,1990,32,Male,Y,1133,"Glenrothes (centre and east: Pitteuchar, Finglassie, Stenton, Auchmuty, Pitcoudie, Balfarg, Pircairn, Collydean)",Fife,KY7,Fife
loan,55.82292986900467,-4.321766316022826,1663663192,432,1986,36,Male,N,651,"Cathcart, Glasgow",Glasgow,"Glasgow South",Glasgow
loan,55.797691347310476,-4.262705773151353,1663688658,432,1986,36,Male,N,651,"Cathcart, Glasgow",Glasgow,"Glasgow South",Glasgow
loan,55.77987166001021,-4.451905842115799,1663845067,436,1984,38,Male,Y,540,Barrhead,"East Renfrewshire",G78,Glasgow
loan,56.23456292288555,-3.1913400519242536,1663861231,369,1967,55,Male,Y,1129,"Glenrothes (west: Caskieberran, Rimbleton, Macedonia, Tanshall)",Fife,KY6,Fife
loan,55.40229915597429,-4.2428420542735665,1663961163,437,1977,45,Female,N,798,Cumnock,"East Ayrshire",KA18,Ayrshire
loan,55.50044158574312,-4.091371789827371,1664215038,437,1977,45,Female,N,798,Cumnock,"East Ayrshire",KA18,Ayrshire
loan,56.336778990134114,-4.6918215691505845,1664387928,444,1989,33,Female,Y,557,Alexandria,"West Dunbartonshire",G83,"Argyll and Bute"
loan,57.67740334717455,-4.461974303223368,1664777156,453,1989,33,Male,N,706,Evanton,Highland,IV16,"Highlands (Inverness)"
loan,57.548573371586116,-3.3116079332479167,1664777161,451,1965,57,Female,Y,737,Elgin,Moray,IV30,"North East (Aberdeen)"
loan,55.839309197583646,-4.301634181679788,1664777743,454,1955,67,Male,Y,648,"Shawlands, Glasgow",Glasgow,"Glasgow South",Glasgow
loan,55.94409982357843,-3.2353846995018944,1664788705,459,1965,57,Female,N,288,"Murrayfield, Edinburgh",Edinburgh,"Edinburgh North","Lothian (Edinburgh)"
loan,55.953471971364436,-3.273011746357278,1664788909,459,1965,57,Female,N,288,"Murrayfield, Edinburgh",Edinburgh,"Edinburgh North","Lothian (Edinburgh)"
loan,56.53863629765846,-4.065410679354996,1664789467,466,1971,51,Male,Y,1327,Aberfeldy,"Perth and Kinross",PH15,Fife
loan,55.90766444930184,-3.334719054161781,1664789671,468,1975,47,Female,Y,311,"Currie, Edinburgh",Edinburgh,"Edinburgh South","Lothian (Edinburgh)"
loan,56.28133063373165,-4.54944017171128,1664790595,470,1995,27,Female,Y,470,Kippen,Stirlingshire,FK8,"Stirling and Falkirk"
loan,55.819167470359716,-4.0849716838972325,1664791751,472,1999,23,Female,Y,601,Bargeddie,"North Lanarkshire","Glasgow Northeast",Glasgow
loan,59.071440931903155,-3.043504700099681,1664792426,477,1966,56,Female,Y,1025,"Orkney Islands",Orkney,KW17,"Orkney Islands"
loan,55.81763460989786,-4.203269758159874,1664793243,489,1945,77,Female,Y,648,"Shawlands, Glasgow",Glasgow,"Glasgow South",Glasgow
loan,55.799790337023445,-4.471476828907326,1664793712,486,1955,67,Female,N,1236,"Paisley (south: Blackhall, Castlehead, Dykebar, Foxbar, Hunterhill, Meikleriggs)",Renfrewshire,PA2,Glasgow
loan,60.14158862346735,-1.196072190182273,1664793713,465,1990,32,Male,Y,1501,Scalloway,"Shetland Isles",ZE1,"Shetland Islands"
loan,55.97023667332485,-4.591032274364564,1664795255,505,1992,30,Other,Y,548,Cardross,"Argyll and Bute",G82,Glasgow
loan,55.66207828744385,-4.772523295814204,1664795323,506,1981,41,Female,Y,812,Saltcoats,"East Ayrshire",KA21,Ayrshire
loan,55.93704512593669,-3.243600473655835,1664795424,496,1987,35,Male,Y,269,"Gorgie, Edinburgh",Edinburgh,"Edinburgh Central","Lothian (Edinburgh)"
loan,56.17566856336632,-4.609959772025581,1664795641,509,1992,30,Female,Y,473,"Stirling (centre and west: Kings Park, Raploch, Riverside)",Stirlingshire,FK8,"Stirling and Falkirk"
loan,55.84148754888248,-4.279556525618809,1664796169,512,1941,81,Female,N,656,"Croftfoot, Glasgow",Glasgow,"Glasgow South",Glasgow
loan,55.80030279600456,-4.344179640792091,1664796324,481,1955,67,Female,Y,678,"Cardonald, Glasgow",Glasgow,"Glasgow Southwest",Glasgow
loan,55.78794093389972,-4.2919417263463515,1664796538,512,1941,81,Female,N,656,"Croftfoot, Glasgow",Glasgow,"Glasgow South",Glasgow
loan,55.997501602316646,-3.6766205832337255,1664796657,515,1989,33,Female,Y,419,Airth,Falkirk,FK2,"Stirling and Falkirk"
loan,55.90499201920326,-4.2890343871315375,1664797557,524,1986,36,Female,Y,480,"Summerston, Glasgow",Glasgow,G23,Glasgow
loan,59.057435207301545,-2.8208611263218546,1664797755,527,1947,75,Female,Y,1025,"Orkney Islands",Orkney,KW17,"Orkney Islands"
loan,55.980353952872335,-3.2094735135049484,1664798519,529,1995,27,Female,Y,287,"Corstorphine, Edinburgh",Edinburgh,"Edinburgh North","Lothian (Edinburgh)"
loan,60.59729869964996,-0.7921753865983363,1664798713,531,1966,56,Female,Y,1581,"Mid Yell","Shetland Isles",ZE2,"Shetland Islands"
loan,55.571040157560724,-4.640627982856181,1664798774,533,2002,20,Male,Y,785,"Irvine (east, south: Perceton, Lawthorn, Girdle Toll, Stanecastle, Bourtreehill, Broomlands, Dreghorn, Springside)","North Ayrshire",KA11,Ayrshire
loan,55.9220884679153,-4.583317926876591,1664799243,534,1952,70,Male,Y,1229,"Port Glasgow",Inverclyde,PA14,Glasgow
loan,55.79519358263513,-4.3185981507451965,1664799765,536,1956,66,Female,Y,647,"Pollokshields, Glasgow",Glasgow,"Glasgow South",Glasgow
loan,59.1432291460771,-2.7821037150741277,1664799818,539,1949,73,Female,Y,1025,"Orkney Islands",Orkney,KW17,"Orkney Islands"
loan,56.84161569690242,-3.0914788525198054,1664800214,541,1973,49,Female,N,181,Kirriemuir,Angus,DD8,"Tayside and Angus (Dundee)"
loan,55.81918487197221,-4.035244726986555,1664800346,538,1964,58,Female,Y,1186,Bellshill,"North Lanarkshire",ML4,Glasgow
loan,56.07095116621787,-4.079954892085302,1664801196,547,1996,26,Male,Y,464,"Stirling (south and east: Braehead, Borestone, Broomridge, Torbrex)",Stirlingshire,FK7,"Stirling and Falkirk"
loan,55.853714896512635,-3.3830739112318753,1664801358,514,1973,49,Female,Y,308,"Liberton, Edinburgh",Edinburgh,"Edinburgh South","Lothian (Edinburgh)"
loan,56.04943928163364,-3.6625337429870193,1664801456,545,1971,51,Female,Y,390,Kincardine,Fife,FK10,"Stirling and Falkirk"
loan,56.849445448542305,-2.726396384238125,1664801599,550,1980,42,Female,Y,182,Brechin,Angus,DD9,"Tayside and Angus (Dundee)"
loan,56.17919879550514,-3.1810834001830535,1664802224,556,1975,47,Female,Y,1130,Leslie,Fife,KY6,Fife
loan,57.75794115300112,-3.918295768448036,1664802804,557,1958,64,Male,Y,717,"Hill of Fearn",Highland,IV20,"Highlands (Inverness)"
loan,56.65576504439303,-2.5302308065046493,1664802871,560,1968,54,Female,N,141,Arbroath,Angus,DD11,"Tayside and Angus (Dundee)"
loan,56.48662277159201,-3.0349505653170064,1664803250,562,1952,70,Female,N,236,"Lochee, Dundee",Dundee,"Dundee Central","Tayside and Angus (Dundee)"
loan,59.06117915433557,-2.9345431669341018,1664803585,564,1956,66,Female,N,1025,"Orkney Islands",Orkney,KW17,"Orkney Islands"
loan,55.93813677190085,-3.256716517440127,1664805270,577,1951,71,Female,Y,299,"Broughton, Edinburgh",Edinburgh,"Edinburgh North","Lothian (Edinburgh)"
loan,56.04700002384556,-3.490804804238254,1664805479,581,1996,26,Male,Y,1094,Rosyth,Fife,KY11,Fife
loan,55.93218743718298,-5.461952994359279,1664805729,585,1994,28,Female,Y,1250,Ardrishaig,"Argyll and Bute",PA30,"Argyll and Bute"
loan,55.24467657098205,-3.587384825254351,1664805815,587,1959,63,Female,Y,186,"Dumfries (centre and east: Dalscone, Georgetown, Heathhall, Kingholm Quay, Noblehill, The Crichton)","Dumfries and Galloway",DG1,"Dumfries and Galloway"
loan,55.426781648787184,-4.657528625568663,1664806295,592,1959,63,Female,Y,856,"Ayr (Centre)","South Ayrshire",KA7,Ayrshire
loan,55.75969089488616,-2.8760391708220476,1664806663,591,1961,61,Female,Y,1415,Stow,"Scottish Borders",TD1,Borders
loan,55.94777643577971,-4.83954509618803,1664806686,590,1995,27,Female,Y,1235,Gourock,Inverclyde,PA19,Glasgow
loan,55.95613608519558,-4.209614885430804,1664806715,569,1970,52,Female,Y,502,Bishopbriggs,"East Dunbartonshire",G64,Glasgow
loan,55.44484587797678,-4.640768880589546,1664806939,592,1959,63,Female,Y,856,"Ayr (Centre)","South Ayrshire",KA7,Ayrshire
loan,59.00302637137051,-3.0074052705308425,1664807128,595,1984,38,Female,N,967,Kirkwall,Orkney,KW15,"Orkney Islands"
loan,56.31868683471899,-4.920517504672049,1664807380,597,1970,52,Male,Y,1255,Inveraray,"Argyll and Bute",PA32,"Argyll and Bute"
loan,55.87757781317461,-3.2807693630464883,1664807511,599,1985,37,Male,Y,319,"Blackford, Edinburgh",Edinburgh,"Edinburgh South","Lothian (Edinburgh)"
loan,55.763822530706534,-3.8924417463499057,1664808874,604,1953,69,Female,N,1180,Wishaw,"North Lanarkshire",ML2,Glasgow
loan,55.78008334781138,-3.842686792412076,1664808976,604,1953,69,Female,N,1180,Wishaw,"North Lanarkshire",ML2,Glasgow
loan,56.485797415868866,-2.9858176386793125,1664809247,610,1956,66,Female,Y,234,"Baxter Park, Dundee",Dundee,"Dundee Bluebelt","Tayside and Angus (Dundee)"
loan,55.65236237632471,-4.195690514150477,1664809376,609,1968,54,Male,Y,1160,Strathaven,"North Lanarkshire",ML10,Glasgow
loan,57.68606880805131,-3.1927286786448787,1664809904,612,1966,56,Female,N,737,Elgin,Moray,IV30,"North East (Aberdeen)"
loan,55.83919367941539,-4.107115540455333,1664810038,613,1983,39,Female,Y,623,"Shettleston, Glasgow",Glasgow,"Glasgow Northeast",Glasgow
loan,55.92549300806925,-3.3009380298231403,1664810425,617,1995,27,Male,N,267,"Sighthill, Edinburgh",Edinburgh,"Edinburgh Central","Lothian (Edinburgh)"
loan,55.92912656657013,-3.0689021821237525,1664810493,616,1952,70,Female,Y,333,"Newcraighall, Edinburgh",Edinburgh,EH21,"Lothian (Edinburgh)"
loan,58.48513771613535,-3.2248941410733694,1664811362,622,1982,40,Female,Y,899,Wick,Highland,KW1,"Highlands (Inverness)"
loan,56.01209221153146,-3.6165096281483997,1664811647,624,1981,41,Other,Y,370,Bo'ness,Falkirk,EH51,"Lothian (Edinburgh)"
loan,55.71318876813765,-4.181043704149496,1664811945,626,1984,38,Male,Y,534,"East Kilbride (south: Hairmyres, Westwood, The Murray, Murray East, Whitehills, Greenhill, Newlandsmuir, Gardenhall, Crosshouse, Newlands, Lindsayfield, Mossneuk)","South Lanarkshire",G75,Glasgow
loan,55.823090833322674,-4.0859161894574045,1664813035,632,1959,63,Female,Y,623,"Shettleston, Glasgow",Glasgow,"Glasgow Northeast",Glasgow
loan,56.34071632914516,-2.83101430732695,1664813139,629,1993,29,Male,Y,1114,"St Andrews",Fife,KY16,Fife
loan,55.928237261282256,-4.361022356871542,1664813683,638,1965,57,Female,Y,488,Bearsden,"East Dunbartonshire",G61,Glasgow
loan,55.9181771537238,-5.90054785277553,1664813993,642,1981,41,Female,Y,1280,"Isle of Jura, Inner Hebrides","Argyll and Bute",PA60,"Argyll and Bute"
loan,55.865905238940435,-4.059907263652482,1664814028,641,1956,66,Male,Y,1189,Coatbridge,"North Lanarkshire",ML5,Glasgow
loan,55.848185829675614,-4.737500735615728,1664814186,643,1975,47,Male,Y,1226,Lochwinnoch,Renfrewshire,PA12,Glasgow
loan,55.793999389626855,-4.217908221900663,1664814410,647,1998,24,Male,Y,571,"Castlemilk, Glasgow",Glasgow,"Glasgow Castlemilk",Glasgow
loan,55.943528079831985,-3.1752629983148264,1664815415,650,1993,29,Male,Y,281,"Portobello, Edinburgh",Edinburgh,"Edinburgh Duddingston","Lothian (Edinburgh)"
loan,59.25705804000048,-2.8588497870857643,1664815578,649,1960,62,Male,N,1025,"Orkney Islands",Orkney,KW17,"Orkney Islands"
loan,60.44315784483904,-1.0652982567522715,1664815640,652,1968,54,Male,Y,1623,Walls,"Shetland Isles",ZE2,"Shetland Islands"
loan,54.92412400243592,-4.979041889407052,1664816096,654,1997,25,Male,N,231,Stranraer,"Dumfries and Galloway",DG9,"Dumfries and Galloway"
loan,55.73365513593716,-4.174430655854155,1664816300,655,1986,36,Female,Y,534,"East Kilbride (south: Hairmyres, Westwood, The Murray, Murray East, Whitehills, Greenhill, Newlandsmuir, Gardenhall, Crosshouse, Newlands, Lindsayfield, Mossneuk)","South Lanarkshire",G75,Glasgow
loan,55.70014750894365,-4.213346895168667,1664816774,661,1983,39,Female,Y,534,"East Kilbride (south: Hairmyres, Westwood, The Murray, Murray East, Whitehills, Greenhill, Newlandsmuir, Gardenhall, Crosshouse, Newlands, Lindsayfield, Mossneuk)","South Lanarkshire",G75,Glasgow
loan,55.869022237451226,-4.306238370591222,1664816984,639,1984,38,Female,Y,644,"Partick, Glasgow",Glasgow,"Glasgow Northwest",Glasgow
loan,55.949285729823316,-3.202806817999607,1664817025,663,1982,40,Female,Y,287,"Corstorphine, Edinburgh",Edinburgh,"Edinburgh North","Lothian (Edinburgh)"
loan,55.86172036869259,-4.039750868268162,1664817114,664,1980,42,Female,N,1189,Coatbridge,"North Lanarkshire",ML5,Glasgow
loan,56.28604528488224,-3.182069000203718,1664817190,666,1986,36,Male,Y,1105,Cupar,Fife,KY15,Fife
loan,57.63618854731378,-4.462776939170448,1664817694,671,1987,35,Female,Y,705,Dingwall,Highland,IV15,"Highlands (Inverness)"
loan,56.127929431774,-4.694861913030816,1664818871,676,1994,28,Female,Y,553,Arrochar,"Argyll and Bute",G83,"Argyll and Bute"
loan,55.89184958367504,-4.347081337108555,1664819052,677,1978,44,Female,N,638,"Drumchapel, Glasgow",Glasgow,"Glasgow Northwest",Glasgow
loan,55.80398141438614,-4.455837851900843,1664819103,680,2004,18,Female,Y,1236,"Paisley (south: Blackhall, Castlehead, Dykebar, Foxbar, Hunterhill, Meikleriggs)",Renfrewshire,PA2,Glasgow
loan,55.79006539341637,-4.283848482193894,1664819905,681,2002,20,Other,Y,645,Clarkston,"East Renfrewshire","Glasgow South",Glasgow
loan,55.80747434993403,-4.4511375402173226,1664820170,680,2004,18,Female,Y,1236,"Paisley (south: Blackhall, Castlehead, Dykebar, Foxbar, Hunterhill, Meikleriggs)",Renfrewshire,PA2,Glasgow
loan,59.07456816016678,-3.236550159379772,1664820670,689,1963,59,Female,N,1025,"Orkney Islands",Orkney,KW17,"Orkney Islands"
loan,56.13076530718451,-4.035873837973167,1664820777,694,2000,22,Male,Y,479,"Stirling (north: Causewayhead, Cornton)",Stirlingshire,FK9,"Stirling and Falkirk"
loan,55.857089392845914,-4.018613994931983,1664820848,696,1987,35,Female,Y,1189,Coatbridge,"North Lanarkshire",ML5,Glasgow
loan,55.87057999430133,-4.429823175186493,1664820951,695,2004,18,Male,School,1249,"Paisley (north west: Ferguslie Park, Gallowhill, Gockston, Shortroods, )",Renfrewshire,PA3,Glasgow
loan,57.09927899211028,-2.6961492204070283,1664820961,693,2001,21,Female,School,33,Aboyne,Aberdeenshire,AB34,"North East (Aberdeen)"
loan,55.137631353461096,-3.6052861830025598,1664821189,697,1985,37,Male,Y,186,"Dumfries (centre and east: Dalscone, Georgetown, Heathhall, Kingholm Quay, Noblehill, The Crichton)","Dumfries and Galloway",DG1,"Dumfries and Galloway"
loan,55.839647463210575,-4.046340454277824,1664821692,702,1996,26,Male,Y,1189,Coatbridge,"North Lanarkshire",ML5,Glasgow
loan,55.80544177212291,-4.475914505410023,1664821931,701,1981,41,Female,Y,1236,"Paisley (south: Blackhall, Castlehead, Dykebar, Foxbar, Hunterhill, Meikleriggs)",Renfrewshire,PA2,Glasgow
loan,55.82489738816099,-4.258629578530898,1664821938,708,1958,64,Female,Y,658,"Giffnock, Glasgow",Glasgow,"Glasgow South",Glasgow
loan,56.482297836869094,-2.8154190088865754,1664822052,709,1994,28,Female,Y,248,"Barnhill, Dundee",Dundee,"Dundee East","Tayside and Angus (Dundee)"
loan,55.83907262901349,-4.254422391084453,1664822226,710,1999,23,Male,Y,672,"Govan, Glasgow",Glasgow,"Glasgow Southwest",Glasgow
loan,57.612234935897106,-4.5733614720673605,1664823252,714,2004,18,Female,Y,704,Strathpeffer,Highland,IV14,"Highlands (Inverness)"
loan,56.46081635790266,-3.0012557460864477,1664823356,712,1956,66,Female,Y,239,"Charleston, Dundee",Dundee,"Dundee Central","Tayside and Angus (Dundee)"
loan,57.59882881696939,-4.583477122300778,1664823460,714,2004,18,Female,Y,704,Strathpeffer,Highland,IV14,"Highlands (Inverness)"
loan,57.44147015346328,-3.5641839359828213,1664823894,719,1977,45,Female,Y,1371,Grantown-On-Spey,Highland,PH26,"Highlands (Inverness)"
loan,57.27752020062823,-4.26157900157971,1664824609,723,2004,18,Female,Y,714,"Inverness (east: Culcabock, Crown, Culduthel, Drummond, Haugh, Hilton, Holm, Lochardil, Millburn, Raigmore)",Highland,IV2,"Highlands (Inverness)"
loan,56.61447991410511,-3.031536761253901,1664824719,724,1974,48,Female,Y,181,Kirriemuir,Angus,DD8,"Tayside and Angus (Dundee)"
loan,54.87567199192024,-3.7276339683392647,1664825379,727,1986,36,Male,Y,215,Dalbeattie,"Dumfries and Galloway",DG5,"Dumfries and Galloway"
loan,55.89597490265719,-3.3037509180191806,1664825896,730,1999,23,Female,Y,314,"Morningside, Edinburgh",Edinburgh,"Edinburgh South","Lothian (Edinburgh)"
loan,55.82719723338119,-4.58965103527271,1664826515,731,1996,26,Female,Y,1222,Kilbarchan,Renfrewshire,PA10,Glasgow
loan,55.884329968062715,-4.310310084481377,1664826573,732,1958,64,Female,Y,585,"Kelvindale, Glasgow",Glasgow,"Glasgow Kelvin",Glasgow
loan,55.929236142783154,-3.9625870344201743,1664827306,736,2001,21,Female,Y,514,"Cumbernauld (south: Condorrat, Lenziemill, Carbrain, Kildrum, Cumbernauld Village, Abronhill, Seafar)","North Lanarkshire",G67,Glasgow
loan,55.772478427857486,-4.010588030834602,1664828053,737,1994,28,Male,Y,1183,Hamilton,"South Lanarkshire",ML3,Glasgow
loan,58.96163033225981,-3.0738475972807544,1664828816,742,1977,45,Female,Y,982,Stromness,Orkney,KW16,"Orkney Islands"
loan,55.89343993878053,-4.333785681469019,1664829236,744,1980,42,Male,Y,638,"Drumchapel, Glasgow",Glasgow,"Glasgow Northwest",Glasgow
loan,55.848530984658005,-4.046581876949124,1664829364,749,1975,47,Female,Y,1189,Coatbridge,"North Lanarkshire",ML5,Glasgow
loan,56.56443770835719,-2.7984600459830964,1664829626,750,1997,25,Female,Y,141,Arbroath,Angus,DD11,"Tayside and Angus (Dundee)"
loan,55.868131414504454,-4.313224109822445,1664830600,756,1998,24,Male,Y,638,"Drumchapel, Glasgow",Glasgow,"Glasgow Northwest",Glasgow
loan,55.92244283785705,-4.2283103688917505,1664830867,757,1976,46,Female,Y,502,Bishopbriggs,"East Dunbartonshire",G64,Glasgow
loan,55.741707325859934,-3.931155101655028,1664830930,758,1962,60,Female,Y,1217,Larkhall,"North Lanarkshire",ML9,Glasgow
loan,55.77748724107637,-4.31282758025149,1664830967,761,1985,37,Female,Y,539,"Newton Mearns","East Renfrewshire",G77,Glasgow
loan,55.83341908636299,-4.419566516390831,1664831115,760,1989,33,Female,N,1236,"Paisley (south: Blackhall, Castlehead, Dykebar, Foxbar, Hunterhill, Meikleriggs)",Renfrewshire,PA2,Glasgow
loan,58.78184743028654,-2.934917789424782,1664831430,755,1958,64,Female,Y,1025,"Orkney Islands",Orkney,KW17,"Orkney Islands"
loan,56.09470265586919,-3.9538188689034155,1664832154,765,1984,38,Female,Y,464,"Stirling (south and east: Braehead, Borestone, Broomridge, Torbrex)",Stirlingshire,FK7,"Stirling and Falkirk"
loan,57.28250764807103,-5.983131492068959,1664833864,774,1966,56,Female,Y,759,"Broadford, Isle of Skye",Highland,IV49,"Highlands (Inverness)"
loan,55.718380638851336,-4.215242580590102,1664833968,691,1984,38,Female,Y,534,"East Kilbride (south: Hairmyres, Westwood, The Murray, Murray East, Whitehills, Greenhill, Newlandsmuir, Gardenhall, Crosshouse, Newlands, Lindsayfield, Mossneuk)","South Lanarkshire",G75,Glasgow
loan,55.84045651124347,-4.499162614653215,1664834095,778,1952,70,Female,Y,1276,Johnstone,Renfrewshire,PA5,Glasgow
loan,55.74967461447131,-4.05676044929477,1664834569,779,2003,19,Female,Y,1183,Hamilton,"South Lanarkshire",ML3,Glasgow
loan,55.908316754113365,-4.362076700196739,1664834748,780,1987,35,Female,Y,641,"Knightswood, Glasgow",Glasgow,"Glasgow Northwest",Glasgow
loan,55.90506350919532,-3.318675135859977,1664835574,730,1999,23,Female,Y,314,"Morningside, Edinburgh",Edinburgh,"Edinburgh South","Lothian (Edinburgh)"
loan,55.68268327611177,-4.772909238000432,1664837785,784,1959,63,Female,Y,813,Ardrossan,"North Ayrshire",KA22,Ayrshire
loan,56.77471060333228,-4.957935637914949,1664839029,786,1967,55,Female,Y,1377,"Fort William",Highland,PH33,"Highlands (Inverness)"
loan,55.85377634394804,-4.322391587615894,1664839860,789,1971,51,Male,Y,672,"Govan, Glasgow",Glasgow,"Glasgow Southwest",Glasgow
loan,55.8504120180287,-4.316812905714066,1664840011,789,1971,51,Male,Y,672,"Govan, Glasgow",Glasgow,"Glasgow Southwest",Glasgow
loan,56.14738996123054,-3.9624887489001073,1664849035,798,2004,18,Female,School,479,"Stirling (north: Causewayhead, Cornton)",Stirlingshire,FK9,"Stirling and Falkirk"
loan,56.161861017974246,-3.9525316282735363,1664849185,798,2004,18,Female,School,479,"Stirling (north: Causewayhead, Cornton)",Stirlingshire,FK9,"Stirling and Falkirk"
loan,55.88782984333982,-4.331600313013714,1664864887,805,1962,60,Female,Y,586,"Kelvinside, Glasgow",Glasgow,"Glasgow Kelvin",Glasgow
loan,56.48637684783264,-2.9960294226516986,1664865120,806,1956,66,Female,Y,234,"Baxter Park, Dundee",Dundee,"Dundee Bluebelt","Tayside and Angus (Dundee)"
loan,55.829934844887404,-4.3760880845735795,1664865450,794,1947,75,Male,N,676,"Mosspark, Glasgow",Glasgow,"Glasgow Southwest",Glasgow
loan,57.579099381724774,-4.192837611508564,1664866657,808,1983,39,Female,Y,700,Fortrose,Highland,IV10,"Highlands (Inverness)"
loan,55.79245633940784,-4.31965219659234,1664867693,813,1957,65,Male,N,656,"Croftfoot, Glasgow",Glasgow,"Glasgow South",Glasgow
loan,55.83607080861068,-4.256660616264998,1664868042,816,1954,68,Male,N,672,"Govan, Glasgow",Glasgow,"Glasgow Southwest",Glasgow
loan,55.43320078401048,-2.8611821572916427,1664869009,580,2000,22,Male,N,1493,Hawick,"Scottish Borders",TD9,Borders
loan,55.99177313684145,-3.509754432408109,1664870828,845,1998,24,Male,Y,369,Linlithgow,"West Lothian",EH49,"Lothian (Edinburgh)"
loan,56.467843970385815,-3.0237861667811967,1664870842,843,1979,43,Female,N,244,"Stobswell, Dundee",Dundee,"Dundee Central","Tayside and Angus (Dundee)"
loan,56.47564581361503,-3.0149906877767174,1664870892,831,2004,18,Male,School,244,"Stobswell, Dundee",Dundee,"Dundee Central","Tayside and Angus (Dundee)"
loan,55.84570558498292,-4.172353505339027,1664870896,854,1979,43,Male,Y,598,Rutherglen,"South Lanarkshire","Glasgow Northeast",Glasgow
loan,55.99026701231632,-3.593969931819072,1664870974,865,1998,24,Male,Y,369,Linlithgow,"West Lothian",EH49,"Lothian (Edinburgh)"
loan,55.821123640206885,-4.290901239322397,1664871039,847,1977,45,Female,Y,648,"Shawlands, Glasgow",Glasgow,"Glasgow South",Glasgow
loan,56.75419104963244,-4.978042286260886,1664871129,857,1960,62,Female,Y,1377,"Fort William",Highland,PH33,"Highlands (Inverness)"
loan,56.010521206967944,-3.695743689644425,1664871138,844,1971,51,Male,N,439,Grangemouth,Falkirk,FK3,"Stirling and Falkirk"
loan,56.070563682734935,-3.3787678730768014,1664871278,874,1980,42,Male,N,1094,Rosyth,Fife,KY11,Fife
loan,55.95155354576716,-4.250269008201029,1664871286,861,1990,32,Male,Y,503,Torrance,"East Dunbartonshire",G64,Glasgow
loan,55.88480878426578,-3.5648543094718588,1664871297,873,1993,29,Male,Y,375,Livingston,"West Lothian",EH54,"Lothian (Edinburgh)"
loan,56.33874684104369,-2.9766555489465865,1664871427,868,1992,30,Female,Y,1105,Cupar,Fife,KY15,Fife
loan,56.4671974279517,-3.059037686718162,1664871444,872,1986,36,Male,Y,261,"Westend, Dundee",Dundee,"Dundee West","Tayside and Angus (Dundee)"
loan,55.91220374708784,-4.201212373682936,1664871672,862,1964,58,Female,Y,502,Bishopbriggs,"East Dunbartonshire",G64,Glasgow
loan,55.615780001679965,-4.212079068596866,1664871752,877,1974,48,Male,Y,796,Darvel,"East Ayrshire",KA17,Ayrshire
loan,56.152300388306614,-3.698294242792632,1664871921,885,1996,26,Male,Y,401,Powmill,"Perth and Kinross",FK14,"Stirling and Falkirk"
loan,55.73721649383823,-3.8034845243465276,1664871979,876,1997,25,Male,Y,1212,Carluke,"South Lanarkshire",ML8,Glasgow
loan,56.04629125268206,-3.5324425607312815,1664872074,891,1992,30,Female,Y,1096,"Dunfermline (centre, north, west: Abbey Parks, Lady's Mill, Garvock, Headwell, Kingseathill, Wellwood, Milesmark, Baldridge, Pittencrieff, Baldridgeburn)",Fife,KY12,Fife
loan,56.08167127846778,-3.5447628595570313,1664872153,891,1992,30,Female,Y,1096,"Dunfermline (centre, north, west: Abbey Parks, Lady's Mill, Garvock, Headwell, Kingseathill, Wellwood, Milesmark, Baldridge, Pittencrieff, Baldridgeburn)",Fife,KY12,Fife
loan,55.94557517045928,-4.42698704114046,1664872364,898,1991,31,Female,Y,546,Clydebank,"West Dunbartonshire",G81,Glasgow
loan,55.80370761143638,-4.357417013673817,1664872384,894,1975,47,Female,N,678,"Cardonald, Glasgow",Glasgow,"Glasgow Southwest",Glasgow
loan,56.30336525561092,-4.276471153482864,1664872389,897,1994,28,Female,Y,410,Callander,Stirlingshire,FK17,"Stirling and Falkirk"
loan,55.91233262271146,-4.4646050927422785,1664872401,899,1971,51,Male,Y,1306,Erskine,Renfrewshire,PA8,Glasgow
loan,56.15254547548597,-3.5467371423000014,1664872713,891,1992,30,Female,Y,1096,"Dunfermline (centre, north, west: Abbey Parks, Lady's Mill, Garvock, Headwell, Kingseathill, Wellwood, Milesmark, Baldridge, Pittencrieff, Baldridgeburn)",Fife,KY12,Fife
loan,55.82724159807153,-4.423840784473014,1664872956,918,1980,42,Male,N,1236,"Paisley (south: Blackhall, Castlehead, Dykebar, Foxbar, Hunterhill, Meikleriggs)",Renfrewshire,PA2,Glasgow
loan,55.668009365518856,-4.156996908506296,1664872995,919,1989,33,Male,Y,1160,Strathaven,"North Lanarkshire",ML10,Glasgow
loan,56.64747656047646,-2.9015255972783676,1664873004,920,1959,63,Male,Y,181,Kirriemuir,Angus,DD8,"Tayside and Angus (Dundee)"
loan,55.83709078896589,-4.273250928221946,1664873075,847,1977,45,Female,Y,648,"Shawlands, Glasgow",Glasgow,"Glasgow South",Glasgow
loan,56.43087286846414,-2.8821783256048517,1664873192,916,1991,31,Other,Y,175,Newport-on-Tay,Fife,DD6,"Tayside and Angus (Dundee)"
loan,58.22260014264161,-7.036438510017653,1664873237,923,1997,25,Male,Y,688,"Isle of Lewis","Western Isles (outside of Stornoway)",HS2,"Western Isles"
loan,55.979258932661345,-2.788465930253283,1664873282,917,1958,64,Male,Y,355,"North Berwick","East Lothian",EH39,"Lothian (Edinburgh)"
loan,55.53757506355708,-4.654004684209499,1664873320,879,1978,44,Female,Y,784,Troon,"South Ayrshire",KA10,Ayrshire
loan,55.60388397077838,-4.09443027696342,1664873746,935,1973,49,Female,Y,1160,Strathaven,"North Lanarkshire",ML10,Glasgow
loan,55.89992591202118,-4.420363897683271,1664873805,929,1989,33,Female,Y,1264,Renfrew,Renfrewshire,PA4,Glasgow
loan,55.959721673830956,-3.1569942199844436,1664873885,933,1997,25,Male,Y,285,"Leith, Edinburgh",Edinburgh,"Edinburgh Leith","Lothian (Edinburgh)"
loan,55.88271772159199,-4.4579392588856,1664873951,929,1989,33,Female,Y,1264,Renfrew,Renfrewshire,PA4,Glasgow
loan,55.46024699680036,-3.5097254447183865,1664873997,937,2000,22,Other,Y,1170,Biggar,"South Lanarkshire",ML12,Glasgow
loan,57.573695022874446,-3.710559226493482,1664874331,949,1992,30,Female,Y,740,Forres,Moray,IV36,"North East (Aberdeen)"
loan,55.83581040698124,-3.9651027576034066,1664874337,950,1992,30,Female,Y,1192,Airdrie,"North Lanarkshire",ML6,Glasgow
loan,55.84945482261217,-4.385075064933052,1664874542,956,1994,28,Male,Y,1220,"Paisley (central, east and north east: Ferguslie, Oldhall, Seedhill, Williamsburgh, Whitehaugh)",Renfrewshire,PA1,Glasgow
loan,57.56413973979562,-4.001941909889013,1664875010,936,1976,46,Male,Y,713,Culloden,Highland,IV2,"Highlands (Inverness)"
loan,55.80706293585041,-4.166509016610347,1664875041,975,1985,37,Male,Y,528,Blantyre,"South Lanarkshire",G72,Glasgow
loan,55.9995050710852,-3.7360032709795643,1664875166,959,1999,23,Female,Y,420,Carron,Falkirk,FK2,"Stirling and Falkirk"
loan,57.228146691529254,-2.1318187812225102,1664875177,973,1989,33,Female,Y,113,"Bridge of Don, Aberdeen",Aberdeen,"Aberdeen North","North East (Aberdeen)"
loan,55.938806914373885,-3.1319602330363385,1664875245,983,1969,53,Female,N,283,"Craigentinny, Edinburgh",Edinburgh,"Edinburgh Duddingston","Lothian (Edinburgh)"
loan,58.09338846795185,-3.9210534302575475,1664875296,988,1998,24,Male,Y,1071,Brora,Highland,KW9,"Highlands (Inverness)"
loan,55.83663085842226,-3.4048841267915724,1664875356,985,1972,50,Male,Y,311,"Currie, Edinburgh",Edinburgh,"Edinburgh South","Lothian (Edinburgh)"
loan,57.23786412812078,-4.415002820339047,1664875603,954,1996,26,Male,Y,714,"Inverness (east: Culcabock, Crown, Culduthel, Drummond, Haugh, Hilton, Holm, Lochardil, Millburn, Raigmore)",Highland,IV2,"Highlands (Inverness)"
loan,59.898094337522245,-1.2887938176733595,1664875726,1003,1991,31,Male,Y,1636,Sumburgh,"Shetland Isles",ZE3,"Shetland Islands"
loan,56.102126760632245,-3.192171375763896,1664875737,1004,1970,52,Female,N,1117,"Kirkcaldy (west: Hayfield, Templehall, Newliston, Chapel, Dunnikier, Bennochy)",Fife,KY2,Fife
loan,55.91996597148044,-4.632900450764971,1664875890,998,1986,36,Male,N,1229,"Port Glasgow",Inverclyde,PA14,Glasgow
loan,57.267084889300584,-6.0478319941399,1664876172,1053,1964,58,Male,N,759,"Broadford, Isle of Skye",Highland,IV49,"Highlands (Inverness)"
loan,55.82942717236,-4.1625755409779694,1664876214,1040,1961,61,Female,Y,628,"Balornock, Glasgow",Glasgow,"Glasgow Northeast",Glasgow
loan,57.282853271281674,-7.276980513107809,1664876217,1023,1978,44,Female,Y,695,"Isle of South Uist","Western Isles",HS8,"Western Isles"
loan,55.827312703129614,-4.24933847902297,1664876232,1039,1992,30,Male,Y,645,Clarkston,"East Renfrewshire","Glasgow South",Glasgow
loan,55.607833409569096,-3.2799968766671794,1664876268,1048,1960,62,Male,N,362,Peebles,"Scottish Borders",EH45,Borders
loan,55.82523388995008,-4.295199438742419,1664876272,1065,1973,49,Female,Y,651,"Cathcart, Glasgow",Glasgow,"Glasgow South",Glasgow
loan,56.013100339436676,-3.730876010343727,1664876292,1031,1962,60,Female,Y,439,Grangemouth,Falkirk,FK3,"Stirling and Falkirk"
loan,55.949083353357906,-3.1576039433265692,1664876317,1043,1957,65,Female,Y,281,"Portobello, Edinburgh",Edinburgh,"Edinburgh Duddingston","Lothian (Edinburgh)"
loan,55.94001498291712,-3.192418263423125,1664876325,1044,1990,32,Male,Y,309,"Cameron Toll, Edinburgh",Edinburgh,"Edinburgh South","Lothian (Edinburgh)"
loan,55.4144129103635,-3.039059728862154,1664876335,1018,1968,54,Male,N,1493,Hawick,"Scottish Borders",TD9,Borders
loan,55.82728635659335,-4.217589596031041,1664876335,1055,1991,31,Male,Y,655,"Simshill, Glasgow",Glasgow,"Glasgow South",Glasgow
loan,55.96826183365833,-4.412643239796389,1664876451,1049,1994,28,Male,Y,546,Clydebank,"West Dunbartonshire",G81,Glasgow
loan,57.120759511496345,-2.200420572273729,1664876586,1017,1996,26,Male,Y,128,"Mannofield, Aberdeen",Aberdeen,"Aberdeen Southwest","North East (Aberdeen)"
loan,56.821280751186535,-2.2975350499972134,1664876692,1071,1995,27,Male,School,137,Inverbervie,Aberdeenshire,DD10,"Tayside and Angus (Dundee)"
loan,55.83315065312032,-4.258032441501118,1664876703,1007,1961,61,Male,Y,678,"Cardonald, Glasgow",Glasgow,"Glasgow Southwest",Glasgow
loan,55.84205397956777,-3.916030600716293,1664876807,1081,1995,27,Female,Y,1151,Motherwell,"North Lanarkshire",ML1,Glasgow
loan,55.59790933847295,-3.8665845728223163,1664876829,1085,1995,27,Female,Y,1168,Lesmahagow,"South Lanarkshire",ML11,Glasgow
loan,58.573569686331005,-3.7260588663252254,1664876869,1077,1985,37,Female,Y,954,Scarfskerry,Highland,KW14,"Highlands (Inverness)"
loan,55.960989382912814,-4.423484592172846,1664876882,1063,1958,64,Female,Y,546,Clydebank,"West Dunbartonshire",G81,Glasgow
loan,55.86735594194643,-4.366363426555138,1664876906,1080,1988,34,Male,Y,661,"Govanhill, Glasgow",Glasgow,"Glasgow Southwest",Glasgow
loan,57.40004930239052,-4.228331506486276,1664876969,1068,1984,38,Male,N,714,"Inverness (east: Culcabock, Crown, Culduthel, Drummond, Haugh, Hilton, Holm, Lochardil, Millburn, Raigmore)",Highland,IV2,"Highlands (Inverness)"
loan,56.586880115931756,-4.365018893051176,1664876996,1092,1992,30,Female,Y,1327,Aberfeldy,"Perth and Kinross",PH15,Fife
loan,55.958375944306425,-3.9611910907580485,1664877057,822,1992,30,Male,Y,514,"Cumbernauld (south: Condorrat, Lenziemill, Carbrain, Kildrum, Cumbernauld Village, Abronhill, Seafar)","North Lanarkshire",G67,Glasgow
loan,55.82754054287501,-4.2341693750340585,1664877067,1080,1988,34,Male,Y,661,"Govanhill, Glasgow",Glasgow,"Glasgow Southwest",Glasgow
loan,56.49186905643184,-2.931333363358555,1664877097,1096,1970,52,Male,Y,256,"Whitfield, Dundee",Dundee,"Dundee North","Tayside and Angus (Dundee)"
loan,55.96095671596528,-3.9616275311697358,1664877117,1086,1954,68,Male,N,514,"Cumbernauld (south: Condorrat, Lenziemill, Carbrain, Kildrum, Cumbernauld Village, Abronhill, Seafar)","North Lanarkshire",G67,Glasgow
loan,55.82986578536559,-4.112587091768777,1664877134,1083,1961,61,Female,Y,598,Rutherglen,"South Lanarkshire","Glasgow Northeast",Glasgow
loan,55.94811701689548,-3.2805004947164713,1664877137,1084,1978,44,Female,Y,294,"Stockbridge, Edinburgh",Edinburgh,"Edinburgh North","Lothian (Edinburgh)"
loan,56.57074964744233,-2.8013324795079986,1664877189,1088,1956,66,Male,N,141,Arbroath,Angus,DD11,"Tayside and Angus (Dundee)"
loan,57.46843175104519,-4.254071404033375,1664877238,939,1982,40,Male,Y,736,"Inverness (west: Ballifeary, Balnafettack, Clachnaharry, Dalneigh, Kinmylies, Leachkin, Merkinch, Muirtown, South Kessock)",Highland,IV3,"Highlands (Inverness)"
loan,55.96385188523315,-4.968622014619853,1664877293,1106,1970,52,Male,N,1241,Dunoon,"Argyll and Bute",PA23,"Argyll and Bute"
loan,55.8206698675565,-4.349149869583109,1664877478,1123,1989,33,Female,Y,664,"Toryglen, Glasgow",Glasgow,"Glasgow Southwest",Glasgow
loan,56.005704286185264,-3.697604821377042,1664877561,1116,1974,48,Male,Y,439,Grangemouth,Falkirk,FK3,"Stirling and Falkirk"
loan,55.91403424694839,-3.7661397911609633,1664877587,1108,1994,28,Male,Y,377,"Falkirk (centre and south: Arnothill, Bantaskin, Callendar Park, Glen Village, Hallglen, Lionthorn, Tamfourhill, Woodlands)",Falkirk,FK1,"Stirling and Falkirk"
loan,55.40789811383175,-4.713926377110752,1664877672,1130,1964,58,Female,Y,856,"Ayr (Centre)","South Ayrshire",KA7,Ayrshire
loan,55.78324814772776,-3.863827337033094,1664877746,1107,1957,65,Female,Y,1180,Wishaw,"North Lanarkshire",ML2,Glasgow
loan,55.780521664699215,-3.7325534728932217,1664877814,1135,1976,46,Male,N,364,Fauldhouse,"West Lothian",EH47,"Lothian (Edinburgh)"
loan,57.803139719089295,-4.018062889084678,1664877890,1137,1983,39,Female,Y,711,Tain,Highland,IV19,"Highlands (Inverness)"
loan,56.271510802086475,-4.78673146912482,1664877952,1144,1943,79,Female,Y,557,Alexandria,"West Dunbartonshire",G83,"Argyll and Bute"
loan,55.70652782409858,-3.759001952240517,1664878054,1075,1988,34,Female,Y,1215,Rosebank,"South Lanarkshire",ML8,Glasgow
loan,55.65889199306714,-4.668028232359749,1664878057,1150,1977,45,Female,Y,788,Kilwinning,"North Ayrshire",KA13,Ayrshire
loan,56.18211846436336,-3.1172172303939205,1664878107,1152,1984,38,Female,Y,1133,"Glenrothes (centre and east: Pitteuchar, Finglassie, Stenton, Auchmuty, Pitcoudie, Balfarg, Pircairn, Collydean)",Fife,KY7,Fife
loan,56.102603644325775,-3.3033669193119644,1664878107,1161,1996,26,Male,Y,1124,Kelty,Fife,KY4,Fife
loan,57.75679457425316,-3.9545957708155424,1664878201,1137,1983,39,Female,Y,711,Tain,Highland,IV19,"Highlands (Inverness)"
loan,55.789562036282824,-4.148027823196961,1664878255,1148,1956,66,Male,Y,529,Cambuslang,"South Lanarkshire",G72,Glasgow
loan,55.08435878362585,-4.954994716549594,1664878338,1163,1983,39,Female,Y,819,Barrhill,"South Ayrshire",KA26,Ayrshire
loan,55.59418816317919,-2.9463019979882366,1664878365,1172,1990,32,Male,Y,1413,Galashiels,"Scottish Borders",TD1,Borders
loan,56.3586186272376,-3.093227860047931,1664878371,1141,1997,25,Male,Y,1105,Cupar,Fife,KY15,Fife
loan,56.03843907493378,-3.4659015843519483,1664878371,1165,2000,22,Female,Y,1091,Inverkeithing,Fife,KY11,Fife
loan,55.964514747207225,-4.364942628390818,1664878398,1027,1994,28,Male,N,489,Milngavie,"East Dunbartonshire",G62,Glasgow
loan,55.77524415130671,-3.9518776797504813,1664878454,1175,1997,25,Male,Y,1180,Wishaw,"North Lanarkshire",ML2,Glasgow
loan,55.78336457175312,-4.390764026572708,1664878601,1164,1968,54,Female,Y,540,Barrhead,"East Renfrewshire",G78,Glasgow
loan,55.75191488329446,-4.218442210180837,1664878646,1174,1975,47,Female,Y,534,"East Kilbride (south: Hairmyres, Westwood, The Murray, Murray East, Whitehills, Greenhill, Newlandsmuir, Gardenhall, Crosshouse, Newlands, Lindsayfield, Mossneuk)","South Lanarkshire",G75,Glasgow
loan,57.25405209960675,-2.182367584035141,1664878837,1179,1981,41,Male,Y,113,"Bridge of Don, Aberdeen",Aberdeen,"Aberdeen North","North East (Aberdeen)"
loan,55.87069251735273,-4.043457191964326,1664878931,1184,1982,40,Male,Y,1189,Coatbridge,"North Lanarkshire",ML5,Glasgow
loan,55.81470459870705,-4.3257568124711785,1664879298,1134,1965,57,Female,Y,660,"Arden, Glasgow",Glasgow,"Glasgow South",Glasgow
loan,55.9193726355151,-4.252095053748773,1664879333,1208,1971,51,Male,Y,502,Bishopbriggs,"East Dunbartonshire",G64,Glasgow
loan,55.81404947574963,-4.063290744175567,1664879386,1210,1991,31,Male,Y,525,Uddingston,"South Lanarkshire",G71,Glasgow
loan,55.8196623636788,-4.283798020628124,1664879386,1215,1997,25,Male,Y,648,"Shawlands, Glasgow",Glasgow,"Glasgow South",Glasgow
loan,55.85364776969543,-4.34391823371576,1664879397,1206,1964,58,Female,Y,679,"Pollock, Glasgow",Glasgow,"Glasgow Southwest",Glasgow
loan,60.148215776597404,-1.222743078421856,1664879406,1189,1987,35,Female,Y,1500,Lerwick,"Shetland Isles",ZE1,"Shetland Islands"
loan,57.23889393730659,-2.2122422529691734,1664879407,1214,1981,41,Female,Y,112,"Dyce, Aberdeen",Aberdeen,"Aberdeen North","North East (Aberdeen)"
loan,57.670628272245246,-3.259965455124952,1664879455,1160,1982,40,Other,Y,737,Elgin,Moray,IV30,"North East (Aberdeen)"
loan,57.77661369424837,-4.184071923703954,1664879517,1218,1970,52,Female,Y,708,Invergordon,Highland,IV18,"Highlands (Inverness)"
loan,55.9085732583105,-3.145888432928589,1664879545,1199,1971,51,Female,N,322,"Gilmerton, Edinburgh",Edinburgh,"Edinburgh Southeast","Lothian (Edinburgh)"
loan,55.80560375299828,-3.9563705122760044,1664879749,1227,1984,38,Female,N,1151,Motherwell,"North Lanarkshire",ML1,Glasgow
loan,55.86634691866756,-3.4892963771059793,1664879769,1223,1986,36,Male,Y,375,Livingston,"West Lothian",EH54,"Lothian (Edinburgh)"
loan,55.774660230095364,-4.003271610286538,1664879861,1204,1967,55,Female,Y,1183,Hamilton,"South Lanarkshire",ML3,Glasgow
loan,57.11944119579317,-2.3377102382483588,1664879941,1225,1958,64,Female,N,133,"Bieldside, Aberdeen",Aberdeen,"Aberdeen Southwest","North East (Aberdeen)"
loan,55.66671013911425,-4.5837923526884685,1664879953,1236,1961,61,Female,Y,837,"Kilmarnock (north: Onthank, Townholm, Altonhill, Longpark, Beansburn, New Farm Loch, Knockinlaw, Hillhead, Crookedholm)","East Ayrshire",KA3,Ayrshire
loan,55.731239235241226,-3.843849318998164,1664880090,1243,1977,45,Male,Y,1212,Carluke,"South Lanarkshire",ML8,Glasgow
loan,55.78573699422318,-4.188899125583338,1664880259,1251,1984,38,Male,N,530,"East Kilbride (north: The Village, East Mains, West Mains, Lymekilns, St Leonards, Calderwood, Nerston, Stewartfield, Peel Park)","South Lanarkshire",G74,Glasgow
loan,56.475157206221105,-2.9254595897419953,1664880299,842,1968,54,Female,N,250,"Downfield, Dundee",Dundee,"Dundee North","Tayside and Angus (Dundee)"
loan,55.82767715662735,-4.070018373466853,1664880327,1244,1995,27,Female,Y,525,Uddingston,"South Lanarkshire",G71,Glasgow
loan,55.72468743645204,-4.075687138833461,1664880349,1246,2003,19,Female,Y,1183,Hamilton,"South Lanarkshire",ML3,Glasgow
loan,56.00367050347568,-2.757885607123631,1664880402,1266,1993,29,Male,Y,355,"North Berwick","East Lothian",EH39,"Lothian (Edinburgh)"
loan,55.86914271993335,-4.123934602166656,1664880475,1256,1950,72,Female,Y,603,"Carntyne, Glasgow",Glasgow,"Glasgow Northeast",Glasgow
loan,57.24836999214371,-2.1624786073239246,1664880502,1265,1960,62,Female,Y,112,"Dyce, Aberdeen",Aberdeen,"Aberdeen North","North East (Aberdeen)"
loan,55.803550007176156,-4.045489049240022,1664880594,1263,1975,47,Female,Y,523,Bothwell,"South Lanarkshire",G71,Glasgow
loan,56.483021240431036,-2.9836884516396593,1664880638,1255,1987,35,Female,Y,234,"Baxter Park, Dundee",Dundee,"Dundee Bluebelt","Tayside and Angus (Dundee)"
loan,55.812880387247965,-3.9340605681215326,1664880700,1278,1997,25,Female,Y,1151,Motherwell,"North Lanarkshire",ML1,Glasgow
loan,58.043792906520956,-3.8936371319856953,1664880722,1272,1981,41,Male,Y,1071,Brora,Highland,KW9,"Highlands (Inverness)"
loan,56.04219724615278,-3.4880069175362274,1664880730,1276,1998,24,Male,Y,1094,Rosyth,Fife,KY11,Fife
loan,57.17523028672766,-2.4565744052975487,1664880749,1283,1988,34,Male,N,27,"Kirkton of Skene",Aberdeenshire,AB32,"North East (Aberdeen)"
loan,56.080999700558564,-3.5682959020533414,1664880893,1260,1985,37,Male,Y,1096,"Dunfermline (centre, north, west: Abbey Parks, Lady's Mill, Garvock, Headwell, Kingseathill, Wellwood, Milesmark, Baldridge, Pittencrieff, Baldridgeburn)",Fife,KY12,Fife
loan,55.856307631531664,-3.1125403788418917,1664881157,1285,1992,30,Female,Y,328,Bonnyrigg,Midlothian,EH19,"Lothian (Edinburgh)"
loan,55.422968967650526,-4.674946800509557,1664881201,1288,1956,66,Female,Y,856,"Ayr (Centre)","South Ayrshire",KA7,Ayrshire
loan,55.94522140044739,-3.217379689140276,1664881248,1287,1964,58,Female,N,267,"Sighthill, Edinburgh",Edinburgh,"Edinburgh Central","Lothian (Edinburgh)"
loan,57.155483359222586,-2.7081599803110197,1664881249,1290,1989,33,Female,Y,22,Banchory,Aberdeenshire,AB31,"North East (Aberdeen)"
loan,56.4745155389076,-2.9263067382355534,1664881295,1291,1951,71,Female,Y,251,"Kirkton, Dundee",Dundee,"Dundee North","Tayside and Angus (Dundee)"
loan,59.05981261850985,-3.213032505081179,1664881521,1300,1952,70,Female,Y,1025,"Orkney Islands",Orkney,KW17,"Orkney Islands"
loan,56.49753607125991,-3.003413154967035,1664881703,1312,2001,21,Male,Y,238,"Menzieshill, Dundee",Dundee,"Dundee Central","Tayside and Angus (Dundee)"
loan,55.77469150200176,-3.894257829464653,1664881735,1253,1995,27,Other,Y,1180,Wishaw,"North Lanarkshire",ML2,Glasgow
loan,58.21984955212931,-6.382429526524999,1664881909,1316,1997,25,Male,Y,686,"Stornoway, Isle of Lewis","Western Isles",HS1,"Western Isles"
loan,56.470570566649364,-3.0619415870052364,1664881909,1331,1997,25,Male,Y,146,Longforgan,"Perth and Kinross",DD2,"Tayside and Angus (Dundee)"
loan,56.46010659578559,-3.1001587023444817,1664881959,1315,1987,35,Male,Y,145,Liff,Angus,DD2,"Tayside and Angus (Dundee)"
loan,55.802187447433305,-3.907846640495122,1664881993,1328,1978,44,Female,Y,1151,Motherwell,"North Lanarkshire",ML1,Glasgow
loan,55.16155778891793,-3.488286712670952,1664882050,1282,1981,41,Male,Y,186,"Dumfries (centre and east: Dalscone, Georgetown, Heathhall, Kingholm Quay, Noblehill, The Crichton)","Dumfries and Galloway",DG1,"Dumfries and Galloway"
loan,55.871377937936465,-4.3234585119434055,1664882052,1319,1986,36,Male,Y,643,"Anniesland, Glasgow",Glasgow,"Glasgow Northwest",Glasgow
loan,55.92842156518615,-4.251482831456053,1664882086,1329,1997,25,Male,Y,502,Bishopbriggs,"East Dunbartonshire",G64,Glasgow
loan,55.82327203477681,-4.104612205552308,1664882090,1321,1993,29,Male,Y,600,"Garrowhill, Glasgow",Glasgow,"Glasgow Northeast",Glasgow
loan,55.814302237307786,-4.149539212152314,1664882132,1341,1989,33,Male,Y,529,Cambuslang,"South Lanarkshire",G72,Glasgow
loan,57.14349594261113,-2.323088410165225,1664882408,1340,1990,32,Female,Y,26,Echt,Aberdeenshire,AB32,"North East (Aberdeen)"
loan,57.581089417660706,-2.5317205742956554,1664882637,1029,1971,51,Male,Y,62,Portsoy,Aberdeenshire,AB45,"North East (Aberdeen)"
loan,55.59256148810339,-4.333615128213807,1664882704,1345,1985,37,Female,Y,795,Newmilns,"East Ayrshire",KA16,Ayrshire
loan,55.79204247740197,-3.0622740020946244,1664882808,1364,1995,27,Male,Y,338,Gorebridge,Midlothian,EH23,"Lothian (Edinburgh)"
loan,56.07112126806916,-3.428143426215369,1664882847,1363,1975,47,Male,N,1094,Rosyth,Fife,KY11,Fife
loan,57.04430358451168,-2.135670742497314,1664883130,1348,1977,45,Male,Y,5,"Cove Bay",Aberdeenshire,AB12,"North East (Aberdeen)"
loan,57.47529050223515,-4.086415708082644,1664883222,1357,1980,42,Female,Y,715,Balloch,Highland,IV2,"Highlands (Inverness)"
loan,55.91218980492768,-4.222356023223384,1664883355,1371,1980,42,Female,Y,502,Bishopbriggs,"East Dunbartonshire",G64,Glasgow
loan,55.97522712466736,-3.21598096303751,1664883387,1338,1990,32,Male,Y,288,"Murrayfield, Edinburgh",Edinburgh,"Edinburgh North","Lothian (Edinburgh)"
loan,56.11629143295048,-3.735337815513919,1664883572,1377,1998,24,Female,Y,388,Sauchie,Clackmannanshire,FK10,"Stirling and Falkirk"
loan,55.70940128888619,-4.500498496579476,1664883681,1384,1996,26,Female,Y,841,Stewarton,"East Ayrshire",KA3,Ayrshire
loan,55.89060320641041,-4.420801809777034,1664883699,1381,1990,32,Male,Y,1264,Renfrew,Renfrewshire,PA4,Glasgow
loan,55.406989412342234,-4.697468573302289,1664883969,1237,1969,53,Female,Y,856,"Ayr (Centre)","South Ayrshire",KA7,Ayrshire
loan,55.98713554022624,-4.2156500498677305,1664884027,1387,1984,38,Male,Y,507,Kirkintilloch,"East Dunbartonshire",G66,Glasgow
loan,55.918091523028515,-3.2489186673027337,1664884098,1376,1990,32,Female,Y,308,"Liberton, Edinburgh",Edinburgh,"Edinburgh South","Lothian (Edinburgh)"
loan,56.13078075777358,-3.9857142012940514,1664884134,1383,1957,65,Female,Y,477,"Bridge of Allan",Stirlingshire,FK9,"Stirling and Falkirk"
loan,55.995550696666015,-3.698281446562992,1664884137,1406,1991,31,Male,Y,430,Brightons,Falkirk,FK2,"Stirling and Falkirk"
loan,57.31175018576384,-4.261523788190336,1664884214,1405,1983,39,Male,N,714,"Inverness (east: Culcabock, Crown, Culduthel, Drummond, Haugh, Hilton, Holm, Lochardil, Millburn, Raigmore)",Highland,IV2,"Highlands (Inverness)"
loan,55.890445522100755,-3.2911769584701243,1664884248,1376,1990,32,Female,Y,308,"Liberton, Edinburgh",Edinburgh,"Edinburgh South","Lothian (Edinburgh)"
loan,56.80441190363853,-3.09435731445055,1664884514,1400,1990,32,Male,Y,179,Forfar,Angus,DD8,"Tayside and Angus (Dundee)"
loan,56.06005422476128,-3.5382054876415747,1664884552,1408,1960,62,Female,Y,1096,"Dunfermline (centre, north, west: Abbey Parks, Lady's Mill, Garvock, Headwell, Kingseathill, Wellwood, Milesmark, Baldridge, Pittencrieff, Baldridgeburn)",Fife,KY12,Fife
loan,55.90594872955986,-4.349153099241729,1664884652,1414,1990,32,Male,Y,644,"Partick, Glasgow",Glasgow,"Glasgow Northwest",Glasgow
loan,55.67206294998379,-4.280512047683207,1664884851,1423,1992,30,Male,Y,796,Darvel,"East Ayrshire",KA17,Ayrshire
loan,56.02611598355721,-3.7351742489023736,1664884922,1421,1984,38,Female,Y,430,Brightons,Falkirk,FK2,"Stirling and Falkirk"
loan,56.348566105633466,-3.0204254922293927,1664885052,1425,1995,27,Female,Y,1109,Ladybank,Fife,KY15,Fife
loan,55.97543074554927,-3.1854185099829064,1664885056,1428,1977,45,Female,Y,297,"Blackhall, Edinburgh",Edinburgh,"Edinburgh North","Lothian (Edinburgh)"
loan,55.893383716449414,-4.353115067499884,1664885156,1419,2000,22,Other,N,639,"Scotstoun, Glasgow",Glasgow,"Glasgow Northwest",Glasgow
loan,55.92888370180655,-4.388382386216617,1664885178,1435,1985,37,Female,Y,546,Clydebank,"West Dunbartonshire",G81,Glasgow
loan,55.99959113812577,-3.7181840620420274,1664885181,1432,1969,53,Male,N,439,Grangemouth,Falkirk,FK3,"Stirling and Falkirk"
loan,54.989658122981695,-4.111504102040312,1664885190,1427,1997,25,Male,Y,220,"Castle Douglas","Dumfries and Galloway",DG7,"Dumfries and Galloway"
loan,55.82608228664263,-4.25754098876894,1664885220,1438,1984,38,Female,Y,648,"Shawlands, Glasgow",Glasgow,"Glasgow South",Glasgow
loan,55.96818927615227,-3.195192961630926,1664885255,1439,1988,34,Other,Y,292,"Craigleith, Edinburgh",Edinburgh,"Edinburgh North","Lothian (Edinburgh)"
loan,57.4092085590447,-1.8790146423949452,1664885297,1434,1985,37,Female,Y,54,Peterhead,Aberdeenshire,AB42,"North East (Aberdeen)"
loan,57.58577989800049,-1.85907377077437,1664885324,1426,1995,27,Other,Y,54,Peterhead,Aberdeenshire,AB42,"North East (Aberdeen)"
loan,55.79314760601936,-3.9548016064931724,1664885528,1445,2001,21,Male,Y,1151,Motherwell,"North Lanarkshire",ML1,Glasgow
loan,56.27551184404862,-4.260690648523256,1664885598,1420,1988,34,Male,Y,410,Callander,Stirlingshire,FK17,"Stirling and Falkirk"
loan,55.85454120816035,-4.232348572667987,1664885703,1457,1991,31,Male,Y,634,"Maryhill, Glasgow",Glasgow,"Glasgow Northeast",Glasgow
loan,56.81830516054626,-2.60641088815687,1664885900,1463,1995,27,Female,Y,182,Brechin,Angus,DD9,"Tayside and Angus (Dundee)"
loan,57.76303886930887,-3.9498962341942954,1664886158,557,1958,64,Male,Y,717,"Hill of Fearn",Highland,IV20,"Highlands (Inverness)"
loan,57.79172640542491,-3.9896699499380666,1664886172,1449,1958,64,Female,N,711,Tain,Highland,IV19,"Highlands (Inverness)"
loan,55.932530746305375,-3.8178022263136975,1664886224,1455,1989,33,Female,Y,377,"Falkirk (centre and south: Arnothill, Bantaskin, Callendar Park, Glen Village, Hallglen, Lionthorn, Tamfourhill, Woodlands)",Falkirk,FK1,"Stirling and Falkirk"
loan,55.95610278043777,-3.276145431548076,1664886236,1467,1995,27,Male,Y,288,"Murrayfield, Edinburgh",Edinburgh,"Edinburgh North","Lothian (Edinburgh)"
loan,56.47781850881295,-3.0376561452795037,1664886498,1479,1968,54,Male,Y,237,"Blackness, Dundee",Dundee,"Dundee Central","Tayside and Angus (Dundee)"
loan,56.49184308291324,-2.8106956836053674,1664886502,1484,1962,60,Female,Y,247,"Broughty Ferry, Dundee",Dundee,"Dundee East","Tayside and Angus (Dundee)"
loan,57.11634977901939,-2.242162465504311,1664886619,1490,1995,27,Female,Y,131,"Milltimber, Aberdeen",Aberdeen,"Aberdeen Southwest","North East (Aberdeen)"
loan,55.778708360172445,-4.177301718521994,1664886633,1470,1982,40,Male,Y,530,"East Kilbride (north: The Village, East Mains, West Mains, Lymekilns, St Leonards, Calderwood, Nerston, Stewartfield, Peel Park)","South Lanarkshire",G74,Glasgow
loan,55.83945037560355,-4.323247465951068,1664886637,1476,1994,28,Female,Y,678,"Cardonald, Glasgow",Glasgow,"Glasgow Southwest",Glasgow
loan,55.90055677177291,-4.478844060577944,1664887079,1453,1989,33,Female,Y,1306,Erskine,Renfrewshire,PA8,Glasgow
loan,55.843776419500664,-4.602815240628895,1664887090,1514,1969,53,Female,Y,1222,Kilbarchan,Renfrewshire,PA10,Glasgow
loan,56.69966248627864,-2.89953612664,1664887178,1502,1995,27,Female,Y,181,Kirriemuir,Angus,DD8,"Tayside and Angus (Dundee)"
loan,56.06786677616773,-3.6872600360575603,1664887179,1522,1956,66,Male,N,391,Alloa,Clackmannanshire,FK10,"Stirling and Falkirk"
loan,54.98983821703211,-3.1150201061309657,1664887223,1518,2003,19,Other,Y,205,Gretna,"Dumfries and Galloway",DG16,"Dumfries and Galloway"
loan,55.9627694459551,-4.37859736913565,1664887269,1516,1991,31,Male,Y,489,Milngavie,"East Dunbartonshire",G62,Glasgow
loan,56.875992145597785,-2.8222723132625167,1664887334,1519,1991,31,Female,N,182,Brechin,Angus,DD9,"Tayside and Angus (Dundee)"
loan,56.05080985896955,-4.122746282488055,1664887391,1509,2004,18,Female,Y,464,"Stirling (south and east: Braehead, Borestone, Broomridge, Torbrex)",Stirlingshire,FK7,"Stirling and Falkirk"
loan,55.91736893907419,-4.356801395596418,1664887485,1525,1957,65,Female,Y,641,"Knightswood, Glasgow",Glasgow,"Glasgow Northwest",Glasgow
loan,55.87142726665771,-4.002162002952357,1664887610,1521,1988,34,Male,Y,1189,Coatbridge,"North Lanarkshire",ML5,Glasgow
loan,55.75253829044957,-4.22610258135859,1664887714,1524,1999,23,Female,Y,534,"East Kilbride (south: Hairmyres, Westwood, The Murray, Murray East, Whitehills, Greenhill, Newlandsmuir, Gardenhall, Crosshouse, Newlands, Lindsayfield, Mossneuk)","South Lanarkshire",G75,Glasgow
loan,56.004853973142616,-3.6289153960977547,1664887762,1539,1969,53,Female,Y,370,Bo'ness,Falkirk,EH51,"Lothian (Edinburgh)"
loan,57.07547458180676,-2.104478891629425,1664887981,1543,1979,43,Female,N,11,Kincorth, Aberdeen,AB12,"North East (Aberdeen)"
loan,55.1900488394668,-4.879243940811111,1664888246,1548,1986,36,Female,Y,824,Girvan,"South Ayrshire",KA26,Ayrshire
loan,55.415227630032376,-4.682695901506878,1664888273,1530,1997,25,Male,Y,856,"Ayr (Centre)","South Ayrshire",KA7,Ayrshire
loan,55.94556897834266,-4.26547413269251,1664888291,1553,1988,34,Male,Y,502,Bishopbriggs,"East Dunbartonshire",G64,Glasgow
loan,55.95589133369465,-3.876023071477981,1664888312,1557,1965,57,Female,Y,377,"Falkirk (centre and south: Arnothill, Bantaskin, Callendar Park, Glen Village, Hallglen, Lionthorn, Tamfourhill, Woodlands)",Falkirk,FK1,"Stirling and Falkirk"
loan,55.972671603840624,-3.2408266468054974,1664888342,1472,1976,46,Male,N,279,"Clermiston and Drumbrae, Edinburgh",Edinburgh,"Edinburgh Clermiston Granton","Lothian (Edinburgh)"
loan,55.93281977232542,-3.00582903252695,1664888347,1561,1995,27,Female,Y,330,Musselburgh,"East Lothian",EH21,"Lothian (Edinburgh)"
loan,55.96083863032067,-3.1921125084291244,1664888598,1570,1989,33,Female,Y,287,"Corstorphine, Edinburgh",Edinburgh,"Edinburgh North","Lothian (Edinburgh)"
loan,55.89818685415492,-3.299824347704376,1664888685,1569,1973,49,Female,Y,315,"Fairmilehead, Edinburgh",Edinburgh,"Edinburgh South","Lothian (Edinburgh)"
loan,55.82555839440246,-4.27228195509184,1664888711,1565,2000,22,Female,Y,645,Clarkston,"East Renfrewshire","Glasgow South",Glasgow
loan,55.48588806163497,-3.0882570005445262,1664888867,1574,1988,34,Female,Y,1475,Ettrick,"Scottish Borders",TD7,Borders
loan,55.82090484923416,-4.378985318202891,1664889066,1576,1955,67,Female,N,672,"Govan, Glasgow",Glasgow,"Glasgow Southwest",Glasgow
loan,55.83391358910083,-4.34611762128936,1664889333,1481,1990,32,Female,Y,661,"Govanhill, Glasgow",Glasgow,"Glasgow Southwest",Glasgow
loan,55.771755586615576,-3.829425535116879,1664889895,1596,1962,60,Female,Y,1180,Wishaw,"North Lanarkshire",ML2,Glasgow
loan,55.42860429760937,-4.658116183900912,1664890054,1605,1985,37,Female,Y,859,Doonfoot,"South Ayrshire",KA7,Ayrshire
loan,55.95020682220755,-3.9805948534153113,1664890187,1599,1987,35,Male,Y,514,"Cumbernauld (south: Condorrat, Lenziemill, Carbrain, Kildrum, Cumbernauld Village, Abronhill, Seafar)","North Lanarkshire",G67,Glasgow
loan,55.432100775445235,-4.659270796030181,1664890193,1605,1985,37,Female,Y,859,Doonfoot,"South Ayrshire",KA7,Ayrshire
loan,55.92609028695958,-4.363419535647566,1664890203,1606,1994,28,Male,Y,488,Bearsden,"East Dunbartonshire",G61,Glasgow
loan,55.70405228407776,-3.894481604947813,1664890387,1612,1990,32,Female,Y,1212,Carluke,"South Lanarkshire",ML8,Glasgow
loan,55.84724900759563,-4.351355973289498,1664890390,1609,1986,36,Female,Y,661,"Govanhill, Glasgow",Glasgow,"Glasgow Southwest",Glasgow
loan,57.62393417566771,-4.161715849354105,1664890481,1611,1980,42,Male,Y,700,Fortrose,Highland,IV10,"Highlands (Inverness)"
loan,57.11021020167783,-2.214255491839678,1664890561,1610,1968,54,Male,N,128,"Mannofield, Aberdeen",Aberdeen,"Aberdeen Southwest","North East (Aberdeen)"
loan,57.0800970052059,-2.2853925389225593,1664890909,1622,1976,46,Female,N,128,"Mannofield, Aberdeen",Aberdeen,"Aberdeen Southwest","North East (Aberdeen)"
loan,57.056699198474526,-2.1808796622915394,1664891019,1508,1995,27,Female,Y,48,Stonehaven,Aberdeenshire,AB39,"North East (Aberdeen)"
loan,56.03759758947929,-3.448819912690437,1664891535,1642,1968,54,Male,Y,1092,Limekilns,Fife,KY11,Fife
loan,55.799117418444,-4.501686169458953,1664891583,1636,1988,34,Male,Y,1236,"Paisley (south: Blackhall, Castlehead, Dykebar, Foxbar, Hunterhill, Meikleriggs)",Renfrewshire,PA2,Glasgow
loan,55.93232252248853,-3.273464597275487,1664891728,1635,1958,64,Female,Y,272,"New Town, Edinburgh",Edinburgh,"Edinburgh Central","Lothian (Edinburgh)"
loan,55.90532192813783,-4.445845168555646,1664891909,1639,1982,40,Female,Y,1306,Erskine,Renfrewshire,PA8,Glasgow
loan,57.46688770054766,-2.5710355020966107,1664892238,1178,1989,33,Female,N,65,Kemnay,Aberdeenshire,AB51,"North East (Aberdeen)"
loan,55.97203726492584,-3.6620817230692615,1664892273,1631,1996,26,Male,Y,369,Linlithgow,"West Lothian",EH49,"Lothian (Edinburgh)"
loan,55.9523260637532,-3.2240756970616102,1664892294,1634,1991,31,Male,Y,297,"Blackhall, Edinburgh",Edinburgh,"Edinburgh North","Lothian (Edinburgh)"
loan,55.416827617868144,-4.726215174210909,1664892325,1653,1988,34,Female,Y,856,"Ayr (Centre)","South Ayrshire",KA7,Ayrshire
loan,55.83520030725977,-3.904802583810781,1664892463,1659,1979,43,Male,Y,1151,Motherwell,"North Lanarkshire",ML1,Glasgow
loan,56.33753050500521,-5.329025748221414,1664892653,1650,1950,72,Female,N,1257,Oban,"Argyll and Bute",PA34,"Argyll and Bute"
loan,55.90962618233776,-3.514182265889828,1664892795,1666,1974,48,Female,N,375,Livingston,"West Lothian",EH54,"Lothian (Edinburgh)"
loan,55.68382252222259,-5.301494084391222,1664892798,1646,1999,23,Male,Y,827,"Isle of Arran","North Ayrshire",KA27,Ayrshire
loan,55.85899001767167,-4.305496557074035,1664892937,1675,1974,48,Female,N,672,"Govan, Glasgow",Glasgow,"Glasgow Southwest",Glasgow
loan,55.85954945812927,-4.431328509101179,1664892988,1669,1994,28,Male,N,1249,"Paisley (north west: Ferguslie Park, Gallowhill, Gockston, Shortroods, )",Renfrewshire,PA3,Glasgow
loan,56.87850605998556,-2.6979449889657543,1664892992,1664,1982,40,Female,Y,182,Brechin,Angus,DD9,"Tayside and Angus (Dundee)"
loan,55.23783412607312,-2.957624807594979,1664893078,1671,2004,18,Male,Y,203,Langholm,"Dumfries and Galloway",DG13,"Dumfries and Galloway"
loan,56.06845998977833,-3.8937573000439034,1664893090,1676,1995,27,Female,Y,464,"Stirling (south and east: Braehead, Borestone, Broomridge, Torbrex)",Stirlingshire,FK7,"Stirling and Falkirk"
loan,56.456553194625826,-3.0290571394900834,1664893360,1687,1978,44,Female,Y,261,"Westend, Dundee",Dundee,"Dundee West","Tayside and Angus (Dundee)"
loan,55.92184303307912,-4.372183414555627,1664893594,1690,1973,49,Female,Y,488,Bearsden,"East Dunbartonshire",G61,Glasgow
loan,58.54552449116392,-4.116735314173784,1664893595,1694,1996,26,Other,Y,953,Reay,Highland,KW14,"Highlands (Inverness)"
loan,56.92453461715155,-2.952881295143108,1664893654,1679,2001,21,Female,N,182,Brechin,Angus,DD9,"Tayside and Angus (Dundee)"
loan,57.14641537723211,-2.165394988012514,1664893738,1699,1988,34,Female,Y,105,"Seaton, Aberdeen",Aberdeen,"Aberdeen Central","North East (Aberdeen)"
loan,55.82005416989805,-4.230483413005561,1664894062,1700,1982,40,Male,Y,647,"Pollokshields, Glasgow",Glasgow,"Glasgow South",Glasgow
loan,56.02615546714707,-3.436702177499594,1664894150,1703,1994,28,Male,Y,1090,"Dunfermline (south and east: Halbeath, Touch, Duloch, Masterton, Pitcorthie, Abbeyview, Brucefield, Hospital Hill, Camdean, Pitreavie)",Fife,KY11,Fife
loan,56.40676290248637,-3.9173999610096315,1664894169,1686,1965,57,Female,N,1402,Crieff,"Perth and Kinross",PH7,Fife
loan,56.34823523490635,-2.8432437766994267,1664894308,1706,1989,33,Female,Y,1114,"St Andrews",Fife,KY16,Fife
loan,56.13889459026361,-3.9823378129983245,1664894317,1577,2003,19,Male,Y,479,"Stirling (north: Causewayhead, Cornton)",Stirlingshire,FK9,"Stirling and Falkirk"
loan,57.598205469989395,-4.321596851183614,1664894483,1710,1984,38,Male,Y,775,Culbokie,Highland,IV7,"Highlands (Inverness)"
loan,56.12212279837343,-3.2235911249007305,1664894851,1719,1989,33,Female,Y,1117,"Kirkcaldy (west: Hayfield, Templehall, Newliston, Chapel, Dunnikier, Bennochy)",Fife,KY2,Fife
loan,55.81192869854294,-4.239109655557087,1664894869,1721,1970,52,Female,Y,653,"Netherlee, Glasgow",Glasgow,"Glasgow South",Glasgow
loan,55.47575621076642,-4.254433683198561,1664894889,1720,1968,54,Female,Y,798,Cumnock,"East Ayrshire",KA18,Ayrshire
loan,55.90580393633158,-3.33661931841476,1664895108,1725,1963,59,Male,Y,316,"Bruntsfield, Edinburgh",Edinburgh,"Edinburgh South","Lothian (Edinburgh)"
loan,56.724282640062626,-4.045042582442318,1664895184,1723,1957,65,Male,Y,1329,Pitlochry,"Perth and Kinross",PH16,Fife
loan,55.92237120226091,-4.20431449995994,1664895237,1734,1972,50,Male,Y,502,Bishopbriggs,"East Dunbartonshire",G64,Glasgow
loan,56.36018314340286,-3.1398361629682525,1664895328,1737,1987,35,Male,Y,1103,Strathmiglo,Fife,KY14,Fife
loan,55.74669498695001,-3.8560855890530483,1664895431,1729,1995,27,Male,Y,1212,Carluke,"South Lanarkshire",ML8,Glasgow
loan,55.89154839015244,-3.8749196932474868,1664895510,1715,1962,60,Female,N,1192,Airdrie,"North Lanarkshire",ML6,Glasgow
loan,55.87871499323084,-3.9366494132514775,1664895723,1744,1987,35,Female,Y,1192,Airdrie,"North Lanarkshire",ML6,Glasgow
loan,55.81688050711531,-4.133356940066936,1664895796,1745,1972,50,Female,Y,529,Cambuslang,"South Lanarkshire",G72,Glasgow
loan,56.93874411583766,-2.7481233004944796,1664895870,1742,1964,58,Female,N,182,Brechin,Angus,DD9,"Tayside and Angus (Dundee)"
loan,55.395217780550055,-4.755019822519885,1664895970,1741,1976,46,Male,N,856,"Ayr (Centre)","South Ayrshire",KA7,Ayrshire
loan,55.82219252285681,-4.244066866361547,1664895988,1754,1986,36,Female,Y,651,"Cathcart, Glasgow",Glasgow,"Glasgow South",Glasgow
loan,56.91097923727705,-2.9200208915494823,1664896005,1742,1964,58,Female,N,182,Brechin,Angus,DD9,"Tayside and Angus (Dundee)"
loan,55.86848183534301,-3.281660805012118,1664896146,1730,1992,30,Male,Y,314,"Morningside, Edinburgh",Edinburgh,"Edinburgh South","Lothian (Edinburgh)"
loan,56.11845227936255,-3.175676284290406,1664896906,1773,1991,31,Female,N,1117,"Kirkcaldy (west: Hayfield, Templehall, Newliston, Chapel, Dunnikier, Bennochy)",Fife,KY2,Fife
loan,57.58982772554471,-4.414845922110997,1664896995,1778,1990,32,Male,Y,705,Dingwall,Highland,IV15,"Highlands (Inverness)"
loan,55.89200043452965,-3.2076137877389312,1664897032,1775,1982,40,Female,Y,316,"Bruntsfield, Edinburgh",Edinburgh,"Edinburgh South","Lothian (Edinburgh)"
loan,56.48985230610158,-2.8473932874532206,1664897086,1779,1965,57,Female,Y,248,"Barnhill, Dundee",Dundee,"Dundee East","Tayside and Angus (Dundee)"
loan,57.451678624142716,-7.328583252588231,1664897187,1795,2003,19,Male,School,694,"Isle of Benbecula","Western Isles",HS7,"Western Isles"
loan,55.594993957906496,-2.5463281457890887,1664897331,1798,1997,25,Other,Y,1451,Kelso,"Scottish Borders",TD5,Borders
loan,57.21510629570556,-3.0665248124491997,1664897369,1802,1977,45,Female,Y,40,Strathdon,Aberdeenshire,AB36,"North East (Aberdeen)"
loan,55.8201116745667,-4.329517865823035,1664897422,1787,1964,58,Male,N,646,"Burnside, Glasgow",Glasgow,"Glasgow South",Glasgow
loan,55.910481094688414,-4.315047521561148,1664897447,1783,1992,30,Female,Y,488,Bearsden,"East Dunbartonshire",G61,Glasgow
loan,56.82953848334841,-2.78853159787764,1664897488,1781,1985,37,Female,N,182,Brechin,Angus,DD9,"Tayside and Angus (Dundee)"
loan,55.889142682960035,-2.868289818447767,1664897551,1784,1988,34,Female,Y,350,Pencaitland,"East Lothian",EH34,"Lothian (Edinburgh)"
loan,57.22242292137132,-4.533461353844522,1664897582,1791,1985,37,Male,Y,714,"Inverness (east: Culcabock, Crown, Culduthel, Drummond, Haugh, Hilton, Holm, Lochardil, Millburn, Raigmore)",Highland,IV2,"Highlands (Inverness)"
loan,55.87135402343803,-4.339687518604299,1664897588,1796,2001,21,Female,Y,644,"Partick, Glasgow",Glasgow,"Glasgow Northwest",Glasgow
loan,55.91207867416664,-3.2224987881260394,1664897710,1801,1964,58,Male,N,305,"Oxgangs, Edinburgh",Edinburgh,"Edinburgh Oxgangs","Lothian (Edinburgh)"
loan,55.898843193735296,-2.9147662926882476,1664897736,1784,1988,34,Female,Y,350,Pencaitland,"East Lothian",EH34,"Lothian (Edinburgh)"
loan,56.2359458873831,-4.807653907832595,1664897809,1805,1983,39,Male,Y,557,Alexandria,"West Dunbartonshire",G83,"Argyll and Bute"
loan,56.99094063941846,-5.527650185863362,1664897838,1374,1983,39,Male,Y,1392,Mallaig,Highland,PH41,"Highlands (Inverness)"
loan,56.3936736316122,-2.962361568189089,1664898120,1808,1958,64,Male,N,176,Tayport,Fife,DD6,"Tayside and Angus (Dundee)"
loan,55.936283883136525,-4.8707898866442605,1664898169,1817,1989,33,Female,Y,1235,Gourock,Inverclyde,PA19,Glasgow
loan,59.287959818157,-3.0140787487447604,1664898327,1816,1956,66,Female,Y,1025,"Orkney Islands",Orkney,KW17,"Orkney Islands"
loan,55.9356785521027,-4.377482168535251,1664898425,1815,1964,58,Male,Y,546,Clydebank,"West Dunbartonshire",G81,Glasgow
loan,55.907368757165095,-3.284769490865665,1664898467,1780,1968,54,Female,N,268,"Stenhouse, Edinburgh",Edinburgh,"Edinburgh Central","Lothian (Edinburgh)"
loan,56.205312576088424,-3.5965913136942107,1664898551,1823,1988,34,Male,Y,1098,Kinross,"Perth and Kinross",KY13,Fife
loan,55.9269732301187,-3.279492379601383,1664898587,1780,1968,54,Female,N,268,"Stenhouse, Edinburgh",Edinburgh,"Edinburgh Central","Lothian (Edinburgh)"
loan,55.90510306753441,-4.4086800725024995,1664898602,1815,1964,58,Male,Y,546,Clydebank,"West Dunbartonshire",G81,Glasgow
loan,55.93410901658255,-3.1889100912342085,1664898708,1826,1977,45,Female,Y,317,"Marchmont, Edinburgh",Edinburgh,"Edinburgh South","Lothian (Edinburgh)"
loan,56.01011814512754,-3.9584396833496935,1664898719,1831,1988,34,Male,Y,452,Denny,Falkirk,FK6,"Stirling and Falkirk"
loan,56.055496229897095,-2.6558762819661985,1664898931,1830,1996,26,Male,Y,355,"North Berwick","East Lothian",EH39,"Lothian (Edinburgh)"
loan,55.88015585579485,-4.353230076950814,1664899144,1827,1996,26,Female,Y,639,"Scotstoun, Glasgow",Glasgow,"Glasgow Northwest",Glasgow
loan,55.8395777738715,-4.398543941975386,1664899314,1841,1989,33,Female,Y,1236,"Paisley (south: Blackhall, Castlehead, Dykebar, Foxbar, Hunterhill, Meikleriggs)",Renfrewshire,PA2,Glasgow
loan,55.803611419049815,-4.0448480272689995,1664899381,1843,1956,66,Female,N,525,Uddingston,"South Lanarkshire",G71,Glasgow
loan,55.90854352524018,-4.029909793005661,1664899574,1850,1967,55,Female,Y,1189,Coatbridge,"North Lanarkshire",ML5,Glasgow
loan,55.807831629437416,-4.2774068149546975,1664899709,1849,1993,29,Female,Y,657,"Thornliebank, Glasgow",Glasgow,"Glasgow South",Glasgow
loan,55.93177521701129,-3.2638126823875195,1664899728,1858,1950,72,Male,N,272,"New Town, Edinburgh",Edinburgh,"Edinburgh Central","Lothian (Edinburgh)"
loan,55.83108213821024,-3.3607374563545473,1664900404,1863,1946,76,Other,Y,314,"Morningside, Edinburgh",Edinburgh,"Edinburgh South","Lothian (Edinburgh)"
loan,55.82647682056319,-4.496384739013565,1664900457,1859,1960,62,Other,Y,1276,Johnstone,Renfrewshire,PA5,Glasgow
loan,55.52534613486914,-4.605717119043691,1664900506,1869,1995,27,Female,Y,873,Prestwick,"South Ayrshire",KA9,Ayrshire
loan,55.84534875700294,-4.423976391372829,1664900957,1875,1986,36,Male,N,1220,"Paisley (central, east and north east: Ferguslie, Oldhall, Seedhill, Williamsburgh, Whitehaugh)",Renfrewshire,PA1,Glasgow
loan,56.54925468370912,-3.3822452662512754,1664901146,1877,1968,54,Female,Y,1337,Balbeggie,"Perth and Kinross",PH2,Fife
loan,55.83226994430709,-4.191854585826915,1664901163,1874,1997,25,Male,Y,612,"Easterhouse, Glasgow",Glasgow,"Glasgow Northeast",Glasgow
loan,56.29125812037708,-3.356823632092849,1664901262,1877,1968,54,Female,Y,1337,Balbeggie,"Perth and Kinross",PH2,Fife
loan,55.78098479145163,-4.1863574248112085,1664901304,1888,1969,53,Female,Y,530,"East Kilbride (north: The Village, East Mains, West Mains, Lymekilns, St Leonards, Calderwood, Nerston, Stewartfield, Peel Park)","South Lanarkshire",G74,Glasgow
loan,55.83931476056402,-4.110916295873236,1664901335,1822,1985,37,Male,N,603,"Carntyne, Glasgow",Glasgow,"Glasgow Northeast",Glasgow
loan,55.576068496830466,-5.543063667675444,1664901346,1887,1993,29,Female,Y,1246,Campbeltown,"Argyll and Bute",PA28,"Argyll and Bute"
loan,58.46961164279648,-3.631414932623067,1664901355,1884,1983,39,Male,Y,961,Thurso,Highland,KW14,"Highlands (Inverness)"
loan,55.77388026584184,-4.247952424207662,1664901582,1888,1969,53,Female,Y,530,"East Kilbride (north: The Village, East Mains, West Mains, Lymekilns, St Leonards, Calderwood, Nerston, Stewartfield, Peel Park)","South Lanarkshire",G74,Glasgow
loan,55.868934095448694,-3.1231340199349162,1664901640,1894,1965,57,Female,Y,328,Bonnyrigg,Midlothian,EH19,"Lothian (Edinburgh)"
loan,55.62733645140011,-4.230843967842073,1664901822,1811,1971,51,Female,Y,796,Darvel,"East Ayrshire",KA17,Ayrshire
loan,57.5727552261904,-3.1142686444593064,1664901868,1904,1977,45,Male,Y,739,Fochabers,Moray,IV32,"North East (Aberdeen)"
loan,57.61267283034199,-4.45262718702403,1664902116,1912,1973,49,Male,Y,705,Dingwall,Highland,IV15,"Highlands (Inverness)"
loan,56.05806752864584,-3.689627966674759,1664902335,1908,1996,26,Male,Y,391,Alloa,Clackmannanshire,FK10,"Stirling and Falkirk"
loan,55.89765700642891,-4.300265982545599,1664902461,1921,1980,42,Male,Y,598,Rutherglen,"South Lanarkshire","Glasgow Northeast",Glasgow
loan,57.36281783614982,-6.167016823674258,1664902471,1926,1980,42,Male,Y,763,Portree,Highland,IV51,"Highlands (Inverness)"
loan,57.19485403438661,-4.396900674069447,1664902482,1915,1992,30,Male,Y,714,"Inverness (east: Culcabock, Crown, Culduthel, Drummond, Haugh, Hilton, Holm, Lochardil, Millburn, Raigmore)",Highland,IV2,"Highlands (Inverness)"
loan,55.953801095251116,-2.916687116743846,1664902524,1923,1993,29,Female,Y,349,Tranent,"East Lothian",EH33,"Lothian (Edinburgh)"
loan,56.246933144156586,-2.6794692757853533,1664902537,1927,1983,39,Female,Y,1086,Anstruther,Fife,KY10,Fife
loan,55.83341033949094,-3.958144655449849,1664902602,1311,1967,55,Female,N,1151,Motherwell,"North Lanarkshire",ML1,Glasgow
loan,56.45118545121612,-3.667062689719429,1664902676,1873,2000,22,Female,Y,1313,"Perth (north and west: Burghmuir, Cherrybank, Hillyland, Inveralmond, Lethom, Muirton, North Muirton, Tulloch)","Perth and Kinross",PH1,Fife
loan,55.8518071162777,-4.219198134184306,1664902772,1928,1980,42,Female,Y,615,"Bridgeton, Glasgow",Glasgow,"Glasgow Northeast",Glasgow
loan,55.80212657636041,-4.059475096131523,1664902981,1932,1975,47,Female,Y,525,Uddingston,"South Lanarkshire",G71,Glasgow
loan,57.606430784538134,-1.994471201229561,1664903067,1935,1990,32,Male,Y,57,Fraserburgh,Aberdeenshire,AB43,"North East (Aberdeen)"
loan,57.19475256196491,-2.4568749935851315,1664903153,1917,1993,29,Female,Y,67,Oldmeldrum,Aberdeenshire,AB51,"North East (Aberdeen)"
loan,56.32067847377956,-5.482386444601816,1664903156,1938,1990,32,Female,N,1257,Oban,"Argyll and Bute",PA34,"Argyll and Bute"
loan,55.484134976938805,-4.620867151367808,1664903217,1940,1950,72,Female,Y,868,"Newton on Ayr","South Ayrshire",KA8,Ayrshire
loan,58.534712500641106,-3.5655695922895796,1664903382,1939,1979,43,Male,Y,961,Thurso,Highland,KW14,"Highlands (Inverness)"
loan,56.46034679044705,-3.0218860429053245,1664903421,1941,1957,65,Female,N,260,"City centre, Dundee",Dundee,"Dundee West","Tayside and Angus (Dundee)"
loan,58.615314959052725,-3.581368617760806,1664903625,1939,1979,43,Male,Y,961,Thurso,Highland,KW14,"Highlands (Inverness)"
loan,57.51666440015234,-1.9378576259696607,1664903807,1949,1984,38,Male,N,54,Peterhead,Aberdeenshire,AB42,"North East (Aberdeen)"
loan,55.96232184897772,-3.1459954482667354,1664903814,1950,1959,63,Female,Y,285,"Leith, Edinburgh",Edinburgh,"Edinburgh Leith","Lothian (Edinburgh)"
loan,55.886748336884615,-3.5176000162494185,1664903881,1952,2000,22,Other,Y,375,Livingston,"West Lothian",EH54,"Lothian (Edinburgh)"
loan,55.70882175515674,-3.916425736736548,1664903928,1956,1994,28,Female,Y,1217,Larkhall,"North Lanarkshire",ML9,Glasgow
loan,56.55707426370282,-2.736018166137197,1664903934,1954,1999,23,Male,Y,141,Arbroath,Angus,DD11,"Tayside and Angus (Dundee)"
loan,55.9346724207713,-4.873824378758114,1664903992,1958,1966,56,Female,Y,1235,Gourock,Inverclyde,PA19,Glasgow
loan,55.63847381377463,-4.611817624203077,1664904126,1961,1987,35,Female,Y,785,"Irvine (east, south: Perceton, Lawthorn, Girdle Toll, Stanecastle, Bourtreehill, Broomlands, Dreghorn, Springside)","North Ayrshire",KA11,Ayrshire
loan,55.93535987005221,-3.2598174268952964,1664904365,1962,1966,56,Female,Y,262,"Wester Hailes, Edinburgh",Edinburgh,"Edinburgh Central","Lothian (Edinburgh)"
loan,57.43135735437139,-4.3952537434436225,1664904799,1970,1956,66,Male,N,736,"Inverness (west: Ballifeary, Balnafettack, Clachnaharry, Dalneigh, Kinmylies, Leachkin, Merkinch, Muirtown, South Kessock)",Highland,IV3,"Highlands (Inverness)"
loan,55.72181625618911,-3.972488112683349,1664905006,1978,1964,58,Female,Y,1217,Larkhall,"North Lanarkshire",ML9,Glasgow
loan,59.086520291262296,-3.042470106873527,1664905171,1979,1961,61,Female,Y,1025,"Orkney Islands",Orkney,KW17,"Orkney Islands"
loan,56.83234938428178,-2.893840709364948,1664905338,1982,1996,26,Female,N,182,Brechin,Angus,DD9,"Tayside and Angus (Dundee)"
loan,55.55716365336964,-4.6258785618237575,1664905359,1983,1970,52,Female,Y,784,Troon,"South Ayrshire",KA10,Ayrshire
loan,55.92082537915347,-4.700812567616734,1664905368,1910,1957,65,Male,Y,1227,Kilmacolm,Inverclyde,PA13,Glasgow
loan,59.255445778636286,-2.863788431607646,1664905410,1976,1968,54,Female,Y,1025,"Orkney Islands",Orkney,KW17,"Orkney Islands"
loan,56.05905340147767,-3.765029267104861,1664905428,1986,2001,21,Other,Y,420,Carron,Falkirk,FK2,"Stirling and Falkirk"
loan,55.63410946394813,-4.628608298459177,1664905481,1987,1981,41,Female,Y,785,"Irvine (east, south: Perceton, Lawthorn, Girdle Toll, Stanecastle, Bourtreehill, Broomlands, Dreghorn, Springside)","North Ayrshire",KA11,Ayrshire
loan,55.95186741646919,-3.1705625473304626,1664905610,1991,1977,45,Female,N,267,"Sighthill, Edinburgh",Edinburgh,"Edinburgh Central","Lothian (Edinburgh)"
loan,57.3804473773382,-4.188686118153265,1664905691,1946,1973,49,Male,Y,714,"Inverness (east: Culcabock, Crown, Culduthel, Drummond, Haugh, Hilton, Holm, Lochardil, Millburn, Raigmore)",Highland,IV2,"Highlands (Inverness)"
loan,56.99378384448597,-2.28561083662937,1664905789,2004,1990,32,Female,Y,48,Stonehaven,Aberdeenshire,AB39,"North East (Aberdeen)"
loan,56.88967571357469,-2.343767861759666,1664905825,1988,1959,63,Male,Y,18,Laurencekirk,Aberdeenshire,AB30,"North East (Aberdeen)"
loan,55.86831669143532,-3.0982581931210675,1664905906,1997,1973,49,Female,Y,328,Bonnyrigg,Midlothian,EH19,"Lothian (Edinburgh)"
loan,55.97230401387311,-4.262454439179522,1664905957,1999,1991,31,Female,Y,510,"Milton of Campsie","East Dunbartonshire",G66,Glasgow
loan,56.03657336916472,-3.8572053634140677,1664906164,2009,1994,28,Male,Y,449,Larbert,Falkirk,FK5,"Stirling and Falkirk"
loan,56.47605072492905,-2.7462520017748484,1664906273,2003,1980,42,Female,Y,178,Carnoustie,Angus,DD7,"Tayside and Angus (Dundee)"
loan,57.125678677448384,-2.2951678046580515,1664906549,1998,1991,31,Male,Y,134,"Cults, Aberdeen",Aberdeen,"Aberdeen Southwest","North East (Aberdeen)"
loan,60.27688301090442,-1.2847715795440622,1664906676,1320,1988,34,Female,Y,1512,Brae,"Shetland Isles",ZE2,"Shetland Islands"
loan,55.61416871706095,-4.654668480579698,1664906700,2020,1986,36,Female,Y,787,"Irvine (centre: Castlepark, Tarryholme)","North Ayrshire",KA12,Ayrshire
loan,55.78215389472513,-4.367056784587242,1664906761,2025,1968,54,Female,Y,539,"Newton Mearns","East Renfrewshire",G77,Glasgow
loan,55.89643739263103,-3.3460089299793436,1664906896,2012,1969,53,Male,Y,313,"Colinton, Edinburgh",Edinburgh,"Edinburgh South","Lothian (Edinburgh)"
loan,56.03209765216148,-3.4160001133848117,1664907113,2019,1979,43,Female,Y,1091,Inverkeithing,Fife,KY11,Fife
loan,55.8049726980644,-2.9250097938943345,1664907149,1994,1980,42,Male,Y,353,Pathhead,Midlothian,EH37,"Lothian (Edinburgh)"
loan,55.76685009003628,-4.259860081711259,1664907337,2030,1958,64,Female,N,530,"East Kilbride (north: The Village, East Mains, West Mains, Lymekilns, St Leonards, Calderwood, Nerston, Stewartfield, Peel Park)","South Lanarkshire",G74,Glasgow
loan,57.84788181875687,-5.267843645728732,1664907537,2028,1955,67,Female,N,721,Garve,Highland,IV23,"Highlands (Inverness)"
loan,55.78542671393269,-4.363299836855371,1664907538,2042,1994,28,Male,Y,539,"Newton Mearns","East Renfrewshire",G77,Glasgow
loan,55.66943379814536,-4.792339994639975,1664907627,2037,1985,37,Female,Y,813,Ardrossan,"North Ayrshire",KA22,Ayrshire
loan,55.75362718350574,-4.251034179425533,1664907697,2030,1958,64,Female,N,530,"East Kilbride (north: The Village, East Mains, West Mains, Lymekilns, St Leonards, Calderwood, Nerston, Stewartfield, Peel Park)","South Lanarkshire",G74,Glasgow
loan,55.999854616174865,-2.798525969404483,1664907905,2048,1993,29,Male,Y,355,"North Berwick","East Lothian",EH39,"Lothian (Edinburgh)"
loan,55.8511845465066,-3.4855175530395366,1664907975,2051,1976,46,Female,Y,373,"Mid Calder","West Lothian",EH53,"Lothian (Edinburgh)"
loan,55.845922532837676,-3.300727355499579,1664908010,2049,1993,29,Female,Y,343,Penicuik,Midlothian,EH26,"Lothian (Edinburgh)"
loan,55.62710522780373,-4.482039100020804,1664908016,2043,1992,30,Female,Y,835,Fenwick,"East Ayrshire",KA3,Ayrshire
loan,55.59787048932798,-4.543658115769672,1664908022,2053,1977,45,Female,Y,808,Crosshouse,"East Ayrshire",KA2,Ayrshire
loan,55.88455011651565,-4.080004838972131,1664908430,2060,1972,50,Female,Y,522,Chryston,"North Lanarkshire",G69,Glasgow
loan,56.331188636888086,-5.439183076651428,1664908683,2063,1968,54,Female,Y,1257,Oban,"Argyll and Bute",PA34,"Argyll and Bute"
loan,55.74238131056238,-4.041820171048564,1664908805,90,1947,75,Female,Y,1183,Hamilton,"South Lanarkshire",ML3,Glasgow
loan,55.72558394769058,-4.214158225991871,1664908923,2080,1967,55,Male,Y,534,"East Kilbride (south: Hairmyres, Westwood, The Murray, Murray East, Whitehills, Greenhill, Newlandsmuir, Gardenhall, Crosshouse, Newlands, Lindsayfield, Mossneuk)","South Lanarkshire",G75,Glasgow
loan,55.3820828928991,-2.373055149675848,1664909111,2066,1996,26,Female,Y,1486,Jedburgh,"Scottish Borders",TD8,Borders
loan,57.69945465753372,-3.2247695304724804,1664909248,2072,1998,24,Female,Y,737,Elgin,Moray,IV30,"North East (Aberdeen)"
loan,55.81062275141481,-4.27038019524165,1664909400,1037,1973,49,Female,Y,651,"Cathcart, Glasgow",Glasgow,"Glasgow South",Glasgow
loan,57.348761697354824,-2.3681723667249193,1664909401,2077,1973,49,Female,Y,67,Oldmeldrum,Aberdeenshire,AB51,"North East (Aberdeen)"
loan,55.93794747919815,-4.161987061601388,1664909404,2084,1993,29,Female,Y,507,Kirkintilloch,"East Dunbartonshire",G66,Glasgow
loan,55.874856605954996,-4.407783792190724,1664909570,2086,1969,53,Male,Y,1264,Renfrew,Renfrewshire,PA4,Glasgow
loan,57.65449001921017,-3.3522612720715146,1664910088,2098,1989,33,Female,Y,737,Elgin,Moray,IV30,"North East (Aberdeen)"
loan,56.47893439401783,-3.0321278493393797,1664910112,2102,1973,49,Female,N,238,"Menzieshill, Dundee",Dundee,"Dundee Central","Tayside and Angus (Dundee)"
loan,56.63097345755067,-2.9059904491266604,1664910147,2103,1996,26,Female,Y,181,Kirriemuir,Angus,DD8,"Tayside and Angus (Dundee)"
loan,55.919814680532994,-3.1774940409135715,1664910397,2109,1972,50,Female,Y,312,"Juniper Green, Edinburgh",Edinburgh,"Edinburgh South","Lothian (Edinburgh)"
loan,57.179318110401894,-2.1292231474139127,1664910458,2101,1992,30,Female,Y,109,"Hazelhead, Aberdeen",Aberdeen,"Aberdeen North","North East (Aberdeen)"
loan,55.698155911036416,-4.862341582284599,1664910572,2113,1975,47,Female,Y,814,"West Kilbride","North Ayrshire",KA23,Ayrshire
loan,55.74650670183269,-4.032825943716379,1664910619,2108,1956,66,Female,N,1183,Hamilton,"South Lanarkshire",ML3,Glasgow
loan,55.8545462978781,-4.56783979536879,1664910935,2123,1992,30,Male,N,1224,"Bridge of Weir",Renfrewshire,PA11,Glasgow
loan,58.08680333749082,-3.933141678427408,1664911158,2127,1955,67,Female,Y,1071,Brora,Highland,KW9,"Highlands (Inverness)"
loan,55.8312635608076,-4.246154702586084,1664911301,2129,1962,60,Male,Y,663,"Mount Florida, Glasgow",Glasgow,"Glasgow Southwest",Glasgow
loan,56.78088961068858,-2.9127981194247288,1664911715,2133,1986,36,Male,Y,181,Kirriemuir,Angus,DD8,"Tayside and Angus (Dundee)"
loan,56.39047062565117,-3.55666151691873,1664911727,2034,1980,42,Female,Y,1313,"Perth (north and west: Burghmuir, Cherrybank, Hillyland, Inveralmond, Lethom, Muirton, North Muirton, Tulloch)","Perth and Kinross",PH1,Fife
loan,55.709048453407966,-4.068555961324883,1664911980,2143,1969,53,Male,Y,1160,Strathaven,"North Lanarkshire",ML10,Glasgow
loan,55.72821788441563,-4.050526465599106,1664912203,2150,1980,42,Male,N,1183,Hamilton,"South Lanarkshire",ML3,Glasgow
loan,56.05175046098026,-4.13476957838157,1664912222,1857,1991,31,Female,Y,493,Balmaha,Stirlingshire,G63,"Stirling and Falkirk"
loan,56.857733696079634,-2.311605804661578,1664912447,2155,1985,37,Female,Y,140,Montrose,Angus,DD10,"Tayside and Angus (Dundee)"
loan,55.72757407279906,-4.032334976842847,1664912793,2152,2000,22,Female,Y,1183,Hamilton,"South Lanarkshire",ML3,Glasgow
loan,57.31021649755077,-5.1617729179156235,1664912794,2162,1980,42,Female,Y,746,"Kyle of Lochalsh",Highland,IV40,"Highlands (Inverness)"
loan,56.47907996107719,-2.7523208162454083,1664912820,2166,1963,59,Female,Y,178,Carnoustie,Angus,DD7,"Tayside and Angus (Dundee)"
loan,56.534039105226356,-4.978865583458788,1664913000,2167,1965,57,Female,Y,1258,Taynuilt,"Argyll and Bute",PA35,"Argyll and Bute"
loan,56.07477496170199,-3.376532407566107,1664913033,2158,1992,30,Female,Y,1088,Charlestown,Fife,KY11,Fife
loan,57.12557143136131,-2.3426800794665565,1664913141,2174,1999,23,Female,Y,130,"Ferryhill, Aberdeen",Aberdeen,"Aberdeen Southwest","North East (Aberdeen)"
loan,55.81139107287298,-3.951605516776501,1664913193,2096,1969,53,Female,Y,1151,Motherwell,"North Lanarkshire",ML1,Glasgow
loan,55.83297067527848,-4.147792881851301,1664913257,2178,1955,67,Female,N,631,"Royston, Glasgow",Glasgow,"Glasgow Northeast",Glasgow
loan,56.67674964844311,-3.294234061187848,1664913262,2176,1981,41,Male,Y,1321,Alyth,"Perth and Kinross",PH11,Fife
loan,55.77872056063444,-4.152630832878023,1664913377,2170,2002,20,Male,Y,530,"East Kilbride (north: The Village, East Mains, West Mains, Lymekilns, St Leonards, Calderwood, Nerston, Stewartfield, Peel Park)","South Lanarkshire",G74,Glasgow
loan,57.446973833513184,-4.3149670583158946,1664913463,2177,1991,31,Male,Y,736,"Inverness (west: Ballifeary, Balnafettack, Clachnaharry, Dalneigh, Kinmylies, Leachkin, Merkinch, Muirtown, South Kessock)",Highland,IV3,"Highlands (Inverness)"
loan,56.051199880598794,-5.113892635397863,1664913513,2172,1951,71,Male,Y,1241,Dunoon,"Argyll and Bute",PA23,"Argyll and Bute"
loan,56.057422488688516,-4.974704352760563,1664913741,2172,1951,71,Male,Y,1241,Dunoon,"Argyll and Bute",PA23,"Argyll and Bute"
loan,55.7630977033055,-4.215645908928357,1664913793,2179,1974,48,Female,Y,530,"East Kilbride (north: The Village, East Mains, West Mains, Lymekilns, St Leonards, Calderwood, Nerston, Stewartfield, Peel Park)","South Lanarkshire",G74,Glasgow
loan,55.85126876192758,-4.007019720123944,1664913860,2187,1985,37,Female,Y,1189,Coatbridge,"North Lanarkshire",ML5,Glasgow
loan,55.731758786076846,-4.161231230308878,1664913866,2192,1994,28,Male,Y,534,"East Kilbride (south: Hairmyres, Westwood, The Murray, Murray East, Whitehills, Greenhill, Newlandsmuir, Gardenhall, Crosshouse, Newlands, Lindsayfield, Mossneuk)","South Lanarkshire",G75,Glasgow
loan,55.79136236203212,-3.9690022342790527,1664913911,2171,1995,27,Female,Y,1151,Motherwell,"North Lanarkshire",ML1,Glasgow
loan,57.954466441394835,-4.519306318405078,1664913987,2189,2003,19,Male,N,723,"Bonar Bridge",Highland,IV24,"Highlands (Inverness)"
loan,56.4729867428045,-3.0258843684290264,1664913996,2190,2005,17,Male,N,238,"Menzieshill, Dundee",Dundee,"Dundee Central","Tayside and Angus (Dundee)"
loan,56.4828068983771,-3.0081371785633584,1664914059,2191,1964,58,Male,N,245,"Law, Dundee",Dundee,"Dundee Central","Tayside and Angus (Dundee)"
loan,55.864301206931515,-4.779842712949,1664914146,2195,1966,56,Male,Y,842,Largs,"North Ayrshire",KA30,Ayrshire
loan,55.83882591727123,-4.063115720625434,1664914283,2211,1976,46,Female,Y,525,Uddingston,"South Lanarkshire",G71,Glasgow
loan,55.823015940869254,-4.06193040955734,1664914293,2185,2003,19,Other,Y,526,Viewpark,"North Lanarkshire",G71,Glasgow
loan,56.24943501034259,-2.9450396283710862,1664914315,2209,1994,28,Male,Y,1140,Leven,Fife,KY8,Fife
loan,59.21453289439993,-2.776531803917215,1664914337,2197,1974,48,Female,Y,1025,"Orkney Islands",Orkney,KW17,"Orkney Islands"
loan,56.47507379206939,-3.004205675572365,1664914411,2205,1983,39,Male,Y,236,"Lochee, Dundee",Dundee,"Dundee Central","Tayside and Angus (Dundee)"
loan,55.9746350315943,-3.197758781413363,1664914417,2203,2003,19,Female,Y,288,"Murrayfield, Edinburgh",Edinburgh,"Edinburgh North","Lothian (Edinburgh)"
loan,55.829053454820794,-4.298653763818208,1664914436,2206,1990,32,Male,Y,653,"Netherlee, Glasgow",Glasgow,"Glasgow South",Glasgow
loan,55.881508553183366,-3.3021223559191606,1664914671,2217,1980,42,Female,N,319,"Blackford, Edinburgh",Edinburgh,"Edinburgh South","Lothian (Edinburgh)"
loan,56.241774254471196,-2.792648643265699,1664915084,2222,1992,30,Female,Y,1086,Anstruther,Fife,KY10,Fife
loan,57.147048073549435,-4.504702429415683,1664915294,2225,1993,29,Male,Y,714,"Inverness (east: Culcabock, Crown, Culduthel, Drummond, Haugh, Hilton, Holm, Lochardil, Millburn, Raigmore)",Highland,IV2,"Highlands (Inverness)"
loan,55.81284111719056,-3.8479971864357485,1664915385,2224,1989,33,Female,Y,1151,Motherwell,"North Lanarkshire",ML1,Glasgow
loan,55.84892506850047,-4.065972224347873,1664915485,2231,1984,38,Male,Y,602,"Baillieston, Glasgow",Glasgow,"Glasgow Northeast",Glasgow
loan,56.90349872463816,-3.2137461091575297,1664915526,1572,1952,70,Female,Y,181,Kirriemuir,Angus,DD8,"Tayside and Angus (Dundee)"
loan,56.75325732420482,-5.605466260267028,1664915608,2221,1995,27,Male,Y,1383,Glenfinnan,Highland,PH37,"Highlands (Inverness)"
loan,56.25402819475787,-2.8179057616853953,1664915621,2220,1994,28,Female,Y,1145,Kilconquhar,Fife,KY9,Fife
loan,55.0126060423245,-3.4249052515220004,1664915735,2236,1969,53,Female,Y,186,"Dumfries (centre and east: Dalscone, Georgetown, Heathhall, Kingholm Quay, Noblehill, The Crichton)","Dumfries and Galloway",DG1,"Dumfries and Galloway"
loan,55.45129347635041,-4.643577869689986,1664915789,2237,1962,60,Female,Y,856,"Ayr (Centre)","South Ayrshire",KA7,Ayrshire
loan,55.87584831213684,-4.338026491421605,1664916841,2255,1951,71,Female,Y,641,"Knightswood, Glasgow",Glasgow,"Glasgow Northwest",Glasgow
loan,56.18341395779205,-3.5140127419259746,1664916930,1469,1996,26,Female,Y,1098,Kinross,"Perth and Kinross",KY13,Fife
loan,56.48121346896994,-2.9335157784415307,1664917055,2259,1983,39,Female,Y,255,"Fintry, Dundee",Dundee,"Dundee North","Tayside and Angus (Dundee)"
loan,55.83539258109053,-4.423006983372466,1664917255,2258,1956,66,Male,Y,1236,"Paisley (south: Blackhall, Castlehead, Dykebar, Foxbar, Hunterhill, Meikleriggs)",Renfrewshire,PA2,Glasgow
loan,55.86365718073369,-4.417341294979526,1664917263,2263,1973,49,Female,Y,1249,"Paisley (north west: Ferguslie Park, Gallowhill, Gockston, Shortroods, )",Renfrewshire,PA3,Glasgow
loan,58.58068222949759,-3.4477967669567433,1664917343,2252,1955,67,Female,Y,924,Achina,Highland,KW14,"Highlands (Inverness)"
loan,58.44607558598755,-4.309051920402006,1664917573,2252,1955,67,Female,Y,924,Achina,Highland,KW14,"Highlands (Inverness)"
loan,55.9334453041698,-5.0365838366519915,1664917608,2272,1984,38,Male,N,1241,Dunoon,"Argyll and Bute",PA23,"Argyll and Bute"
loan,55.03910064809348,-3.4028258173642407,1664917714,2269,1993,29,Female,N,195,Kirtlebridge,"Dumfries and Galloway",DG11,"Dumfries and Galloway"
loan,55.91655560633273,-4.748614662183569,1664917873,2262,1955,67,Female,Y,1231,"Greenock (west: Bow Farm, Braeside, Branchton, Fort Matilda, Gateside, Greenock West, Overton, Pennyfern, Smithston)",Inverclyde,PA16,Glasgow
loan,57.70836378458636,-6.999986869128977,1664917897,2286,1994,28,Male,Y,692,"Leverburgh, Isle of Harris","Western Isles",HS5,"Western Isles"
loan,56.8302503053212,-2.727155830421662,1664918016,2279,1996,26,Female,Y,182,Brechin,Angus,DD9,"Tayside and Angus (Dundee)"
loan,55.94941567133893,-3.184364772020352,1664918088,2276,2001,21,Male,Y,262,"Wester Hailes, Edinburgh",Edinburgh,"Edinburgh Central","Lothian (Edinburgh)"
loan,55.75648455095041,-4.120492661331976,1664918142,2273,2004,18,Male,Y,530,"East Kilbride (north: The Village, East Mains, West Mains, Lymekilns, St Leonards, Calderwood, Nerston, Stewartfield, Peel Park)","South Lanarkshire",G74,Glasgow
loan,56.19704441426347,-3.0304814168409266,1664918148,2275,1974,48,Female,Y,1140,Leven,Fife,KY8,Fife
loan,55.814615607012875,-4.252783563400796,1664918292,2288,1988,34,Male,Y,658,"Giffnock, Glasgow",Glasgow,"Glasgow South",Glasgow
loan,55.92787252783539,-3.7845105126382395,1664918574,2081,1983,39,Male,Y,377,"Falkirk (centre and south: Arnothill, Bantaskin, Callendar Park, Glen Village, Hallglen, Lionthorn, Tamfourhill, Woodlands)",Falkirk,FK1,"Stirling and Falkirk"
loan,54.98702777761973,-3.5297100781380704,1664918617,2296,1985,37,Male,Y,186,"Dumfries (centre and east: Dalscone, Georgetown, Heathhall, Kingholm Quay, Noblehill, The Crichton)","Dumfries and Galloway",DG1,"Dumfries and Galloway"
loan,57.17227994761849,-4.347655285320384,1664918744,2299,1987,35,Male,Y,713,Culloden,Highland,IV2,"Highlands (Inverness)"
loan,55.965847874169384,-3.2589601167974376,1664918927,2307,1982,40,Female,Y,279,"Clermiston and Drumbrae, Edinburgh",Edinburgh,"Edinburgh Clermiston Granton","Lothian (Edinburgh)"
loan,55.83763022908019,-4.352565225616311,1664919007,2314,1967,55,Male,Y,683,"Priesthill, Glasgow",Glasgow,"Glasgow Southwest",Glasgow
loan,55.86508425248023,-4.324535783286186,1664919166,2319,1978,44,Female,N,672,"Govan, Glasgow",Glasgow,"Glasgow Southwest",Glasgow
loan,56.027803587105296,-3.6812203845301164,1664919272,2312,1975,47,Female,Y,439,Grangemouth,Falkirk,FK3,"Stirling and Falkirk"
loan,55.81945601506516,-4.53541244420215,1664919374,2311,1969,53,Female,Y,1276,Johnstone,Renfrewshire,PA5,Glasgow
loan,57.12913943720628,-4.653663759243589,1664919592,2325,1972,50,Male,Y,1376,"Fort Augustus",Highland,PH32,"Highlands (Inverness)"
loan,56.94993265841145,-2.713073009838222,1664919671,2327,1988,34,Male,Y,22,Banchory,Aberdeenshire,AB31,"North East (Aberdeen)"
loan,55.63833152475877,-4.68129513967553,1664920098,1689,2002,20,Female,Y,787,"Irvine (centre: Castlepark, Tarryholme)","North Ayrshire",KA12,Ayrshire
loan,55.30678644745707,-5.7377463390113,1664920364,2348,1997,25,Female,Y,1246,Campbeltown,"Argyll and Bute",PA28,"Argyll and Bute"
loan,55.42633135300452,-4.670038111226204,1664920511,2346,1962,60,Female,Y,856,"Ayr (Centre)","South Ayrshire",KA7,Ayrshire
loan,55.572817128058155,-4.359472405017075,1664920568,2351,1979,43,Female,Y,844,Moscow,"East Ayrshire",KA4,Ayrshire
loan,55.761124037837085,-5.0642430533406415,1664920626,2350,1981,41,Female,Y,1237,"Isle of Bute","Argyll and Bute",PA20,"Argyll and Bute"
loan,55.86617727138985,-4.343080895884839,1664920627,2338,1978,44,Male,N,681,"Nitshill, Glasgow",Glasgow,"Glasgow Southwest",Glasgow
loan,55.944609660447874,-4.191553249151461,1664920651,1913,1977,45,Female,Y,502,Bishopbriggs,"East Dunbartonshire",G64,Glasgow
loan,55.89344130424024,-4.2886401146191915,1664920805,2341,1953,69,Female,Y,623,"Shettleston, Glasgow",Glasgow,"Glasgow Northeast",Glasgow
loan,55.79133234628584,-4.492177806900104,1664920812,2362,1998,24,Male,Y,540,Barrhead,"East Renfrewshire",G78,Glasgow
loan,56.48201256361106,-2.971713100157816,1664920896,2358,1965,57,Female,N,250,"Downfield, Dundee",Dundee,"Dundee North","Tayside and Angus (Dundee)"
loan,55.96887072779794,-4.447230458245545,1664920952,2291,1953,69,Female,Y,546,Clydebank,"West Dunbartonshire",G81,Glasgow
loan,55.95711014738494,-4.200541913046446,1664921188,2301,2006,16,Female,School,509,Lenzie,"East Dunbartonshire",G66,Glasgow
loan,55.766380070636046,-3.9976711390732227,1664921251,2367,1993,29,Female,Y,1183,Hamilton,"South Lanarkshire",ML3,Glasgow
loan,55.940639445968564,-4.760266361789979,1664921302,2369,2000,22,Other,Y,1230,"Greenock (central and east: Bogston, Bridgend, Cartsdyke, Gibshill, Greenock Central, Ladyburn, Upper Ingleston)",Inverclyde,PA15,Glasgow
loan,55.735016634228444,-4.176175018903564,1664921306,2370,2003,19,Other,N,534,"East Kilbride (south: Hairmyres, Westwood, The Murray, Murray East, Whitehills, Greenhill, Newlandsmuir, Gardenhall, Crosshouse, Newlands, Lindsayfield, Mossneuk)","South Lanarkshire",G75,Glasgow
loan,55.943372377669114,-4.727970620522698,1664921542,2366,1982,40,Male,Y,1230,"Greenock (central and east: Bogston, Bridgend, Cartsdyke, Gibshill, Greenock Central, Ladyburn, Upper Ingleston)",Inverclyde,PA15,Glasgow
loan,55.86524576749333,-4.270146010711407,1664921707,2374,1949,73,Female,Y,577,"City centre, Glasgow",Glasgow,"Glasgow City Centre",Glasgow
loan,55.87467727963939,-3.3163111726719574,1664921942,2377,1993,29,Male,Y,317,"Marchmont, Edinburgh",Edinburgh,"Edinburgh South","Lothian (Edinburgh)"
loan,56.73158745777749,-2.650341008525922,1664922648,2383,2000,22,Female,N,182,Brechin,Angus,DD9,"Tayside and Angus (Dundee)"
loan,57.58660315696833,-3.3087128579948426,1664923012,2384,1973,49,Female,Y,737,Elgin,Moray,IV30,"North East (Aberdeen)"
loan,58.1154561402493,-3.9692614643918525,1664923033,2388,1968,54,Male,Y,1071,Brora,Highland,KW9,"Highlands (Inverness)"
loan,55.98891932213859,-3.4767365070101577,1664924141,2397,2000,22,Male,N,306,"Queensferry, Edinburgh",Edinburgh,"Edinburgh Queensferry","Lothian (Edinburgh)"
loan,59.276098618198155,-2.489675701656843,1664924157,2398,1987,35,Female,Y,1025,"Orkney Islands",Orkney,KW17,"Orkney Islands"
loan,56.47777382306732,-3.0133538229994232,1664924453,2403,1990,32,Female,N,243,"Hilltown, Dundee",Dundee,"Dundee Central","Tayside and Angus (Dundee)"
loan,55.18303206257269,-3.611723947735671,1664925055,2410,1972,50,Female,Y,186,"Dumfries (centre and east: Dalscone, Georgetown, Heathhall, Kingholm Quay, Noblehill, The Crichton)","Dumfries and Galloway",DG1,"Dumfries and Galloway"
loan,55.95143694671506,-3.1610785713420424,1664925221,2408,1992,30,Female,Y,281,"Portobello, Edinburgh",Edinburgh,"Edinburgh Duddingston","Lothian (Edinburgh)"
loan,57.57867372695025,-3.3846370265427725,1664925428,2412,1983,39,Female,Y,737,Elgin,Moray,IV30,"North East (Aberdeen)"
loan,55.52623375124587,-4.54676819119089,1664925815,2413,1987,35,Female,Y,873,Prestwick,"South Ayrshire",KA9,Ayrshire
loan,55.87465197767945,-4.459210057391016,1664925934,2414,1962,60,Female,Y,1264,Renfrew,Renfrewshire,PA4,Glasgow
loan,55.997260622212224,-4.480104513383046,1664927714,2421,1981,41,Female,Y,549,Dumbarton,"West Dunbartonshire",G82,Glasgow
loan,56.0027515799327,-4.244686676582047,1664928137,2423,1961,61,Female,Y,509,Lenzie,"East Dunbartonshire",G66,Glasgow
loan,55.11010632957019,-3.5482852496777624,1664928276,2424,1997,25,Male,Y,186,"Dumfries (centre and east: Dalscone, Georgetown, Heathhall, Kingholm Quay, Noblehill, The Crichton)","Dumfries and Galloway",DG1,"Dumfries and Galloway"
loan,56.48560347505702,-2.892400181347245,1664931196,2427,1947,75,Female,N,254,"Douglas, Dundee",Dundee,"Dundee North","Tayside and Angus (Dundee)"
loan,55.850221378010815,-3.4117582402480333,1664935862,2430,1953,69,Female,Y,313,"Colinton, Edinburgh",Edinburgh,"Edinburgh South","Lothian (Edinburgh)"
loan,56.297455331638005,-3.4643780238272948,1664937955,2434,1992,30,Female,Y,1354,"Perth (south and east: Barnhill, Bridgend, Craigie, Kincarrathie, Upper Craigie)","Perth and Kinross",PH2,Fife
loan,55.88318898852415,-4.133633572318102,1664942486,2439,1961,61,Female,N,627,"Dennistoun, Glasgow",Glasgow,"Glasgow Northeast",Glasgow
loan,58.22515738462311,-6.716228103771097,1664943595,2441,1966,56,Male,Y,688,"Isle of Lewis","Western Isles (outside of Stornoway)",HS2,"Western Isles"
loan,55.90675837454835,-3.227828867951099,1664945782,2446,1983,39,Female,N,305,"Oxgangs, Edinburgh",Edinburgh,"Edinburgh Oxgangs","Lothian (Edinburgh)"
loan,55.88642478888265,-4.393773910841801,1664947031,2452,1960,62,Female,N,1264,Renfrew,Renfrewshire,PA4,Glasgow
loan,56.78672408489498,-3.090443986538602,1664947230,2447,1994,28,Female,Y,181,Kirriemuir,Angus,DD8,"Tayside and Angus (Dundee)"
loan,56.96869487644795,-2.9070671964589274,1664948480,2454,1990,32,Female,Y,182,Brechin,Angus,DD9,"Tayside and Angus (Dundee)"
loan,58.158173425302685,-4.301906884983205,1664949236,2456,1961,61,Female,N,731,Tongue,Highland,IV27,"Highlands (Inverness)"
loan,56.93259250687862,-2.359328403089906,1664949289,2457,1976,46,Female,Y,48,Stonehaven,Aberdeenshire,AB39,"North East (Aberdeen)"
loan,56.90121741263602,-2.2899986145976774,1664949490,2457,1976,46,Female,Y,48,Stonehaven,Aberdeenshire,AB39,"North East (Aberdeen)"
loan,57.688351738254134,-2.9307664437876584,1664949705,2460,1992,30,Female,Y,91,Cullen,Moray,AB56,"North East (Aberdeen)"
loan,55.94502979707646,-3.21362239414079,1664949746,2463,1981,41,Female,Y,287,"Corstorphine, Edinburgh",Edinburgh,"Edinburgh North","Lothian (Edinburgh)"
loan,55.95762953312637,-3.153602888912265,1664950126,2464,1973,49,Female,N,285,"Leith, Edinburgh",Edinburgh,"Edinburgh Leith","Lothian (Edinburgh)"
loan,58.529956206165245,-4.457129582890521,1664950222,2456,1961,61,Female,N,731,Tongue,Highland,IV27,"Highlands (Inverness)"
loan,55.76791038430176,-4.260913117182756,1664950277,2465,1953,69,Female,N,530,"East Kilbride (north: The Village, East Mains, West Mains, Lymekilns, St Leonards, Calderwood, Nerston, Stewartfield, Peel Park)","South Lanarkshire",G74,Glasgow
loan,55.46406426950311,-4.630711601506287,1664951444,2471,1994,28,Female,Y,856,"Ayr (Centre)","South Ayrshire",KA7,Ayrshire
loan,56.50466328025928,-2.792844741837135,1664951529,2468,1956,66,Female,Y,247,"Broughty Ferry, Dundee",Dundee,"Dundee East","Tayside and Angus (Dundee)"
loan,56.48464506096902,-2.9711935486346537,1664953510,2481,1962,60,Male,Y,234,"Baxter Park, Dundee",Dundee,"Dundee Bluebelt","Tayside and Angus (Dundee)"
loan,55.78546854271933,-3.980988444762404,1664953517,2483,1950,72,Male,Y,1151,Motherwell,"North Lanarkshire",ML1,Glasgow
loan,56.92205273837063,-3.0146168193126996,1664954536,2491,1995,27,Female,Y,183,Edzell,Angus,DD9,"Tayside and Angus (Dundee)"
loan,55.96664669498714,-3.195405892947424,1664954596,2489,1972,50,Male,Y,299,"Broughton, Edinburgh",Edinburgh,"Edinburgh North","Lothian (Edinburgh)"
loan,56.41501735049254,-3.308046803996846,1664954870,2494,1995,27,Male,N,1354,"Perth (south and east: Barnhill, Bridgend, Craigie, Kincarrathie, Upper Craigie)","Perth and Kinross",PH2,Fife
loan,55.86061103633671,-4.240196967933644,1664955604,2498,1954,68,Female,Y,577,"City centre, Glasgow",Glasgow,"Glasgow City Centre",Glasgow
loan,55.75970503800472,-4.144094327194293,1664956199,2502,1977,45,Female,Y,530,"East Kilbride (north: The Village, East Mains, West Mains, Lymekilns, St Leonards, Calderwood, Nerston, Stewartfield, Peel Park)","South Lanarkshire",G74,Glasgow
loan,55.84638895722038,-4.010851922097943,1664956517,2504,1982,40,Male,Y,1189,Coatbridge,"North Lanarkshire",ML5,Glasgow
loan,54.714384001227884,-4.934612581346258,1664956606,2508,1990,32,Female,Y,231,Stranraer,"Dumfries and Galloway",DG9,"Dumfries and Galloway"
loan,55.8340274728889,-4.319253236496902,1664956773,2509,1980,42,Female,Y,653,"Netherlee, Glasgow",Glasgow,"Glasgow South",Glasgow
loan,55.939490166111696,-3.93428863323411,1664956930,2505,1970,52,Female,Y,514,"Cumbernauld (south: Condorrat, Lenziemill, Carbrain, Kildrum, Cumbernauld Village, Abronhill, Seafar)","North Lanarkshire",G67,Glasgow
loan,56.54110348951785,-3.3708339178185995,1664956943,2506,1989,33,Male,N,1354,"Perth (south and east: Barnhill, Bridgend, Craigie, Kincarrathie, Upper Craigie)","Perth and Kinross",PH2,Fife
loan,56.21712459336288,-3.216570170587554,1664957089,2511,1978,44,Female,Y,1129,"Glenrothes (west: Caskieberran, Rimbleton, Macedonia, Tanshall)",Fife,KY6,Fife
loan,56.431669573753965,-3.23570296222674,1664957107,2506,1989,33,Male,N,1354,"Perth (south and east: Barnhill, Bridgend, Craigie, Kincarrathie, Upper Craigie)","Perth and Kinross",PH2,Fife
loan,57.13210531760771,-2.0992733504290557,1664957604,2516,1993,29,Male,Y,132,"Peterculter, Aberdeen",Aberdeen,"Aberdeen Southwest","North East (Aberdeen)"
loan,56.09051770017724,-3.415887366195983,1664957804,2514,1998,24,Male,Y,1095,Culross,Fife,KY12,Fife
loan,57.19239292267956,-2.3786737334332333,1664957998,2513,1992,30,Female,Y,28,Westhill,Aberdeenshire,AB32,"North East (Aberdeen)"
loan,55.99630407338229,-5.4559236283357295,1664958072,2521,1980,42,Female,Y,1250,Ardrishaig,"Argyll and Bute",PA30,"Argyll and Bute"
loan,56.477927415260325,-2.9995332873583904,1664958105,2520,1964,58,Female,Y,237,"Blackness, Dundee",Dundee,"Dundee Central","Tayside and Angus (Dundee)"
loan,56.163168473062186,-5.428364493370479,1664958146,2522,1983,39,Female,Y,1254,Lochgilphead,"Argyll and Bute",PA31,"Argyll and Bute"
loan,55.92626980943057,-4.366269287265169,1664958168,2518,1993,29,Female,Y,488,Bearsden,"East Dunbartonshire",G61,Glasgow
loan,55.95651939674264,-3.9089580820095335,1664958626,2532,1962,60,Female,N,514,"Cumbernauld (south: Condorrat, Lenziemill, Carbrain, Kildrum, Cumbernauld Village, Abronhill, Seafar)","North Lanarkshire",G67,Glasgow
loan,55.934262891020765,-3.19728705858129,1664958684,2523,1977,45,Male,N,311,"Currie, Edinburgh",Edinburgh,"Edinburgh South","Lothian (Edinburgh)"
loan,56.152308509144724,-3.731095893010257,1664958685,2528,1995,27,Male,Y,396,Tillicoultry,Clackmannanshire,FK13,"Stirling and Falkirk"
loan,56.27726955615237,-4.673570731088308,1664959091,2536,1999,23,Female,Y,465,Aberfoyle,Stirlingshire,FK8,"Stirling and Falkirk"
loan,55.80401624173622,-4.309438817352603,1664959301,2535,2000,22,Female,Y,648,"Shawlands, Glasgow",Glasgow,"Glasgow South",Glasgow
loan,55.86433478615678,-4.4695007866685454,1664959445,2534,1962,60,Male,Y,1249,"Paisley (north west: Ferguslie Park, Gallowhill, Gockston, Shortroods, )",Renfrewshire,PA3,Glasgow
loan,55.85729468527613,-4.360434885451559,1664959487,2541,1979,43,Female,Y,672,"Govan, Glasgow",Glasgow,"Glasgow Southwest",Glasgow
loan,55.91013896811511,-4.271619469162357,1664959799,2549,1985,37,Male,N,481,"Lambhill, Glasgow",Glasgow,G23,Glasgow
loan,55.407659828322714,-4.724134859007966,1664959886,2545,1952,70,Female,N,856,"Ayr (Centre)","South Ayrshire",KA7,Ayrshire
loan,55.93658736251131,-3.2534510194642614,1664960732,2557,1979,43,Female,Y,267,"Sighthill, Edinburgh",Edinburgh,"Edinburgh Central","Lothian (Edinburgh)"
loan,56.4067521253971,-3.335237633689565,1664960747,2555,1987,35,Female,Y,1354,"Perth (south and east: Barnhill, Bridgend, Craigie, Kincarrathie, Upper Craigie)","Perth and Kinross",PH2,Fife
loan,57.6037312611233,-3.461094883924889,1664961089,2510,1994,28,Female,Y,737,Elgin,Moray,IV30,"North East (Aberdeen)"
loan,56.53765792470144,-4.446589471626766,1664961503,2561,1964,58,Male,Y,1327,Aberfeldy,"Perth and Kinross",PH15,Fife
loan,57.268236285777036,-2.0850180480183615,1664961581,2539,1990,32,Female,Y,117,Balmedie,Aberdeenshire,"Aberdeen North","North East (Aberdeen)"
loan,56.477659786815636,-2.9757763373825887,1664961741,2564,1961,61,Female,N,236,"Lochee, Dundee",Dundee,"Dundee Central","Tayside and Angus (Dundee)"
loan,55.871262891826554,-4.323018819200728,1664961779,2563,1994,28,Female,Y,641,"Knightswood, Glasgow",Glasgow,"Glasgow Northwest",Glasgow
loan,56.48057212003222,-3.049725453835811,1664962224,2567,1962,60,Male,Y,245,"Law, Dundee",Dundee,"Dundee Central","Tayside and Angus (Dundee)"
loan,55.846038230252795,-4.303031668221224,1664962564,2571,1982,40,Male,Y,647,"Pollokshields, Glasgow",Glasgow,"Glasgow South",Glasgow
loan,55.89951967711933,-4.022515008083105,1664962741,1036,1964,58,Male,N,1190,Glenboig,"North Lanarkshire",ML5,Glasgow
loan,57.4712534682237,-2.417573867888025,1664962847,2575,1977,45,Female,Y,78,Turriff,Aberdeenshire,AB53,"North East (Aberdeen)"
loan,55.7314957866921,-3.9643127850713875,1664963072,2573,1978,44,Male,Y,1217,Larkhall,"North Lanarkshire",ML9,Glasgow
loan,55.80248626234851,-4.055029518718027,1664964329,2593,1986,36,Male,Y,525,Uddingston,"South Lanarkshire",G71,Glasgow
loan,55.352611875102376,-5.795211641924129,1664964345,2597,2000,22,Female,Y,1246,Campbeltown,"Argyll and Bute",PA28,"Argyll and Bute"
loan,57.623075798598855,-7.215445345570462,1664964665,2599,1985,37,Female,Y,693,"Isle of North Uist","Western Isles",HS6,"Western Isles"
loan,55.53653941955443,-4.639710725316984,1664964768,2600,1989,33,Female,Y,784,Troon,"South Ayrshire",KA10,Ayrshire
loan,57.30655225074205,-4.202595633376291,1664964924,2581,1980,42,Female,Y,714,"Inverness (east: Culcabock, Crown, Culduthel, Drummond, Haugh, Hilton, Holm, Lochardil, Millburn, Raigmore)",Highland,IV2,"Highlands (Inverness)"
loan,56.45412208741586,-2.980690121704018,1664965408,2602,2001,21,Female,Y,261,"Westend, Dundee",Dundee,"Dundee West","Tayside and Angus (Dundee)"
loan,58.398636454769395,-3.461049176656545,1664966067,2606,1992,30,Female,Y,913,Halkirk,Highland,KW12,"Highlands (Inverness)"
loan,57.53715870670513,-4.082262322639375,1664966102,2608,1976,46,Male,Y,713,Culloden,Highland,IV2,"Highlands (Inverness)"
loan,55.84531017218972,-4.484050357746493,1664966308,2610,1967,55,Male,Y,1249,"Paisley (north west: Ferguslie Park, Gallowhill, Gockston, Shortroods, )",Renfrewshire,PA3,Glasgow
loan,55.95371055343342,-4.009726854159701,1664966682,2613,1981,41,Female,Y,517,"Cumbernauld (north: Balloch, Eastfield, Carrickstone, Smithstone, Blackwood, Westfield)","North Lanarkshire",G68,Glasgow
loan,54.966200688032124,-3.754604606029235,1664966694,2595,1992,30,Female,Y,207,"Dumfries (west: Broomlands, Cargenbridge, Lochside, Maxwelltown, Troqueer)","Dumfries and Galloway",DG2,"Dumfries and Galloway"
loan,57.154942247935246,-4.615757002516925,1664966893,2611,1969,53,Male,Y,714,"Inverness (east: Culcabock, Crown, Culduthel, Drummond, Haugh, Hilton, Holm, Lochardil, Millburn, Raigmore)",Highland,IV2,"Highlands (Inverness)"
loan,56.59219771694009,-2.6589047227893587,1664967973,2621,1986,36,Female,Y,141,Arbroath,Angus,DD11,"Tayside and Angus (Dundee)"
loan,55.876079658704455,-4.341403683248266,1664967981,2622,1986,36,Female,Y,639,"Scotstoun, Glasgow",Glasgow,"Glasgow Northwest",Glasgow
loan,57.02498620788902,-2.2218995296084842,1664968261,2626,1998,24,Female,Y,48,Stonehaven,Aberdeenshire,AB39,"North East (Aberdeen)"
loan,56.05243581077469,-3.304058143209674,1664969389,2654,2002,20,Other,Y,1118,Aberdour,Fife,KY3,Fife
loan,57.17494328691995,-2.1002309300219055,1664969411,2631,1994,28,Female,Y,107,"Rosemount, Aberdeen",Aberdeen,"Aberdeen Central","North East (Aberdeen)"
loan,55.850177399178364,-4.479867362506609,1664969616,2662,1985,37,Male,Y,1249,"Paisley (north west: Ferguslie Park, Gallowhill, Gockston, Shortroods, )",Renfrewshire,PA3,Glasgow
loan,55.882268734046605,-4.113956055629491,1664969620,2659,1994,28,Male,Y,520,Gartcosh,"North Lanarkshire",G69,Glasgow
loan,55.87153033482967,-4.258105427693097,1664969747,2663,1961,61,Male,N,588,"Broomhill, Glasgow",Glasgow,"Glasgow Kelvin",Glasgow
loan,55.503747540267,-3.8710960782650212,1664969770,2670,1987,35,Female,Y,1167,Lanark,"South Lanarkshire",ML11,Glasgow
loan,55.7961571556769,-4.081149264950569,1664969968,2693,1982,40,Female,Y,528,Blantyre,"South Lanarkshire",G72,Glasgow
loan,55.908154404179825,-3.980395089813142,1664969991,2681,1982,40,Female,Y,1192,Airdrie,"North Lanarkshire",ML6,Glasgow
loan,55.855788813201215,-4.014040666390096,1664969999,2669,1985,37,Male,Y,1189,Coatbridge,"North Lanarkshire",ML5,Glasgow
loan,56.027105935678385,-3.3581245436750327,1664970003,2674,1990,32,Female,Y,1089,"Dalgety Bay",Fife,KY11,Fife
loan,55.79996147297219,-3.982870409571033,1664970084,2695,1958,64,Female,N,1151,Motherwell,"North Lanarkshire",ML1,Glasgow
loan,55.38966601974623,-4.757317540822734,1664970087,2696,1983,39,Male,Y,856,"Ayr (Centre)","South Ayrshire",KA7,Ayrshire
loan,57.31119375450867,-2.013533546240777,1664970138,2630,1986,36,Male,Y,51,Tarves,Aberdeenshire,AB41,"North East (Aberdeen)"
loan,57.649974152426985,-3.2061672144401285,1664970177,2705,1954,68,Female,N,737,Elgin,Moray,IV30,"North East (Aberdeen)"
loan,55.82352851567558,-4.31532786125338,1664970188,2698,1976,46,Male,Y,652,"King's Park, Glasgow",Glasgow,"Glasgow South",Glasgow
loan,55.57571925037115,-4.476098614414741,1664970194,2704,1991,31,Male,N,779,"Kilmarnock (centre and south: Bonnyton, Grange, Bellfield, Shortlees, Caprington, Riccarton, Hurlford)","East Ayrshire",KA1,Ayrshire
loan,56.08865337505954,-4.0987977725592355,1664970210,2703,1988,34,Female,Y,458,Cambusbarron,Stirlingshire,FK7,"Stirling and Falkirk"
loan,55.94842940139426,-4.538059199414273,1664970222,2720,1988,34,Male,N,549,Dumbarton,"West Dunbartonshire",G82,Glasgow
loan,55.89472197966294,-4.37015708518321,1664970290,2676,1993,29,Male,Y,640,"Whiteinch, Glasgow",Glasgow,"Glasgow Northwest",Glasgow
loan,55.89766931552772,-3.7881153540880974,1664970406,2724,1969,53,Female,Y,367,Armadale,"West Lothian",EH48,"Lothian (Edinburgh)"
loan,55.9464469769498,-3.9629628764324174,1664970421,2721,1980,42,Female,Y,514,"Cumbernauld (south: Condorrat, Lenziemill, Carbrain, Kildrum, Cumbernauld Village, Abronhill, Seafar)","North Lanarkshire",G67,Glasgow
loan,56.071353692202536,-3.2692448427739444,1664970468,2729,1976,46,Male,Y,1120,Kinghorn,Fife,KY3,Fife
loan,56.62729089074944,-2.731819783822693,1664970484,2732,1990,32,Male,Y,179,Forfar,Angus,DD8,"Tayside and Angus (Dundee)"
loan,56.19103409853259,-3.112291905571783,1664970510,2730,1992,30,Male,Y,1133,"Glenrothes (centre and east: Pitteuchar, Finglassie, Stenton, Auchmuty, Pitcoudie, Balfarg, Pircairn, Collydean)",Fife,KY7,Fife
loan,56.219181480276404,-4.052138419048819,1664970522,2742,1989,33,Male,Y,409,Doune,Stirlingshire,FK16,"Stirling and Falkirk"
loan,55.870996211785865,-4.311196503282625,1664970544,2701,1996,26,Female,Y,640,"Whiteinch, Glasgow",Glasgow,"Glasgow Northwest",Glasgow
loan,55.88800123470059,-3.9136271929211035,1664970572,2717,1988,34,Female,Y,1192,Airdrie,"North Lanarkshire",ML6,Glasgow
loan,56.476224201354015,-3.6011880039253423,1664970641,2741,1979,43,Female,Y,1313,"Perth (north and west: Burghmuir, Cherrybank, Hillyland, Inveralmond, Lethom, Muirton, North Muirton, Tulloch)","Perth and Kinross",PH1,Fife
loan,55.94265473198466,-3.2517818476714715,1664970700,2734,1983,39,Female,Y,287,"Corstorphine, Edinburgh",Edinburgh,"Edinburgh North","Lothian (Edinburgh)"
loan,55.80515374485124,-4.196906947482708,1664970747,2766,1961,61,Male,N,571,"Castlemilk, Glasgow",Glasgow,"Glasgow Castlemilk",Glasgow
loan,55.75331141204074,-4.144662486954407,1664970773,2749,1971,51,Female,Y,530,"East Kilbride (north: The Village, East Mains, West Mains, Lymekilns, St Leonards, Calderwood, Nerston, Stewartfield, Peel Park)","South Lanarkshire",G74,Glasgow
loan,56.07455190834326,-3.5722882454751197,1664970878,2746,2000,22,Female,N,1096,"Dunfermline (centre, north, west: Abbey Parks, Lady's Mill, Garvock, Headwell, Kingseathill, Wellwood, Milesmark, Baldridge, Pittencrieff, Baldridgeburn)",Fife,KY12,Fife
loan,56.26038651069004,-5.4699274848757184,1664970963,2756,1993,29,Other,Y,1257,Oban,"Argyll and Bute",PA34,"Argyll and Bute"
loan,55.77926185453548,-3.9814812264858666,1664970999,2750,1968,54,Male,Y,1150,Holytown,"North Lanarkshire",ML1,Glasgow
loan,55.91422717478135,-4.30870569428435,1664971052,2764,1964,58,Male,Y,488,Bearsden,"East Dunbartonshire",G61,Glasgow
loan,57.11241817288464,-2.2951686355195124,1664971087,2771,2001,21,Male,Y,128,"Mannofield, Aberdeen",Aberdeen,"Aberdeen Southwest","North East (Aberdeen)"
loan,57.368961991122504,-4.208044072947148,1664971123,2762,1982,40,Male,Y,713,Culloden,Highland,IV2,"Highlands (Inverness)"
loan,55.79858041350404,-4.473420767616748,1664971149,2782,1997,25,Male,Y,1236,"Paisley (south: Blackhall, Castlehead, Dykebar, Foxbar, Hunterhill, Meikleriggs)",Renfrewshire,PA2,Glasgow
loan,55.99152587171223,-4.257646249378363,1664971193,2779,1991,31,Female,N,507,Kirkintilloch,"East Dunbartonshire",G66,Glasgow
loan,55.88445727478566,-3.3042645635712713,1664971195,2780,1972,50,Female,Y,315,"Fairmilehead, Edinburgh",Edinburgh,"Edinburgh South","Lothian (Edinburgh)"
loan,57.67985113865399,-3.199137079479702,1664971268,2784,1994,28,Other,Y,737,Elgin,Moray,IV30,"North East (Aberdeen)"
loan,55.17711581876531,-3.5132550624455137,1664971385,2773,1957,65,Female,Y,186,"Dumfries (centre and east: Dalscone, Georgetown, Heathhall, Kingholm Quay, Noblehill, The Crichton)","Dumfries and Galloway",DG1,"Dumfries and Galloway"
loan,55.53513572783094,-4.585435710554325,1664971476,2778,1992,30,Female,Y,873,Prestwick,"South Ayrshire",KA9,Ayrshire
loan,55.908056361468354,-4.451910726748314,1664971510,2811,1982,40,Female,Y,1306,Erskine,Renfrewshire,PA8,Glasgow
loan,55.92955370989259,-3.1631059422168546,1664971598,2800,1994,28,Other,Y,323,"Moredun, Edinburgh",Edinburgh,"Edinburgh Southeast","Lothian (Edinburgh)"
loan,55.87329639528123,-4.80835858731507,1664971601,2796,2000,22,Male,Y,1233,Skelmorlie,"North Ayrshire",PA17,Ayrshire
loan,55.92498802923307,-4.337946048171088,1664971632,2810,1985,37,Male,Y,488,Bearsden,"East Dunbartonshire",G61,Glasgow
loan,55.902660760827494,-4.459741680210033,1664971655,2811,1982,40,Female,Y,1306,Erskine,Renfrewshire,PA8,Glasgow
loan,55.91461938848202,-4.191566344826832,1664971679,2819,1956,66,Female,Y,502,Bishopbriggs,"East Dunbartonshire",G64,Glasgow
loan,55.89969738555997,-4.863950304765077,1664971689,2768,1971,51,Female,Y,1231,"Greenock (west: Bow Farm, Braeside, Branchton, Fort Matilda, Gateside, Greenock West, Overton, Pennyfern, Smithston)",Inverclyde,PA16,Glasgow
loan,55.90987899765824,-4.226107395824116,1664971760,2817,1982,40,Male,Y,503,Torrance,"East Dunbartonshire",G64,Glasgow
loan,55.99303093946683,-5.018413168745798,1664971820,2829,1997,25,Female,Y,1241,Dunoon,"Argyll and Bute",PA23,"Argyll and Bute"
loan,55.77550819487946,-4.1443741331611585,1664971864,2831,1995,27,Male,Y,530,"East Kilbride (north: The Village, East Mains, West Mains, Lymekilns, St Leonards, Calderwood, Nerston, Stewartfield, Peel Park)","South Lanarkshire",G74,Glasgow
loan,55.84629595867575,-4.105560456420459,1664971948,2769,1997,25,Male,N,618,"Carmyle, Glasgow",Glasgow,"Glasgow Northeast",Glasgow
loan,55.90562345742358,-4.515002041090081,1664971951,2814,1948,74,Male,Y,1292,Bishopton,Renfrewshire,PA7,Glasgow
loan,55.83964311924768,-3.9994040067653724,1664972038,2835,1982,40,Male,Y,1189,Coatbridge,"North Lanarkshire",ML5,Glasgow
loan,55.84864404696079,-4.406337808170883,1664972253,2849,1968,54,Male,Y,1220,"Paisley (central, east and north east: Ferguslie, Oldhall, Seedhill, Williamsburgh, Whitehaugh)",Renfrewshire,PA1,Glasgow
loan,55.92014126517411,-4.201777944060057,1664972302,2836,1979,43,Female,Y,503,Torrance,"East Dunbartonshire",G64,Glasgow
loan,55.920317427790934,-4.387772637384862,1664972344,2772,1973,49,Female,Y,546,Clydebank,"West Dunbartonshire",G81,Glasgow
loan,56.55048375717894,-3.446464211939654,1664972412,2805,1999,23,Female,Y,1309,Bankfoot,"Perth and Kinross",PH1,Fife
loan,55.567013401952565,-4.622835750827354,1664972496,2858,1994,28,Male,Y,784,Troon,"South Ayrshire",KA10,Ayrshire
loan,55.74334255818188,-6.141995865725293,1664972653,2861,1959,63,Male,Y,1267,"Bowmore, Isle of Islay","Argyll and Bute",PA43,"Argyll and Bute"
loan,55.96091418930204,-3.146178698615391,1664972720,2856,1983,39,Male,Y,285,"Leith, Edinburgh",Edinburgh,"Edinburgh Leith","Lothian (Edinburgh)"
loan,55.970623423529254,-3.951612613242261,1664972722,2863,1982,40,Male,Y,514,"Cumbernauld (south: Condorrat, Lenziemill, Carbrain, Kildrum, Cumbernauld Village, Abronhill, Seafar)","North Lanarkshire",G67,Glasgow
loan,57.27089674105735,-2.1137136221303545,1664972806,2851,1997,25,Male,Y,112,"Dyce, Aberdeen",Aberdeen,"Aberdeen North","North East (Aberdeen)"
loan,56.802163970615595,-3.3276979044314814,1664972844,2870,1994,28,Male,Y,1321,Alyth,"Perth and Kinross",PH11,Fife
loan,55.61002841421357,-2.4964794731606013,1664972976,2868,1977,45,Female,Y,1451,Kelso,"Scottish Borders",TD5,Borders
loan,55.94489305794201,-4.846737342914658,1664972995,2878,1970,52,Female,Y,1235,Gourock,Inverclyde,PA19,Glasgow
loan,55.95810151702115,-2.7163736707886716,1664973062,2885,1988,34,Female,Y,357,Haddington,"East Lothian",EH41,"Lothian (Edinburgh)"
loan,55.950964398759176,-3.1816160253246486,1664973283,2875,1991,31,Male,Y,267,"Sighthill, Edinburgh",Edinburgh,"Edinburgh Central","Lothian (Edinburgh)"
loan,55.74332057775771,-4.056919076208818,1664973312,2883,1985,37,Male,Y,1183,Hamilton,"South Lanarkshire",ML3,Glasgow
loan,55.80672531025846,-4.080745174392279,1664973312,2890,1980,42,Male,Y,525,Uddingston,"South Lanarkshire",G71,Glasgow
loan,56.759429288627715,-3.028926112048662,1664973321,2891,1978,44,Female,Y,181,Kirriemuir,Angus,DD8,"Tayside and Angus (Dundee)"
loan,55.847177330681326,-4.508969145941999,1664973475,2887,1992,30,Female,Y,1248,Linwood,Renfrewshire,PA3,Glasgow
loan,55.6977235786991,-4.167825220267596,1664973488,2899,1994,28,Other,Y,534,"East Kilbride (south: Hairmyres, Westwood, The Murray, Murray East, Whitehills, Greenhill, Newlandsmuir, Gardenhall, Crosshouse, Newlands, Lindsayfield, Mossneuk)","South Lanarkshire",G75,Glasgow
loan,55.534618875609745,-5.346060301845985,1664973573,2903,1994,28,Female,Y,827,"Isle of Arran","North Ayrshire",KA27,Ayrshire
loan,55.95074855051769,-3.2060911925996884,1664973599,2892,1955,67,Male,Y,298,"Inverleith, Edinburgh",Edinburgh,"Edinburgh North","Lothian (Edinburgh)"
loan,55.84658127865272,-3.7804067249398177,1664973601,2894,1952,70,Male,Y,1209,Shotts,"North Lanarkshire",ML7,Glasgow
loan,55.93833112244416,-4.288245332338394,1664973640,2897,1982,40,Female,Y,489,Milngavie,"East Dunbartonshire",G62,Glasgow
loan,55.97621680787475,-3.4224924437232147,1664973788,2912,2000,22,Male,Y,306,"Queensferry, Edinburgh",Edinburgh,"Edinburgh Queensferry","Lothian (Edinburgh)"
loan,55.885328878395995,-4.228907184067769,1664973803,2927,1982,40,Male,Y,603,"Carntyne, Glasgow",Glasgow,"Glasgow Northeast",Glasgow
loan,55.915926111328304,-4.128664076927001,1664973875,2909,1989,33,Male,Y,509,Lenzie,"East Dunbartonshire",G66,Glasgow
loan,55.962430039216486,-3.13012547622242,1664973876,2920,1989,33,Female,Y,283,"Craigentinny, Edinburgh",Edinburgh,"Edinburgh Duddingston","Lothian (Edinburgh)"
loan,55.84802717898745,-4.3150513629411416,1664973968,2915,1991,31,Female,N,676,"Mosspark, Glasgow",Glasgow,"Glasgow Southwest",Glasgow
loan,55.80354814251807,-4.049345771338314,1664974062,2877,1971,51,Female,N,525,Uddingston,"South Lanarkshire",G71,Glasgow
loan,55.736803153276,-3.34236455872772,1664974090,2929,1994,28,Male,Y,363,"West Linton","Scottish Borders",EH46,Borders
loan,55.9248902069373,-3.2221689841283103,1664974091,2919,1991,31,Male,Y,311,"Currie, Edinburgh",Edinburgh,"Edinburgh South","Lothian (Edinburgh)"
loan,55.87970308771511,-3.349747441760051,1664974218,2938,1991,31,Female,Y,314,"Morningside, Edinburgh",Edinburgh,"Edinburgh South","Lothian (Edinburgh)"
loan,55.87014746704972,-3.3938385331641987,1664974313,2943,1981,41,Male,Y,314,"Morningside, Edinburgh",Edinburgh,"Edinburgh South","Lothian (Edinburgh)"
loan,56.192666531179114,-4.818758552586517,1664974331,2935,1991,31,Male,Y,557,Alexandria,"West Dunbartonshire",G83,"Argyll and Bute"
loan,55.532141100535824,-4.617948046249626,1664974381,2940,1980,42,Female,Y,784,Troon,"South Ayrshire",KA10,Ayrshire
loan,55.676596623640144,-4.115346961557511,1664974406,2950,1970,52,Male,Y,1160,Strathaven,"North Lanarkshire",ML10,Glasgow
loan,55.960286168532505,-3.312867154313998,1664974426,2953,1992,30,Male,Y,301,"Kirkliston, Edinburgh",Edinburgh,"Edinburgh Northwest","Lothian (Edinburgh)"
loan,55.929665173532335,-4.68974476154094,1664974448,2944,1979,43,Male,N,1229,"Port Glasgow",Inverclyde,PA14,Glasgow
loan,55.961882372879344,-3.45789786815328,1664974455,2942,1962,60,Female,Y,371,Broxburn,"West Lothian",EH52,"Lothian (Edinburgh)"
loan,55.69063145504894,-4.352608963044163,1664974596,2956,1956,66,Male,Y,837,"Kilmarnock (north: Onthank, Townholm, Altonhill, Longpark, Beansburn, New Farm Loch, Knockinlaw, Hillhead, Crookedholm)","East Ayrshire",KA3,Ayrshire
loan,55.928513838727774,-4.134508740173596,1664974639,2963,1961,61,Female,Y,507,Kirkintilloch,"East Dunbartonshire",G66,Glasgow
loan,55.87844099339741,-4.251543471396403,1664974716,2960,1989,33,Female,Y,602,"Baillieston, Glasgow",Glasgow,"Glasgow Northeast",Glasgow
loan,55.759925066574816,-4.138471913159253,1664974762,2925,1959,63,Male,Y,529,Cambuslang,"South Lanarkshire",G72,Glasgow
loan,55.409162797308454,-4.659203951080493,1664974820,2978,1983,39,Male,Y,856,"Ayr (Centre)","South Ayrshire",KA7,Ayrshire
loan,55.80649626405501,-4.2766363511361245,1664974875,2977,1998,24,Male,Y,645,Clarkston,"East Renfrewshire","Glasgow South",Glasgow
loan,55.93419527664121,-3.2506105867035795,1664974905,2968,1974,48,Female,Y,269,"Gorgie, Edinburgh",Edinburgh,"Edinburgh Central","Lothian (Edinburgh)"
loan,55.977542249106726,-3.2279426637542703,1664974946,2990,1995,27,Male,Y,279,"Clermiston and Drumbrae, Edinburgh",Edinburgh,"Edinburgh Clermiston Granton","Lothian (Edinburgh)"
loan,57.14943313441404,-2.1093249357687314,1664974973,2979,1999,23,Male,Y,97,"Mastrick, Aberdeen",Aberdeen,"Aberdeen Central","North East (Aberdeen)"
loan,56.832184210290826,-5.1593388830939455,1664975046,2986,1997,25,Male,Y,1377,"Fort William",Highland,PH33,"Highlands (Inverness)"
loan,55.76857141040631,-4.2743115486559216,1664975137,2995,1977,45,Male,Y,530,"East Kilbride (north: The Village, East Mains, West Mains, Lymekilns, St Leonards, Calderwood, Nerston, Stewartfield, Peel Park)","South Lanarkshire",G74,Glasgow
loan,55.740713881523625,-4.247191824517354,1664975273,2994,1979,43,Male,N,534,"East Kilbride (south: Hairmyres, Westwood, The Murray, Murray East, Whitehills, Greenhill, Newlandsmuir, Gardenhall, Crosshouse, Newlands, Lindsayfield, Mossneuk)","South Lanarkshire",G75,Glasgow
loan,55.84028319663651,-4.363414944424321,1664975274,2988,1995,27,Other,N,678,"Cardonald, Glasgow",Glasgow,"Glasgow Southwest",Glasgow
loan,55.87586710320388,-3.5492127752764797,1664975286,2997,1988,34,Male,Y,375,Livingston,"West Lothian",EH54,"Lothian (Edinburgh)"
loan,55.78152988449625,-4.080630650608412,1664975455,3000,1995,27,Female,Y,1183,Hamilton,"South Lanarkshire",ML3,Glasgow
loan,55.87851268762905,-3.703802878101551,1664975719,3012,1967,55,Male,Y,367,Armadale,"West Lothian",EH48,"Lothian (Edinburgh)"
loan,55.853068756427426,-4.000746145974675,1664975723,3016,1988,34,Male,Y,1189,Coatbridge,"North Lanarkshire",ML5,Glasgow
loan,57.68702325492485,-2.8803410642025375,1664975794,3021,1992,30,Female,Y,90,Buckie,Moray,AB56,"North East (Aberdeen)"
loan,55.91890754435969,-2.65308067476736,1664975839,3011,1958,64,Female,N,357,Haddington,"East Lothian",EH41,"Lothian (Edinburgh)"
loan,55.840946837447085,-4.00726653075093,1664975915,3016,1988,34,Male,Y,1189,Coatbridge,"North Lanarkshire",ML5,Glasgow
loan,56.07452988441343,-4.76628133670068,1664975997,3031,1988,34,Female,Y,567,Kilcreggan,"Argyll and Bute",G84,"Argyll and Bute"
loan,56.48195960806021,-3.6704065540004054,1664976009,3019,1996,26,Female,Y,1313,"Perth (north and west: Burghmuir, Cherrybank, Hillyland, Inveralmond, Lethom, Muirton, North Muirton, Tulloch)","Perth and Kinross",PH1,Fife
loan,55.91645329888655,-4.248890706144942,1664976053,3030,1971,51,Male,N,502,Bishopbriggs,"East Dunbartonshire",G64,Glasgow
loan,55.92154973106003,-3.7493118519421698,1664976192,3034,1997,25,Female,Y,377,"Falkirk (centre and south: Arnothill, Bantaskin, Callendar Park, Glen Village, Hallglen, Lionthorn, Tamfourhill, Woodlands)",Falkirk,FK1,"Stirling and Falkirk"
loan,57.32632888398291,-3.4777577504819837,1664976324,3039,1955,67,Female,N,1371,Grantown-On-Spey,Highland,PH26,"Highlands (Inverness)"
loan,56.462881496213576,-2.9611332753427724,1664976337,3015,1956,66,Female,N,254,"Douglas, Dundee",Dundee,"Dundee North","Tayside and Angus (Dundee)"
loan,56.04621708434348,-3.4543452573758513,1664976349,3032,1989,33,Male,Y,1090,"Dunfermline (south and east: Halbeath, Touch, Duloch, Masterton, Pitcorthie, Abbeyview, Brucefield, Hospital Hill, Camdean, Pitreavie)",Fife,KY11,Fife
loan,55.861169136748934,-4.3213801391964015,1664976580,3056,1989,33,Female,N,678,"Cardonald, Glasgow",Glasgow,"Glasgow Southwest",Glasgow
loan,55.89461259026104,-4.536503671311416,1664976617,3046,1974,48,Female,Y,1278,Houston,Renfrewshire,PA6,Glasgow
loan,55.89921213816821,-4.872394187129287,1664976656,3026,1964,58,Female,Y,1231,"Greenock (west: Bow Farm, Braeside, Branchton, Fort Matilda, Gateside, Greenock West, Overton, Pennyfern, Smithston)",Inverclyde,PA16,Glasgow
loan,57.910891400150476,-6.736211397357821,1664976688,3059,2002,20,Female,Y,689,"Isle of Harris","Western Isles (excluding Leverburgh and Rodel areas)",HS3,"Western Isles"
loan,55.636259819646625,-3.8790664008231093,1664976757,3057,1982,40,Female,Y,1167,Lanark,"South Lanarkshire",ML11,Glasgow
loan,57.848387830601396,-6.932697761544564,1664976797,3059,2002,20,Female,Y,689,"Isle of Harris","Western Isles (excluding Leverburgh and Rodel areas)",HS3,"Western Isles"
loan,56.454136515051204,-2.978254856813237,1664976895,3065,1984,38,Male,Y,257,"Ninewells, Dundee",Dundee,"Dundee West","Tayside and Angus (Dundee)"
loan,55.91990588146787,-2.2388803829533477,1664976957,3061,1964,58,Female,Y,1431,Eyemouth,"Scottish Borders",TD14,Borders
loan,55.96073669230605,-3.9639948526464273,1664977039,3069,1986,36,Female,Y,514,"Cumbernauld (south: Condorrat, Lenziemill, Carbrain, Kildrum, Cumbernauld Village, Abronhill, Seafar)","North Lanarkshire",G67,Glasgow
loan,55.875964159991966,-3.9320373493037173,1664977101,3063,1980,42,Male,Y,1192,Airdrie,"North Lanarkshire",ML6,Glasgow
loan,55.79939531895275,-4.286743661966272,1664977118,3072,1964,58,Female,Y,647,"Pollokshields, Glasgow",Glasgow,"Glasgow South",Glasgow
loan,58.59982480640127,-3.2300790521396667,1664977238,3054,1968,54,Female,N,899,Wick,Highland,KW1,"Highlands (Inverness)"
loan,55.991221716784935,-3.6113429937496537,1664977249,3074,1997,25,Male,Y,369,Linlithgow,"West Lothian",EH49,"Lothian (Edinburgh)"
loan,58.428269309937846,-3.313414031680334,1664977368,3054,1968,54,Female,N,899,Wick,Highland,KW1,"Highlands (Inverness)"
loan,55.61433488974142,-3.2509011332004922,1664977457,3075,1956,66,Female,Y,362,Peebles,"Scottish Borders",EH45,Borders
loan,56.48104498250696,-2.977477463303929,1664977482,3073,1990,32,Female,N,232,"Craigiebank, Dundee",Dundee,"Dundee Bluebelt","Tayside and Angus (Dundee)"
loan,56.09110049586169,-3.5734432428115435,1664977523,3042,1969,53,Male,Y,1096,"Dunfermline (centre, north, west: Abbey Parks, Lady's Mill, Garvock, Headwell, Kingseathill, Wellwood, Milesmark, Baldridge, Pittencrieff, Baldridgeburn)",Fife,KY12,Fife
loan,55.84714335976061,-3.9264775239220615,1664977568,3091,1966,56,Female,Y,1192,Airdrie,"North Lanarkshire",ML6,Glasgow
loan,57.17022560889598,-2.332241108742027,1664977679,3090,2001,21,Male,Y,28,Westhill,Aberdeenshire,AB32,"North East (Aberdeen)"
loan,55.91481057104893,-3.3096590669368697,1664977718,3083,1962,60,Female,Y,313,"Colinton, Edinburgh",Edinburgh,"Edinburgh South","Lothian (Edinburgh)"
loan,57.173030147857254,-2.0818727827659895,1664978001,3105,1991,31,Female,Y,107,"Rosemount, Aberdeen",Aberdeen,"Aberdeen Central","North East (Aberdeen)"
loan,55.74639846284234,-4.413590764052075,1664978027,3104,1985,37,Female,Y,539,"Newton Mearns","East Renfrewshire",G77,Glasgow
loan,55.81387093810004,-4.311076514829775,1664978097,3087,1981,41,Male,Y,658,"Giffnock, Glasgow",Glasgow,"Glasgow South",Glasgow
loan,55.77349190577935,-3.8649533282263624,1664978220,3110,1986,36,Female,Y,1180,Wishaw,"North Lanarkshire",ML2,Glasgow
loan,55.760313347141896,-4.181592648218321,1664978252,3117,1975,47,Female,Y,530,"East Kilbride (north: The Village, East Mains, West Mains, Lymekilns, St Leonards, Calderwood, Nerston, Stewartfield, Peel Park)","South Lanarkshire",G74,Glasgow
loan,55.95729524925325,-2.6485055228335703,1664978301,3126,1981,41,Female,Y,357,Haddington,"East Lothian",EH41,"Lothian (Edinburgh)"
loan,57.57333095682004,-3.434764455653334,1664978322,3130,1993,29,Male,Y,737,Elgin,Moray,IV30,"North East (Aberdeen)"
loan,55.7413568480231,-4.080949981077163,1664978336,3119,1981,41,Male,Y,1183,Hamilton,"South Lanarkshire",ML3,Glasgow
loan,56.67771987960307,-3.431996934419023,1664978391,2947,1991,31,Female,Y,1318,Blairgowrie,"Perth and Kinross",PH10,Fife
loan,57.26447934736647,-3.8066719109841682,1664978405,3108,1992,30,Female,Y,1366,"Boat of Garten",Highland,PH24,"Highlands (Inverness)"
loan,55.910042589344606,-3.2269884842420398,1664978546,3127,1990,32,Male,Y,305,"Oxgangs, Edinburgh",Edinburgh,"Edinburgh Oxgangs","Lothian (Edinburgh)"
loan,55.84094489896348,-4.051757377962172,1664978896,3116,1975,47,Female,Y,1189,Coatbridge,"North Lanarkshire",ML5,Glasgow
loan,55.9445407128758,-4.837568072611547,1664978908,3140,2001,21,Female,Y,1235,Gourock,Inverclyde,PA19,Glasgow
loan,55.68736703579307,-4.1694835583063625,1664978932,3146,1986,36,Female,Y,534,"East Kilbride (south: Hairmyres, Westwood, The Murray, Murray East, Whitehills, Greenhill, Newlandsmuir, Gardenhall, Crosshouse, Newlands, Lindsayfield, Mossneuk)","South Lanarkshire",G75,Glasgow
loan,55.94787980781158,-3.277915494525619,1664978965,3136,1997,25,Female,N,289,"Newhaven, Edinburgh",Edinburgh,"Edinburgh North","Lothian (Edinburgh)"
loan,55.57055628281137,-4.472176026048304,1664979031,3145,1958,64,Female,N,779,"Kilmarnock (centre and south: Bonnyton, Grange, Bellfield, Shortlees, Caprington, Riccarton, Hurlford)","East Ayrshire",KA1,Ayrshire
loan,55.827043131031964,-4.489502757053587,1664979157,3164,1965,57,Female,Y,1276,Johnstone,Renfrewshire,PA5,Glasgow
loan,55.76181977006069,-3.7792112836038148,1664979157,3147,1996,26,Female,Y,1212,Carluke,"South Lanarkshire",ML8,Glasgow
loan,55.89683761117649,-4.3588740375650925,1664979230,3151,1950,72,Female,Y,641,"Knightswood, Glasgow",Glasgow,"Glasgow Northwest",Glasgow
loan,55.801605052839825,-4.020629918612629,1664979272,3153,1994,28,Male,Y,1186,Bellshill,"North Lanarkshire",ML4,Glasgow
loan,56.688529013621654,-5.460862625682786,1664979352,3144,1963,59,Male,Y,1377,"Fort William",Highland,PH33,"Highlands (Inverness)"
loan,58.923524870505666,-3.184774762433497,1664979478,3161,1962,60,Female,N,1025,"Orkney Islands",Orkney,KW17,"Orkney Islands"
loan,56.05680911691294,-3.4953166977888626,1664979481,3166,1972,50,Female,N,1089,"Dalgety Bay",Fife,KY11,Fife
loan,58.986856227372286,-2.9696924926803963,1664979549,3162,1982,40,Male,Y,967,Kirkwall,Orkney,KW15,"Orkney Islands"
loan,55.92961920703908,-3.917478168788812,1664979918,3160,1995,27,Female,Y,377,"Falkirk (centre and south: Arnothill, Bantaskin, Callendar Park, Glen Village, Hallglen, Lionthorn, Tamfourhill, Woodlands)",Falkirk,FK1,"Stirling and Falkirk"
loan,55.911364940323075,-4.366725642949072,1664980400,3189,1983,39,Female,Y,639,"Scotstoun, Glasgow",Glasgow,"Glasgow Northwest",Glasgow
loan,55.88768422203034,-4.344871432200234,1664980479,3201,2001,21,Other,Y,591,"Hillhead, Glasgow",Glasgow,"Glasgow Kelvin",Glasgow
loan,57.46987179360912,-4.054028568468744,1664980506,3194,1980,42,Female,N,714,"Inverness (east: Culcabock, Crown, Culduthel, Drummond, Haugh, Hilton, Holm, Lochardil, Millburn, Raigmore)",Highland,IV2,"Highlands (Inverness)"
loan,56.16269366270634,-4.063306026642801,1664980635,3208,1987,35,Female,Y,477,"Bridge of Allan",Stirlingshire,FK9,"Stirling and Falkirk"
loan,54.97703789422335,-5.181935928166435,1664980745,3206,1979,43,Female,Y,231,Stranraer,"Dumfries and Galloway",DG9,"Dumfries and Galloway"
loan,55.94201326137864,-3.684437953033761,1664980764,3199,1998,24,Male,Y,422,"Falkirk (north: Grahamston, Middlefield, Westfield)",Falkirk,FK2,"Stirling and Falkirk"
loan,55.88620406679475,-3.207418313551287,1664980870,3214,1984,38,Female,Y,314,"Morningside, Edinburgh",Edinburgh,"Edinburgh South","Lothian (Edinburgh)"
loan,55.91354004895311,-4.562431021847345,1664980924,3207,1963,59,Female,Y,1229,"Port Glasgow",Inverclyde,PA14,Glasgow
loan,55.763781228927016,-4.0244771429411985,1664981052,3236,1994,28,Female,Y,1183,Hamilton,"South Lanarkshire",ML3,Glasgow
loan,55.80490859691807,-4.2957348759376,1664981058,3203,1988,34,Female,Y,653,"Netherlee, Glasgow",Glasgow,"Glasgow South",Glasgow
loan,55.994807938139054,-3.8819242661065063,1664981071,3216,1959,63,Female,N,441,Bonnybridge,Falkirk,FK4,"Stirling and Falkirk"
loan,56.00628843520793,-4.855507149188544,1664981094,3210,1982,40,Female,Y,567,Kilcreggan,"Argyll and Bute",G84,"Argyll and Bute"
loan,55.94773191279813,-3.1754891699018692,1664981146,3221,1974,48,Female,Y,281,"Portobello, Edinburgh",Edinburgh,"Edinburgh Duddingston","Lothian (Edinburgh)"
loan,57.64804152122095,-3.4077731318207407,1664981317,3225,1995,27,Female,Y,737,Elgin,Moray,IV30,"North East (Aberdeen)"
loan,55.73170393311276,-3.823090115828858,1664981347,3240,1999,23,Male,Y,1212,Carluke,"South Lanarkshire",ML8,Glasgow
loan,55.8400007977148,-4.455735645484665,1664981462,3246,2002,20,Male,Y,1221,Ralston,Renfrewshire,PA1,Glasgow
loan,55.77217104008188,-4.304146175813362,1664981528,3245,1973,49,Female,Y,539,"Newton Mearns","East Renfrewshire",G77,Glasgow
loan,55.81977976416101,-4.340958363973367,1664981665,3235,1954,68,Male,Y,665,"Pollockshaws, Glasgow",Glasgow,"Glasgow Southwest",Glasgow
loan,55.22863434821409,-3.4576653650853792,1664981682,3248,1991,31,Male,Y,196,Lockerbie,"Dumfries and Galloway",DG11,"Dumfries and Galloway"
loan,55.88140466994534,-4.470846187012539,1664981777,3242,1980,42,Female,Y,1264,Renfrew,Renfrewshire,PA4,Glasgow
loan,56.07100940902458,-3.4129533485190433,1664981823,3243,1984,38,Male,N,1089,"Dalgety Bay",Fife,KY11,Fife
loan,58.631133045018245,-3.101217228465996,1664981846,2961,1980,42,Female,Y,879,Keiss,Highland,KW1,"Highlands (Inverness)"
loan,57.77437658507644,-4.425593636143209,1664981875,3232,1972,50,Female,Y,707,Alness,Highland,IV17,"Highlands (Inverness)"
loan,55.89389426754065,-4.0494543108911145,1664981932,3262,1968,54,Female,Y,1189,Coatbridge,"North Lanarkshire",ML5,Glasgow
loan,55.89053924008388,-4.3296981064881415,1664982155,3266,1964,58,Female,Y,588,"Broomhill, Glasgow",Glasgow,"Glasgow Kelvin",Glasgow
loan,57.07924062487937,-5.6809823168260225,1664982186,3268,1977,45,Female,Y,1391,Knoydart,Highland,PH41,"Highlands (Inverness)"
loan,55.68195300493527,-2.664483012262434,1664982366,3275,1981,41,Other,Y,1442,Earlston,"Scottish Borders",TD4,Borders
loan,55.82814442449012,-4.012575689878474,1664982392,3278,1987,35,Female,Y,1186,Bellshill,"North Lanarkshire",ML4,Glasgow
loan,56.02283546960784,-4.6560559686525735,1664982400,3277,1989,33,Female,Y,566,Helensburgh,"Argyll and Bute",G84,"Argyll and Bute"
loan,55.780606940902054,-3.7729605405889575,1664982517,3281,1997,25,Other,Y,1180,Wishaw,"North Lanarkshire",ML2,Glasgow
loan,55.907300082505095,-3.9976203252256037,1664982602,3280,2005,17,Female,School,1192,Airdrie,"North Lanarkshire",ML6,Glasgow
loan,55.94384055354954,-3.1174202345070574,1664982723,3288,1985,37,Female,Y,281,"Portobello, Edinburgh",Edinburgh,"Edinburgh Duddingston","Lothian (Edinburgh)"
loan,56.280333874256044,-3.127502183216687,1664982736,3269,1977,45,Female,Y,1639,Auchtermuchty,Fife,KY15,Fife
loan,55.71142975381618,-3.9676239605575696,1664982750,3289,1995,27,Female,Y,1183,Hamilton,"South Lanarkshire",ML3,Glasgow
loan,55.821219244926205,-4.176818985940018,1664982993,3294,1958,64,Female,N,529,Cambuslang,"South Lanarkshire",G72,Glasgow
loan,56.4719604874461,-2.8698749979382074,1664983110,3292,1958,64,Female,Y,247,"Broughty Ferry, Dundee",Dundee,"Dundee East","Tayside and Angus (Dundee)"
loan,55.873406943882614,-4.294842044910462,1664983201,3306,1975,47,Female,Y,591,"Hillhead, Glasgow",Glasgow,"Glasgow Kelvin",Glasgow
loan,55.78755423216124,-4.596811937722942,1664983217,3255,1968,54,Female,Y,1226,Lochwinnoch,Renfrewshire,PA12,Glasgow
loan,56.045142207314555,-4.92876962053069,1664983342,3283,1985,37,Female,Y,1241,Dunoon,"Argyll and Bute",PA23,"Argyll and Bute"
loan,55.938402537412536,-3.5271329593500305,1664983362,3314,1998,24,Female,Y,372,Winchburgh,"West Lothian",EH52,"Lothian (Edinburgh)"
loan,55.96888693992616,-3.147283339608215,1664983397,3313,1973,49,Male,Y,285,"Leith, Edinburgh",Edinburgh,"Edinburgh Leith","Lothian (Edinburgh)"
loan,55.737600102243825,-6.298171159971586,1664983563,3304,1966,56,Female,Y,1267,"Bowmore, Isle of Islay","Argyll and Bute",PA43,"Argyll and Bute"
loan,55.992861828543894,-3.6089455956640015,1664983664,3326,1990,32,Female,Y,369,Linlithgow,"West Lothian",EH49,"Lothian (Edinburgh)"
loan,55.84362833813047,-3.4108189418883335,1664983675,3321,1970,52,Male,Y,313,"Colinton, Edinburgh",Edinburgh,"Edinburgh South","Lothian (Edinburgh)"
loan,56.46523350768399,-2.9902080225971788,1664983697,3319,1970,52,Female,Y,238,"Menzieshill, Dundee",Dundee,"Dundee Central","Tayside and Angus (Dundee)"
loan,55.994414391735816,-4.819604484857337,1664983738,3324,1985,37,Female,Y,563,Clynder,"Argyll and Bute",G84,"Argyll and Bute"
loan,55.79484595010396,-4.042686319642479,1664983739,3312,1967,55,Female,Y,1183,Hamilton,"South Lanarkshire",ML3,Glasgow
loan,55.967606228476264,-3.2059687701939943,1664983788,3344,1983,39,Female,Y,296,"Davidson's Mains, Edinburgh",Edinburgh,"Edinburgh North","Lothian (Edinburgh)"
loan,55.96763722276705,-3.2131531936422206,1664983802,3302,1993,29,Male,Y,298,"Inverleith, Edinburgh",Edinburgh,"Edinburgh North","Lothian (Edinburgh)"
loan,55.67148862748535,-4.581645193888339,1664983933,3316,1997,25,Male,N,841,Stewarton,"East Ayrshire",KA3,Ayrshire
loan,55.69221104401799,-4.340847250333882,1664983968,3347,1991,31,Male,Y,834,Dunlop,"East Ayrshire",KA3,Ayrshire
loan,58.79184999216836,-2.9676716549727074,1664984151,3359,1971,51,Male,Y,1025,"Orkney Islands",Orkney,KW17,"Orkney Islands"
loan,55.991695523046765,-3.583598773686789,1664984254,3339,1997,25,Other,Y,369,Linlithgow,"West Lothian",EH49,"Lothian (Edinburgh)"
loan,57.46999358701653,-4.186213557944954,1664984405,2611,1969,53,Male,Y,714,"Inverness (east: Culcabock, Crown, Culduthel, Drummond, Haugh, Hilton, Holm, Lochardil, Millburn, Raigmore)",Highland,IV2,"Highlands (Inverness)"
loan,56.42403621253824,-3.3519398090869448,1664984499,3346,1992,30,Female,Y,1353,Scone,"Perth and Kinross",PH2,Fife
loan,55.808612184219605,-3.967300378105815,1664984502,3364,1958,64,Female,N,1151,Motherwell,"North Lanarkshire",ML1,Glasgow
loan,57.11189096222688,-2.2068334131158847,1664984735,3374,2003,19,Female,Y,128,"Mannofield, Aberdeen",Aberdeen,"Aberdeen Southwest","North East (Aberdeen)"
loan,55.78430918703841,-4.470241193775041,1664984944,3378,1985,37,Female,Y,541,Neilston,"East Renfrewshire",G78,Glasgow
loan,55.91570227403747,-4.029560332094621,1664984951,3382,1982,40,Female,Y,514,"Cumbernauld (south: Condorrat, Lenziemill, Carbrain, Kildrum, Cumbernauld Village, Abronhill, Seafar)","North Lanarkshire",G67,Glasgow
loan,55.539271879284705,-4.628536530506898,1664985114,3384,1992,30,Male,Y,784,Troon,"South Ayrshire",KA10,Ayrshire
loan,55.787931317763295,-3.9216871084240768,1664985146,3377,1987,35,Female,Y,1147,Carfin,"North Lanarkshire",ML1,Glasgow
loan,57.14157706720678,-2.1406134755605355,1664985237,3387,1978,44,Female,Y,128,"Mannofield, Aberdeen",Aberdeen,"Aberdeen Southwest","North East (Aberdeen)"
loan,55.57610306468876,-4.423553603216058,1664985239,3366,1991,31,Female,Y,779,"Kilmarnock (centre and south: Bonnyton, Grange, Bellfield, Shortlees, Caprington, Riccarton, Hurlford)","East Ayrshire",KA1,Ayrshire
loan,57.28534869982895,-4.2077612072194235,1664985286,3388,1980,42,Male,Y,713,Culloden,Highland,IV2,"Highlands (Inverness)"
loan,55.83126113638775,-4.320140542774511,1664985311,3389,1993,29,Female,Y,653,"Netherlee, Glasgow",Glasgow,"Glasgow South",Glasgow
loan,55.90902188867122,-4.863518664097709,1664985345,3390,1994,28,Other,Y,1231,"Greenock (west: Bow Farm, Braeside, Branchton, Fort Matilda, Gateside, Greenock West, Overton, Pennyfern, Smithston)",Inverclyde,PA16,Glasgow
loan,57.71943429493904,-4.120656930310045,1664985461,3399,1969,53,Female,Y,708,Invergordon,Highland,IV18,"Highlands (Inverness)"
loan,56.27807869549808,-3.411438720349538,1664985579,3356,1976,46,Female,Y,1354,"Perth (south and east: Barnhill, Bridgend, Craigie, Kincarrathie, Upper Craigie)","Perth and Kinross",PH2,Fife
loan,55.709898289661034,-3.974386272948473,1664985640,3350,1996,26,Female,Y,1183,Hamilton,"South Lanarkshire",ML3,Glasgow
loan,56.09304210625039,-4.517696099208077,1664985793,3408,1979,43,Female,Y,501,Strathblane,Stirlingshire,G63,"Stirling and Falkirk"
loan,55.92544070355803,-3.505092113955298,1664985804,3411,1959,63,Female,Y,371,Broxburn,"West Lothian",EH52,"Lothian (Edinburgh)"
loan,57.2155156735106,-2.0839432456613354,1664985866,3415,1982,40,Female,Y,113,"Bridge of Don, Aberdeen",Aberdeen,"Aberdeen North","North East (Aberdeen)"
loan,55.898345471207215,-4.600329371624101,1664985874,3413,1969,53,Male,Y,1227,Kilmacolm,Inverclyde,PA13,Glasgow
loan,55.768782554660945,-4.2425808675989245,1664985979,3423,1966,56,Male,Y,530,"East Kilbride (north: The Village, East Mains, West Mains, Lymekilns, St Leonards, Calderwood, Nerston, Stewartfield, Peel Park)","South Lanarkshire",G74,Glasgow
loan,55.93202634657249,-4.321837523785847,1664986003,3424,1984,38,Female,Y,489,Milngavie,"East Dunbartonshire",G62,Glasgow
loan,55.85431099009928,-3.4006657425190663,1664986023,3410,1966,56,Female,Y,314,"Morningside, Edinburgh",Edinburgh,"Edinburgh South","Lothian (Edinburgh)"
loan,55.809863669055055,-4.245137660020362,1664986044,3427,1990,32,Male,Y,646,"Burnside, Glasgow",Glasgow,"Glasgow South",Glasgow
loan,55.79344878668041,-4.160417371182539,1664986118,3414,1980,42,Female,Y,529,Cambuslang,"South Lanarkshire",G72,Glasgow
loan,55.883492813689905,-4.380009832568683,1664986335,3429,1974,48,Female,Y,1264,Renfrew,Renfrewshire,PA4,Glasgow
loan,55.90967867992599,-4.736323049769175,1664986515,3433,1980,42,Female,Y,1231,"Greenock (west: Bow Farm, Braeside, Branchton, Fort Matilda, Gateside, Greenock West, Overton, Pennyfern, Smithston)",Inverclyde,PA16,Glasgow
loan,57.28257531175537,-4.214275690367799,1664986597,3447,1985,37,Female,Y,714,"Inverness (east: Culcabock, Crown, Culduthel, Drummond, Haugh, Hilton, Holm, Lochardil, Millburn, Raigmore)",Highland,IV2,"Highlands (Inverness)"
loan,55.853957973095405,-4.441275202401984,1664986607,3446,1992,30,Female,Y,1248,Linwood,Renfrewshire,PA3,Glasgow
loan,56.19976406399317,-5.37526895965243,1664986627,3458,1966,56,Female,Y,1254,Lochgilphead,"Argyll and Bute",PA31,"Argyll and Bute"
loan,54.98816113439627,-3.4475495018671367,1664986689,3456,1980,42,Female,Y,186,"Dumfries (centre and east: Dalscone, Georgetown, Heathhall, Kingholm Quay, Noblehill, The Crichton)","Dumfries and Galloway",DG1,"Dumfries and Galloway"
loan,55.92146408988304,-3.249817658038275,1664986822,3432,1977,45,Female,Y,313,"Colinton, Edinburgh",Edinburgh,"Edinburgh South","Lothian (Edinburgh)"
loan,55.88590181955501,-3.014423240791694,1664986858,3462,1995,27,Female,Y,334,Dalkeith,Midlothian,EH22,"Lothian (Edinburgh)"
loan,55.83694917571338,-4.293122742822604,1664986947,3463,1978,44,Female,N,660,"Arden, Glasgow",Glasgow,"Glasgow South",Glasgow
loan,57.690638570418194,-3.22334671047615,1664986984,3465,1993,29,Male,Y,737,Elgin,Moray,IV30,"North East (Aberdeen)"
loan,55.97335852656168,-3.4386385401715334,1664987260,3467,1963,59,Female,Y,371,Broxburn,"West Lothian",EH52,"Lothian (Edinburgh)"
loan,56.78620714602965,-3.123558665236667,1664987472,3469,1970,52,Male,Y,179,Forfar,Angus,DD8,"Tayside and Angus (Dundee)"
loan,55.84739563693211,-4.183765919636749,1664987544,3470,1983,39,Female,Y,598,Rutherglen,"South Lanarkshire","Glasgow Northeast",Glasgow
loan,55.83247738954496,-4.232825322258417,1664987817,3405,1948,74,Female,N,672,"Govan, Glasgow",Glasgow,"Glasgow Southwest",Glasgow
loan,55.81396408464534,-4.070591427528484,1664987996,3489,2001,21,Female,Y,525,Uddingston,"South Lanarkshire",G71,Glasgow
loan,55.987648136113215,-3.35392730270404,1664988008,3479,1974,48,Male,N,306,"Queensferry, Edinburgh",Edinburgh,"Edinburgh Queensferry","Lothian (Edinburgh)"
loan,55.67999425388303,-4.815037045335946,1664988158,3484,1989,33,Male,Y,813,Ardrossan,"North Ayrshire",KA22,Ayrshire
loan,55.754665266510194,-4.225614937879539,1664988198,3490,1968,54,Female,Y,534,"East Kilbride (south: Hairmyres, Westwood, The Murray, Murray East, Whitehills, Greenhill, Newlandsmuir, Gardenhall, Crosshouse, Newlands, Lindsayfield, Mossneuk)","South Lanarkshire",G75,Glasgow
loan,56.07530773481234,-3.452480759867174,1664988374,3500,1992,30,Male,N,1096,"Dunfermline (centre, north, west: Abbey Parks, Lady's Mill, Garvock, Headwell, Kingseathill, Wellwood, Milesmark, Baldridge, Pittencrieff, Baldridgeburn)",Fife,KY12,Fife
loan,57.279219902461925,-2.0490961234187957,1664988444,3494,1999,23,Male,School,112,"Dyce, Aberdeen",Aberdeen,"Aberdeen North","North East (Aberdeen)"
loan,57.237570046483825,-2.1402064847201756,1664988494,3506,1996,26,Female,Y,113,"Bridge of Don, Aberdeen",Aberdeen,"Aberdeen North","North East (Aberdeen)"
loan,56.33221230550086,-5.012360865160795,1664988614,3496,1958,64,Male,N,1255,Inveraray,"Argyll and Bute",PA32,"Argyll and Bute"
loan,55.85850977448563,-4.312658066554985,1664988725,3460,1993,29,Female,Y,676,"Mosspark, Glasgow",Glasgow,"Glasgow Southwest",Glasgow
loan,56.39608221044766,-5.494167917072237,1664988789,3512,1973,49,Female,Y,1257,Oban,"Argyll and Bute",PA34,"Argyll and Bute"
loan,56.249538693563984,-3.686819351750362,1664988791,3513,1957,65,Female,Y,397,Dollar,Clackmannanshire,FK14,"Stirling and Falkirk"
loan,56.60520331166968,-2.5535339898860947,1664988821,3503,1983,39,Female,N,141,Arbroath,Angus,DD11,"Tayside and Angus (Dundee)"
loan,55.87754576642742,-3.9107978067646227,1664988897,3515,1955,67,Female,Y,1192,Airdrie,"North Lanarkshire",ML6,Glasgow
loan,55.776958135624,-4.196459460899246,1664988927,3526,1993,29,Female,Y,530,"East Kilbride (north: The Village, East Mains, West Mains, Lymekilns, St Leonards, Calderwood, Nerston, Stewartfield, Peel Park)","South Lanarkshire",G74,Glasgow
loan,58.42088205815277,-3.0968671153370484,1664989143,3527,1960,62,Female,Y,899,Wick,Highland,KW1,"Highlands (Inverness)"
loan,54.97968225931897,-3.7969615131000056,1664989152,3522,1953,69,Female,N,215,Dalbeattie,"Dumfries and Galloway",DG5,"Dumfries and Galloway"
loan,56.53394717114258,-3.233822244323133,1664989196,3523,1998,24,Female,Y,1324,"Coupar Angus","Perth and Kinross",PH13,Fife
loan,55.80974017080884,-3.137129728405208,1664989268,3528,1985,37,Other,Y,343,Penicuik,Midlothian,EH26,"Lothian (Edinburgh)"
loan,55.99190694224719,-3.7533361243167453,1664989285,3531,1991,31,Female,N,382,Shieldhill, Falkirk,FK1,"Stirling and Falkirk"
loan,55.90883386050219,-4.340356580523932,1664989398,3529,1983,39,Male,Y,488,Bearsden,"East Dunbartonshire",G61,Glasgow
loan,57.12513647965349,-2.2822271103555356,1664989430,3532,1986,36,Female,Y,130,"Ferryhill, Aberdeen",Aberdeen,"Aberdeen Southwest","North East (Aberdeen)"
loan,55.11229679253433,-3.341777248385056,1664989471,3525,1981,41,Male,Y,196,Lockerbie,"Dumfries and Galloway",DG11,"Dumfries and Galloway"
loan,56.39993089090378,-2.8577504952955612,1664989629,3478,1974,48,Male,N,1114,"St Andrews",Fife,KY16,Fife
loan,55.76077010143314,-3.91476339115639,1664989647,3542,1982,40,Female,Y,1180,Wishaw,"North Lanarkshire",ML2,Glasgow
loan,55.90004331632116,-4.245897381829151,1664989780,3547,1985,37,Male,N,632,"Springburn, Glasgow",Glasgow,"Glasgow Northeast",Glasgow
loan,55.797128112880664,-3.9384724008223615,1664990098,3539,1984,38,Female,Y,1148,Cleland,"North Lanarkshire",ML1,Glasgow
loan,55.463779831728615,-3.680437986919584,1664990455,3558,1970,52,Female,Y,1170,Biggar,"South Lanarkshire",ML12,Glasgow
loan,56.19405287547459,-3.1329714071438293,1664990558,3563,1971,51,Female,Y,1133,"Glenrothes (centre and east: Pitteuchar, Finglassie, Stenton, Auchmuty, Pitcoudie, Balfarg, Pircairn, Collydean)",Fife,KY7,Fife
loan,56.49939130707672,-2.7965176402543817,1664990573,3556,1989,33,Female,Y,246,"West Ferry, Dundee",Dundee,"Dundee East","Tayside and Angus (Dundee)"
loan,56.006048242034794,-3.8588183865003107,1664990726,3568,1972,50,Female,N,449,Larbert,Falkirk,FK5,"Stirling and Falkirk"
loan,55.96534325009247,-4.2044120671854825,1664990744,3557,1994,28,Female,Y,509,Lenzie,"East Dunbartonshire",G66,Glasgow
loan,55.90521653464675,-3.1351950804043325,1664990773,3562,1996,26,Female,Y,322,"Gilmerton, Edinburgh",Edinburgh,"Edinburgh Southeast","Lothian (Edinburgh)"
loan,56.43547797413208,-3.3040119987835364,1664990784,3566,1967,55,Female,N,1354,"Perth (south and east: Barnhill, Bridgend, Craigie, Kincarrathie, Upper Craigie)","Perth and Kinross",PH2,Fife
loan,55.901968602420084,-3.5278454696446593,1664990807,3576,1997,25,Other,Y,375,Livingston,"West Lothian",EH54,"Lothian (Edinburgh)"
loan,55.975679808821795,-3.925833081780062,1664990833,3578,1992,30,Female,Y,441,Bonnybridge,Falkirk,FK4,"Stirling and Falkirk"
loan,56.0077342752731,-3.839389658139207,1664991022,3581,1971,51,Female,Y,450,Stenhousemuir,Falkirk,FK5,"Stirling and Falkirk"
loan,55.964404369923734,-3.781339335676285,1664991148,3590,1965,57,Female,Y,379,California, Falkirk,FK1,"Stirling and Falkirk"
loan,55.912834998304504,-4.27251480656871,1664991217,3575,1966,56,Male,Y,481,"Lambhill, Glasgow",Glasgow,G23,Glasgow
loan,55.70683788708213,-4.1856908676700995,1664991255,3594,1996,26,Female,Y,534,"East Kilbride (south: Hairmyres, Westwood, The Murray, Murray East, Whitehills, Greenhill, Newlandsmuir, Gardenhall, Crosshouse, Newlands, Lindsayfield, Mossneuk)","South Lanarkshire",G75,Glasgow
loan,55.8946854883962,-4.236677707796324,1664991273,3588,1983,39,Female,Y,634,"Maryhill, Glasgow",Glasgow,"Glasgow Northeast",Glasgow
loan,55.38061390002679,-5.754933600422746,1664991317,3577,1989,33,Male,Y,1246,Campbeltown,"Argyll and Bute",PA28,"Argyll and Bute"
loan,56.00352489313465,-2.8234684720437926,1664991345,3597,1996,26,Male,Y,347,Longniddry,"East Lothian",EH32,"Lothian (Edinburgh)"
loan,56.046147024003396,-3.4832578144947486,1664991600,3602,1989,33,Male,N,1089,"Dalgety Bay",Fife,KY11,Fife
loan,56.20768380298732,-3.212101483510048,1664991631,3623,1949,73,Female,N,1130,Leslie,Fife,KY6,Fife
loan,56.303953019265904,-3.374742445417348,1664991741,3619,2003,19,Female,Y,1354,"Perth (south and east: Barnhill, Bridgend, Craigie, Kincarrathie, Upper Craigie)","Perth and Kinross",PH2,Fife
loan,55.65372083141885,-3.715430354306698,1664991751,3611,1979,43,Male,Y,1167,Lanark,"South Lanarkshire",ML11,Glasgow
loan,55.07207510693076,-3.800798274752057,1664991754,3614,1995,27,Female,Y,207,"Dumfries (west: Broomlands, Cargenbridge, Lochside, Maxwelltown, Troqueer)","Dumfries and Galloway",DG2,"Dumfries and Galloway"
loan,55.877140087892144,-4.150140779643722,1664991815,3617,1993,29,Female,Y,602,"Baillieston, Glasgow",Glasgow,"Glasgow Northeast",Glasgow
loan,56.223128348114564,-3.1110365839208467,1664991863,3595,1985,37,Female,Y,1133,"Glenrothes (centre and east: Pitteuchar, Finglassie, Stenton, Auchmuty, Pitcoudie, Balfarg, Pircairn, Collydean)",Fife,KY7,Fife
loan,55.91216735754294,-3.2868631056289983,1664991870,3585,1982,40,Male,Y,267,"Sighthill, Edinburgh",Edinburgh,"Edinburgh Central","Lothian (Edinburgh)"
loan,56.762002802865105,-5.068064729513979,1664992064,3626,1973,49,Female,Y,1377,"Fort William",Highland,PH33,"Highlands (Inverness)"
loan,55.856788942234644,-3.0784753131744105,1664992280,3635,1999,23,Female,Y,328,Bonnyrigg,Midlothian,EH19,"Lothian (Edinburgh)"
loan,55.31409607661396,-4.5005928611317785,1664992323,3636,1995,27,Female,Y,806,Maybole,"South Ayrshire",KA19,Ayrshire
loan,56.02960120604041,-4.979607736683852,1664992471,3645,1976,46,Female,Y,1241,Dunoon,"Argyll and Bute",PA23,"Argyll and Bute"
loan,55.47441567781913,-4.593190803126254,1664992601,3659,1995,27,Other,Y,868,"Newton on Ayr","South Ayrshire",KA8,Ayrshire
loan,57.59023945151996,-3.9879539014748686,1664992753,3647,1998,24,Female,Y,713,Culloden,Highland,IV2,"Highlands (Inverness)"
loan,55.679911941457185,-4.4822956158514335,1664992761,3650,1989,33,Female,Y,837,"Kilmarnock (north: Onthank, Townholm, Altonhill, Longpark, Beansburn, New Farm Loch, Knockinlaw, Hillhead, Crookedholm)","East Ayrshire",KA3,Ayrshire
loan,55.759040991174416,-4.905017236360162,1664992979,3638,1992,30,Female,Y,832,Millport,"North Ayrshire",KA28,Ayrshire
loan,55.94413940739948,-4.862113276665634,1664992986,3639,1974,48,Male,Y,1235,Gourock,Inverclyde,PA19,Glasgow
loan,58.614266000161464,-3.342498943903306,1664993026,3660,1974,48,Female,Y,953,Reay,Highland,KW14,"Highlands (Inverness)"
loan,55.80737634123314,-3.900082342049361,1664993035,3654,1994,28,Female,Y,1150,Holytown,"North Lanarkshire",ML1,Glasgow
loan,55.91525604530834,-4.7515402634058255,1664993060,3663,1962,60,Female,N,1231,"Greenock (west: Bow Farm, Braeside, Branchton, Fort Matilda, Gateside, Greenock West, Overton, Pennyfern, Smithston)",Inverclyde,PA16,Glasgow
loan,58.89148385526417,-3.314203140587507,1664993066,3641,1960,62,Male,N,982,Stromness,Orkney,KW16,"Orkney Islands"
loan,55.939190166809425,-3.2595842106346895,1664993185,3670,1968,54,Male,Y,287,"Corstorphine, Edinburgh",Edinburgh,"Edinburgh North","Lothian (Edinburgh)"
loan,55.81504827656474,-4.078926043707892,1664993264,3631,1977,45,Male,Y,623,"Shettleston, Glasgow",Glasgow,"Glasgow Northeast",Glasgow
loan,55.964184848344416,-3.9334194881843794,1664993286,3662,1984,38,Male,Y,514,"Cumbernauld (south: Condorrat, Lenziemill, Carbrain, Kildrum, Cumbernauld Village, Abronhill, Seafar)","North Lanarkshire",G67,Glasgow
loan,55.91888907625669,-4.785034765291814,1664993296,3672,1996,26,Male,Y,1231,"Greenock (west: Bow Farm, Braeside, Branchton, Fort Matilda, Gateside, Greenock West, Overton, Pennyfern, Smithston)",Inverclyde,PA16,Glasgow
loan,55.90003314284253,-4.044274956260748,1664993432,3681,1972,50,Female,Y,1189,Coatbridge,"North Lanarkshire",ML5,Glasgow
loan,55.858744264277796,-2.9950445717283753,1664993549,3677,1974,48,Female,Y,338,Gorebridge,Midlothian,EH23,"Lothian (Edinburgh)"
loan,56.03198803268414,-2.82231271081148,1664993574,3669,1972,50,Female,Y,345,Gullane,"East Lothian",EH31,"Lothian (Edinburgh)"
loan,55.84908027587703,-4.0564891117790545,1664993654,3664,1958,64,Female,N,1189,Coatbridge,"North Lanarkshire",ML5,Glasgow
loan,55.799055428230936,-4.17650617839229,1664993893,3666,1996,26,Female,Y,528,Blantyre,"South Lanarkshire",G72,Glasgow
loan,55.8152410713884,-4.4171025823515695,1664993913,3671,1997,25,Female,Y,1236,"Paisley (south: Blackhall, Castlehead, Dykebar, Foxbar, Hunterhill, Meikleriggs)",Renfrewshire,PA2,Glasgow
loan,56.016527381917825,-3.5865963269271672,1664994161,3694,1968,54,Male,Y,370,Bo'ness,Falkirk,EH51,"Lothian (Edinburgh)"
loan,55.801940292003756,-4.8199585915522425,1664994286,3700,1989,33,Female,Y,842,Largs,"North Ayrshire",KA30,Ayrshire
loan,55.122969072760775,-4.701081926132185,1664994313,3698,1966,56,Female,Y,824,Girvan,"South Ayrshire",KA26,Ayrshire
loan,55.952134848809884,-3.2319922752011414,1664994391,3692,1989,33,Male,N,294,"Stockbridge, Edinburgh",Edinburgh,"Edinburgh North","Lothian (Edinburgh)"
loan,55.92998723210289,-3.4826258948876765,1664994492,3709,1971,51,Female,Y,371,Broxburn,"West Lothian",EH52,"Lothian (Edinburgh)"
loan,55.85177534652195,-3.0968977379125593,1664994498,3707,1973,49,Female,Y,328,Bonnyrigg,Midlothian,EH19,"Lothian (Edinburgh)"
loan,55.817592983243344,-4.357411337590616,1664994520,3713,1968,54,Female,Y,679,"Pollock, Glasgow",Glasgow,"Glasgow Southwest",Glasgow
loan,55.86985944672692,-4.261516936799542,1664994602,3687,1979,43,Female,Y,587,"Jordanhill, Glasgow",Glasgow,"Glasgow Kelvin",Glasgow
loan,55.57152331167815,-4.424016776924907,1664994675,3710,1996,26,Female,Y,779,"Kilmarnock (centre and south: Bonnyton, Grange, Bellfield, Shortlees, Caprington, Riccarton, Hurlford)","East Ayrshire",KA1,Ayrshire
loan,55.76181454071237,-4.186192935570125,1664994689,3712,1968,54,Female,Y,530,"East Kilbride (north: The Village, East Mains, West Mains, Lymekilns, St Leonards, Calderwood, Nerston, Stewartfield, Peel Park)","South Lanarkshire",G74,Glasgow
loan,55.96452596727166,-3.192163538909859,1664994725,3717,1983,39,Female,Y,288,"Murrayfield, Edinburgh",Edinburgh,"Edinburgh North","Lothian (Edinburgh)"
loan,56.47284678949481,-3.003065437950552,1664994766,3711,1983,39,Male,Y,237,"Blackness, Dundee",Dundee,"Dundee Central","Tayside and Angus (Dundee)"
loan,55.8907961478965,-3.4960293931883517,1664994930,3724,1996,26,Male,Y,375,Livingston,"West Lothian",EH54,"Lothian (Edinburgh)"
loan,55.669714133801286,-4.752984271616565,1664994990,3715,1998,24,Female,Y,812,Saltcoats,"East Ayrshire",KA21,Ayrshire
loan,56.486225392722474,-3.024623176565503,1664995022,3719,1992,30,Male,Y,236,"Lochee, Dundee",Dundee,"Dundee Central","Tayside and Angus (Dundee)"
loan,56.47087628264673,-2.866500016669245,1664995082,3725,1988,34,Male,Y,247,"Broughty Ferry, Dundee",Dundee,"Dundee East","Tayside and Angus (Dundee)"
loan,55.54062560465621,-4.501542009767275,1664995089,3734,1982,40,Female,Y,779,"Kilmarnock (centre and south: Bonnyton, Grange, Bellfield, Shortlees, Caprington, Riccarton, Hurlford)","East Ayrshire",KA1,Ayrshire
loan,60.453716119657706,-1.3733692900742416,1664995189,3730,1968,54,Female,N,1572,Leebotten,"Shetland Isles",ZE2,"Shetland Islands"
loan,55.80075587742038,-4.3522131459673785,1664995253,3732,1980,42,Female,Y,540,Barrhead,"East Renfrewshire",G78,Glasgow
loan,56.469859532105545,-2.741115412048503,1664995268,3744,1967,55,Female,Y,178,Carnoustie,Angus,DD7,"Tayside and Angus (Dundee)"
loan,56.30676062769074,-4.790385793706259,1664995335,3758,1987,35,Female,Y,559,Bonhill,"West Dunbartonshire",G83,"Argyll and Bute"
loan,54.96743150753294,-3.2651902473265033,1664995351,3746,1962,60,Female,Y,197,Annan,"Dumfries and Galloway",DG12,"Dumfries and Galloway"
loan,55.84242894939691,-4.0501552240327685,1664995428,3749,1994,28,Female,Y,1189,Coatbridge,"North Lanarkshire",ML5,Glasgow
loan,56.486247432705426,-2.834897706525275,1664995482,3751,1970,52,Female,Y,249,Monifieth,Angus,"Dundee East","Tayside and Angus (Dundee)"
loan,57.77267333443099,-4.0996106692779755,1664995558,3764,1987,35,Female,Y,708,Invergordon,Highland,IV18,"Highlands (Inverness)"
loan,56.196846869123576,-3.094673798362092,1664995571,3750,1986,36,Female,Y,1133,"Glenrothes (centre and east: Pitteuchar, Finglassie, Stenton, Auchmuty, Pitcoudie, Balfarg, Pircairn, Collydean)",Fife,KY7,Fife
loan,56.26032559679918,-4.645300996349026,1664995578,3738,1983,39,Female,N,473,"Stirling (centre and west: Kings Park, Raploch, Riverside)",Stirlingshire,FK8,"Stirling and Falkirk"
loan,55.7743546463219,-4.105277858192096,1664995639,3723,1981,41,Female,Y,528,Blantyre,"South Lanarkshire",G72,Glasgow
loan,55.87360213105767,-4.161129664832978,1664995696,3742,1981,41,Male,N,619,"Tollcross, Glasgow",Glasgow,"Glasgow Northeast",Glasgow
loan,55.98902532672796,-3.5565270267652433,1664995706,3755,1978,44,Female,Y,369,Linlithgow,"West Lothian",EH49,"Lothian (Edinburgh)"
loan,57.479078284296854,-3.4969937800719695,1664995722,3762,1963,59,Female,N,740,Forres,Moray,IV36,"North East (Aberdeen)"
loan,55.876963067332305,-4.364388304205862,1664995734,3759,1956,66,Female,Y,672,"Govan, Glasgow",Glasgow,"Glasgow Southwest",Glasgow
loan,58.64179291441164,-3.2798168821339444,1664995745,3767,1994,28,Female,Y,941,Invernaver,Highland,KW14,"Highlands (Inverness)"
loan,56.20232728265581,-2.986542647170714,1664995848,3772,1979,43,Female,Y,1142,Methil,Fife,KY8,Fife
loan,55.844717125539475,-4.117369965162493,1664996038,3778,1946,76,Female,Y,628,"Balornock, Glasgow",Glasgow,"Glasgow Northeast",Glasgow
loan,55.99083983942767,-3.6024099586398175,1664996133,825,1980,42,Female,Y,369,Linlithgow,"West Lothian",EH49,"Lothian (Edinburgh)"
loan,55.8978919119836,-4.233058494911926,1664996182,3783,1969,53,Female,Y,502,Bishopbriggs,"East Dunbartonshire",G64,Glasgow
loan,55.82409833540461,-4.282044539597175,1664996330,3795,1979,43,Female,Y,645,Clarkston,"East Renfrewshire","Glasgow South",Glasgow
loan,55.8375199896531,-4.420038212812033,1664996334,3777,1982,40,Female,Y,1236,"Paisley (south: Blackhall, Castlehead, Dykebar, Foxbar, Hunterhill, Meikleriggs)",Renfrewshire,PA2,Glasgow
loan,56.08776647543769,-3.2993074159640194,1664996475,3809,2004,18,Female,Y,1118,Aberdour,Fife,KY3,Fife
loan,55.87479703885536,-4.291661376120844,1664996532,3400,1960,62,Female,Y,588,"Broomhill, Glasgow",Glasgow,"Glasgow Kelvin",Glasgow
loan,58.62060737954484,-3.1178635148893603,1664996585,3797,1970,52,Female,Y,897,Watten,Highland,KW1,"Highlands (Inverness)"
loan,56.89799100248317,-3.574177636610678,1664996593,3804,1981,41,Female,Y,1318,Blairgowrie,"Perth and Kinross",PH10,Fife
loan,57.56597303271675,-2.53417300101586,1664996676,3805,1996,26,Female,Y,78,Turriff,Aberdeenshire,AB53,"North East (Aberdeen)"
loan,55.61280502983636,-4.649797993731056,1664996684,3796,1996,26,Female,Y,785,"Irvine (east, south: Perceton, Lawthorn, Girdle Toll, Stanecastle, Bourtreehill, Broomlands, Dreghorn, Springside)","North Ayrshire",KA11,Ayrshire
loan,55.83180565079158,-4.113357554654096,1664996939,3535,1957,65,Male,N,629,"Barmulloch, Glasgow",Glasgow,"Glasgow Northeast",Glasgow
loan,55.93677221109059,-3.2421149626003833,1664996999,3816,1969,53,Female,Y,262,"Wester Hailes, Edinburgh",Edinburgh,"Edinburgh Central","Lothian (Edinburgh)"
loan,56.152542971379496,-3.1587112039445024,1664997074,3823,1974,48,Female,Y,1079,"Kirkcaldy (east: Linktown, Port Brae, Pathhead, Sinclairtown, Smeaton, Gallatown)",Fife,KY1,Fife
loan,56.02525099401938,-3.864807351985779,1664997147,3819,1988,34,Female,Y,449,Larbert,Falkirk,FK5,"Stirling and Falkirk"
loan,55.90408243675639,-3.557208491916663,1664997215,3838,1998,24,Female,Y,375,Livingston,"West Lothian",EH54,"Lothian (Edinburgh)"
loan,55.90944104300993,-4.042360839081627,1664997275,3803,1983,39,Male,Y,1189,Coatbridge,"North Lanarkshire",ML5,Glasgow
loan,55.88822241248415,-4.320950688951215,1664997359,3825,1997,25,Female,Y,587,"Jordanhill, Glasgow",Glasgow,"Glasgow Kelvin",Glasgow
loan,57.70926996645383,-3.2729428964475598,1664997425,3832,1993,29,Female,Y,738,Lossiemouth,Moray,IV31,"North East (Aberdeen)"
loan,55.883733555900676,-3.1349860161827756,1664997448,3834,1985,37,Female,Y,322,"Gilmerton, Edinburgh",Edinburgh,"Edinburgh Southeast","Lothian (Edinburgh)"
loan,56.03222446422356,-4.702406427098654,1664997483,3081,1996,26,Other,Y,566,Helensburgh,"Argyll and Bute",G84,"Argyll and Bute"
loan,57.59640231102883,-3.3569509400129034,1664997576,3837,1990,32,Female,Y,737,Elgin,Moray,IV30,"North East (Aberdeen)"
loan,56.49710613767478,-3.648101030560853,1664997599,3841,1987,35,Female,Y,1313,"Perth (north and west: Burghmuir, Cherrybank, Hillyland, Inveralmond, Lethom, Muirton, North Muirton, Tulloch)","Perth and Kinross",PH1,Fife
loan,55.92823320500169,-3.2688352866691983,1664997608,3844,1988,34,Female,Y,277,"Canongate, Edinburgh",Edinburgh,"Edinburgh Central","Lothian (Edinburgh)"
loan,56.32835550756779,-3.3085791993384315,1664997661,3861,1994,28,Female,Y,1354,"Perth (south and east: Barnhill, Bridgend, Craigie, Kincarrathie, Upper Craigie)","Perth and Kinross",PH2,Fife
loan,55.70046182346389,-4.1858080076139474,1664997679,3850,1977,45,Female,Y,534,"East Kilbride (south: Hairmyres, Westwood, The Murray, Murray East, Whitehills, Greenhill, Newlandsmuir, Gardenhall, Crosshouse, Newlands, Lindsayfield, Mossneuk)","South Lanarkshire",G75,Glasgow
loan,55.917390952702014,-3.2924375994219495,1664997734,3830,1970,52,Female,Y,262,"Wester Hailes, Edinburgh",Edinburgh,"Edinburgh Central","Lothian (Edinburgh)"
loan,57.13659909548192,-2.129744868978423,1664997734,3814,1993,29,Male,Y,128,"Mannofield, Aberdeen",Aberdeen,"Aberdeen Southwest","North East (Aberdeen)"
loan,57.60686499117192,-4.4317387272655715,1664997793,3831,1981,41,Female,Y,705,Dingwall,Highland,IV15,"Highlands (Inverness)"
loan,55.640539420449244,-4.713008197956414,1664997796,3845,1998,24,Female,Y,811,Stevenston,"North Ayrshire",KA20,Ayrshire
loan,55.960230430311434,-3.289794048854523,1664997827,3847,1960,62,Female,N,279,"Clermiston and Drumbrae, Edinburgh",Edinburgh,"Edinburgh Clermiston Granton","Lothian (Edinburgh)"
loan,55.90717845590604,-3.1459896420822906,1664997931,3834,1985,37,Female,Y,322,"Gilmerton, Edinburgh",Edinburgh,"Edinburgh Southeast","Lothian (Edinburgh)"
loan,55.97120545535812,-3.2205139254044486,1664997936,3847,1960,62,Female,N,279,"Clermiston and Drumbrae, Edinburgh",Edinburgh,"Edinburgh Clermiston Granton","Lothian (Edinburgh)"
loan,55.871009003067606,-4.125176285117931,1664998134,3856,1979,43,Female,Y,632,"Springburn, Glasgow",Glasgow,"Glasgow Northeast",Glasgow
loan,55.62850235133709,-4.681654846397626,1664998164,3854,1981,41,Male,Y,787,"Irvine (centre: Castlepark, Tarryholme)","North Ayrshire",KA12,Ayrshire
loan,55.75175085095943,-4.255680032191534,1664998305,3876,1978,44,Female,Y,530,"East Kilbride (north: The Village, East Mains, West Mains, Lymekilns, St Leonards, Calderwood, Nerston, Stewartfield, Peel Park)","South Lanarkshire",G74,Glasgow
loan,55.9458656660591,-3.9348267685589207,1664998449,3883,1990,32,Male,Y,514,"Cumbernauld (south: Condorrat, Lenziemill, Carbrain, Kildrum, Cumbernauld Village, Abronhill, Seafar)","North Lanarkshire",G67,Glasgow
loan,55.95037123205074,-3.119489556172307,1664998486,3877,1957,65,Male,N,281,"Portobello, Edinburgh",Edinburgh,"Edinburgh Duddingston","Lothian (Edinburgh)"
loan,56.107315454409935,-3.203819212685873,1664998500,3863,1978,44,Female,Y,1117,"Kirkcaldy (west: Hayfield, Templehall, Newliston, Chapel, Dunnikier, Bennochy)",Fife,KY2,Fife
loan,55.80706821457016,-3.974611085871064,1664998539,3881,1961,61,Female,Y,1151,Motherwell,"North Lanarkshire",ML1,Glasgow
loan,55.9039562254984,-4.323009809624402,1664998590,3573,1998,24,Male,Y,488,Bearsden,"East Dunbartonshire",G61,Glasgow
loan,57.60788293914984,-4.202029710547791,1664998597,3886,1981,41,Female,Y,778,Avoch,Highland,IV9,"Highlands (Inverness)"
loan,55.74044560375671,-3.963522295983453,1664998598,3894,1977,45,Female,Y,1217,Larkhall,"North Lanarkshire",ML9,Glasgow
loan,55.95986756076695,-4.250834778945258,1664998609,3701,1969,53,Female,Y,502,Bishopbriggs,"East Dunbartonshire",G64,Glasgow
loan,55.93563996969797,-4.70125857048993,1664998615,3875,1993,29,Female,Y,1229,"Port Glasgow",Inverclyde,PA14,Glasgow
loan,55.82257982431849,-4.255182013012953,1664998810,3878,1967,55,Female,Y,652,"King's Park, Glasgow",Glasgow,"Glasgow South",Glasgow
loan,55.871922515691175,-3.855627533727393,1664998812,3689,1982,40,Female,N,1192,Airdrie,"North Lanarkshire",ML6,Glasgow
loan,55.85688188691448,-3.3973993501834383,1664998812,3898,1996,26,Male,Y,313,"Colinton, Edinburgh",Edinburgh,"Edinburgh South","Lothian (Edinburgh)"
loan,56.4256899931921,-3.3819591855533817,1664998819,3880,1988,34,Female,Y,1352,Meikleour,"Perth and Kinross",PH2,Fife
loan,55.78734647677893,-4.062483677233635,1664998870,3892,1988,34,Male,Y,1183,Hamilton,"South Lanarkshire",ML3,Glasgow
loan,55.7860911975658,-4.084858961932699,1664998887,3891,1981,41,Female,Y,528,Blantyre,"South Lanarkshire",G72,Glasgow
loan,55.80964972124314,-4.2597667166374045,1664998892,3885,1993,29,Male,Y,647,"Pollokshields, Glasgow",Glasgow,"Glasgow South",Glasgow
loan,56.06325324439182,-3.605021942690533,1664998915,3907,1974,48,Female,N,1096,"Dunfermline (centre, north, west: Abbey Parks, Lady's Mill, Garvock, Headwell, Kingseathill, Wellwood, Milesmark, Baldridge, Pittencrieff, Baldridgeburn)",Fife,KY12,Fife
loan,55.87371470467189,-4.185081254287198,1664998937,3888,1996,26,Female,Y,483,Stepps,"North Lanarkshire",G33,Glasgow
loan,57.08255667122123,-2.2731858235967035,1664999124,3909,1973,49,Male,Y,128,"Mannofield, Aberdeen",Aberdeen,"Aberdeen Southwest","North East (Aberdeen)"
loan,60.139407900373186,-1.3618460316285026,1664999141,3911,1993,29,Female,Y,1500,Lerwick,"Shetland Isles",ZE1,"Shetland Islands"
loan,55.83233401227365,-4.48301109195926,1664999172,3905,1985,37,Female,N,1276,Johnstone,Renfrewshire,PA5,Glasgow
loan,55.941836888254336,-4.023490207877525,1664999269,3818,1972,50,Female,N,517,"Cumbernauld (north: Balloch, Eastfield, Carrickstone, Smithstone, Blackwood, Westfield)","North Lanarkshire",G68,Glasgow
loan,56.14699611159554,-3.228690069106728,1664999271,3916,1965,57,Female,N,1117,"Kirkcaldy (west: Hayfield, Templehall, Newliston, Chapel, Dunnikier, Bennochy)",Fife,KY2,Fife
loan,56.18680825065082,-3.1279331974976885,1664999325,3862,1987,35,Female,N,1133,"Glenrothes (centre and east: Pitteuchar, Finglassie, Stenton, Auchmuty, Pitcoudie, Balfarg, Pircairn, Collydean)",Fife,KY7,Fife
loan,57.19195982323473,-2.2703657829406634,1664999453,3923,1989,33,Female,Y,124,Newmachar,Aberdeenshire,"Aberdeen North","North East (Aberdeen)"
loan,57.248416470393146,-2.176907718796674,1664999482,3930,1976,46,Female,Y,112,"Dyce, Aberdeen",Aberdeen,"Aberdeen North","North East (Aberdeen)"
loan,55.88710242862176,-4.411788898010418,1664999511,3932,1986,36,Female,Y,1264,Renfrew,Renfrewshire,PA4,Glasgow
loan,57.18769787343794,-4.467900742276293,1664999513,3922,1971,51,Male,Y,714,"Inverness (east: Culcabock, Crown, Culduthel, Drummond, Haugh, Hilton, Holm, Lochardil, Millburn, Raigmore)",Highland,IV2,"Highlands (Inverness)"
loan,55.88126310148036,-3.3350339220629444,1664999569,3906,1996,26,Female,Y,313,"Colinton, Edinburgh",Edinburgh,"Edinburgh South","Lothian (Edinburgh)"
loan,56.10501584522438,-3.1870739488467468,1664999579,3926,1971,51,Female,Y,1117,"Kirkcaldy (west: Hayfield, Templehall, Newliston, Chapel, Dunnikier, Bennochy)",Fife,KY2,Fife
loan,57.42706614040469,-3.9458688626261402,1664999653,3917,2000,22,Other,Y,702,Auldearn,Highland,IV12,"Highlands (Inverness)"
loan,55.91538811234841,-3.841561724641925,1664999779,3939,1981,41,Female,Y,377,"Falkirk (centre and south: Arnothill, Bantaskin, Callendar Park, Glen Village, Hallglen, Lionthorn, Tamfourhill, Woodlands)",Falkirk,FK1,"Stirling and Falkirk"
loan,55.805734295508884,-4.271930363406559,1664999893,3938,1984,38,Male,Y,645,Clarkston,"East Renfrewshire","Glasgow South",Glasgow
loan,55.84534490021024,-4.285064266600774,1664999909,3936,1969,53,Female,Y,653,"Netherlee, Glasgow",Glasgow,"Glasgow South",Glasgow
loan,55.85513681850902,-3.375106611912957,1665000045,3949,1994,28,Male,Y,319,"Blackford, Edinburgh",Edinburgh,"Edinburgh South","Lothian (Edinburgh)"
loan,55.76348410695053,-4.053302072010565,1665000051,3947,1958,64,Female,Y,1183,Hamilton,"South Lanarkshire",ML3,Glasgow
loan,55.768398863863375,-4.129293104277042,1665000054,3952,1997,25,Female,N,528,Blantyre,"South Lanarkshire",G72,Glasgow
loan,55.81102878597423,-2.2792796360850285,1665000132,3910,1967,55,Female,Y,1423,Duns,"Scottish Borders",TD11,Borders
loan,55.65142366704421,-3.2113257290542583,1665000136,3839,1972,50,Female,Y,362,Peebles,"Scottish Borders",EH45,Borders
loan,55.991574984641026,-3.400747604364175,1665000181,3950,1971,51,Female,Y,306,"Queensferry, Edinburgh",Edinburgh,"Edinburgh Queensferry","Lothian (Edinburgh)"
loan,57.48641277373904,-4.227611271437691,1665000181,3945,1997,25,Female,Y,698,"North Kessock",Highland,IV1,"Highlands (Inverness)"
loan,55.65274565768163,-4.158966682440654,1665000188,3935,1997,25,Female,Y,1160,Strathaven,"North Lanarkshire",ML10,Glasgow
loan,55.82307794640048,-3.3889445114993872,1665000278,3967,1980,42,Female,Y,308,"Liberton, Edinburgh",Edinburgh,"Edinburgh South","Lothian (Edinburgh)"
loan,56.09958590599356,-4.285169453641553,1665000353,3934,1975,47,Female,Y,473,"Stirling (centre and west: Kings Park, Raploch, Riverside)",Stirlingshire,FK8,"Stirling and Falkirk"
loan,55.86218243303404,-3.3801517515422033,1665000449,3933,1996,26,Male,Y,314,"Morningside, Edinburgh",Edinburgh,"Edinburgh South","Lothian (Edinburgh)"
loan,57.14779238523207,-2.1645412876472583,1665000483,3957,1976,46,Male,Y,107,"Rosemount, Aberdeen",Aberdeen,"Aberdeen Central","North East (Aberdeen)"
loan,55.93662445284451,-3.939065456640813,1665000828,3969,1969,53,Female,Y,514,"Cumbernauld (south: Condorrat, Lenziemill, Carbrain, Kildrum, Cumbernauld Village, Abronhill, Seafar)","North Lanarkshire",G67,Glasgow
loan,55.83049591445278,-4.491130602065737,1665000831,3963,1977,45,Female,N,1276,Johnstone,Renfrewshire,PA5,Glasgow
loan,56.442030004284376,-3.6052531568154933,1665000859,3974,1986,36,Female,Y,1313,"Perth (north and west: Burghmuir, Cherrybank, Hillyland, Inveralmond, Lethom, Muirton, North Muirton, Tulloch)","Perth and Kinross",PH1,Fife
loan,55.91803468380926,-4.249181077812148,1665000862,3962,1983,39,Female,Y,502,Bishopbriggs,"East Dunbartonshire",G64,Glasgow
loan,57.03853107698688,-2.603985098088449,1665001007,3980,1983,39,Female,Y,22,Banchory,Aberdeenshire,AB31,"North East (Aberdeen)"
loan,56.57588119116825,-4.167380127888002,1665001335,3993,1981,41,Female,Y,1327,Aberfeldy,"Perth and Kinross",PH15,Fife
loan,56.05537521443627,-3.396639870902017,1665001425,3985,1987,35,Male,Y,1090,"Dunfermline (south and east: Halbeath, Touch, Duloch, Masterton, Pitcorthie, Abbeyview, Brucefield, Hospital Hill, Camdean, Pitreavie)",Fife,KY11,Fife
loan,56.192671790624274,-3.7237895851540954,1665001513,3997,1976,46,Female,Y,397,Dollar,Clackmannanshire,FK14,"Stirling and Falkirk"
loan,55.83425663861456,-4.203332309169415,1665001567,3989,1977,45,Female,Y,620,"Mount Vernon, Glasgow",Glasgow,"Glasgow Northeast",Glasgow
loan,56.304025428765016,-3.6091865129342393,1665001853,3928,1993,29,Female,Y,1354,"Perth (south and east: Barnhill, Bridgend, Craigie, Kincarrathie, Upper Craigie)","Perth and Kinross",PH2,Fife
loan,55.93926018969588,-4.243662213406712,1665001878,3999,1968,54,Female,Y,502,Bishopbriggs,"East Dunbartonshire",G64,Glasgow
loan,56.484115801163746,-2.9810145580623204,1665001879,4009,1991,31,Male,Y,233,"Fairmuir, Dundee",Dundee,"Dundee Bluebelt","Tayside and Angus (Dundee)"
loan,55.79977442187075,-3.5657744854466995,1665002039,4016,1982,40,Female,Y,376,"West Calder","West Lothian",EH55,"Lothian (Edinburgh)"
loan,55.639296291889956,-4.74232667870367,1665002062,4019,1985,37,Female,Y,811,Stevenston,"North Ayrshire",KA20,Ayrshire
loan,55.866571139220504,-4.423864679607008,1665002091,4000,1975,47,Male,Y,1249,"Paisley (north west: Ferguslie Park, Gallowhill, Gockston, Shortroods, )",Renfrewshire,PA3,Glasgow
loan,55.888033932911476,-3.319500924781286,1665002118,4032,2006,16,Female,School,316,"Bruntsfield, Edinburgh",Edinburgh,"Edinburgh South","Lothian (Edinburgh)"
loan,57.47063770834159,-4.273566997675372,1665002231,4022,1968,54,Female,Y,736,"Inverness (west: Ballifeary, Balnafettack, Clachnaharry, Dalneigh, Kinmylies, Leachkin, Merkinch, Muirtown, South Kessock)",Highland,IV3,"Highlands (Inverness)"
loan,55.957356075731326,-4.0699543953844435,1665002233,4038,1995,27,Male,N,506,Kilsyth,"North Lanarkshire",G65,Glasgow
loan,55.57482516792581,-4.487017259370936,1665002338,3994,1971,51,Female,N,779,"Kilmarnock (centre and south: Bonnyton, Grange, Bellfield, Shortlees, Caprington, Riccarton, Hurlford)","East Ayrshire",KA1,Ayrshire
loan,56.101742672618165,-4.223595548179113,1665002429,4023,1985,37,Male,Y,473,"Stirling (centre and west: Kings Park, Raploch, Riverside)",Stirlingshire,FK8,"Stirling and Falkirk"
loan,56.26689291827324,-4.036350930615801,1665002439,4018,1975,47,Female,Y,409,Doune,Stirlingshire,FK16,"Stirling and Falkirk"
loan,55.830363216468314,-4.2696684454045055,1665002521,4035,1978,44,Female,Y,652,"King's Park, Glasgow",Glasgow,"Glasgow South",Glasgow
loan,55.8141060445795,-3.931460060530995,1665002620,4041,1989,33,Male,Y,1151,Motherwell,"North Lanarkshire",ML1,Glasgow
loan,55.8642508292796,-4.149144235891623,1665002794,3856,1979,43,Female,Y,632,"Springburn, Glasgow",Glasgow,"Glasgow Northeast",Glasgow
loan,55.844824279721884,-4.264991180749842,1665002830,4049,1962,60,Female,Y,672,"Govan, Glasgow",Glasgow,"Glasgow Southwest",Glasgow
loan,56.09069481390397,-3.175657362583456,1665002853,3926,1971,51,Female,Y,1117,"Kirkcaldy (west: Hayfield, Templehall, Newliston, Chapel, Dunnikier, Bennochy)",Fife,KY2,Fife
loan,57.64836573643968,-3.4128639077846152,1665002935,4050,1996,26,Male,Y,737,Elgin,Moray,IV30,"North East (Aberdeen)"
loan,55.924274687752586,-3.2722977907124275,1665003139,4063,1969,53,Female,Y,263,"Longstone, Edinburgh",Edinburgh,"Edinburgh Central","Lothian (Edinburgh)"
loan,55.91222144186414,-3.227881258908647,1665003167,4061,1994,28,Female,Y,305,"Oxgangs, Edinburgh",Edinburgh,"Edinburgh Oxgangs","Lothian (Edinburgh)"
loan,55.89625235222356,-4.452762623491737,1665003267,4071,1999,23,Male,N,1306,Erskine,Renfrewshire,PA8,Glasgow
loan,55.6198844425172,-2.879686570868543,1665003367,4065,1976,46,Female,Y,1413,Galashiels,"Scottish Borders",TD1,Borders
loan,55.86117010613912,-4.215432565801507,1665003443,4070,1964,58,Female,Y,627,"Dennistoun, Glasgow",Glasgow,"Glasgow Northeast",Glasgow
loan,55.97021244125329,-3.359011421034402,1665003584,4043,1989,33,Male,Y,306,"Queensferry, Edinburgh",Edinburgh,"Edinburgh Queensferry","Lothian (Edinburgh)"
loan,55.62912280705547,-3.943715537296488,1665003646,4078,1996,26,Female,Y,1167,Lanark,"South Lanarkshire",ML11,Glasgow
loan,55.89223833257994,-3.866526585709371,1665003656,2618,2002,20,Female,Y,1192,Airdrie,"North Lanarkshire",ML6,Glasgow
loan,55.701152880114435,-4.185769591137836,1665003678,4083,1982,40,Female,Y,534,"East Kilbride (south: Hairmyres, Westwood, The Murray, Murray East, Whitehills, Greenhill, Newlandsmuir, Gardenhall, Crosshouse, Newlands, Lindsayfield, Mossneuk)","South Lanarkshire",G75,Glasgow
loan,55.86687642192906,-3.936878224421206,1665003704,4051,1966,56,Female,N,1194,Caldercruix,"North Lanarkshire",ML6,Glasgow
loan,55.909068252732816,-4.395210629772095,1665003839,4084,1974,48,Female,N,546,Clydebank,"West Dunbartonshire",G81,Glasgow
loan,55.88653571122362,-4.454216283095233,1665003871,4090,1972,50,Female,Y,1264,Renfrew,Renfrewshire,PA4,Glasgow
loan,55.828526982448345,-4.204944791436734,1665003938,4034,1980,42,Female,Y,660,"Arden, Glasgow",Glasgow,"Glasgow South",Glasgow
loan,55.81282530995435,-3.9396086580884897,1665003951,4039,1989,33,Male,Y,1151,Motherwell,"North Lanarkshire",ML1,Glasgow
loan,55.87903214632318,-3.553498427392496,1665003952,4093,1995,27,Male,N,375,Livingston,"West Lothian",EH54,"Lothian (Edinburgh)"
loan,57.76132751718876,-4.301874724849488,1665003994,4095,1974,48,Male,N,707,Alness,Highland,IV17,"Highlands (Inverness)"
loan,55.932170740971834,-4.098595565294008,1665004074,4087,1996,26,Male,Y,507,Kirkintilloch,"East Dunbartonshire",G66,Glasgow
loan,56.25364710269579,-3.031186232113385,1665004146,4096,1960,62,Female,Y,1104,Ceres,Fife,KY15,Fife
loan,55.832969476686166,-4.274006285451115,1665004256,4034,1980,42,Female,Y,660,"Arden, Glasgow",Glasgow,"Glasgow South",Glasgow
loan,55.895568460388034,-3.492096275424424,1665004264,4094,1967,55,Female,Y,375,Livingston,"West Lothian",EH54,"Lothian (Edinburgh)"
loan,57.41308938369998,-2.4897062327624178,1665004299,4110,1977,45,Female,Y,67,Oldmeldrum,Aberdeenshire,AB51,"North East (Aberdeen)"
loan,55.92190566967504,-3.1432297414373584,1665004477,4114,1999,23,Other,School,325,"Niddrie, Edinburgh",Edinburgh,"Edinburgh Southeast","Lothian (Edinburgh)"
loan,56.52315664613413,-4.430380953239563,1665004488,4119,1980,42,Female,Y,438,Killin,Stirlingshire,FK21,"Stirling and Falkirk"
loan,55.844520913838885,-3.3637097555876267,1665004509,4109,1985,37,Female,Y,314,"Morningside, Edinburgh",Edinburgh,"Edinburgh South","Lothian (Edinburgh)"
loan,56.090110638668236,-3.2464685575364505,1665004545,4101,1990,32,Female,Y,1117,"Kirkcaldy (west: Hayfield, Templehall, Newliston, Chapel, Dunnikier, Bennochy)",Fife,KY2,Fife
loan,55.844281477888785,-3.3396993544933387,1665004585,4126,1986,36,Female,Y,319,"Blackford, Edinburgh",Edinburgh,"Edinburgh South","Lothian (Edinburgh)"
loan,55.77137239906105,-4.265437262029529,1665004600,4115,1989,33,Female,Y,530,"East Kilbride (north: The Village, East Mains, West Mains, Lymekilns, St Leonards, Calderwood, Nerston, Stewartfield, Peel Park)","South Lanarkshire",G74,Glasgow
loan,55.9221995071794,-3.245913859617294,1665004613,4118,1966,56,Female,Y,316,"Bruntsfield, Edinburgh",Edinburgh,"Edinburgh South","Lothian (Edinburgh)"
loan,56.61512729587003,-2.74999497196285,1665004621,4124,1971,51,Male,Y,179,Forfar,Angus,DD8,"Tayside and Angus (Dundee)"
loan,56.27017391923946,-3.44142513467053,1665004692,4130,1976,46,Male,Y,1353,Scone,"Perth and Kinross",PH2,Fife
loan,55.72059398448867,-4.163168228583619,1665004699,4127,1980,42,Female,Y,534,"East Kilbride (south: Hairmyres, Westwood, The Murray, Murray East, Whitehills, Greenhill, Newlandsmuir, Gardenhall, Crosshouse, Newlands, Lindsayfield, Mossneuk)","South Lanarkshire",G75,Glasgow
loan,56.02606652785873,-3.704189351860756,1665004727,4120,1954,68,Male,Y,439,Grangemouth,Falkirk,FK3,"Stirling and Falkirk"
loan,55.975542567764215,-4.180685865308713,1665004767,4087,1996,26,Male,Y,507,Kirkintilloch,"East Dunbartonshire",G66,Glasgow
loan,55.759875940082914,-4.460177388526682,1665004885,4134,1977,45,Female,Y,541,Neilston,"East Renfrewshire",G78,Glasgow
loan,55.91431394160005,-4.034050499118187,1665004896,4116,1993,29,Male,Y,514,"Cumbernauld (south: Condorrat, Lenziemill, Carbrain, Kildrum, Cumbernauld Village, Abronhill, Seafar)","North Lanarkshire",G67,Glasgow
loan,55.9799326802271,-3.2282074242191956,1665004926,4112,1995,27,Female,Y,279,"Clermiston and Drumbrae, Edinburgh",Edinburgh,"Edinburgh Clermiston Granton","Lothian (Edinburgh)"
loan,55.75265545351965,-4.08327696137455,1665005006,4138,1970,52,Male,Y,1183,Hamilton,"South Lanarkshire",ML3,Glasgow
loan,55.84801589307707,-3.9974842443022327,1665005034,4139,1975,47,Female,Y,1189,Coatbridge,"North Lanarkshire",ML5,Glasgow
loan,57.07584667433119,-4.3589929577074376,1665005056,4140,1966,56,Female,Y,1376,"Fort Augustus",Highland,PH32,"Highlands (Inverness)"
loan,55.683602330585224,-4.797046227421491,1665005068,4142,1994,28,Female,Y,813,Ardrossan,"North Ayrshire",KA22,Ayrshire
loan,55.921177198770984,-4.803447758208261,1665005287,4148,1975,47,Female,Y,1231,"Greenock (west: Bow Farm, Braeside, Branchton, Fort Matilda, Gateside, Greenock West, Overton, Pennyfern, Smithston)",Inverclyde,PA16,Glasgow
loan,55.31829112833811,-5.784282005764647,1665005312,4141,1971,51,Female,Y,1246,Campbeltown,"Argyll and Bute",PA28,"Argyll and Bute"
loan,56.254331711661024,-2.9471832801555,1665005381,4131,1958,64,Female,N,1140,Leven,Fife,KY8,Fife
loan,55.918306418286356,-3.6911152215465868,1665005488,4143,1981,41,Male,Y,368,Bathgate,"West Lothian",EH48,"Lothian (Edinburgh)"
loan,55.79397737910889,-4.10031677107155,1665005516,4159,1984,38,Female,Y,528,Blantyre,"South Lanarkshire",G72,Glasgow
loan,55.74664661816727,-2.905938220183965,1665005592,4146,1971,51,Male,Y,1413,Galashiels,"Scottish Borders",TD1,Borders
loan,55.87975768329492,-3.2365246077817384,1665005677,4158,1964,58,Female,N,316,"Bruntsfield, Edinburgh",Edinburgh,"Edinburgh South","Lothian (Edinburgh)"
loan,55.944321100699575,-4.853238629576002,1665005868,4170,1977,45,Female,Y,1235,Gourock,Inverclyde,PA19,Glasgow
loan,55.94284011144036,-4.763600905316534,1665005920,4145,1976,46,Female,Y,1230,"Greenock (central and east: Bogston, Bridgend, Cartsdyke, Gibshill, Greenock Central, Ladyburn, Upper Ingleston)",Inverclyde,PA15,Glasgow
loan,55.758059597888554,-4.217784970544417,1665005979,4169,1990,32,Female,Y,534,"East Kilbride (south: Hairmyres, Westwood, The Murray, Murray East, Whitehills, Greenhill, Newlandsmuir, Gardenhall, Crosshouse, Newlands, Lindsayfield, Mossneuk)","South Lanarkshire",G75,Glasgow
loan,58.21834573826143,-6.369310532581256,1665006043,4176,1977,45,Female,Y,686,"Stornoway, Isle of Lewis","Western Isles",HS1,"Western Isles"
loan,57.383560177721634,-4.781265358212078,1665006081,4175,2005,17,Male,School,743,Kiltarlity,Highland,IV4,"Highlands (Inverness)"
loan,57.264471205995974,-6.152462265954559,1665006153,4197,1968,54,Female,N,759,"Broadford, Isle of Skye",Highland,IV49,"Highlands (Inverness)"
loan,55.89690256497562,-4.731558111528817,1665006252,4200,1994,28,Male,Y,1227,Kilmacolm,Inverclyde,PA13,Glasgow
loan,55.950898954475505,-3.9824512008260706,1665006257,4193,1969,53,Female,N,514,"Cumbernauld (south: Condorrat, Lenziemill, Carbrain, Kildrum, Cumbernauld Village, Abronhill, Seafar)","North Lanarkshire",G67,Glasgow
loan,55.81530840977024,-3.9390506747669845,1665006262,4185,1970,52,Male,Y,1151,Motherwell,"North Lanarkshire",ML1,Glasgow
loan,55.768145854893255,-4.275103502280754,1665006304,4189,1974,48,Male,Y,530,"East Kilbride (north: The Village, East Mains, West Mains, Lymekilns, St Leonards, Calderwood, Nerston, Stewartfield, Peel Park)","South Lanarkshire",G74,Glasgow
loan,56.276543454619826,-2.9820828980459515,1665006385,4188,1990,32,Female,Y,1105,Cupar,Fife,KY15,Fife
loan,56.95998932340719,-5.641221638746854,1665006436,4195,1970,52,Female,Y,1392,Mallaig,Highland,PH41,"Highlands (Inverness)"
loan,55.969882061911854,-3.9443750303433855,1665006575,4194,1977,45,Female,Y,514,"Cumbernauld (south: Condorrat, Lenziemill, Carbrain, Kildrum, Cumbernauld Village, Abronhill, Seafar)","North Lanarkshire",G67,Glasgow
loan,55.803025825823276,-3.624541292113565,1665006651,4206,1980,42,Female,Y,1167,Lanark,"South Lanarkshire",ML11,Glasgow
loan,56.094106554645776,-3.5760319401636615,1665006746,4214,1982,40,Female,Y,1096,"Dunfermline (centre, north, west: Abbey Parks, Lady's Mill, Garvock, Headwell, Kingseathill, Wellwood, Milesmark, Baldridge, Pittencrieff, Baldridgeburn)",Fife,KY12,Fife
loan,55.76680238782439,-4.8210393428748715,1665006883,4202,1950,72,Female,N,815,Dalry,"North Ayrshire",KA24,Ayrshire
loan,55.68740328089112,-3.9991882161785424,1665006929,3894,1977,45,Female,Y,1217,Larkhall,"North Lanarkshire",ML9,Glasgow
loan,56.35868316131692,-3.293474044608024,1665006977,4225,1971,51,Female,Y,1354,"Perth (south and east: Barnhill, Bridgend, Craigie, Kincarrathie, Upper Craigie)","Perth and Kinross",PH2,Fife
loan,55.86086605147448,-4.286694438353288,1665007034,4210,1986,36,Female,Y,593,"West End, Glasgow",Glasgow,"Glasgow Kelvin",Glasgow
loan,55.91384274654159,-3.1932179406776795,1665007056,4235,1975,47,Female,Y,320,"Newington, Edinburgh",Edinburgh,"Edinburgh South","Lothian (Edinburgh)"
loan,55.726511271900065,-4.673678199340553,1665007063,4202,1950,72,Female,N,815,Dalry,"North Ayrshire",KA24,Ayrshire
loan,55.38152439932563,-4.3662164889497035,1665007157,4232,1977,45,Female,Y,851,Coylton,"South Ayrshire",KA6,Ayrshire
loan,58.554745235316645,-3.291146910412961,1665007196,4219,1993,29,Female,Y,900,"John O'Groats",Highland,KW1,"Highlands (Inverness)"
loan,55.88728118830047,-4.8450863890736935,1665007271,4220,1998,24,Male,N,1231,"Greenock (west: Bow Farm, Braeside, Branchton, Fort Matilda, Gateside, Greenock West, Overton, Pennyfern, Smithston)",Inverclyde,PA16,Glasgow
loan,55.928262253299685,-4.368062118609398,1665007341,4243,1970,52,Female,Y,488,Bearsden,"East Dunbartonshire",G61,Glasgow
loan,55.8920789691073,-4.303803405318643,1665007369,4248,1979,43,Male,Y,591,"Hillhead, Glasgow",Glasgow,"Glasgow Kelvin",Glasgow
loan,55.74325236585136,-4.042345560153318,1665007536,4251,1994,28,Female,Y,1183,Hamilton,"South Lanarkshire",ML3,Glasgow
loan,57.52910904941192,-3.69749188429827,1665007553,4250,1994,28,Female,Y,740,Forres,Moray,IV36,"North East (Aberdeen)"
loan,55.87517448415904,-3.665389221784045,1665007643,4258,1977,45,Female,Y,368,Bathgate,"West Lothian",EH48,"Lothian (Edinburgh)"
loan,55.829559010709794,-4.295856622591543,1665007663,4254,1993,29,Female,Y,658,"Giffnock, Glasgow",Glasgow,"Glasgow South",Glasgow
loan,55.79757683068734,-3.896265625087655,1665007820,4261,1956,66,Male,N,1151,Motherwell,"North Lanarkshire",ML1,Glasgow
loan,56.07023547404499,-4.813902607080107,1665007821,4247,1982,40,Male,Y,566,Helensburgh,"Argyll and Bute",G84,"Argyll and Bute"
loan,55.92469312098854,-3.2924483355827645,1665007867,4257,1976,46,Female,Y,267,"Sighthill, Edinburgh",Edinburgh,"Edinburgh Central","Lothian (Edinburgh)"
loan,55.91753746063479,-4.3725070934315795,1665007948,4253,1954,68,Female,N,638,"Drumchapel, Glasgow",Glasgow,"Glasgow Northwest",Glasgow
loan,55.92259351665958,-4.8063147003126065,1665007973,4148,1975,47,Female,Y,1231,"Greenock (west: Bow Farm, Braeside, Branchton, Fort Matilda, Gateside, Greenock West, Overton, Pennyfern, Smithston)",Inverclyde,PA16,Glasgow
loan,55.80282669384829,-3.8953451962566708,1665007976,4262,1971,51,Male,Y,1151,Motherwell,"North Lanarkshire",ML1,Glasgow
loan,55.49119186223188,-4.5784992125234645,1665008023,4267,1994,28,Female,Y,851,Coylton,"South Ayrshire",KA6,Ayrshire
loan,55.53477136955689,-4.621112331894135,1665008102,4270,1971,51,Female,Y,784,Troon,"South Ayrshire",KA10,Ayrshire
loan,55.69734582879855,-4.193918272037218,1665008143,4268,1997,25,Female,N,534,"East Kilbride (south: Hairmyres, Westwood, The Murray, Murray East, Whitehills, Greenhill, Newlandsmuir, Gardenhall, Crosshouse, Newlands, Lindsayfield, Mossneuk)","South Lanarkshire",G75,Glasgow
loan,55.918172253068704,-4.197470224747665,1665008381,4278,1973,49,Female,Y,502,Bishopbriggs,"East Dunbartonshire",G64,Glasgow
loan,55.936796038353755,-3.0701391545950165,1665008507,4280,1998,24,Female,Y,330,Musselburgh,"East Lothian",EH21,"Lothian (Edinburgh)"
loan,55.9360227537846,-4.384979141555763,1665008570,4283,1963,59,Female,Y,546,Clydebank,"West Dunbartonshire",G81,Glasgow
loan,55.919410153758946,-5.180709933658589,1665008633,4269,1995,27,Male,N,1237,"Isle of Bute","Argyll and Bute",PA20,"Argyll and Bute"
loan,55.75881834783986,-4.516501233763574,1665008666,4287,1981,41,Female,Y,540,Barrhead,"East Renfrewshire",G78,Glasgow
loan,57.61814935848847,-4.39484001622033,1665008757,4288,1979,43,Male,Y,705,Dingwall,Highland,IV15,"Highlands (Inverness)"
loan,55.877112388629044,-3.3047054510122043,1665008796,4275,1965,57,Female,Y,314,"Morningside, Edinburgh",Edinburgh,"Edinburgh South","Lothian (Edinburgh)"
loan,55.975392750735764,-4.546786051966873,1665009107,4292,1996,26,Female,Y,549,Dumbarton,"West Dunbartonshire",G82,Glasgow
loan,55.57223043643371,-4.454774118634824,1665009254,4291,1963,59,Female,Y,779,"Kilmarnock (centre and south: Bonnyton, Grange, Bellfield, Shortlees, Caprington, Riccarton, Hurlford)","East Ayrshire",KA1,Ayrshire
loan,56.00797390372177,-4.639339699240901,1665009552,4302,1994,28,Female,Y,557,Alexandria,"West Dunbartonshire",G83,"Argyll and Bute"
loan,55.9534932913166,-3.1698267503559165,1665009714,4295,1967,55,Female,Y,270,"Meadows and Southside, Edinburgh",Edinburgh,"Edinburgh Central","Lothian (Edinburgh)"
loan,55.88705360858344,-3.1360956091681023,1665009748,4305,1999,23,Female,Y,322,"Gilmerton, Edinburgh",Edinburgh,"Edinburgh Southeast","Lothian (Edinburgh)"
loan,55.94952948317429,-3.9983896752121177,1665009948,4309,1962,60,Female,Y,514,"Cumbernauld (south: Condorrat, Lenziemill, Carbrain, Kildrum, Cumbernauld Village, Abronhill, Seafar)","North Lanarkshire",G67,Glasgow
loan,55.26878259815914,-3.7369011460153483,1665010026,4307,1984,38,Female,Y,210,Thornhill,"Dumfries and Galloway",DG3,"Dumfries and Galloway"
loan,55.763399776754866,-4.120499545595819,1665010199,4306,1977,45,Female,Y,529,Cambuslang,"South Lanarkshire",G72,Glasgow
loan,55.54613708718015,-4.666023538647081,1665010302,4321,1981,41,Male,Y,784,Troon,"South Ayrshire",KA10,Ayrshire
loan,55.792971779009704,-4.6433146716704625,1665010512,4308,1980,42,Male,Y,1226,Lochwinnoch,Renfrewshire,PA12,Glasgow
loan,57.61337807261447,-3.2241240877168655,1665010530,4310,1995,27,Male,Y,737,Elgin,Moray,IV30,"North East (Aberdeen)"
loan,55.999727389572946,-4.2909680088735485,1665010711,4327,1990,32,Female,Y,499,Killearn,Stirlingshire,G63,"Stirling and Falkirk"
loan,56.20405645196301,-3.921655861188204,1665010751,4323,1970,52,Male,Y,405,Dunblane,Stirlingshire,FK15,"Stirling and Falkirk"
loan,55.9688647731567,-3.2115159491318916,1665010835,4330,1977,45,Female,Y,292,"Craigleith, Edinburgh",Edinburgh,"Edinburgh North","Lothian (Edinburgh)"
loan,56.45305122244063,-3.0423991103604036,1665010913,4329,1990,32,Female,Y,261,"Westend, Dundee",Dundee,"Dundee West","Tayside and Angus (Dundee)"
loan,57.29998647645303,-4.379938741766924,1665011071,4331,1968,54,Male,Y,714,"Inverness (east: Culcabock, Crown, Culduthel, Drummond, Haugh, Hilton, Holm, Lochardil, Millburn, Raigmore)",Highland,IV2,"Highlands (Inverness)"
loan,56.77845397461682,-2.534251633263118,1665011267,4337,1999,23,Female,Y,137,Inverbervie,Aberdeenshire,DD10,"Tayside and Angus (Dundee)"
loan,56.467470476697535,-2.866798122833944,1665011471,4342,1972,50,Female,Y,248,"Barnhill, Dundee",Dundee,"Dundee East","Tayside and Angus (Dundee)"
loan,56.74735246766221,-5.15232936116203,1665012148,4326,1947,75,Male,Y,1377,"Fort William",Highland,PH33,"Highlands (Inverness)"
loan,59.177180558512724,-2.812944188860491,1665012694,4363,1999,23,Male,Y,1025,"Orkney Islands",Orkney,KW17,"Orkney Islands"
loan,57.69422204301538,-3.3212868118252787,1665013027,4361,1968,54,Female,Y,738,Lossiemouth,Moray,IV31,"North East (Aberdeen)"
loan,55.96968748771397,-3.2215309451948606,1665014166,4368,1965,57,Female,Y,278,"Granton, Edinburgh",Edinburgh,"Edinburgh Clermiston Granton","Lothian (Edinburgh)"
loan,57.57717443738026,-4.68741195434077,1665014177,4372,1994,28,Male,Y,704,Strathpeffer,Highland,IV14,"Highlands (Inverness)"
loan,56.113926549054185,-3.206070251656366,1665014498,4376,1975,47,Female,Y,1117,"Kirkcaldy (west: Hayfield, Templehall, Newliston, Chapel, Dunnikier, Bennochy)",Fife,KY2,Fife
loan,56.67667693104219,-5.49276054314396,1665014884,4381,1983,39,Male,Y,1377,"Fort William",Highland,PH33,"Highlands (Inverness)"
loan,57.731786483328115,-4.44112018430412,1665015106,4382,1991,31,Female,Y,707,Alness,Highland,IV17,"Highlands (Inverness)"
loan,55.74959616559945,-4.298114701109018,1665015785,4387,1949,73,Female,Y,535,Busby,"East Renfrewshire",G76,Glasgow
loan,55.91468852128819,-4.139003635055849,1665016051,4390,1999,23,Female,Y,507,Kirkintilloch,"East Dunbartonshire",G66,Glasgow
loan,55.895522635205204,-3.3024210531807148,1665016080,4391,1955,67,Female,Y,314,"Morningside, Edinburgh",Edinburgh,"Edinburgh South","Lothian (Edinburgh)"
loan,55.848938680689585,-4.075859140854649,1665017290,4395,1979,43,Female,Y,632,"Springburn, Glasgow",Glasgow,"Glasgow Northeast",Glasgow
loan,55.88718137332626,-3.5590361522772196,1665018704,4397,1993,29,Female,Y,375,Livingston,"West Lothian",EH54,"Lothian (Edinburgh)"
loan,56.07075180933087,-4.151097996683787,1665019267,4399,1976,46,Female,Y,499,Killearn,Stirlingshire,G63,"Stirling and Falkirk"
loan,55.91869408223491,-4.200579845303389,1665019575,4400,1957,65,Female,Y,502,Bishopbriggs,"East Dunbartonshire",G64,Glasgow
loan,55.96420653760093,-3.1901695301363144,1665019881,4392,1996,26,Male,Y,298,"Inverleith, Edinburgh",Edinburgh,"Edinburgh North","Lothian (Edinburgh)"
loan,55.794837714119545,-4.316476766754281,1665020224,4407,1968,54,Female,Y,645,Clarkston,"East Renfrewshire","Glasgow South",Glasgow
loan,55.95352896451552,-3.1084227976094936,1665020467,4408,1987,35,Other,Y,281,"Portobello, Edinburgh",Edinburgh,"Edinburgh Duddingston","Lothian (Edinburgh)"
loan,55.864974611490446,-4.227614005359346,1665021143,4338,1971,51,Female,Y,634,"Maryhill, Glasgow",Glasgow,"Glasgow Northeast",Glasgow
loan,55.85641696015564,-4.428952377559713,1665021782,4411,1965,57,Female,Y,1248,Linwood,Renfrewshire,PA3,Glasgow
loan,55.957073630716295,-3.6339378609567445,1665024248,4414,1986,36,Male,Y,369,Linlithgow,"West Lothian",EH49,"Lothian (Edinburgh)"
loan,56.47007688552992,-2.8739374820897177,1665025883,4417,1974,48,Female,Y,247,"Broughty Ferry, Dundee",Dundee,"Dundee East","Tayside and Angus (Dundee)"
loan,55.95640065554422,-3.2162209838802047,1665028261,4420,1980,42,Female,Y,297,"Blackhall, Edinburgh",Edinburgh,"Edinburgh North","Lothian (Edinburgh)"
loan,55.93344705517323,-4.004049443021718,1665029316,4425,1994,28,Female,N,514,"Cumbernauld (south: Condorrat, Lenziemill, Carbrain, Kildrum, Cumbernauld Village, Abronhill, Seafar)","North Lanarkshire",G67,Glasgow
loan,55.60632535404707,-4.658401210475434,1665029728,4426,1990,32,Female,N,787,"Irvine (centre: Castlepark, Tarryholme)","North Ayrshire",KA12,Ayrshire
loan,55.923007865126095,-4.583783949526798,1665029903,4429,1983,39,Female,Y,1229,"Port Glasgow",Inverclyde,PA14,Glasgow
loan,55.952083585732794,-4.782363351969637,1665030175,4428,1971,51,Female,N,1231,"Greenock (west: Bow Farm, Braeside, Branchton, Fort Matilda, Gateside, Greenock West, Overton, Pennyfern, Smithston)",Inverclyde,PA16,Glasgow
loan,54.88092172843534,-5.15326707169256,1665034300,4443,1980,42,Male,Y,231,Stranraer,"Dumfries and Galloway",DG9,"Dumfries and Galloway"
loan,56.192297640107476,-3.134706672649199,1665034612,4438,1976,46,Female,Y,1136,Star,Fife,KY7,Fife
loan,55.88977046680383,-4.274918545020319,1665034904,4445,1962,60,Male,Y,632,"Springburn, Glasgow",Glasgow,"Glasgow Northeast",Glasgow
loan,55.771015148918636,-4.106025868872292,1665035428,4451,1982,40,Female,Y,529,Cambuslang,"South Lanarkshire",G72,Glasgow
loan,56.051190742575045,-4.840247479844394,1665035522,4449,1965,57,Female,Y,566,Helensburgh,"Argyll and Bute",G84,"Argyll and Bute"
loan,55.7434492592822,-4.060779227056889,1665035659,4446,1956,66,Female,Y,1183,Hamilton,"South Lanarkshire",ML3,Glasgow
loan,57.22488202089372,-2.1393910102405482,1665036372,4457,1996,26,Female,Y,113,"Bridge of Don, Aberdeen",Aberdeen,"Aberdeen North","North East (Aberdeen)"
loan,55.87674669459017,-4.26194794893022,1665036637,4458,1990,32,Male,Y,585,"Kelvindale, Glasgow",Glasgow,"Glasgow Kelvin",Glasgow
loan,57.63060769164143,-4.4651222733538605,1665036674,4460,1991,31,Male,N,705,Dingwall,Highland,IV15,"Highlands (Inverness)"
loan,55.88532738409435,-4.299838718251712,1665036739,4459,1979,43,Female,Y,592,"Dowanhill, Glasgow",Glasgow,"Glasgow Kelvin",Glasgow
loan,56.52925924359858,-3.3721013381032714,1665036783,2711,1997,25,Female,Y,1345,Glencarse,"Perth and Kinross",PH2,Fife
loan,55.943674506104145,-3.170342527292164,1665037361,4462,1991,31,Female,Y,281,"Portobello, Edinburgh",Edinburgh,"Edinburgh Duddingston","Lothian (Edinburgh)"
loan,55.88243923582957,-4.159232814385971,1665037486,4208,1977,45,Male,Y,634,"Maryhill, Glasgow",Glasgow,"Glasgow Northeast",Glasgow
loan,55.4802314778301,-2.428325985193991,1665038341,4474,1996,26,Female,Y,1483,Ancrum,"Scottish Borders",TD8,Borders
loan,55.70216661158376,-4.15044786258727,1665038548,4476,1973,49,Male,Y,534,"East Kilbride (south: Hairmyres, Westwood, The Murray, Murray East, Whitehills, Greenhill, Newlandsmuir, Gardenhall, Crosshouse, Newlands, Lindsayfield, Mossneuk)","South Lanarkshire",G75,Glasgow
loan,55.726004383265824,-4.066578625129071,1665038721,4480,1978,44,Male,N,1183,Hamilton,"South Lanarkshire",ML3,Glasgow
loan,56.19544069131293,-4.35781473933615,1665039047,4477,1962,60,Female,Y,410,Callander,Stirlingshire,FK17,"Stirling and Falkirk"
loan,57.78107495461563,-4.381325421975494,1665039671,4483,1968,54,Male,N,707,Alness,Highland,IV17,"Highlands (Inverness)"
loan,56.041092467165214,-2.7922367515172355,1665039804,4484,1982,40,Male,Y,355,"North Berwick","East Lothian",EH39,"Lothian (Edinburgh)"
loan,56.418607645710125,-2.8961287790026593,1665039916,4485,1998,24,Female,Y,1114,"St Andrews",Fife,KY16,Fife
loan,57.25876726234795,-2.478366651637003,1665040021,4110,1977,45,Female,Y,67,Oldmeldrum,Aberdeenshire,AB51,"North East (Aberdeen)"
loan,55.59136138126134,-4.6126070074820325,1665040540,4493,1990,32,Female,Y,785,"Irvine (east, south: Perceton, Lawthorn, Girdle Toll, Stanecastle, Bourtreehill, Broomlands, Dreghorn, Springside)","North Ayrshire",KA11,Ayrshire
loan,55.62706811433129,-4.671297053839631,1665041191,4426,1990,32,Female,N,787,"Irvine (centre: Castlepark, Tarryholme)","North Ayrshire",KA12,Ayrshire
loan,55.91374883503628,-4.354020627387955,1665041261,4500,1959,63,Male,N,641,"Knightswood, Glasgow",Glasgow,"Glasgow Northwest",Glasgow
loan,55.955933752888456,-4.278030547478768,1665042360,4506,1990,32,Female,Y,489,Milngavie,"East Dunbartonshire",G62,Glasgow
loan,55.61173544548918,-4.677958996224386,1665042668,4426,1990,32,Female,N,787,"Irvine (centre: Castlepark, Tarryholme)","North Ayrshire",KA12,Ayrshire
loan,56.46101271740195,-3.0176284246479765,1665042685,4509,1982,40,Male,Y,261,"Westend, Dundee",Dundee,"Dundee West","Tayside and Angus (Dundee)"
loan,55.881296135823405,-3.9365565433325966,1665042909,4515,1987,35,Male,Y,1192,Airdrie,"North Lanarkshire",ML6,Glasgow
loan,55.950500728049924,-3.9655297799029956,1665042971,4516,1973,49,Male,Y,514,"Cumbernauld (south: Condorrat, Lenziemill, Carbrain, Kildrum, Cumbernauld Village, Abronhill, Seafar)","North Lanarkshire",G67,Glasgow
loan,55.860410035606904,-4.159761915912591,1665042979,4522,1990,32,Male,Y,598,Rutherglen,"South Lanarkshire","Glasgow Northeast",Glasgow
loan,57.634288037502664,-3.0459944573111333,1665042997,4512,2001,21,Female,Y,739,Fochabers,Moray,IV32,"North East (Aberdeen)"
loan,55.633943897571555,-4.7047461506494574,1665043131,4426,1990,32,Female,N,787,"Irvine (centre: Castlepark, Tarryholme)","North Ayrshire",KA12,Ayrshire
loan,55.7071115290639,-3.0279423975939994,1665043140,4518,1977,45,Male,Y,354,Heriot,"Scottish Borders",EH38,"Lothian (Edinburgh)"
loan,57.60471942495678,-4.1712651620386065,1665043184,4521,1990,32,Male,Y,700,Fortrose,Highland,IV10,"Highlands (Inverness)"
loan,55.82630644565019,-4.195812011247361,1665043196,4510,1969,53,Female,Y,645,Clarkston,"East Renfrewshire","Glasgow South",Glasgow
loan,55.866023290300454,-4.461719122144901,1665043339,4523,1977,45,Male,Y,1248,Linwood,Renfrewshire,PA3,Glasgow
loan,56.01082956549941,-2.794083026269977,1665043560,4505,1945,77,Female,N,355,"North Berwick","East Lothian",EH39,"Lothian (Edinburgh)"
loan,55.902918561665594,-3.301350227138574,1665043699,4519,1958,64,Male,Y,313,"Colinton, Edinburgh",Edinburgh,"Edinburgh South","Lothian (Edinburgh)"
loan,55.223475653183804,-4.462366162469049,1665043861,4525,1998,24,Male,Y,806,Maybole,"South Ayrshire",KA19,Ayrshire
loan,55.81084304249354,-4.046089428729305,1665043998,4529,2000,22,Male,Y,523,Bothwell,"South Lanarkshire",G71,Glasgow
loan,55.94217995549375,-4.293203616712484,1665044036,4526,1995,27,Female,Y,489,Milngavie,"East Dunbartonshire",G62,Glasgow
loan,55.626987644407485,-4.674976086221911,1665044277,4426,1990,32,Female,N,787,"Irvine (centre: Castlepark, Tarryholme)","North Ayrshire",KA12,Ayrshire
loan,55.85483868751842,-4.38888878103175,1665044306,4365,1980,42,Male,N,1220,"Paisley (central, east and north east: Ferguslie, Oldhall, Seedhill, Williamsburgh, Whitehaugh)",Renfrewshire,PA1,Glasgow
loan,56.05960832861311,-5.498940898065015,1665044420,4311,1990,32,Male,Y,1251,Cairnbaan,"Argyll and Bute",PA31,"Argyll and Bute"
loan,55.83184617323328,-4.324627823454128,1665044839,4455,1972,50,Female,Y,645,Clarkston,"East Renfrewshire","Glasgow South",Glasgow
loan,56.466232253546885,-3.0195821110703753,1665044995,4535,1949,73,Female,Y,243,"Hilltown, Dundee",Dundee,"Dundee Central","Tayside and Angus (Dundee)"
loan,56.00621967936919,-3.8806608800018685,1665045113,4539,1998,24,Female,Y,449,Larbert,Falkirk,FK5,"Stirling and Falkirk"
loan,55.745048099812195,-4.427782399776833,1665045580,4541,1990,32,Female,N,540,Barrhead,"East Renfrewshire",G78,Glasgow
loan,57.06166564786484,-2.521869182731076,1665045581,3466,2003,19,Other,School,22,Banchory,Aberdeenshire,AB31,"North East (Aberdeen)"
loan,56.77262581372575,-5.20720606892701,1665045604,4024,1971,51,Female,N,1377,"Fort William",Highland,PH33,"Highlands (Inverness)"
loan,55.25244016073325,-3.3854021856135725,1665045678,4540,1971,51,Female,Y,189,Moffat,"Dumfries and Galloway",DG10,"Dumfries and Galloway"
loan,56.76798637247111,-2.440961331297361,1665045802,4511,1998,24,Female,Y,137,Inverbervie,Aberdeenshire,DD10,"Tayside and Angus (Dundee)"
loan,55.41800818013501,-4.701040476796403,1665046577,4550,1967,55,Male,Y,856,"Ayr (Centre)","South Ayrshire",KA7,Ayrshire
loan,55.93672485178126,-3.2415474799238133,1665046605,4557,1974,48,Male,Y,264,"Slateford, Edinburgh",Edinburgh,"Edinburgh Central","Lothian (Edinburgh)"
loan,56.25010369887936,-3.1319851911772494,1665046857,4558,1978,44,Other,Y,1105,Cupar,Fife,KY15,Fife
loan,55.96720903223262,-2.9371494984705557,1665046919,4561,2000,22,Female,Y,348,Prestonpans,"East Lothian",EH32,"Lothian (Edinburgh)"
loan,55.95016284339371,-3.0370820527894877,1665047083,4561,2000,22,Female,Y,348,Prestonpans,"East Lothian",EH32,"Lothian (Edinburgh)"
loan,55.84538454724116,-4.3153096767221575,1665047220,4563,1976,46,Female,Y,651,"Cathcart, Glasgow",Glasgow,"Glasgow South",Glasgow
loan,56.06193309489912,-3.332964894299505,1665047444,4514,1995,27,Male,Y,1119,Burntisland,Fife,KY3,Fife
loan,55.874793635240266,-3.2497763326086964,1665048838,4571,1998,24,Other,Y,319,"Blackford, Edinburgh",Edinburgh,"Edinburgh South","Lothian (Edinburgh)"
loan,55.14662527040744,-4.642690589449943,1665049281,4573,1984,38,Female,Y,824,Girvan,"South Ayrshire",KA26,Ayrshire
loan,55.40866487436689,-4.645692432482137,1665049308,4577,1990,32,Male,Y,856,"Ayr (Centre)","South Ayrshire",KA7,Ayrshire
loan,56.96422560093304,-2.308855502894784,1665049708,4579,2003,19,Female,Y,48,Stonehaven,Aberdeenshire,AB39,"North East (Aberdeen)"
loan,55.80299771459125,-3.8924363447467796,1665050248,4583,1961,61,Female,N,1151,Motherwell,"North Lanarkshire",ML1,Glasgow
loan,55.963652309656766,-2.8763312240081307,1665050681,4594,2000,22,Female,Y,348,Prestonpans,"East Lothian",EH32,"Lothian (Edinburgh)"
loan,56.46843427454233,-2.875597868477147,1665051018,4595,1957,65,Female,Y,247,"Broughty Ferry, Dundee",Dundee,"Dundee East","Tayside and Angus (Dundee)"
loan,58.22051980710956,-6.372869989647737,1665051026,4591,1968,54,Female,Y,686,"Stornoway, Isle of Lewis","Western Isles",HS1,"Western Isles"
loan,55.8314931252118,-4.149729212732212,1665051422,4599,1980,42,Female,Y,619,"Tollcross, Glasgow",Glasgow,"Glasgow Northeast",Glasgow
loan,55.9083178781016,-5.17043092907666,1665051464,4596,1956,66,Female,Y,1237,"Isle of Bute","Argyll and Bute",PA20,"Argyll and Bute"
loan,55.842146235298834,-5.02593302945644,1665051508,4284,1975,47,Female,Y,1237,"Isle of Bute","Argyll and Bute",PA20,"Argyll and Bute"
loan,55.884258329847256,-3.4979797337025023,1665051547,4597,2002,20,Female,Y,375,Livingston,"West Lothian",EH54,"Lothian (Edinburgh)"
loan,55.879711491268964,-4.330021377072309,1665051667,4601,1954,68,Male,Y,644,"Partick, Glasgow",Glasgow,"Glasgow Northwest",Glasgow
loan,55.75680740706266,-4.1870484409653255,1665051844,4604,1974,48,Female,N,534,"East Kilbride (south: Hairmyres, Westwood, The Murray, Murray East, Whitehills, Greenhill, Newlandsmuir, Gardenhall, Crosshouse, Newlands, Lindsayfield, Mossneuk)","South Lanarkshire",G75,Glasgow
loan,55.54996242058917,-4.650988301239539,1665051873,4602,1987,35,Female,Y,784,Troon,"South Ayrshire",KA10,Ayrshire
loan,57.16331251709017,-4.423858296747333,1665051966,4584,1998,24,Male,Y,714,"Inverness (east: Culcabock, Crown, Culduthel, Drummond, Haugh, Hilton, Holm, Lochardil, Millburn, Raigmore)",Highland,IV2,"Highlands (Inverness)"
loan,55.77494224147922,-4.135117168406701,1665052113,4611,1986,36,Male,N,530,"East Kilbride (north: The Village, East Mains, West Mains, Lymekilns, St Leonards, Calderwood, Nerston, Stewartfield, Peel Park)","South Lanarkshire",G74,Glasgow
loan,55.837556036781784,-4.206034983509972,1665052501,4588,1988,34,Male,Y,598,Rutherglen,"South Lanarkshire","Glasgow Northeast",Glasgow
loan,55.83834662026226,-3.393369056837663,1665052541,4614,1994,28,Female,Y,310,"Balerno, Edinburgh",Edinburgh,"Edinburgh South","Lothian (Edinburgh)"
loan,55.80956484077232,-4.6412845129352815,1665052756,4618,1998,24,Female,N,1226,Lochwinnoch,Renfrewshire,PA12,Glasgow
loan,55.65741154998466,-5.356331368602174,1665052906,4612,1955,67,Male,Y,827,"Isle of Arran","North Ayrshire",KA27,Ayrshire
loan,56.68204410456892,-2.851613986040757,1665052913,4624,1990,32,Female,Y,179,Forfar,Angus,DD8,"Tayside and Angus (Dundee)"
loan,57.56837095677589,-3.1557117469507405,1665052999,4621,1981,41,Male,Y,739,Fochabers,Moray,IV32,"North East (Aberdeen)"
loan,55.894189339737686,-4.235816122181238,1665053037,4631,1984,38,Female,Y,598,Rutherglen,"South Lanarkshire","Glasgow Northeast",Glasgow
loan,55.89116851032098,-4.580120526742703,1665053072,4629,1995,27,Female,Y,1278,Houston,Renfrewshire,PA6,Glasgow
loan,55.81686724437695,-4.238625908772534,1665053157,4630,1962,60,Female,Y,650,"Newlands, Glasgow",Glasgow,"Glasgow South",Glasgow
loan,55.8170235052156,-3.9963621593289607,1665053584,4632,1960,62,Female,Y,1186,Bellshill,"North Lanarkshire",ML4,Glasgow
loan,57.19149382729424,-4.521337633211843,1665053879,4639,1987,35,Female,Y,714,"Inverness (east: Culcabock, Crown, Culduthel, Drummond, Haugh, Hilton, Holm, Lochardil, Millburn, Raigmore)",Highland,IV2,"Highlands (Inverness)"
loan,56.45952296588513,-3.8021474582667336,1665054161,4567,1954,68,Female,Y,1313,"Perth (north and west: Burghmuir, Cherrybank, Hillyland, Inveralmond, Lethom, Muirton, North Muirton, Tulloch)","Perth and Kinross",PH1,Fife
loan,56.49842367424428,-2.792503283579804,1665054176,4641,1984,38,Female,Y,247,"Broughty Ferry, Dundee",Dundee,"Dundee East","Tayside and Angus (Dundee)"
loan,57.37104616327849,-4.195719502835347,1665054405,4644,1983,39,Male,Y,713,Culloden,Highland,IV2,"Highlands (Inverness)"
loan,55.85868243928459,-4.1051959382969425,1665054743,4648,1968,54,Female,Y,598,Rutherglen,"South Lanarkshire","Glasgow Northeast",Glasgow
loan,56.45244985893859,-3.0275752137889986,1665054877,4647,2004,18,Other,Y,260,"City centre, Dundee",Dundee,"Dundee West","Tayside and Angus (Dundee)"
loan,55.894973603108916,-4.287192081927672,1665055732,4633,1978,44,Male,Y,605,"Ruchazie, Glasgow",Glasgow,"Glasgow Northeast",Glasgow
loan,55.461050927957494,-4.155648463686711,1665055866,4661,1979,43,Female,Y,798,Cumnock,"East Ayrshire",KA18,Ayrshire
loan,56.44936696152085,-3.717058225634827,1665056444,4666,1979,43,Male,Y,1313,"Perth (north and west: Burghmuir, Cherrybank, Hillyland, Inveralmond, Lethom, Muirton, North Muirton, Tulloch)","Perth and Kinross",PH1,Fife
loan,55.875150180651616,-4.257645656241857,1665057249,4669,1992,30,Male,Y,592,"Dowanhill, Glasgow",Glasgow,"Glasgow Kelvin",Glasgow
loan,55.91462290046583,-4.017551035221593,1665057947,4682,1997,25,Female,N,514,"Cumbernauld (south: Condorrat, Lenziemill, Carbrain, Kildrum, Cumbernauld Village, Abronhill, Seafar)","North Lanarkshire",G67,Glasgow
loan,56.25884672157348,-2.9612826015884446,1665061667,4702,1975,47,Female,N,1140,Leven,Fife,KY8,Fife
loan,58.37333089363383,-3.783884057684607,1665061839,4703,1992,30,Male,Y,913,Halkirk,Highland,KW12,"Highlands (Inverness)"
loan,56.06178277372201,-3.6528313438355755,1665061912,4354,1985,37,Male,N,389,Tullibody,Clackmannanshire,FK10,"Stirling and Falkirk"
loan,57.620258036232535,-3.204278052862102,1665062088,4447,1966,56,Male,Y,737,Elgin,Moray,IV30,"North East (Aberdeen)"
loan,56.34109537944052,-3.5715990581192743,1665062201,4704,1967,55,Female,N,1354,"Perth (south and east: Barnhill, Bridgend, Craigie, Kincarrathie, Upper Craigie)","Perth and Kinross",PH2,Fife
loan,56.0567074239997,-3.528015884657092,1665062232,4705,1989,33,Female,Y,1096,"Dunfermline (centre, north, west: Abbey Parks, Lady's Mill, Garvock, Headwell, Kingseathill, Wellwood, Milesmark, Baldridge, Pittencrieff, Baldridgeburn)",Fife,KY12,Fife
loan,55.74185490784615,-4.138425405453412,1665064017,4710,1979,43,Female,Y,534,"East Kilbride (south: Hairmyres, Westwood, The Murray, Murray East, Whitehills, Greenhill, Newlandsmuir, Gardenhall, Crosshouse, Newlands, Lindsayfield, Mossneuk)","South Lanarkshire",G75,Glasgow
loan,55.93817362214746,-3.2818161470921887,1665065537,4714,1986,36,Female,Y,288,"Murrayfield, Edinburgh",Edinburgh,"Edinburgh North","Lothian (Edinburgh)"
loan,60.255204621415515,-1.2758978208300784,1665066429,4695,1989,33,Female,Y,1587,Ollaberry,"Shetland Isles",ZE2,"Shetland Islands"
loan,56.041426135031436,-3.486125940809296,1665066438,4719,1986,36,Female,Y,1090,"Dunfermline (south and east: Halbeath, Touch, Duloch, Masterton, Pitcorthie, Abbeyview, Brucefield, Hospital Hill, Camdean, Pitreavie)",Fife,KY11,Fife
loan,56.08201318317741,-3.160809692508786,1665067111,4580,1998,24,Female,Y,1117,"Kirkcaldy (west: Hayfield, Templehall, Newliston, Chapel, Dunnikier, Bennochy)",Fife,KY2,Fife
loan,55.95836720951071,-3.891119664244705,1665067179,4723,1969,53,Female,Y,514,"Cumbernauld (south: Condorrat, Lenziemill, Carbrain, Kildrum, Cumbernauld Village, Abronhill, Seafar)","North Lanarkshire",G67,Glasgow
loan,55.74602090457682,-4.068542810731727,1665067518,4722,1945,77,Male,Y,1183,Hamilton,"South Lanarkshire",ML3,Glasgow
loan,58.42949329131433,-3.4876053570263394,1665067819,4703,1992,30,Male,Y,913,Halkirk,Highland,KW12,"Highlands (Inverness)"
loan,56.47593065685546,-2.8893899733369954,1665069246,4729,1997,25,Female,Y,247,"Broughty Ferry, Dundee",Dundee,"Dundee East","Tayside and Angus (Dundee)"
loan,56.13497081885204,-3.8628973635183206,1665069895,4731,1998,24,Female,Y,389,Tullibody,Clackmannanshire,FK10,"Stirling and Falkirk"
loan,55.940708645408584,-3.278537578301805,1665071149,4739,1953,69,Male,Y,298,"Inverleith, Edinburgh",Edinburgh,"Edinburgh North","Lothian (Edinburgh)"
loan,55.787731683679525,-4.141428126187813,1665071699,4740,2011,11,Female,School,529,Cambuslang,"South Lanarkshire",G72,Glasgow
loan,55.87511237140615,-3.1748848312910156,1665072210,4744,1981,41,Female,Y,329,Loanhead,Midlothian,EH20,"Lothian (Edinburgh)"
loan,55.946136412567604,-4.008436340578465,1665073167,4472,1974,48,Female,Y,514,"Cumbernauld (south: Condorrat, Lenziemill, Carbrain, Kildrum, Cumbernauld Village, Abronhill, Seafar)","North Lanarkshire",G67,Glasgow
loan,55.81029764825277,-4.088368521862436,1665073533,4752,1993,29,Female,Y,526,Viewpark,"North Lanarkshire",G71,Glasgow
loan,56.45788500690745,-2.9917619944086384,1665073705,4753,1987,35,Female,Y,238,"Menzieshill, Dundee",Dundee,"Dundee Central","Tayside and Angus (Dundee)"
loan,56.04218317784048,-3.516027490768277,1665073821,4754,1976,46,Female,Y,1095,Culross,Fife,KY12,Fife
loan,55.82756231468022,-4.060096180617513,1665073863,4756,1993,29,Female,Y,526,Viewpark,"North Lanarkshire",G71,Glasgow
loan,58.57876393663153,-3.4692783362494275,1665074695,4755,1992,30,Male,Y,961,Thurso,Highland,KW14,"Highlands (Inverness)"
loan,55.82212868633779,-3.718520585548356,1665074840,1157,1976,46,Male,N,364,Fauldhouse,"West Lothian",EH47,"Lothian (Edinburgh)"
loan,56.047586057668234,-4.258677044266377,1665075553,4761,1967,55,Female,N,499,Killearn,Stirlingshire,G63,"Stirling and Falkirk"
loan,55.14372320417451,-4.782128659010973,1665076274,4764,2005,17,Female,N,824,Girvan,"South Ayrshire",KA26,Ayrshire
loan,55.93858134205822,-3.9606951514067994,1665076806,4759,1996,26,Male,Y,514,"Cumbernauld (south: Condorrat, Lenziemill, Carbrain, Kildrum, Cumbernauld Village, Abronhill, Seafar)","North Lanarkshire",G67,Glasgow
loan,55.647198459599785,-3.790614764187355,1665078426,4503,1967,55,Male,Y,1167,Lanark,"South Lanarkshire",ML11,Glasgow
loan,55.87061849205788,-4.171252500656874,1665078637,4772,1976,46,Female,N,625,"Parkhead, Glasgow",Glasgow,"Glasgow Northeast",Glasgow
loan,56.41088763814099,-3.5718592085582035,1665078990,4773,1990,32,Female,Y,1313,"Perth (north and west: Burghmuir, Cherrybank, Hillyland, Inveralmond, Lethom, Muirton, North Muirton, Tulloch)","Perth and Kinross",PH1,Fife
loan,55.94838361358396,-3.9139676015362013,1665079031,4472,1974,48,Female,Y,514,"Cumbernauld (south: Condorrat, Lenziemill, Carbrain, Kildrum, Cumbernauld Village, Abronhill, Seafar)","North Lanarkshire",G67,Glasgow
loan,55.8754251074949,-4.1991239092174535,1665080216,4781,1977,45,Female,Y,612,"Easterhouse, Glasgow",Glasgow,"Glasgow Northeast",Glasgow
loan,56.47317740888991,-3.454736991912468,1665080371,4785,1993,29,Male,Y,1313,"Perth (north and west: Burghmuir, Cherrybank, Hillyland, Inveralmond, Lethom, Muirton, North Muirton, Tulloch)","Perth and Kinross",PH1,Fife
loan,55.67818372207147,-4.502303716773236,1665080577,4762,1964,58,Male,Y,835,Fenwick,"East Ayrshire",KA3,Ayrshire
loan,55.922131976003136,-4.63008580851933,1665080720,4791,1982,40,Male,N,1229,"Port Glasgow",Inverclyde,PA14,Glasgow
loan,56.48043786697977,-2.985338844306743,1665080928,4790,1975,47,Female,Y,232,"Craigiebank, Dundee",Dundee,"Dundee Bluebelt","Tayside and Angus (Dundee)"
loan,57.320495026817284,-5.639212877485264,1665081378,4794,1996,26,Female,Y,765,Plockton,Highland,IV52,"Highlands (Inverness)"
loan,55.598206339812634,-2.6954810309819823,1665081453,4797,1981,41,Female,Y,1470,"St Boswells","Scottish Borders",TD6,Borders
loan,55.500788527796395,-5.586026846598945,1665081542,4796,2002,20,Male,N,1246,Campbeltown,"Argyll and Bute",PA28,"Argyll and Bute"
loan,55.85149893992569,-4.329486940192541,1665081701,4795,1964,58,Female,Y,669,"Kennishead, Glasgow",Glasgow,"Glasgow Southwest",Glasgow
loan,55.952814220869556,-3.2502075604134504,1665081843,4798,1987,35,Female,Y,287,"Corstorphine, Edinburgh",Edinburgh,"Edinburgh North","Lothian (Edinburgh)"
loan,55.31738334929059,-5.760284238716237,1665082080,4495,1997,25,Female,Y,1246,Campbeltown,"Argyll and Bute",PA28,"Argyll and Bute"
loan,55.95422168429796,-3.9575469482362653,1665082264,4787,1984,38,Female,N,514,"Cumbernauld (south: Condorrat, Lenziemill, Carbrain, Kildrum, Cumbernauld Village, Abronhill, Seafar)","North Lanarkshire",G67,Glasgow
loan,55.21501512572184,-3.227283671706206,1665082404,4803,1992,30,Male,Y,196,Lockerbie,"Dumfries and Galloway",DG11,"Dumfries and Galloway"
loan,57.6243245463194,-4.489911448669372,1665082651,4809,1981,41,Female,Y,704,Strathpeffer,Highland,IV14,"Highlands (Inverness)"
loan,55.85321525041543,-4.014202157140463,1665082870,4819,1960,62,Female,Y,1189,Coatbridge,"North Lanarkshire",ML5,Glasgow
loan,55.90605009480836,-4.803436049840972,1665083001,4820,1996,26,Male,Y,1231,"Greenock (west: Bow Farm, Braeside, Branchton, Fort Matilda, Gateside, Greenock West, Overton, Pennyfern, Smithston)",Inverclyde,PA16,Glasgow
loan,55.955981162060894,-4.197560857079192,1665083109,4824,1969,53,Female,Y,507,Kirkintilloch,"East Dunbartonshire",G66,Glasgow
loan,55.86859043747969,-4.1300693203300085,1665083227,4823,1950,72,Female,Y,628,"Balornock, Glasgow",Glasgow,"Glasgow Northeast",Glasgow
loan,55.81717077014808,-4.520295822078275,1665083412,4834,1979,43,Female,N,1276,Johnstone,Renfrewshire,PA5,Glasgow
loan,56.103084833718825,-3.630723316932377,1665084140,4857,1993,29,Other,Y,1096,"Dunfermline (centre, north, west: Abbey Parks, Lady's Mill, Garvock, Headwell, Kingseathill, Wellwood, Milesmark, Baldridge, Pittencrieff, Baldridgeburn)",Fife,KY12,Fife
loan,57.627708922513676,-3.4495189185528528,1665084153,4862,1985,37,Male,Y,740,Forres,Moray,IV36,"North East (Aberdeen)"
loan,55.820117799905496,-4.314201245792121,1665084428,4861,1999,23,Female,Y,659,"Deaconsbank, Glasgow",Glasgow,"Glasgow South",Glasgow
loan,55.75053926594009,-4.249492712500217,1665084454,1888,1969,53,Female,Y,530,"East Kilbride (north: The Village, East Mains, West Mains, Lymekilns, St Leonards, Calderwood, Nerston, Stewartfield, Peel Park)","South Lanarkshire",G74,Glasgow
loan,55.852159570767164,-3.366179289830298,1665084663,4875,1961,61,Female,Y,308,"Liberton, Edinburgh",Edinburgh,"Edinburgh South","Lothian (Edinburgh)"
loan,55.85556613485033,-4.330064984464109,1665084944,4880,1982,40,Male,Y,670,"Ibrox, Glasgow",Glasgow,"Glasgow Southwest",Glasgow
loan,55.875451518975154,-4.339695647016825,1665084992,4882,2001,21,Male,Y,643,"Anniesland, Glasgow",Glasgow,"Glasgow Northwest",Glasgow
loan,56.17187043989742,-3.833866266914602,1665085005,4870,1972,50,Female,Y,392,Menstrie,Clackmannanshire,FK11,"Stirling and Falkirk"
loan,56.52058824540814,-2.7524720269587277,1665085032,4849,1991,31,Female,Y,178,Carnoustie,Angus,DD7,"Tayside and Angus (Dundee)"
loan,55.87673161120959,-3.3020176736446083,1665085188,4873,1998,24,Other,Y,310,"Balerno, Edinburgh",Edinburgh,"Edinburgh South","Lothian (Edinburgh)"
loan,55.62376402194498,-3.1294152380458575,1665085397,4866,1985,37,Female,Y,362,Peebles,"Scottish Borders",EH45,Borders
loan,56.45529654822025,-3.154095007244792,1665085486,4887,1990,32,Female,Y,1326,Inchture,"Perth and Kinross",PH14,Fife
loan,58.64183135379317,-3.0523910773212513,1665085548,4893,1964,58,Male,Y,897,Watten,Highland,KW1,"Highlands (Inverness)"
loan,55.69013062373713,-4.070776932418684,1665085592,4885,1958,64,Female,Y,1160,Strathaven,"North Lanarkshire",ML10,Glasgow
loan,55.69874897250911,-4.121417879514137,1665085695,4885,1958,64,Female,Y,1160,Strathaven,"North Lanarkshire",ML10,Glasgow
loan,56.45518713194177,-3.4334410619418825,1665085727,4895,1988,34,Female,Y,1353,Scone,"Perth and Kinross",PH2,Fife
loan,55.948330734296995,-3.244357354940513,1665085988,4899,1986,36,Female,Y,287,"Corstorphine, Edinburgh",Edinburgh,"Edinburgh North","Lothian (Edinburgh)"
loan,56.46227278903135,-3.057315943845611,1665086036,4892,1991,31,Female,Y,261,"Westend, Dundee",Dundee,"Dundee West","Tayside and Angus (Dundee)"
loan,55.82605502599012,-4.230067643375597,1665086204,4909,1993,29,Female,Y,678,"Cardonald, Glasgow",Glasgow,"Glasgow Southwest",Glasgow
loan,55.82171841010485,-4.203504451538317,1665086317,4886,2008,14,Other,School,648,"Shawlands, Glasgow",Glasgow,"Glasgow South",Glasgow
loan,55.75875730531248,-4.160749686125385,1665087011,4912,1970,52,Male,N,530,"East Kilbride (north: The Village, East Mains, West Mains, Lymekilns, St Leonards, Calderwood, Nerston, Stewartfield, Peel Park)","South Lanarkshire",G74,Glasgow
loan,55.73935911842061,-4.222235497445333,1665087126,4911,1990,32,Female,Y,534,"East Kilbride (south: Hairmyres, Westwood, The Murray, Murray East, Whitehills, Greenhill, Newlandsmuir, Gardenhall, Crosshouse, Newlands, Lindsayfield, Mossneuk)","South Lanarkshire",G75,Glasgow
loan,55.96805418527204,-3.188156989002131,1665087482,4920,1969,53,Male,Y,290,"North Leith, Edinburgh",Edinburgh,"Edinburgh North","Lothian (Edinburgh)"
loan,55.95386903277204,-4.271718664804979,1665087779,4928,1985,37,Female,Y,489,Milngavie,"East Dunbartonshire",G62,Glasgow
loan,55.842790184644116,-4.02404359227383,1665087783,4925,2004,18,Male,N,1189,Coatbridge,"North Lanarkshire",ML5,Glasgow
loan,55.868823337164,-3.952626067434175,1665087913,4936,1969,53,Female,Y,1192,Airdrie,"North Lanarkshire",ML6,Glasgow
loan,55.79663463624085,-4.173664641580238,1665087966,4935,1979,43,Female,Y,529,Cambuslang,"South Lanarkshire",G72,Glasgow
loan,55.81292244780816,-4.331969137808798,1665088090,4876,1984,38,Female,Y,659,"Deaconsbank, Glasgow",Glasgow,"Glasgow South",Glasgow
loan,56.96532403410113,-2.2415371435144578,1665088108,4942,2002,20,Other,Y,47,Newtonhill,Aberdeenshire,AB39,"North East (Aberdeen)"
loan,55.874708293858255,-4.317880266805315,1665088197,4951,2001,21,Male,Y,588,"Broomhill, Glasgow",Glasgow,"Glasgow Kelvin",Glasgow
loan,58.21729205010318,-6.371871614347627,1665088238,4940,1991,31,Female,Y,686,"Stornoway, Isle of Lewis","Western Isles",HS1,"Western Isles"
loan,55.815348192810355,-4.167680647078535,1665088249,4935,1979,43,Female,Y,529,Cambuslang,"South Lanarkshire",G72,Glasgow
loan,55.791657716404956,-3.92043787754736,1665088275,4934,1982,40,Female,Y,1151,Motherwell,"North Lanarkshire",ML1,Glasgow
loan,55.89334106763955,-4.343683408053651,1665088281,4945,2003,19,Female,Y,641,"Knightswood, Glasgow",Glasgow,"Glasgow Northwest",Glasgow
loan,56.1044507463559,-5.05326181717371,1665088321,4943,1999,23,Female,Y,1241,Dunoon,"Argyll and Bute",PA23,"Argyll and Bute"
loan,57.32042100909122,-3.918428859007339,1665088432,4949,1996,26,Other,Y,703,Tomatin,Highland,IV13,"Highlands (Inverness)"
loan,55.821385273604484,-4.268440907941845,1665088458,4939,1961,61,Female,N,655,"Simshill, Glasgow",Glasgow,"Glasgow South",Glasgow
loan,56.37419860488119,-3.242373713773417,1665088459,4947,2005,17,Female,School,1354,"Perth (south and east: Barnhill, Bridgend, Craigie, Kincarrathie, Upper Craigie)","Perth and Kinross",PH2,Fife
loan,55.77365215826563,-4.114497349911613,1665088568,4950,1985,37,Female,Y,528,Blantyre,"South Lanarkshire",G72,Glasgow
loan,55.895561558518416,-4.3350354349942535,1665088826,4955,1971,51,Male,Y,643,"Anniesland, Glasgow",Glasgow,"Glasgow Northwest",Glasgow
loan,55.896795365116546,-3.2556150651916376,1665088903,4960,1967,55,Female,N,314,"Morningside, Edinburgh",Edinburgh,"Edinburgh South","Lothian (Edinburgh)"
loan,55.90002590309904,-4.433381334966096,1665089168,1639,1982,40,Female,Y,1306,Erskine,Renfrewshire,PA8,Glasgow
loan,56.47625418976355,-2.78026903014029,1665089295,4958,1963,59,Male,Y,178,Carnoustie,Angus,DD7,"Tayside and Angus (Dundee)"
loan,55.926547187593144,-4.253391585054233,1665089569,4969,1976,46,Female,Y,502,Bishopbriggs,"East Dunbartonshire",G64,Glasgow
loan,55.88428082904797,-4.308692949931595,1665089955,4976,1988,34,Female,Y,588,"Broomhill, Glasgow",Glasgow,"Glasgow Kelvin",Glasgow
loan,58.09956310196208,-6.734563516923102,1665090117,4982,1990,32,Female,Y,688,"Isle of Lewis","Western Isles (outside of Stornoway)",HS2,"Western Isles"
loan,55.84730233235096,-4.351333451111103,1665090159,4980,1984,38,Male,Y,678,"Cardonald, Glasgow",Glasgow,"Glasgow Southwest",Glasgow
loan,56.51674679098407,-2.7408570001875208,1665090396,4978,1964,58,Female,Y,178,Carnoustie,Angus,DD7,"Tayside and Angus (Dundee)"
loan,55.95551817671927,-4.8039320599619595,1665090496,4975,1996,26,Male,Y,1235,Gourock,Inverclyde,PA19,Glasgow
loan,56.344739985134865,-4.326916698871649,1665090547,4985,1987,35,Male,Y,414,Strathyre,Stirlingshire,FK18,"Stirling and Falkirk"
loan,56.705227543508485,-2.9315740754639896,1665090617,4993,1996,26,Female,Y,179,Forfar,Angus,DD8,"Tayside and Angus (Dundee)"
loan,56.27411475682769,-3.94768855376711,1665090625,4981,1995,27,Male,Y,405,Dunblane,Stirlingshire,FK15,"Stirling and Falkirk"
loan,55.95026972155786,-3.2452495164725783,1665090665,4986,1988,34,Female,Y,287,"Corstorphine, Edinburgh",Edinburgh,"Edinburgh North","Lothian (Edinburgh)"
loan,55.873082411615925,-3.813218948423258,1665090755,4990,1973,49,Female,Y,1192,Airdrie,"North Lanarkshire",ML6,Glasgow
loan,55.966657532001896,-3.6470246683849803,1665090919,4991,1991,31,Female,Y,369,Linlithgow,"West Lothian",EH49,"Lothian (Edinburgh)"
loan,55.873937366842206,-4.289582182654211,1665091096,4800,1985,37,Female,Y,590,"Hyndland, Glasgow",Glasgow,"Glasgow Kelvin",Glasgow
loan,56.49495237842074,-2.748187328707681,1665091155,4849,1991,31,Female,Y,178,Carnoustie,Angus,DD7,"Tayside and Angus (Dundee)"
loan,56.33043289848687,-3.09392175209234,1665091204,4995,1985,37,Female,Y,1105,Cupar,Fife,KY15,Fife
loan,55.34030075810866,-5.567982177988977,1665091211,3577,1989,33,Male,Y,1246,Campbeltown,"Argyll and Bute",PA28,"Argyll and Bute"
loan,55.85972887594831,-4.364530207531975,1665091271,4994,1960,62,Female,N,670,"Ibrox, Glasgow",Glasgow,"Glasgow Southwest",Glasgow
loan,55.81986740361404,-4.25333371767345,1665091548,5001,1987,35,Female,Y,646,"Burnside, Glasgow",Glasgow,"Glasgow South",Glasgow
loan,56.53343297895628,-3.230519315473102,1665091610,4999,1996,26,Other,Y,1324,"Coupar Angus","Perth and Kinross",PH13,Fife
loan,55.823095000362486,-4.313630196505093,1665091678,5005,1991,31,Male,Y,645,Clarkston,"East Renfrewshire","Glasgow South",Glasgow
loan,55.96029059379474,-4.457143730255023,1665092015,5011,1989,33,Female,Y,546,Clydebank,"West Dunbartonshire",G81,Glasgow
loan,55.42624541952465,-2.541895360090382,1665092329,5013,2000,22,Female,Y,1486,Jedburgh,"Scottish Borders",TD8,Borders
loan,55.017243053527196,-3.471354174211461,1665092748,5022,1973,49,Female,Y,186,"Dumfries (centre and east: Dalscone, Georgetown, Heathhall, Kingholm Quay, Noblehill, The Crichton)","Dumfries and Galloway",DG1,"Dumfries and Galloway"
loan,55.788850653393716,-3.946201562661226,1665092762,5019,1985,37,Female,Y,1151,Motherwell,"North Lanarkshire",ML1,Glasgow
loan,55.946622391481135,-4.80334124183368,1665092856,5021,1964,58,Male,Y,1235,Gourock,Inverclyde,PA19,Glasgow
loan,55.91753936737213,-4.413061059656626,1665093152,5016,1970,52,Female,N,543,Duntocher,"West Dunbartonshire",G81,Glasgow
loan,55.92207938428517,-4.640476533078511,1665093437,5027,1991,31,Female,Y,1229,"Port Glasgow",Inverclyde,PA14,Glasgow
loan,56.483344265172796,-2.9824164551620003,1665093461,5028,1970,52,Female,Y,233,"Fairmuir, Dundee",Dundee,"Dundee Bluebelt","Tayside and Angus (Dundee)"
loan,56.222470915983365,-3.113424592603842,1665093703,5032,1956,66,Female,Y,1133,"Glenrothes (centre and east: Pitteuchar, Finglassie, Stenton, Auchmuty, Pitcoudie, Balfarg, Pircairn, Collydean)",Fife,KY7,Fife
loan,55.77657837536121,-4.165081858124696,1665093840,5038,1968,54,Male,Y,530,"East Kilbride (north: The Village, East Mains, West Mains, Lymekilns, St Leonards, Calderwood, Nerston, Stewartfield, Peel Park)","South Lanarkshire",G74,Glasgow
loan,55.84858432451339,-4.383605898686058,1665093904,4802,1992,30,Female,Y,1220,"Paisley (central, east and north east: Ferguslie, Oldhall, Seedhill, Williamsburgh, Whitehaugh)",Renfrewshire,PA1,Glasgow
loan,57.443403721619795,-2.198536574730718,1665094240,5039,1980,42,Male,Y,49,Ellon,Aberdeenshire,AB41,"North East (Aberdeen)"
loan,55.34115952038144,-4.523769150129896,1665094264,5037,1984,38,Female,Y,806,Maybole,"South Ayrshire",KA19,Ayrshire
loan,56.13325617089548,-3.2285832766492626,1665094433,5023,1996,26,Female,Y,1117,"Kirkcaldy (west: Hayfield, Templehall, Newliston, Chapel, Dunnikier, Bennochy)",Fife,KY2,Fife
loan,56.09153152836375,-3.227836793205557,1665094851,5047,1995,27,Female,Y,1117,"Kirkcaldy (west: Hayfield, Templehall, Newliston, Chapel, Dunnikier, Bennochy)",Fife,KY2,Fife
loan,55.850163942208525,-4.477810139743861,1665095441,4916,1953,69,Female,Y,1220,"Paisley (central, east and north east: Ferguslie, Oldhall, Seedhill, Williamsburgh, Whitehaugh)",Renfrewshire,PA1,Glasgow
loan,56.48535835739408,-2.9660426707241156,1665095825,5055,1988,34,Female,Y,250,"Downfield, Dundee",Dundee,"Dundee North","Tayside and Angus (Dundee)"
loan,55.88903168281252,-3.129981018444118,1665096057,5050,1994,28,Female,Y,322,"Gilmerton, Edinburgh",Edinburgh,"Edinburgh Southeast","Lothian (Edinburgh)"
loan,55.86451464049599,-4.296963056923422,1665096878,5044,1990,32,Other,Y,597,"Yorkhill, Glasgow",Glasgow,"Glasgow Kelvin",Glasgow
loan,56.160091876184545,-4.709787473820806,1665096938,5052,1986,36,Male,N,558,Balloch,"West Dunbartonshire",G83,"Argyll and Bute"
loan,58.177787991188154,-7.03932704935156,1665097229,5069,1993,29,Female,Y,688,"Isle of Lewis","Western Isles (outside of Stornoway)",HS2,"Western Isles"
loan,55.97184985613354,-3.2124981195560736,1665097402,5071,1989,33,Male,Y,297,"Blackhall, Edinburgh",Edinburgh,"Edinburgh North","Lothian (Edinburgh)"
loan,55.88514101442838,-4.304027540389466,1665097492,5063,1999,23,Male,N,588,"Broomhill, Glasgow",Glasgow,"Glasgow Kelvin",Glasgow
loan,55.69499064662814,-4.83593278634972,1665097828,5074,1977,45,Male,Y,814,"West Kilbride","North Ayrshire",KA23,Ayrshire
loan,55.867448991678636,-4.256796994573498,1665098579,5084,1968,54,Female,Y,580,"Anderston, Glasgow",Glasgow,"Glasgow City Centre",Glasgow
loan,56.48262141740139,-2.7597657889265577,1665100952,5087,1968,54,Female,N,178,Carnoustie,Angus,DD7,"Tayside and Angus (Dundee)"
loan,57.09021132361439,-5.437658556986786,1665102439,5089,1991,31,Male,Y,1381,Invergarry,Highland,PH35,"Highlands (Inverness)"
loan,55.9712380606911,-3.1603955323310093,1665104720,5090,1993,29,Female,Y,285,"Leith, Edinburgh",Edinburgh,"Edinburgh Leith","Lothian (Edinburgh)"
loan,55.07700789028103,-3.5240641957480543,1665109138,5092,1976,46,Female,N,186,"Dumfries (centre and east: Dalscone, Georgetown, Heathhall, Kingholm Quay, Noblehill, The Crichton)","Dumfries and Galloway",DG1,"Dumfries and Galloway"
loan,58.21075412409098,-6.362136766364678,1665116748,5096,1989,33,Male,Y,686,"Stornoway, Isle of Lewis","Western Isles",HS1,"Western Isles"
loan,55.76839737569799,-4.38398841144093,1665121614,5104,1985,37,Female,Y,539,"Newton Mearns","East Renfrewshire",G77,Glasgow
loan,56.10143526274306,-3.4591084007335473,1665122951,4717,1970,52,Male,Y,1096,"Dunfermline (centre, north, west: Abbey Parks, Lady's Mill, Garvock, Headwell, Kingseathill, Wellwood, Milesmark, Baldridge, Pittencrieff, Baldridgeburn)",Fife,KY12,Fife
loan,57.051350053674376,-4.688932440289168,1665126735,5121,2002,20,Female,Y,1379,"Spean Bridge",Highland,PH34,"Highlands (Inverness)"
loan,56.314911982691605,-3.6408814855598153,1665128612,5124,1966,56,Female,N,1338,"Bridge of Earn","Perth and Kinross",PH2,Fife
loan,55.46077474003431,-4.283559246292973,1665129225,5137,2004,18,Male,N,802,"New Cumnock","East Ayrshire",KA18,Ayrshire
loan,55.54368588359152,-4.613004107263211,1665130107,5133,2000,22,Male,N,784,Troon,"South Ayrshire",KA10,Ayrshire
loan,58.21008526988261,-6.383560727530373,1665130401,5144,1991,31,Female,Y,686,"Stornoway, Isle of Lewis","Western Isles",HS1,"Western Isles"
loan,57.42976858760217,-4.2276662663265885,1665131134,5145,1992,30,Female,Y,713,Culloden,Highland,IV2,"Highlands (Inverness)"
loan,56.12514240753295,-3.7698153793789198,1665131437,1728,1994,28,Female,Y,391,Alloa,Clackmannanshire,FK10,"Stirling and Falkirk"
loan,55.68788709719961,-3.2880850589752444,1665131494,5146,1999,23,Female,N,362,Peebles,"Scottish Borders",EH45,Borders
loan,55.81169271335925,-4.314321685554603,1665132075,5149,1985,37,Female,N,662,"Battlefield, Glasgow",Glasgow,"Glasgow Southwest",Glasgow
loan,55.78497856303728,-4.178220406084331,1665132759,5152,1989,33,Male,Y,530,"East Kilbride (north: The Village, East Mains, West Mains, Lymekilns, St Leonards, Calderwood, Nerston, Stewartfield, Peel Park)","South Lanarkshire",G74,Glasgow
loan,56.03148211595951,-3.3603521225042066,1665133278,5154,1974,48,Male,Y,1089,"Dalgety Bay",Fife,KY11,Fife
loan,55.42711890766777,-4.70296220575379,1665133674,5157,1963,59,Female,Y,856,"Ayr (Centre)","South Ayrshire",KA7,Ayrshire
loan,56.05036723341103,-3.4372829432953793,1665134480,5160,1995,27,Male,Y,1090,"Dunfermline (south and east: Halbeath, Touch, Duloch, Masterton, Pitcorthie, Abbeyview, Brucefield, Hospital Hill, Camdean, Pitreavie)",Fife,KY11,Fife
loan,56.477818276276096,-2.828964345694473,1665134829,5162,1966,56,Female,Y,249,Monifieth,Angus,"Dundee East","Tayside and Angus (Dundee)"
loan,55.77742149415806,-4.247626127535738,1665135649,5165,1991,31,Female,Y,537,Eaglesham,"East Renfrewshire",G76,Glasgow
loan,55.943986827979316,-3.2462249545890427,1665136031,5167,1955,67,Male,Y,288,"Murrayfield, Edinburgh",Edinburgh,"Edinburgh North","Lothian (Edinburgh)"
loan,55.92326053772333,-4.617312321115864,1665136758,5171,1975,47,Male,Y,1229,"Port Glasgow",Inverclyde,PA14,Glasgow
loan,57.15553841143212,-2.1708433853097517,1665137284,5188,2006,16,Male,School,100,"Cornhill, Aberdeen",Aberdeen,"Aberdeen Central","North East (Aberdeen)"
loan,55.94978776813663,-3.1830713003171973,1665137392,5178,1995,27,Female,Y,277,"Canongate, Edinburgh",Edinburgh,"Edinburgh Central","Lothian (Edinburgh)"
loan,57.85867669630851,-3.809878144743707,1665137468,5180,1964,58,Female,Y,717,"Hill of Fearn",Highland,IV20,"Highlands (Inverness)"
loan,56.0117399477704,-3.684482558209322,1665137525,5185,1999,23,Female,Y,439,Grangemouth,Falkirk,FK3,"Stirling and Falkirk"
loan,57.173384580860905,-2.148502752012534,1665137781,5194,2006,16,Male,N,104,"Tillydrone, Aberdeen",Aberdeen,"Aberdeen Central","North East (Aberdeen)"
loan,57.24179967469165,-2.170530483495661,1665137827,5192,2006,16,Female,School,112,"Dyce, Aberdeen",Aberdeen,"Aberdeen North","North East (Aberdeen)"
loan,57.164735286482454,-2.1869827319641097,1665137876,5191,2006,16,Female,School,103,"Woodside, Aberdeen",Aberdeen,"Aberdeen Central","North East (Aberdeen)"
loan,55.8141587907011,-4.317379167647541,1665138241,5184,1958,64,Female,N,664,"Toryglen, Glasgow",Glasgow,"Glasgow Southwest",Glasgow
loan,55.85725292643639,-4.161541730761359,1665138248,5203,1996,26,Female,Y,632,"Springburn, Glasgow",Glasgow,"Glasgow Northeast",Glasgow
loan,55.81208621014924,-4.506354542326246,1665138307,5209,1987,35,Male,Y,1275,Elderslie,Renfrewshire,PA5,Glasgow
loan,55.8291898302354,-4.473088009515651,1665138496,5169,1977,45,Female,Y,1275,Elderslie,Renfrewshire,PA5,Glasgow
loan,56.49205480424727,-3.0291155190925996,1665138518,5206,1992,30,Male,N,239,"Charleston, Dundee",Dundee,"Dundee Central","Tayside and Angus (Dundee)"
loan,55.82537580316731,-4.522964927873495,1665138665,5169,1977,45,Female,Y,1275,Elderslie,Renfrewshire,PA5,Glasgow
loan,56.012971658184824,-3.688861383172906,1665139682,5210,1962,60,Female,N,439,Grangemouth,Falkirk,FK3,"Stirling and Falkirk"
loan,55.82420779407415,-4.191756438992447,1665139895,5214,1984,38,Female,Y,645,Clarkston,"East Renfrewshire","Glasgow South",Glasgow
loan,57.50882793604351,-3.586272889459981,1665140256,170,2000,22,Male,Y,740,Forres,Moray,IV36,"North East (Aberdeen)"
loan,56.078206952717046,-3.5813861257221182,1665140616,3587,1971,51,Female,Y,1096,"Dunfermline (centre, north, west: Abbey Parks, Lady's Mill, Garvock, Headwell, Kingseathill, Wellwood, Milesmark, Baldridge, Pittencrieff, Baldridgeburn)",Fife,KY12,Fife
loan,56.195237921672316,-4.010107654846258,1665141197,5219,1989,33,Female,Y,405,Dunblane,Stirlingshire,FK15,"Stirling and Falkirk"
loan,56.97517546229749,-2.219770000648192,1665141700,5220,1986,36,Male,Y,48,Stonehaven,Aberdeenshire,AB39,"North East (Aberdeen)"
loan,55.87239003354827,-4.327817789801429,1665141745,5221,1970,52,Female,N,642,"Yoker, Glasgow",Glasgow,"Glasgow Northwest",Glasgow
loan,55.611856283265666,-4.6690033702333515,1665141859,4426,1990,32,Female,N,787,"Irvine (centre: Castlepark, Tarryholme)","North Ayrshire",KA12,Ayrshire
loan,57.78982828486696,-4.2369079449675136,1665142813,5222,1999,23,Female,Y,708,Invergordon,Highland,IV18,"Highlands (Inverness)"
loan,56.09147641576598,-4.834830862823209,1665144451,5239,2000,22,Male,Y,566,Helensburgh,"Argyll and Bute",G84,"Argyll and Bute"
loan,55.81269966920706,-4.332853765890641,1665145051,5241,1955,67,Female,Y,650,"Newlands, Glasgow",Glasgow,"Glasgow South",Glasgow
loan,56.46630479510311,-3.1040209329536816,1665145074,5245,1999,23,Other,Y,147,Lundie,Angus,DD2,"Tayside and Angus (Dundee)"
loan,58.24310197210194,-6.448231550331409,1665145276,5244,1949,73,Female,Y,688,"Isle of Lewis","Western Isles (outside of Stornoway)",HS2,"Western Isles"
loan,55.92825000726819,-3.275445868515468,1665146980,5253,1966,56,Female,Y,264,"Slateford, Edinburgh",Edinburgh,"Edinburgh Central","Lothian (Edinburgh)"
loan,55.93699099990072,-3.250583566138572,1665147150,5255,1995,27,Female,N,264,"Slateford, Edinburgh",Edinburgh,"Edinburgh Central","Lothian (Edinburgh)"
loan,56.3071018052167,-4.771198128800299,1665148337,5259,1998,24,Male,N,553,Arrochar,"Argyll and Bute",G83,"Argyll and Bute"
loan,55.918284604138016,-4.583473490333331,1665148522,5262,1994,28,Female,Y,1229,"Port Glasgow",Inverclyde,PA14,Glasgow
loan,55.81898028688497,-4.359815248381168,1665149814,4909,1993,29,Female,Y,678,"Cardonald, Glasgow",Glasgow,"Glasgow Southwest",Glasgow
loan,55.8695070055122,-3.3344419851669524,1665149970,5264,1964,58,Female,N,310,"Balerno, Edinburgh",Edinburgh,"Edinburgh South","Lothian (Edinburgh)"
loan,55.83555861979499,-3.400718349374334,1665150592,5266,1983,39,Female,Y,317,"Marchmont, Edinburgh",Edinburgh,"Edinburgh South","Lothian (Edinburgh)"
loan,55.94982587558926,-4.8317267108569375,1665152761,5269,1953,69,Female,N,1235,Gourock,Inverclyde,PA19,Glasgow
loan,55.803340562218416,-4.179481615066214,1665152976,5271,1997,25,Female,Y,528,Blantyre,"South Lanarkshire",G72,Glasgow
loan,55.84822411545356,-4.869112704782813,1665153039,4901,2007,15,Male,School,1233,Skelmorlie,"North Ayrshire",PA17,Ayrshire
loan,56.17455067761416,-4.93820188583718,1665153130,5270,1989,33,Female,Y,1242,Lochgoilhead,"Argyll and Bute",PA24,"Argyll and Bute"
loan,55.856558374473636,-4.090219904529816,1665153662,5273,1987,35,Male,Y,610,"Provanmill, Glasgow",Glasgow,"Glasgow Northeast",Glasgow
loan,55.90104791170871,-4.3170582204289625,1665155138,5276,1950,72,Female,N,634,"Maryhill, Glasgow",Glasgow,"Glasgow Northeast",Glasgow
loan,55.795536103694005,-3.7739395368791406,1665156347,5287,2000,22,Female,Y,365,Stoneyburn,"West Lothian",EH47,"Lothian (Edinburgh)"
loan,57.262217535632075,-4.908349464262732,1665156654,5281,1987,35,Female,Y,741,Beauly,Highland,IV4,"Highlands (Inverness)"
loan,55.892032342938705,-4.38906695069069,1665156844,5290,1966,56,Female,Y,546,Clydebank,"West Dunbartonshire",G81,Glasgow
loan,55.83571698827249,-4.088719736231069,1665156914,5292,1991,31,Male,Y,523,Bothwell,"South Lanarkshire",G71,Glasgow
loan,55.7095654503258,-4.1016876977986,1665157032,5236,1984,38,Male,Y,1160,Strathaven,"North Lanarkshire",ML10,Glasgow
loan,55.8463969740053,-4.832179517988632,1665157067,5293,1993,29,Female,Y,842,Largs,"North Ayrshire",KA30,Ayrshire
loan,55.907994191174744,-4.2819538817468805,1665157864,5297,1998,24,Female,Y,480,"Summerston, Glasgow",Glasgow,G23,Glasgow
loan,55.87530720299331,-3.357081475017007,1665158101,5300,1995,27,Female,Y,318,"The Grange, Edinburgh",Edinburgh,"Edinburgh South","Lothian (Edinburgh)"
loan,55.889403014128256,-3.666143714379162,1665158387,5295,2006,16,Other,School,368,Bathgate,"West Lothian",EH48,"Lothian (Edinburgh)"
loan,55.5415015717518,-4.620293759446191,1665159300,5303,1961,61,Female,N,782,Loans,"South Ayrshire",KA10,Ayrshire
loan,57.15783907441222,-2.1054446088472827,1665159381,5304,1959,63,Female,Y,107,"Rosemount, Aberdeen",Aberdeen,"Aberdeen Central","North East (Aberdeen)"
loan,55.53885397483776,-4.65767061335646,1665159458,5303,1961,61,Female,N,782,Loans,"South Ayrshire",KA10,Ayrshire
loan,55.54018739563403,-4.64451669451606,1665161756,5310,1985,37,Female,Y,784,Troon,"South Ayrshire",KA10,Ayrshire
loan,55.9214717099879,-4.39223889411373,1665164309,5318,2003,19,Male,Y,546,Clydebank,"West Dunbartonshire",G81,Glasgow
loan,55.76547611947479,-4.2501503451162845,1665165005,5320,1972,50,Female,Y,530,"East Kilbride (north: The Village, East Mains, West Mains, Lymekilns, St Leonards, Calderwood, Nerston, Stewartfield, Peel Park)","South Lanarkshire",G74,Glasgow
loan,55.951265467747035,-3.1984236018982544,1665166825,5324,1975,47,Female,Y,270,"Meadows and Southside, Edinburgh",Edinburgh,"Edinburgh Central","Lothian (Edinburgh)"
loan,55.94171160552299,-4.82796099815607,1665170082,5334,1989,33,Male,Y,1231,"Greenock (west: Bow Farm, Braeside, Branchton, Fort Matilda, Gateside, Greenock West, Overton, Pennyfern, Smithston)",Inverclyde,PA16,Glasgow
loan,55.88886883266255,-4.337612500345818,1665170353,5336,1989,33,Male,Y,597,"Yorkhill, Glasgow",Glasgow,"Glasgow Kelvin",Glasgow
loan,56.19314166568323,-4.79561179906139,1665170827,5341,1983,39,Female,N,558,Balloch,"West Dunbartonshire",G83,"Argyll and Bute"
loan,55.74169451181217,-4.113666217032566,1665170892,5340,1961,61,Male,Y,1183,Hamilton,"South Lanarkshire",ML3,Glasgow
loan,55.98271153940098,-4.008086651735997,1665172158,5329,1980,42,Female,Y,506,Kilsyth,"North Lanarkshire",G65,Glasgow
loan,58.22084466197719,-6.363768933734982,1665172830,5345,1957,65,Female,N,686,"Stornoway, Isle of Lewis","Western Isles",HS1,"Western Isles"
loan,55.80270710297922,-5.098280369979327,1665174254,5354,1982,40,Female,Y,1237,"Isle of Bute","Argyll and Bute",PA20,"Argyll and Bute"
loan,55.89192719881446,-3.767994087597126,1665175544,5351,1993,29,Male,Y,368,Bathgate,"West Lothian",EH48,"Lothian (Edinburgh)"
loan,55.75490181638662,-3.980604109513065,1665176763,5352,1954,68,Female,Y,1217,Larkhall,"North Lanarkshire",ML9,Glasgow
loan,56.4621404932878,-3.0296122678761472,1665176911,5362,1981,41,Female,Y,261,"Westend, Dundee",Dundee,"Dundee West","Tayside and Angus (Dundee)"
loan,55.94594574691494,-3.0840333493581182,1665177550,5364,1980,42,Female,Y,281,"Portobello, Edinburgh",Edinburgh,"Edinburgh Duddingston","Lothian (Edinburgh)"
loan,56.25527193382597,-2.7727590226949195,1665178699,5370,1979,43,Female,Y,1086,Anstruther,Fife,KY10,Fife
loan,55.96774963867606,-4.532621876979347,1665178791,5366,1975,47,Male,Y,549,Dumbarton,"West Dunbartonshire",G82,Glasgow
loan,55.79958879747091,-4.279163357671597,1665179369,5374,1977,45,Female,Y,647,"Pollokshields, Glasgow",Glasgow,"Glasgow South",Glasgow
loan,55.95996378473332,-4.262767318381151,1665179939,5372,1976,46,Male,Y,489,Milngavie,"East Dunbartonshire",G62,Glasgow
loan,56.16123742095397,-3.440570828168564,1665181275,5376,1996,26,Male,Y,1100,Scotlandwell,"Perth and Kinross",KY13,Fife
loan,55.95489844093226,-3.188005316415894,1665181701,5378,1984,38,Male,N,287,"Corstorphine, Edinburgh",Edinburgh,"Edinburgh North","Lothian (Edinburgh)"
loan,55.91392956119363,-4.3221734318456875,1665183456,5383,1965,57,Male,Y,488,Bearsden,"East Dunbartonshire",G61,Glasgow
loan,55.88226327746146,-3.28851322985993,1665183564,5387,1994,28,Other,Y,309,"Cameron Toll, Edinburgh",Edinburgh,"Edinburgh South","Lothian (Edinburgh)"
loan,55.87211249948442,-4.218916781551641,1665189466,5392,1961,61,Female,Y,634,"Maryhill, Glasgow",Glasgow,"Glasgow Northeast",Glasgow
loan,56.33232501482405,-3.440716623257653,1665197765,5342,2005,17,Other,N,1354,"Perth (south and east: Barnhill, Bridgend, Craigie, Kincarrathie, Upper Craigie)","Perth and Kinross",PH2,Fife
loan,58.03805944802147,-6.530586209700601,1665209020,5398,1998,24,Female,Y,688,"Isle of Lewis","Western Isles (outside of Stornoway)",HS2,"Western Isles"
loan,55.85173501081666,-3.9720773981062805,1665209045,5397,1967,55,Female,Y,1192,Airdrie,"North Lanarkshire",ML6,Glasgow
loan,55.07257254796291,-5.008855241963143,1665214857,5346,1956,66,Female,N,823,Turnberry,"South Ayrshire",KA26,Ayrshire
loan,58.973416209752166,-3.302886079827024,1665214888,5401,1992,30,Female,Y,982,Stromness,Orkney,KW16,"Orkney Islands"
loan,55.8604885458809,-4.271611076329457,1665215086,5403,1964,58,Male,Y,591,"Hillhead, Glasgow",Glasgow,"Glasgow Kelvin",Glasgow
loan,55.91672032706989,-4.431336595275512,1665217128,5406,1974,48,Male,Y,544,Faifley,"West Dunbartonshire",G81,Glasgow
loan,55.8221233461214,-4.794816982463278,1665220219,5415,1994,28,Male,Y,842,Largs,"North Ayrshire",KA30,Ayrshire
loan,55.912084340402444,-4.3384874063216285,1665220383,5383,1965,57,Male,Y,488,Bearsden,"East Dunbartonshire",G61,Glasgow
loan,58.79633544319656,-3.173591064931583,1665220557,5416,1992,30,Female,Y,982,Stromness,Orkney,KW16,"Orkney Islands"
loan,55.87336315509414,-4.343130419690886,1665221918,5418,1991,31,Male,Y,638,"Drumchapel, Glasgow",Glasgow,"Glasgow Northwest",Glasgow
loan,56.03601241725936,-3.386440122004398,1665225536,5425,1997,25,Female,Y,1090,"Dunfermline (south and east: Halbeath, Touch, Duloch, Masterton, Pitcorthie, Abbeyview, Brucefield, Hospital Hill, Camdean, Pitreavie)",Fife,KY11,Fife
loan,55.80848335582168,-4.312635798532063,1665228080,5426,1957,65,Male,Y,657,"Thornliebank, Glasgow",Glasgow,"Glasgow South",Glasgow
loan,55.844087623176584,-4.047361716228006,1665229203,5427,1996,26,Female,Y,1189,Coatbridge,"North Lanarkshire",ML5,Glasgow
loan,57.500026448583995,-6.479363116704169,1665231548,5430,2005,17,Male,Y,763,Portree,Highland,IV51,"Highlands (Inverness)"
loan,55.161805614492955,-3.950141416673214,1665232082,5431,2001,21,Female,Y,210,Thornhill,"Dumfries and Galloway",DG3,"Dumfries and Galloway"
loan,55.87523140286058,-4.284643102040836,1665234173,5436,1971,51,Female,Y,597,"Yorkhill, Glasgow",Glasgow,"Glasgow Kelvin",Glasgow
loan,55.82460834885709,-4.070485562561285,1665235060,5438,1984,38,Male,Y,525,Uddingston,"South Lanarkshire",G71,Glasgow
loan,55.93643447109502,-4.006339000130284,1665235471,5441,1994,28,Female,Y,514,"Cumbernauld (south: Condorrat, Lenziemill, Carbrain, Kildrum, Cumbernauld Village, Abronhill, Seafar)","North Lanarkshire",G67,Glasgow
loan,55.91413074180408,-3.741348499056823,1665237226,5444,1972,50,Female,N,368,Bathgate,"West Lothian",EH48,"Lothian (Edinburgh)"
loan,55.87060105790178,-3.3131235679412847,1665241160,5447,1984,38,Male,Y,314,"Morningside, Edinburgh",Edinburgh,"Edinburgh South","Lothian (Edinburgh)"
loan,56.148090216710585,-3.311313141680133,1665242799,5452,1971,51,Female,Y,1125,Ballingry,Fife,KY5,Fife
loan,57.646165156494654,-2.0701513960962035,1665249354,5458,1992,30,Male,Y,57,Fraserburgh,Aberdeenshire,AB43,"North East (Aberdeen)"
loan,55.7430874613932,-4.125544549832632,1665252242,5461,1983,39,Female,N,534,"East Kilbride (south: Hairmyres, Westwood, The Murray, Murray East, Whitehills, Greenhill, Newlandsmuir, Gardenhall, Crosshouse, Newlands, Lindsayfield, Mossneuk)","South Lanarkshire",G75,Glasgow
loan,55.82672711806494,-4.301248235338889,1665252325,5463,2003,19,Female,Y,656,"Croftfoot, Glasgow",Glasgow,"Glasgow South",Glasgow
loan,56.007923546061875,-3.620808453702727,1665253523,5465,1997,25,Male,Y,370,Bo'ness,Falkirk,EH51,"Lothian (Edinburgh)"
loan,55.89430086868811,-4.2919507241462975,1665255030,5466,1999,23,Female,Y,624,"Springboig, Glasgow",Glasgow,"Glasgow Northeast",Glasgow
loan,55.07258339459051,-3.4653873858246182,1665255824,5469,2007,15,Male,School,186,"Dumfries (centre and east: Dalscone, Georgetown, Heathhall, Kingholm Quay, Noblehill, The Crichton)","Dumfries and Galloway",DG1,"Dumfries and Galloway"
loan,57.07243791886471,-2.184092602675084,1665258233,5470,1964,58,Female,Y,13,"Tullos, Aberdeen",Aberdeen,AB12,"North East (Aberdeen)"
loan,56.33533701394089,-3.605528245880295,1665258287,5471,2000,22,Female,Y,1354,"Perth (south and east: Barnhill, Bridgend, Craigie, Kincarrathie, Upper Craigie)","Perth and Kinross",PH2,Fife
loan,55.88918906259401,-3.558412163590689,1665258730,5474,1965,57,Female,Y,375,Livingston,"West Lothian",EH54,"Lothian (Edinburgh)"
loan,56.74911697932059,-3.180299279205804,1665259326,5472,1957,65,Female,Y,179,Forfar,Angus,DD8,"Tayside and Angus (Dundee)"
loan,55.962382366980236,-4.289467222139311,1665261082,4928,1985,37,Female,Y,489,Milngavie,"East Dunbartonshire",G62,Glasgow
loan,54.99631200831335,-3.31829133669973,1665262718,5481,1997,25,Female,Y,200,Eastriggs,"Dumfries and Galloway",DG12,"Dumfries and Galloway"
loan,58.223756541367834,-6.4043315126401215,1665262736,5478,1990,32,Female,Y,688,"Isle of Lewis","Western Isles (outside of Stornoway)",HS2,"Western Isles"
loan,57.521539679744045,-2.0494689219245537,1665263302,5482,1968,54,Female,N,54,Peterhead,Aberdeenshire,AB42,"North East (Aberdeen)"
loan,55.90545239005149,-4.177587494684549,1665299092,5496,1957,65,Female,N,632,"Springburn, Glasgow",Glasgow,"Glasgow Northeast",Glasgow
loan,57.941040189974856,-4.162250086993901,1665303940,5501,1975,47,Female,Y,726,Dornoch,Highland,IV25,"Highlands (Inverness)"
loan,55.972799566464445,-3.2116315519288805,1665304365,5503,1975,47,Female,Y,297,"Blackhall, Edinburgh",Edinburgh,"Edinburgh North","Lothian (Edinburgh)"
loan,55.91295401175604,-4.383667748515634,1665306438,5506,1982,40,Female,Y,643,"Anniesland, Glasgow",Glasgow,"Glasgow Northwest",Glasgow
loan,56.081065749430174,-3.783156299862836,1665306723,5507,1975,47,Female,Y,425,Polmont, Falkirk,FK2,"Stirling and Falkirk"
loan,57.082404685756124,-2.2783214698292076,1665306965,5508,1995,27,Female,Y,128,"Mannofield, Aberdeen",Aberdeen,"Aberdeen Southwest","North East (Aberdeen)"
loan,55.873489578160246,-4.056920880569993,1665307501,5509,1996,26,Female,Y,1189,Coatbridge,"North Lanarkshire",ML5,Glasgow
loan,55.810972401907044,-4.161477676666964,1665308408,5512,1995,27,Male,Y,529,Cambuslang,"South Lanarkshire",G72,Glasgow
loan,57.26855400654218,-2.1970713447305448,1665308971,5517,1986,36,Female,Y,124,Newmachar,Aberdeenshire,"Aberdeen North","North East (Aberdeen)"
loan,55.90745948417918,-2.617666291071699,1665309179,5516,1999,23,Female,Y,359,Dunbar,"East Lothian",EH42,"Lothian (Edinburgh)"
loan,56.48966559856607,-3.3374820665261296,1665316669,5525,1995,27,Other,Y,1324,"Coupar Angus","Perth and Kinross",PH13,Fife
loan,55.98869295303782,-4.67424332347271,1665318361,5528,1985,37,Female,Y,548,Cardross,"Argyll and Bute",G82,Glasgow
loan,55.758681227117826,-4.269675422508412,1665321038,5532,1995,27,Male,Y,530,"East Kilbride (north: The Village, East Mains, West Mains, Lymekilns, St Leonards, Calderwood, Nerston, Stewartfield, Peel Park)","South Lanarkshire",G74,Glasgow
loan,56.48202393568545,-3.0230310174097954,1665321049,5533,1994,28,Female,Y,244,"Stobswell, Dundee",Dundee,"Dundee Central","Tayside and Angus (Dundee)"
loan,55.884125615275025,-3.302645276371476,1665321057,5534,1978,44,Female,Y,310,"Balerno, Edinburgh",Edinburgh,"Edinburgh South","Lothian (Edinburgh)"
loan,57.746549820242855,-4.23863385250475,1665324483,5537,1981,41,Male,Y,707,Alness,Highland,IV17,"Highlands (Inverness)"
loan,55.92829860243242,-3.2918031395033576,1665327918,5541,1964,58,Female,Y,272,"New Town, Edinburgh",Edinburgh,"Edinburgh Central","Lothian (Edinburgh)"
loan,55.90945550330515,-4.325355284328708,1665329960,5545,1996,26,Female,Y,488,Bearsden,"East Dunbartonshire",G61,Glasgow
loan,55.8282176182439,-4.278068082360405,1665340895,5552,1975,47,Male,Y,658,"Giffnock, Glasgow",Glasgow,"Glasgow South",Glasgow
loan,55.97355130105434,-4.497359706405035,1665343824,5557,1997,25,Male,Y,549,Dumbarton,"West Dunbartonshire",G82,Glasgow
loan,57.12965763698106,-2.110553806648459,1665347145,5562,1988,34,Female,N,126,"Bridge of Dee, Aberdeen",Aberdeen,"Aberdeen Southeast","North East (Aberdeen)"
loan,57.704524937644784,-3.347596898425937,1665352401,5568,1996,26,Female,Y,738,Lossiemouth,Moray,IV31,"North East (Aberdeen)"
loan,58.23215049642814,-7.027713166903737,1665352752,5478,1990,32,Female,Y,688,"Isle of Lewis","Western Isles (outside of Stornoway)",HS2,"Western Isles"
loan,56.95234764435022,-5.450990006597017,1665353261,5121,2002,20,Female,Y,1379,"Spean Bridge",Highland,PH34,"Highlands (Inverness)"
loan,55.879926174611185,-4.370233876614489,1665355282,5570,1963,59,Female,N,1264,Renfrew,Renfrewshire,PA4,Glasgow
loan,55.9181400182322,-4.852469407086328,1665365833,5573,1952,70,Female,N,1231,"Greenock (west: Bow Farm, Braeside, Branchton, Fort Matilda, Gateside, Greenock West, Overton, Pennyfern, Smithston)",Inverclyde,PA16,Glasgow
loan,55.93727621564524,-3.052563687108714,1665385226,5578,1953,69,Female,Y,330,Musselburgh,"East Lothian",EH21,"Lothian (Edinburgh)"
loan,56.47096185918565,-2.8525795284491235,1665387775,5579,1977,45,Female,Y,247,"Broughty Ferry, Dundee",Dundee,"Dundee East","Tayside and Angus (Dundee)"
loan,55.89138021323481,-2.9745259230280725,1665391130,5583,1981,41,Female,N,334,Dalkeith,Midlothian,EH22,"Lothian (Edinburgh)"
loan,55.986676564627984,-4.491330003825037,1665392908,5586,1980,42,Female,Y,549,Dumbarton,"West Dunbartonshire",G82,Glasgow
loan,55.90021359304989,-4.246050181098665,1665393472,5595,1994,28,Female,Y,627,"Dennistoun, Glasgow",Glasgow,"Glasgow Northeast",Glasgow
loan,55.94071555883651,-4.247287416896852,1665404775,5598,1990,32,Male,Y,502,Bishopbriggs,"East Dunbartonshire",G64,Glasgow
loan,57.12726130989215,-2.4537405632634264,1665414465,5604,1994,28,Female,Y,28,Westhill,Aberdeenshire,AB32,"North East (Aberdeen)"
loan,57.47217648145815,-4.305738684658068,1665415730,5605,1992,30,Male,Y,736,"Inverness (west: Ballifeary, Balnafettack, Clachnaharry, Dalneigh, Kinmylies, Leachkin, Merkinch, Muirtown, South Kessock)",Highland,IV3,"Highlands (Inverness)"
loan,56.00633401755331,-3.7218999948697915,1665418166,5607,1971,51,Female,Y,439,Grangemouth,Falkirk,FK3,"Stirling and Falkirk"
loan,55.87477399095472,-3.2514667295221815,1665427816,5602,1963,59,Female,Y,316,"Bruntsfield, Edinburgh",Edinburgh,"Edinburgh South","Lothian (Edinburgh)"
loan,55.91308828062657,-4.658451507859245,1665428471,5612,1989,33,Male,N,1227,Kilmacolm,Inverclyde,PA13,Glasgow
loan,55.968075838893405,-4.578221732158566,1665431143,5586,1980,42,Female,Y,549,Dumbarton,"West Dunbartonshire",G82,Glasgow
loan,55.91675068882251,-4.409265497312534,1665433751,5616,1989,33,Other,Y,546,Clydebank,"West Dunbartonshire",G81,Glasgow
loan,57.58386580049133,-4.212842957375899,1665433799,5617,1941,81,Female,N,778,Avoch,Highland,IV9,"Highlands (Inverness)"
loan,55.84980142581327,-4.162321161642134,1665434664,5620,1959,63,Other,Y,634,"Maryhill, Glasgow",Glasgow,"Glasgow Northeast",Glasgow
loan,55.79851076962145,-4.24134069450049,1665434790,5619,1989,33,Female,Y,571,"Castlemilk, Glasgow",Glasgow,"Glasgow Castlemilk",Glasgow
loan,56.00685898811964,-5.007522943861305,1665434935,5621,1984,38,Female,N,1241,Dunoon,"Argyll and Bute",PA23,"Argyll and Bute"
loan,55.935679500547515,-3.1655981582208,1665435125,5622,1964,58,Female,N,322,"Gilmerton, Edinburgh",Edinburgh,"Edinburgh Southeast","Lothian (Edinburgh)"
loan,55.870869368757596,-4.204152408431916,1665435915,5623,1978,44,Female,N,619,"Tollcross, Glasgow",Glasgow,"Glasgow Northeast",Glasgow
loan,55.89820483699264,-3.146476582388447,1665436579,5622,1964,58,Female,N,322,"Gilmerton, Edinburgh",Edinburgh,"Edinburgh Southeast","Lothian (Edinburgh)"
loan,57.55725563221625,-1.9850776521964766,1665465349,5634,1982,40,Female,Y,54,Peterhead,Aberdeenshire,AB42,"North East (Aberdeen)"
loan,59.01636501050208,-3.1986496892157783,1665467860,5635,1968,54,Female,Y,1025,"Orkney Islands",Orkney,KW17,"Orkney Islands"
loan,55.87048801560916,-3.6513915018512644,1665472049,3360,1963,59,Female,Y,368,Bathgate,"West Lothian",EH48,"Lothian (Edinburgh)"
loan,55.876995062245186,-4.356489232774749,1665473991,5639,1972,50,Female,N,644,"Partick, Glasgow",Glasgow,"Glasgow Northwest",Glasgow
loan,57.292783358331036,-2.0431642855308754,1665475616,5641,1976,46,Female,Y,51,Tarves,Aberdeenshire,AB41,"North East (Aberdeen)"
loan,59.2676999579219,-2.5261227860142554,1665477110,5645,1996,26,Female,Y,1025,"Orkney Islands",Orkney,KW17,"Orkney Islands"
loan,55.84053189471831,-3.3503777643490436,1665479213,5646,1962,60,Male,Y,313,"Colinton, Edinburgh",Edinburgh,"Edinburgh South","Lothian (Edinburgh)"
loan,56.08469119735271,-3.2153175344304694,1665479772,5647,1998,24,Female,Y,1117,"Kirkcaldy (west: Hayfield, Templehall, Newliston, Chapel, Dunnikier, Bennochy)",Fife,KY2,Fife
loan,56.01748793413185,-4.471768455526411,1665486751,5651,1998,24,Female,Y,558,Balloch,"West Dunbartonshire",G83,"Argyll and Bute"
loan,55.60002702633076,-4.043444848147839,1665488209,5653,1984,38,Female,N,1160,Strathaven,"North Lanarkshire",ML10,Glasgow
loan,55.850540572874,-3.9810180804609074,1665490033,5657,1953,69,Female,N,1192,Airdrie,"North Lanarkshire",ML6,Glasgow
loan,55.85062197387918,-4.012590698571651,1665495858,5660,2004,18,Female,Y,1189,Coatbridge,"North Lanarkshire",ML5,Glasgow
loan,57.3047442524137,-2.8196134007577793,1665502708,5668,1999,23,Male,Y,83,Huntly,Aberdeenshire,AB54,"North East (Aberdeen)"
loan,55.87062134708994,-4.000772521573526,1665509122,5660,2004,18,Female,Y,1189,Coatbridge,"North Lanarkshire",ML5,Glasgow
loan,56.42161743935721,-2.97517013070384,1665511469,5674,1986,36,Female,Y,176,Tayport,Fife,DD6,"Tayside and Angus (Dundee)"
loan,55.81858286612231,-4.247264044573042,1665518100,5676,1974,48,Female,N,648,"Shawlands, Glasgow",Glasgow,"Glasgow South",Glasgow
loan,55.47828085803375,-4.6070506752028715,1665528054,5680,1957,65,Female,N,868,"Newton on Ayr","South Ayrshire",KA8,Ayrshire
loan,56.29088298782374,-4.754158323656448,1665563619,5681,1961,61,Female,Y,557,Alexandria,"West Dunbartonshire",G83,"Argyll and Bute"
loan,56.621979639469174,-2.95268093362064,1665582646,5688,2003,19,Other,School,181,Kirriemuir,Angus,DD8,"Tayside and Angus (Dundee)"
loan,58.21290050044392,-6.383296234872694,1665582694,5689,1991,31,Female,Y,686,"Stornoway, Isle of Lewis","Western Isles",HS1,"Western Isles"
loan,55.53261274581079,-4.635569497556231,1665584454,5690,1990,32,Male,Y,784,Troon,"South Ayrshire",KA10,Ayrshire
loan,56.22091823907752,-4.859836276457742,1665586011,5693,1952,70,Female,Y,557,Alexandria,"West Dunbartonshire",G83,"Argyll and Bute"
loan,55.76041923373735,-4.624855459665936,1665606502,5699,1976,46,Female,Y,791,Beith,"East Ayrshire",KA15,Ayrshire
loan,56.03998617742673,-3.858709142627387,1665608950,5700,1990,32,Female,Y,450,Stenhousemuir,Falkirk,FK5,"Stirling and Falkirk"
loan,55.64962637571319,-3.886397565211414,1665609193,5701,2002,20,Female,Y,1167,Lanark,"South Lanarkshire",ML11,Glasgow
loan,55.958351838546385,-3.229125453017871,1665656890,5708,2005,17,Female,School,279,"Clermiston and Drumbrae, Edinburgh",Edinburgh,"Edinburgh Clermiston Granton","Lothian (Edinburgh)"
loan,56.14312152875018,-3.435023034554094,1665659801,5709,1962,60,Female,Y,1124,Kelty,Fife,KY4,Fife
loan,55.91364450745358,-4.369401728098202,1665664496,5711,1961,61,Female,Y,644,"Partick, Glasgow",Glasgow,"Glasgow Northwest",Glasgow
loan,55.802711966605195,-4.108777233426606,1665668080,5717,1969,53,Female,Y,528,Blantyre,"South Lanarkshire",G72,Glasgow
loan,55.8391517196513,-6.346021744777153,1665674671,5721,1966,56,Female,Y,1268,"Bridgend, Isle of Islay","Argyll and Bute",PA44,"Argyll and Bute"
loan,56.01960377526231,-3.421988923688188,1665697302,5727,1964,58,Female,Y,1092,Limekilns,Fife,KY11,Fife
loan,59.05234586529078,-3.171931866195125,1665739081,5737,1959,63,Female,Y,1025,"Orkney Islands",Orkney,KW17,"Orkney Islands"
loan,57.036040455269514,-2.9237005541415573,1665745411,5740,1996,26,Other,N,33,Aboyne,Aberdeenshire,AB34,"North East (Aberdeen)"
loan,58.97504103423283,-3.0182335176772725,1665752730,5742,1980,42,Female,N,967,Kirkwall,Orkney,KW15,"Orkney Islands"
loan,57.44674690290499,-6.4989022097592475,1665759177,5743,1996,26,Female,Y,763,Portree,Highland,IV51,"Highlands (Inverness)"
loan,55.82801306438444,-4.3931311041445795,1665760740,5745,1999,23,Female,Y,1236,"Paisley (south: Blackhall, Castlehead, Dykebar, Foxbar, Hunterhill, Meikleriggs)",Renfrewshire,PA2,Glasgow
loan,55.96067785068403,-3.973055994429193,1665762377,5746,1994,28,Female,Y,514,"Cumbernauld (south: Condorrat, Lenziemill, Carbrain, Kildrum, Cumbernauld Village, Abronhill, Seafar)","North Lanarkshire",G67,Glasgow
loan,59.09349220371855,-3.34320669265136,1665773563,5748,1957,65,Female,Y,1025,"Orkney Islands",Orkney,KW17,"Orkney Islands"
loan,57.22643777641138,-2.0695089600449603,1665812244,5756,1964,58,Female,Y,111,"Bucksburn, Aberdeen",Aberdeen,"Aberdeen North","North East (Aberdeen)"
loan,55.81368474288934,-4.421521507511156,1665820236,5758,1996,26,Male,N,1236,"Paisley (south: Blackhall, Castlehead, Dykebar, Foxbar, Hunterhill, Meikleriggs)",Renfrewshire,PA2,Glasgow
loan,56.48071320719567,-2.737942840510698,1665824511,5760,1970,52,Female,Y,178,Carnoustie,Angus,DD7,"Tayside and Angus (Dundee)"
loan,57.698217004503014,-3.3393287561536256,1665824739,5761,1997,25,Male,Y,738,Lossiemouth,Moray,IV31,"North East (Aberdeen)"
loan,55.83402269554215,-4.248387815749288,1665827208,5762,1964,58,Female,Y,679,"Pollock, Glasgow",Glasgow,"Glasgow Southwest",Glasgow
loan,55.89625862175013,-4.8876798416720035,1665835192,5768,1973,49,Male,N,1231,"Greenock (west: Bow Farm, Braeside, Branchton, Fort Matilda, Gateside, Greenock West, Overton, Pennyfern, Smithston)",Inverclyde,PA16,Glasgow
loan,55.96118320738865,-3.925397898446503,1665835258,5782,1995,27,Male,N,514,"Cumbernauld (south: Condorrat, Lenziemill, Carbrain, Kildrum, Cumbernauld Village, Abronhill, Seafar)","North Lanarkshire",G67,Glasgow
loan,55.83719927263657,-4.349115087188623,1665835298,5781,1992,30,Female,Y,678,"Cardonald, Glasgow",Glasgow,"Glasgow Southwest",Glasgow
loan,55.84838871815859,-4.45889890903354,1665835409,5790,1983,39,Male,Y,1248,Linwood,Renfrewshire,PA3,Glasgow
loan,57.187870445097765,-2.401221810913145,1665835514,5777,1999,23,Male,Y,28,Westhill,Aberdeenshire,AB32,"North East (Aberdeen)"
loan,56.07433135540517,-4.845077185800001,1665835784,5786,1986,36,Male,N,566,Helensburgh,"Argyll and Bute",G84,"Argyll and Bute"
loan,55.46216440237533,-4.4939007630435714,1665835822,5801,1965,57,Female,N,854,Mossblown,"South Ayrshire",KA6,Ayrshire
loan,55.88597438658764,-4.211877449988364,1665835845,5794,2006,16,Female,School,605,"Ruchazie, Glasgow",Glasgow,"Glasgow Northeast",Glasgow
loan,55.78120086221336,-4.532841729347957,1665835882,5804,1987,35,Male,Y,1308,Howwood,Renfrewshire,PA9,Glasgow
loan,55.839987308147144,-4.37112987357524,1665836257,5807,1997,25,Female,Y,1236,"Paisley (south: Blackhall, Castlehead, Dykebar, Foxbar, Hunterhill, Meikleriggs)",Renfrewshire,PA2,Glasgow
loan,55.87295801663039,-4.065651686833337,1665836499,5815,1978,44,Male,Y,1189,Coatbridge,"North Lanarkshire",ML5,Glasgow
loan,56.32686697458474,-3.762617825219768,1665836707,5813,1996,26,Male,N,1373,Auchterarder,"Perth and Kinross",PH3,Fife
loan,55.83346726992741,-4.335139789147034,1665836936,5823,1977,45,Male,Y,679,"Pollock, Glasgow",Glasgow,"Glasgow Southwest",Glasgow
loan,55.849805425771535,-4.405770781723875,1665837224,5824,1983,39,Male,Y,1220,"Paisley (central, east and north east: Ferguslie, Oldhall, Seedhill, Williamsburgh, Whitehaugh)",Renfrewshire,PA1,Glasgow
loan,55.936466169567105,-3.0988568860302244,1665837734,5834,1989,33,Female,Y,330,Musselburgh,"East Lothian",EH21,"Lothian (Edinburgh)"
loan,55.83048505917167,-3.051463578965146,1665837771,5778,1970,52,Male,Y,338,Gorebridge,Midlothian,EH23,"Lothian (Edinburgh)"
loan,55.89190528908204,-4.879993795839713,1665838047,5835,1994,28,Female,Y,1234,"Wemyss Bay",Inverclyde,PA18,Glasgow
loan,55.919369161864736,-4.868104946429861,1665839170,5840,1984,38,Male,N,1231,"Greenock (west: Bow Farm, Braeside, Branchton, Fort Matilda, Gateside, Greenock West, Overton, Pennyfern, Smithston)",Inverclyde,PA16,Glasgow
loan,55.80536723297205,-3.912089890197494,1665839264,5844,1991,31,Female,Y,1151,Motherwell,"North Lanarkshire",ML1,Glasgow
loan,55.90444285955463,-4.828567513235795,1665845556,5864,1957,65,Female,N,1231,"Greenock (west: Bow Farm, Braeside, Branchton, Fort Matilda, Gateside, Greenock West, Overton, Pennyfern, Smithston)",Inverclyde,PA16,Glasgow
loan,55.899734269111924,-4.2029203168701095,1665849310,5876,1993,29,Female,Y,624,"Springboig, Glasgow",Glasgow,"Glasgow Northeast",Glasgow
loan,55.83759141095665,-4.142767702022902,1665854163,5884,1974,48,Female,N,619,"Tollcross, Glasgow",Glasgow,"Glasgow Northeast",Glasgow
loan,55.85912848372722,-4.191238604333107,1665855124,5885,2001,21,Female,Y,632,"Springburn, Glasgow",Glasgow,"Glasgow Northeast",Glasgow
loan,56.918482713222865,-2.215564920237708,1665858234,5890,1999,23,Female,Y,48,Stonehaven,Aberdeenshire,AB39,"North East (Aberdeen)"
loan,55.887117712933204,-4.260266939824885,1665858395,5891,1996,26,Female,Y,623,"Shettleston, Glasgow",Glasgow,"Glasgow Northeast",Glasgow
loan,55.84662106118164,-4.389702186050219,1665862582,5824,1983,39,Male,Y,1220,"Paisley (central, east and north east: Ferguslie, Oldhall, Seedhill, Williamsburgh, Whitehaugh)",Renfrewshire,PA1,Glasgow
loan,59.020765239634954,-3.127527347846814,1665870674,5897,1997,25,Female,Y,1025,"Orkney Islands",Orkney,KW17,"Orkney Islands"
loan,55.87173616257223,-4.120626749892611,1665875711,5900,1976,46,Female,Y,634,"Maryhill, Glasgow",Glasgow,"Glasgow Northeast",Glasgow
loan,55.851944290816185,-4.548480934154031,1665880554,5903,1986,36,Female,Y,1278,Houston,Renfrewshire,PA6,Glasgow
loan,55.86311888387947,-4.186904450907693,1665907605,5882,1966,56,Female,Y,598,Rutherglen,"South Lanarkshire","Glasgow Northeast",Glasgow
loan,57.12266945424247,-2.213842147433463,1665909380,5907,1993,29,Male,Y,128,"Mannofield, Aberdeen",Aberdeen,"Aberdeen Southwest","North East (Aberdeen)"
loan,55.770881984285076,-4.276769867852168,1665915187,5894,1985,37,Female,Y,530,"East Kilbride (north: The Village, East Mains, West Mains, Lymekilns, St Leonards, Calderwood, Nerston, Stewartfield, Peel Park)","South Lanarkshire",G74,Glasgow
loan,55.78562583551168,-4.138979483206648,1665919779,5911,1957,65,Female,N,529,Cambuslang,"South Lanarkshire",G72,Glasgow
loan,55.98948076748436,-3.371333597314219,1665948231,5692,1979,43,Male,Y,306,"Queensferry, Edinburgh",Edinburgh,"Edinburgh Queensferry","Lothian (Edinburgh)"
loan,57.710261469833995,-3.405148279608734,1665951947,5759,1999,23,Female,Y,737,Elgin,Moray,IV30,"North East (Aberdeen)"
loan,55.937976026968705,-3.2088638713985325,1665953009,5915,1962,60,Male,Y,314,"Morningside, Edinburgh",Edinburgh,"Edinburgh South","Lothian (Edinburgh)"
loan,55.90255097542339,-4.780970590699094,1665953501,5841,1987,35,Male,Y,1231,"Greenock (west: Bow Farm, Braeside, Branchton, Fort Matilda, Gateside, Greenock West, Overton, Pennyfern, Smithston)",Inverclyde,PA16,Glasgow
loan,55.658746467120494,-4.728179208318853,1666000090,5837,1968,54,Male,Y,788,Kilwinning,"North Ayrshire",KA13,Ayrshire
loan,55.69306193887187,-4.17760811452807,1666004126,5919,1979,43,Male,Y,534,"East Kilbride (south: Hairmyres, Westwood, The Murray, Murray East, Whitehills, Greenhill, Newlandsmuir, Gardenhall, Crosshouse, Newlands, Lindsayfield, Mossneuk)","South Lanarkshire",G75,Glasgow
loan,58.9921161998919,-3.0202817671357844,1666005994,5920,1980,42,Female,N,967,Kirkwall,Orkney,KW15,"Orkney Islands"
loan,56.68175061656205,-2.4732955348579435,1666011892,5922,1964,58,Female,Y,140,Montrose,Angus,DD10,"Tayside and Angus (Dundee)"
loan,56.83834887483614,-3.142954445258407,1666018477,5925,1984,38,Female,Y,181,Kirriemuir,Angus,DD8,"Tayside and Angus (Dundee)"
loan,55.91280787170263,-3.0700364281044767,1666038706,5931,1991,31,Male,Y,334,Dalkeith,Midlothian,EH22,"Lothian (Edinburgh)"
loan,55.99734487014751,-3.4648869566599365,1666043070,5692,1979,43,Male,Y,306,"Queensferry, Edinburgh",Edinburgh,"Edinburgh Queensferry","Lothian (Edinburgh)"
loan,55.88055215274063,-3.865780354121624,1666044982,5933,1982,40,Male,Y,1192,Airdrie,"North Lanarkshire",ML6,Glasgow
loan,55.908230227450204,-4.3094489200123185,1666054086,5934,1983,39,Female,Y,488,Bearsden,"East Dunbartonshire",G61,Glasgow
loan,55.90577526163386,-3.5248200115227935,1666110749,5937,1997,25,Female,Y,375,Livingston,"West Lothian",EH54,"Lothian (Edinburgh)"
loan,57.439799434428195,-4.395897404491559,1666134945,5942,1991,31,Male,Y,761,Inchmore,Highland,IV5,"Highlands (Inverness)"
loan,55.88041398672789,-4.143418308715213,1666177525,5946,1996,26,Female,N,628,"Balornock, Glasgow",Glasgow,"Glasgow Northeast",Glasgow
loan,56.59523564629655,-2.9986949970279664,1666183280,5947,2003,19,Female,School,181,Kirriemuir,Angus,DD8,"Tayside and Angus (Dundee)"
loan,56.22282077001653,-3.1844805345498015,1666185159,5949,1995,27,Female,Y,1129,"Glenrothes (west: Caskieberran, Rimbleton, Macedonia, Tanshall)",Fife,KY6,Fife
loan,55.814104086349005,-4.288133253713257,1666199605,5952,1994,28,Female,Y,659,"Deaconsbank, Glasgow",Glasgow,"Glasgow South",Glasgow
loan,55.928125108941714,-4.365321658362335,1666261726,5957,1984,38,Male,Y,488,Bearsden,"East Dunbartonshire",G61,Glasgow
loan,55.80180085750907,-3.9762540370136183,1666270119,5961,2004,18,Male,Y,1151,Motherwell,"North Lanarkshire",ML1,Glasgow
loan,55.92430406163264,-4.58255093146777,1666271081,5962,1973,49,Female,Y,1228,Langbank,Renfrewshire,PA14,Glasgow
loan,55.73673249926392,-2.7091461549079323,1666285142,5964,1995,27,Other,N,1437,Lauder,"Scottish Borders",TD2,Borders
loan,55.72565444260982,-3.987164683984356,1666287469,5965,1977,45,Female,Y,1217,Larkhall,"North Lanarkshire",ML9,Glasgow
loan,56.63336053384124,-3.008827436821078,1666287627,5966,1993,29,Female,Y,179,Forfar,Angus,DD8,"Tayside and Angus (Dundee)"
loan,55.8412277787313,-4.073986012313999,1666294753,5968,1970,52,Female,Y,525,Uddingston,"South Lanarkshire",G71,Glasgow
loan,55.77912314959674,-4.028742614456524,1666294910,5967,2000,22,Other,Y,1183,Hamilton,"South Lanarkshire",ML3,Glasgow
loan,55.85292142757358,-3.074457318556313,1666302550,5970,1983,39,Female,Y,328,Bonnyrigg,Midlothian,EH19,"Lothian (Edinburgh)"
loan,56.010003349899975,-3.6790866614297153,1666303130,5972,1990,32,Male,Y,439,Grangemouth,Falkirk,FK3,"Stirling and Falkirk"
loan,55.73028479332233,-4.3710444224232585,1666395552,5977,1999,23,Male,Y,539,"Newton Mearns","East Renfrewshire",G77,Glasgow
loan,55.53222955364058,-5.218153285398865,1666433496,5980,1944,78,Male,Y,825,Brodick,"North Ayrshire",KA27,Ayrshire
loan,55.70063506616655,-5.240829111000325,1666433738,5979,1985,37,Male,Y,827,"Isle of Arran","North Ayrshire",KA27,Ayrshire
loan,55.675385612644774,-5.367026494623977,1666434055,5980,1944,78,Male,Y,825,Brodick,"North Ayrshire",KA27,Ayrshire
loan,55.95330866954951,-4.5969076210930195,1666516001,5986,1994,28,Female,Y,549,Dumbarton,"West Dunbartonshire",G82,Glasgow
loan,55.747317032954236,-4.418041523383158,1666563808,5992,1984,38,Female,Y,539,"Newton Mearns","East Renfrewshire",G77,Glasgow
loan,56.00377584156452,-3.8448159423412713,1666614418,5995,1989,33,Female,Y,449,Larbert,Falkirk,FK5,"Stirling and Falkirk"
loan,56.062675143940034,-3.408684952641388,1666694019,6002,1995,27,Female,Y,1091,Inverkeithing,Fife,KY11,Fife
loan,56.108370329738285,-3.8839035214997364,1666725674,6009,1974,48,Female,N,464,"Stirling (south and east: Braehead, Borestone, Broomridge, Torbrex)",Stirlingshire,FK7,"Stirling and Falkirk"
loan,56.06994260508727,-4.10380559566373,1666729838,6009,1974,48,Female,N,464,"Stirling (south and east: Braehead, Borestone, Broomridge, Torbrex)",Stirlingshire,FK7,"Stirling and Falkirk"
loan,56.56907549104677,-2.777973145328404,1666734701,6011,1947,75,Female,N,141,Arbroath,Angus,DD11,"Tayside and Angus (Dundee)"
loan,55.537607790967456,-3.2963576129930425,1666820287,6014,2002,20,Female,Y,362,Peebles,"Scottish Borders",EH45,Borders
loan,55.84698758754413,-4.699811057790444,1666906961,6018,1989,33,Female,Y,1222,Kilbarchan,Renfrewshire,PA10,Glasgow
loan,58.493150263068536,-4.573590234238731,1666944635,6022,1957,65,Male,Y,729,Lairg,Highland,IV27,"Highlands (Inverness)"
loan,55.73292707681383,-3.2051967363410756,1667046243,6023,1986,36,Female,Y,362,Peebles,"Scottish Borders",EH45,Borders
loan,55.79560936726839,-4.7801418879159305,1667113985,6028,1969,53,Female,Y,815,Dalry,"North Ayrshire",KA24,Ayrshire
loan,54.832885171627176,-4.132239894139664,1667116594,6025,1975,47,Female,Y,217,Dundrennan,"Dumfries and Galloway",DG6,"Dumfries and Galloway"
loan,55.78859099754215,-4.849937191814392,1667215261,6035,2005,17,Female,School,842,Largs,"North Ayrshire",KA30,Ayrshire
loan,55.80892954223849,-4.853275100895746,1667215263,6037,2005,17,Female,School,842,Largs,"North Ayrshire",KA30,Ayrshire
loan,55.83796684968753,-4.776397958222236,1667215388,6034,2007,15,Male,School,842,Largs,"North Ayrshire",KA30,Ayrshire
loan,55.85195472320435,-4.887478419877829,1667216046,6041,2005,17,Male,School,1233,Skelmorlie,"North Ayrshire",PA17,Ayrshire
loan,55.85914777222166,-4.875819248236855,1667216536,6040,2007,15,Male,School,1233,Skelmorlie,"North Ayrshire",PA17,Ayrshire
loan,55.71614443526105,-4.963615326292429,1667216716,6039,2005,17,Female,School,832,Millport,"North Ayrshire",KA28,Ayrshire
loan,56.468938069631456,-2.9298557629047397,1667232870,6046,1949,73,Male,Y,254,"Douglas, Dundee",Dundee,"Dundee North","Tayside and Angus (Dundee)"
loan,58.91917627842567,-3.192325281212949,1667251978,6049,1997,25,Male,N,1025,"Orkney Islands",Orkney,KW17,"Orkney Islands"
loan,55.839784746128046,-4.44813407583576,1667317946,6055,1997,25,Male,Y,1220,"Paisley (central, east and north east: Ferguslie, Oldhall, Seedhill, Williamsburgh, Whitehaugh)",Renfrewshire,PA1,Glasgow
loan,55.81156624673515,-4.239864187975768,1667320373,6057,1996,26,Female,Y,654,"Muirend, Glasgow",Glasgow,"Glasgow South",Glasgow
loan,55.820447990019,-4.617005006289481,1667320533,6058,1988,34,Female,Y,1222,Kilbarchan,Renfrewshire,PA10,Glasgow
loan,58.25432554558202,-4.634297411173664,1667337686,6061,1968,54,Female,Y,728,Durness,Highland,IV27,"Highlands (Inverness)"
loan,55.88942883390637,-3.1426912897295765,1667426242,6063,1987,35,Female,Y,323,"Moredun, Edinburgh",Edinburgh,"Edinburgh Southeast","Lothian (Edinburgh)"
loan,57.585934996542406,-3.450688486918557,1667456718,6064,1986,36,Female,Y,737,Elgin,Moray,IV30,"North East (Aberdeen)"
loan,56.461523741735235,-3.0352827234492796,1667472421,6067,1988,34,Female,Y,257,"Ninewells, Dundee",Dundee,"Dundee West","Tayside and Angus (Dundee)"
loan,55.42950507380525,-4.62535488528242,1667473046,6065,1983,39,Female,Y,856,"Ayr (Centre)","South Ayrshire",KA7,Ayrshire
loan,57.27790562625194,-2.2103265274317314,1667752822,6075,1963,59,Male,N,111,"Bucksburn, Aberdeen",Aberdeen,"Aberdeen North","North East (Aberdeen)"
loan,56.477595446208184,-2.8963703192028953,1667753544,6076,1960,62,Female,N,256,"Whitfield, Dundee",Dundee,"Dundee North","Tayside and Angus (Dundee)"
loan,55.715472302100665,-3.176688500088335,1668091873,6081,2001,21,Female,Y,362,Peebles,"Scottish Borders",EH45,Borders
loan,55.92944086020527,-4.192249269326544,1668094449,6082,1998,24,Female,Y,509,Lenzie,"East Dunbartonshire",G66,Glasgow
loan,55.75172957690128,-4.3894509471125085,1668095019,6083,1990,32,Female,Y,539,"Newton Mearns","East Renfrewshire",G77,Glasgow
loan,55.834890861546725,-4.124620678002432,1668111350,6084,1957,65,Female,Y,627,"Dennistoun, Glasgow",Glasgow,"Glasgow Northeast",Glasgow
loan,55.9612977199897,-3.196909150119942,1668518284,6091,1977,45,Female,Y,287,"Corstorphine, Edinburgh",Edinburgh,"Edinburgh North","Lothian (Edinburgh)"
loan,55.97371280560744,-3.191893883853113,1668548937,6091,1977,45,Female,Y,287,"Corstorphine, Edinburgh",Edinburgh,"Edinburgh North","Lothian (Edinburgh)"
loan,55.96102131878929,-3.190889443447707,1668550423,6091,1977,45,Female,Y,287,"Corstorphine, Edinburgh",Edinburgh,"Edinburgh North","Lothian (Edinburgh)"
loan,54.84245733294836,-4.06616107848618,1668701229,6098,1963,59,Female,Y,218,Kirkcudbright,"Dumfries and Galloway",DG6,"Dumfries and Galloway"
loan,55.873411345462706,-4.333118133280084,1668783959,6104,1957,65,Female,Y,638,"Drumchapel, Glasgow",Glasgow,"Glasgow Northwest",Glasgow
loan,55.7991031971835,-3.9215487084511063,1668901677,6105,1981,41,Male,Y,1151,Motherwell,"North Lanarkshire",ML1,Glasgow
loan,55.936676015942645,-3.26892160884219,1669033848,6111,1999,23,Female,Y,294,"Stockbridge, Edinburgh",Edinburgh,"Edinburgh North","Lothian (Edinburgh)"
loan,57.47942927900749,-3.5644610231813942,1669053789,6096,1994,28,Female,Y,740,Forres,Moray,IV36,"North East (Aberdeen)"
loan,57.47692419202637,-3.6081017518498784,1669131720,6117,1994,28,Female,Y,740,Forres,Moray,IV36,"North East (Aberdeen)"
loan,55.763160907606526,-4.188274156291264,1669132319,6118,1996,26,Female,Y,530,"East Kilbride (north: The Village, East Mains, West Mains, Lymekilns, St Leonards, Calderwood, Nerston, Stewartfield, Peel Park)","South Lanarkshire",G74,Glasgow
loan,57.16825420075816,-2.3047809688226923,1669387470,6123,1980,42,Male,Y,28,Westhill,Aberdeenshire,AB32,"North East (Aberdeen)"
loan,55.89758515450028,-4.05841591296638,1669797665,6048,1978,44,Female,Y,1189,Coatbridge,"North Lanarkshire",ML5,Glasgow
loan,55.92682249217028,-4.361367846421893,1669988331,6128,1976,46,Male,Y,488,Bearsden,"East Dunbartonshire",G61,Glasgow
loan,55.95021761189232,-4.323065574443151,1670519561,6137,1995,27,Male,Y,491,Baldernock,"East Dunbartonshire",G62,Glasgow
loan,55.978511593724775,-3.209006543094927,1671084705,6142,1995,27,Female,Y,292,"Craigleith, Edinburgh",Edinburgh,"Edinburgh North","Lothian (Edinburgh)"
loan,55.91623869176254,-4.050682414326582,1671107930,6144,1951,71,Male,Y,1189,Coatbridge,"North Lanarkshire",ML5,Glasgow
loan,55.70267595640304,-4.3519624159458195,1671266476,6149,1968,54,Female,Y,536,"Carmunnock, Glasgow",Glasgow,G76,Glasgow
loan,55.75967833057133,-4.269328293637134,1671266534,6148,1961,61,Female,Y,530,"East Kilbride (north: The Village, East Mains, West Mains, Lymekilns, St Leonards, Calderwood, Nerston, Stewartfield, Peel Park)","South Lanarkshire",G74,Glasgow
loan,56.17709400981422,-3.2046672792856605,1671272807,6150,1979,43,Male,Y,1129,"Glenrothes (west: Caskieberran, Rimbleton, Macedonia, Tanshall)",Fife,KY6,Fife
loan,57.606911350002726,-4.438707587084236,1671728274,6153,1981,41,Male,Y,705,Dingwall,Highland,IV15,"Highlands (Inverness)"
loan,55.98545734897952,-3.164731276727817,1671818823,6155,1991,31,Female,Y,285,"Leith, Edinburgh",Edinburgh,"Edinburgh Leith","Lothian (Edinburgh)"
loan,56.66564583166803,-2.4980061279497714,1672108053,6156,2000,22,Male,Y,136,Gourdon,Aberdeenshire,DD10,"Tayside and Angus (Dundee)"
loan,55.783211648162826,-4.375315074884434,1672599869,6159,2005,18,Female,School,539,"Newton Mearns","East Renfrewshire",G77,Glasgow
loan,54.8749161586097,-5.031398155026987,1673388696,6165,1968,55,Female,Y,231,Stranraer,"Dumfries and Galloway",DG9,"Dumfries and Galloway"
loan,55.98166251927432,-3.9736390667932957,1673716218,6172,1999,24,Female,Y,444,Dennyloanhead, Falkirk,FK4,"Stirling and Falkirk"
loan,55.78130903699112,-4.190366802708528,1675164894,6194,2002,21,Female,Y,530,"East Kilbride (north: The Village, East Mains, West Mains, Lymekilns, St Leonards, Calderwood, Nerston, Stewartfield, Peel Park)","South Lanarkshire",G74,Glasgow
loan,55.756818126471465,-4.258604684908096,1675265611,6194,2002,21,Female,Y,530,"East Kilbride (north: The Village, East Mains, West Mains, Lymekilns, St Leonards, Calderwood, Nerston, Stewartfield, Peel Park)","South Lanarkshire",G74,Glasgow
loan,55.515516549779505,-3.2783901523181878,1675364554,6199,2000,23,Male,N,362,Peebles,"Scottish Borders",EH45,Borders
loan,55.796131157312004,-4.3070144386830425,1675367572,6198,2002,21,Female,Y,648,"Shawlands, Glasgow",Glasgow,"Glasgow South",Glasgow
loan,58.59584219286542,-3.5605167229124195,1675446987,6201,2003,20,Female,School,961,Thurso,Highland,KW14,"Highlands (Inverness)"
loan,55.963361600831966,-3.454767260788194,1675695586,6208,2009,14,Male,School,371,Broxburn,"West Lothian",EH52,"Lothian (Edinburgh)"
loan,55.97938931138607,-3.198887466311729,1675695595,6212,2009,14,Female,School,296,"Davidson's Mains, Edinburgh",Edinburgh,"Edinburgh North","Lothian (Edinburgh)"
loan,55.970967436378906,-3.1973942319227917,1675695595,6213,2009,14,Female,N,293,"Comely Bank, Edinburgh",Edinburgh,"Edinburgh North","Lothian (Edinburgh)"
loan,55.944120325735774,-3.2159003220883964,1675695622,6215,2009,14,Female,School,294,"Stockbridge, Edinburgh",Edinburgh,"Edinburgh North","Lothian (Edinburgh)"
loan,55.93998973415139,-3.25503465146845,1675695712,6221,2010,13,Male,N,299,"Broughton, Edinburgh",Edinburgh,"Edinburgh North","Lothian (Edinburgh)"
loan,55.944173065335,-3.2569749505377263,1675695722,6206,2009,14,Male,School,297,"Blackhall, Edinburgh",Edinburgh,"Edinburgh North","Lothian (Edinburgh)"
loan,55.97082875614075,-3.2135522205501745,1675695731,6219,2009,14,Male,N,291,"Deans Village, Edinburgh",Edinburgh,"Edinburgh North","Lothian (Edinburgh)"
loan,55.95589091564631,-3.166754956789322,1675695769,6214,2009,14,Female,School,292,"Craigleith, Edinburgh",Edinburgh,"Edinburgh North","Lothian (Edinburgh)"
loan,55.96247005202152,-3.189169035415602,1675695802,6212,2009,14,Female,School,296,"Davidson's Mains, Edinburgh",Edinburgh,"Edinburgh North","Lothian (Edinburgh)"
loan,55.970189517264835,-3.208819930485746,1675695932,6221,2010,13,Male,N,299,"Broughton, Edinburgh",Edinburgh,"Edinburgh North","Lothian (Edinburgh)"
loan,55.96837349937967,-3.209857888892108,1675696081,6220,2009,14,Male,School,292,"Craigleith, Edinburgh",Edinburgh,"Edinburgh North","Lothian (Edinburgh)"
loan,55.42378612705796,-4.468077694731525,1675730684,6224,1997,26,Male,Y,852,Dalmellington,"East Ayrshire",KA6,Ayrshire
loan,55.826872088302885,-3.898393638478607,1675954585,6227,1988,35,Female,Y,1150,Holytown,"North Lanarkshire",ML1,Glasgow
loan,56.87464830751089,-3.2276642478414224,1676998107,6238,2004,19,Female,Y,179,Forfar,Angus,DD8,"Tayside and Angus (Dundee)"
loan,55.815750337386795,-3.820630302397434,1677015516,6244,2004,19,Female,Y,1209,Shotts,"North Lanarkshire",ML7,Glasgow
loan,55.85441482039098,-3.059370373783701,1677058593,6248,2003,20,Female,Y,338,Gorebridge,Midlothian,EH23,"Lothian (Edinburgh)"
loan,55.89901292958292,-3.2124246362902387,1677203238,6253,1970,53,Female,Y,314,"Morningside, Edinburgh",Edinburgh,"Edinburgh South","Lothian (Edinburgh)"
loan,56.10548651389679,-3.500250784244639,1677598096,6265,2003,20,Female,Y,1096,"Dunfermline (centre, north, west: Abbey Parks, Lady's Mill, Garvock, Headwell, Kingseathill, Wellwood, Milesmark, Baldridge, Pittencrieff, Baldridgeburn)",Fife,KY12,Fife
loan,55.94837548106894,-3.036550142200859,1677598817,6267,2002,21,Female,Y,348,Prestonpans,"East Lothian",EH32,"Lothian (Edinburgh)"
loan,56.7902625099268,-3.0471982605459034,1677601159,6238,2004,19,Female,Y,179,Forfar,Angus,DD8,"Tayside and Angus (Dundee)"
loan,55.94097945395577,-4.374921849650647,1677604435,6275,2003,20,Female,Y,489,Milngavie,"East Dunbartonshire",G62,Glasgow
loan,55.81967454976218,-4.31489812235449,1677607900,6279,1986,37,Male,Y,645,Clarkston,"East Renfrewshire","Glasgow South",Glasgow
loan,57.619237941894795,-4.512226521065883,1677608017,6278,2004,19,Female,Y,704,Strathpeffer,Highland,IV14,"Highlands (Inverness)"
loan,55.8790866760912,-3.525270989598999,1677608040,6280,2002,21,Female,School,375,Livingston,"West Lothian",EH54,"Lothian (Edinburgh)"
loan,57.5313826751478,-4.3088159059335736,1677608205,6281,1984,39,Female,Y,699,"Inverness (centre, north: Longman)",Highland,IV1,"Highlands (Inverness)"
loan,55.782669315761154,-4.167109450973363,1677612783,6282,2000,23,Female,Y,530,"East Kilbride (north: The Village, East Mains, West Mains, Lymekilns, St Leonards, Calderwood, Nerston, Stewartfield, Peel Park)","South Lanarkshire",G74,Glasgow
loan,55.94477710848785,-4.3497318037766375,1677613422,3156,1999,23,Female,Y,489,Milngavie,"East Dunbartonshire",G62,Glasgow
loan,58.58739639126913,-3.1215007616817965,1677614746,6284,2003,20,Male,Y,899,Wick,Highland,KW1,"Highlands (Inverness)"
loan,55.88482927508925,-4.291899913577657,1677626457,6287,2002,21,Male,Y,590,"Hyndland, Glasgow",Glasgow,"Glasgow Kelvin",Glasgow
loan,55.9775135537943,-3.202942855694027,1677668919,6292,1992,31,Male,Y,287,"Corstorphine, Edinburgh",Edinburgh,"Edinburgh North","Lothian (Edinburgh)"
loan,55.823141040390794,-4.350555323220843,1677750534,6297,1968,55,Female,Y,678,"Cardonald, Glasgow",Glasgow,"Glasgow Southwest",Glasgow
loan,55.80700403984465,-4.802027004473721,1677763220,6301,1993,30,Female,Y,842,Largs,"North Ayrshire",KA30,Ayrshire
loan,56.05150182324312,-3.378230833420031,1677763340,6303,2003,20,Other,Y,1090,"Dunfermline (south and east: Halbeath, Touch, Duloch, Masterton, Pitcorthie, Abbeyview, Brucefield, Hospital Hill, Camdean, Pitreavie)",Fife,KY11,Fife
loan,55.858014919752904,-4.344150920442469,1677853459,6306,2001,22,Male,Y,662,"Battlefield, Glasgow",Glasgow,"Glasgow Southwest",Glasgow
loan,55.87317063151173,-4.214833968257333,1677949964,6309,1991,32,Other,Y,598,Rutherglen,"South Lanarkshire","Glasgow Northeast",Glasgow
loan,56.227184289795545,-2.795632484665207,1677968226,6310,2004,19,Female,Y,1083,Crail,Fife,KY10,Fife
loan,55.834697440287066,-4.305568205955,1678028692,6312,2004,19,Female,Y,653,"Netherlee, Glasgow",Glasgow,"Glasgow South",Glasgow
loan,55.82024341722768,-4.245273419379674,1678117151,6319,2005,18,Female,Y,658,"Giffnock, Glasgow",Glasgow,"Glasgow South",Glasgow
loan,55.90712668584118,-3.2875695683016475,1678137581,6321,1965,58,Female,Y,320,"Newington, Edinburgh",Edinburgh,"Edinburgh South","Lothian (Edinburgh)"
loan,55.81483647830836,-3.996156151246844,1678202545,6324,2003,20,Female,Y,1186,Bellshill,"North Lanarkshire",ML4,Glasgow
loan,55.95227110854387,-3.2667359087653662,1678204354,6326,2003,20,Female,Y,292,"Craigleith, Edinburgh",Edinburgh,"Edinburgh North","Lothian (Edinburgh)"
loan,55.905531437639894,-3.5277015065032686,1678219762,6329,2004,19,Male,Y,375,Livingston,"West Lothian",EH54,"Lothian (Edinburgh)"
loan,57.42949137751056,-6.304521280161816,1678454084,6336,2001,22,Other,Y,763,Portree,Highland,IV51,"Highlands (Inverness)"
loan,57.50148214073547,-6.26869825606932,1678462085,6336,2001,22,Other,Y,763,Portree,Highland,IV51,"Highlands (Inverness)"
loan,55.92680104540032,-4.696747270632529,1678999820,6339,1977,46,Female,Y,1229,"Port Glasgow",Inverclyde,PA14,Glasgow
loan,55.89501174738509,-3.574783886038575,1679041571,6344,1991,32,Female,Y,375,Livingston,"West Lothian",EH54,"Lothian (Edinburgh)"
loan,55.350999988301695,-4.21766858257514,1679044470,6353,2006,17,Male,School,802,"New Cumnock","East Ayrshire",KA18,Ayrshire
loan,55.8376777049276,-4.072765412010841,1679055026,6356,2010,13,Male,School,525,Uddingston,"South Lanarkshire",G71,Glasgow
loan,56.09764003916739,-3.181407021034673,1679055708,6358,1991,32,Male,N,1117,"Kirkcaldy (west: Hayfield, Templehall, Newliston, Chapel, Dunnikier, Bennochy)",Fife,KY2,Fife
loan,56.19880147235447,-3.132268908896613,1679056505,6365,2008,15,Male,School,1133,"Glenrothes (centre and east: Pitteuchar, Finglassie, Stenton, Auchmuty, Pitcoudie, Balfarg, Pircairn, Collydean)",Fife,KY7,Fife
loan,56.18243357424522,-3.1115520351110924,1679056525,6366,2008,15,Male,School,1134,Markinch,Fife,KY7,Fife
loan,56.205018195852034,-3.18367905388393,1679056573,6370,2008,15,Female,N,1133,"Glenrothes (centre and east: Pitteuchar, Finglassie, Stenton, Auchmuty, Pitcoudie, Balfarg, Pircairn, Collydean)",Fife,KY7,Fife
loan,56.23815999466376,-3.1253920726284763,1679056586,6368,2008,15,Female,School,1134,Markinch,Fife,KY7,Fife
loan,56.23422757902447,-3.152166100993354,1679056615,6369,2009,14,Female,School,1133,"Glenrothes (centre and east: Pitteuchar, Finglassie, Stenton, Auchmuty, Pitcoudie, Balfarg, Pircairn, Collydean)",Fife,KY7,Fife
loan,56.20702358286287,-3.1675229149530204,1679056659,6375,2008,15,Female,School,1133,"Glenrothes (centre and east: Pitteuchar, Finglassie, Stenton, Auchmuty, Pitcoudie, Balfarg, Pircairn, Collydean)",Fife,KY7,Fife
loan,56.22469134651825,-3.102037059627462,1679056662,6362,2008,15,Female,School,1133,"Glenrothes (centre and east: Pitteuchar, Finglassie, Stenton, Auchmuty, Pitcoudie, Balfarg, Pircairn, Collydean)",Fife,KY7,Fife
loan,56.22420264279627,-3.1715372610163453,1679056700,6383,2008,15,Female,School,1133,"Glenrothes (centre and east: Pitteuchar, Finglassie, Stenton, Auchmuty, Pitcoudie, Balfarg, Pircairn, Collydean)",Fife,KY7,Fife
loan,56.205334673678756,-3.1515767844274025,1679056708,6374,2008,15,Female,School,1134,Markinch,Fife,KY7,Fife
loan,56.21845571631489,-3.113594997077845,1679056726,6363,2008,15,Female,School,1133,"Glenrothes (centre and east: Pitteuchar, Finglassie, Stenton, Auchmuty, Pitcoudie, Balfarg, Pircairn, Collydean)",Fife,KY7,Fife
loan,56.219328585253024,-3.1616952209336975,1679056757,6372,2008,15,Female,School,1134,Markinch,Fife,KY7,Fife
loan,56.2264563169398,-3.1721698300670154,1679056762,6373,2008,15,Female,School,1133,"Glenrothes (centre and east: Pitteuchar, Finglassie, Stenton, Auchmuty, Pitcoudie, Balfarg, Pircairn, Collydean)",Fife,KY7,Fife
loan,56.19659073294696,-3.1086319115124157,1679056817,6364,2009,14,Male,School,1133,"Glenrothes (centre and east: Pitteuchar, Finglassie, Stenton, Auchmuty, Pitcoudie, Balfarg, Pircairn, Collydean)",Fife,KY7,Fife
loan,56.2151103333312,-3.1705466831496887,1679056835,6378,2008,15,Female,School,1133,"Glenrothes (centre and east: Pitteuchar, Finglassie, Stenton, Auchmuty, Pitcoudie, Balfarg, Pircairn, Collydean)",Fife,KY7,Fife
loan,56.20858374369938,-3.112395120123328,1679056914,6387,2008,15,Male,School,1133,"Glenrothes (centre and east: Pitteuchar, Finglassie, Stenton, Auchmuty, Pitcoudie, Balfarg, Pircairn, Collydean)",Fife,KY7,Fife
loan,56.210638617791254,-3.16451710860541,1679056918,6386,2008,15,Female,School,1133,"Glenrothes (centre and east: Pitteuchar, Finglassie, Stenton, Auchmuty, Pitcoudie, Balfarg, Pircairn, Collydean)",Fife,KY7,Fife
loan,56.19086932671533,-3.150737341619535,1679056984,6359,2008,15,Female,School,1133,"Glenrothes (centre and east: Pitteuchar, Finglassie, Stenton, Auchmuty, Pitcoudie, Balfarg, Pircairn, Collydean)",Fife,KY7,Fife
loan,56.20491611401231,-3.111656863354854,1679056991,6390,2009,14,Male,School,1133,"Glenrothes (centre and east: Pitteuchar, Finglassie, Stenton, Auchmuty, Pitcoudie, Balfarg, Pircairn, Collydean)",Fife,KY7,Fife
loan,56.22757832067299,-3.091105965216909,1679057001,6375,2008,15,Female,School,1133,"Glenrothes (centre and east: Pitteuchar, Finglassie, Stenton, Auchmuty, Pitcoudie, Balfarg, Pircairn, Collydean)",Fife,KY7,Fife
loan,56.215486470823095,-3.1489807071788163,1679057006,6381,2008,15,Male,School,1133,"Glenrothes (centre and east: Pitteuchar, Finglassie, Stenton, Auchmuty, Pitcoudie, Balfarg, Pircairn, Collydean)",Fife,KY7,Fife
loan,56.21223662795288,-3.1609891406010693,1679057077,6395,2009,14,Male,School,1133,"Glenrothes (centre and east: Pitteuchar, Finglassie, Stenton, Auchmuty, Pitcoudie, Balfarg, Pircairn, Collydean)",Fife,KY7,Fife
loan,56.22647108719945,-3.0937326357695687,1679057078,6397,2008,15,Male,School,1133,"Glenrothes (centre and east: Pitteuchar, Finglassie, Stenton, Auchmuty, Pitcoudie, Balfarg, Pircairn, Collydean)",Fife,KY7,Fife
loan,55.86028179614561,-3.392383846593303,1679078849,6403,1974,49,Female,Y,313,"Colinton, Edinburgh",Edinburgh,"Edinburgh South","Lothian (Edinburgh)"
loan,57.38299807786667,-1.9753686789122311,1679350190,6409,1985,38,Female,Y,49,Ellon,Aberdeenshire,AB41,"North East (Aberdeen)"
loan,55.807575572542305,-4.280633239852642,1679406819,6411,1988,35,Male,Y,645,Clarkston,"East Renfrewshire","Glasgow South",Glasgow
loan,55.89879086504388,-4.216945012040748,1679667592,6415,2000,23,Female,Y,622,"Sandyhills, Glasgow",Glasgow,"Glasgow Northeast",Glasgow
loan,56.45696331200303,-2.9798404994173575,1679676890,6418,1998,25,Female,Y,261,"Westend, Dundee",Dundee,"Dundee West","Tayside and Angus (Dundee)"
loan,55.826533635579,-4.0938295670154545,1679708224,6420,1997,26,Female,Y,600,"Garrowhill, Glasgow",Glasgow,"Glasgow Northeast",Glasgow
loan,55.82217474827034,-4.201429893121361,1680009867,6425,2007,16,Male,School,645,Clarkston,"East Renfrewshire","Glasgow South",Glasgow
loan,55.82883477458815,-4.203903878708184,1680010401,6427,2007,16,Female,School,645,Clarkston,"East Renfrewshire","Glasgow South",Glasgow
loan,54.92614448197769,-5.075386577015978,1680010448,6422,1982,41,Female,Y,231,Stranraer,"Dumfries and Galloway",DG9,"Dumfries and Galloway"
loan,55.81835935110906,-4.224350336249259,1680196956,6429,1979,44,Female,Y,653,"Netherlee, Glasgow",Glasgow,"Glasgow South",Glasgow
loan,56.07278214851379,-4.0085824286746385,1680429329,6430,1990,33,Female,Y,464,"Stirling (south and east: Braehead, Borestone, Broomridge, Torbrex)",Stirlingshire,FK7,"Stirling and Falkirk"
loan,56.330475108483235,-2.774255279277179,1681479835,6435,1981,42,Male,Y,1114,"St Andrews",Fife,KY16,Fife
loan,55.42706699609404,-4.67204939947919,1681823847,6437,2000,23,Female,Y,856,"Ayr (Centre)","South Ayrshire",KA7,Ayrshire
loan,55.865656722304024,-3.108472417773742,1681938007,6438,2000,23,Male,Y,328,Bonnyrigg,Midlothian,EH19,"Lothian (Edinburgh)"
loan,55.858918926450315,-4.539970042898803,1682429957,6443,1995,28,Female,Y,1224,"Bridge of Weir",Renfrewshire,PA11,Glasgow
loan,55.84725081493643,-4.542385880611679,1682593373,6449,2008,15,Other,School,1276,Johnstone,Renfrewshire,PA5,Glasgow
loan,55.81306167761753,-4.271306022152268,1682676395,6452,2008,15,Male,N,658,"Giffnock, Glasgow",Glasgow,"Glasgow South",Glasgow
loan,55.8279713731542,-4.333860732008799,1682688741,6441,2008,15,Other,N,658,"Giffnock, Glasgow",Glasgow,"Glasgow South",Glasgow
loan,57.52626617272494,-4.283585973170055,1683018433,6456,2004,19,Female,Y,697,"Kilmuir, Inverness",Highland,IV1,"Highlands (Inverness)"
loan,55.81951335361467,-3.997128783452668,1683055062,6458,2003,20,Female,Y,1186,Bellshill,"North Lanarkshire",ML4,Glasgow
loan,55.81342833650235,-3.990289219768037,1683284193,6463,2008,15,Male,School,1186,Bellshill,"North Lanarkshire",ML4,Glasgow
loan,55.84610436594405,-4.062192138820966,1683284193,6462,2008,15,Male,School,525,Uddingston,"South Lanarkshire",G71,Glasgow
loan,55.957268059065,-3.1746904985468913,1683634711,6469,1994,29,Female,Y,289,"Newhaven, Edinburgh",Edinburgh,"Edinburgh North","Lothian (Edinburgh)"
loan,55.86387034287741,-3.32178219637704,1683636243,6470,1989,34,Female,Y,315,"Fairmilehead, Edinburgh",Edinburgh,"Edinburgh South","Lothian (Edinburgh)"
loan,55.41826249484948,-4.654992180774454,1683889097,6477,1965,58,Male,N,856,"Ayr (Centre)","South Ayrshire",KA7,Ayrshire
loan,55.86340611180986,-4.100023638583424,1683989996,6482,1963,60,Female,Y,598,Rutherglen,"South Lanarkshire","Glasgow Northeast",Glasgow
loan,55.938775219370285,-4.87196224246393,1684074086,6483,2001,22,Female,Y,1235,Gourock,Inverclyde,PA19,Glasgow
loan,55.87707369997428,-4.266943257869297,1684489889,6488,1983,40,Female,Y,602,"Baillieston, Glasgow",Glasgow,"Glasgow Northeast",Glasgow
loan,56.29694996410458,-3.7041547675798117,1684709349,6491,1990,33,Female,Y,1372,Aberuthven,"Perth and Kinross",PH3,Fife
loan,55.9122022322783,-4.481038355144786,1685823487,6496,1999,24,Female,Y,1292,Bishopton,Renfrewshire,PA7,Glasgow
loan,57.69972075671112,-3.346407827733123,1686078947,6500,2010,13,Other,School,738,Lossiemouth,Moray,IV31,"North East (Aberdeen)"
loan,55.87476477583115,-4.169385547838322,1686577294,6525,2006,17,Male,School,617,"Dalmarnock, Glasgow",Glasgow,"Glasgow Northeast",Glasgow
loan,55.90024911504293,-4.254407877743155,1686577320,6506,2007,16,Female,N,616,"Calton, Glasgow",Glasgow,"Glasgow Northeast",Glasgow
loan,55.881049882174864,-4.129572594597272,1686577322,6523,2007,16,Male,School,631,"Royston, Glasgow",Glasgow,"Glasgow Northeast",Glasgow
loan,55.86482204948398,-4.178506672013189,1686577326,6511,2006,17,Male,School,615,"Bridgeton, Glasgow",Glasgow,"Glasgow Northeast",Glasgow
loan,55.85816205398866,-4.135826067919291,1686577328,6505,2007,16,Female,School,615,"Bridgeton, Glasgow",Glasgow,"Glasgow Northeast",Glasgow
loan,55.882375879465066,-4.143752215722754,1686577330,6507,2007,16,Female,School,616,"Calton, Glasgow",Glasgow,"Glasgow Northeast",Glasgow
loan,55.872980227527464,-4.1004016301224535,1686577375,6510,2007,16,Male,School,615,"Bridgeton, Glasgow",Glasgow,"Glasgow Northeast",Glasgow
loan,55.90150990979568,-4.3004246260497165,1686577418,6522,2007,16,Male,N,617,"Dalmarnock, Glasgow",Glasgow,"Glasgow Northeast",Glasgow
loan,55.84538856307611,-4.323378602705439,1686577785,6509,2007,16,Male,N,682,"Darnley, Glasgow",Glasgow,"Glasgow Southwest",Glasgow
loan,55.86386531174692,-4.078644053378155,1686593826,6537,2008,15,Female,School,615,"Bridgeton, Glasgow",Glasgow,"Glasgow Northeast",Glasgow
loan,55.830691362971514,-4.207375586659961,1686913505,6544,2008,15,Female,School,615,"Bridgeton, Glasgow",Glasgow,"Glasgow Northeast",Glasgow
loan,55.87285826219464,-4.109093518664356,1686913644,6545,2006,17,Female,School,615,"Bridgeton, Glasgow",Glasgow,"Glasgow Northeast",Glasgow
loan,55.836113399811644,-4.1662859465511435,1686913712,6548,2006,17,Male,School,603,"Carntyne, Glasgow",Glasgow,"Glasgow Northeast",Glasgow
loan,55.86773987918831,-4.226178617006535,1686913906,6551,2008,15,Male,School,619,"Tollcross, Glasgow",Glasgow,"Glasgow Northeast",Glasgow
loan,55.86876688467022,-4.199357207022284,1686921157,6560,2007,16,Male,Y,603,"Carntyne, Glasgow",Glasgow,"Glasgow Northeast",Glasgow
loan,55.86685516945028,-4.194858654972579,1686921496,6559,2007,16,Female,School,623,"Shettleston, Glasgow",Glasgow,"Glasgow Northeast",Glasgow
loan,55.8302438060583,-4.163001629581328,1686921556,6557,2007,16,Female,School,626,"Haghill, Glasgow",Glasgow,"Glasgow Northeast",Glasgow
loan,55.86970631045143,-4.125108634993358,1686921672,6563,2007,16,Male,School,619,"Tollcross, Glasgow",Glasgow,"Glasgow Northeast",Glasgow
loan,55.887060689470836,-4.259125647597833,1686921770,6561,2007,16,Other,School,617,"Dalmarnock, Glasgow",Glasgow,"Glasgow Northeast",Glasgow
loan,55.90996557147923,-3.8669364512621396,1689060896,6565,1985,38,Male,Y,1192,Airdrie,"North Lanarkshire",ML6,Glasgow
loan,56.290823190737314,-3.144292118201201,1689437019,6568,1994,29,Male,Y,1105,Cupar,Fife,KY15,Fife
loan,57.614275957679666,-3.2259269637354557,1692739813,6575,1993,30,Female,Y,737,Elgin,Moray,IV30,"North East (Aberdeen)"
loan,55.89272947581819,-4.28416834347473,1692896418,6578,1992,31,Female,Y,598,Rutherglen,"South Lanarkshire","Glasgow Northeast",Glasgow
loan,55.90601827631423,-4.178414413047488,1693935539,6583,1961,62,Female,N,603,"Carntyne, Glasgow",Glasgow,"Glasgow Northeast",Glasgow
loan,55.4701516074454,-4.599909236910281,1694983753,6596,1957,66,Female,N,868,"Newton on Ayr","South Ayrshire",KA8,Ayrshire
loan,55.76796864334027,-4.132776313337064,1695208368,6598,2011,12,Male,School,529,Cambuslang,"South Lanarkshire",G72,Glasgow
loan,55.86413462259472,-4.219045251401084,1695208370,6599,2010,13,Male,School,598,Rutherglen,"South Lanarkshire","Glasgow Northeast",Glasgow
loan,55.82070576578141,-4.149992098524129,1695208378,6601,2010,13,Female,School,529,Cambuslang,"South Lanarkshire",G72,Glasgow
loan,55.78501772198631,-4.110898774202974,1695208407,6602,2010,13,Female,School,529,Cambuslang,"South Lanarkshire",G72,Glasgow
loan,55.88592849946831,-4.257189517545432,1695208866,6610,2011,12,Male,School,598,Rutherglen,"South Lanarkshire","Glasgow Northeast",Glasgow
loan,55.794462781804505,-4.175826984930981,1695208873,6606,2010,13,Female,School,529,Cambuslang,"South Lanarkshire",G72,Glasgow
loan,55.797223886788274,-4.239885131830792,1695208908,6609,2010,13,Male,School,575,"Springhall, Glasgow",Glasgow,"Glasgow Castlemilk",Glasgow
loan,55.80765402408016,-4.109662463430614,1695209078,6615,2010,13,Female,School,529,Cambuslang,"South Lanarkshire",G72,Glasgow
loan,55.874394943704644,-4.24856994362041,1695550033,6617,1978,45,Male,Y,590,"Hyndland, Glasgow",Glasgow,"Glasgow Kelvin",Glasgow
loan,55.86167263945941,-4.1863251899113845,1695823065,6620,2003,20,Female,Y,632,"Springburn, Glasgow",Glasgow,"Glasgow Northeast",Glasgow
loan,56.130250601942215,-3.6139955806952786,1695994828,6621,2003,20,Female,Y,1096,"Dunfermline (centre, north, west: Abbey Parks, Lady's Mill, Garvock, Headwell, Kingseathill, Wellwood, Milesmark, Baldridge, Pittencrieff, Baldridgeburn)",Fife,KY12,Fife
loan,55.97735549245843,-3.2023850665288607,1696844745,6624,2005,18,Female,Y,287,"Corstorphine, Edinburgh",Edinburgh,"Edinburgh North","Lothian (Edinburgh)"
loan,55.95551333336498,-4.8174233483297835,1697300265,6630,1966,57,Female,Y,1235,Gourock,Inverclyde,PA19,Glasgow
loan,55.9026672248155,-4.360694115418744,1697862776,6636,1991,32,Male,N,644,"Partick, Glasgow",Glasgow,"Glasgow Northwest",Glasgow
loan,55.75878088360494,-4.594687647048398,1699514554,6640,1974,49,Female,Y,791,Beith,"East Ayrshire",KA15,Ayrshire
loan,55.0044663803952,-3.460108245721831,1699908553,6642,2003,20,Other,Y,186,"Dumfries (centre and east: Dalscone, Georgetown, Heathhall, Kingholm Quay, Noblehill, The Crichton)","Dumfries and Galloway",DG1,"Dumfries and Galloway"
loan,55.189494304623594,-3.554891406082765,1699908816,6642,2003,20,Other,Y,186,"Dumfries (centre and east: Dalscone, Georgetown, Heathhall, Kingholm Quay, Noblehill, The Crichton)","Dumfries and Galloway",DG1,"Dumfries and Galloway"
loan,55.81579634684475,-4.384681483795304,1702421101,6661,1992,31,Male,Y,672,"Govan, Glasgow",Glasgow,"Glasgow Southwest",Glasgow
loan,55.468657142417335,-4.6195812524816695,1702425997,6663,1995,28,Male,Y,868,"Newton on Ayr","South Ayrshire",KA8,Ayrshire
loan,55.94415902204702,-3.9926235046984107,1702447464,6666,1993,30,Female,Y,514,"Cumbernauld (south: Condorrat, Lenziemill, Carbrain, Kildrum, Cumbernauld Village, Abronhill, Seafar)","North Lanarkshire",G67,Glasgow
loan,55.987495956465764,-3.5589091237559325,1702455955,6670,1992,31,Male,Y,369,Linlithgow,"West Lothian",EH49,"Lothian (Edinburgh)"
loan,57.10503785756008,-2.2098375254987297,1702460871,6674,1968,55,Male,N,133,"Bieldside, Aberdeen",Aberdeen,"Aberdeen Southwest","North East (Aberdeen)"
loan,55.759131328460874,-3.925501156374388,1702463518,6678,1981,42,Male,Y,1180,Wishaw,"North Lanarkshire",ML2,Glasgow
loan,55.93743081905478,-4.284237112747621,1702472067,6675,1997,26,Male,Y,489,Milngavie,"East Dunbartonshire",G62,Glasgow
loan,55.929124794057856,-4.649198532959571,1702472670,6688,1994,29,Male,N,1229,"Port Glasgow",Inverclyde,PA14,Glasgow
loan,55.926494777978235,-3.4747297857839414,1702474534,6689,1995,28,Male,Y,371,Broxburn,"West Lothian",EH52,"Lothian (Edinburgh)"
loan,55.82941933612524,-3.584620565875064,1702502103,6693,1955,68,Male,N,376,"West Calder","West Lothian",EH55,"Lothian (Edinburgh)"
loan,55.74837108151196,-3.7595811463080775,1702715626,6699,1986,37,Male,Y,1212,Carluke,"South Lanarkshire",ML8,Glasgow
loan,55.83792040777189,-4.254976162383547,1703689775,6702,1957,66,Female,Y,672,"Govan, Glasgow",Glasgow,"Glasgow Southwest",Glasgow
loan,55.91114298979926,-4.512596537600631,1705409443,6708,2002,22,Male,Y,1292,Bishopton,Renfrewshire,PA7,Glasgow
loan,55.44044572605573,-4.639250724834012,1705685995,6722,2003,21,Female,Y,855,Alloway,"South Ayrshire",KA7,Ayrshire
loan,55.93580014628671,-3.0979141813660274,1706541446,6728,1995,29,Female,Y,330,Musselburgh,"East Lothian",EH21,"Lothian (Edinburgh)"
loan,56.409806549138096,-3.732949103814893,1706880063,6735,1957,67,Female,Y,1402,Crieff,"Perth and Kinross",PH7,Fife
loan,55.85512819042042,-4.203328032097119,1707161148,6738,1969,55,Female,Y,634,"Maryhill, Glasgow",Glasgow,"Glasgow Northeast",Glasgow
loan,58.12015472089895,-6.577246101027939,1707252612,6744,1999,25,Female,Y,688,"Isle of Lewis","Western Isles (outside of Stornoway)",HS2,"Western Isles"
loan,55.62407106027863,-4.691463908651183,1707649838,6752,1966,58,Female,Y,787,"Irvine (centre: Castlepark, Tarryholme)","North Ayrshire",KA12,Ayrshire
loan,55.93853628370948,-4.122904329731741,1707657771,6753,1979,45,Female,Y,507,Kirkintilloch,"East Dunbartonshire",G66,Glasgow
loan,55.878311205440724,-4.299885180493698,1708079578,6757,1964,60,Female,N,591,"Hillhead, Glasgow",Glasgow,"Glasgow Kelvin",Glasgow
loan,55.92747356569444,-4.128076040909055,1708095398,6758,1977,47,Female,Y,509,Lenzie,"East Dunbartonshire",G66,Glasgow
loan,57.991022292137714,-6.544750782304909,1708444966,6775,2005,19,Female,Y,688,"Isle of Lewis","Western Isles (outside of Stornoway)",HS2,"Western Isles"
loan,58.32190216696234,-6.389521366524961,1708445264,6779,2005,19,Female,Y,688,"Isle of Lewis","Western Isles (outside of Stornoway)",HS2,"Western Isles"
loan,58.275221222982644,-6.492375771689181,1708445455,6779,2005,19,Female,Y,688,"Isle of Lewis","Western Isles (outside of Stornoway)",HS2,"Western Isles"
loan,57.051255474767885,-2.2029692793785998,1708445873,6778,2005,19,Female,Y,48,Stonehaven,Aberdeenshire,AB39,"North East (Aberdeen)"
loan,56.00452446361928,-4.132617782974849,1708446533,6769,2005,19,Female,Y,506,Kilsyth,"North Lanarkshire",G65,Glasgow
loan,56.418413888660844,-2.8651054908016373,1708446717,6767,1990,34,Male,Y,176,Tayport,Fife,DD6,"Tayside and Angus (Dundee)"
loan,55.82604591992852,-4.270498346917097,1708447044,6772,2005,19,Female,Y,652,"King's Park, Glasgow",Glasgow,"Glasgow South",Glasgow
loan,55.76201962782613,-4.063085845428232,1708447066,6782,2005,19,Female,Y,1183,Hamilton,"South Lanarkshire",ML3,Glasgow
loan,56.55321931790533,-3.474521506966372,1708448783,6785,2004,20,Male,Y,1313,"Perth (north and west: Burghmuir, Cherrybank, Hillyland, Inveralmond, Lethom, Muirton, North Muirton, Tulloch)","Perth and Kinross",PH1,Fife
loan,55.909887828175115,-3.602183787713482,1708449975,6786,2005,19,Female,Y,367,Armadale,"West Lothian",EH48,"Lothian (Edinburgh)"
loan,55.83285001373197,-3.389815901312294,1708450148,6788,2005,19,Male,Y,314,"Morningside, Edinburgh",Edinburgh,"Edinburgh South","Lothian (Edinburgh)"
loan,55.918119636370676,-4.867371803628298,1708450462,6789,1988,36,Male,Y,1231,"Greenock (west: Bow Farm, Braeside, Branchton, Fort Matilda, Gateside, Greenock West, Overton, Pennyfern, Smithston)",Inverclyde,PA16,Glasgow
loan,55.863557549729244,-3.325251094266497,1708451200,6774,2004,20,Male,Y,315,"Fairmilehead, Edinburgh",Edinburgh,"Edinburgh South","Lothian (Edinburgh)"
loan,55.96102256534888,-4.596080637213711,1708451319,6790,2004,20,Female,Y,549,Dumbarton,"West Dunbartonshire",G82,Glasgow
loan,55.58596694988857,-3.834311293401562,1708455736,6783,2006,18,Female,Y,1168,Lesmahagow,"South Lanarkshire",ML11,Glasgow
loan,55.804014589933765,-4.743632007581322,1708456349,6797,2004,20,Female,School,817,Kilbirnie,"North Ayrshire",KA25,Ayrshire
loan,55.76791182567341,-4.146274261893606,1708458167,6801,2005,19,Female,Y,530,"East Kilbride (north: The Village, East Mains, West Mains, Lymekilns, St Leonards, Calderwood, Nerston, Stewartfield, Peel Park)","South Lanarkshire",G74,Glasgow
loan,55.41404317654246,-4.75025296313961,1708458939,6765,2005,19,Female,Y,856,"Ayr (Centre)","South Ayrshire",KA7,Ayrshire
loan,55.44358252590971,-4.633872293074531,1708462373,6766,2005,19,Female,Y,856,"Ayr (Centre)","South Ayrshire",KA7,Ayrshire
loan,55.850814125499625,-4.097862847954309,1708463307,6806,2004,20,Male,Y,612,"Easterhouse, Glasgow",Glasgow,"Glasgow Northeast",Glasgow
loan,55.797233460976585,-4.5751827862647305,1708465905,6808,1984,40,Female,N,1308,Howwood,Renfrewshire,PA9,Glasgow
loan,55.96186937013874,-3.226529315931681,1708466884,6771,2004,20,Female,Y,287,"Corstorphine, Edinburgh",Edinburgh,"Edinburgh North","Lothian (Edinburgh)"
loan,55.83226558820409,-4.06290369146542,1708508393,6809,2005,19,Male,Y,526,Viewpark,"North Lanarkshire",G71,Glasgow
loan,55.838586317416,-4.018709443743774,1708530659,6813,2005,19,Male,Y,1190,Glenboig,"North Lanarkshire",ML5,Glasgow
loan,55.84103209296386,-4.303605415071927,1708536225,6814,2004,20,Female,Y,653,"Netherlee, Glasgow",Glasgow,"Glasgow South",Glasgow
loan,55.612213531607566,-3.8785346265181064,1708548424,6816,2004,20,Male,Y,1162,Blackwood,"South Lanarkshire",ML11,Glasgow
loan,55.839222741551254,-3.9309832618013183,1708610594,6824,1977,47,Male,Y,1192,Airdrie,"North Lanarkshire",ML6,Glasgow
loan,55.95885773210852,-3.2276717814470173,1708618874,6825,2002,22,Female,Y,278,"Granton, Edinburgh",Edinburgh,"Edinburgh Clermiston Granton","Lothian (Edinburgh)"
loan,55.9460838995126,-3.190712824243413,1708626068,6826,2004,20,Female,Y,296,"Davidson's Mains, Edinburgh",Edinburgh,"Edinburgh North","Lothian (Edinburgh)"
loan,55.89262194209965,-4.329202695179907,1708700689,6829,2004,20,Female,Y,594,"Woodlands, Glasgow",Glasgow,"Glasgow Kelvin",Glasgow
loan,55.97693262625757,-3.238590028983291,1708708625,6832,1974,50,Female,Y,278,"Granton, Edinburgh",Edinburgh,"Edinburgh Clermiston Granton","Lothian (Edinburgh)"
loan,55.97350472617691,-4.449623573335784,1708809802,6790,2004,20,Female,Y,549,Dumbarton,"West Dunbartonshire",G82,Glasgow
loan,55.94314377484653,-4.316810771621718,1708809839,6835,2005,19,Male,Y,489,Milngavie,"East Dunbartonshire",G62,Glasgow
loan,55.82273828200216,-4.201703094642262,1708955478,6838,2004,20,Female,Y,658,"Giffnock, Glasgow",Glasgow,"Glasgow South",Glasgow
loan,57.12003468299077,-2.298703370653658,1708965221,6842,1997,27,Female,Y,132,"Peterculter, Aberdeen",Aberdeen,"Aberdeen Southwest","North East (Aberdeen)"
loan,55.82249692189165,-4.411344969790543,1708977897,6844,2006,18,Female,Y,1236,"Paisley (south: Blackhall, Castlehead, Dykebar, Foxbar, Hunterhill, Meikleriggs)",Renfrewshire,PA2,Glasgow
loan,56.08047576670647,-3.2946561838979,1708982669,6846,2005,19,Female,Y,1119,Burntisland,Fife,KY3,Fife
loan,55.972190539507615,-2.7873608262184777,1709029964,6852,2005,19,Female,Y,357,Haddington,"East Lothian",EH41,"Lothian (Edinburgh)"
loan,55.966827565074716,-4.330973375050398,1709035911,6854,2008,16,Male,School,489,Milngavie,"East Dunbartonshire",G62,Glasgow
loan,55.841243733391074,-4.293365786122497,1709037750,6859,2005,19,Female,Y,652,"King's Park, Glasgow",Glasgow,"Glasgow South",Glasgow
loan,55.94799935937134,-3.2127925838389566,1709040393,6856,2005,19,Male,Y,294,"Stockbridge, Edinburgh",Edinburgh,"Edinburgh North","Lothian (Edinburgh)"
loan,55.96040334586496,-3.1539012986338664,1709041463,6861,2005,19,Female,Y,285,"Leith, Edinburgh",Edinburgh,"Edinburgh Leith","Lothian (Edinburgh)"
loan,55.863219044388735,-4.119627413211436,1709044028,6864,2005,19,Female,Y,615,"Bridgeton, Glasgow",Glasgow,"Glasgow Northeast",Glasgow
loan,55.87146822061112,-3.195335746112094,1709047545,6867,2005,19,Male,Y,317,"Marchmont, Edinburgh",Edinburgh,"Edinburgh South","Lothian (Edinburgh)"
loan,56.07557153129731,-4.736361631047486,1709056341,6871,2006,18,Female,Y,566,Helensburgh,"Argyll and Bute",G84,"Argyll and Bute"
loan,55.96031521414467,-3.1667781597779894,1709132584,6874,2002,22,Male,Y,296,"Davidson's Mains, Edinburgh",Edinburgh,"Edinburgh North","Lothian (Edinburgh)"
loan,55.00000601913107,-3.836909814380399,1709213406,6877,2004,20,Female,Y,207,"Dumfries (west: Broomlands, Cargenbridge, Lochside, Maxwelltown, Troqueer)","Dumfries and Galloway",DG2,"Dumfries and Galloway"
loan,55.92997804408999,-4.303722314037452,1709296197,6879,1979,45,Female,Y,488,Bearsden,"East Dunbartonshire",G61,Glasgow
loan,55.90480309561655,-3.1433447787266156,1710070648,6895,1963,61,Female,Y,322,"Gilmerton, Edinburgh",Edinburgh,"Edinburgh Southeast","Lothian (Edinburgh)"
loan,55.96070428339582,-3.1439623748474372,1710071469,6896,1984,40,Male,N,285,"Leith, Edinburgh",Edinburgh,"Edinburgh Leith","Lothian (Edinburgh)"
loan,55.95784081084847,-3.125740484116727,1710072269,6897,1986,38,Female,N,285,"Leith, Edinburgh",Edinburgh,"Edinburgh Leith","Lothian (Edinburgh)"
loan,56.02685317739692,-3.4355010637079397,1711118359,6908,2005,19,Female,Y,1090,"Dunfermline (south and east: Halbeath, Touch, Duloch, Masterton, Pitcorthie, Abbeyview, Brucefield, Hospital Hill, Camdean, Pitreavie)",Fife,KY11,Fife
loan,56.02828304638799,-3.370158474093565,1711118366,6908,2005,19,Female,Y,1090,"Dunfermline (south and east: Halbeath, Touch, Duloch, Masterton, Pitcorthie, Abbeyview, Brucefield, Hospital Hill, Camdean, Pitreavie)",Fife,KY11,Fife
loan,56.48633759531324,-3.022230414954315,1711393440,6909,1955,69,Female,Y,244,"Stobswell, Dundee",Dundee,"Dundee Central","Tayside and Angus (Dundee)"
loan,55.908222047504886,-2.805621057717821,1713091302,6913,1990,34,Male,Y,357,Haddington,"East Lothian",EH41,"Lothian (Edinburgh)"
loan,55.814665130623375,-4.218643191497534,1713370703,6918,1957,67,Female,N,571,"Castlemilk, Glasgow",Glasgow,"Glasgow Castlemilk",Glasgow
loan,55.82598613788883,-4.3875994622438315,1713374745,6920,1953,71,Female,Y,1236,"Paisley (south: Blackhall, Castlehead, Dykebar, Foxbar, Hunterhill, Meikleriggs)",Renfrewshire,PA2,Glasgow
loan,55.888415660861,-4.351608021562772,1713380234,6921,1943,81,Male,Y,639,"Scotstoun, Glasgow",Glasgow,"Glasgow Northwest",Glasgow
loan,55.637571828188634,-4.7647231764214135,1713395632,6922,1963,61,Female,Y,811,Stevenston,"North Ayrshire",KA20,Ayrshire
loan,55.97248530027803,-4.168423781709753,1713452419,6924,1963,61,Female,Y,507,Kirkintilloch,"East Dunbartonshire",G66,Glasgow
loan,55.79113934610159,-4.296718926899319,1713452455,6925,1963,61,Female,Y,653,"Netherlee, Glasgow",Glasgow,"Glasgow South",Glasgow
loan,55.91195264455426,-3.7247033715884275,1714159198,6934,2005,19,Female,Y,367,Armadale,"West Lothian",EH48,"Lothian (Edinburgh)"
loan,55.93851114893647,-3.5679739823644283,1714162229,6934,2005,19,Female,Y,367,Armadale,"West Lothian",EH48,"Lothian (Edinburgh)"
loan,55.88970289347371,-4.878899069639878,1714163697,6936,2005,19,Female,Y,1234,"Wemyss Bay",Inverclyde,PA18,Glasgow
loan,55.90371839908493,-3.6077540145214906,1714166026,6934,2005,19,Female,Y,367,Armadale,"West Lothian",EH48,"Lothian (Edinburgh)"
loan,55.921000668838744,-3.5833738184168156,1714167434,6934,2005,19,Female,Y,367,Armadale,"West Lothian",EH48,"Lothian (Edinburgh)"
loan,55.84498963613486,-3.3279142562668618,1714172029,6937,2004,20,Male,Y,319,"Blackford, Edinburgh",Edinburgh,"Edinburgh South","Lothian (Edinburgh)"
loan,58.556674836965755,-3.877277371927819,1716583652,6943,1992,32,Male,Y,961,Thurso,Highland,KW14,"Highlands (Inverness)"
loan,55.75645985392528,-4.449208304992714,1718284724,6949,1988,36,Male,Y,540,Barrhead,"East Renfrewshire",G78,Glasgow
loan,55.80590828154114,-4.309848940034096,1721858066,6961,1993,31,Female,Y,653,"Netherlee, Glasgow",Glasgow,"Glasgow South",Glasgow
loan,56.46300070301172,-2.9997630541862264,1723131821,6970,1955,69,Female,Y,244,"Stobswell, Dundee",Dundee,"Dundee Central","Tayside and Angus (Dundee)"
loan,56.27261890550318,-2.7672808314600355,1725033702,6976,1962,62,Female,Y,1114,"St Andrews",Fife,KY16,Fife
loan,55.874747305097,-4.314242854020448,1725218930,6978,1955,69,Female,Y,591,"Hillhead, Glasgow",Glasgow,"Glasgow Kelvin",Glasgow
loan,55.425474219826874,-4.700023984566797,1726269873,6983,2003,21,Female,Y,856,"Ayr (Centre)","South Ayrshire",KA7,Ayrshire
loan,55.877280693507295,-3.2396711696518086,1727865829,6989,2004,20,Female,Y,343,Penicuik,Midlothian,EH26,"Lothian (Edinburgh)"
loan,56.07279224459979,-4.771301555381279,1727983437,6991,1997,27,Male,Y,566,Helensburgh,"Argyll and Bute",G84,"Argyll and Bute"
loan,55.72583123913402,-4.314420785728181,1730141658,6999,1987,37,Female,Y,537,Eaglesham,"East Renfrewshire",G76,Glasgow
loan,55.951565297170866,-3.1397746302798364,1730399075,7002,1998,26,Female,Y,283,"Craigentinny, Edinburgh",Edinburgh,"Edinburgh Duddingston","Lothian (Edinburgh)"
loan,55.95479038504957,-3.843014729846064,1730405654,7004,1994,30,Female,Y,377,"Falkirk (centre and south: Arnothill, Bantaskin, Callendar Park, Glen Village, Hallglen, Lionthorn, Tamfourhill, Woodlands)",Falkirk,FK1,"Stirling and Falkirk"
loan,55.95330087380924,-4.353963860510887,1730406182,7005,1970,54,Male,N,489,Milngavie,"East Dunbartonshire",G62,Glasgow
loan,57.030672077946925,-2.640774894716272,1730408007,7008,1987,37,Female,Y,22,Banchory,Aberdeenshire,AB31,"North East (Aberdeen)"
loan,57.63982334979428,-4.4653452926301185,1730450977,7027,1960,64,Female,Y,705,Dingwall,Highland,IV15,"Highlands (Inverness)"
loan,55.93689353208878,-4.246532388802002,1730459020,7030,1987,37,Female,Y,502,Bishopbriggs,"East Dunbartonshire",G64,Glasgow
loan,55.699870978257515,-4.867829207004808,1730463809,7035,1972,52,Female,Y,814,"West Kilbride","North Ayrshire",KA23,Ayrshire
loan,56.46684013427728,-3.0405647620316945,1730465644,7036,1986,38,Female,Y,243,"Hilltown, Dundee",Dundee,"Dundee Central","Tayside and Angus (Dundee)"
loan,55.07272090279428,-3.5863809148508246,1730466576,7038,1971,53,Female,Y,186,"Dumfries (centre and east: Dalscone, Georgetown, Heathhall, Kingholm Quay, Noblehill, The Crichton)","Dumfries and Galloway",DG1,"Dumfries and Galloway"
loan,55.060367040511,-3.5073634880329023,1730466684,7038,1971,53,Female,Y,186,"Dumfries (centre and east: Dalscone, Georgetown, Heathhall, Kingholm Quay, Noblehill, The Crichton)","Dumfries and Galloway",DG1,"Dumfries and Galloway"
loan,55.476930358211455,-4.626659909535569,1730468727,7039,1954,70,Female,Y,868,"Newton on Ayr","South Ayrshire",KA8,Ayrshire
loan,55.47581625108259,-4.586999637221085,1730469174,7039,1954,70,Female,Y,868,"Newton on Ayr","South Ayrshire",KA8,Ayrshire
loan,55.84120330465285,-4.532201018041472,1730469706,7040,1959,65,Female,Y,1276,Johnstone,Renfrewshire,PA5,Glasgow
loan,55.93151747629625,-3.279088030238069,1730474383,7044,1950,74,Female,N,263,"Longstone, Edinburgh",Edinburgh,"Edinburgh Central","Lothian (Edinburgh)"
loan,58.38154203688048,-3.6818301103735473,1730487759,7048,1992,32,Male,Y,913,Halkirk,Highland,KW12,"Highlands (Inverness)"
loan,56.071330057709226,-4.7818633379951,1730492718,7051,1980,44,Female,Y,568,Rhu,"Argyll and Bute",G84,"Argyll and Bute"
loan,57.14886783599603,-2.1082767738616215,1730534827,7053,1972,52,Female,Y,107,"Rosemount, Aberdeen",Aberdeen,"Aberdeen Central","North East (Aberdeen)"
loan,57.40258854115995,-2.944544638336194,1730535935,7054,1972,52,Male,Y,83,Huntly,Aberdeenshire,AB54,"North East (Aberdeen)"
loan,55.69800448572225,-2.8978932021809634,1730559747,7057,1989,35,Female,Y,1413,Galashiels,"Scottish Borders",TD1,Borders
loan,55.865029671206656,-4.59641808202678,1730588726,7062,1968,56,Male,Y,1224,"Bridge of Weir",Renfrewshire,PA11,Glasgow
loan,55.46529224892912,-4.576843544959389,1730591949,7021,1985,39,Other,Y,852,Dalmellington,"East Ayrshire",KA6,Ayrshire
loan,56.6571181793694,-2.649871380413465,1730655429,7067,1993,31,Female,Y,141,Arbroath,Angus,DD11,"Tayside and Angus (Dundee)"
loan,55.89974114318776,-3.245614970572958,1730680150,7069,1950,74,Male,Y,305,"Oxgangs, Edinburgh",Edinburgh,"Edinburgh Oxgangs","Lothian (Edinburgh)"
loan,57.21134565433795,-5.143873607326255,1730743237,7077,1964,60,Female,Y,741,Beauly,Highland,IV4,"Highlands (Inverness)"
loan,56.15801063329417,-3.2043080985090433,1730828369,7080,1999,25,Male,Y,1079,"Kirkcaldy (east: Linktown, Port Brae, Pathhead, Sinclairtown, Smeaton, Gallatown)",Fife,KY1,Fife
loan,56.40406049544342,-3.896328503873136,1730848229,7081,1977,47,Female,Y,1402,Crieff,"Perth and Kinross",PH7,Fife
loan,56.451539647602985,-3.0052122434589545,1731188219,7091,1953,71,Female,Y,261,"Westend, Dundee",Dundee,"Dundee West","Tayside and Angus (Dundee)"
loan,57.10965412970595,-2.311403647309132,1731344422,7093,1955,69,Male,Y,133,"Bieldside, Aberdeen",Aberdeen,"Aberdeen Southwest","North East (Aberdeen)"
loan,55.90269145737742,-4.4039129595516,1732001045,7105,1992,32,Female,Y,546,Clydebank,"West Dunbartonshire",G81,Glasgow
loan,55.96688916179097,-4.5546499760748125,1732046208,7108,1991,33,Male,Y,548,Cardross,"Argyll and Bute",G82,Glasgow
loan,55.84018916859567,-4.444348779348352,1733687055,7128,1954,70,Female,Y,1220,"Paisley (central, east and north east: Ferguslie, Oldhall, Seedhill, Williamsburgh, Whitehaugh)",Renfrewshire,PA1,Glasgow
loan,56.4485362143295,-3.504662106606886,1733689919,7129,1964,60,Female,N,1313,"Perth (north and west: Burghmuir, Cherrybank, Hillyland, Inveralmond, Lethom, Muirton, North Muirton, Tulloch)","Perth and Kinross",PH1,Fife
loan,55.951065882525306,-3.2715813103636147,1733689924,7130,1956,68,Female,N,287,"Corstorphine, Edinburgh",Edinburgh,"Edinburgh North","Lothian (Edinburgh)"
loan,55.96822262622069,-4.614732380422096,1733691347,7131,1962,62,Female,Y,549,Dumbarton,"West Dunbartonshire",G82,Glasgow
loan,55.942481527193394,-3.144058553121758,1733691649,7132,1956,68,Male,Y,322,"Gilmerton, Edinburgh",Edinburgh,"Edinburgh Southeast","Lothian (Edinburgh)"
loan,56.560010574287524,-3.307976693949987,1733693317,7133,1996,28,Female,Y,1324,"Coupar Angus","Perth and Kinross",PH13,Fife
loan,56.380868106892265,-3.89321692723743,1733702620,7136,1983,41,Female,Y,1402,Crieff,"Perth and Kinross",PH7,Fife
loan,56.117294779727224,-3.2227663934657325,1733721720,7137,1964,60,Female,N,1117,"Kirkcaldy (west: Hayfield, Templehall, Newliston, Chapel, Dunnikier, Bennochy)",Fife,KY2,Fife
loan,57.655777948853,-3.204030918648537,1733724980,7138,1958,66,Male,Y,737,Elgin,Moray,IV30,"North East (Aberdeen)"
loan,56.56794398773041,-2.8307587782808614,1733727508,7139,2000,24,Male,Y,162,Kellas,Angus,DD5,"Tayside and Angus (Dundee)"
loan,56.36003886340022,-3.630599923574446,1733731630,7141,1965,59,Female,N,1402,Crieff,"Perth and Kinross",PH7,Fife
loan,55.89818252377302,-4.366978903856056,1733738723,7144,1962,62,Female,Y,644,"Partick, Glasgow",Glasgow,"Glasgow Northwest",Glasgow
loan,56.475125633553034,-3.055088671778612,1733752216,7146,1960,64,Male,Y,245,"Law, Dundee",Dundee,"Dundee Central","Tayside and Angus (Dundee)"
loan,56.505555843674564,-3.5723169010066447,1733756698,7147,1959,65,Female,Y,1313,"Perth (north and west: Burghmuir, Cherrybank, Hillyland, Inveralmond, Lethom, Muirton, North Muirton, Tulloch)","Perth and Kinross",PH1,Fife
loan,55.78454206526869,-4.857418767862878,1733772773,7149,1967,57,Female,Y,842,Largs,"North Ayrshire",KA30,Ayrshire
loan,57.2701461425106,-4.442535889201978,1733781164,7151,1980,44,Male,Y,714,"Inverness (east: Culcabock, Crown, Culduthel, Drummond, Haugh, Hilton, Holm, Lochardil, Millburn, Raigmore)",Highland,IV2,"Highlands (Inverness)"
loan,56.47190308869588,-3.0491586088628226,1733782587,7152,1949,75,Male,Y,245,"Law, Dundee",Dundee,"Dundee Central","Tayside and Angus (Dundee)"
loan,56.11557091295662,-3.247827326489925,1733819209,7153,1966,58,Female,Y,1117,"Kirkcaldy (west: Hayfield, Templehall, Newliston, Chapel, Dunnikier, Bennochy)",Fife,KY2,Fife
loan,56.212321973818675,-3.2325013353011585,1733819223,7154,1956,68,Female,Y,1129,"Glenrothes (west: Caskieberran, Rimbleton, Macedonia, Tanshall)",Fife,KY6,Fife
loan,56.13039018721403,-3.182111723555612,1733819354,7153,1966,58,Female,Y,1117,"Kirkcaldy (west: Hayfield, Templehall, Newliston, Chapel, Dunnikier, Bennochy)",Fife,KY2,Fife
loan,55.95168087286888,-3.2558179480516674,1733820615,7155,1962,62,Male,Y,297,"Blackhall, Edinburgh",Edinburgh,"Edinburgh North","Lothian (Edinburgh)"
loan,57.17042385564558,-2.1255832666240475,1733821152,7156,1991,33,Female,Y,105,"Seaton, Aberdeen",Aberdeen,"Aberdeen Central","North East (Aberdeen)"
loan,55.88389144881876,-4.207004521671691,1733923247,7165,1969,55,Female,Y,602,"Baillieston, Glasgow",Glasgow,"Glasgow Northeast",Glasgow
loan,55.8714738147344,-4.337363462832525,1733951497,7170,1981,43,Female,Y,638,"Drumchapel, Glasgow",Glasgow,"Glasgow Northwest",Glasgow
loan,56.280252255861846,-3.3714604850697714,1733962400,7172,1973,51,Female,Y,1354,"Perth (south and east: Barnhill, Bridgend, Craigie, Kincarrathie, Upper Craigie)","Perth and Kinross",PH2,Fife
loan,56.45830359506014,-3.4474690342021157,1733983651,7174,1964,60,Female,Y,1351,Kintillo,"Perth and Kinross",PH2,Fife
loan,56.43620845592135,-3.220294553436677,1733990252,7176,1971,53,Female,Y,1340,Dunning,"Perth and Kinross",PH2,Fife
loan,56.493149291669575,-2.824870823180242,1734026438,7185,2000,24,Male,Y,247,"Broughty Ferry, Dundee",Dundee,"Dundee East","Tayside and Angus (Dundee)"
loan,55.85333051691182,-4.369717794973731,1734107075,7187,1945,79,Male,Y,661,"Govanhill, Glasgow",Glasgow,"Glasgow Southwest",Glasgow
loan,55.87079268363288,-3.342999018518584,1734130333,7193,1964,60,Female,Y,317,"Marchmont, Edinburgh",Edinburgh,"Edinburgh South","Lothian (Edinburgh)"
loan,55.72681689172033,-3.982112514549052,1734212857,7197,1961,63,Female,Y,1217,Larkhall,"North Lanarkshire",ML9,Glasgow
loan,59.07399335928958,-3.1186003885179874,1734216309,7198,1962,62,Female,Y,1025,"Orkney Islands",Orkney,KW17,"Orkney Islands"
loan,56.37063962466443,-3.271389187366666,1734296572,7202,1985,39,Female,Y,1346,Glenfarg,"Perth and Kinross",PH2,Fife
loan,55.96205019414285,-3.9593454542498807,1734298029,7203,1970,54,Female,Y,514,"Cumbernauld (south: Condorrat, Lenziemill, Carbrain, Kildrum, Cumbernauld Village, Abronhill, Seafar)","North Lanarkshire",G67,Glasgow
loan,56.20856721769395,-3.4791490013721686,1734479635,7206,1958,66,Other,Y,1100,Scotlandwell,"Perth and Kinross",KY13,Fife
loan,56.075412190638694,-3.5277486843852266,1735722207,7209,1949,76,Male,Y,1096,"Dunfermline (centre, north, west: Abbey Parks, Lady's Mill, Garvock, Headwell, Kingseathill, Wellwood, Milesmark, Baldridge, Pittencrieff, Baldridgeburn)",Fife,KY12,Fife
loan,56.139893722150006,-3.579251527392176,1735992969,7210,1948,77,Male,Y,1096,"Dunfermline (centre, north, west: Abbey Parks, Lady's Mill, Garvock, Headwell, Kingseathill, Wellwood, Milesmark, Baldridge, Pittencrieff, Baldridgeburn)",Fife,KY12,Fife
loan,55.90086013178817,-3.222669259198504,1736154415,7212,1987,38,Male,Y,319,"Blackford, Edinburgh",Edinburgh,"Edinburgh South","Lothian (Edinburgh)"
loan,55.922053988560165,-3.0433525592009554,1736179588,7219,1955,70,Female,N,330,Musselburgh,"East Lothian",EH21,"Lothian (Edinburgh)"
loan,56.21345839011052,-3.7223148383489417,1736198453,7221,1978,47,Female,Y,397,Dollar,Clackmannanshire,FK14,"Stirling and Falkirk"
loan,57.60517903007862,-4.113243661623522,1736255151,7228,1995,30,Female,Y,700,Fortrose,Highland,IV10,"Highlands (Inverness)"
loan,55.91833416481914,-3.5155325094317353,1736877030,7246,1997,28,Other,Y,375,Livingston,"West Lothian",EH54,"Lothian (Edinburgh)"
loan,56.11943145422466,-4.7858541582608565,1737124700,7252,1956,69,Female,Y,566,Helensburgh,"Argyll and Bute",G84,"Argyll and Bute"
loan,57.33640865754035,-2.218177570593767,1737370039,7257,1997,28,Male,Y,49,Ellon,Aberdeenshire,AB41,"North East (Aberdeen)"
loan,57.10490859191562,-2.249247237065542,1737377848,7259,1980,45,Female,Y,134,"Cults, Aberdeen",Aberdeen,"Aberdeen Southwest","North East (Aberdeen)"
loan,55.77555823042797,-4.118580693686202,1737378606,7260,1992,33,Male,Y,528,Blantyre,"South Lanarkshire",G72,Glasgow
loan,56.18684505569688,-3.906745952105223,1737380156,7261,1977,48,Male,Y,405,Dunblane,Stirlingshire,FK15,"Stirling and Falkirk"
loan,56.4520148536016,-3.0154537914620843,1737404176,7262,2000,25,Other,Y,261,"Westend, Dundee",Dundee,"Dundee West","Tayside and Angus (Dundee)"
loan,55.884575355150716,-3.2739660258715753,1737577343,2919,1991,31,Male,Y,311,"Currie, Edinburgh",Edinburgh,"Edinburgh South","Lothian (Edinburgh)"
loan,56.07125216846988,-4.037629340415332,1738096805,7274,2004,21,Female,Y,464,"Stirling (south and east: Braehead, Borestone, Broomridge, Torbrex)",Stirlingshire,FK7,"Stirling and Falkirk"
loan,55.933377593692406,-4.870181463679888,1739289850,7293,2006,19,Male,Y,1235,Gourock,Inverclyde,PA19,Glasgow
loan,55.94244229477784,-4.842756919833329,1739394177,7293,2006,19,Male,Y,1235,Gourock,Inverclyde,PA19,Glasgow
loan,57.8207932798116,-4.139824937208364,1739444868,7302,2011,14,Female,School,711,Tain,Highland,IV19,"Highlands (Inverness)"
loan,57.75444501548785,-4.134431515690878,1739444937,7299,2011,14,Female,School,708,Invergordon,Highland,IV18,"Highlands (Inverness)"
loan,57.76175848993869,-4.065468150565084,1739444977,7301,2011,14,Female,School,708,Invergordon,Highland,IV18,"Highlands (Inverness)"
loan,57.7275889707509,-4.425839998065845,1739445022,7304,2011,14,Female,School,707,Alness,Highland,IV17,"Highlands (Inverness)"
loan,57.74942072837657,-4.042758529681116,1739445058,7308,2012,13,Male,N,708,Invergordon,Highland,IV18,"Highlands (Inverness)"
loan,57.77007194195155,-4.110627063970398,1739450745,7315,2010,15,Male,School,708,Invergordon,Highland,IV18,"Highlands (Inverness)"
loan,57.72749941571985,-4.106327731157524,1739450749,7285,2010,15,Female,School,708,Invergordon,Highland,IV18,"Highlands (Inverness)"
loan,57.75716494485171,-4.564314870291196,1739450797,7316,2010,15,Male,School,707,Alness,Highland,IV17,"Highlands (Inverness)"
loan,57.78274983566046,-4.224093179578413,1739450925,7288,2010,15,Female,School,708,Invergordon,Highland,IV18,"Highlands (Inverness)"
loan,57.74814848570739,-4.0827718448503925,1739451016,7290,2010,15,Female,School,708,Invergordon,Highland,IV18,"Highlands (Inverness)"
loan,57.76940298992986,-4.203440270473551,1739451019,7286,2010,15,Male,School,708,Invergordon,Highland,IV18,"Highlands (Inverness)"
loan,57.70723545326164,-4.185335888389211,1739451044,7284,2010,15,Male,School,708,Invergordon,Highland,IV18,"Highlands (Inverness)"
loan,57.1280742248359,-2.224074348612895,1739451137,7289,2010,15,Male,N,109,"Hazelhead, Aberdeen",Aberdeen,"Aberdeen North","North East (Aberdeen)"
loan,57.738320540406434,-4.040545120566302,1739451267,7290,2010,15,Female,School,708,Invergordon,Highland,IV18,"Highlands (Inverness)"
loan,57.736901541246475,-4.236558124084714,1739451559,7316,2010,15,Male,School,707,Alness,Highland,IV17,"Highlands (Inverness)"
loan,57.75557498846872,-4.250834716932189,1739451741,7317,2010,15,Male,School,708,Invergordon,Highland,IV18,"Highlands (Inverness)"
loan,57.732573722436285,-4.06581390013597,1739524341,7295,2011,14,Male,School,708,Invergordon,Highland,IV18,"Highlands (Inverness)"
loan,55.96854354416968,-3.2159316309073196,1739524346,7318,2012,13,Male,School,298,"Inverleith, Edinburgh",Edinburgh,"Edinburgh North","Lothian (Edinburgh)"
loan,55.94214772032865,-4.753149179212864,1739803081,7320,1997,28,Female,Y,1230,"Greenock (central and east: Bogston, Bridgend, Cartsdyke, Gibshill, Greenock Central, Ladyburn, Upper Ingleston)",Inverclyde,PA15,Glasgow
loan,57.38420014179133,-6.573191974345635,1740179881,7323,1956,69,Female,Y,768,"Dunvegan, Isle of Skye",Highland,IV55,"Highlands (Inverness)"
loan,57.72535572280482,-4.162685003723003,1741173521,7334,2009,16,Male,School,708,Invergordon,Highland,IV18,"Highlands (Inverness)"
loan,57.506984439041396,-4.259962856205626,1741205230,7345,2003,22,Male,Y,699,"Inverness (centre, north: Longman)",Highland,IV1,"Highlands (Inverness)"
loan,55.56118496767221,-5.526197487382102,1744471679,7359,1976,49,Female,Y,1246,Campbeltown,"Argyll and Bute",PA28,"Argyll and Bute"
loan,56.58310620053638,-2.960753158237833,1747990830,7371,1990,35,Female,Y,181,Kirriemuir,Angus,DD8,"Tayside and Angus (Dundee)"
loan,55.8134462725195,-4.228455585943542,1748429501,7374,2010,15,Male,School,650,"Newlands, Glasgow",Glasgow,"Glasgow South",Glasgow
loan,55.923976465637516,-3.293910024219208,1749589533,7377,1965,60,Female,Y,270,"Meadows and Southside, Edinburgh",Edinburgh,"Edinburgh Central","Lothian (Edinburgh)"
loan,55.63973353670624,-3.890173086760504,1751561612,7384,2008,17,Other,School,1167,Lanark,"South Lanarkshire",ML11,Glasgow
loan,55.869260766263096,-4.294030059947502,1752511281,7386,2004,21,Female,Y,591,"Hillhead, Glasgow",Glasgow,"Glasgow Kelvin",Glasgow
loan,55.920382766750244,-3.579455697344395,1752844057,7388,1993,32,Male,Y,368,Bathgate,"West Lothian",EH48,"Lothian (Edinburgh)"
loan,56.21135182796093,-3.47573434644898,1756033602,7393,2002,23,Female,Y,1098,Kinross,"Perth and Kinross",KY13,Fife
loan,55.91647682445373,-4.316594949666665,1759488435,7402,2005,20,Female,Y,488,Bearsden,"East Dunbartonshire",G61,Glasgow
loan,56.01897205049834,-5.075784177429905,1759492382,7404,1987,38,Male,Y,1241,Dunoon,"Argyll and Bute",PA23,"Argyll and Bute"
loan,55.866257371516795,-4.3027776742345925,1759669558,7405,1997,28,Female,Y,587,"Jordanhill, Glasgow",Glasgow,"Glasgow Kelvin",Glasgow
loan,57.57663067773703,-3.4680142904466833,1760240119,7409,1993,32,Female,Y,737,Elgin,Moray,IV30,"North East (Aberdeen)"
loan,57.125186171396535,-2.1834044484895183,1760907518,7411,1958,67,Female,Y,132,"Peterculter, Aberdeen",Aberdeen,"Aberdeen Southwest","North East (Aberdeen)"
loan,55.9787135185206,-3.1981906624058483,1760962437,7412,2004,21,Female,Y,287,"Corstorphine, Edinburgh",Edinburgh,"Edinburgh North","Lothian (Edinburgh)"
loan,57.46604901648175,-3.543401045458988,1761825000,7422,1996,29,Male,Y,740,Forres,Moray,IV36,"North East (Aberdeen)"
loan,56.47740127075497,-3.038348789812546,1763661260,7427,1962,63,Female,Y,244,"Stobswell, Dundee",Dundee,"Dundee Central","Tayside and Angus (Dundee)"
loan,55.910228279516915,-3.206099290036761,1763759907,7430,1970,55,Male,Y,317,"Marchmont, Edinburgh",Edinburgh,"Edinburgh South","Lothian (Edinburgh)"
loan,55.838827429507056,-3.300521165506626,1764682084,7436,1948,77,Female,Y,343,Penicuik,Midlothian,EH26,"Lothian (Edinburgh)"
loan,56.0184592905078,-3.878467812517371,1764846164,7437,1985,40,Female,Y,452,Denny,Falkirk,FK6,"Stirling and Falkirk"
loan,55.81232024606133,-4.253941818987407,1765222237,7440,2004,21,Female,Y,660,"Arden, Glasgow",Glasgow,"Glasgow South",Glasgow
loan,56.067848526149945,-3.257723302616292,1765742382,7442,2012,13,Male,School,1119,Burntisland,Fife,KY3,Fife
loan,56.12524371356897,-3.2550398334142954,1767490320,7451,2007,19,Female,Y,1126,Cardenden,Fife,KY5,Fife
loan,56.58187612136683,-2.7427330006971795,1768313934,7460,1994,32,Male,N,141,Arbroath,Angus,DD11,"Tayside and Angus (Dundee)"
loan,56.13477895209028,-3.186353661713296,1768832902,7472,1975,51,Female,Y,1117,"Kirkcaldy (west: Hayfield, Templehall, Newliston, Chapel, Dunnikier, Bennochy)",Fife,KY2,Fife
loan,55.89421490753717,-3.1632952684765105,1768846990,7471,2003,23,Female,Y,322,"Gilmerton, Edinburgh",Edinburgh,"Edinburgh Southeast","Lothian (Edinburgh)"
loan,55.81012038504521,-4.341641177080794,1769176368,7480,1985,41,Female,Y,677,"Hillington, Glasgow",Glasgow,"Glasgow Southwest",Glasgow
loan,55.62128976960787,-4.513652497120557,1769268806,7476,2006,20,Female,Y,837,"Kilmarnock (north: Onthank, Townholm, Altonhill, Longpark, Beansburn, New Farm Loch, Knockinlaw, Hillhead, Crookedholm)","East Ayrshire",KA3,Ayrshire
loan,56.02353408696494,-4.320509717929378,1769530260,7485,1993,33,Male,Y,492,Balfron,Stirlingshire,G63,"Stirling and Falkirk"
loan,55.84951410113233,-4.400087283463032,1770196816,7497,2011,15,Female,School,1221,Ralston,Renfrewshire,PA1,Glasgow
loan,55.785324478605126,-4.530512581017059,1770196943,7501,2011,15,Other,School,1236,"Paisley (south: Blackhall, Castlehead, Dykebar, Foxbar, Hunterhill, Meikleriggs)",Renfrewshire,PA2,Glasgow
lean,56.5881205432269,-2.8423231730562417,1653854481,33,1966,56,Female,Y,179,Forfar,Angus,DD8,"Tayside and Angus (Dundee)"
lean,57.313978902229415,-2.2257966933827364,1653855776,35,1959,63,Male,N,113,"Bridge of Don, Aberdeen",Aberdeen,"Aberdeen North","North East (Aberdeen)"
lean,57.37124604598632,-2.808530518276661,1653863856,64,1982,40,Female,Y,87,Glass,Aberdeenshire,AB54,"North East (Aberdeen)"
lean,57.24347987471386,-3.145911141133702,1653867123,68,1975,47,Female,N,40,Strathdon,Aberdeenshire,AB36,"North East (Aberdeen)"
lean,57.1691104894621,-3.1343171732439545,1653893654,84,1975,47,Female,N,40,Strathdon,Aberdeenshire,AB36,"North East (Aberdeen)"
lean,57.160097581604234,-2.1648184624764695,1653896512,56,1963,59,Male,N,104,"Tillydrone, Aberdeen",Aberdeen,"Aberdeen Central","North East (Aberdeen)"
lean,57.57973712182825,-2.4513684557791806,1653897584,87,1960,62,Female,Y,78,Turriff,Aberdeenshire,AB53,"North East (Aberdeen)"
lean,57.152653363007275,-2.1881740030973242,1653909631,113,1989,33,Male,N,101,"Sheddocksley, Aberdeen",Aberdeen,"Aberdeen Central","North East (Aberdeen)"
lean,56.89204576812097,-2.697197511986613,1653939298,146,1971,51,Female,N,182,Brechin,Angus,DD9,"Tayside and Angus (Dundee)"
lean,57.439584898083076,-2.7760365739853254,1654295895,180,1985,37,Male,Y,83,Huntly,Aberdeenshire,AB54,"North East (Aberdeen)"
lean,57.59902053161738,-2.4538058443403896,1655112150,190,2005,17,Female,School,63,Whitehills,Aberdeenshire,AB45,"North East (Aberdeen)"
lean,57.61407740019432,-2.401754559152584,1655112194,195,2005,17,Female,School,59,Banff,Aberdeenshire,AB45,"North East (Aberdeen)"
lean,57.670300633437215,-2.7041782595493955,1655112197,194,2005,17,Female,School,59,Banff,Aberdeenshire,AB45,"North East (Aberdeen)"
lean,57.67546853164986,-2.7610386429330567,1655112220,196,2005,17,Female,School,60,Cornhill,Aberdeenshire,AB45,"North East (Aberdeen)"
lean,57.60982536143899,-2.5510581523639826,1655112230,200,2007,15,Male,School,59,Banff,Aberdeenshire,AB45,"North East (Aberdeen)"
lean,57.6652550727488,-2.491682092191566,1655112231,191,2005,17,Female,School,58,Macduff,Aberdeenshire,AB44,"North East (Aberdeen)"
lean,57.67090726110203,-2.4918132423146075,1655112258,204,2007,15,Male,School,58,Macduff,Aberdeenshire,AB44,"North East (Aberdeen)"
lean,57.5112789044046,-2.617252915351237,1655112303,199,2007,15,Male,School,79,Aberchirder,Aberdeenshire,AB54,"North East (Aberdeen)"
lean,57.62356860533854,-2.666915607421738,1655112308,198,2006,16,Female,School,60,Cornhill,Aberdeenshire,AB45,"North East (Aberdeen)"
lean,57.63671846659645,-2.595665155254276,1655112402,195,2005,17,Female,School,59,Banff,Aberdeenshire,AB45,"North East (Aberdeen)"
lean,57.596794042841715,-2.7762456223341103,1655112733,205,2008,14,Male,N,59,Banff,Aberdeenshire,AB45,"North East (Aberdeen)"
lean,57.67746008330571,-2.9292312294054286,1655293820,265,2006,16,Female,School,95,Portknockie,Moray,AB56,"North East (Aberdeen)"
lean,57.66867931252054,-1.9540350064615488,1655299861,289,2006,16,Female,School,57,Fraserburgh,Aberdeenshire,AB43,"North East (Aberdeen)"
lean,57.68710228232341,-2.915256717487499,1655299873,291,2006,16,Male,School,90,Buckie,Moray,AB56,"North East (Aberdeen)"
lean,60.61067287877046,-1.4091748267262338,1663158303,336,2008,14,Male,School,1512,Brae,"Shetland Isles",ZE2,"Shetland Islands"
lean,60.40946196886262,-1.4095687632392961,1663161414,362,2008,14,Male,School,1621,Vidlin,"Shetland Isles",ZE2,"Shetland Islands"
lean,59.89574837951504,-1.2796749177682867,1663231781,414,1992,30,Other,Y,1638,Virkie,"Shetland Isles",ZE3,"Shetland Islands"
lean,56.81564967255911,-3.123698144137083,1664802113,555,1970,52,Male,N,180,Glamis,Angus,DD8,"Tayside and Angus (Dundee)"
lean,57.537865549722476,-2.3726906811924957,1664806330,586,1968,54,Male,Y,78,Turriff,Aberdeenshire,AB53,"North East (Aberdeen)"
lean,56.80061457739548,-3.172373585558522,1664807621,598,1962,60,Female,N,181,Kirriemuir,Angus,DD8,"Tayside and Angus (Dundee)"
lean,56.72688687667311,-2.8635000338847725,1664809454,608,1975,47,Male,Y,181,Kirriemuir,Angus,DD8,"Tayside and Angus (Dundee)"
lean,56.81151446341253,-3.0001710220613647,1664811526,623,1960,62,Male,Y,181,Kirriemuir,Angus,DD8,"Tayside and Angus (Dundee)"
lean,56.46678725863758,-2.9352126249851667,1664819942,686,1963,59,Female,N,256,"Whitfield, Dundee",Dundee,"Dundee North","Tayside and Angus (Dundee)"
lean,56.78238170463134,-3.0252934396569655,1664830616,753,1955,67,Male,N,181,Kirriemuir,Angus,DD8,"Tayside and Angus (Dundee)"
lean,57.573480738172314,-2.9422934370903793,1664831692,762,1945,77,Male,Y,88,Keith, Moray,AB55,"North East (Aberdeen)"
lean,56.641220875900565,-2.983851664139924,1664832914,771,1981,41,Male,Y,179,Forfar,Angus,DD8,"Tayside and Angus (Dundee)"
lean,56.66376777983216,-2.829258060339969,1664833084,771,1981,41,Male,Y,179,Forfar,Angus,DD8,"Tayside and Angus (Dundee)"
lean,56.89516460588104,-3.202109899320424,1664833204,771,1981,41,Male,Y,179,Forfar,Angus,DD8,"Tayside and Angus (Dundee)"
lean,57.312654576575795,-3.1270573798506605,1664833233,772,1973,49,Male,Y,86,Rhynie,Aberdeenshire,AB54,"North East (Aberdeen)"
lean,57.17156275710775,-2.124792444627392,1664870137,827,1947,75,Female,Y,107,"Rosemount, Aberdeen",Aberdeen,"Aberdeen Central","North East (Aberdeen)"
lean,57.543825062260495,-3.2013347280948246,1664870958,837,1968,54,Female,Y,44,Aberlour,Moray,AB38,"North East (Aberdeen)"
lean,57.6714646262629,-2.075536691211849,1664871033,856,1997,25,Male,Y,57,Fraserburgh,Aberdeenshire,AB43,"North East (Aberdeen)"
lean,57.61568207858602,-2.3276440742206126,1664871072,848,1964,58,Male,Y,78,Turriff,Aberdeenshire,AB53,"North East (Aberdeen)"
lean,57.14632819277324,-2.0904380781570673,1664871317,821,1947,75,Female,Y,126,"Bridge of Dee, Aberdeen",Aberdeen,"Aberdeen Southeast","North East (Aberdeen)"
lean,57.24529560850041,-2.2551259958585663,1664872199,878,1975,47,Other,Y,113,"Bridge of Don, Aberdeen",Aberdeen,"Aberdeen North","North East (Aberdeen)"
lean,57.670466005740785,-2.4813413076496302,1664873386,927,1968,54,Female,N,58,Macduff,Aberdeenshire,AB44,"North East (Aberdeen)"
lean,57.44942753992029,-1.8819905243518913,1664873863,932,1991,31,Female,Y,54,Peterhead,Aberdeenshire,AB42,"North East (Aberdeen)"
lean,57.624295767587206,-2.0205306838779244,1664874382,946,1960,62,Female,N,57,Fraserburgh,Aberdeenshire,AB43,"North East (Aberdeen)"
lean,57.129697091859285,-2.0792892046161104,1664875491,981,1961,61,Female,Y,127,"Torry, Aberdeen",Aberdeen,"Aberdeen Southeast","North East (Aberdeen)"
lean,57.51378260577598,-1.9168513651755448,1664876032,1015,1981,41,Male,Y,54,Peterhead,Aberdeenshire,AB42,"North East (Aberdeen)"
lean,57.69127702197853,-2.0590787038843543,1664876221,1021,1968,54,Female,Y,57,Fraserburgh,Aberdeenshire,AB43,"North East (Aberdeen)"
lean,57.09558868009485,-2.301370166551521,1664876709,1059,1954,68,Male,N,129,"Ruthrieston, Aberdeen",Aberdeen,"Aberdeen Southwest","North East (Aberdeen)"
lean,57.147844531991794,-2.2206736477367257,1664877360,77,1976,46,Female,N,113,"Bridge of Don, Aberdeen",Aberdeen,"Aberdeen North","North East (Aberdeen)"
lean,57.165672694636214,-2.127421499234013,1664878787,1182,1983,39,Female,Y,104,"Tillydrone, Aberdeen",Aberdeen,"Aberdeen Central","North East (Aberdeen)"
lean,56.960226844069894,-2.375554723618267,1664880298,1245,1997,25,Female,Y,48,Stonehaven,Aberdeenshire,AB39,"North East (Aberdeen)"
lean,57.61216892539498,-2.8816252441625934,1664880384,1262,1989,33,Male,N,90,Buckie,Moray,AB56,"North East (Aberdeen)"
lean,57.4176582459417,-1.8310094257249305,1664881475,1306,1996,26,Female,Y,54,Peterhead,Aberdeenshire,AB42,"North East (Aberdeen)"
lean,56.961814797024694,-2.2793073232607224,1664881763,1310,1976,46,Male,Y,48,Stonehaven,Aberdeenshire,AB39,"North East (Aberdeen)"
lean,57.149795775249395,-2.0852446132620837,1664883715,1382,1995,27,Female,N,126,"Bridge of Dee, Aberdeen",Aberdeen,"Aberdeen Southeast","North East (Aberdeen)"
lean,56.73403967044572,-2.695368563049324,1664884122,1399,1993,29,Male,N,182,Brechin,Angus,DD9,"Tayside and Angus (Dundee)"
lean,57.50430601632831,-2.433913875656507,1664884331,1403,2002,20,Female,School,76,Fyvie,Aberdeenshire,AB53,"North East (Aberdeen)"
lean,56.91599025900901,-2.2680045305357672,1664885153,1431,1962,60,Female,N,48,Stonehaven,Aberdeenshire,AB39,"North East (Aberdeen)"
lean,57.38446171999729,-1.88747103695062,1664885416,1454,1989,33,Female,Y,54,Peterhead,Aberdeenshire,AB42,"North East (Aberdeen)"
lean,57.59853637454156,-2.010107863048914,1664886995,1501,1988,34,Female,Y,57,Fraserburgh,Aberdeenshire,AB43,"North East (Aberdeen)"
lean,57.43811461683477,-1.8865813774437405,1664887971,1536,1950,72,Male,Y,54,Peterhead,Aberdeenshire,AB42,"North East (Aberdeen)"
lean,57.019399387235396,-2.4168964592139046,1664888178,1351,1986,36,Male,Y,22,Banchory,Aberdeenshire,AB31,"North East (Aberdeen)"
lean,56.72665617776015,-2.815167961137692,1664888523,1568,2002,20,Male,Y,182,Brechin,Angus,DD9,"Tayside and Angus (Dundee)"
lean,56.6639546856635,-2.6185526700739206,1664889470,1578,1953,69,Female,N,141,Arbroath,Angus,DD11,"Tayside and Angus (Dundee)"
lean,57.1702715250966,-2.1288394924384013,1664890397,1608,1945,77,Female,N,107,"Rosemount, Aberdeen",Aberdeen,"Aberdeen Central","North East (Aberdeen)"
lean,56.504068016720254,-3.2498581280755254,1664891031,1628,1963,59,Female,Y,1324,"Coupar Angus","Perth and Kinross",PH13,Fife
lean,57.61730992184333,-2.0711391598682365,1664892373,1655,1969,53,Female,Y,57,Fraserburgh,Aberdeenshire,AB43,"North East (Aberdeen)"
lean,56.65735102596629,-2.6689917162932844,1664892747,1641,1977,45,Male,N,179,Forfar,Angus,DD8,"Tayside and Angus (Dundee)"
lean,57.35256791543032,-2.479797161810148,1664894574,1714,1962,60,Female,Y,66,Kintore,Aberdeenshire,AB51,"North East (Aberdeen)"
lean,56.93838056101445,-2.8086306319361056,1664894924,1722,1979,43,Female,N,182,Brechin,Angus,DD9,"Tayside and Angus (Dundee)"
lean,57.12125440832789,-2.1222106562680247,1664895432,1736,1960,62,Male,N,127,"Torry, Aberdeen",Aberdeen,"Aberdeen Southeast","North East (Aberdeen)"
lean,57.13513978792097,-2.353732239320323,1664896331,1753,1996,26,Male,Y,28,Westhill,Aberdeenshire,AB32,"North East (Aberdeen)"
lean,57.212113737986776,-2.2665629538153413,1664896647,1749,1994,28,Male,Y,113,"Bridge of Don, Aberdeen",Aberdeen,"Aberdeen North","North East (Aberdeen)"
lean,57.63585223057128,-1.9868510565501458,1664896885,1739,1992,30,Female,Y,57,Fraserburgh,Aberdeenshire,AB43,"North East (Aberdeen)"
lean,57.15208086411493,-2.084088384883156,1664899474,1839,1953,69,Female,Y,99,"Middlefield, Aberdeen",Aberdeen,"Aberdeen Central","North East (Aberdeen)"
lean,56.7326170127146,-2.5459246812935783,1664899653,1848,1962,60,Male,Y,140,Montrose,Angus,DD10,"Tayside and Angus (Dundee)"
lean,56.48736639281206,-3.0122614183457714,1664899773,1855,1976,46,Male,Y,245,"Law, Dundee",Dundee,"Dundee Central","Tayside and Angus (Dundee)"
lean,57.023413312971584,-2.6553940778247633,1664900459,1860,1957,65,Female,N,22,Banchory,Aberdeenshire,AB31,"North East (Aberdeen)"
lean,56.4423218172274,-3.111144285197116,1664900492,1864,1965,57,Female,N,145,Liff,Angus,DD2,"Tayside and Angus (Dundee)"
lean,57.14389704396094,-2.090183847003248,1664900998,1872,1970,52,Female,Y,126,"Bridge of Dee, Aberdeen",Aberdeen,"Aberdeen Southeast","North East (Aberdeen)"
lean,56.952772059015075,-2.842470865141158,1664901170,1893,1961,61,Female,N,182,Brechin,Angus,DD9,"Tayside and Angus (Dundee)"
lean,56.96698732020428,-2.3645544274416035,1664901816,1902,1970,52,Female,N,48,Stonehaven,Aberdeenshire,AB39,"North East (Aberdeen)"
lean,56.913852050448966,-2.979540546922388,1664902002,1907,1987,35,Female,Y,182,Brechin,Angus,DD9,"Tayside and Angus (Dundee)"
lean,57.37626398201993,-2.3217406472432858,1664903160,1914,1967,55,Female,Y,64,Inverurie,Aberdeenshire,AB51,"North East (Aberdeen)"
lean,57.488648471246,-2.138150626143356,1664904292,1964,1989,33,Female,N,54,Peterhead,Aberdeenshire,AB42,"North East (Aberdeen)"
lean,57.618999335146206,-3.401064955581709,1664906414,2007,1978,44,Male,Y,737,Elgin,Moray,IV30,"North East (Aberdeen)"
lean,57.634328292205744,-2.1090696660448813,1664906614,2022,1952,70,Female,Y,57,Fraserburgh,Aberdeenshire,AB43,"North East (Aberdeen)"
lean,57.376813171818,-2.369980814387463,1664907894,2050,1966,56,Female,N,64,Inverurie,Aberdeenshire,AB51,"North East (Aberdeen)"
lean,57.225270834943096,-2.252843432284215,1664909210,2071,1973,49,Male,N,113,"Bridge of Don, Aberdeen",Aberdeen,"Aberdeen North","North East (Aberdeen)"
lean,58.3704216183578,-3.1639440090567295,1664910828,2116,1971,51,Female,Y,899,Wick,Highland,KW1,"Highlands (Inverness)"
lean,57.20826598284773,-2.368147961038475,1664911447,2132,1967,55,Female,Y,64,Inverurie,Aberdeenshire,AB51,"North East (Aberdeen)"
lean,57.48495645550235,-1.9398464150962784,1664912292,2146,1980,42,Male,Y,54,Peterhead,Aberdeenshire,AB42,"North East (Aberdeen)"
lean,57.287041963753694,-2.276960503609665,1664912601,2157,1962,60,Female,Y,64,Inverurie,Aberdeenshire,AB51,"North East (Aberdeen)"
lean,57.55973647961706,-1.8440195968113842,1664913738,2180,1956,66,Female,Y,54,Peterhead,Aberdeenshire,AB42,"North East (Aberdeen)"
lean,57.17015284035147,-2.2353624587513514,1664914569,2214,1948,74,Female,Y,111,"Bucksburn, Aberdeen",Aberdeen,"Aberdeen North","North East (Aberdeen)"
lean,56.83179913558028,-2.727735503744266,1664920378,2344,1971,51,Female,N,182,Brechin,Angus,DD9,"Tayside and Angus (Dundee)"
lean,57.578764213330956,-1.9307969700837304,1664921155,2368,1994,28,Male,Y,57,Fraserburgh,Aberdeenshire,AB43,"North East (Aberdeen)"
lean,57.12750715652143,-2.1242562095493027,1664921436,2372,1960,62,Female,N,127,"Torry, Aberdeen",Aberdeen,"Aberdeen Southeast","North East (Aberdeen)"
lean,57.165665031745455,-2.1154856657789485,1664921841,2373,1968,54,Female,N,103,"Woodside, Aberdeen",Aberdeen,"Aberdeen Central","North East (Aberdeen)"
lean,57.641853476997376,-3.0304271638040694,1664923593,2393,1993,29,Female,Y,90,Buckie,Moray,AB56,"North East (Aberdeen)"
lean,57.59560684347353,-2.0875950474673286,1664936825,2433,1966,56,Male,Y,57,Fraserburgh,Aberdeenshire,AB43,"North East (Aberdeen)"
lean,57.56843763904079,-2.019804558555003,1664939908,2436,1967,55,Female,Y,57,Fraserburgh,Aberdeenshire,AB43,"North East (Aberdeen)"
lean,56.68355743576984,-2.6851932106249,1664948079,2450,1992,30,Male,Y,182,Brechin,Angus,DD9,"Tayside and Angus (Dundee)"
lean,57.61088784596735,-2.0969677713409416,1664949293,2453,1995,27,Female,N,57,Fraserburgh,Aberdeenshire,AB43,"North East (Aberdeen)"
lean,56.491668794113444,-2.849423391193341,1664950245,2466,1971,51,Female,N,247,"Broughty Ferry, Dundee",Dundee,"Dundee East","Tayside and Angus (Dundee)"
lean,57.11344994833069,-2.396664653597723,1664952323,2320,1987,35,Male,Y,28,Westhill,Aberdeenshire,AB32,"North East (Aberdeen)"
lean,57.66751993776886,-2.4982671593124843,1664956365,139,1955,67,Male,N,58,Macduff,Aberdeenshire,AB44,"North East (Aberdeen)"
lean,60.16372893437664,-1.314912042212246,1664957222,2512,1981,41,Female,Y,1510,Bixter,"Shetland Isles",ZE2,"Shetland Islands"
lean,57.22074063108946,-2.1200680228550035,1664958425,2526,1966,56,Male,N,121,Blackburn,Aberdeenshire,"Aberdeen North","North East (Aberdeen)"
lean,57.552791801458824,-2.5556361852362155,1664962108,2565,1961,61,Female,N,78,Turriff,Aberdeenshire,AB53,"North East (Aberdeen)"
lean,55.44295682261581,-4.249810406420861,1664964106,2591,1989,33,Female,Y,797,Auchinleck,"East Ayrshire",KA18,Ayrshire
lean,57.37135850993576,-2.632427035494687,1664968114,2617,1942,80,Female,Y,70,Insch,Aberdeenshire,AB52,"North East (Aberdeen)"
lean,56.45599817474165,-2.9778304913725875,1664969630,2650,1998,24,Male,Y,261,"Westend, Dundee",Dundee,"Dundee West","Tayside and Angus (Dundee)"
lean,57.25149432777723,-2.328572247778445,1664970040,2686,1977,45,Male,Y,64,Inverurie,Aberdeenshire,AB51,"North East (Aberdeen)"
lean,57.57608900326433,-2.9787897210488876,1664970052,2692,1959,63,Female,Y,89,Dufftown,Moray,AB55,"North East (Aberdeen)"
lean,57.526756726008,-2.1538654600838267,1664970493,2727,1973,49,Other,N,54,Peterhead,Aberdeenshire,AB42,"North East (Aberdeen)"
lean,57.59431444071315,-2.0922488003264688,1664972196,2834,1988,34,Female,Y,57,Fraserburgh,Aberdeenshire,AB43,"North East (Aberdeen)"
lean,57.151317383569875,-2.0973413557281986,1664972566,2839,1959,63,Male,Y,97,"Mastrick, Aberdeen",Aberdeen,"Aberdeen Central","North East (Aberdeen)"
lean,57.58930660115596,-2.2235749548104375,1664974189,2939,1996,26,Female,Y,57,Fraserburgh,Aberdeenshire,AB43,"North East (Aberdeen)"
lean,55.89912915028264,-4.332568958219763,1664974794,2614,1960,62,Male,N,640,"Whiteinch, Glasgow",Glasgow,"Glasgow Northwest",Glasgow
lean,57.16350445725505,-2.13343593466471,1664974797,2976,1988,34,Male,Y,106,"Kittybrewster, Aberdeen",Aberdeen,"Aberdeen Central","North East (Aberdeen)"
lean,57.167597794598564,-2.090139684075035,1664975464,3017,1956,66,Male,N,97,"Mastrick, Aberdeen",Aberdeen,"Aberdeen Central","North East (Aberdeen)"
lean,57.00665732354918,-2.277667959719795,1664976970,3050,1965,57,Male,Y,48,Stonehaven,Aberdeenshire,AB39,"North East (Aberdeen)"
lean,57.62830984108626,-2.10970288370535,1664978168,3093,1995,27,Female,Y,57,Fraserburgh,Aberdeenshire,AB43,"North East (Aberdeen)"
lean,57.59354566375234,-1.8938723580620973,1664978349,3103,1965,57,Male,N,57,Fraserburgh,Aberdeenshire,AB43,"North East (Aberdeen)"
lean,57.54264440674328,-2.044813168483456,1664979132,2869,1990,32,Other,Y,54,Peterhead,Aberdeenshire,AB42,"North East (Aberdeen)"
lean,57.18630725769949,-2.949149841961915,1664979180,3155,1971,51,Female,N,29,Alford,Aberdeenshire,AB33,"North East (Aberdeen)"
lean,57.439061587677344,-3.1113872082416294,1664979302,3157,1982,40,Female,Y,88,Keith, Moray,AB55,"North East (Aberdeen)"
lean,57.15705884774998,-2.122707146516518,1664981000,3218,1996,26,Male,Y,101,"Sheddocksley, Aberdeen",Aberdeen,"Aberdeen Central","North East (Aberdeen)"
lean,57.30915160302663,-2.967383571821155,1664982005,3213,1987,35,Male,Y,79,Aberchirder,Aberdeenshire,AB54,"North East (Aberdeen)"
lean,57.17488035283716,-2.123205842751535,1664982263,3272,1973,49,Female,Y,101,"Sheddocksley, Aberdeen",Aberdeen,"Aberdeen Central","North East (Aberdeen)"
lean,56.63378694924251,-2.8863352345569626,1664983050,3298,1986,36,Female,Y,179,Forfar,Angus,DD8,"Tayside and Angus (Dundee)"
lean,57.616532729543856,-1.9129904165086122,1664983551,3318,1999,23,Other,Y,57,Fraserburgh,Aberdeenshire,AB43,"North East (Aberdeen)"
lean,57.12947498746854,-2.1080804780591573,1664984486,3369,1964,58,Female,Y,127,"Torry, Aberdeen",Aberdeen,"Aberdeen Southeast","North East (Aberdeen)"
lean,57.285590085544726,-2.0296809090458217,1664984687,3376,1964,58,Male,Y,111,"Bucksburn, Aberdeen",Aberdeen,"Aberdeen North","North East (Aberdeen)"
lean,57.12135672142622,-2.1331881818133245,1664985345,3369,1964,58,Female,Y,127,"Torry, Aberdeen",Aberdeen,"Aberdeen Southeast","North East (Aberdeen)"
lean,57.683833977999015,-3.4191166456671604,1664986573,3322,1980,42,Female,N,737,Elgin,Moray,IV30,"North East (Aberdeen)"
lean,56.9030908929785,-2.661135913038679,1664987036,3461,1980,42,Male,Y,24,Lumphanan,Aberdeenshire,AB31,"North East (Aberdeen)"
lean,57.14714112193367,-2.1088254961708492,1664987810,3476,1986,36,Male,Y,127,"Torry, Aberdeen",Aberdeen,"Aberdeen Southeast","North East (Aberdeen)"
lean,57.58192185249127,-1.9122051905889308,1664988682,3517,1995,27,Male,Y,54,Peterhead,Aberdeenshire,AB42,"North East (Aberdeen)"
lean,57.160057268238155,-2.1855147534817596,1664990327,3555,1984,38,Male,N,98,"Northfield, Aberdeen",Aberdeen,"Aberdeen Central","North East (Aberdeen)"
lean,57.269052322277,-2.111298958708209,1664991076,3584,1985,37,Female,Y,113,"Bridge of Don, Aberdeen",Aberdeen,"Aberdeen North","North East (Aberdeen)"
lean,57.1966926745301,-2.630267538935129,1664991662,3604,1957,65,Female,N,29,Alford,Aberdeenshire,AB33,"North East (Aberdeen)"
lean,57.13018315570298,-2.1101460543339465,1664992212,3601,1963,59,Female,N,127,"Torry, Aberdeen",Aberdeen,"Aberdeen Southeast","North East (Aberdeen)"
lean,56.62653562217923,-2.577766323974578,1664993108,3668,1985,37,Male,Y,141,Arbroath,Angus,DD11,"Tayside and Angus (Dundee)"
lean,57.147199372819394,-2.167428729196965,1664993187,3620,1959,63,Male,N,98,"Northfield, Aberdeen",Aberdeen,"Aberdeen Central","North East (Aberdeen)"
lean,57.15283737807054,-2.1491092641567917,1664994120,3690,1971,51,Male,Y,100,"Cornhill, Aberdeen",Aberdeen,"Aberdeen Central","North East (Aberdeen)"
lean,57.192663264064144,-2.0915683223646253,1664995173,3740,1957,65,Female,Y,111,"Bucksburn, Aberdeen",Aberdeen,"Aberdeen North","North East (Aberdeen)"
lean,56.651009351511085,-2.6522066830168423,1664995779,3726,1993,29,Female,N,141,Arbroath,Angus,DD11,"Tayside and Angus (Dundee)"
lean,57.171733810178594,-2.1307858489009286,1664995802,3756,1967,55,Male,N,98,"Northfield, Aberdeen",Aberdeen,"Aberdeen Central","North East (Aberdeen)"
lean,57.170827207531254,-2.116057202320234,1664996072,3756,1967,55,Male,N,98,"Northfield, Aberdeen",Aberdeen,"Aberdeen Central","North East (Aberdeen)"
lean,56.752699531512555,-2.435431817319764,1664996223,3787,1960,62,Male,Y,140,Montrose,Angus,DD10,"Tayside and Angus (Dundee)"
lean,57.12612176973236,-2.474109313843374,1664996384,3790,1994,28,Male,Y,28,Westhill,Aberdeenshire,AB32,"North East (Aberdeen)"
lean,57.159271164516426,-2.1366186509891656,1664999149,3915,1972,50,Male,N,98,"Northfield, Aberdeen",Aberdeen,"Aberdeen Central","North East (Aberdeen)"
lean,56.80938469268933,-2.473723838000686,1664999259,3913,1964,58,Male,Y,18,Laurencekirk,Aberdeenshire,AB30,"North East (Aberdeen)"
lean,57.30855806433222,-2.227237286276799,1665000861,3960,1977,45,Female,N,114,"Danestone, Aberdeen",Aberdeen,"Aberdeen North","North East (Aberdeen)"
lean,57.63309749993919,-3.0041431567930656,1665002388,3998,1997,25,Female,Y,91,Cullen,Moray,AB56,"North East (Aberdeen)"
lean,57.161728520448804,-2.0789681205157864,1665003013,4058,1957,65,Female,N,107,"Rosemount, Aberdeen",Aberdeen,"Aberdeen Central","North East (Aberdeen)"
lean,57.09914519272655,-2.135158398351252,1665003617,4080,1978,44,Male,Y,7,Altens, Aberdeen,AB12,"North East (Aberdeen)"
lean,57.16385701429433,-2.129158380669243,1665003722,4069,1983,39,Male,N,98,"Northfield, Aberdeen",Aberdeen,"Aberdeen Central","North East (Aberdeen)"
lean,57.499215412332504,-2.1481674272510487,1665004645,4104,1967,55,Female,Y,53,Hatton,Aberdeenshire,AB42,"North East (Aberdeen)"
lean,57.587002263775645,-2.1751186620122387,1665005627,4165,1992,30,Female,N,57,Fraserburgh,Aberdeenshire,AB43,"North East (Aberdeen)"
lean,57.81645918000116,-4.17610886930072,1665006362,4201,1976,46,Female,Y,711,Tain,Highland,IV19,"Highlands (Inverness)"
lean,57.35075729498912,-2.609648488638955,1665006789,4216,1974,48,Female,Y,70,Insch,Aberdeenshire,AB52,"North East (Aberdeen)"
lean,57.375436225408365,-2.548997396640527,1665006928,4216,1974,48,Female,Y,70,Insch,Aberdeenshire,AB52,"North East (Aberdeen)"
lean,57.60789685820344,-1.867778850351013,1665009612,4313,1968,54,Female,Y,57,Fraserburgh,Aberdeenshire,AB43,"North East (Aberdeen)"
lean,57.08446168056476,-2.134974452563661,1665011196,4335,1964,58,Female,N,11,Kincorth, Aberdeen,AB12,"North East (Aberdeen)"
lean,57.181724909280064,-2.094944483008632,1665019933,4405,1957,65,Female,N,125,Whiterashes,Aberdeenshire,"Aberdeen North","North East (Aberdeen)"
lean,56.493535795246906,-2.949988724139109,1665024671,4416,1984,38,Female,Y,254,"Douglas, Dundee",Dundee,"Dundee North","Tayside and Angus (Dundee)"
lean,57.505912457868476,-2.798417108817842,1665032869,4435,1974,48,Female,Y,83,Huntly,Aberdeenshire,AB54,"North East (Aberdeen)"
lean,56.887130612303906,-2.4960251484882034,1665037246,4464,1994,28,Female,Y,18,Laurencekirk,Aberdeenshire,AB30,"North East (Aberdeen)"
lean,56.6585212472712,-2.964537621843119,1665039322,4430,1969,53,Male,Y,179,Forfar,Angus,DD8,"Tayside and Angus (Dundee)"
lean,56.81443941147868,-2.952922113074733,1665039897,4475,1971,51,Female,Y,179,Forfar,Angus,DD8,"Tayside and Angus (Dundee)"
lean,56.599281297584746,-3.0764858757970854,1665040015,4475,1971,51,Female,Y,179,Forfar,Angus,DD8,"Tayside and Angus (Dundee)"
lean,56.74864460679725,-2.911068562469668,1665040210,4475,1971,51,Female,Y,179,Forfar,Angus,DD8,"Tayside and Angus (Dundee)"
lean,57.10985213850114,-2.322117761917929,1665047156,4546,1978,44,Male,Y,128,"Mannofield, Aberdeen",Aberdeen,"Aberdeen Southwest","North East (Aberdeen)"
lean,57.15598666629503,-2.253477756355157,1665047261,4562,1971,51,Female,N,115,"Grandholm, Aberdeen",Aberdeen,"Aberdeen North","North East (Aberdeen)"
lean,57.34846478701687,-2.342373942745523,1665050934,4592,1958,64,Male,Y,65,Kemnay,Aberdeenshire,AB51,"North East (Aberdeen)"
lean,60.235332362052965,-1.332529106459181,1665052730,4619,1992,30,Female,N,1505,Baltasound,"Shetland Isles",ZE2,"Shetland Islands"
lean,57.64914698379605,-2.666645852738217,1665056316,4664,1963,59,Male,N,59,Banff,Aberdeenshire,AB45,"North East (Aberdeen)"
lean,58.581214418344615,-3.245219116966022,1665062700,4706,1963,59,Female,Y,961,Thurso,Highland,KW14,"Highlands (Inverness)"
lean,57.1169619045446,-2.142260675768663,1665071855,4743,1950,72,Male,N,126,"Bridge of Dee, Aberdeen",Aberdeen,"Aberdeen Southeast","North East (Aberdeen)"
lean,57.1929208019312,-2.294661493061427,1665074474,4757,1993,29,Female,Y,113,"Bridge of Don, Aberdeen",Aberdeen,"Aberdeen North","North East (Aberdeen)"
lean,57.57659255761952,-2.1303780929988605,1665080377,4782,1995,27,Female,Y,57,Fraserburgh,Aberdeenshire,AB43,"North East (Aberdeen)"
lean,57.54432009298312,-2.2133781438604974,1665082934,4811,1988,34,Male,Y,78,Turriff,Aberdeenshire,AB53,"North East (Aberdeen)"
lean,57.16614331524881,-2.126147105974562,1665083269,4829,1971,51,Female,Y,107,"Rosemount, Aberdeen",Aberdeen,"Aberdeen Central","North East (Aberdeen)"
lean,57.680470940339575,-2.002629506961657,1665098239,5079,1960,62,Female,N,57,Fraserburgh,Aberdeenshire,AB43,"North East (Aberdeen)"
lean,57.11283727317866,-2.08822738507816,1665122204,5105,1976,46,Female,Y,5,"Cove Bay",Aberdeenshire,AB12,"North East (Aberdeen)"
lean,57.16826848718838,-2.1753308016657567,1665125420,5114,1986,36,Other,Y,97,"Mastrick, Aberdeen",Aberdeen,"Aberdeen Central","North East (Aberdeen)"
lean,55.02024822699573,-5.044629634202618,1665129819,5140,2006,16,Male,N,824,Girvan,"South Ayrshire",KA26,Ayrshire
lean,57.40627076531212,-2.8214839798339435,1665133624,5156,1954,68,Female,N,83,Huntly,Aberdeenshire,AB54,"North East (Aberdeen)"
lean,57.18524621411916,-2.579547737409278,1665136208,5166,1986,36,Male,Y,64,Inverurie,Aberdeenshire,AB51,"North East (Aberdeen)"
lean,56.86616175151195,-2.6483362177633136,1665137390,5181,1997,25,Female,Y,18,Laurencekirk,Aberdeenshire,AB30,"North East (Aberdeen)"
lean,57.14476890633594,-2.161549905607408,1665137835,5193,2006,16,Male,School,106,"Kittybrewster, Aberdeen",Aberdeen,"Aberdeen Central","North East (Aberdeen)"
lean,57.167423954646644,-2.1298412443034507,1665138023,5193,2006,16,Male,School,106,"Kittybrewster, Aberdeen",Aberdeen,"Aberdeen Central","North East (Aberdeen)"
lean,56.861561779150655,-2.4787471735907416,1665140224,5215,1973,49,Male,N,18,Laurencekirk,Aberdeenshire,AB30,"North East (Aberdeen)"
lean,57.32288973703224,-2.2579024461809847,1665141999,5223,1970,52,Female,N,123,Kinellar,Aberdeenshire,"Aberdeen North","North East (Aberdeen)"
lean,57.15325093041667,-2.158589953129633,1665157009,5294,1958,64,Female,Y,105,"Seaton, Aberdeen",Aberdeen,"Aberdeen Central","North East (Aberdeen)"
lean,56.65942159648571,-2.607676980920521,1665157598,5288,1990,32,Female,Y,141,Arbroath,Angus,DD11,"Tayside and Angus (Dundee)"
lean,57.46294048234566,-1.9918137271867518,1665163203,5317,1988,34,Female,Y,54,Peterhead,Aberdeenshire,AB42,"North East (Aberdeen)"
lean,57.31459565509235,-2.3986414637342133,1665166660,5325,1998,24,Male,Y,64,Inverurie,Aberdeenshire,AB51,"North East (Aberdeen)"
lean,57.44851632875656,-2.3056288242722482,1665170609,5339,1958,64,Female,N,49,Ellon,Aberdeenshire,AB41,"North East (Aberdeen)"
lean,57.652174940531644,-2.164977790025775,1665181930,5380,1986,36,Male,Y,57,Fraserburgh,Aberdeenshire,AB43,"North East (Aberdeen)"
lean,57.049482051494394,-2.2060943049061983,1665236293,5442,1962,60,Female,N,48,Stonehaven,Aberdeenshire,AB39,"North East (Aberdeen)"
lean,56.85811396310072,-2.423456433978745,1665244582,5215,1973,49,Male,N,18,Laurencekirk,Aberdeenshire,AB30,"North East (Aberdeen)"
lean,56.76831376896326,-3.132522610236847,1665262532,5479,1996,26,Male,Y,181,Kirriemuir,Angus,DD8,"Tayside and Angus (Dundee)"
lean,57.642354480270804,-3.095082013932358,1665301879,5499,1978,44,Female,Y,739,Fochabers,Moray,IV32,"North East (Aberdeen)"
lean,57.428801430201425,-2.3584351513957715,1665341156,5553,1974,48,Male,Y,77,"New Deer",Aberdeenshire,AB53,"North East (Aberdeen)"
lean,57.58850094080136,-2.042961725515657,1665355762,5569,1953,69,Male,N,57,Fraserburgh,Aberdeenshire,AB43,"North East (Aberdeen)"
lean,57.518121811872504,-2.166850794977052,1665392243,5589,1998,24,Female,Y,54,Peterhead,Aberdeenshire,AB42,"North East (Aberdeen)"
lean,57.34610140104287,-2.7446122305539906,1665502920,5667,1962,60,Female,Y,74,"Old Rayne",Aberdeenshire,AB52,"North East (Aberdeen)"
lean,57.353222045207424,-2.675743465618886,1665503528,5667,1962,60,Female,Y,74,"Old Rayne",Aberdeenshire,AB52,"North East (Aberdeen)"
lean,57.19657937148184,-2.864092091328807,1665589272,5694,1948,74,Female,N,31,"Muir of Fowlis",Aberdeenshire,AB33,"North East (Aberdeen)"
lean,57.625953009671846,-2.1886150952442263,1665600766,5697,1963,59,Male,Y,57,Fraserburgh,Aberdeenshire,AB43,"North East (Aberdeen)"
lean,57.62266870697951,-2.213576210845801,1665606107,5698,1990,32,Female,Y,57,Fraserburgh,Aberdeenshire,AB43,"North East (Aberdeen)"
lean,59.07069997447292,-3.0692089767712343,1665649461,5706,1992,30,Male,N,1025,"Orkney Islands",Orkney,KW17,"Orkney Islands"
lean,57.16652752598909,-2.121050132273772,1665664922,5713,1968,54,Male,Y,97,"Mastrick, Aberdeen",Aberdeen,"Aberdeen Central","North East (Aberdeen)"
lean,57.60985330259759,-3.276486433494164,1665666410,5714,1976,46,Female,Y,737,Elgin,Moray,IV30,"North East (Aberdeen)"
lean,57.149116881329554,-2.1534551846133865,1665675014,5722,1996,26,Male,Y,101,"Sheddocksley, Aberdeen",Aberdeen,"Aberdeen Central","North East (Aberdeen)"
lean,57.32447946327624,-2.0397863535722274,1665683708,5725,1974,48,Female,Y,50,Pitmedden,Aberdeenshire,AB41,"North East (Aberdeen)"
lean,60.24325334233951,-1.5195869242350124,1665699691,5729,1978,44,Male,Y,1505,Baltasound,"Shetland Isles",ZE2,"Shetland Islands"
lean,55.987647843915255,-3.8668930552386045,1665835586,5780,1995,27,Female,Y,443,Banknock, Falkirk,FK4,"Stirling and Falkirk"
lean,57.5195761408244,-1.974753965126067,1665845856,5869,1980,42,Male,N,54,Peterhead,Aberdeenshire,AB42,"North East (Aberdeen)"
lean,56.39358305761836,-3.316433377372274,1665914079,5910,1946,76,Female,Y,1353,Scone,"Perth and Kinross",PH2,Fife
lean,57.30215642638195,-2.1757233644046345,1665951344,5914,1979,43,Female,N,49,Ellon,Aberdeenshire,AB41,"North East (Aberdeen)"
lean,57.394647362627346,-1.9218375932448555,1666013342,5924,1993,29,Other,Y,54,Peterhead,Aberdeenshire,AB42,"North East (Aberdeen)"
lean,57.525863134224025,-2.3554518531233097,1666021486,5917,1939,83,Female,N,78,Turriff,Aberdeenshire,AB53,"North East (Aberdeen)"
lean,57.32234728764273,-2.4002728822880326,1666034033,5929,1961,61,Male,Y,64,Inverurie,Aberdeenshire,AB51,"North East (Aberdeen)"
lean,57.17053118200562,-2.1798903473794526,1666096730,5936,1961,61,Male,Y,97,"Mastrick, Aberdeen",Aberdeen,"Aberdeen Central","North East (Aberdeen)"
lean,57.13485446665672,-2.0928390135265293,1666533317,5988,1974,48,Male,Y,126,"Bridge of Dee, Aberdeen",Aberdeen,"Aberdeen Southeast","North East (Aberdeen)"
lean,57.30684958349505,-2.4576366063388115,1666704282,6004,1956,66,Female,Y,67,Oldmeldrum,Aberdeenshire,AB51,"North East (Aberdeen)"
lean,57.06256808295277,-2.2195318223166356,1667317050,6054,1954,68,Female,Y,1,Portlethen,Aberdeenshire,AB12,"North East (Aberdeen)"
lean,57.22287945588289,-2.1914361086120753,1670687525,6139,1968,54,Male,N,119,Potterton,Aberdeenshire,"Aberdeen North","North East (Aberdeen)"
lean,55.548948229815075,-4.3240122008157265,1679044421,6347,2006,17,Male,School,845,Catrine,"East Ayrshire",KA5,Ayrshire
lean,57.20548527424259,-2.131009158593241,1705494937,6720,1989,35,Female,N,125,Whiterashes,Aberdeenshire,"Aberdeen North","North East (Aberdeen)"
lean,57.55627777450408,-3.117246136046988,1706706488,6733,1998,26,Female,Y,88,Keith, Moray,AB55,"North East (Aberdeen)"
lean,57.16198300721561,-2.196292592533386,1713371539,6919,1957,67,Male,Y,107,"Rosemount, Aberdeen",Aberdeen,"Aberdeen Central","North East (Aberdeen)"
lean,56.945484609131505,-2.3522446771510404,1718869804,6951,1986,38,Male,Y,48,Stonehaven,Aberdeenshire,AB39,"North East (Aberdeen)"
lean,57.49580199873652,-2.908311688424088,1720902863,6956,1997,27,Female,Y,83,Huntly,Aberdeenshire,AB54,"North East (Aberdeen)"
lean,57.2999926508126,-2.3092198960349113,1730640994,7066,1978,46,Female,Y,64,Inverurie,Aberdeenshire,AB51,"North East (Aberdeen)"
lean,57.54205597548265,-2.967118247056681,1731072999,7086,1957,67,Female,Y,88,Keith, Moray,AB55,"North East (Aberdeen)"
lean,57.687446297452425,-2.8796615965441363,1731532330,7098,1959,65,Female,N,90,Buckie,Moray,AB56,"North East (Aberdeen)"
lean,57.62541446500411,-2.345592705968629,1731547356,7101,1952,72,Female,Y,78,Turriff,Aberdeenshire,AB53,"North East (Aberdeen)"
lean,57.63754907061358,-2.685508557346455,1732652093,7120,1992,32,Female,Y,63,Whitehills,Aberdeenshire,AB45,"North East (Aberdeen)"
lean,56.24906036115079,-3.995155672299788,1734128651,7191,1962,62,Female,Y,405,Dunblane,Stirlingshire,FK15,"Stirling and Falkirk"
lane,57.18251313398451,-2.1096419542701237,1653839960,8,1986,36,Female,Y,117,Balmedie,Aberdeenshire,"Aberdeen North","North East (Aberdeen)"
lane,55.899031345453196,-2.9214403605087296,1653994896,158,1998,24,Other,Y,350,Pencaitland,"East Lothian",EH34,"Lothian (Edinburgh)"
lane,55.87840351224486,-4.158500342212167,1654107991,169,1961,61,Female,Y,609,"Garthamlock, Glasgow",Glasgow,"Glasgow Northeast",Glasgow
lane,57.645506606983666,-2.33764688772893,1655112055,187,2005,17,Male,School,62,Portsoy,Aberdeenshire,AB45,"North East (Aberdeen)"
lane,57.66446728095277,-2.4919876030496093,1655112169,192,2005,17,Female,School,58,Macduff,Aberdeenshire,AB44,"North East (Aberdeen)"
lane,57.29331587796451,-3.1695949283878666,1655112184,193,2006,16,Female,School,79,Aberchirder,Aberdeenshire,AB54,"North East (Aberdeen)"
lane,57.63559019644356,-2.627085387120242,1655112203,188,2005,17,Female,School,63,Whitehills,Aberdeenshire,AB45,"North East (Aberdeen)"
lane,55.071230171491145,-3.7335187851018703,1655185322,207,1991,31,Male,Y,207,"Dumfries (west: Broomlands, Cargenbridge, Lochside, Maxwelltown, Troqueer)","Dumfries and Galloway",DG2,"Dumfries and Galloway"
lane,57.68909948569612,-2.884616212722006,1655212841,215,2006,16,Male,School,94,Portgordon,Moray,AB56,"North East (Aberdeen)"
lane,57.640701109354374,-2.9888337652965054,1655212863,216,2006,16,Female,School,90,Buckie,Moray,AB56,"North East (Aberdeen)"
lane,57.65324049763037,-2.860158750155842,1655212912,225,2006,16,Male,School,90,Buckie,Moray,AB56,"North East (Aberdeen)"
lane,57.6625317324434,-2.9896057240712213,1655212928,220,2007,15,Male,N,90,Buckie,Moray,AB56,"North East (Aberdeen)"
lane,57.64781120706396,-2.9149717166531133,1655212933,228,2006,16,Male,School,95,Portknockie,Moray,AB56,"North East (Aberdeen)"
lane,57.62821866274874,-2.8785510546656328,1655213007,221,2006,16,Female,School,90,Buckie,Moray,AB56,"North East (Aberdeen)"
lane,57.61659261996984,-2.095676332436334,1655213119,222,2006,16,Female,School,56,Crimond,Aberdeenshire,AB43,"North East (Aberdeen)"
lane,57.651438967090094,-2.8664107688346605,1655213170,231,2006,16,Female,School,90,Buckie,Moray,AB56,"North East (Aberdeen)"
lane,55.879367230893585,-4.262141645906459,1655220066,214,1999,23,Female,Y,634,"Maryhill, Glasgow",Glasgow,"Glasgow Northeast",Glasgow
lane,57.62924942012075,-2.8485790979410437,1655291255,239,2008,14,Female,School,90,Buckie,Moray,AB56,"North East (Aberdeen)"
lane,57.69198364577491,-2.7876459439457353,1655291508,254,2008,14,Female,School,92,Findochty,Moray,AB56,"North East (Aberdeen)"
lane,57.68447131098208,-2.8911455754438276,1655291589,236,2008,14,Male,School,90,Buckie,Moray,AB56,"North East (Aberdeen)"
lane,57.609647446581185,-2.838444410758701,1655291614,237,2009,13,Female,School,90,Buckie,Moray,AB56,"North East (Aberdeen)"
lane,57.67713583347022,-2.9188027312609868,1655291618,241,2008,14,Female,N,90,Buckie,Moray,AB56,"North East (Aberdeen)"
lane,57.6398179187138,-2.99121434983868,1655291625,244,2008,14,Male,School,90,Buckie,Moray,AB56,"North East (Aberdeen)"
lane,57.63068787141201,-2.8409407637271338,1655291631,238,2008,14,Female,N,90,Buckie,Moray,AB56,"North East (Aberdeen)"
lane,57.62517155280325,-2.903656641082683,1655293818,267,2006,16,Female,School,90,Buckie,Moray,AB56,"North East (Aberdeen)"
lane,57.65096200500237,-2.993579074843043,1655294064,258,2006,16,Female,School,90,Buckie,Moray,AB56,"North East (Aberdeen)"
lane,57.66100765447006,-2.9879314695672075,1655299623,283,2006,16,Male,School,90,Buckie,Moray,AB56,"North East (Aberdeen)"
lane,57.64243671707612,-2.8963708738430185,1655299817,292,2006,16,Male,School,90,Buckie,Moray,AB56,"North East (Aberdeen)"
lane,57.69269111822944,-2.821969557000475,1655299919,294,2005,17,Male,School,95,Portknockie,Moray,AB56,"North East (Aberdeen)"
lane,57.654558638038786,-2.9593060473372073,1655299919,286,2006,16,Male,School,90,Buckie,Moray,AB56,"North East (Aberdeen)"
lane,57.621736979738685,-2.795119613473729,1655300156,284,2006,16,Male,School,90,Buckie,Moray,AB56,"North East (Aberdeen)"
lane,57.63172908798036,-3.0189925408292133,1655300182,279,2006,16,Female,School,90,Buckie,Moray,AB56,"North East (Aberdeen)"
lane,57.58694258901577,-2.5896984803926455,1655300198,298,2006,16,Male,School,62,Portsoy,Aberdeenshire,AB45,"North East (Aberdeen)"
lane,57.61833556382585,-2.86993891398029,1655300273,293,2006,16,Male,School,90,Buckie,Moray,AB56,"North East (Aberdeen)"
lane,57.64933661714222,-3.2799175006105195,1655300571,281,2006,16,Female,School,737,Elgin,Moray,IV30,"North East (Aberdeen)"
lane,57.639709774114955,-2.9148577435946827,1655300580,280,2006,16,Female,School,90,Buckie,Moray,AB56,"North East (Aberdeen)"
lane,60.14618860464237,-1.169698287966368,1663062226,331,1985,37,Male,Y,1501,Scalloway,"Shetland Isles",ZE1,"Shetland Islands"
lane,60.368467835064706,-1.0577117875602964,1663158410,342,2007,15,Male,School,1622,Voe,"Shetland Isles",ZE2,"Shetland Islands"
lane,60.733540790731496,-0.9484609909331236,1663158411,346,2008,14,Male,School,1512,Brae,"Shetland Isles",ZE2,"Shetland Islands"
lane,60.00203748930761,-1.3214727218421753,1663159174,341,2008,14,Male,School,1512,Brae,"Shetland Isles",ZE2,"Shetland Islands"
lane,60.24493162044634,-1.523761998156158,1663159662,348,2008,14,Female,School,1512,Brae,"Shetland Isles",ZE2,"Shetland Islands"
lane,60.469654801209394,-1.3972785380136648,1663161318,361,2008,14,Female,N,1607,Sullom,"Shetland Isles",ZE2,"Shetland Islands"
lane,60.331767103602395,-1.0198778536780255,1663161704,364,2008,14,Other,School,1582,Mossbank,"Shetland Isles",ZE2,"Shetland Islands"
lane,60.68888062635208,-0.8457097605845927,1663161843,350,2008,14,Male,Y,1622,Voe,"Shetland Isles",ZE2,"Shetland Islands"
lane,55.57670336352155,-4.4752145147802365,1663166965,368,1980,42,Female,N,779,"Kilmarnock (centre and south: Bonnyton, Grange, Bellfield, Shortlees, Caprington, Riccarton, Hurlford)","East Ayrshire",KA1,Ayrshire
lane,55.84410840475322,-4.267311942167794,1663191657,408,1984,38,Male,N,675,"Penilee, Glasgow",Glasgow,"Glasgow Southwest",Glasgow
lane,56.20239074936381,-3.1555965929359004,1663234375,418,1990,32,Male,Y,1133,"Glenrothes (centre and east: Pitteuchar, Finglassie, Stenton, Auchmuty, Pitcoudie, Balfarg, Pircairn, Collydean)",Fife,KY7,Fife
lane,55.8847758241853,-3.568236669771298,1663430872,431,1982,40,Male,Y,366,Whitburn,"West Lothian",EH47,"Lothian (Edinburgh)"
lane,57.639189060495575,-3.043675815365757,1663770563,435,1964,58,Female,Y,90,Buckie,Moray,AB56,"North East (Aberdeen)"
lane,56.45404715623092,-3.0202729301930926,1664363902,443,1993,29,Male,Y,261,"Westend, Dundee",Dundee,"Dundee West","Tayside and Angus (Dundee)"
lane,54.911277993532536,-4.29924491517306,1664647032,447,1952,70,Female,Y,225,"Newton Stewart","Dumfries and Galloway",DG8,"Dumfries and Galloway"
lane,55.813095972928714,-4.360232727633518,1664775102,449,1957,65,Male,N,678,"Cardonald, Glasgow",Glasgow,"Glasgow Southwest",Glasgow
lane,55.833725113524785,-4.324913640064012,1664775348,449,1957,65,Male,N,678,"Cardonald, Glasgow",Glasgow,"Glasgow Southwest",Glasgow
lane,57.68749555144741,-2.9250803324587307,1664785357,455,1948,74,Male,Y,90,Buckie,Moray,AB56,"North East (Aberdeen)"
lane,55.82310294707879,-4.359278643265487,1664788685,457,1953,69,Male,Y,677,"Hillington, Glasgow",Glasgow,"Glasgow Southwest",Glasgow
lane,56.140484195218725,-3.4736589501141015,1664789706,469,1965,57,Male,Y,1121,Cowdenbeath,Fife,KY4,Fife
lane,56.49599109219844,-3.016332884663362,1664792509,479,1957,65,Male,N,238,"Menzieshill, Dundee",Dundee,"Dundee Central","Tayside and Angus (Dundee)"
lane,55.742774180684684,-4.036163966635944,1664794352,495,1955,67,Male,Y,1183,Hamilton,"South Lanarkshire",ML3,Glasgow
lane,56.46488964125504,-2.982728099592497,1664794913,502,1960,62,Male,N,243,"Hilltown, Dundee",Dundee,"Dundee Central","Tayside and Angus (Dundee)"
lane,56.48148066283228,-3.0297737065102717,1664795013,504,1964,58,Female,N,236,"Lochee, Dundee",Dundee,"Dundee Central","Tayside and Angus (Dundee)"
lane,55.9878876325047,-4.6363800764546195,1664796043,511,1987,35,Female,Y,549,Dumbarton,"West Dunbartonshire",G82,Glasgow
lane,54.91425932004854,-5.183994278008219,1664796757,516,1988,34,Male,Y,230,Sandhead,"Dumfries and Galloway",DG9,"Dumfries and Galloway"
lane,57.361714055072554,-2.0942173025172806,1664797188,519,1999,23,Male,Y,49,Ellon,Aberdeenshire,AB41,"North East (Aberdeen)"
lane,55.42956201085184,-3.187910634659445,1664797238,501,1949,73,Male,Y,1479,Selkirk,"Scottish Borders",TD7,Borders
lane,55.68336831703476,-2.6557689297462788,1664797364,522,1977,45,Female,Y,1442,Earlston,"Scottish Borders",TD4,Borders
lane,55.59106177932784,-4.537441987651829,1664797617,526,1996,26,Male,Y,809,Dundonald,"South Ayrshire",KA2,Ayrshire
lane,55.87929522405056,-4.332014339972237,1664797955,528,1965,57,Female,N,641,"Knightswood, Glasgow",Glasgow,"Glasgow Northwest",Glasgow
lane,56.48120326962573,-2.9687313506464728,1664798763,517,1976,46,Male,Y,251,"Kirkton, Dundee",Dundee,"Dundee North","Tayside and Angus (Dundee)"
lane,56.48930592205257,-2.9617076299381004,1664800779,548,1966,56,Male,N,250,"Downfield, Dundee",Dundee,"Dundee North","Tayside and Angus (Dundee)"
lane,55.849634019940794,-4.383979330846047,1664802982,561,1971,51,Female,N,1220,"Paisley (central, east and north east: Ferguslie, Oldhall, Seedhill, Williamsburgh, Whitehaugh)",Renfrewshire,PA1,Glasgow
lane,55.9648282774526,-3.23017055670236,1664804152,109,1954,68,Female,N,299,"Broughton, Edinburgh",Edinburgh,"Edinburgh North","Lothian (Edinburgh)"
lane,60.3786923517099,-1.300321619473461,1664805165,576,1953,69,Male,N,1622,Voe,"Shetland Isles",ZE2,"Shetland Islands"
lane,56.24610048383963,-2.9972553009612755,1664805286,579,1959,63,Female,Y,1140,Leven,Fife,KY8,Fife
lane,55.98056435033128,-3.193958181406349,1664805742,109,1954,68,Female,N,299,"Broughton, Edinburgh",Edinburgh,"Edinburgh North","Lothian (Edinburgh)"
lane,56.4354925803602,-3.6600143886780745,1664806095,589,1963,59,Female,Y,1313,"Perth (north and west: Burghmuir, Cherrybank, Hillyland, Inveralmond, Lethom, Muirton, North Muirton, Tulloch)","Perth and Kinross",PH1,Fife
lane,59.13563342702915,-3.3085084191999363,1664806633,593,1957,65,Female,N,1025,"Orkney Islands",Orkney,KW17,"Orkney Islands"
lane,56.15213004849819,-3.236362312079832,1664807041,596,1956,66,Female,Y,1117,"Kirkcaldy (west: Hayfield, Templehall, Newliston, Chapel, Dunnikier, Bennochy)",Fife,KY2,Fife
lane,57.12940552857876,-2.187899243726431,1664807404,600,1963,59,Male,Y,128,"Mannofield, Aberdeen",Aberdeen,"Aberdeen Southwest","North East (Aberdeen)"
lane,55.96552533702955,-4.423533670040391,1664809189,605,1975,47,Female,Y,546,Clydebank,"West Dunbartonshire",G81,Glasgow
lane,56.677109758037155,-2.922750708087919,1664810195,614,1954,68,Male,Y,181,Kirriemuir,Angus,DD8,"Tayside and Angus (Dundee)"
lane,55.82919059086804,-4.165510285928263,1664810918,619,1957,65,Male,Y,600,"Garrowhill, Glasgow",Glasgow,"Glasgow Northeast",Glasgow
lane,55.859913010247986,-4.0774759831675835,1664812940,630,1987,35,Female,N,623,"Shettleston, Glasgow",Glasgow,"Glasgow Northeast",Glasgow
lane,55.927384596958646,-3.285372774649461,1664813017,633,1955,67,Male,Y,271,"Abbeyhill, Edinburgh",Edinburgh,"Edinburgh Central","Lothian (Edinburgh)"
lane,55.8340907199683,-4.195378286577423,1664813429,637,1989,33,Male,N,623,"Shettleston, Glasgow",Glasgow,"Glasgow Northeast",Glasgow
lane,55.03251001066201,-3.584303716914177,1664813590,635,1939,83,Male,N,186,"Dumfries (centre and east: Dalscone, Georgetown, Heathhall, Kingholm Quay, Noblehill, The Crichton)","Dumfries and Galloway",DG1,"Dumfries and Galloway"
lane,55.070679489595,-3.5337965472418253,1664813736,635,1939,83,Male,N,186,"Dumfries (centre and east: Dalscone, Georgetown, Heathhall, Kingholm Quay, Noblehill, The Crichton)","Dumfries and Galloway",DG1,"Dumfries and Galloway"
lane,54.910360663902615,-5.075449246440327,1664815321,651,1980,42,Female,N,231,Stranraer,"Dumfries and Galloway",DG9,"Dumfries and Galloway"
lane,55.48454766869543,-4.416598257306679,1664816267,657,1970,52,Male,Y,845,Catrine,"East Ayrshire",KA5,Ayrshire
lane,60.37060628589838,-1.2437008068937205,1664817001,660,1982,40,Female,N,1543,Girlsta,"Shetland Isles",ZE2,"Shetland Islands"
lane,55.85366672939143,-3.5010647640587624,1664817108,665,1969,53,Male,N,375,Livingston,"West Lothian",EH54,"Lothian (Edinburgh)"
lane,57.3546746774897,-2.625321628803041,1664817227,662,2003,19,Female,Y,68,Auchleven,Aberdeenshire,AB52,"North East (Aberdeen)"
lane,55.92407139691676,-4.119348845746416,1664817846,631,1953,69,Female,N,508,Lennoxtown,"East Dunbartonshire",G66,Glasgow
lane,55.740276994467145,-4.135548109670179,1664818427,673,1956,66,Female,Y,534,"East Kilbride (south: Hairmyres, Westwood, The Murray, Murray East, Whitehills, Greenhill, Newlandsmuir, Gardenhall, Crosshouse, Newlands, Lindsayfield, Mossneuk)","South Lanarkshire",G75,Glasgow
lane,60.27575309088005,-1.374962454097525,1664820038,684,1981,41,Female,N,1596,Scousburgh,"Shetland Isles",ZE2,"Shetland Islands"
lane,55.09653973035045,-3.518504199573006,1664820616,688,1969,53,Female,Y,186,"Dumfries (centre and east: Dalscone, Georgetown, Heathhall, Kingholm Quay, Noblehill, The Crichton)","Dumfries and Galloway",DG1,"Dumfries and Galloway"
lane,55.80663034710431,-4.063285269955296,1664820730,690,1965,57,Male,Y,523,Bothwell,"South Lanarkshire",G71,Glasgow
lane,55.13167459384819,-3.596181849241942,1664820803,688,1969,53,Female,Y,186,"Dumfries (centre and east: Dalscone, Georgetown, Heathhall, Kingholm Quay, Noblehill, The Crichton)","Dumfries and Galloway",DG1,"Dumfries and Galloway"
lane,56.21359880395633,-4.777531303898509,1664821331,698,1953,69,Female,Y,557,Alexandria,"West Dunbartonshire",G83,"Argyll and Bute"
lane,55.759194937930864,-4.150831867661288,1664821610,699,2002,20,Male,N,530,"East Kilbride (north: The Village, East Mains, West Mains, Lymekilns, St Leonards, Calderwood, Nerston, Stewartfield, Peel Park)","South Lanarkshire",G74,Glasgow
lane,56.46348837359859,-3.5305576408723707,1664822277,705,1947,75,Male,Y,1313,"Perth (north and west: Burghmuir, Cherrybank, Hillyland, Inveralmond, Lethom, Muirton, North Muirton, Tulloch)","Perth and Kinross",PH1,Fife
lane,56.360544013805594,-2.9213130027514818,1664822580,711,1960,62,Female,Y,1113,Kingsbarns,Fife,KY16,Fife
lane,55.04450307155856,-3.479575986158336,1664823599,683,1986,36,Male,Y,186,"Dumfries (centre and east: Dalscone, Georgetown, Heathhall, Kingholm Quay, Noblehill, The Crichton)","Dumfries and Galloway",DG1,"Dumfries and Galloway"
lane,55.818988095140625,-4.518101533435203,1664824925,725,1989,33,Male,Y,1276,Johnstone,Renfrewshire,PA5,Glasgow
lane,55.94809197904672,-3.575915042465389,1664826956,473,1992,30,Female,School,369,Linlithgow,"West Lothian",EH49,"Lothian (Edinburgh)"
lane,60.143869087243324,-1.3052407391101035,1664827357,735,1982,40,Female,Y,1500,Lerwick,"Shetland Isles",ZE1,"Shetland Islands"
lane,55.732088998153536,-4.211625175905403,1664827414,734,1984,38,Male,Y,534,"East Kilbride (south: Hairmyres, Westwood, The Murray, Murray East, Whitehills, Greenhill, Newlandsmuir, Gardenhall, Crosshouse, Newlands, Lindsayfield, Mossneuk)","South Lanarkshire",G75,Glasgow
lane,56.261365414407166,-2.8754459831114008,1664827802,739,1961,61,Female,Y,1105,Cupar,Fife,KY15,Fife
lane,55.959195460349505,-4.428080152695346,1664829838,752,1980,42,Male,Y,546,Clydebank,"West Dunbartonshire",G81,Glasgow
lane,56.610223137987475,-2.8829784134277685,1664830351,751,1998,24,Female,Y,179,Forfar,Angus,DD8,"Tayside and Angus (Dundee)"
lane,57.22016260638962,-2.1462956717423127,1664831867,763,1986,36,Female,Y,117,Balmedie,Aberdeenshire,"Aberdeen North","North East (Aberdeen)"
lane,55.99556739862831,-3.847093292403453,1664831998,764,1991,31,Female,Y,383,Slamannan, Falkirk,FK1,"Stirling and Falkirk"
lane,56.0989551523282,-4.829732505288067,1664832249,766,1964,58,Male,Y,566,Helensburgh,"Argyll and Bute",G84,"Argyll and Bute"
lane,55.81174646769251,-4.137259489007901,1664835185,781,1975,47,Female,Y,529,Cambuslang,"South Lanarkshire",G72,Glasgow
lane,55.56432504352181,-4.449475448614101,1664835411,782,1988,34,Male,Y,779,"Kilmarnock (centre and south: Bonnyton, Grange, Bellfield, Shortlees, Caprington, Riccarton, Hurlford)","East Ayrshire",KA1,Ayrshire
lane,60.1604439330076,-1.2781184959080023,1664837177,783,1952,70,Female,Y,1500,Lerwick,"Shetland Isles",ZE1,"Shetland Islands"
lane,55.86107417390602,-4.345938567424374,1664842362,794,1947,75,Male,N,676,"Mosspark, Glasgow",Glasgow,"Glasgow Southwest",Glasgow
lane,56.09070098387563,-3.7067934116253456,1664845067,796,1957,65,Female,N,391,Alloa,Clackmannanshire,FK10,"Stirling and Falkirk"
lane,55.851346479907455,-3.1717679828703753,1664847794,797,1980,42,Male,Y,341,Bilston,Midlothian,EH25,"Lothian (Edinburgh)"
lane,55.85493545320673,-3.182600245245862,1664848061,797,1980,42,Male,Y,341,Bilston,Midlothian,EH25,"Lothian (Edinburgh)"
lane,56.779414257557264,-2.997830826655017,1664863101,802,1972,50,Female,Y,179,Forfar,Angus,DD8,"Tayside and Angus (Dundee)"
lane,60.261224568494875,-1.4847463002200523,1664865384,801,1992,30,Female,Y,1595,Sandwick,"Shetland Isles",ZE2,"Shetland Islands"
lane,56.459580377327235,-2.987253064379365,1664866616,809,1971,51,Female,Y,237,"Blackness, Dundee",Dundee,"Dundee Central","Tayside and Angus (Dundee)"
lane,57.69344820617648,-3.271349777485491,1664867437,811,1961,61,Female,Y,738,Lossiemouth,Moray,IV31,"North East (Aberdeen)"
lane,55.92599190471754,-3.310493547031616,1664867721,815,1958,64,Male,N,272,"New Town, Edinburgh",Edinburgh,"Edinburgh Central","Lothian (Edinburgh)"
lane,55.90902622393716,-4.273065117442192,1664868282,817,1962,60,Male,N,481,"Lambhill, Glasgow",Glasgow,G23,Glasgow
lane,57.52276436567362,-2.3498903904125257,1664870647,835,1987,35,Male,Y,78,Turriff,Aberdeenshire,AB53,"North East (Aberdeen)"
lane,55.90150205036517,-4.341449173609919,1664870761,838,1960,62,Male,Y,641,"Knightswood, Glasgow",Glasgow,"Glasgow Northwest",Glasgow
lane,56.00463227915648,-4.7387053216495545,1664870866,829,1972,50,Male,N,566,Helensburgh,"Argyll and Bute",G84,"Argyll and Bute"
lane,56.03092568426864,-3.471342630648476,1664871261,859,1939,83,Male,Y,1090,"Dunfermline (south and east: Halbeath, Touch, Duloch, Masterton, Pitcorthie, Abbeyview, Brucefield, Hospital Hill, Camdean, Pitreavie)",Fife,KY11,Fife
lane,55.822326518155506,-2.8809690245380333,1664871270,852,1971,51,Female,Y,353,Pathhead,Midlothian,EH37,"Lothian (Edinburgh)"
lane,55.9149182996873,-3.692862753155439,1664871407,858,1984,38,Female,Y,368,Bathgate,"West Lothian",EH48,"Lothian (Edinburgh)"
lane,56.47998921483337,-2.9638702903791767,1664871425,866,1956,66,Male,Y,255,"Fintry, Dundee",Dundee,"Dundee North","Tayside and Angus (Dundee)"
lane,56.477016750655,-2.954840848447788,1664871437,863,1972,50,Male,N,251,"Kirkton, Dundee",Dundee,"Dundee North","Tayside and Angus (Dundee)"
lane,56.46404354326935,-3.0571210474488764,1664871483,871,1994,28,Male,Y,261,"Westend, Dundee",Dundee,"Dundee West","Tayside and Angus (Dundee)"
lane,55.677139977849755,-4.5125247264475306,1664871777,880,1989,33,Male,Y,834,Dunlop,"East Ayrshire",KA3,Ayrshire
lane,56.231854527124476,-3.1277066289767337,1664871906,867,1953,69,Male,N,1134,Markinch,Fife,KY7,Fife
lane,55.8139471022659,-4.705576348505119,1664872131,892,1987,35,Male,Y,1226,Lochwinnoch,Renfrewshire,PA12,Glasgow
lane,56.825708427081274,-3.006165891323966,1664872234,886,1974,48,Male,Y,181,Kirriemuir,Angus,DD8,"Tayside and Angus (Dundee)"
lane,55.94211373496707,-3.166187445003912,1664872369,895,1985,37,Male,Y,281,"Portobello, Edinburgh",Edinburgh,"Edinburgh Duddingston","Lothian (Edinburgh)"
lane,55.901720447949785,-3.7956553890057707,1664872390,896,1995,27,Female,Y,377,"Falkirk (centre and south: Arnothill, Bantaskin, Callendar Park, Glen Village, Hallglen, Lionthorn, Tamfourhill, Woodlands)",Falkirk,FK1,"Stirling and Falkirk"
lane,55.809018329272206,-4.114256447793248,1664872457,902,1995,27,Male,Y,529,Cambuslang,"South Lanarkshire",G72,Glasgow
lane,55.86864906603751,-4.369587668669087,1664872481,890,1961,61,Male,N,1264,Renfrew,Renfrewshire,PA4,Glasgow
lane,55.944903177536375,-3.140957585438195,1664872533,895,1985,37,Male,Y,281,"Portobello, Edinburgh",Edinburgh,"Edinburgh Duddingston","Lothian (Edinburgh)"
lane,56.3500425829121,-3.8032978519757688,1664872682,44,1958,64,Male,N,1402,Crieff,"Perth and Kinross",PH7,Fife
lane,55.80562326909504,-4.351011326215739,1664872749,908,1949,73,Male,Y,663,"Mount Florida, Glasgow",Glasgow,"Glasgow Southwest",Glasgow
lane,56.09277392290169,-3.2640093739573954,1664872993,910,1959,63,Male,Y,1117,"Kirkcaldy (west: Hayfield, Templehall, Newliston, Chapel, Dunnikier, Bennochy)",Fife,KY2,Fife
lane,57.5417760815804,-3.321538369850577,1664873004,905,1942,80,Male,Y,737,Elgin,Moray,IV30,"North East (Aberdeen)"
lane,55.22839469016798,-3.8934645139954833,1664873190,921,1965,57,Male,Y,209,Moniaive,"Dumfries and Galloway",DG3,"Dumfries and Galloway"
lane,55.973058007752265,-3.2438640910746788,1664873276,913,1948,74,Male,N,278,"Granton, Edinburgh",Edinburgh,"Edinburgh Clermiston Granton","Lothian (Edinburgh)"
lane,56.1724898734712,-3.9315362618212935,1664873335,922,1958,64,Male,Y,477,"Bridge of Allan",Stirlingshire,FK9,"Stirling and Falkirk"
lane,55.915097399846445,-3.7480446629461253,1664873519,928,1979,43,Male,Y,367,Armadale,"West Lothian",EH48,"Lothian (Edinburgh)"
lane,60.27439969992223,-1.5107318975366337,1664874051,940,1995,27,Male,Y,1555,Hamnavoe,"Shetland Isles",ZE2,"Shetland Islands"
lane,55.96357653136705,-4.5691047489302345,1664874366,941,1987,35,Male,Y,549,Dumbarton,"West Dunbartonshire",G82,Glasgow
lane,55.670427329188385,-2.3344563714691566,1664874706,960,1972,50,Female,N,1424,Coldstream,"Scottish Borders",TD12,Borders
lane,55.614443951780665,-4.57123459836116,1664874780,964,1995,27,Male,N,808,Crosshouse,"East Ayrshire",KA2,Ayrshire
lane,56.512936634505856,-2.7765525588920346,1664874793,968,1959,63,Male,Y,178,Carnoustie,Angus,DD7,"Tayside and Angus (Dundee)"
lane,56.47444646498678,-2.7380975774750818,1664874859,968,1959,63,Male,Y,178,Carnoustie,Angus,DD7,"Tayside and Angus (Dundee)"
lane,55.551518006706196,-4.518802748056588,1664874900,969,1960,62,Male,N,779,"Kilmarnock (centre and south: Bonnyton, Grange, Bellfield, Shortlees, Caprington, Riccarton, Hurlford)","East Ayrshire",KA1,Ayrshire
lane,57.594200777504355,-3.192547239107243,1664874971,965,1976,46,Male,N,737,Elgin,Moray,IV30,"North East (Aberdeen)"
lane,55.989070104518554,-4.4140778098535245,1664875026,962,1966,56,Male,Y,494,Blanefield,Stirlingshire,G63,"Stirling and Falkirk"
lane,55.73128673462007,-3.9867151052377614,1664875129,979,1961,61,Female,Y,1183,Hamilton,"South Lanarkshire",ML3,Glasgow
lane,55.96386065923567,-3.9316672228881173,1664875207,974,2001,21,Female,N,441,Bonnybridge,Falkirk,FK4,"Stirling and Falkirk"
lane,55.93564748654659,-3.9340901841790554,1664875238,984,1980,42,Male,Y,514,"Cumbernauld (south: Condorrat, Lenziemill, Carbrain, Kildrum, Cumbernauld Village, Abronhill, Seafar)","North Lanarkshire",G67,Glasgow
lane,55.871655250349825,-4.322247501916402,1664875425,991,1944,78,Male,N,638,"Drumchapel, Glasgow",Glasgow,"Glasgow Northwest",Glasgow
lane,55.11742905074785,-4.2206284567261205,1664875430,994,1979,43,Male,N,220,"Castle Douglas","Dumfries and Galloway",DG7,"Dumfries and Galloway"
lane,56.41948719472073,-2.9585598584231905,1664875506,993,1952,70,Male,N,174,Gauldry,Fife,DD6,"Tayside and Angus (Dundee)"
lane,55.8115691876772,-4.456651749557778,1664875719,992,1967,55,Male,N,1236,"Paisley (south: Blackhall, Castlehead, Dykebar, Foxbar, Hunterhill, Meikleriggs)",Renfrewshire,PA2,Glasgow
lane,56.05032106113258,-4.095099525962641,1664875786,1008,1991,31,Female,Y,457,Bannockburn,Stirlingshire,FK7,"Stirling and Falkirk"
lane,55.94926046794592,-3.658239751931315,1664876005,1016,1991,31,Other,Y,369,Linlithgow,"West Lothian",EH49,"Lothian (Edinburgh)"
lane,55.93267886233374,-3.96568496386153,1664876071,1028,1992,30,Male,Y,514,"Cumbernauld (south: Condorrat, Lenziemill, Carbrain, Kildrum, Cumbernauld Village, Abronhill, Seafar)","North Lanarkshire",G67,Glasgow
lane,55.21601990497735,-4.795164688426182,1664876172,1051,1995,27,Other,Y,818,Ballantrae,"South Ayrshire",KA26,Ayrshire
lane,55.94217659313331,-3.7493664551648176,1664876327,1032,2001,21,Male,N,377,"Falkirk (centre and south: Arnothill, Bantaskin, Callendar Park, Glen Village, Hallglen, Lionthorn, Tamfourhill, Woodlands)",Falkirk,FK1,"Stirling and Falkirk"
lane,55.74834822994112,-2.8509419978619013,1664876359,1052,1968,54,Male,Y,1413,Galashiels,"Scottish Borders",TD1,Borders
lane,56.08693671464967,-3.7322951827465434,1664876421,1038,1968,54,Male,Y,391,Alloa,Clackmannanshire,FK10,"Stirling and Falkirk"
lane,56.09738125203892,-4.811640839744963,1664876461,1045,1976,46,Male,Y,567,Kilcreggan,"Argyll and Bute",G84,"Argyll and Bute"
lane,55.7017605495342,-4.53991821169356,1664876548,1060,1966,56,Male,Y,837,"Kilmarnock (north: Onthank, Townholm, Altonhill, Longpark, Beansburn, New Farm Loch, Knockinlaw, Hillhead, Crookedholm)","East Ayrshire",KA3,Ayrshire
lane,55.55657516846231,-3.8349429737563923,1664876635,1070,1968,54,Male,N,1167,Lanark,"South Lanarkshire",ML11,Glasgow
lane,56.05023860683065,-3.4383503158500965,1664876672,1076,1989,33,Male,Y,1090,"Dunfermline (south and east: Halbeath, Touch, Duloch, Masterton, Pitcorthie, Abbeyview, Brucefield, Hospital Hill, Camdean, Pitreavie)",Fife,KY11,Fife
lane,54.90108783924609,-5.1329950978679095,1664876755,1046,1976,46,Male,N,231,Stranraer,"Dumfries and Galloway",DG9,"Dumfries and Galloway"
lane,55.87547584811931,-4.308681689022697,1664876822,996,1956,66,Male,Y,642,"Yoker, Glasgow",Glasgow,"Glasgow Northwest",Glasgow
lane,56.07200072362397,-4.083939026118109,1664876823,1078,1985,37,Female,Y,457,Bannockburn,Stirlingshire,FK7,"Stirling and Falkirk"
lane,56.12654617847288,-3.8907730797724582,1664876903,1078,1985,37,Female,Y,457,Bannockburn,Stirlingshire,FK7,"Stirling and Falkirk"
lane,55.92253584203165,-4.440920857034024,1664876953,1012,1964,58,Male,N,546,Clydebank,"West Dunbartonshire",G81,Glasgow
lane,56.612437704756324,-2.777609270524922,1664877019,1087,1969,53,Male,N,181,Kirriemuir,Angus,DD8,"Tayside and Angus (Dundee)"
lane,56.47056266960859,-2.9328511602946143,1664877058,1098,1983,39,Female,Y,254,"Douglas, Dundee",Dundee,"Dundee North","Tayside and Angus (Dundee)"
lane,55.92063479667594,-3.28124391934101,1664877098,1091,1976,46,Female,Y,262,"Wester Hailes, Edinburgh",Edinburgh,"Edinburgh Central","Lothian (Edinburgh)"
lane,56.3225787859922,-2.8888097740722567,1664877206,1095,1945,77,Male,N,1114,"St Andrews",Fife,KY16,Fife
lane,55.82729249801347,-3.8509855272606064,1664877231,1062,1994,28,Male,N,1150,Holytown,"North Lanarkshire",ML1,Glasgow
lane,55.84758101681465,-3.9013726049123165,1664877539,1124,1988,34,Male,Y,1151,Motherwell,"North Lanarkshire",ML1,Glasgow
lane,55.945068766313554,-4.435611377562639,1664877544,1104,1972,50,Female,N,546,Clydebank,"West Dunbartonshire",G81,Glasgow
lane,56.131815494641,-3.8565555574466726,1664877633,1126,1987,35,Male,N,386,Clackmannan,Clackmannanshire,FK10,"Stirling and Falkirk"
lane,55.85730642124502,-4.176000647973168,1664877638,1129,1973,49,Male,N,612,"Easterhouse, Glasgow",Glasgow,"Glasgow Northeast",Glasgow
lane,55.85129952600278,-3.117603737614676,1664877658,1114,1954,68,Male,N,328,Bonnyrigg,Midlothian,EH19,"Lothian (Edinburgh)"
lane,55.87367484871638,-4.322683409585574,1664877773,1118,1955,67,Male,Y,586,"Kelvinside, Glasgow",Glasgow,"Glasgow Kelvin",Glasgow
lane,55.923655636795864,-3.288424715762159,1664877785,1117,1965,57,Female,Y,268,"Stenhouse, Edinburgh",Edinburgh,"Edinburgh Central","Lothian (Edinburgh)"
lane,55.60706862659099,-4.564895364055442,1664877826,1131,1996,26,Male,Y,808,Crosshouse,"East Ayrshire",KA2,Ayrshire
lane,56.29479335200056,-2.96907041912897,1664878371,1139,1997,25,Female,Y,1109,Ladybank,Fife,KY15,Fife
lane,55.89556593525301,-3.78719678771026,1664878697,1186,1993,29,Male,N,367,Armadale,"West Lothian",EH48,"Lothian (Edinburgh)"
lane,55.83305058773318,-3.8998146723101796,1664878779,1181,1980,42,Female,Y,1151,Motherwell,"North Lanarkshire",ML1,Glasgow
lane,55.872890312165595,-3.032028100599539,1664878827,1162,1991,31,Male,Y,334,Dalkeith,Midlothian,EH22,"Lothian (Edinburgh)"
lane,55.95188609076248,-3.1645743008494747,1664879002,1191,1958,64,Male,N,281,"Portobello, Edinburgh",Edinburgh,"Edinburgh Duddingston","Lothian (Edinburgh)"
lane,55.80330621383937,-3.937692322007547,1664879073,1195,1992,30,Male,Y,1151,Motherwell,"North Lanarkshire",ML1,Glasgow
lane,55.50239050262897,-4.5732062102025655,1664879097,1196,1986,36,Female,Y,873,Prestwick,"South Ayrshire",KA9,Ayrshire
lane,58.85032075401132,-2.960318356739319,1664879134,1183,1985,37,Female,Y,986,Backaland,Orkney,KW17,"Orkney Islands"
lane,56.15450767655645,-3.822231409819904,1664879293,1198,1980,42,Female,Y,393,Alva,Clackmannanshire,FK12,"Stirling and Falkirk"
lane,56.0311843848316,-3.798939322157472,1664879303,1202,1974,48,Male,Y,449,Larbert,Falkirk,FK5,"Stirling and Falkirk"
lane,56.10996950166426,-3.317552445489644,1664879442,1125,1978,44,Female,Y,1121,Cowdenbeath,Fife,KY4,Fife
lane,55.857721833527314,-4.259706695020351,1664879505,1213,1970,52,Male,Y,577,"City centre, Glasgow",Glasgow,"Glasgow City Centre",Glasgow
lane,55.913403363389655,-3.668095206431115,1664879598,1222,1994,28,Female,N,368,Bathgate,"West Lothian",EH48,"Lothian (Edinburgh)"
lane,55.830138411309896,-4.109671194302093,1664879653,1221,1995,27,Male,Y,615,"Bridgeton, Glasgow",Glasgow,"Glasgow Northeast",Glasgow
lane,55.94570097344902,-3.673099477505013,1664879657,1194,1993,29,Male,Y,422,"Falkirk (north: Grahamston, Middlefield, Westfield)",Falkirk,FK2,"Stirling and Falkirk"
lane,55.588759411601835,-4.413313988226822,1664879820,1229,1981,41,Male,N,779,"Kilmarnock (centre and south: Bonnyton, Grange, Bellfield, Shortlees, Caprington, Riccarton, Hurlford)","East Ayrshire",KA1,Ayrshire
lane,55.81729642507052,-4.083943353343745,1664879936,1228,1984,38,Female,Y,629,"Barmulloch, Glasgow",Glasgow,"Glasgow Northeast",Glasgow
lane,55.81324667003913,-4.293525358634151,1664879991,1234,1961,61,Male,Y,647,"Pollokshields, Glasgow",Glasgow,"Glasgow South",Glasgow
lane,58.539247666247945,-3.2917097876973096,1664880060,1254,1989,33,Male,N,899,Wick,Highland,KW1,"Highlands (Inverness)"
lane,55.82481983464763,-4.0995283355849494,1664880125,1228,1984,38,Female,Y,629,"Barmulloch, Glasgow",Glasgow,"Glasgow Northeast",Glasgow
lane,54.89925542027527,-4.299529933842625,1664880323,1239,1960,62,Male,Y,225,"Newton Stewart","Dumfries and Galloway",DG8,"Dumfries and Galloway"
lane,55.81466485618642,-3.3371736421886795,1664880355,1241,1959,63,Male,N,343,Penicuik,Midlothian,EH26,"Lothian (Edinburgh)"
lane,56.17832177906773,-3.2690214563233226,1664880370,1252,1991,31,Male,Y,1126,Cardenden,Fife,KY5,Fife
lane,55.73574843686906,-4.6420967013210275,1664880376,1258,1964,58,Female,Y,791,Beith,"East Ayrshire",KA15,Ayrshire
lane,55.7826786833215,-3.8041295874443417,1664880427,1094,1990,32,Male,Y,1180,Wishaw,"North Lanarkshire",ML2,Glasgow
lane,54.9978535391504,-4.327396304384339,1664880457,1242,1981,41,Female,Y,226,"Port William","Dumfries and Galloway",DG8,"Dumfries and Galloway"
lane,56.48013702905193,-2.959375341583411,1664880489,1270,1968,54,Female,Y,255,"Fintry, Dundee",Dundee,"Dundee North","Tayside and Angus (Dundee)"
lane,56.92939377710394,-2.3656389918414096,1664880651,1230,1996,26,Female,Y,48,Stonehaven,Aberdeenshire,AB39,"North East (Aberdeen)"
lane,56.22050769043086,-2.8962555121145774,1664880751,1248,1986,36,Female,Y,1140,Leven,Fife,KY8,Fife
lane,54.91081428921015,-3.8220391550061397,1664880889,1264,1994,28,Male,N,215,Dalbeattie,"Dumfries and Galloway",DG5,"Dumfries and Galloway"
lane,55.89784460833185,-4.34559787101022,1664880967,1281,1982,40,Male,N,644,"Partick, Glasgow",Glasgow,"Glasgow Northwest",Glasgow
lane,56.281979400287284,-3.081303268244097,1664881140,1247,1980,42,Male,Y,1104,Ceres,Fife,KY15,Fife
lane,56.49355427214887,-2.9507660434500833,1664881194,1291,1951,71,Female,Y,251,"Kirkton, Dundee",Dundee,"Dundee North","Tayside and Angus (Dundee)"
lane,56.33976993305838,-3.6208465129846106,1664881323,1304,1961,61,Female,N,1373,Auchterarder,"Perth and Kinross",PH3,Fife
lane,56.4757295672562,-3.0401821437925127,1664881478,1301,1964,58,Male,Y,243,"Hilltown, Dundee",Dundee,"Dundee Central","Tayside and Angus (Dundee)"
lane,56.03880949061186,-3.9788803335113663,1664881501,1305,1985,37,Male,Y,456,"Head of Muir",Falkirk,FK6,"Stirling and Falkirk"
lane,55.53709131314726,-4.557256585230223,1664881518,1303,1971,51,Male,N,779,"Kilmarnock (centre and south: Bonnyton, Grange, Bellfield, Shortlees, Caprington, Riccarton, Hurlford)","East Ayrshire",KA1,Ayrshire
lane,55.81933793557509,-3.6576379041786757,1664881550,1302,1954,68,Male,Y,376,"West Calder","West Lothian",EH55,"Lothian (Edinburgh)"
lane,56.70686404121692,-2.470486953729188,1664881560,1298,1996,26,Male,Y,140,Montrose,Angus,DD10,"Tayside and Angus (Dundee)"
lane,55.707930592472145,-4.80007775862018,1664881690,1297,1973,49,Male,Y,814,"West Kilbride","North Ayrshire",KA23,Ayrshire
lane,56.49769061323966,-2.99943274180998,1664881768,1313,1964,58,Male,Y,242,"St Marys, Dundee",Dundee,"Dundee Central","Tayside and Angus (Dundee)"
lane,55.84080485760597,-3.527303291988541,1664881811,1302,1954,68,Male,Y,376,"West Calder","West Lothian",EH55,"Lothian (Edinburgh)"
lane,55.92537769579599,-3.155513802698787,1664881974,1326,1976,46,Male,N,322,"Gilmerton, Edinburgh",Edinburgh,"Edinburgh Southeast","Lothian (Edinburgh)"
lane,56.11891432794845,-3.7214969237922153,1664882105,1325,1969,53,Male,Y,391,Alloa,Clackmannanshire,FK10,"Stirling and Falkirk"
lane,56.255246071429085,-4.653161992815474,1664882309,1333,1961,61,Female,Y,473,"Stirling (centre and west: Kings Park, Raploch, Riverside)",Stirlingshire,FK8,"Stirling and Falkirk"
lane,55.92772960980997,-3.703794624240603,1664882420,1334,1990,32,Male,Y,368,Bathgate,"West Lothian",EH48,"Lothian (Edinburgh)"
lane,57.68886040883568,-3.324126499003152,1664882558,1324,1961,61,Female,N,738,Lossiemouth,Moray,IV31,"North East (Aberdeen)"
lane,55.48083279293051,-4.618100823415027,1664882600,1347,1956,66,Male,Y,868,"Newton on Ayr","South Ayrshire",KA8,Ayrshire
lane,55.52289714382255,-4.5067348416847075,1664882630,1358,1991,31,Male,Y,846,Mauchline,"East Ayrshire",KA5,Ayrshire
lane,56.413477804578804,-2.9916823708136837,1664882832,1359,1981,41,Male,Y,177,Wormit,Fife,DD6,"Tayside and Angus (Dundee)"
lane,55.75812166621243,-2.3676880776671583,1664882856,1360,1970,52,Female,N,1423,Duns,"Scottish Borders",TD11,Borders
lane,56.151878477874945,-3.189152709690312,1664883145,1369,1944,78,Male,Y,1117,"Kirkcaldy (west: Hayfield, Templehall, Newliston, Chapel, Dunnikier, Bennochy)",Fife,KY2,Fife
lane,56.0793664458541,-4.698149128923434,1664883341,1367,1996,26,Male,Y,558,Balloch,"West Dunbartonshire",G83,"Argyll and Bute"
lane,56.060853504330105,-3.505747307336626,1664883634,1362,1986,36,Male,Y,1090,"Dunfermline (south and east: Halbeath, Touch, Duloch, Masterton, Pitcorthie, Abbeyview, Brucefield, Hospital Hill, Camdean, Pitreavie)",Fife,KY11,Fife
lane,56.28815219234027,-3.8480111926797895,1664883865,1392,1969,53,Female,Y,405,Dunblane,Stirlingshire,FK15,"Stirling and Falkirk"
lane,55.70985095133014,-3.642586366624659,1664883874,1394,1991,31,Male,Y,1167,Lanark,"South Lanarkshire",ML11,Glasgow
lane,56.02160068143728,-3.4103182054800683,1664883960,1386,1973,49,Female,Y,1090,"Dunfermline (south and east: Halbeath, Touch, Duloch, Masterton, Pitcorthie, Abbeyview, Brucefield, Hospital Hill, Camdean, Pitreavie)",Fife,KY11,Fife
lane,55.88638529641681,-4.255964013770695,1664884152,1002,1977,45,Female,Y,615,"Bridgeton, Glasgow",Glasgow,"Glasgow Northeast",Glasgow
lane,56.085493855616036,-3.3438547112964465,1664884522,1407,1982,40,Female,Y,1121,Cowdenbeath,Fife,KY4,Fife
lane,57.26357290791939,-2.8118114592466115,1664884549,1375,1998,24,Female,Y,83,Huntly,Aberdeenshire,AB54,"North East (Aberdeen)"
lane,56.124865032271686,-3.3124347835711743,1664884750,1418,1971,51,Female,Y,1128,Lochgelly,Fife,KY5,Fife
lane,55.76456847597625,-4.146513577441447,1664884867,1416,1966,56,Male,Y,530,"East Kilbride (north: The Village, East Mains, West Mains, Lymekilns, St Leonards, Calderwood, Nerston, Stewartfield, Peel Park)","South Lanarkshire",G74,Glasgow
lane,56.02873773442997,-3.8622138364604996,1664885054,1404,1992,30,Female,Y,450,Stenhousemuir,Falkirk,FK5,"Stirling and Falkirk"
lane,56.79333968178389,-3.419038355839234,1664885140,1410,1988,34,Female,Y,1318,Blairgowrie,"Perth and Kinross",PH10,Fife
lane,56.178805296909914,-3.2352252661196674,1664885452,1444,1953,69,Female,Y,1125,Ballingry,Fife,KY5,Fife
lane,56.20201668842862,-3.24590604283406,1664885503,1442,1970,52,Male,N,1129,"Glenrothes (west: Caskieberran, Rimbleton, Macedonia, Tanshall)",Fife,KY6,Fife
lane,55.674036573404905,-4.821447884312428,1664885738,1466,1980,42,Female,Y,813,Ardrossan,"North Ayrshire",KA22,Ayrshire
lane,56.469311756463355,-2.9559252921216186,1664886069,1468,1965,57,Female,N,234,"Baxter Park, Dundee",Dundee,"Dundee Bluebelt","Tayside and Angus (Dundee)"
lane,56.524433194832405,-3.169036405174653,1664886143,1462,1981,41,Male,N,1324,"Coupar Angus","Perth and Kinross",PH13,Fife
lane,56.03409671246407,-3.8087077410883934,1664886202,1458,1972,50,Male,Y,449,Larbert,Falkirk,FK5,"Stirling and Falkirk"
lane,56.282782890203045,-4.481249458741956,1664886242,1471,1967,55,Male,N,410,Callander,Stirlingshire,FK17,"Stirling and Falkirk"
lane,55.684011156004935,-4.7599757300756895,1664886256,1474,1965,57,Female,Y,812,Saltcoats,"East Ayrshire",KA21,Ayrshire
lane,56.05808263305877,-3.358518078606427,1664886759,1499,1982,40,Female,Y,1094,Rosyth,Fife,KY11,Fife
lane,55.924751133865065,-3.5842425040794113,1664886780,1500,1979,43,Male,Y,367,Armadale,"West Lothian",EH48,"Lothian (Edinburgh)"
lane,55.65431462372737,-4.636394125066234,1664886979,1232,1970,52,Female,Y,788,Kilwinning,"North Ayrshire",KA13,Ayrshire
lane,55.9691752643533,-3.14517356399273,1664887090,1489,1956,66,Male,Y,285,"Leith, Edinburgh",Edinburgh,"Edinburgh Leith","Lothian (Edinburgh)"
lane,55.9634060915043,-3.164177438524204,1664887374,1506,1954,68,Male,N,285,"Leith, Edinburgh",Edinburgh,"Edinburgh Leith","Lothian (Edinburgh)"
lane,56.46769004521373,-2.948406493124873,1664887385,1517,1949,73,Female,Y,234,"Baxter Park, Dundee",Dundee,"Dundee Bluebelt","Tayside and Angus (Dundee)"
lane,56.48512861080693,-2.9571111897081126,1664887415,1523,1980,42,Female,Y,255,"Fintry, Dundee",Dundee,"Dundee North","Tayside and Angus (Dundee)"
lane,56.4823943037985,-2.9509520072763995,1664887539,1520,1981,41,Female,N,252,"Linlathen and Midcraigie, Dundee",Dundee,"Dundee North","Tayside and Angus (Dundee)"
lane,56.86924181809783,-2.9651764733542367,1664887651,1511,1956,66,Female,N,182,Brechin,Angus,DD9,"Tayside and Angus (Dundee)"
lane,56.49090437875307,-2.9566935234627842,1664887687,1505,1970,52,Male,Y,256,"Whitfield, Dundee",Dundee,"Dundee North","Tayside and Angus (Dundee)"
lane,56.469263706273765,-2.955030401850408,1664887718,1526,1981,41,Male,Y,233,"Fairmuir, Dundee",Dundee,"Dundee Bluebelt","Tayside and Angus (Dundee)"
lane,55.8121294670667,-4.260784131820062,1664888136,1532,1966,56,Female,N,660,"Arden, Glasgow",Glasgow,"Glasgow South",Glasgow
lane,55.63081476710661,-4.703772233393192,1664888194,1542,1984,38,Female,N,787,"Irvine (centre: Castlepark, Tarryholme)","North Ayrshire",KA12,Ayrshire
lane,55.964267222448,-3.2584882416039846,1664888771,1573,1986,36,Female,Y,278,"Granton, Edinburgh",Edinburgh,"Edinburgh Clermiston Granton","Lothian (Edinburgh)"
lane,57.63012612814296,-2.9895327088758825,1664889179,1580,1997,25,Female,Y,90,Buckie,Moray,AB56,"North East (Aberdeen)"
lane,55.90733553782877,-4.411132501590171,1664889200,1587,1967,55,Male,Y,546,Clydebank,"West Dunbartonshire",G81,Glasgow
lane,57.63502357815641,-2.8058639902428792,1664889276,1580,1997,25,Female,Y,90,Buckie,Moray,AB56,"North East (Aberdeen)"
lane,57.25068193791085,-2.368786817852857,1664889351,1594,1995,27,Female,Y,65,Kemnay,Aberdeenshire,AB51,"North East (Aberdeen)"
lane,55.930292220002855,-3.6340454662313983,1664889655,1600,1994,28,Male,Y,368,Bathgate,"West Lothian",EH48,"Lothian (Edinburgh)"
lane,55.85416913397985,-4.1861573336257365,1664889666,1598,1981,41,Male,Y,623,"Shettleston, Glasgow",Glasgow,"Glasgow Northeast",Glasgow
lane,55.952648563821455,-4.7603730141023854,1664889712,1602,1990,32,Female,Y,1231,"Greenock (west: Bow Farm, Braeside, Branchton, Fort Matilda, Gateside, Greenock West, Overton, Pennyfern, Smithston)",Inverclyde,PA16,Glasgow
lane,55.93913559940093,-3.5819952402858948,1664890463,1604,1956,66,Female,Y,368,Bathgate,"West Lothian",EH48,"Lothian (Edinburgh)"
lane,55.94909405168901,-4.8478418660775295,1664890594,1621,1984,38,Male,Y,1235,Gourock,Inverclyde,PA19,Glasgow
lane,55.81694665593161,-3.9333029826012713,1664890640,1601,1996,26,Female,Y,1151,Motherwell,"North Lanarkshire",ML1,Glasgow
lane,57.146877088522245,-2.1754561090958724,1664890838,1615,1971,51,Female,Y,107,"Rosemount, Aberdeen",Aberdeen,"Aberdeen Central","North East (Aberdeen)"
lane,57.09919656515903,-2.254720571901303,1664890847,1620,1991,31,Male,Y,128,"Mannofield, Aberdeen",Aberdeen,"Aberdeen Southwest","North East (Aberdeen)"
lane,55.105577940465665,-4.037113237866489,1664891843,1638,1970,52,Male,Y,221,"Gatehouse of Fleet","Dumfries and Galloway",DG7,"Dumfries and Galloway"
lane,55.97310279284886,-3.8715492638897637,1664891963,1644,1990,32,Female,Y,442,Allandale, Falkirk,FK4,"Stirling and Falkirk"
lane,55.56136424927417,-4.563595999610517,1664891972,1647,1947,75,Male,Y,779,"Kilmarnock (centre and south: Bonnyton, Grange, Bellfield, Shortlees, Caprington, Riccarton, Hurlford)","East Ayrshire",KA1,Ayrshire
lane,55.78168401607117,-3.9696188516588418,1664892006,1651,1995,27,Female,N,1151,Motherwell,"North Lanarkshire",ML1,Glasgow
lane,55.67325929550731,-4.195903424425555,1664892168,1593,1960,62,Male,N,1160,Strathaven,"North Lanarkshire",ML10,Glasgow
lane,55.447553412378625,-4.6298555446454825,1664892243,1654,1992,30,Male,Y,856,"Ayr (Centre)","South Ayrshire",KA7,Ayrshire
lane,55.04787139572425,-3.1635761368820075,1664892320,1633,1947,75,Male,Y,196,Lockerbie,"Dumfries and Galloway",DG11,"Dumfries and Galloway"
lane,56.16212968087053,-3.124811108439855,1664892367,1657,1958,64,Female,Y,1079,"Kirkcaldy (east: Linktown, Port Brae, Pathhead, Sinclairtown, Smeaton, Gallatown)",Fife,KY1,Fife
lane,55.87502036555603,-4.026833924695154,1664892641,1661,1959,63,Male,Y,1192,Airdrie,"North Lanarkshire",ML6,Glasgow
lane,56.14997752080871,-3.229693947862323,1664893030,1674,1979,43,Male,Y,1117,"Kirkcaldy (west: Hayfield, Templehall, Newliston, Chapel, Dunnikier, Bennochy)",Fife,KY2,Fife
lane,55.912506231592985,-3.1458062089538266,1664893178,1672,1949,73,Female,N,322,"Gilmerton, Edinburgh",Edinburgh,"Edinburgh Southeast","Lothian (Edinburgh)"
lane,55.37707658839687,-3.2987769250646917,1664894016,1697,1983,39,Female,Y,1479,Selkirk,"Scottish Borders",TD7,Borders
lane,56.48520146108805,-3.016468319973219,1664894050,1695,1956,66,Male,N,238,"Menzieshill, Dundee",Dundee,"Dundee Central","Tayside and Angus (Dundee)"
lane,55.9575372323611,-3.1311972208577448,1664894223,1702,1948,74,Female,Y,285,"Leith, Edinburgh",Edinburgh,"Edinburgh Leith","Lothian (Edinburgh)"
lane,56.10358635613942,-3.69324941713021,1664894244,1696,1965,57,Female,N,391,Alloa,Clackmannanshire,FK10,"Stirling and Falkirk"
lane,56.413382418618404,-2.842425799940761,1664894299,1707,1966,56,Male,Y,176,Tayport,Fife,DD6,"Tayside and Angus (Dundee)"
lane,55.86290740761246,-4.193954067310748,1664894353,1660,1964,58,Female,Y,634,"Maryhill, Glasgow",Glasgow,"Glasgow Northeast",Glasgow
lane,57.64515693666369,-3.0910773056208116,1664895277,1727,1995,27,Male,Y,739,Fochabers,Moray,IV32,"North East (Aberdeen)"
lane,54.898247193387675,-3.9565929081035645,1664895341,1629,1968,54,Female,N,220,"Castle Douglas","Dumfries and Galloway",DG7,"Dumfries and Galloway"
lane,54.890938949936974,-4.522550470780314,1664895409,1733,1989,33,Female,Y,225,"Newton Stewart","Dumfries and Galloway",DG8,"Dumfries and Galloway"
lane,55.00228150866648,-5.006283825571144,1664895465,1735,1955,67,Female,Y,223,Glenluce,"Dumfries and Galloway",DG8,"Dumfries and Galloway"
lane,55.62217538607884,-3.784474223667198,1664895828,1738,1986,36,Male,Y,1167,Lanark,"South Lanarkshire",ML11,Glasgow
lane,55.86136331761049,-3.704191796275017,1664896210,1688,1981,41,Male,Y,366,Whitburn,"West Lothian",EH47,"Lothian (Edinburgh)"
lane,55.49115480548133,-4.416409010249091,1664896728,1452,1988,34,Male,Y,846,Mauchline,"East Ayrshire",KA5,Ayrshire
lane,56.14839555681572,-3.9989761357861213,1664896894,1752,1975,47,Female,Y,479,"Stirling (north: Causewayhead, Cornton)",Stirlingshire,FK9,"Stirling and Falkirk"
lane,56.154037012643755,-3.471001699396422,1664897037,1776,1963,59,Female,Y,1100,Scotlandwell,"Perth and Kinross",KY13,Fife
lane,56.470885371828764,-2.963911737612704,1664897429,1790,1983,39,Male,Y,232,"Craigiebank, Dundee",Dundee,"Dundee Bluebelt","Tayside and Angus (Dundee)"
lane,56.46725698660913,-2.982747884741686,1664897489,1793,1957,65,Female,N,236,"Lochee, Dundee",Dundee,"Dundee Central","Tayside and Angus (Dundee)"
lane,55.863649907932434,-3.699153326719983,1664897589,1794,1989,33,Male,N,366,Whitburn,"West Lothian",EH47,"Lothian (Edinburgh)"
lane,56.07934508882327,-4.1006359714996705,1664897639,1803,1978,44,Male,N,457,Bannockburn,Stirlingshire,FK7,"Stirling and Falkirk"
lane,55.58520853378587,-4.231656819695341,1664897676,1800,1966,56,Female,Y,796,Darvel,"East Ayrshire",KA17,Ayrshire
lane,56.47141981594134,-2.9410933473404146,1664898355,1819,1980,42,Male,Y,254,"Douglas, Dundee",Dundee,"Dundee North","Tayside and Angus (Dundee)"
lane,55.8582661121443,-4.3209759082321435,1664898407,1821,1955,67,Male,Y,662,"Battlefield, Glasgow",Glasgow,"Glasgow Southwest",Glasgow
lane,57.622217769457855,-3.020239536890012,1664898415,1818,1941,81,Female,N,92,Findochty,Moray,AB56,"North East (Aberdeen)"
lane,57.61217529143679,-3.305965753715795,1664898493,1761,1999,23,Female,Y,737,Elgin,Moray,IV30,"North East (Aberdeen)"
lane,55.97226788254393,-4.550192513230885,1664898827,1838,1993,29,Male,Y,549,Dumbarton,"West Dunbartonshire",G82,Glasgow
lane,55.30771835500572,-4.685183570062876,1664898917,1833,1948,74,Male,Y,804,Crosshill,"South Ayrshire",KA19,Ayrshire
lane,55.9446418598872,-3.2738020709181415,1664898930,1828,1958,64,Male,Y,297,"Blackhall, Edinburgh",Edinburgh,"Edinburgh North","Lothian (Edinburgh)"
lane,57.59527197252808,-3.2158507541069805,1664899148,1772,1996,26,Other,Y,737,Elgin,Moray,IV30,"North East (Aberdeen)"
lane,55.905377370306546,-3.617751586239616,1664899402,1837,1973,49,Female,N,368,Bathgate,"West Lothian",EH48,"Lothian (Edinburgh)"
lane,55.97587757841745,-4.4311152373062095,1664899642,1842,1960,62,Male,Y,546,Clydebank,"West Dunbartonshire",G81,Glasgow
lane,56.69848027367405,-2.9958351376256163,1664899669,1854,1994,28,Female,Y,179,Forfar,Angus,DD8,"Tayside and Angus (Dundee)"
lane,56.11179553696366,-3.2228298724892275,1664899853,1852,1967,55,Male,Y,1117,"Kirkcaldy (west: Hayfield, Templehall, Newliston, Chapel, Dunnikier, Bennochy)",Fife,KY2,Fife
lane,55.6103543950796,-4.37737222101324,1664900778,1876,1992,30,Female,N,843,Galston,"East Ayrshire",KA4,Ayrshire
lane,56.329163067699696,-2.7620688042497,1664901058,1878,1975,47,Male,Y,1114,"St Andrews",Fife,KY16,Fife
lane,56.798180988847776,-2.3934586227828967,1664901063,1856,1987,35,Male,Y,140,Montrose,Angus,DD10,"Tayside and Angus (Dundee)"
lane,55.799634229694654,-4.039703685392899,1664901215,1881,1962,60,Male,Y,525,Uddingston,"South Lanarkshire",G71,Glasgow
lane,57.652928559405446,-2.82970728117774,1664901332,1889,1964,58,Female,N,90,Buckie,Moray,AB56,"North East (Aberdeen)"
lane,57.16416890369763,-2.192223578983289,1664901343,1892,1954,68,Male,Y,107,"Rosemount, Aberdeen",Aberdeen,"Aberdeen Central","North East (Aberdeen)"
lane,55.74515900075353,-4.495308144955167,1664901386,1885,1963,59,Male,Y,540,Barrhead,"East Renfrewshire",G78,Glasgow
lane,55.85962421687916,-3.75649013406034,1664901685,1895,1953,69,Female,N,1208,Salsburgh,"North Lanarkshire",ML7,Glasgow
lane,55.9074835807109,-3.7248545772010284,1664901770,1891,1954,68,Male,Y,368,Bathgate,"West Lothian",EH48,"Lothian (Edinburgh)"
lane,55.82388910933087,-3.767440127492681,1664902698,1898,1993,29,Female,N,1210,Greenrigg,"West Lothian",ML7,Glasgow
lane,56.038627422228,-3.41910473921859,1664903144,1362,1986,36,Male,Y,1090,"Dunfermline (south and east: Halbeath, Touch, Duloch, Masterton, Pitcorthie, Abbeyview, Brucefield, Hospital Hill, Camdean, Pitreavie)",Fife,KY11,Fife
lane,56.066687217058316,-3.311575112764465,1664903489,1943,1973,49,Male,N,1119,Burntisland,Fife,KY3,Fife
lane,55.71467958073167,-3.9519166391134717,1664903571,1944,1965,57,Male,Y,1217,Larkhall,"North Lanarkshire",ML9,Glasgow
lane,55.976771589753994,-3.9793793852440467,1664903735,1947,1980,42,Female,N,447,"High Bonnybridge",Falkirk,FK4,"Stirling and Falkirk"
lane,55.9454087981931,-3.001612564683656,1664904256,1963,1976,46,Female,Y,348,Prestonpans,"East Lothian",EH32,"Lothian (Edinburgh)"
lane,57.59554620997276,-3.395801458506026,1664904715,1968,1983,39,Female,Y,737,Elgin,Moray,IV30,"North East (Aberdeen)"
lane,55.6519908357646,-4.443583847356924,1664904992,1974,1956,66,Male,N,837,"Kilmarnock (north: Onthank, Townholm, Altonhill, Longpark, Beansburn, New Farm Loch, Knockinlaw, Hillhead, Crookedholm)","East Ayrshire",KA3,Ayrshire
lane,55.984291343658754,-3.1815594252276385,1664905714,1489,1956,66,Male,Y,285,"Leith, Edinburgh",Edinburgh,"Edinburgh Leith","Lothian (Edinburgh)"
lane,56.13278828260579,-3.4901557960067944,1664906361,2011,2000,22,Male,Y,1096,"Dunfermline (centre, north, west: Abbey Parks, Lady's Mill, Garvock, Headwell, Kingseathill, Wellwood, Milesmark, Baldridge, Pittencrieff, Baldridgeburn)",Fife,KY12,Fife
lane,56.48761386011959,-2.9658679146909255,1664906605,2014,1980,42,Male,Y,254,"Douglas, Dundee",Dundee,"Dundee North","Tayside and Angus (Dundee)"
lane,55.6916068200938,-4.1432747345964485,1664906686,2017,1970,52,Female,Y,1160,Strathaven,"North Lanarkshire",ML10,Glasgow
lane,54.987388295916396,-4.199250826083104,1664906823,2023,1997,25,Female,Y,220,"Castle Douglas","Dumfries and Galloway",DG7,"Dumfries and Galloway"
lane,56.02794873463811,-3.694731236321351,1664906842,1960,1955,67,Male,N,439,Grangemouth,Falkirk,FK3,"Stirling and Falkirk"
lane,56.229129582870485,-4.586416139989432,1664906885,2027,1959,63,Female,N,473,"Stirling (centre and west: Kings Park, Raploch, Riverside)",Stirlingshire,FK8,"Stirling and Falkirk"
lane,56.47693360343191,-2.9002742784082334,1664906913,2024,1968,54,Male,Y,256,"Whitfield, Dundee",Dundee,"Dundee North","Tayside and Angus (Dundee)"
lane,55.88552723136751,-4.4158281433964826,1664907058,2029,1982,40,Male,Y,1264,Renfrew,Renfrewshire,PA4,Glasgow
lane,55.58853243189645,-4.360017000301828,1664907177,2015,1978,44,Female,Y,843,Galston,"East Ayrshire",KA4,Ayrshire
lane,57.67394741286841,-3.3062097176386813,1664907377,2032,1983,39,Female,Y,737,Elgin,Moray,IV30,"North East (Aberdeen)"
lane,55.982468133885384,-3.226052914204729,1664907482,2036,1967,55,Male,N,278,"Granton, Edinburgh",Edinburgh,"Edinburgh Clermiston Granton","Lothian (Edinburgh)"
lane,56.42230856327555,-3.5003924095956984,1664907668,2041,1962,60,Male,Y,1313,"Perth (north and west: Burghmuir, Cherrybank, Hillyland, Inveralmond, Lethom, Muirton, North Muirton, Tulloch)","Perth and Kinross",PH1,Fife
lane,56.13863416453359,-3.7114177379372877,1664908059,2052,1984,38,Female,Y,396,Tillicoultry,Clackmannanshire,FK13,"Stirling and Falkirk"
lane,57.64262148246494,-3.1538037712835774,1664908403,2058,1983,39,Female,N,739,Fochabers,Moray,IV32,"North East (Aberdeen)"
lane,57.646625589566156,-2.7434835102027826,1664908439,2057,1989,33,Female,Y,59,Banff,Aberdeenshire,AB45,"North East (Aberdeen)"
lane,57.697032772414694,-3.32391682529625,1664909123,2026,1976,46,Male,Y,738,Lossiemouth,Moray,IV31,"North East (Aberdeen)"
lane,56.455266795399055,-3.0435309892217717,1664909136,2074,1998,24,Female,Y,261,"Westend, Dundee",Dundee,"Dundee West","Tayside and Angus (Dundee)"
lane,55.6137389570977,-4.370770343228502,1664909591,2087,1972,50,Male,Y,843,Galston,"East Ayrshire",KA4,Ayrshire
lane,56.45682693197265,-3.5933636486715876,1664909627,2088,1966,56,Male,Y,1313,"Perth (north and west: Burghmuir, Cherrybank, Hillyland, Inveralmond, Lethom, Muirton, North Muirton, Tulloch)","Perth and Kinross",PH1,Fife
lane,57.62484231836728,-2.996022585260519,1664909941,2094,1992,30,Female,Y,90,Buckie,Moray,AB56,"North East (Aberdeen)"
lane,55.910427627040626,-3.505137746244918,1664909995,2083,1965,57,Male,N,375,Livingston,"West Lothian",EH54,"Lothian (Edinburgh)"
lane,55.88491588228468,-3.6463461740525034,1664910053,2093,1969,53,Male,N,367,Armadale,"West Lothian",EH48,"Lothian (Edinburgh)"
lane,56.49301987667019,-3.0054960851022487,1664910222,2106,1985,37,Male,Y,237,"Blackness, Dundee",Dundee,"Dundee Central","Tayside and Angus (Dundee)"
lane,57.65304928616204,-3.030214191526012,1664910232,2110,1992,30,Female,N,90,Buckie,Moray,AB56,"North East (Aberdeen)"
lane,55.97027258149075,-3.1764914096662378,1664910864,2121,1968,54,Female,Y,285,"Leith, Edinburgh",Edinburgh,"Edinburgh Leith","Lothian (Edinburgh)"
lane,57.49758255215108,-3.3766483045908595,1664911221,1782,1954,68,Male,Y,46,Rothes,Moray,AB38,"North East (Aberdeen)"
lane,57.65851333519885,-2.8273332445499513,1664911257,2130,1992,30,Female,Y,90,Buckie,Moray,AB56,"North East (Aberdeen)"
lane,57.68404179583145,-3.316278148156375,1664911274,2124,1984,38,Male,Y,738,Lossiemouth,Moray,IV31,"North East (Aberdeen)"
lane,57.4503717938257,-3.2149751194863856,1664911497,1782,1954,68,Male,Y,46,Rothes,Moray,AB38,"North East (Aberdeen)"
lane,55.44144807918119,-3.6531615604565224,1664911599,2135,1976,46,Male,N,1170,Biggar,"South Lanarkshire",ML12,Glasgow
lane,55.43174311839898,-3.5007830818579224,1664912086,2142,1967,55,Male,N,1170,Biggar,"South Lanarkshire",ML12,Glasgow
lane,55.920099376857664,-3.283401938553676,1664912149,2151,1971,51,Female,Y,271,"Abbeyhill, Edinburgh",Edinburgh,"Edinburgh Central","Lothian (Edinburgh)"
lane,58.7892957411751,-2.972918541994359,1664912219,2144,1980,42,Male,Y,1025,"Orkney Islands",Orkney,KW17,"Orkney Islands"
lane,55.92680184688736,-3.0801253647339957,1664912232,2141,1955,67,Male,N,330,Musselburgh,"East Lothian",EH21,"Lothian (Edinburgh)"
lane,56.06485493818017,-3.3643899734879286,1664912458,2156,1970,52,Male,Y,1090,"Dunfermline (south and east: Halbeath, Touch, Duloch, Masterton, Pitcorthie, Abbeyview, Brucefield, Hospital Hill, Camdean, Pitreavie)",Fife,KY11,Fife
lane,55.85719285163063,-4.366689673553844,1664912859,2097,1951,71,Female,N,679,"Pollock, Glasgow",Glasgow,"Glasgow Southwest",Glasgow
lane,55.40841404331862,-4.412519183552654,1664912930,2165,1985,37,Female,Y,798,Cumnock,"East Ayrshire",KA18,Ayrshire
lane,56.49031956208311,-3.0295126295299237,1664913860,2181,1955,67,Female,N,240,"Ardler, Dundee",Dundee,"Dundee Central","Tayside and Angus (Dundee)"
lane,55.9690097354772,-3.2608982630011756,1664913876,2188,1967,55,Female,Y,278,"Granton, Edinburgh",Edinburgh,"Edinburgh Clermiston Granton","Lothian (Edinburgh)"
lane,55.501610055029325,-4.480026520897525,1664913898,2182,1956,66,Female,N,846,Mauchline,"East Ayrshire",KA5,Ayrshire
lane,57.10610558908286,-2.267305807724985,1664913904,1966,1999,23,Female,Y,128,"Mannofield, Aberdeen",Aberdeen,"Aberdeen Southwest","North East (Aberdeen)"
lane,58.45554245265424,-3.6773249993058053,1664914126,2196,1975,47,Female,Y,954,Scarfskerry,Highland,KW14,"Highlands (Inverness)"
lane,55.8729141046778,-4.132777697585729,1664914357,2212,1961,61,Female,Y,609,"Garthamlock, Glasgow",Glasgow,"Glasgow Northeast",Glasgow
lane,57.641438492140225,-3.2202696555249086,1664914724,2215,1986,36,Female,Y,737,Elgin,Moray,IV30,"North East (Aberdeen)"
lane,55.94566134165022,-3.5407884134971277,1664915557,2227,1954,68,Female,N,371,Broxburn,"West Lothian",EH52,"Lothian (Edinburgh)"
lane,55.91303970090207,-4.36003504027277,1664915575,2230,1969,53,Male,Y,638,"Drumchapel, Glasgow",Glasgow,"Glasgow Northwest",Glasgow
lane,55.128650577796016,-3.8561471829704583,1664915610,2223,1993,29,Other,N,208,"New Abbey","Dumfries and Galloway",DG2,"Dumfries and Galloway"
lane,56.102695319233135,-3.4126314755527183,1664915721,2226,1973,49,Male,Y,1096,"Dunfermline (centre, north, west: Abbey Parks, Lady's Mill, Garvock, Headwell, Kingseathill, Wellwood, Milesmark, Baldridge, Pittencrieff, Baldridgeburn)",Fife,KY12,Fife
lane,55.575788289169715,-3.1668050208575873,1664916262,2186,1976,46,Male,N,361,Innerleithen,"Scottish Borders",EH44,Borders
lane,55.982093096336214,-3.1820490434192834,1664916276,2240,1963,59,Male,N,285,"Leith, Edinburgh",Edinburgh,"Edinburgh Leith","Lothian (Edinburgh)"
lane,56.0948196504724,-3.5481231963425253,1664916316,2241,1991,31,Male,Y,1096,"Dunfermline (centre, north, west: Abbey Parks, Lady's Mill, Garvock, Headwell, Kingseathill, Wellwood, Milesmark, Baldridge, Pittencrieff, Baldridgeburn)",Fife,KY12,Fife
lane,56.0235996968227,-2.8515275840482857,1664916638,2248,1985,37,Male,Y,347,Longniddry,"East Lothian",EH32,"Lothian (Edinburgh)"
lane,56.14643178018175,-3.454957652145976,1664916799,2218,1996,26,Female,Y,1124,Kelty,Fife,KY4,Fife
lane,55.867186873811065,-3.044135218319678,1664917812,2271,1987,35,Female,Y,334,Dalkeith,Midlothian,EH22,"Lothian (Edinburgh)"
lane,56.26393225732305,-3.2045853765803747,1664918056,2268,1955,67,Male,N,1105,Cupar,Fife,KY15,Fife
lane,55.389183351723865,-3.7953084838888502,1664918148,2281,1960,62,Female,Y,212,Kirkconnel,"Dumfries and Galloway",DG4,"Dumfries and Galloway"
lane,55.9549999823423,-4.192863666907014,1664918552,957,1971,51,Female,N,507,Kirkintilloch,"East Dunbartonshire",G66,Glasgow
lane,55.939661381133526,-3.501314111080827,1664918802,2303,1985,37,Female,Y,371,Broxburn,"West Lothian",EH52,"Lothian (Edinburgh)"
lane,56.494790408227715,-3.0258917232146194,1664918911,2313,1960,62,Male,Y,238,"Menzieshill, Dundee",Dundee,"Dundee Central","Tayside and Angus (Dundee)"
lane,56.07381329164963,-4.075490822457825,1664918926,2309,1983,39,Male,Y,457,Bannockburn,Stirlingshire,FK7,"Stirling and Falkirk"
lane,56.11239401316323,-3.265326734287377,1664919046,2115,1953,69,Male,Y,1128,Lochgelly,Fife,KY5,Fife
lane,56.467400660200454,-2.9707979273708416,1664919116,2315,1971,51,Male,Y,239,"Charleston, Dundee",Dundee,"Dundee Central","Tayside and Angus (Dundee)"
lane,56.16745095542141,-3.6986696662281933,1664919575,2324,1975,47,Female,N,401,Powmill,"Perth and Kinross",FK14,"Stirling and Falkirk"
lane,55.25088146869443,-4.4148941219661975,1664919667,2326,1957,65,Male,Y,852,Dalmellington,"East Ayrshire",KA6,Ayrshire
lane,56.487338321682884,-2.941899462490833,1664919683,2323,1966,56,Female,Y,250,"Downfield, Dundee",Dundee,"Dundee North","Tayside and Angus (Dundee)"
lane,55.694762662829255,-4.58588462522383,1664919855,2328,1972,50,Male,Y,841,Stewarton,"East Ayrshire",KA3,Ayrshire
lane,56.74928690032112,-3.165524663604993,1664919915,2333,1991,31,Male,Y,181,Kirriemuir,Angus,DD8,"Tayside and Angus (Dundee)"
lane,60.69873510151172,-1.0253217816142075,1664919948,2329,1975,47,Female,Y,1623,Walls,"Shetland Isles",ZE2,"Shetland Islands"
lane,55.96039817410159,-2.7434606406902673,1664920230,2244,1973,49,Male,N,357,Haddington,"East Lothian",EH41,"Lothian (Edinburgh)"
lane,55.85423925479443,-4.384011168597795,1664920235,2343,1994,28,Male,Y,1220,"Paisley (central, east and north east: Ferguslie, Oldhall, Seedhill, Williamsburgh, Whitehaugh)",Renfrewshire,PA1,Glasgow
lane,55.83768638913906,-2.706303993124156,1664920502,2244,1973,49,Male,N,357,Haddington,"East Lothian",EH41,"Lothian (Edinburgh)"
lane,56.484547654787285,-2.9229883557783842,1664920606,2354,1947,75,Female,N,250,"Downfield, Dundee",Dundee,"Dundee North","Tayside and Angus (Dundee)"
lane,56.486948118112394,-2.940834346148897,1664921991,2298,1966,56,Female,N,256,"Whitfield, Dundee",Dundee,"Dundee North","Tayside and Angus (Dundee)"
lane,57.529732867355,-3.0754326367484013,1664922542,2376,1961,61,Female,N,88,Keith, Moray,AB55,"North East (Aberdeen)"
lane,55.703292535809396,-3.8754969785440387,1664922753,2380,1995,27,Male,Y,1214,Law,"North Lanarkshire",ML8,Glasgow
lane,55.798033711547156,-4.06958840928748,1664923555,2391,1966,56,Male,Y,525,Uddingston,"South Lanarkshire",G71,Glasgow
lane,54.97447748000001,-4.884424404635334,1664923936,2392,1974,48,Female,Y,227,Wigtown,"Dumfries and Galloway",DG8,"Dumfries and Galloway"
lane,56.15832896633399,-3.2277135983192586,1664923986,2395,1956,66,Female,Y,1125,Ballingry,Fife,KY5,Fife
lane,55.526951408724884,-4.613575249718456,1664924209,2401,1967,55,Male,Y,873,Prestwick,"South Ayrshire",KA9,Ayrshire
lane,56.9417186755354,-2.2753187325137794,1664924655,2404,1974,48,Female,Y,47,Newtonhill,Aberdeenshire,AB39,"North East (Aberdeen)"
lane,56.19823260461881,-2.98499972776588,1664924667,2406,1983,39,Male,Y,1138,Buckhaven,Fife,KY8,Fife
lane,55.87093799296196,-3.7393882728989327,1664924762,2399,1958,64,Male,N,368,Bathgate,"West Lothian",EH48,"Lothian (Edinburgh)"
lane,55.29101485105814,-3.605861073784905,1664925361,2411,1969,53,Female,Y,187,Locharbriggs,"Dumfries and Galloway",DG1,"Dumfries and Galloway"
lane,56.32146147417445,-3.154718624853729,1664925662,2268,1955,67,Male,N,1105,Cupar,Fife,KY15,Fife
lane,57.59767255168864,-3.0875252909904463,1664926856,2416,1957,65,Female,N,89,Dufftown,Moray,AB55,"North East (Aberdeen)"
lane,54.892236734249856,-3.596899820159392,1664931019,2426,1965,57,Female,Y,207,"Dumfries (west: Broomlands, Cargenbridge, Lochside, Maxwelltown, Troqueer)","Dumfries and Galloway",DG2,"Dumfries and Galloway"
lane,55.762551115573594,-4.270215104487385,1664933638,2428,1981,41,Male,Y,530,"East Kilbride (north: The Village, East Mains, West Mains, Lymekilns, St Leonards, Calderwood, Nerston, Stewartfield, Peel Park)","South Lanarkshire",G74,Glasgow
lane,57.701607542666096,-3.2737335292755483,1664945413,2445,1962,60,Female,Y,738,Lossiemouth,Moray,IV31,"North East (Aberdeen)"
lane,57.71728551752343,-3.3281745464503705,1664945535,2445,1962,60,Female,Y,738,Lossiemouth,Moray,IV31,"North East (Aberdeen)"
lane,55.032235696023946,-3.396924552419319,1664946360,2448,1986,36,Female,Y,186,"Dumfries (centre and east: Dalscone, Georgetown, Heathhall, Kingholm Quay, Noblehill, The Crichton)","Dumfries and Galloway",DG1,"Dumfries and Galloway"
lane,55.803761004480954,-4.229943915971109,1664946465,2449,1969,53,Female,N,575,"Springhall, Glasgow",Glasgow,"Glasgow Castlemilk",Glasgow
lane,55.92785745265302,-3.5132506427039116,1664950045,2462,1977,45,Male,Y,371,Broxburn,"West Lothian",EH52,"Lothian (Edinburgh)"
lane,56.472684941739935,-2.980817295664623,1664950243,2461,1965,57,Female,N,239,"Charleston, Dundee",Dundee,"Dundee Central","Tayside and Angus (Dundee)"
lane,60.20069173658625,-1.2634725232438115,1664950894,2467,1978,44,Female,N,1514,"Bridge of Walls","Shetland Isles",ZE2,"Shetland Islands"
lane,55.6835687604601,-4.7680695107476705,1664951816,2474,1979,43,Female,Y,812,Saltcoats,"East Ayrshire",KA21,Ayrshire
lane,57.551705528466314,-3.6560940490571525,1664951839,2475,1979,43,Male,Y,740,Forres,Moray,IV36,"North East (Aberdeen)"
lane,56.138529193868976,-3.1753872669745142,1664952293,2476,1960,62,Female,Y,1117,"Kirkcaldy (west: Hayfield, Templehall, Newliston, Chapel, Dunnikier, Bennochy)",Fife,KY2,Fife
lane,56.19234409792533,-3.0976695488307437,1664952332,2472,1962,60,Female,Y,1134,Markinch,Fife,KY7,Fife
lane,57.12044662620777,-2.2383643077216293,1664953113,2479,1993,29,Male,Y,132,"Peterculter, Aberdeen",Aberdeen,"Aberdeen Southwest","North East (Aberdeen)"
lane,56.469249010328475,-2.9328427452040002,1664953508,2482,1948,74,Female,N,250,"Downfield, Dundee",Dundee,"Dundee North","Tayside and Angus (Dundee)"
lane,57.26660423213836,-2.2517108024882737,1664955182,2495,1978,44,Male,Y,113,"Bridge of Don, Aberdeen",Aberdeen,"Aberdeen North","North East (Aberdeen)"
lane,55.83259745962491,-4.347206585280887,1664957357,2503,1953,69,Female,Y,672,"Govan, Glasgow",Glasgow,"Glasgow Southwest",Glasgow
lane,55.891940845967866,-3.634873305409386,1664957522,2507,1958,64,Female,Y,368,Bathgate,"West Lothian",EH48,"Lothian (Edinburgh)"
lane,55.757119935980974,-3.9735429297866114,1664957569,2515,1993,29,Female,Y,1217,Larkhall,"North Lanarkshire",ML9,Glasgow
lane,56.04251070827516,-3.5471682062746233,1664958226,2519,1982,40,Female,Y,1096,"Dunfermline (centre, north, west: Abbey Parks, Lady's Mill, Garvock, Headwell, Kingseathill, Wellwood, Milesmark, Baldridge, Pittencrieff, Baldridgeburn)",Fife,KY12,Fife
lane,55.81624832927322,-4.421316002856312,1664958488,2524,1972,50,Female,Y,1236,"Paisley (south: Blackhall, Castlehead, Dykebar, Foxbar, Hunterhill, Meikleriggs)",Renfrewshire,PA2,Glasgow
lane,56.040436493629315,-3.7370753219397277,1664958509,2529,1982,40,Male,N,424,Maddiston, Falkirk,FK2,"Stirling and Falkirk"
lane,55.7807638036093,-3.8801897995720243,1664959519,2544,1956,66,Male,Y,1180,Wishaw,"North Lanarkshire",ML2,Glasgow
lane,55.812362654555464,-3.7919965752038203,1664961280,2558,1971,51,Female,N,1209,Shotts,"North Lanarkshire",ML7,Glasgow
lane,56.465907785528046,-2.91733544292357,1664963190,1380,1963,59,Male,Y,252,"Linlathen and Midcraigie, Dundee",Dundee,"Dundee North","Tayside and Angus (Dundee)"
lane,55.93972164849527,-2.7691031180315178,1664963991,2586,1967,55,Male,Y,357,Haddington,"East Lothian",EH41,"Lothian (Edinburgh)"
lane,56.02476570227725,-4.004013086878997,1664964060,2592,1982,40,Male,Y,452,Denny,Falkirk,FK6,"Stirling and Falkirk"
lane,56.06279435881183,-3.424264561520607,1664964249,2587,1965,57,Male,N,1094,Rosyth,Fife,KY11,Fife
lane,56.479884396379425,-2.962784929317395,1664967039,1380,1963,59,Male,Y,252,"Linlathen and Midcraigie, Dundee",Dundee,"Dundee North","Tayside and Angus (Dundee)"
lane,56.1941494932265,-3.5650099739391714,1664967267,2615,1971,51,Male,Y,1098,Kinross,"Perth and Kinross",KY13,Fife
lane,55.860882714658246,-3.1045736516404103,1664967982,2624,1979,43,Female,N,328,Bonnyrigg,Midlothian,EH19,"Lothian (Edinburgh)"
lane,56.259939692177454,-3.8907667134423414,1664968203,2619,1999,23,Female,Y,405,Dunblane,Stirlingshire,FK15,"Stirling and Falkirk"
lane,56.261670412748344,-3.8801768060274044,1664968304,2619,1999,23,Female,Y,405,Dunblane,Stirlingshire,FK15,"Stirling and Falkirk"
lane,55.772969624802855,-4.106920206882555,1664969485,2634,1974,48,Male,Y,529,Cambuslang,"South Lanarkshire",G72,Glasgow
lane,55.86239328063427,-4.1929957538286615,1664969506,2642,1996,26,Male,Y,637,"Woodside, Glasgow",Glasgow,"Glasgow Northeast",Glasgow
lane,55.274731814852494,-4.526443956945268,1664969694,2653,1968,54,Female,Y,806,Maybole,"South Ayrshire",KA19,Ayrshire
lane,56.486410662626184,-2.9665613611992545,1664969729,2651,1969,53,Male,Y,254,"Douglas, Dundee",Dundee,"Dundee North","Tayside and Angus (Dundee)"
lane,55.75374785921778,-3.9329895415420584,1664969754,2643,1963,59,Male,Y,1180,Wishaw,"North Lanarkshire",ML2,Glasgow
lane,56.00633453115956,-3.854539779741088,1664969781,2668,1998,24,Male,N,450,Stenhousemuir,Falkirk,FK5,"Stirling and Falkirk"
lane,54.802331254763025,-3.910950642286479,1664969885,2678,1959,63,Male,Y,218,Kirkcudbright,"Dumfries and Galloway",DG6,"Dumfries and Galloway"
lane,56.5878249009221,-2.7397813575757137,1664969925,2684,1967,55,Female,Y,141,Arbroath,Angus,DD11,"Tayside and Angus (Dundee)"
lane,57.15140981061204,-2.177722697582386,1664969954,2655,1997,25,Male,N,98,"Northfield, Aberdeen",Aberdeen,"Aberdeen Central","North East (Aberdeen)"
lane,55.795202317114196,-4.063928426348275,1664969978,2683,1955,67,Female,Y,1183,Hamilton,"South Lanarkshire",ML3,Glasgow
lane,55.55870710636282,-4.461652484285906,1664969998,2656,1989,33,Male,Y,779,"Kilmarnock (centre and south: Bonnyton, Grange, Bellfield, Shortlees, Caprington, Riccarton, Hurlford)","East Ayrshire",KA1,Ayrshire
lane,55.785833054739555,-3.8862826829204367,1664970015,2643,1963,59,Male,Y,1180,Wishaw,"North Lanarkshire",ML2,Glasgow
lane,56.472649227711024,-3.0072550602977812,1664970060,2680,1999,23,Other,Y,244,"Stobswell, Dundee",Dundee,"Dundee Central","Tayside and Angus (Dundee)"
lane,55.9039113721502,-4.179730681690344,1664970219,2709,1965,57,Male,Y,636,"Ruchill, Glasgow",Glasgow,"Glasgow Northeast",Glasgow
lane,56.492677386292854,-3.028853490112969,1664970227,2707,1966,56,Female,N,243,"Hilltown, Dundee",Dundee,"Dundee Central","Tayside and Angus (Dundee)"
lane,56.01137526249741,-3.5667429321838053,1664970244,2706,1985,37,Male,Y,370,Bo'ness,Falkirk,EH51,"Lothian (Edinburgh)"
lane,55.909165757248,-3.202219107494856,1664970293,2715,1989,33,Female,Y,310,"Balerno, Edinburgh",Edinburgh,"Edinburgh South","Lothian (Edinburgh)"
lane,56.1844514080062,-3.0913856186976614,1664970363,2719,1981,41,Male,N,1133,"Glenrothes (centre and east: Pitteuchar, Finglassie, Stenton, Auchmuty, Pitcoudie, Balfarg, Pircairn, Collydean)",Fife,KY7,Fife
lane,54.85091489746918,-4.088732929980173,1664970415,2726,1971,51,Male,N,217,Dundrennan,"Dumfries and Galloway",DG6,"Dumfries and Galloway"
lane,55.21416161123446,-3.6380472890419124,1664970516,2733,1976,46,Male,Y,185,Carrutherstown,"Dumfries and Galloway",DG1,"Dumfries and Galloway"
lane,55.991337212071215,-4.4862778582365435,1664970542,2710,1974,48,Female,Y,549,Dumbarton,"West Dunbartonshire",G82,Glasgow
lane,55.371071487423116,-3.904662064018847,1664970742,2737,2001,21,Male,Y,212,Kirkconnel,"Dumfries and Galloway",DG4,"Dumfries and Galloway"
lane,55.58221497778319,-4.432580272168268,1664970781,2682,1993,29,Male,N,779,"Kilmarnock (centre and south: Bonnyton, Grange, Bellfield, Shortlees, Caprington, Riccarton, Hurlford)","East Ayrshire",KA1,Ayrshire
lane,57.329606171154325,-2.572880960133443,1664970804,2743,1978,44,Male,N,70,Insch,Aberdeenshire,AB52,"North East (Aberdeen)"
lane,55.7930646891105,-4.143691207171476,1664970861,2752,1974,48,Male,N,529,Cambuslang,"South Lanarkshire",G72,Glasgow
lane,55.25717556499417,-4.226843478012048,1664970944,2751,1976,46,Female,N,222,"New Galloway","Dumfries and Galloway",DG7,"Dumfries and Galloway"
lane,55.97413700810686,-4.183627311407667,1664970981,2637,1977,45,Male,N,507,Kirkintilloch,"East Dunbartonshire",G66,Glasgow
lane,55.40521830513948,-2.381910878419203,1664971011,2755,1977,45,Male,Y,1486,Jedburgh,"Scottish Borders",TD8,Borders
lane,55.85937091865019,-4.092541298867728,1664971071,2774,1988,34,Male,N,628,"Balornock, Glasgow",Glasgow,"Glasgow Northeast",Glasgow
lane,55.87550825126079,-4.250490813684524,1664971199,2763,1996,26,Male,N,588,"Broomhill, Glasgow",Glasgow,"Glasgow Kelvin",Glasgow
lane,56.094214425360626,-3.338998064866606,1664971210,2775,1993,29,Female,Y,1121,Cowdenbeath,Fife,KY4,Fife
lane,55.89225528091353,-4.257254234915627,1664971220,2785,1992,30,Male,N,634,"Maryhill, Glasgow",Glasgow,"Glasgow Northeast",Glasgow
lane,57.68281954697062,-2.800072760985644,1664971247,2786,1997,25,Female,Y,95,Portknockie,Moray,AB56,"North East (Aberdeen)"
lane,56.036094014680124,-3.4031427580289364,1664971281,2783,1962,60,Male,N,1094,Rosyth,Fife,KY11,Fife
lane,55.798664169786356,-4.13835040724493,1664971304,2758,1981,41,Male,Y,529,Cambuslang,"South Lanarkshire",G72,Glasgow
lane,55.68296507205488,-4.700946355613039,1664971438,2797,1971,51,Female,Y,815,Dalry,"North Ayrshire",KA24,Ayrshire
lane,56.13332603755024,-3.173155160312063,1664971584,2803,1981,41,Female,Y,1117,"Kirkcaldy (west: Hayfield, Templehall, Newliston, Chapel, Dunnikier, Bennochy)",Fife,KY2,Fife
lane,56.057211763209665,-3.4233026339068244,1664971586,2788,1992,30,Male,Y,1090,"Dunfermline (south and east: Halbeath, Touch, Duloch, Masterton, Pitcorthie, Abbeyview, Brucefield, Hospital Hill, Camdean, Pitreavie)",Fife,KY11,Fife
lane,55.731380967321606,-2.9236654433292935,1664971606,2806,1961,61,Female,Y,1413,Galashiels,"Scottish Borders",TD1,Borders
lane,57.65896041814002,-3.476813483234254,1664971746,2760,1980,42,Male,N,737,Elgin,Moray,IV30,"North East (Aberdeen)"
lane,55.92951720904199,-3.249922999712921,1664971761,2807,1978,44,Male,Y,320,"Newington, Edinburgh",Edinburgh,"Edinburgh South","Lothian (Edinburgh)"
lane,55.708777362017464,-2.873939417201362,1664971775,2806,1961,61,Female,Y,1413,Galashiels,"Scottish Borders",TD1,Borders
lane,55.86823454658126,-3.0897276649324494,1664971776,2799,1991,31,Female,N,328,Bonnyrigg,Midlothian,EH19,"Lothian (Edinburgh)"
lane,55.95664326456887,-3.161863613865418,1664971783,2824,1991,31,Female,Y,287,"Corstorphine, Edinburgh",Edinburgh,"Edinburgh North","Lothian (Edinburgh)"
lane,55.799413613614085,-4.476117785213455,1664971811,2820,1982,40,Male,Y,1236,"Paisley (south: Blackhall, Castlehead, Dykebar, Foxbar, Hunterhill, Meikleriggs)",Renfrewshire,PA2,Glasgow
lane,55.682266541553865,-3.95800367388733,1664972018,2830,1990,32,Female,N,1217,Larkhall,"North Lanarkshire",ML9,Glasgow
lane,55.35373746659817,-3.3679422743562126,1664972256,2838,1961,61,Female,Y,189,Moffat,"Dumfries and Galloway",DG10,"Dumfries and Galloway"
lane,56.056352703519174,-4.070730949514905,1664972293,2825,1967,55,Female,N,457,Bannockburn,Stirlingshire,FK7,"Stirling and Falkirk"
lane,55.47524790312398,-4.602223469754041,1664972618,2862,1997,25,Male,N,868,"Newton on Ayr","South Ayrshire",KA8,Ayrshire
lane,55.79104061827754,-3.958936422254047,1664972637,2860,1994,28,Male,Y,1151,Motherwell,"North Lanarkshire",ML1,Glasgow
lane,54.99875025419431,-3.0580158730748037,1664972777,2867,1975,47,Female,Y,205,Gretna,"Dumfries and Galloway",DG16,"Dumfries and Galloway"
lane,56.59458997657553,-3.4327365789249185,1664972956,2866,1995,27,Male,Y,1319,"Bridge of Cally","Perth and Kinross",PH10,Fife
lane,55.673398267598785,-4.446158838504431,1664973034,2880,1975,47,Female,N,837,"Kilmarnock (north: Onthank, Townholm, Altonhill, Longpark, Beansburn, New Farm Loch, Knockinlaw, Hillhead, Crookedholm)","East Ayrshire",KA3,Ayrshire
lane,55.97196855584182,-3.7611870155009424,1664973324,2852,1996,26,Female,Y,377,"Falkirk (centre and south: Arnothill, Bantaskin, Callendar Park, Glen Village, Hallglen, Lionthorn, Tamfourhill, Woodlands)",Falkirk,FK1,"Stirling and Falkirk"
lane,55.825583717395745,-4.411794875674557,1664973373,2820,1982,40,Male,Y,1236,"Paisley (south: Blackhall, Castlehead, Dykebar, Foxbar, Hunterhill, Meikleriggs)",Renfrewshire,PA2,Glasgow
lane,56.473682262315876,-2.7600203386473923,1664973435,2886,1982,40,Male,Y,178,Carnoustie,Angus,DD7,"Tayside and Angus (Dundee)"
lane,56.47771434511662,-3.048794144670929,1664973523,2744,1993,29,Male,N,237,"Blackness, Dundee",Dundee,"Dundee Central","Tayside and Angus (Dundee)"
lane,56.43168013047583,-3.228853906581308,1664973590,2901,1961,61,Male,N,1353,Scone,"Perth and Kinross",PH2,Fife
lane,56.26080807597609,-2.657150044053544,1664973682,2908,1978,44,Male,N,1086,Anstruther,Fife,KY10,Fife
lane,55.908895473767856,-4.3781405850940285,1664973687,2911,1989,33,Female,Y,641,"Knightswood, Glasgow",Glasgow,"Glasgow Northwest",Glasgow
lane,55.628479168594616,-4.1077311106669745,1664973790,2902,1972,50,Female,Y,1160,Strathaven,"North Lanarkshire",ML10,Glasgow
lane,55.33452253319927,-4.258336262538201,1664973802,2914,1982,40,Female,N,798,Cumnock,"East Ayrshire",KA18,Ayrshire
lane,57.12004515241721,-2.145095173238943,1664973838,2917,1969,53,Male,Y,127,"Torry, Aberdeen",Aberdeen,"Aberdeen Southeast","North East (Aberdeen)"
lane,56.05090672716967,-3.9271187995463093,1664973844,2913,1975,47,Female,Y,464,"Stirling (south and east: Braehead, Borestone, Broomridge, Torbrex)",Stirlingshire,FK7,"Stirling and Falkirk"
lane,55.876683229662206,-3.1817987466444086,1664973866,2921,1980,42,Female,Y,329,Loanhead,Midlothian,EH20,"Lothian (Edinburgh)"
lane,55.5853860541081,-4.571559009783285,1664973879,2918,1971,51,Female,Y,809,Dundonald,"South Ayrshire",KA2,Ayrshire
lane,55.637371226906595,-4.027755632354819,1664973947,2902,1972,50,Female,Y,1160,Strathaven,"North Lanarkshire",ML10,Glasgow
lane,55.94823400059628,-3.2737317357217925,1664974107,2923,1958,64,Male,N,287,"Corstorphine, Edinburgh",Edinburgh,"Edinburgh North","Lothian (Edinburgh)"
lane,55.54620904936864,-4.423556799026986,1664974107,2930,1953,69,Female,Y,779,"Kilmarnock (centre and south: Bonnyton, Grange, Bellfield, Shortlees, Caprington, Riccarton, Hurlford)","East Ayrshire",KA1,Ayrshire
lane,55.59014633003944,-4.078621169367764,1664974132,2902,1972,50,Female,Y,1160,Strathaven,"North Lanarkshire",ML10,Glasgow
lane,55.786982130098295,-4.1243372184924905,1664974137,2926,1982,40,Female,Y,529,Cambuslang,"South Lanarkshire",G72,Glasgow
lane,55.63349341181449,-4.685722303280561,1664974387,2931,1991,31,Male,N,787,"Irvine (centre: Castlepark, Tarryholme)","North Ayrshire",KA12,Ayrshire
lane,60.15377855300443,-1.2086449664181846,1664974587,2965,2005,17,Other,School,1500,Lerwick,"Shetland Isles",ZE1,"Shetland Islands"
lane,56.76429397399329,-2.4318606616844294,1664974678,2966,1972,50,Male,N,140,Montrose,Angus,DD10,"Tayside and Angus (Dundee)"
lane,55.58872198035349,-4.574937203079662,1664974762,2971,1966,56,Female,N,810,Knockentiber,"East Ayrshire",KA2,Ayrshire
lane,56.5606261605949,-3.461071882208636,1664974762,2952,1955,67,Male,Y,1313,"Perth (north and west: Burghmuir, Cherrybank, Hillyland, Inveralmond, Lethom, Muirton, North Muirton, Tulloch)","Perth and Kinross",PH1,Fife
lane,55.610805957763695,-4.618192024419627,1664974765,2973,1955,67,Male,Y,785,"Irvine (east, south: Perceton, Lawthorn, Girdle Toll, Stanecastle, Bourtreehill, Broomlands, Dreghorn, Springside)","North Ayrshire",KA11,Ayrshire
lane,55.566569988671596,-4.5078373285704325,1664974951,2957,1958,64,Female,N,779,"Kilmarnock (centre and south: Bonnyton, Grange, Bellfield, Shortlees, Caprington, Riccarton, Hurlford)","East Ayrshire",KA1,Ayrshire
lane,55.032177877330334,-4.787392446090598,1664975013,2983,1970,52,Male,Y,227,Wigtown,"Dumfries and Galloway",DG8,"Dumfries and Galloway"
lane,55.53263918223294,-4.56477938617998,1664975073,2957,1958,64,Female,N,779,"Kilmarnock (centre and south: Bonnyton, Grange, Bellfield, Shortlees, Caprington, Riccarton, Hurlford)","East Ayrshire",KA1,Ayrshire
lane,55.935289378980556,-3.399254876137756,1664975261,2876,1970,52,Male,Y,304,"Cramond, Edinburgh",Edinburgh,"Edinburgh Northwest","Lothian (Edinburgh)"
lane,55.9040126073202,-2.805861138960153,1664975531,2993,1987,35,Other,Y,357,Haddington,"East Lothian",EH41,"Lothian (Edinburgh)"
lane,55.642504540600534,-4.463385498925903,1664975632,3009,1970,52,Female,Y,837,"Kilmarnock (north: Onthank, Townholm, Altonhill, Longpark, Beansburn, New Farm Loch, Knockinlaw, Hillhead, Crookedholm)","East Ayrshire",KA3,Ayrshire
lane,55.695989723339565,-4.491783128581395,1664975755,3009,1970,52,Female,Y,837,"Kilmarnock (north: Onthank, Townholm, Altonhill, Longpark, Beansburn, New Farm Loch, Knockinlaw, Hillhead, Crookedholm)","East Ayrshire",KA3,Ayrshire
lane,55.979332791201706,-2.6093303771060685,1664975838,3022,1973,49,Male,Y,359,Dunbar,"East Lothian",EH42,"Lothian (Edinburgh)"
lane,55.83161755400301,-4.478285561296617,1664975858,3024,1965,57,Male,Y,1276,Johnstone,Renfrewshire,PA5,Glasgow
lane,55.82082270964235,-4.4850388957775165,1664975991,3024,1965,57,Male,Y,1276,Johnstone,Renfrewshire,PA5,Glasgow
lane,55.42985303421961,-4.017264822280039,1664976012,3020,2001,21,Female,Y,214,Sanquhar,"Dumfries and Galloway",DG4,"Dumfries and Galloway"
lane,55.87380771481799,-3.697598391353475,1664976040,3014,1983,39,Male,Y,368,Bathgate,"West Lothian",EH48,"Lothian (Edinburgh)"
lane,59.017726456209424,-3.1714383731008446,1664976085,3025,1996,26,Male,Y,1025,"Orkney Islands",Orkney,KW17,"Orkney Islands"
lane,55.96685220620354,-3.226880347736652,1664976107,3029,1965,57,Female,Y,295,"Ravelston, Edinburgh",Edinburgh,"Edinburgh North","Lothian (Edinburgh)"
lane,55.6366649023175,-4.495971446319151,1664976202,3009,1970,52,Female,Y,837,"Kilmarnock (north: Onthank, Townholm, Altonhill, Longpark, Beansburn, New Farm Loch, Knockinlaw, Hillhead, Crookedholm)","East Ayrshire",KA3,Ayrshire
lane,56.08120332146265,-3.90059276341992,1664976302,3035,1963,59,Male,Y,464,"Stirling (south and east: Braehead, Borestone, Broomridge, Torbrex)",Stirlingshire,FK7,"Stirling and Falkirk"
lane,55.791784570091124,-4.287994377933724,1664976531,3051,1978,44,Male,Y,658,"Giffnock, Glasgow",Glasgow,"Glasgow South",Glasgow
lane,56.082493370572,-3.327151825148722,1664976875,3064,2000,22,Female,Y,1121,Cowdenbeath,Fife,KY4,Fife
lane,56.23563431765567,-3.3314367332980845,1664976985,2954,1973,49,Male,Y,1097,Kinnesswood,"Perth and Kinross",KY13,Fife
lane,55.74313920677548,-4.145334114945216,1664977092,3070,1994,28,Other,Y,534,"East Kilbride (south: Hairmyres, Westwood, The Murray, Murray East, Whitehills, Greenhill, Newlandsmuir, Gardenhall, Crosshouse, Newlands, Lindsayfield, Mossneuk)","South Lanarkshire",G75,Glasgow
lane,54.88014548368344,-4.9014454340914675,1664977097,3067,1967,55,Female,Y,231,Stranraer,"Dumfries and Galloway",DG9,"Dumfries and Galloway"
lane,55.80480758465657,-4.062556639876728,1664977575,3089,1972,50,Male,Y,526,Viewpark,"North Lanarkshire",G71,Glasgow
lane,56.482233949725085,-3.0080792289006686,1664977954,3048,1949,73,Male,N,239,"Charleston, Dundee",Dundee,"Dundee Central","Tayside and Angus (Dundee)"
lane,55.45090266295682,-4.013011786259137,1664977974,3102,1978,44,Female,Y,802,"New Cumnock","East Ayrshire",KA18,Ayrshire
lane,55.98591006254647,-4.266634493363949,1664978169,3109,1968,54,Female,N,508,Lennoxtown,"East Dunbartonshire",G66,Glasgow
lane,55.864611916078445,-3.3487623891050355,1664978252,3107,1967,55,Male,Y,308,"Liberton, Edinburgh",Edinburgh,"Edinburgh South","Lothian (Edinburgh)"
lane,56.232232202107014,-3.1036933112303187,1664978351,3114,1996,26,Male,Y,1133,"Glenrothes (centre and east: Pitteuchar, Finglassie, Stenton, Auchmuty, Pitcoudie, Balfarg, Pircairn, Collydean)",Fife,KY7,Fife
lane,55.868113572166216,-4.30103555425521,1664978434,3118,2004,18,Female,Y,586,"Kelvinside, Glasgow",Glasgow,"Glasgow Kelvin",Glasgow
lane,54.98486078115683,-3.1642121408340387,1664978518,3123,1978,44,Male,Y,197,Annan,"Dumfries and Galloway",DG12,"Dumfries and Galloway"
lane,55.82818176991643,-4.275088578672609,1664978684,3129,2002,20,Male,Y,648,"Shawlands, Glasgow",Glasgow,"Glasgow South",Glasgow
lane,55.993158866840616,-2.8871530330300814,1664978760,3137,1989,33,Male,Y,348,Prestonpans,"East Lothian",EH32,"Lothian (Edinburgh)"
lane,55.99185561542527,-3.813020341438864,1664978865,3139,1966,56,Female,Y,377,"Falkirk (centre and south: Arnothill, Bantaskin, Callendar Park, Glen Village, Hallglen, Lionthorn, Tamfourhill, Woodlands)",Falkirk,FK1,"Stirling and Falkirk"
lane,57.66504948138067,-3.2641216108020195,1664978926,3131,1945,77,Male,Y,737,Elgin,Moray,IV30,"North East (Aberdeen)"
lane,57.09624186366141,-2.2226046584295243,1664978955,3141,1974,48,Female,Y,6,"Kirkton of Maryculter",Aberdeenshire,AB12,"North East (Aberdeen)"
lane,55.811843166618225,-4.030257534576277,1664978994,3150,1993,29,Male,Y,1186,Bellshill,"North Lanarkshire",ML4,Glasgow
lane,57.57008790249814,-3.3541263372237897,1664979235,3138,1997,25,Male,Y,737,Elgin,Moray,IV30,"North East (Aberdeen)"
lane,56.21443090479984,-4.765954898287505,1664979499,3106,1977,45,Male,N,557,Alexandria,"West Dunbartonshire",G83,"Argyll and Bute"
lane,55.89381926345001,-3.0441658110045626,1664979515,3163,1997,25,Female,N,334,Dalkeith,Midlothian,EH22,"Lothian (Edinburgh)"
lane,55.43355504233774,-4.677687263261251,1664979707,3170,1976,46,Female,Y,856,"Ayr (Centre)","South Ayrshire",KA7,Ayrshire
lane,55.96765432169531,-3.1534335534757147,1664979935,3180,1987,35,Male,Y,285,"Leith, Edinburgh",Edinburgh,"Edinburgh Leith","Lothian (Edinburgh)"
lane,55.52589459614905,-4.528680365172773,1664979981,3181,1983,39,Female,Y,845,Catrine,"East Ayrshire",KA5,Ayrshire
lane,56.193892647757814,-4.4264236065485525,1664980126,3167,1990,32,Male,N,473,"Stirling (centre and west: Kings Park, Raploch, Riverside)",Stirlingshire,FK8,"Stirling and Falkirk"
lane,54.80031631134687,-5.008627342907142,1664980389,3191,1989,33,Female,Y,231,Stranraer,"Dumfries and Galloway",DG9,"Dumfries and Galloway"
lane,55.88255943373973,-3.359118881756605,1664980481,3190,1980,42,Female,Y,308,"Liberton, Edinburgh",Edinburgh,"Edinburgh South","Lothian (Edinburgh)"
lane,56.48472918281337,-3.0276980246396556,1664980746,2884,1996,26,Male,N,243,"Hilltown, Dundee",Dundee,"Dundee Central","Tayside and Angus (Dundee)"
lane,55.86137828319731,-4.25097624462653,1664980784,3188,1970,52,Male,N,578,"Townhead, Glasgow",Glasgow,"Glasgow City Centre",Glasgow
lane,56.13370998375127,-3.5820439880267507,1664981357,3227,1956,66,Female,Y,1096,"Dunfermline (centre, north, west: Abbey Parks, Lady's Mill, Garvock, Headwell, Kingseathill, Wellwood, Milesmark, Baldridge, Pittencrieff, Baldridgeburn)",Fife,KY12,Fife
lane,55.87545432737531,-4.321540528200861,1664981362,3237,1980,42,Male,Y,596,"Finnieston, Glasgow",Glasgow,"Glasgow Kelvin",Glasgow
lane,56.07248348498083,-3.499918364175991,1664981464,3227,1956,66,Female,Y,1096,"Dunfermline (centre, north, west: Abbey Parks, Lady's Mill, Garvock, Headwell, Kingseathill, Wellwood, Milesmark, Baldridge, Pittencrieff, Baldridgeburn)",Fife,KY12,Fife
lane,56.158277245464866,-3.39993339381545,1664981661,3252,1964,58,Female,N,1121,Cowdenbeath,Fife,KY4,Fife
lane,56.08575539924486,-3.262413897023773,1664981696,3249,1974,48,Female,N,1117,"Kirkcaldy (west: Hayfield, Templehall, Newliston, Chapel, Dunnikier, Bennochy)",Fife,KY2,Fife
lane,55.57199858986216,-4.658846683763619,1664981925,3261,1978,44,Female,N,785,"Irvine (east, south: Perceton, Lawthorn, Girdle Toll, Stanecastle, Bourtreehill, Broomlands, Dreghorn, Springside)","North Ayrshire",KA11,Ayrshire
lane,56.47588673705972,-3.0164639482466415,1664982050,1352,1962,60,Male,N,237,"Blackness, Dundee",Dundee,"Dundee Central","Tayside and Angus (Dundee)"
lane,57.11435226645353,-2.5796690078265394,1664982279,3267,1976,46,Female,Y,22,Banchory,Aberdeenshire,AB31,"North East (Aberdeen)"
lane,55.861099612500134,-3.3652424307261986,1664982469,3250,1942,80,Male,Y,320,"Newington, Edinburgh",Edinburgh,"Edinburgh South","Lothian (Edinburgh)"
lane,55.24128443448709,-2.8774367518369566,1664982644,3284,1983,39,Male,Y,1493,Hawick,"Scottish Borders",TD9,Borders
lane,55.593974061781914,-4.3203218713434275,1664982670,3287,1978,44,Male,N,795,Newmilns,"East Ayrshire",KA16,Ayrshire
lane,55.74188977007753,-3.9360066151039526,1664982849,3300,1998,24,Female,N,1217,Larkhall,"North Lanarkshire",ML9,Glasgow
lane,56.396111323088995,-3.655211443975502,1664982889,3285,1993,29,Female,Y,1313,"Perth (north and west: Burghmuir, Cherrybank, Hillyland, Inveralmond, Lethom, Muirton, North Muirton, Tulloch)","Perth and Kinross",PH1,Fife
lane,60.35955240575567,-0.989625292066342,1664982926,3293,1980,42,Female,Y,1555,Hamnavoe,"Shetland Isles",ZE2,"Shetland Islands"
lane,56.13063313252231,-3.2652199729108133,1664983051,3291,1989,33,Male,Y,1126,Cardenden,Fife,KY5,Fife
lane,57.66373770564404,-2.847810569747186,1664983103,3301,1988,34,Female,N,90,Buckie,Moray,AB56,"North East (Aberdeen)"
lane,55.953357711423976,-3.1564768430453265,1664983204,2673,1956,66,Male,N,281,"Portobello, Edinburgh",Edinburgh,"Edinburgh Duddingston","Lothian (Edinburgh)"
lane,55.436826454291214,-3.9695654339346733,1664983382,3299,1964,58,Male,Y,212,Kirkconnel,"Dumfries and Galloway",DG4,"Dumfries and Galloway"
lane,55.02551371098135,-5.030176308992492,1664983593,3325,1963,59,Female,Y,824,Girvan,"South Ayrshire",KA26,Ayrshire
lane,55.60652642037425,-4.248756747221745,1664983800,3328,1982,40,Female,Y,796,Darvel,"East Ayrshire",KA17,Ayrshire
lane,59.265283341607216,-2.883762633365042,1664983943,3336,1974,48,Female,Y,1025,"Orkney Islands",Orkney,KW17,"Orkney Islands"
lane,55.61534192260063,-4.673197355011461,1664983977,3327,1961,61,Male,Y,787,"Irvine (centre: Castlepark, Tarryholme)","North Ayrshire",KA12,Ayrshire
lane,55.4958380546487,-2.896291231745076,1664984062,3345,1986,36,Male,N,1479,Selkirk,"Scottish Borders",TD7,Borders
lane,55.859128350112535,-3.952175964891637,1664984094,3331,1966,56,Male,Y,1192,Airdrie,"North Lanarkshire",ML6,Glasgow
lane,55.84501071554092,-4.5263548775554865,1664984349,3365,1968,54,Male,Y,1276,Johnstone,Renfrewshire,PA5,Glasgow
lane,55.935641229720794,-3.2629926246391827,1664984869,3096,1988,34,Male,Y,287,"Corstorphine, Edinburgh",Edinburgh,"Edinburgh North","Lothian (Edinburgh)"
lane,55.79797637736534,-4.250821537837854,1664985017,3381,1975,47,Male,Y,571,"Castlemilk, Glasgow",Glasgow,"Glasgow Castlemilk",Glasgow
lane,56.49021062515386,-2.8250674175538335,1664985113,3385,1996,26,Male,Y,249,Monifieth,Angus,"Dundee East","Tayside and Angus (Dundee)"
lane,56.497512116476436,-3.0094884528821177,1664985544,3404,1959,63,Male,Y,243,"Hilltown, Dundee",Dundee,"Dundee Central","Tayside and Angus (Dundee)"
lane,55.88099538093481,-4.472816602561342,1664985587,3396,1990,32,Male,Y,1264,Renfrew,Renfrewshire,PA4,Glasgow
lane,57.689226812044815,-2.9068857582800742,1664985772,3403,1964,58,Male,N,90,Buckie,Moray,AB56,"North East (Aberdeen)"
lane,57.61949046658996,-3.287755640950176,1664985818,3409,1999,23,Female,Y,737,Elgin,Moray,IV30,"North East (Aberdeen)"
lane,56.669922461698455,-3.4405520143326944,1664985855,3406,1987,35,Male,N,1318,Blairgowrie,"Perth and Kinross",PH10,Fife
lane,55.87328357339501,-3.604672417996398,1664985867,3419,1971,51,Female,Y,366,Whitburn,"West Lothian",EH47,"Lothian (Edinburgh)"
lane,56.12118818948322,-3.2056628354792487,1664985946,3417,1969,53,Male,Y,1117,"Kirkcaldy (west: Hayfield, Templehall, Newliston, Chapel, Dunnikier, Bennochy)",Fife,KY2,Fife
lane,55.69797497384475,-3.4985010775608383,1664986043,3418,1995,27,Male,Y,1167,Lanark,"South Lanarkshire",ML11,Glasgow
lane,55.616262643695855,-4.579657491112094,1664986144,3422,1977,45,Male,Y,809,Dundonald,"South Ayrshire",KA2,Ayrshire
lane,55.82717894472411,-4.443102827494763,1664986215,3368,1962,60,Male,N,1236,"Paisley (south: Blackhall, Castlehead, Dykebar, Foxbar, Hunterhill, Meikleriggs)",Renfrewshire,PA2,Glasgow
lane,55.79285690702227,-4.437385170416744,1664986400,3442,1967,55,Male,Y,540,Barrhead,"East Renfrewshire",G78,Glasgow
lane,55.72360904161094,-4.772635422210224,1664986403,3450,1987,35,Male,Y,815,Dalry,"North Ayrshire",KA24,Ayrshire
lane,57.63132106461971,-1.9388256925238798,1664986563,3441,1965,57,Female,Y,57,Fraserburgh,Aberdeenshire,AB43,"North East (Aberdeen)"
lane,55.840714167557394,-4.531030790489726,1664986576,3443,1948,74,Female,N,1276,Johnstone,Renfrewshire,PA5,Glasgow
lane,55.882094158784334,-3.5001955715070663,1664986612,3440,1968,54,Male,N,375,Livingston,"West Lothian",EH54,"Lothian (Edinburgh)"
lane,56.09585699431218,-3.287389382450256,1664986815,3407,1993,29,Female,Y,1117,"Kirkcaldy (west: Hayfield, Templehall, Newliston, Chapel, Dunnikier, Bennochy)",Fife,KY2,Fife
lane,55.909355734504516,-3.108698486316782,1664987138,3459,1977,45,Male,N,323,"Moredun, Edinburgh",Edinburgh,"Edinburgh Southeast","Lothian (Edinburgh)"
lane,56.27073421706505,-3.1839426776612725,1664987517,3471,1975,47,Female,N,1105,Cupar,Fife,KY15,Fife
lane,55.82032638289347,-4.071553845698653,1664988009,3485,1976,46,Male,Y,628,"Balornock, Glasgow",Glasgow,"Glasgow Northeast",Glasgow
lane,57.21259462446366,-2.206965229705401,1664988065,3499,1973,49,Male,N,112,"Dyce, Aberdeen",Aberdeen,"Aberdeen North","North East (Aberdeen)"
lane,55.99904439800425,-3.855868624864903,1664988237,3491,1989,33,Male,Y,450,Stenhousemuir,Falkirk,FK5,"Stirling and Falkirk"
lane,56.66194832368757,-5.410214518960161,1664988249,3487,1964,58,Male,Y,1377,"Fort William",Highland,PH33,"Highlands (Inverness)"
lane,56.01204278792135,-3.5662469612871326,1664988448,3501,1962,60,Other,Y,370,Bo'ness,Falkirk,EH51,"Lothian (Edinburgh)"
lane,56.47602506284177,-2.920849200074714,1664988627,3504,1967,55,Female,Y,256,"Whitfield, Dundee",Dundee,"Dundee North","Tayside and Angus (Dundee)"
lane,55.86307996803561,-3.0884692805059406,1664988703,3508,1956,66,Female,Y,328,Bonnyrigg,Midlothian,EH19,"Lothian (Edinburgh)"
lane,55.84221147288495,-2.625367004460129,1664988786,3370,1950,72,Male,Y,1423,Duns,"Scottish Borders",TD11,Borders
lane,56.49588505724298,-2.995479461486463,1664989284,3516,1982,40,Male,Y,242,"St Marys, Dundee",Dundee,"Dundee Central","Tayside and Angus (Dundee)"
lane,55.659754998685614,-4.769028795567177,1664989332,3533,1977,45,Female,N,812,Saltcoats,"East Ayrshire",KA21,Ayrshire
lane,55.99656218642729,-2.831595176346774,1664989452,3474,1944,78,Female,N,348,Prestonpans,"East Lothian",EH32,"Lothian (Edinburgh)"
lane,55.787463548691555,-3.9823805716513627,1664989612,3543,1961,61,Other,Y,1151,Motherwell,"North Lanarkshire",ML1,Glasgow
lane,55.908755085620385,-3.575031520470456,1664989613,3538,1993,29,Female,Y,375,Livingston,"West Lothian",EH54,"Lothian (Edinburgh)"
lane,55.655084631209995,-4.7844124968821635,1664989648,3475,1964,58,Male,N,812,Saltcoats,"East Ayrshire",KA21,Ayrshire
lane,55.670696376452035,-4.594626305189668,1664989791,3212,1999,23,Male,Y,788,Kilwinning,"North Ayrshire",KA13,Ayrshire
lane,56.09740469199066,-3.3372833065596548,1664989937,3546,1976,46,Female,Y,1121,Cowdenbeath,Fife,KY4,Fife
lane,55.43889075104952,-4.658673547300232,1664990267,3551,1972,50,Male,Y,856,"Ayr (Centre)","South Ayrshire",KA7,Ayrshire
lane,56.4175614425539,-3.710317072419765,1664990299,3552,1975,47,Male,Y,1313,"Perth (north and west: Burghmuir, Cherrybank, Hillyland, Inveralmond, Lethom, Muirton, North Muirton, Tulloch)","Perth and Kinross",PH1,Fife
lane,55.79186658584151,-4.067011251774774,1664990535,3559,1978,44,Male,Y,1183,Hamilton,"South Lanarkshire",ML3,Glasgow
lane,55.93249630451431,-3.7844867272293308,1664990704,3574,1992,30,Female,Y,377,"Falkirk (centre and south: Arnothill, Bantaskin, Callendar Park, Glen Village, Hallglen, Lionthorn, Tamfourhill, Woodlands)",Falkirk,FK1,"Stirling and Falkirk"
lane,56.16567187714803,-3.1111087309010252,1664990832,3564,1952,70,Female,Y,1079,"Kirkcaldy (east: Linktown, Port Brae, Pathhead, Sinclairtown, Smeaton, Gallatown)",Fife,KY1,Fife
lane,56.15058978368606,-3.405226314829861,1664991158,3565,1959,63,Male,Y,1124,Kelty,Fife,KY4,Fife
lane,55.87792738508498,-4.121427845897122,1664991325,3591,1962,60,Female,N,632,"Springburn, Glasgow",Glasgow,"Glasgow Northeast",Glasgow
lane,60.573346944340564,-1.0952712851425432,1664991405,3583,1968,54,Female,Y,1555,Hamnavoe,"Shetland Isles",ZE2,"Shetland Islands"
lane,55.86601294291703,-4.262183265640276,1664991462,3188,1970,52,Male,N,578,"Townhead, Glasgow",Glasgow,"Glasgow City Centre",Glasgow
lane,56.4805198814604,-2.926320484072094,1664991585,3606,1981,41,Female,Y,251,"Kirkton, Dundee",Dundee,"Dundee North","Tayside and Angus (Dundee)"
lane,57.14056054592551,-2.09762943856986,1664991800,3601,1963,59,Female,N,127,"Torry, Aberdeen",Aberdeen,"Aberdeen Southeast","North East (Aberdeen)"
lane,55.86840313155889,-4.120858804663898,1664991823,3616,1961,61,Female,N,605,"Ruchazie, Glasgow",Glasgow,"Glasgow Northeast",Glasgow
lane,55.502038099968416,-3.229499028901594,1664992067,3607,1991,31,Male,Y,1479,Selkirk,"Scottish Borders",TD7,Borders
lane,55.81947527851448,-4.2582340592998085,1664992086,3625,1966,56,Male,Y,647,"Pollokshields, Glasgow",Glasgow,"Glasgow South",Glasgow
lane,55.91734144876477,-3.6807295894532426,1664992166,3629,1995,27,Male,Y,368,Bathgate,"West Lothian",EH48,"Lothian (Edinburgh)"
lane,55.91262239192834,-3.357243850028349,1664992222,3599,1966,56,Female,Y,304,"Cramond, Edinburgh",Edinburgh,"Edinburgh Northwest","Lothian (Edinburgh)"
lane,55.42742122899953,-3.8124347900780364,1664992340,3644,1969,53,Male,N,214,Sanquhar,"Dumfries and Galloway",DG4,"Dumfries and Galloway"
lane,55.89821101288382,-3.6662395486537873,1664992375,3632,1971,51,Male,Y,368,Bathgate,"West Lothian",EH48,"Lothian (Edinburgh)"
lane,56.76277156269318,-2.5325143289679075,1664992541,3634,1968,54,Male,Y,140,Montrose,Angus,DD10,"Tayside and Angus (Dundee)"
lane,56.127118182938254,-3.128691446119519,1664992766,3561,1974,48,Female,Y,1079,"Kirkcaldy (east: Linktown, Port Brae, Pathhead, Sinclairtown, Smeaton, Gallatown)",Fife,KY1,Fife
lane,57.62350762318733,-2.9186380634988103,1664992790,3605,1999,23,Female,Y,90,Buckie,Moray,AB56,"North East (Aberdeen)"
lane,55.96069290992394,-2.92738039330255,1664992797,3658,1995,27,Female,Y,349,Tranent,"East Lothian",EH33,"Lothian (Edinburgh)"
lane,55.8431936753077,-3.9070146148323066,1664993032,3652,1995,27,Male,Y,1153,Newarthill,"North Lanarkshire",ML1,Glasgow
lane,57.5077724997471,-1.9048493108524005,1664993236,3665,1998,24,Male,Y,54,Peterhead,Aberdeenshire,AB42,"North East (Aberdeen)"
lane,56.508261771154686,-2.6883435221984504,1664993270,3657,1973,49,Female,Y,178,Carnoustie,Angus,DD7,"Tayside and Angus (Dundee)"
lane,55.47709778694744,-4.561813195409543,1664993288,3667,1993,29,Female,Y,851,Coylton,"South Ayrshire",KA6,Ayrshire
lane,55.63945257520994,-4.656843982215611,1664993520,3674,1960,62,Female,Y,787,"Irvine (centre: Castlepark, Tarryholme)","North Ayrshire",KA12,Ayrshire
lane,55.779644540453624,-3.9392280642721142,1664993557,3661,1966,56,Female,Y,1180,Wishaw,"North Lanarkshire",ML2,Glasgow
lane,55.90922101443569,-3.2060444365951573,1664993637,3680,1974,48,Male,Y,310,"Balerno, Edinburgh",Edinburgh,"Edinburgh South","Lothian (Edinburgh)"
lane,55.78843462315302,-4.306727969266199,1664993845,3684,1965,57,Male,N,660,"Arden, Glasgow",Glasgow,"Glasgow South",Glasgow
lane,55.88484658034565,-3.1980407783091795,1664994133,3686,1969,53,Male,Y,320,"Newington, Edinburgh",Edinburgh,"Edinburgh South","Lothian (Edinburgh)"
lane,54.80246459853035,-4.367060306842763,1664994301,3702,1964,58,Female,Y,225,"Newton Stewart","Dumfries and Galloway",DG8,"Dumfries and Galloway"
lane,55.789549530620874,-4.036070032340714,1664994422,3696,1961,61,Male,Y,1183,Hamilton,"South Lanarkshire",ML3,Glasgow
lane,55.40451554557734,-3.9149915977003014,1664994680,3716,1973,49,Female,N,214,Sanquhar,"Dumfries and Galloway",DG4,"Dumfries and Galloway"
lane,55.9541690955509,-3.1758110716058976,1664995144,3736,1997,25,Female,Y,269,"Gorgie, Edinburgh",Edinburgh,"Edinburgh Central","Lothian (Edinburgh)"
lane,55.94743259568323,-3.6102042380719452,1664995304,3743,1976,46,Female,Y,369,Linlithgow,"West Lothian",EH49,"Lothian (Edinburgh)"
lane,57.68673833703014,-3.3282749192604117,1664995644,3763,1981,41,Female,Y,737,Elgin,Moray,IV30,"North East (Aberdeen)"
lane,55.65154130110642,-4.653554419277575,1664995652,3765,1998,24,Female,N,788,Kilwinning,"North Ayrshire",KA13,Ayrshire
lane,57.63689230649237,-3.14580118493706,1664995670,3768,1978,44,Female,Y,739,Fochabers,Moray,IV32,"North East (Aberdeen)"
lane,55.92152418544267,-3.6922706600266673,1664995711,3770,1978,44,Female,Y,367,Armadale,"West Lothian",EH48,"Lothian (Edinburgh)"
lane,56.48253892952276,-2.9129435624569884,1664995907,3774,1970,52,Female,Y,250,"Downfield, Dundee",Dundee,"Dundee North","Tayside and Angus (Dundee)"
lane,56.14300206291364,-3.4644446265721367,1664995976,3781,1959,63,Female,Y,1122,Crossgates,Fife,KY4,Fife
lane,55.769901081857626,-3.91769498195116,1664996063,3788,1976,46,Other,Y,1180,Wishaw,"North Lanarkshire",ML2,Glasgow
lane,55.63319859067323,-4.716435960674755,1664996184,3791,1998,24,Female,Y,811,Stevenston,"North Ayrshire",KA20,Ayrshire
lane,57.6937316399956,-3.318160923209734,1664996552,3779,1976,46,Male,Y,738,Lossiemouth,Moray,IV31,"North East (Aberdeen)"
lane,57.665553709430164,-3.327600541633261,1664996750,3817,1987,35,Male,N,737,Elgin,Moray,IV30,"North East (Aberdeen)"
lane,55.83156961840382,-4.372329991653693,1664997377,3833,1968,54,Male,Y,665,"Pollockshaws, Glasgow",Glasgow,"Glasgow Southwest",Glasgow
lane,55.90448598105425,-3.5582614713647485,1664997450,3829,1979,43,Male,N,375,Livingston,"West Lothian",EH54,"Lothian (Edinburgh)"
lane,55.15813386018362,-3.5855665223540907,1664997500,3836,1974,48,Female,Y,186,"Dumfries (centre and east: Dalscone, Georgetown, Heathhall, Kingholm Quay, Noblehill, The Crichton)","Dumfries and Galloway",DG1,"Dumfries and Galloway"
lane,55.78080408271614,-4.680139306164622,1664997639,3821,1973,49,Male,Y,817,Kilbirnie,"North Ayrshire",KA25,Ayrshire
lane,56.93342615482046,-2.59906131512825,1664998237,3867,1973,49,Male,Y,25,Torphins,Aberdeenshire,AB31,"North East (Aberdeen)"
lane,55.8295429488636,-4.046921587869412,1664998335,3852,1955,67,Male,N,1186,Bellshill,"North Lanarkshire",ML4,Glasgow
lane,55.97940238058865,-3.956185719996061,1664998456,3870,1960,62,Male,N,444,Dennyloanhead, Falkirk,FK4,"Stirling and Falkirk"
lane,55.91547601923013,-3.5080292272434894,1664998690,3882,1966,56,Male,Y,375,Livingston,"West Lothian",EH54,"Lothian (Edinburgh)"
lane,56.46631602207677,-2.9451673198454547,1664999099,3305,1985,37,Male,Y,254,"Douglas, Dundee",Dundee,"Dundee North","Tayside and Angus (Dundee)"
lane,55.853351478175576,-4.442828760205552,1664999163,3904,1981,41,Male,Y,1248,Linwood,Renfrewshire,PA3,Glasgow
lane,55.928395400727474,-2.92865226482745,1664999373,3908,1953,69,Female,N,349,Tranent,"East Lothian",EH33,"Lothian (Edinburgh)"
lane,55.96783548606615,-2.9674440208944173,1664999664,3908,1953,69,Female,N,349,Tranent,"East Lothian",EH33,"Lothian (Edinburgh)"
lane,55.74635758377107,-3.561666730259415,1664999690,3808,1980,42,Male,Y,1167,Lanark,"South Lanarkshire",ML11,Glasgow
lane,55.85532864947699,-4.1614285018891914,1665000582,3961,1969,53,Female,N,628,"Balornock, Glasgow",Glasgow,"Glasgow Northeast",Glasgow
lane,55.83592086872486,-4.003234850089786,1665000684,3968,1981,41,Female,Y,1151,Motherwell,"North Lanarkshire",ML1,Glasgow
lane,55.90917122357535,-4.464293706337128,1665000685,3965,1971,51,Male,Y,1306,Erskine,Renfrewshire,PA8,Glasgow
lane,57.614409807354505,-3.327483032022668,1665000726,3972,1972,50,Male,N,737,Elgin,Moray,IV30,"North East (Aberdeen)"
lane,55.34154083849934,-2.5782586834571797,1665000742,3946,1966,56,Male,Y,1493,Hawick,"Scottish Borders",TD9,Borders
lane,56.748414850761684,-3.3675249454266307,1665000756,3954,1987,35,Female,N,1319,"Bridge of Cally","Perth and Kinross",PH10,Fife
lane,55.92933972366826,-3.0131069311322074,1665000862,3978,1991,31,Female,Y,330,Musselburgh,"East Lothian",EH21,"Lothian (Edinburgh)"
lane,56.47091928388853,-3.0198954665210738,1665000924,3958,1966,56,Male,N,236,"Lochee, Dundee",Dundee,"Dundee Central","Tayside and Angus (Dundee)"
lane,55.64131036447542,-4.240346048451316,1665000989,2949,1981,41,Female,Y,796,Darvel,"East Ayrshire",KA17,Ayrshire
lane,55.491984585843774,-4.394204116475037,1665001099,3981,1998,24,Female,Y,846,Mauchline,"East Ayrshire",KA5,Ayrshire
lane,56.83357882425821,-3.421074149294195,1665001322,3987,1989,33,Female,N,1318,Blairgowrie,"Perth and Kinross",PH10,Fife
lane,60.1434851145763,-1.2951643653292282,1665001343,3984,1977,45,Female,N,1501,Scalloway,"Shetland Isles",ZE1,"Shetland Islands"
lane,56.48938685640516,-3.0049464117050655,1665001591,3988,1957,65,Male,N,239,"Charleston, Dundee",Dundee,"Dundee Central","Tayside and Angus (Dundee)"
lane,55.844078723310744,-4.09954425998771,1665001701,4003,1974,48,Female,Y,627,"Dennistoun, Glasgow",Glasgow,"Glasgow Northeast",Glasgow
lane,56.00493165211829,-4.21213912885473,1665001863,4021,1995,27,Female,Y,508,Lennoxtown,"East Dunbartonshire",G66,Glasgow
lane,55.44661873481053,-4.135792103048381,1665001900,4004,1977,45,Male,Y,798,Cumnock,"East Ayrshire",KA18,Ayrshire
lane,55.791432837749326,-4.004632963289262,1665001918,4008,1977,45,Female,Y,1151,Motherwell,"North Lanarkshire",ML1,Glasgow
lane,59.90849573852809,-1.374166474310754,1665002194,4015,1989,33,Male,N,1552,Gulberwick,"Shetland Isles",ZE2,"Shetland Islands"
lane,55.81864431100923,-4.040851707599541,1665002257,4028,1984,38,Male,Y,1186,Bellshill,"North Lanarkshire",ML4,Glasgow
lane,57.71488358250546,-3.3214945878489885,1665002347,3779,1976,46,Male,Y,738,Lossiemouth,Moray,IV31,"North East (Aberdeen)"
lane,55.930168649814405,-3.2539935124868604,1665002386,4011,1970,52,Female,N,267,"Sighthill, Edinburgh",Edinburgh,"Edinburgh Central","Lothian (Edinburgh)"
lane,55.570898126396465,-2.645881604108459,1665002536,4030,1972,50,Female,N,1468,Melrose,"Scottish Borders",TD6,Borders
lane,55.97702828160157,-3.224248783075508,1665002725,4048,1968,54,Male,N,278,"Granton, Edinburgh",Edinburgh,"Edinburgh Clermiston Granton","Lothian (Edinburgh)"
lane,55.95913402746875,-3.1433442020778566,1665002853,4046,1962,60,Male,N,285,"Leith, Edinburgh",Edinburgh,"Edinburgh Leith","Lothian (Edinburgh)"
lane,56.020485686490204,-3.6874524780337623,1665003275,4067,1952,70,Female,Y,439,Grangemouth,Falkirk,FK3,"Stirling and Falkirk"
lane,55.96650795497635,-3.2590730170618563,1665003781,4079,1973,49,Female,Y,278,"Granton, Edinburgh",Edinburgh,"Edinburgh Clermiston Granton","Lothian (Edinburgh)"
lane,57.689544355114734,-2.8910659958748397,1665003863,4072,1996,26,Female,Y,90,Buckie,Moray,AB56,"North East (Aberdeen)"
lane,55.384637465895885,-4.287117701793085,1665004044,4099,1977,45,Female,N,802,"New Cumnock","East Ayrshire",KA18,Ayrshire
lane,56.274683956423765,-2.8897902052223894,1665004099,4089,1985,37,Male,Y,1639,Auchtermuchty,Fife,KY15,Fife
lane,55.489119961234024,-4.043042344874884,1665004247,4057,1997,25,Male,Y,798,Cumnock,"East Ayrshire",KA18,Ayrshire
lane,55.910327572617895,-3.720755916496091,1665004359,4105,1972,50,Male,Y,368,Bathgate,"West Lothian",EH48,"Lothian (Edinburgh)"
lane,60.16828344948715,-1.2473431824548342,1665004372,4102,1958,64,Female,N,1500,Lerwick,"Shetland Isles",ZE1,"Shetland Islands"
lane,57.46346914484046,-2.132237848790322,1665004454,4111,1983,39,Female,Y,49,Ellon,Aberdeenshire,AB41,"North East (Aberdeen)"
lane,55.39349899386172,-5.58324424638608,1665004538,4106,1960,62,Female,N,1246,Campbeltown,"Argyll and Bute",PA28,"Argyll and Bute"
lane,55.89722344457477,-4.425150183087872,1665004557,4133,1998,24,Female,Y,1306,Erskine,Renfrewshire,PA8,Glasgow
lane,56.48053256634818,-2.8844065209901357,1665004674,4128,1972,50,Female,Y,255,"Fintry, Dundee",Dundee,"Dundee North","Tayside and Angus (Dundee)"
lane,55.462451486260186,-4.355703895655477,1665004748,4057,1997,25,Male,Y,798,Cumnock,"East Ayrshire",KA18,Ayrshire
lane,55.63361011327294,-4.177794916338068,1665004892,4117,1962,60,Female,Y,1160,Strathaven,"North Lanarkshire",ML10,Glasgow
lane,55.861221256687756,-4.372582171745765,1665005366,4151,1982,40,Male,N,664,"Toryglen, Glasgow",Glasgow,"Glasgow Southwest",Glasgow
lane,56.49412561729322,-2.9503738885900233,1665005470,4152,1988,34,Male,Y,251,"Kirkton, Dundee",Dundee,"Dundee North","Tayside and Angus (Dundee)"
lane,55.64663671888787,-3.9831561414106362,1665005583,4013,1982,40,Female,Y,1163,Coalburn,"South Lanarkshire",ML11,Glasgow
lane,55.86605359674092,-4.178736052589096,1665005588,4162,1957,65,Female,Y,602,"Baillieston, Glasgow",Glasgow,"Glasgow Northeast",Glasgow
lane,55.79441351598868,-3.768413798605613,1665005623,4164,1974,48,Male,Y,366,Whitburn,"West Lothian",EH47,"Lothian (Edinburgh)"
lane,56.099681019429646,-3.3044772749945817,1665005625,4171,1978,44,Female,Y,1121,Cowdenbeath,Fife,KY4,Fife
lane,55.715598507051695,-2.971355831418916,1665005642,4163,1981,41,Female,Y,1415,Stow,"Scottish Borders",TD1,Borders
lane,55.90335677370447,-2.2580517108336977,1665005671,4168,1981,41,Female,N,1431,Eyemouth,"Scottish Borders",TD14,Borders
lane,56.07547473744563,-3.7019691017049214,1665006141,4180,1964,58,Female,N,391,Alloa,Clackmannanshire,FK10,"Stirling and Falkirk"
lane,54.81184155487355,-4.995184767082902,1665006194,4205,1967,55,Female,Y,231,Stranraer,"Dumfries and Galloway",DG9,"Dumfries and Galloway"
lane,56.02534217623111,-3.429624798513215,1665006295,4135,1991,31,Male,N,1090,"Dunfermline (south and east: Halbeath, Touch, Duloch, Masterton, Pitcorthie, Abbeyview, Brucefield, Hospital Hill, Camdean, Pitreavie)",Fife,KY11,Fife
lane,55.83262463679778,-4.266664286378096,1665006363,4191,1980,42,Female,N,651,"Cathcart, Glasgow",Glasgow,"Glasgow South",Glasgow
lane,55.72113446445603,-3.9976331197389876,1665006415,4196,1985,37,Male,N,1183,Hamilton,"South Lanarkshire",ML3,Glasgow
lane,55.860021340556806,-3.6841029478469776,1665006537,4192,1990,32,Female,Y,366,Whitburn,"West Lothian",EH47,"Lothian (Edinburgh)"
lane,57.58350343114107,-3.3554675420881495,1665006664,4212,1968,54,Female,N,737,Elgin,Moray,IV30,"North East (Aberdeen)"
lane,55.0974064919268,-3.572038894463005,1665006770,4215,1975,47,Male,Y,186,"Dumfries (centre and east: Dalscone, Georgetown, Heathhall, Kingholm Quay, Noblehill, The Crichton)","Dumfries and Galloway",DG1,"Dumfries and Galloway"
lane,55.53913214044294,-3.888490260879917,1665007011,4233,1985,37,Male,Y,1167,Lanark,"South Lanarkshire",ML11,Glasgow
lane,55.94200364556466,-2.8688241432330086,1665007358,4231,1952,70,Female,Y,349,Tranent,"East Lothian",EH33,"Lothian (Edinburgh)"
lane,55.934936449205146,-4.115598422272035,1665007544,4252,1963,59,Male,Y,507,Kirkintilloch,"East Dunbartonshire",G66,Glasgow
lane,56.003544954604905,-2.8428205984813726,1665007858,4264,1970,52,Female,Y,346,"Cockenzie and Port Seton","East Lothian",EH32,"Lothian (Edinburgh)"
lane,55.51632705135906,-4.085279644907391,1665008120,4265,1953,69,Male,N,802,"New Cumnock","East Ayrshire",KA18,Ayrshire
lane,55.61117128846196,-4.678822619174279,1665008382,4279,1999,23,Female,Y,787,"Irvine (centre: Castlepark, Tarryholme)","North Ayrshire",KA12,Ayrshire
lane,56.25042755658557,-3.145557235978065,1665008447,4276,1976,46,Male,Y,1639,Auchtermuchty,Fife,KY15,Fife
lane,55.855634210854504,-5.139127252302799,1665008614,4284,1975,47,Female,Y,1237,"Isle of Bute","Argyll and Bute",PA20,"Argyll and Bute"
lane,56.1808208726626,-3.1834852193252625,1665009686,4304,1957,65,Female,N,1130,Leslie,Fife,KY6,Fife
lane,56.08607621272622,-4.104418725184323,1665011201,4339,1974,48,Female,Y,464,"Stirling (south and east: Braehead, Borestone, Broomridge, Torbrex)",Stirlingshire,FK7,"Stirling and Falkirk"
lane,57.16443130667294,-3.055413490565556,1665011417,4341,1986,36,Other,Y,40,Strathdon,Aberdeenshire,AB36,"North East (Aberdeen)"
lane,55.99005288830508,-3.8695716973393925,1665011452,4343,1992,30,Male,Y,441,Bonnybridge,Falkirk,FK4,"Stirling and Falkirk"
lane,55.969289777268486,-2.530751790777365,1665011552,4346,1996,26,Female,Y,359,Dunbar,"East Lothian",EH42,"Lothian (Edinburgh)"
lane,56.19916179032975,-3.026604226878145,1665011634,4312,1987,35,Male,Y,1141,Largo,Fife,KY8,Fife
lane,56.13160969820627,-3.734008773214392,1665012377,4354,1985,37,Male,N,389,Tullibody,Clackmannanshire,FK10,"Stirling and Falkirk"
lane,56.07701797989514,-3.1949594980605673,1665013342,3249,1974,48,Female,N,1117,"Kirkcaldy (west: Hayfield, Templehall, Newliston, Chapel, Dunnikier, Bennochy)",Fife,KY2,Fife
lane,59.10912786750959,-3.0812788172077346,1665014087,4373,1994,28,Female,Y,1025,"Orkney Islands",Orkney,KW17,"Orkney Islands"
lane,54.803737822010156,-5.040663947796114,1665017183,4394,1977,45,Female,N,231,Stranraer,"Dumfries and Galloway",DG9,"Dumfries and Galloway"
lane,56.06548467281119,-3.7453250980557167,1665019652,4402,1993,29,Other,Y,422,"Falkirk (north: Grahamston, Middlefield, Westfield)",Falkirk,FK2,"Stirling and Falkirk"
lane,56.52678270255274,-2.7605497178934217,1665020694,4409,1983,39,Female,N,178,Carnoustie,Angus,DD7,"Tayside and Angus (Dundee)"
lane,55.9566340780913,-3.2260479626932423,1665027132,4419,1966,56,Female,Y,278,"Granton, Edinburgh",Edinburgh,"Edinburgh Clermiston Granton","Lothian (Edinburgh)"
lane,56.07210122266778,-3.9250572713420007,1665029357,4423,1965,57,Male,N,464,"Stirling (south and east: Braehead, Borestone, Broomridge, Torbrex)",Stirlingshire,FK7,"Stirling and Falkirk"
lane,55.96920608607926,-4.230406380607992,1665032665,4434,1967,55,Female,N,508,Lennoxtown,"East Dunbartonshire",G66,Glasgow
lane,55.42982547782462,-4.66536519822208,1665036323,4453,1972,50,Male,Y,856,"Ayr (Centre)","South Ayrshire",KA7,Ayrshire
lane,55.890872346656614,-4.445572594713161,1665038007,4470,1969,53,Male,N,1306,Erskine,Renfrewshire,PA8,Glasgow
lane,55.28224363291578,-2.9781144556812027,1665038167,4473,1979,43,Male,Y,1493,Hawick,"Scottish Borders",TD9,Borders
lane,56.722440152739864,-2.992729687827386,1665038603,4475,1971,51,Female,Y,179,Forfar,Angus,DD8,"Tayside and Angus (Dundee)"
lane,55.86219218695086,-4.088066918050092,1665039109,4481,1960,62,Male,N,628,"Balornock, Glasgow",Glasgow,"Glasgow Northeast",Glasgow
lane,55.786570995976206,-4.138423521263812,1665040060,4486,1967,55,Female,Y,529,Cambuslang,"South Lanarkshire",G72,Glasgow
lane,55.93799906518223,-3.1416922578731743,1665040131,4488,1995,27,Other,Y,325,"Niddrie, Edinburgh",Edinburgh,"Edinburgh Southeast","Lothian (Edinburgh)"
lane,56.050947742924926,-5.116203739576091,1665040247,4490,1988,34,Male,Y,1241,Dunoon,"Argyll and Bute",PA23,"Argyll and Bute"
lane,56.46503612290574,-2.9396127326605876,1665040787,4494,1948,74,Female,Y,254,"Douglas, Dundee",Dundee,"Dundee North","Tayside and Angus (Dundee)"
lane,56.47203244336992,-3.039354396234292,1665041515,4501,1945,77,Female,N,242,"St Marys, Dundee",Dundee,"Dundee Central","Tayside and Angus (Dundee)"
lane,55.70680260222562,-4.173217111006146,1665041680,4502,1988,34,Male,N,533,Auldhouse,"South Lanarkshire",G75,Glasgow
lane,55.12520412317877,-3.575584788870864,1665043028,4499,1961,61,Female,N,186,"Dumfries (centre and east: Dalscone, Georgetown, Heathhall, Kingholm Quay, Noblehill, The Crichton)","Dumfries and Galloway",DG1,"Dumfries and Galloway"
lane,55.97351704708414,-3.176468147947348,1665043418,4468,1958,64,Male,Y,285,"Leith, Edinburgh",Edinburgh,"Edinburgh Leith","Lothian (Edinburgh)"
lane,55.85299423886459,-4.160354307730733,1665043648,4527,1982,40,Female,Y,617,"Dalmarnock, Glasgow",Glasgow,"Glasgow Northeast",Glasgow
lane,55.767984764596164,-4.784912926713985,1665046005,4542,1976,46,Female,Y,815,Dalry,"North Ayrshire",KA24,Ayrshire
lane,55.825623728488225,-4.372547509621615,1665046030,4545,1981,41,Female,Y,681,"Nitshill, Glasgow",Glasgow,"Glasgow Southwest",Glasgow
lane,55.651248294294575,-3.0602057779974206,1665046832,4554,1987,35,Male,Y,361,Innerleithen,"Scottish Borders",EH44,Borders
lane,55.726650286399604,-3.939945435429615,1665046876,4559,1955,67,Male,N,1217,Larkhall,"North Lanarkshire",ML9,Glasgow
lane,56.48318577638791,-2.9319002405429946,1665047284,4555,1956,66,Female,N,252,"Linlathen and Midcraigie, Dundee",Dundee,"Dundee North","Tayside and Angus (Dundee)"
lane,57.121835018901535,-2.1330065365793898,1665050265,4587,1993,29,Male,Y,126,"Bridge of Dee, Aberdeen",Aberdeen,"Aberdeen Southeast","North East (Aberdeen)"
lane,55.85812682929658,-4.627309852637492,1665052094,4605,1996,26,Male,Y,1224,"Bridge of Weir",Renfrewshire,PA11,Glasgow
lane,55.57626258131359,-4.472415029201636,1665052328,4440,1973,49,Female,N,779,"Kilmarnock (centre and south: Bonnyton, Grange, Bellfield, Shortlees, Caprington, Riccarton, Hurlford)","East Ayrshire",KA1,Ayrshire
lane,55.904765088847654,-3.6019365995392607,1665052492,4613,1990,32,Male,Y,367,Armadale,"West Lothian",EH48,"Lothian (Edinburgh)"
lane,55.27707494752841,-4.385739669593812,1665052581,4617,1987,35,Male,N,852,Dalmellington,"East Ayrshire",KA6,Ayrshire
lane,55.29927534796929,-3.3012663724395024,1665052862,4625,1992,30,Female,Y,196,Lockerbie,"Dumfries and Galloway",DG11,"Dumfries and Galloway"
lane,57.557216595970225,-3.9181392335203675,1665053653,4635,1976,46,Male,Y,702,Auldearn,Highland,IV12,"Highlands (Inverness)"
lane,57.380144866483825,-2.05606222079357,1665054082,4640,1988,34,Male,Y,49,Ellon,Aberdeenshire,AB41,"North East (Aberdeen)"
lane,55.427077514790305,-4.665378646819443,1665054481,4646,1961,61,Male,Y,856,"Ayr (Centre)","South Ayrshire",KA7,Ayrshire
lane,55.350835296307174,-4.14585938551215,1665054758,4650,1971,51,Other,Y,798,Cumnock,"East Ayrshire",KA18,Ayrshire
lane,56.15564320320723,-3.5255382395336996,1665055348,4657,1967,55,Male,Y,1098,Kinross,"Perth and Kinross",KY13,Fife
lane,55.3217611678361,-2.759838807032375,1665055876,4658,1970,52,Male,Y,1493,Hawick,"Scottish Borders",TD9,Borders
lane,55.85223260845157,-3.641020267055133,1665056585,4574,1974,48,Female,N,366,Whitburn,"West Lothian",EH47,"Lothian (Edinburgh)"
lane,55.94920105304014,-4.762111258619004,1665057446,4681,1944,78,Male,N,1230,"Greenock (central and east: Bogston, Bridgend, Cartsdyke, Gibshill, Greenock Central, Ladyburn, Upper Ingleston)",Inverclyde,PA15,Glasgow
lane,55.436355100096335,-4.477878397991429,1665057646,4677,1979,43,Male,Y,851,Coylton,"South Ayrshire",KA6,Ayrshire
lane,55.791913618823095,-4.060220920137111,1665058692,4683,1976,46,Female,Y,1183,Hamilton,"South Lanarkshire",ML3,Glasgow
lane,56.02297696440425,-2.652473463248573,1665058964,4686,1979,43,Female,Y,359,Dunbar,"East Lothian",EH42,"Lothian (Edinburgh)"
lane,56.083256831822204,-3.269157789437795,1665060562,4697,1998,24,Female,Y,1117,"Kirkcaldy (west: Hayfield, Templehall, Newliston, Chapel, Dunnikier, Bennochy)",Fife,KY2,Fife
lane,56.230346983767575,-3.2354942327693705,1665062988,4708,1958,64,Female,N,1129,"Glenrothes (west: Caskieberran, Rimbleton, Macedonia, Tanshall)",Fife,KY6,Fife
lane,55.80430178282416,-4.354534213429587,1665063164,4628,1991,31,Male,Y,678,"Cardonald, Glasgow",Glasgow,"Glasgow Southwest",Glasgow
lane,60.15213851772899,-1.2485106440139857,1665067113,4721,1985,37,Female,N,1500,Lerwick,"Shetland Isles",ZE1,"Shetland Islands"
lane,56.20263476386584,-2.9897067049622024,1665069456,4730,1961,61,Female,Y,1141,Largo,Fife,KY8,Fife
lane,55.797734046828495,-4.053357612024355,1665070469,4732,1990,32,Female,Y,526,Viewpark,"North Lanarkshire",G71,Glasgow
lane,56.48692965009357,-3.030817146817827,1665074501,4758,1968,54,Female,Y,236,"Lochee, Dundee",Dundee,"Dundee Central","Tayside and Angus (Dundee)"
lane,54.97122580694633,-3.1730604629735395,1665082598,4805,1976,46,Female,Y,197,Annan,"Dumfries and Galloway",DG12,"Dumfries and Galloway"
lane,55.48380772078779,-4.623402041442133,1665083211,4815,1977,45,Other,Y,865,Dalmilling,"South Ayrshire",KA8,Ayrshire
lane,57.15181419306906,-2.568410172283764,1665084259,4859,1990,32,Male,Y,64,Inverurie,Aberdeenshire,AB51,"North East (Aberdeen)"
lane,55.50513814918594,-4.414922477634341,1665084871,4872,2004,18,Male,N,846,Mauchline,"East Ayrshire",KA5,Ayrshire
lane,55.785273087600295,-3.9049332116060778,1665085712,4888,1985,37,Male,N,1177,Newmains,"North Lanarkshire",ML2,Glasgow
lane,57.627458071620595,-3.338128715822098,1665086275,4907,1967,55,Female,N,737,Elgin,Moray,IV30,"North East (Aberdeen)"
lane,55.84076069737223,-4.219202898974471,1665087024,4917,1969,53,Male,Y,631,"Royston, Glasgow",Glasgow,"Glasgow Northeast",Glasgow
lane,55.78714152315598,-4.28198172968544,1665087253,4845,1969,53,Male,Y,647,"Pollokshields, Glasgow",Glasgow,"Glasgow South",Glasgow
lane,56.08175384191411,-3.552904317421221,1665087729,4927,1961,61,Male,Y,1096,"Dunfermline (centre, north, west: Abbey Parks, Lady's Mill, Garvock, Headwell, Kingseathill, Wellwood, Milesmark, Baldridge, Pittencrieff, Baldridgeburn)",Fife,KY12,Fife
lane,55.61913692331656,-4.6902178961676295,1665087780,4931,1967,55,Male,Y,787,"Irvine (centre: Castlepark, Tarryholme)","North Ayrshire",KA12,Ayrshire
lane,56.44063834673942,-3.2492092281442284,1665087842,4930,1984,38,Male,N,1354,"Perth (south and east: Barnhill, Bridgend, Craigie, Kincarrathie, Upper Craigie)","Perth and Kinross",PH2,Fife
lane,55.89374650907675,-3.343121181799212,1665087898,4923,1977,45,Male,Y,317,"Marchmont, Edinburgh",Edinburgh,"Edinburgh South","Lothian (Edinburgh)"
lane,55.75605045841935,-4.033620215919777,1665088353,4933,1998,24,Female,Y,1183,Hamilton,"South Lanarkshire",ML3,Glasgow
lane,55.66096849423842,-4.4987237500363255,1665088770,1005,1971,51,Male,Y,837,"Kilmarnock (north: Onthank, Townholm, Altonhill, Longpark, Beansburn, New Farm Loch, Knockinlaw, Hillhead, Crookedholm)","East Ayrshire",KA3,Ayrshire
lane,55.46716281617131,-4.5956697759275915,1665088815,4874,1997,25,Male,N,868,"Newton on Ayr","South Ayrshire",KA8,Ayrshire
lane,55.46502264734709,-2.190153811985638,1665089044,4964,1981,41,Female,N,1451,Kelso,"Scottish Borders",TD5,Borders
lane,55.838519565076695,-4.178325845434883,1665089507,4968,1981,41,Female,N,624,"Springboig, Glasgow",Glasgow,"Glasgow Northeast",Glasgow
lane,56.00177182824122,-3.635135812122777,1665089568,4966,1967,55,Male,Y,370,Bo'ness,Falkirk,EH51,"Lothian (Edinburgh)"
lane,56.13398931598721,-3.2754736958994957,1665089842,4972,1973,49,Female,Y,1125,Ballingry,Fife,KY5,Fife
lane,56.271398117495295,-2.6700149626729304,1665090168,4984,1977,45,Male,N,1086,Anstruther,Fife,KY10,Fife
lane,55.84508552405416,-4.427260320872215,1665090598,4974,1993,29,Male,Y,1220,"Paisley (central, east and north east: Ferguslie, Oldhall, Seedhill, Williamsburgh, Whitehaugh)",Renfrewshire,PA1,Glasgow
lane,57.153655706719015,-3.0168262629094764,1665091288,4341,1986,36,Other,Y,40,Strathdon,Aberdeenshire,AB36,"North East (Aberdeen)"
lane,57.18329682683502,-3.2883133245189105,1665091476,4341,1986,36,Other,Y,40,Strathdon,Aberdeenshire,AB36,"North East (Aberdeen)"
lane,55.805774130543384,-3.0745039029530883,1665091596,5003,1995,27,Male,N,338,Gorebridge,Midlothian,EH23,"Lothian (Edinburgh)"
lane,55.92945426861081,-3.2535876675435214,1665091742,5006,1983,39,Male,N,267,"Sighthill, Edinburgh",Edinburgh,"Edinburgh Central","Lothian (Edinburgh)"
lane,56.461232176554695,-3.1479602740591983,1665091915,5008,1989,33,Female,Y,1326,Inchture,"Perth and Kinross",PH14,Fife
lane,57.07904347299029,-2.408661316631711,1665092093,5010,1997,25,Female,Y,22,Banchory,Aberdeenshire,AB31,"North East (Aberdeen)"
lane,56.2180225003571,-2.7619290071827334,1665093138,5020,1970,52,Male,Y,1083,Crail,Fife,KY10,Fife
lane,55.430888527441084,-4.701465670092055,1665093894,4478,1962,60,Female,Y,856,"Ayr (Centre)","South Ayrshire",KA7,Ayrshire
lane,56.87890691835467,-2.51182822397576,1665095368,5049,1986,36,Female,Y,18,Laurencekirk,Aberdeenshire,AB30,"North East (Aberdeen)"
lane,55.47375053795203,-4.156542857116712,1665096852,5061,1958,64,Male,Y,802,"New Cumnock","East Ayrshire",KA18,Ayrshire
lane,55.48838549701296,-4.037430157170091,1665098877,5085,1982,40,Male,Y,798,Cumnock,"East Ayrshire",KA18,Ayrshire
lane,55.800294184944974,-3.879636182512472,1665101508,5088,1966,56,Male,Y,1180,Wishaw,"North Lanarkshire",ML2,Glasgow
lane,56.19447157153571,-3.1866911454550126,1665104040,4838,1961,61,Male,Y,1129,"Glenrothes (west: Caskieberran, Rimbleton, Macedonia, Tanshall)",Fife,KY6,Fife
lane,59.16767291416398,-3.0011972327969283,1665124758,5111,1962,60,Female,Y,1025,"Orkney Islands",Orkney,KW17,"Orkney Islands"
lane,56.47049259628557,-3.014679348981888,1665125672,5115,1961,61,Female,Y,240,"Ardler, Dundee",Dundee,"Dundee Central","Tayside and Angus (Dundee)"
lane,54.87914499182087,-5.019634023994497,1665126294,5120,1967,55,Female,Y,231,Stranraer,"Dumfries and Galloway",DG9,"Dumfries and Galloway"
lane,55.69844534734126,-4.37128366173759,1665128187,5123,1987,35,Female,Y,837,"Kilmarnock (north: Onthank, Townholm, Altonhill, Longpark, Beansburn, New Farm Loch, Knockinlaw, Hillhead, Crookedholm)","East Ayrshire",KA3,Ayrshire
lane,55.52964974173628,-4.453917323619382,1665129239,5134,2004,18,Male,N,846,Mauchline,"East Ayrshire",KA5,Ayrshire
lane,55.9503587823545,-3.21006704391216,1665129776,5112,1988,34,Male,Y,296,"Davidson's Mains, Edinburgh",Edinburgh,"Edinburgh North","Lothian (Edinburgh)"
lane,55.56500715329475,-4.037490586391832,1665129886,5141,2004,18,Male,N,802,"New Cumnock","East Ayrshire",KA18,Ayrshire
lane,56.14883613539121,-3.920241635300281,1665129948,5126,1967,55,Male,N,479,"Stirling (north: Causewayhead, Cornton)",Stirlingshire,FK9,"Stirling and Falkirk"
lane,55.14132487617207,-4.674812305746167,1665130066,5140,2006,16,Male,N,824,Girvan,"South Ayrshire",KA26,Ayrshire
lane,55.469122451897405,-4.626442237816626,1665130178,5131,1961,61,Male,Y,868,"Newton on Ayr","South Ayrshire",KA8,Ayrshire
lane,55.82284513993557,-4.4159881206297955,1665132168,5148,1958,64,Male,Y,1236,"Paisley (south: Blackhall, Castlehead, Dykebar, Foxbar, Hunterhill, Meikleriggs)",Renfrewshire,PA2,Glasgow
lane,55.71645591910478,-3.9821271868299264,1665132941,5125,1954,68,Female,Y,1183,Hamilton,"South Lanarkshire",ML3,Glasgow
lane,55.62541500554873,-4.533663237045038,1665134284,5159,1995,27,Male,Y,837,"Kilmarnock (north: Onthank, Townholm, Altonhill, Longpark, Beansburn, New Farm Loch, Knockinlaw, Hillhead, Crookedholm)","East Ayrshire",KA3,Ayrshire
lane,57.58450467272173,-3.45141482895664,1665136656,5168,1966,56,Female,N,737,Elgin,Moray,IV30,"North East (Aberdeen)"
lane,55.91018159956097,-3.29113470565128,1665136851,5172,1988,34,Other,Y,264,"Slateford, Edinburgh",Edinburgh,"Edinburgh Central","Lothian (Edinburgh)"
lane,55.91534310085208,-4.422864539310081,1665137140,5177,1969,53,Male,Y,546,Clydebank,"West Dunbartonshire",G81,Glasgow
lane,55.56431309365203,-3.886270814933061,1665137203,5175,1963,59,Female,N,1167,Lanark,"South Lanarkshire",ML11,Glasgow
lane,56.532477511036326,-3.4592278651947086,1665137439,5182,1954,68,Male,Y,1313,"Perth (north and west: Burghmuir, Cherrybank, Hillyland, Inveralmond, Lethom, Muirton, North Muirton, Tulloch)","Perth and Kinross",PH1,Fife
lane,57.24522499690678,-2.064272359665788,1665137666,5189,2006,16,Male,N,113,"Bridge of Don, Aberdeen",Aberdeen,"Aberdeen North","North East (Aberdeen)"
lane,56.13895405559411,-3.23874006305299,1665138351,5205,1964,58,Female,N,1128,Lochgelly,Fife,KY5,Fife
lane,55.87163577697921,-4.150265222714517,1665139301,5211,1951,71,Female,Y,627,"Dennistoun, Glasgow",Glasgow,"Glasgow Northeast",Glasgow
lane,55.73239905491804,-4.0719325461418645,1665142505,5225,1971,51,Male,Y,1183,Hamilton,"South Lanarkshire",ML3,Glasgow
lane,57.658604816705264,-2.493010476329231,1665143410,5237,1998,24,Other,School,59,Banff,Aberdeenshire,AB45,"North East (Aberdeen)"
lane,55.742018679789325,-4.706000312414709,1665144931,5242,1954,68,Female,Y,817,Kilbirnie,"North Ayrshire",KA25,Ayrshire
lane,55.964076180810906,-3.1425788521548763,1665145743,5248,1992,30,Female,Y,285,"Leith, Edinburgh",Edinburgh,"Edinburgh Leith","Lothian (Edinburgh)"
lane,55.38641679735927,-4.759484388146629,1665148596,5263,1968,54,Female,Y,856,"Ayr (Centre)","South Ayrshire",KA7,Ayrshire
lane,55.941558837899166,-4.046071951931787,1665156138,5283,2001,21,Female,Y,517,"Cumbernauld (north: Balloch, Eastfield, Carrickstone, Smithstone, Blackwood, Westfield)","North Lanarkshire",G68,Glasgow
lane,55.95036493746384,-3.9219449847893872,1665158171,5299,1967,55,Male,N,514,"Cumbernauld (south: Condorrat, Lenziemill, Carbrain, Kildrum, Cumbernauld Village, Abronhill, Seafar)","North Lanarkshire",G67,Glasgow
lane,55.882223812706904,-3.163737183319361,1665168464,5330,1978,44,Male,N,329,Loanhead,Midlothian,EH20,"Lothian (Edinburgh)"
lane,55.68285096677363,-3.223263084332419,1665171849,5035,1968,54,Female,Y,362,Peebles,"Scottish Borders",EH45,Borders
lane,56.485544436239685,-2.953637463160437,1665174975,5355,1992,30,Male,N,252,"Linlathen and Midcraigie, Dundee",Dundee,"Dundee North","Tayside and Angus (Dundee)"
lane,57.657042813995844,-2.9084174973976706,1665176832,5361,1981,41,Male,Y,91,Cullen,Moray,AB56,"North East (Aberdeen)"
lane,55.25057404415411,-3.9104243551686206,1665179427,5369,1957,65,Female,Y,210,Thornhill,"Dumfries and Galloway",DG3,"Dumfries and Galloway"
lane,55.927202110680604,-3.686834830792157,1665182356,5381,1958,64,Female,N,368,Bathgate,"West Lothian",EH48,"Lothian (Edinburgh)"
lane,57.07592999798696,-2.7413932917886457,1665182782,5382,1981,41,Female,Y,33,Aboyne,Aberdeenshire,AB34,"North East (Aberdeen)"
lane,55.86905110041039,-3.1050275783163963,1665183512,5386,1967,55,Female,Y,328,Bonnyrigg,Midlothian,EH19,"Lothian (Edinburgh)"
lane,55.91384174334849,-4.399669052606287,1665191824,4415,1976,46,Male,N,544,Faifley,"West Dunbartonshire",G81,Glasgow
lane,54.73508672977194,-4.471538052915444,1665212804,5400,1977,45,Male,N,225,"Newton Stewart","Dumfries and Galloway",DG8,"Dumfries and Galloway"
lane,55.85151218677038,-3.105215293288135,1665217620,5407,1992,30,Female,Y,328,Bonnyrigg,Midlothian,EH19,"Lothian (Edinburgh)"
lane,55.47539736804536,-2.7820092327628343,1665218160,5410,1970,52,Male,Y,1492,Denholm,"Scottish Borders",TD9,Borders
lane,55.53790678750462,-4.552825910242682,1665218456,5411,1960,62,Male,N,779,"Kilmarnock (centre and south: Bonnyton, Grange, Bellfield, Shortlees, Caprington, Riccarton, Hurlford)","East Ayrshire",KA1,Ayrshire
lane,55.355623027954096,-4.192170216609011,1665220282,5413,1988,34,Female,Y,798,Cumnock,"East Ayrshire",KA18,Ayrshire
lane,55.40957371278753,-4.595607206794554,1665220530,5417,1982,40,Male,Y,852,Dalmellington,"East Ayrshire",KA6,Ayrshire
lane,55.893900166218025,-3.350953392216828,1665224718,5424,1968,54,Other,N,311,"Currie, Edinburgh",Edinburgh,"Edinburgh South","Lothian (Edinburgh)"
lane,55.87595857072127,-4.333358039206226,1665233224,5434,1965,57,Female,Y,638,"Drumchapel, Glasgow",Glasgow,"Glasgow Northwest",Glasgow
lane,56.06949723682181,-4.117060779605523,1665235021,5437,1969,53,Female,Y,464,"Stirling (south and east: Braehead, Borestone, Broomridge, Torbrex)",Stirlingshire,FK7,"Stirling and Falkirk"
lane,56.325266736899835,-2.7098641796227345,1665238410,5445,1956,66,Female,N,1114,"St Andrews",Fife,KY16,Fife
lane,55.618573589359166,-4.538425415680622,1665241672,5448,1999,23,Male,Y,810,Knockentiber,"East Ayrshire",KA2,Ayrshire
lane,55.69177972452956,-3.8177917389189693,1665244173,5454,1950,72,Male,N,1167,Lanark,"South Lanarkshire",ML11,Glasgow
lane,55.44783169983787,-4.141361057051793,1665253001,5464,1957,65,Male,Y,802,"New Cumnock","East Ayrshire",KA18,Ayrshire
lane,56.198959593415395,-3.0990554576384963,1665255733,5467,1988,34,Female,N,1133,"Glenrothes (centre and east: Pitteuchar, Finglassie, Stenton, Auchmuty, Pitcoudie, Balfarg, Pircairn, Collydean)",Fife,KY7,Fife
lane,55.43870485271815,-2.5388104435326744,1665258713,5446,1970,52,Female,Y,1486,Jedburgh,"Scottish Borders",TD8,Borders
lane,55.924007065907674,-3.0921352596025824,1665265945,5486,1972,50,Male,N,334,Dalkeith,Midlothian,EH22,"Lothian (Edinburgh)"
lane,55.81778373358226,-4.524614869931596,1665299376,5495,1997,25,Female,Y,1275,Elderslie,Renfrewshire,PA5,Glasgow
lane,55.97377962924,-3.167360559588122,1665299895,5497,1966,56,Female,N,285,"Leith, Edinburgh",Edinburgh,"Edinburgh Leith","Lothian (Edinburgh)"
lane,55.973360825366356,-3.1501051989905924,1665300117,5497,1966,56,Female,N,285,"Leith, Edinburgh",Edinburgh,"Edinburgh Leith","Lothian (Edinburgh)"
lane,55.46863546978455,-3.9636199271306913,1665305713,3418,1995,27,Male,Y,1167,Lanark,"South Lanarkshire",ML11,Glasgow
lane,55.775011780140616,-4.32540704931834,1665333178,5546,1959,63,Male,Y,539,"Newton Mearns","East Renfrewshire",G77,Glasgow
lane,56.479653650915,-2.996614454700578,1665338306,5548,1960,62,Male,Y,234,"Baxter Park, Dundee",Dundee,"Dundee Bluebelt","Tayside and Angus (Dundee)"
lane,55.92380164730129,-2.512901124573748,1665339423,5542,1949,73,Male,Y,359,Dunbar,"East Lothian",EH42,"Lothian (Edinburgh)"
lane,56.0715891672572,-3.6754732764028257,1665339673,5551,2003,19,Female,Y,386,Clackmannan,Clackmannanshire,FK10,"Stirling and Falkirk"
lane,56.12481510138993,-3.4015732895841753,1665340281,5550,1977,45,Female,Y,1121,Cowdenbeath,Fife,KY4,Fife
lane,57.665157188466765,-3.22392821973673,1665344454,5560,1977,45,Female,Y,737,Elgin,Moray,IV30,"North East (Aberdeen)"
lane,56.46937089588541,-2.952261014361587,1665349381,5566,1979,43,Male,Y,234,"Baxter Park, Dundee",Dundee,"Dundee Bluebelt","Tayside and Angus (Dundee)"
lane,55.55483662348792,-4.654564659035805,1665391223,5582,1973,49,Female,Y,784,Troon,"South Ayrshire",KA10,Ayrshire
lane,56.47869922801581,-2.915425954539087,1665391975,5307,1972,50,Male,Y,255,"Fintry, Dundee",Dundee,"Dundee North","Tayside and Angus (Dundee)"
lane,55.909928463916486,-2.976752731754101,1665392239,5588,1960,62,Male,N,334,Dalkeith,Midlothian,EH22,"Lothian (Edinburgh)"
lane,55.909267566191836,-3.0720302800021755,1665392308,5590,1985,37,Female,N,334,Dalkeith,Midlothian,EH22,"Lothian (Edinburgh)"
lane,54.974127416904736,-4.735346469713634,1665405516,5599,1987,35,Female,Y,225,"Newton Stewart","Dumfries and Galloway",DG8,"Dumfries and Galloway"
lane,55.89370379094888,-4.329425888902669,1665413991,3118,2004,18,Female,Y,586,"Kelvinside, Glasgow",Glasgow,"Glasgow Kelvin",Glasgow
lane,56.241793197398295,-2.9899491506406988,1665429983,5615,1953,69,Female,Y,1140,Leven,Fife,KY8,Fife
lane,55.89027039594716,-4.193141472251582,1665435018,5618,1982,40,Female,Y,623,"Shettleston, Glasgow",Glasgow,"Glasgow Northeast",Glasgow
lane,55.80714585866263,-4.1538041220183395,1665440054,5628,1988,34,Female,Y,529,Cambuslang,"South Lanarkshire",G72,Glasgow
lane,56.597153888929256,-2.9758364440464047,1665440183,5627,1966,56,Female,Y,179,Forfar,Angus,DD8,"Tayside and Angus (Dundee)"
lane,55.66828158517177,-4.747745289780981,1665447905,5631,1943,79,Female,Y,812,Saltcoats,"East Ayrshire",KA21,Ayrshire
lane,55.71543757198789,-3.917807089539085,1665450701,5632,1991,31,Female,Y,1217,Larkhall,"North Lanarkshire",ML9,Glasgow
lane,55.90930999772743,-4.321777463243504,1665468529,5636,1981,41,Male,Y,488,Bearsden,"East Dunbartonshire",G61,Glasgow
lane,56.175374674008154,-3.234503349613891,1665475953,5643,1989,33,Female,Y,1126,Cardenden,Fife,KY5,Fife
lane,56.081406137562205,-3.88553296732822,1665476453,5644,1954,68,Male,N,457,Bannockburn,Stirlingshire,FK7,"Stirling and Falkirk"
lane,56.2278871739632,-2.9785002264871947,1665481464,5649,1978,44,Female,N,1142,Methil,Fife,KY8,Fife
lane,56.0173584711287,-4.101716148676764,1665488767,5655,1994,28,Male,Y,506,Kilsyth,"North Lanarkshire",G65,Glasgow
lane,56.23813956801142,-3.2310815194309512,1665504712,5584,1970,52,Male,N,1129,"Glenrothes (west: Caskieberran, Rimbleton, Macedonia, Tanshall)",Fife,KY6,Fife
lane,55.988465139928515,-4.080894678344037,1665504959,5655,1994,28,Male,Y,506,Kilsyth,"North Lanarkshire",G65,Glasgow
lane,55.949819534282646,-4.054041915258218,1665505100,5655,1994,28,Male,Y,506,Kilsyth,"North Lanarkshire",G65,Glasgow
lane,55.8283030070432,-4.782352820390423,1665505147,5669,1965,57,Male,Y,842,Largs,"North Ayrshire",KA30,Ayrshire
lane,55.836176313168394,-4.772605221159319,1665505820,5669,1965,57,Male,Y,842,Largs,"North Ayrshire",KA30,Ayrshire
lane,55.82342841965266,-4.787268349254038,1665506123,5669,1965,57,Male,Y,842,Largs,"North Ayrshire",KA30,Ayrshire
lane,56.229895043660385,-3.0688433849566183,1665526378,5678,1982,40,Female,Y,1139,Kennoway,Fife,KY8,Fife
lane,55.72068953867706,-3.835254371626814,1665573139,5683,1955,67,Female,Y,1212,Carluke,"South Lanarkshire",ML8,Glasgow
lane,55.678868561727874,-4.589329136211918,1665574247,5682,1996,26,Female,Y,788,Kilwinning,"North Ayrshire",KA13,Ayrshire
lane,55.74552950023048,-4.018468039528586,1665575747,5686,1980,42,Male,Y,1183,Hamilton,"South Lanarkshire",ML3,Glasgow
lane,55.93962212255703,-4.431624169108653,1665595655,5696,1963,59,Female,N,546,Clydebank,"West Dunbartonshire",G81,Glasgow
lane,55.150724682822776,-4.097328001252572,1665638747,5703,1977,45,Male,Y,220,"Castle Douglas","Dumfries and Galloway",DG7,"Dumfries and Galloway"
lane,55.63251092863586,-4.376680512540114,1665662378,5710,1994,28,Female,Y,795,Newmilns,"East Ayrshire",KA16,Ayrshire
lane,56.009555481764856,-3.5674608580828227,1665664472,5712,1962,60,Female,Y,370,Bo'ness,Falkirk,EH51,"Lothian (Edinburgh)"
lane,59.90045322259321,-1.3827044092359733,1665667093,5715,1970,52,Male,Y,1535,"Easter Quarff","Shetland Isles",ZE2,"Shetland Islands"
lane,55.01924163145284,-3.3281175414324498,1665671656,5719,1963,59,Female,Y,197,Annan,"Dumfries and Galloway",DG12,"Dumfries and Galloway"
lane,60.13659399150185,-1.3022005847159641,1665678392,5723,1970,52,Female,Y,1500,Lerwick,"Shetland Isles",ZE1,"Shetland Islands"
lane,55.907640973259866,-3.227492631535166,1665699529,5728,1969,53,Male,N,305,"Oxgangs, Edinburgh",Edinburgh,"Edinburgh Oxgangs","Lothian (Edinburgh)"
lane,55.591733617174604,-4.425071663529975,1665773997,5749,1991,31,Male,Y,779,"Kilmarnock (centre and south: Bonnyton, Grange, Bellfield, Shortlees, Caprington, Riccarton, Hurlford)","East Ayrshire",KA1,Ayrshire
lane,55.622542819004735,-4.604273110583542,1665790481,5753,2000,22,Male,N,785,"Irvine (east, south: Perceton, Lawthorn, Girdle Toll, Stanecastle, Bourtreehill, Broomlands, Dreghorn, Springside)","North Ayrshire",KA11,Ayrshire
lane,55.78686164447537,-4.551245131578894,1665835125,5769,1978,44,Male,N,1308,Howwood,Renfrewshire,PA9,Glasgow
lane,56.004722033629214,-4.23777714972833,1665835176,5774,1993,29,Male,Y,507,Kirkintilloch,"East Dunbartonshire",G66,Glasgow
lane,55.75361655915671,-4.163665540558163,1665835367,5788,1960,62,Male,N,534,"East Kilbride (south: Hairmyres, Westwood, The Murray, Murray East, Whitehills, Greenhill, Newlandsmuir, Gardenhall, Crosshouse, Newlands, Lindsayfield, Mossneuk)","South Lanarkshire",G75,Glasgow
lane,55.95774632260226,-4.007012854874164,1665835433,5783,1993,29,Female,Y,517,"Cumbernauld (north: Balloch, Eastfield, Carrickstone, Smithstone, Blackwood, Westfield)","North Lanarkshire",G68,Glasgow
lane,55.8836991997365,-4.216222912689671,1665835606,5767,1994,28,Male,Y,618,"Carmyle, Glasgow",Glasgow,"Glasgow Northeast",Glasgow
lane,55.43271375709683,-4.555438857218036,1665835660,5800,1997,25,Male,Y,851,Coylton,"South Ayrshire",KA6,Ayrshire
lane,56.00721739899442,-3.6267575854412044,1665835824,5803,1995,27,Male,Y,370,Bo'ness,Falkirk,EH51,"Lothian (Edinburgh)"
lane,55.649201225623365,-4.8094570529985186,1665835926,5799,1988,34,Male,N,813,Ardrossan,"North Ayrshire",KA22,Ayrshire
lane,55.4178527675555,-4.734397754178767,1665836029,5806,1989,33,Male,Y,856,"Ayr (Centre)","South Ayrshire",KA7,Ayrshire
lane,55.939712987158416,-3.089001335521264,1665836596,5809,1980,42,Male,N,280,"Duddingston, Edinburgh",Edinburgh,"Edinburgh Duddingston","Lothian (Edinburgh)"
lane,55.8205466253214,-4.138752548546489,1665836637,5818,1973,49,Female,N,529,Cambuslang,"South Lanarkshire",G72,Glasgow
lane,55.91693327307907,-3.487884070019183,1665837463,5816,1995,27,Male,Y,371,Broxburn,"West Lothian",EH52,"Lothian (Edinburgh)"
lane,55.80811997384026,-4.079359212662399,1665838884,5843,1996,26,Male,Y,526,Viewpark,"North Lanarkshire",G71,Glasgow
lane,55.416779826041186,-4.654674406514827,1665842725,5851,1991,31,Female,N,856,"Ayr (Centre)","South Ayrshire",KA7,Ayrshire
lane,56.35700424382045,-4.028479368192862,1665844925,5863,1968,54,Male,Y,1399,Comrie,"Perth and Kinross",PH6,Fife
lane,55.92544956599109,-3.0895245131844047,1665845765,5866,1959,63,Male,Y,334,Dalkeith,Midlothian,EH22,"Lothian (Edinburgh)"
lane,55.74020374949784,-3.996013636023615,1665850071,5877,1995,27,Male,N,1218,Netherburn,"North Lanarkshire",ML9,Glasgow
lane,56.32337174525917,-4.735629356198201,1665851471,5879,1987,35,Male,N,557,Alexandria,"West Dunbartonshire",G83,"Argyll and Bute"
lane,56.49898507216819,-2.949640644843046,1665853902,5883,1964,58,Male,Y,256,"Whitfield, Dundee",Dundee,"Dundee North","Tayside and Angus (Dundee)"
lane,55.8589882882356,-4.097454484871383,1665857922,5889,1970,52,Female,Y,632,"Springburn, Glasgow",Glasgow,"Glasgow Northeast",Glasgow
lane,55.80442975339043,-4.208750510531193,1665870783,5892,1966,56,Female,Y,574,"Fernhill, Glasgow",Glasgow,"Glasgow Castlemilk",Glasgow
lane,55.939513658630446,-4.085167758044102,1666003955,5918,1958,64,Male,Y,507,Kirkintilloch,"East Dunbartonshire",G66,Glasgow
lane,55.90908456370558,-3.1440719014037666,1666013177,5923,1990,32,Other,Y,322,"Gilmerton, Edinburgh",Edinburgh,"Edinburgh Southeast","Lothian (Edinburgh)"
lane,55.035443300587346,-4.971914896776618,1666075119,5935,1965,57,Female,Y,824,Girvan,"South Ayrshire",KA26,Ayrshire
lane,60.158109280199234,-1.2506856615415904,1666128345,5939,1966,56,Male,N,1500,Lerwick,"Shetland Isles",ZE1,"Shetland Islands"
lane,55.81785261718305,-3.674876735912493,1666173109,5945,2002,20,Female,N,365,Stoneyburn,"West Lothian",EH47,"Lothian (Edinburgh)"
lane,56.4661097941977,-2.928736209316887,1666218796,5954,1972,50,Female,Y,251,"Kirkton, Dundee",Dundee,"Dundee North","Tayside and Angus (Dundee)"
lane,55.620136647595686,-4.653933164224351,1666245253,5955,1999,23,Male,Y,787,"Irvine (centre: Castlepark, Tarryholme)","North Ayrshire",KA12,Ayrshire
lane,56.06633948917402,-3.6813278468413735,1666272244,5963,1997,25,Female,Y,391,Alloa,Clackmannanshire,FK10,"Stirling and Falkirk"
lane,55.411972926401994,-4.755394363697301,1666403930,5978,1949,73,Male,N,856,"Ayr (Centre)","South Ayrshire",KA7,Ayrshire
lane,56.22087760641179,-2.887862177191236,1666510998,5984,1962,60,Female,Y,1140,Leven,Fife,KY8,Fife
lane,55.20613716647446,-3.6020844089224076,1666637798,3112,1989,33,Male,Y,186,"Dumfries (centre and east: Dalscone, Georgetown, Heathhall, Kingholm Quay, Noblehill, The Crichton)","Dumfries and Galloway",DG1,"Dumfries and Galloway"
lane,56.201892116916724,-3.998005090173811,1666644258,5998,1997,25,Other,N,405,Dunblane,Stirlingshire,FK15,"Stirling and Falkirk"
lane,56.234422632653214,-2.888549083219387,1666722996,6007,1947,75,Female,N,1140,Leven,Fife,KY8,Fife
lane,55.87565687699256,-3.368803140506953,1666726869,6010,1947,75,Male,Y,313,"Colinton, Edinburgh",Edinburgh,"Edinburgh South","Lothian (Edinburgh)"
lane,55.82209595230234,-4.7794057209188034,1667215819,6033,2006,16,Male,School,842,Largs,"North Ayrshire",KA30,Ayrshire
lane,57.60961690651165,-2.863460226283734,1667255764,6050,1977,45,Female,Y,90,Buckie,Moray,AB56,"North East (Aberdeen)"
lane,55.93515142458896,-3.2716083728671967,1667266734,6051,1996,26,Female,Y,290,"North Leith, Edinburgh",Edinburgh,"Edinburgh North","Lothian (Edinburgh)"
lane,54.99935189359706,-4.950484882770136,1667306063,6052,1974,48,Female,Y,223,Glenluce,"Dumfries and Galloway",DG8,"Dumfries and Galloway"
lane,57.68928556254124,-3.3043895422911067,1667314195,6053,1967,55,Female,N,738,Lossiemouth,Moray,IV31,"North East (Aberdeen)"
lane,57.68882630456948,-3.326726771739794,1667332399,6060,1967,55,Female,Y,738,Lossiemouth,Moray,IV31,"North East (Aberdeen)"
lane,55.808390837733214,-3.9524329665944116,1667403111,6062,1985,37,Male,Y,1151,Motherwell,"North Lanarkshire",ML1,Glasgow
lane,57.645856994638365,-2.9696852008566257,1667730624,6073,1967,55,Male,Y,90,Buckie,Moray,AB56,"North East (Aberdeen)"
lane,55.90250156627787,-4.2113664941536335,1668700830,6099,1987,35,Male,Y,603,"Carntyne, Glasgow",Glasgow,"Glasgow Northeast",Glasgow
lane,55.191040176893836,-3.760000503884293,1669159103,6120,1992,30,Female,Y,207,"Dumfries (west: Broomlands, Cargenbridge, Lochside, Maxwelltown, Troqueer)","Dumfries and Galloway",DG2,"Dumfries and Galloway"
lane,55.55295329355006,-4.567668524941222,1670519558,6136,1995,27,Female,Y,779,"Kilmarnock (centre and south: Bonnyton, Grange, Bellfield, Shortlees, Caprington, Riccarton, Hurlford)","East Ayrshire",KA1,Ayrshire
lane,55.712374861834206,-4.213646943601305,1671796161,6154,1973,49,Male,N,534,"East Kilbride (south: Hairmyres, Westwood, The Murray, Murray East, Whitehills, Greenhill, Newlandsmuir, Gardenhall, Crosshouse, Newlands, Lindsayfield, Mossneuk)","South Lanarkshire",G75,Glasgow
lane,57.45555396374769,-2.8440201710381183,1672858584,2016,1997,25,Female,Y,83,Huntly,Aberdeenshire,AB54,"North East (Aberdeen)"
lane,54.933222748439746,-4.9610014618913825,1672960283,6161,2000,23,Female,Y,231,Stranraer,"Dumfries and Galloway",DG9,"Dumfries and Galloway"
lane,55.9252750944054,-4.43370159341063,1673857178,6178,1977,46,Female,N,546,Clydebank,"West Dunbartonshire",G81,Glasgow
lane,55.93839923542404,-2.4748873594834597,1675454815,6203,2001,22,Other,Y,359,Dunbar,"East Lothian",EH42,"Lothian (Edinburgh)"
lane,55.84648478212331,-3.09650429396398,1675695768,6217,2009,14,Male,School,328,Bonnyrigg,Midlothian,EH19,"Lothian (Edinburgh)"
lane,55.812185425127296,-4.360718758093777,1677057443,6247,1966,57,Female,N,664,"Toryglen, Glasgow",Glasgow,"Glasgow Southwest",Glasgow
lane,55.98041736822179,-3.8257508312076878,1677369182,6257,1955,68,Male,Y,377,"Falkirk (centre and south: Arnothill, Bantaskin, Callendar Park, Glen Village, Hallglen, Lionthorn, Tamfourhill, Woodlands)",Falkirk,FK1,"Stirling and Falkirk"
lane,56.05515937991242,-3.362278457783946,1677597849,6264,1970,53,Male,Y,1090,"Dunfermline (south and east: Halbeath, Touch, Duloch, Masterton, Pitcorthie, Abbeyview, Brucefield, Hospital Hill, Camdean, Pitreavie)",Fife,KY11,Fife
lane,55.52654198669174,-4.496988686399279,1677636719,6291,2005,18,Other,Y,847,Sorn,"East Ayrshire",KA5,Ayrshire
lane,55.904376090738296,-4.3529043346234015,1677682215,6294,1978,45,Female,Y,638,"Drumchapel, Glasgow",Glasgow,"Glasgow Northwest",Glasgow
lane,55.82561601812948,-3.862438138380981,1678201856,6323,2005,18,Other,Y,1153,Newarthill,"North Lanarkshire",ML1,Glasgow
lane,55.519348055876335,-4.1197697142214285,1679000051,6340,1992,31,Female,Y,798,Cumnock,"East Ayrshire",KA18,Ayrshire
lane,56.1277694940977,-3.3122772280863337,1679004092,6342,1983,40,Female,Y,1128,Lochgelly,Fife,KY5,Fife
lane,55.43867113792317,-4.045265978638904,1679044369,6351,2006,17,Male,School,798,Cumnock,"East Ayrshire",KA18,Ayrshire
lane,55.52045096431175,-4.524926181694096,1679044789,6352,2006,17,Male,School,845,Catrine,"East Ayrshire",KA5,Ayrshire
lane,56.16624665837487,-3.0591549098624107,1679056578,6355,1994,29,Female,Y,1079,"Kirkcaldy (east: Linktown, Port Brae, Pathhead, Sinclairtown, Smeaton, Gallatown)",Fife,KY1,Fife
lane,56.17648571060261,-3.1509325749520034,1679056601,6361,2008,15,Female,School,1132,"Coaltown of Balgonie",Fife,KY7,Fife
lane,56.2292139273188,-3.1594275957101314,1679056780,6360,2008,15,Female,School,1133,"Glenrothes (centre and east: Pitteuchar, Finglassie, Stenton, Auchmuty, Pitcoudie, Balfarg, Pircairn, Collydean)",Fife,KY7,Fife
lane,56.14269160210446,-3.5425696489131857,1679056931,6398,2008,15,Other,School,1096,"Dunfermline (centre, north, west: Abbey Parks, Lady's Mill, Garvock, Headwell, Kingseathill, Wellwood, Milesmark, Baldridge, Pittencrieff, Baldridgeburn)",Fife,KY12,Fife
lane,56.22779633797917,-3.0902445535084917,1679057063,6377,2008,15,Male,School,1133,"Glenrothes (centre and east: Pitteuchar, Finglassie, Stenton, Auchmuty, Pitcoudie, Balfarg, Pircairn, Collydean)",Fife,KY7,Fife
lane,55.96976364608438,-3.7399987805547337,1679667892,6416,1997,26,Male,Y,377,"Falkirk (centre and south: Arnothill, Bantaskin, Callendar Park, Glen Village, Hallglen, Lionthorn, Tamfourhill, Woodlands)",Falkirk,FK1,"Stirling and Falkirk"
lane,56.06664306519178,-3.26914699704359,1682547855,6444,1997,26,Female,Y,1119,Burntisland,Fife,KY3,Fife
lane,55.1162604681254,-3.2517855566544536,1683012274,1633,1947,75,Male,Y,196,Lockerbie,"Dumfries and Galloway",DG11,"Dumfries and Galloway"
lane,55.787547459299184,-4.576353930095694,1683630985,6468,2010,13,Other,School,1226,Lochwinnoch,Renfrewshire,PA12,Glasgow
lane,55.35087766447684,-4.441356228224282,1683811659,6476,1972,51,Female,Y,853,Dalrymple,"East Ayrshire",KA6,Ayrshire
lane,55.62476177766787,-4.56386735399897,1683916592,6479,1962,61,Female,Y,809,Dundonald,"South Ayrshire",KA2,Ayrshire
lane,57.632397340193194,-2.906306921982585,1685097738,6492,2007,16,Female,School,90,Buckie,Moray,AB56,"North East (Aberdeen)"
lane,55.43790196337565,-4.6762233959398785,1686292431,6503,1989,34,Male,Y,856,"Ayr (Centre)","South Ayrshire",KA7,Ayrshire
lane,55.865252530656655,-4.212920859347578,1686913544,6543,2008,15,Female,School,615,"Bridgeton, Glasgow",Glasgow,"Glasgow Northeast",Glasgow
lane,55.86360587603494,-4.163185712602973,1686921556,6556,2007,16,Female,School,615,"Bridgeton, Glasgow",Glasgow,"Glasgow Northeast",Glasgow
lane,56.493045519774036,-2.9991723065639397,1691097631,6572,1993,30,Male,N,237,"Blackness, Dundee",Dundee,"Dundee Central","Tayside and Angus (Dundee)"
lane,55.57478823997427,-4.3498614833531155,1694507675,6576,2008,15,Other,School,843,Galston,"East Ayrshire",KA4,Ayrshire
lane,56.03096150358432,-2.825437868169066,1694517453,6587,2000,23,Male,N,345,Gullane,"East Lothian",EH31,"Lothian (Edinburgh)"
lane,55.10484869763166,-4.440032322781264,1695037299,6597,2005,18,Male,School,227,Wigtown,"Dumfries and Galloway",DG8,"Dumfries and Galloway"
lane,55.813918238872084,-4.145594073851478,1695208340,6600,2010,13,Male,N,529,Cambuslang,"South Lanarkshire",G72,Glasgow
lane,55.52783775569,-4.592140943275266,1696837057,6625,2002,21,Male,Y,873,Prestwick,"South Ayrshire",KA9,Ayrshire
lane,55.9323760543577,-2.4534411028921363,1697019094,6203,2001,22,Other,Y,359,Dunbar,"East Lothian",EH42,"Lothian (Edinburgh)"
lane,56.046487664685166,-3.3274156416106235,1699908607,6641,2003,20,Other,Y,1119,Burntisland,Fife,KY3,Fife
lane,55.645898252587266,-4.689956059409352,1702382609,6653,1963,60,Male,Y,788,Kilwinning,"North Ayrshire",KA13,Ayrshire
lane,56.4805109581966,-3.0082971146609703,1702413162,6658,1993,30,Male,N,237,"Blackness, Dundee",Dundee,"Dundee Central","Tayside and Angus (Dundee)"
lane,56.0019526905475,-3.5702623601894183,1702432938,6664,1989,34,Male,Y,370,Bo'ness,Falkirk,EH51,"Lothian (Edinburgh)"
lane,56.036053594407555,-3.9312702616642796,1702468626,6684,1995,28,Male,N,452,Denny,Falkirk,FK6,"Stirling and Falkirk"
lane,55.960184018049155,-2.56305977413194,1702514346,6694,1989,34,Male,Y,359,Dunbar,"East Lothian",EH42,"Lothian (Edinburgh)"
lane,55.94714909720712,-3.5082947967088005,1702669222,6698,1975,48,Male,N,371,Broxburn,"West Lothian",EH52,"Lothian (Edinburgh)"
lane,55.81189360769248,-4.506182380618935,1703800006,6703,1961,62,Male,Y,1276,Johnstone,Renfrewshire,PA5,Glasgow
lane,55.62938982690147,-4.6443474569009355,1705835821,6724,1963,61,Male,Y,785,"Irvine (east, south: Perceton, Lawthorn, Girdle Toll, Stanecastle, Bourtreehill, Broomlands, Dreghorn, Springside)","North Ayrshire",KA11,Ayrshire
lane,55.86796895080734,-4.090816740395941,1707040287,6738,1969,55,Female,Y,634,"Maryhill, Glasgow",Glasgow,"Glasgow Northeast",Glasgow
lane,55.54622781898922,-4.241637113762089,1707061659,6739,1997,27,Female,Y,846,Mauchline,"East Ayrshire",KA5,Ayrshire
lane,54.86005623390824,-4.052270890632539,1708171140,6760,1977,47,Male,Y,218,Kirkcudbright,"Dumfries and Galloway",DG6,"Dumfries and Galloway"
lane,55.83700307355456,-3.6961121911135026,1708171203,6759,1983,41,Female,N,366,Whitburn,"West Lothian",EH47,"Lothian (Edinburgh)"
lane,55.764866261249104,-4.65785580845673,1708377507,6761,2002,22,Other,Y,817,Kilbirnie,"North Ayrshire",KA25,Ayrshire
lane,55.39539201125591,-3.905497362669358,1708457594,6800,2004,20,Female,Y,212,Kirkconnel,"Dumfries and Galloway",DG4,"Dumfries and Galloway"
lane,55.05622338774461,-4.305461538771134,1708460581,6802,2004,20,Female,Y,220,"Castle Douglas","Dumfries and Galloway",DG7,"Dumfries and Galloway"
lane,55.85935875958343,-4.6539740690988864,1708552634,6818,1962,62,Male,Y,1224,"Bridge of Weir",Renfrewshire,PA11,Glasgow
lane,55.7870461370389,-3.9902966997803473,1708590723,6819,1988,36,Male,Y,1151,Motherwell,"North Lanarkshire",ML1,Glasgow
lane,55.82474376684644,-4.53107028119924,1708708608,6831,1976,48,Male,Y,1275,Elderslie,Renfrewshire,PA5,Glasgow
lane,55.68163164589213,-4.823036558997362,1708956584,6839,2004,20,Female,Y,813,Ardrossan,"North Ayrshire",KA22,Ayrshire
lane,55.737562277283466,-4.091242395656714,1709047766,6868,2005,19,Male,Y,1183,Hamilton,"South Lanarkshire",ML3,Glasgow
lane,56.47957550203907,-3.021433329125126,1709156086,6876,1962,62,Male,Y,238,"Menzieshill, Dundee",Dundee,"Dundee Central","Tayside and Angus (Dundee)"
lane,55.84924445608986,-4.114351427680038,1709485498,6886,1959,65,Male,Y,634,"Maryhill, Glasgow",Glasgow,"Glasgow Northeast",Glasgow
lane,55.94494904340451,-3.0983812867041727,1710360044,6899,1968,56,Female,N,281,"Portobello, Edinburgh",Edinburgh,"Edinburgh Duddingston","Lothian (Edinburgh)"
lane,56.02765790956969,-2.8204315958802724,1710750372,6901,2000,24,Male,N,345,Gullane,"East Lothian",EH31,"Lothian (Edinburgh)"
lane,55.933899562041695,-3.090011713752406,1710976093,6906,1963,61,Female,Y,330,Musselburgh,"East Lothian",EH21,"Lothian (Edinburgh)"
lane,55.75186530638228,-4.718255224732359,1713369324,6916,1952,72,Male,Y,817,Kilbirnie,"North Ayrshire",KA25,Ayrshire
lane,56.69377064483322,-4.10361094012844,1719430550,6955,1976,48,Female,Y,1329,Pitlochry,"Perth and Kinross",PH16,Fife
lane,55.859604427222145,-4.286767115476294,1727127868,6987,1984,40,Male,N,591,"Hillhead, Glasgow",Glasgow,"Glasgow Kelvin",Glasgow
lane,57.570259530354505,-3.3318818343282572,1728554127,6995,1962,62,Female,N,737,Elgin,Moray,IV30,"North East (Aberdeen)"
lane,55.72276179972836,-4.044620666904465,1730369774,7000,1961,63,Female,Y,1183,Hamilton,"South Lanarkshire",ML3,Glasgow
lane,55.42592011535093,-4.5236294511888735,1730445268,7021,1985,39,Other,Y,852,Dalmellington,"East Ayrshire",KA6,Ayrshire
lane,55.71932551535267,-2.4302893309259814,1730464216,7034,1950,74,Male,N,1419,Greenlaw,"Scottish Borders",TD10,Borders
lane,55.895848760503746,-3.195759425291484,1730490174,7033,1957,67,Male,N,325,"Niddrie, Edinburgh",Edinburgh,"Edinburgh Southeast","Lothian (Edinburgh)"
lane,56.17905389577725,-3.082998352500922,1730724439,7071,1989,35,Male,Y,1140,Leven,Fife,KY8,Fife
lane,55.662081355456166,-4.6754711306289725,1730733634,7074,1974,50,Male,Y,788,Kilwinning,"North Ayrshire",KA13,Ayrshire
lane,56.27028830884349,-2.9247126499217373,1730739880,7075,1989,35,Male,Y,1140,Leven,Fife,KY8,Fife
lane,56.191246513497134,-3.0106764410802,1730744693,7078,1995,29,Male,Y,1140,Leven,Fife,KY8,Fife
lane,55.83039292669997,-3.7056212943453346,1731168998,7089,1970,54,Male,N,366,Whitburn,"West Lothian",EH47,"Lothian (Edinburgh)"
lane,57.65111931212669,-2.8328717637093463,1731358300,7094,1967,57,Female,N,95,Portknockie,Moray,AB56,"North East (Aberdeen)"
lane,57.66107673180279,-3.0067341896449005,1731530457,7097,1982,42,Female,N,90,Buckie,Moray,AB56,"North East (Aberdeen)"
lane,57.610528454040775,-2.8595481862626757,1731532953,7099,1983,41,Female,Y,90,Buckie,Moray,AB56,"North East (Aberdeen)"
lane,56.15428196121648,-3.7718946771466424,1733686873,7127,1954,70,Male,Y,393,Alva,Clackmannanshire,FK12,"Stirling and Falkirk"
lane,56.13357134444879,-3.3681864511401662,1733733304,7143,1965,59,Female,Y,1124,Kelty,Fife,KY4,Fife
lane,56.11258029549459,-3.3764052503416444,1733751777,7145,1969,55,Female,Y,1121,Cowdenbeath,Fife,KY4,Fife
lane,56.0142178940028,-2.820620879979395,1733825437,7157,1984,40,Male,N,348,Prestonpans,"East Lothian",EH32,"Lothian (Edinburgh)"
lane,56.104826008520874,-3.5286875139765206,1733933315,7167,1962,62,Female,Y,1096,"Dunfermline (centre, north, west: Abbey Parks, Lady's Mill, Garvock, Headwell, Kingseathill, Wellwood, Milesmark, Baldridge, Pittencrieff, Baldridgeburn)",Fife,KY12,Fife
lane,56.47420987456081,-2.913921456264501,1733945511,7168,1964,60,Male,N,253,"Pitkerro, Dundee",Dundee,"Dundee North","Tayside and Angus (Dundee)"
lane,55.94925517957585,-3.2701730777134035,1733951059,7169,1969,55,Male,Y,298,"Inverleith, Edinburgh",Edinburgh,"Edinburgh North","Lothian (Edinburgh)"
lane,56.67418686114577,-3.2563163032127047,1733990436,7177,1954,70,Female,Y,1321,Alyth,"Perth and Kinross",PH11,Fife
lane,56.64107984563274,-3.445156324348769,1734175443,7195,1963,61,Female,Y,1318,Blairgowrie,"Perth and Kinross",PH10,Fife
lane,56.07178544374694,-3.8699331825952235,1734293831,7201,1963,61,Female,Y,464,"Stirling (south and east: Braehead, Borestone, Broomridge, Torbrex)",Stirlingshire,FK7,"Stirling and Falkirk"
lane,55.94520556773344,-3.91876631556954,1736862816,7243,2004,21,Female,Y,514,"Cumbernauld (south: Condorrat, Lenziemill, Carbrain, Kildrum, Cumbernauld Village, Abronhill, Seafar)","North Lanarkshire",G67,Glasgow
lane,55.886815451761926,-3.167322371769862,1737495625,7267,1989,36,Female,Y,329,Loanhead,Midlothian,EH20,"Lothian (Edinburgh)"
lane,55.98890586619244,-3.7270817217128354,1741620737,7352,2006,19,Male,Y,422,"Falkirk (north: Grahamston, Middlefield, Westfield)",Falkirk,FK2,"Stirling and Falkirk"
lane,55.90262246077103,-3.8632996145107295,1744803830,7363,2004,21,Female,Y,1192,Airdrie,"North Lanarkshire",ML6,Glasgow
lane,56.48940495266032,-2.930796247308812,1745839044,7367,1963,62,Male,Y,252,"Linlathen and Midcraigie, Dundee",Dundee,"Dundee North","Tayside and Angus (Dundee)"
lane,55.835801899324956,-4.472540791778156,1752043319,7385,1966,59,Male,Y,1275,Elderslie,Renfrewshire,PA5,Glasgow
lane,56.206308476137295,-2.885173698714902,1754700194,7390,1951,74,Female,Y,1142,Methil,Fife,KY8,Fife
lane,55.95767025995685,-3.377652186133213,1760979138,7413,1958,67,Female,Y,301,"Kirkliston, Edinburgh",Edinburgh,"Edinburgh Northwest","Lothian (Edinburgh)"
lane,56.32254325583822,-2.940439825311479,1761127970,7417,1994,31,Other,Y,1105,Cupar,Fife,KY15,Fife
lane,56.13207972535414,-3.7384384114997684,1763650439,7425,1945,80,Male,Y,391,Alloa,Clackmannanshire,FK10,"Stirling and Falkirk"
lane,55.39885090682318,-2.8665371851718673,1763655428,7426,1946,79,Male,N,1493,Hawick,"Scottish Borders",TD9,Borders
lane,55.983370596369014,-3.1677094426500347,1763846060,7431,1962,63,Male,N,284,"Restalrig, Edinburgh",Edinburgh,"Edinburgh Leith","Lothian (Edinburgh)"
lane,55.88282463541674,-3.325470788728539,1763983439,7432,1980,45,Other,Y,309,"Cameron Toll, Edinburgh",Edinburgh,"Edinburgh South","Lothian (Edinburgh)"
lane,55.78151153842576,-3.0692361358590614,1767202065,7449,1951,74,Female,N,338,Gorebridge,Midlothian,EH23,"Lothian (Edinburgh)"
lane,55.9138050941559,-2.616821371277831,1769369453,7482,1949,77,Male,N,359,Dunbar,"East Lothian",EH42,"Lothian (Edinburgh)"
lane,55.84372147690234,-4.433971183909733,1770196310,7498,2011,15,Male,School,1221,Ralston,Renfrewshire,PA1,Glasgow
